date,open,high,low,close,volume,amount
2015-01-05,8.8,8.85,8.4,8.47,13134781.0,111736512.0
2015-01-06,8.43,8.55,8.06,8.52,12954033.0,107340920.0
2015-01-07,8.5,8.76,8.26,8.61,9476434.0,80848408.0
2015-01-08,8.61,8.69,8.45,8.49,5911534.0,50504844.0
2015-01-09,8.51,8.65,8.46,8.5,5293835.0,45301372.0
2015-01-12,8.57,8.57,8.3,8.35,4211844.0,35259464.0
2015-01-13,8.32,8.53,8.3,8.38,3770752.0,31568030.0
2015-01-14,8.38,8.8,8.32,8.6,7277180.0,62487520.0
2015-01-15,8.54,8.54,8.07,8.26,13875634.0,114000568.0
2015-01-16,8.38,9.09,8.3,9.09,21058732.0,187503504.0
2015-01-19,9.2,9.6,8.73,9.18,25965608.0,240071552.0
2015-01-20,9.19,9.58,9.15,9.42,14692571.0,137862512.0
2015-01-21,9.32,9.63,9.21,9.3,16155053.0,151632592.0
2015-01-22,9.32,9.48,9.27,9.46,8973513.0,84442944.0
2015-01-23,9.41,9.75,9.26,9.52,13048022.0,124435576.0
2015-01-26,9.5,10.15,9.49,10.09,25244552.0,250642976.0
2015-07-14,10.59,10.59,9.59,10.59,51848664.0,536768864.0
2015-07-15,10.95,11.12,10.06,10.06,56179760.0,600002368.0
2015-07-16,9.56,9.77,9.56,9.56,40067776.0,383368352.0
2015-07-17,9.17,9.56,9.08,9.2,48815552.0,447746080.0
2015-07-20,9.1,9.66,8.77,9.49,41101488.0,384177024.0
2015-07-21,9.44,9.82,9.17,9.53,20367984.0,195065328.0
2015-07-22,9.55,9.74,9.21,9.42,20006192.0,189747360.0
2015-07-23,9.43,9.52,9.28,9.46,20914924.0,196768864.0
2015-07-24,9.55,9.93,9.53,9.93,29365236.0,290848032.0
2015-07-27,10.1,10.43,9.93,9.95,46151192.0,475454432.0
2015-07-28,9.51,10.4,9.46,10.11,45168256.0,449633120.0
2015-07-29,10.58,10.62,10.2,10.62,44825336.0,473044448.0
2015-07-30,11.15,11.15,10.96,11.15,10587952.0,117960680.0
2015-07-31,11.15,11.71,11.0,11.69,53250976.0,616282112.0
2015-08-03,11.64,11.76,11.11,11.11,21713204.0,245688720.0
2015-08-04,10.59,11.03,10.55,10.87,31285020.0,335375712.0
2015-08-05,10.85,11.41,10.85,11.41,30291084.0,344367584.0
2015-08-06,11.61,11.98,10.99,11.98,34278820.0,394436416.0
2015-08-07,12.2,12.55,12.0,12.22,23506224.0,289318656.0
2015-08-10,12.45,12.83,12.45,12.83,16114889.0,206030960.0
2015-08-11,13.47,13.47,12.61,12.75,36694200.0,482241216.0
2015-08-12,12.64,13.35,12.46,12.83,22517448.0,292413376.0
2015-08-13,12.71,13.47,12.71,13.47,21332724.0,280443456.0
2015-08-14,14.0,14.14,13.6,14.14,26339918.0,369044736.0
2015-08-17,14.4,14.85,14.17,14.85,16887476.0,247926624.0
2015-08-18,15.0,15.59,14.11,14.11,37894448.0,558824704.0
2015-08-19,13.43,14.68,13.4,14.38,36942880.0,504489920.0
2015-08-20,14.33,14.38,13.66,13.66,17795838.0,248231520.0
2015-08-21,13.14,13.18,12.98,12.98,22451448.0,291822720.0
2015-08-24,12.33,12.33,12.33,12.33,2623200.0,32344056.0
2015-08-25,11.71,11.71,11.71,11.71,1465400.0,17159834.0
2015-08-26,11.12,11.48,11.12,11.12,23789300.0,264942304.0
2015-08-27,10.56,11.16,10.56,10.56,31362142.0,334367104.0
2015-08-28,10.9,11.09,10.58,11.09,26839100.0,293261152.0
2015-08-31,11.19,11.42,10.54,10.54,20527768.0,222675552.0
2015-09-01,10.35,10.45,10.01,10.01,4090500.0,41064880.0
2015-09-02,9.51,10.07,9.51,9.51,22910112.0,219232656.0
2015-09-07,9.48,9.87,9.26,9.38,19657404.0,188364944.0
2015-09-08,9.19,9.85,9.18,9.74,13482272.0,129244488.0
2015-09-09,9.83,10.23,9.82,10.23,27537884.0,280455136.0
2015-09-10,10.23,10.35,10.04,10.15,11567553.0,117977824.0
2015-09-11,10.15,10.25,9.87,9.97,11350075.0,114124872.0
2015-09-14,10.05,10.15,9.47,9.47,8647599.0,83139848.0
2015-09-15,9.0,9.05,9.0,9.0,4643000.0,41787444.0
2015-09-16,8.55,9.4,8.55,9.16,19687260.0,171973456.0
2015-09-17,9.01,9.03,8.7,8.7,16154669.0,141542752.0
2015-09-18,8.43,8.6,8.27,8.27,14815614.0,122832392.0
2015-09-21,8.6,8.68,8.15,8.68,14065763.0,120742040.0
2015-09-22,9.1,9.11,8.72,8.84,16778656.0,150827744.0
2015-09-23,8.46,9.28,8.46,9.28,16584925.0,149638000.0
2015-09-24,9.56,9.74,9.28,9.74,22546644.0,216938272.0
2015-09-25,9.85,10.23,9.36,9.74,37872144.0,379869632.0
2015-09-28,9.59,10.23,9.54,10.23,17984768.0,180012816.0
2015-09-29,10.04,10.18,9.72,9.72,21932282.0,215697984.0
2015-09-30,9.95,9.95,9.48,9.72,15308680.0,148612608.0
2015-10-08,10.2,10.21,9.97,10.1,17824360.0,180544512.0
2015-10-09,10.1,10.16,9.66,9.99,14235218.0,140823216.0
2015-10-12,10.12,10.49,10.12,10.49,21955308.0,229458912.0
2015-10-13,10.56,10.75,10.35,10.6,11856712.0,124900584.0
2015-10-14,10.69,10.69,10.2,10.22,14165317.0,146730928.0
2015-10-15,10.3,10.62,10.3,10.53,10838776.0,113761176.0
2015-10-16,10.57,11.06,10.53,11.06,21033792.0,228525984.0
2015-10-19,11.5,11.61,11.4,11.61,8057896.0,93343368.0
2015-10-20,12.19,12.19,11.61,11.97,32092464.0,385999680.0
2015-10-21,11.92,12.3,11.37,11.37,20399736.0,239854416.0
2015-10-22,11.25,11.58,11.05,11.52,19911938.0,224666384.0
2015-10-23,11.64,11.88,11.2,11.7,14780558.0,170807904.0
2015-10-26,11.9,12.05,11.16,11.49,15504736.0,178654176.0
2015-10-27,11.54,12.06,11.38,12.06,19974264.0,235426736.0
2015-10-28,12.1,12.3,11.53,11.61,14632440.0,174486928.0
2015-10-29,11.61,11.94,11.55,11.63,12404356.0,145426256.0
2015-10-30,11.83,12.18,11.7,11.8,13271641.0,158071296.0
2015-11-02,11.53,11.8,11.4,11.55,12109755.0,140565504.0
2015-11-03,11.55,11.69,11.17,11.24,12436449.0,141151056.0
2015-11-04,11.43,11.79,11.2,11.79,16585235.0,189906976.0
2015-11-05,11.9,11.9,11.42,11.51,14489200.0,168568528.0
2015-11-06,11.61,12.04,11.53,11.93,14390896.0,170878256.0
2015-11-09,11.78,12.11,11.78,12.03,16666882.0,199092688.0
2015-11-10,12.15,12.63,12.01,12.49,21852108.0,271920992.0
2015-11-11,12.55,12.64,12.17,12.45,14224845.0,176298016.0
2015-11-12,12.51,12.79,12.31,12.54,12804505.0,160219904.0
2015-11-13,12.54,12.55,11.99,12.05,13815841.0,168616800.0
2015-11-16,12.0,12.25,11.8,12.12,9999132.0,120905448.0
2015-11-17,12.25,12.62,11.97,12.08,10961951.0,134625168.0
2015-11-18,12.15,12.33,12.0,12.0,8735863.0,106066472.0
2015-11-19,12.03,12.15,11.95,12.14,7002133.0,84475824.0
2015-11-20,12.2,12.4,12.11,12.22,9688191.0,118572288.0
2015-11-23,12.28,12.48,11.88,11.98,14080911.0,170815280.0
2015-11-24,11.95,12.03,11.44,11.7,10954800.0,127841944.0
2015-11-25,11.57,11.93,11.57,11.68,10983800.0,128635088.0
2015-11-26,11.7,11.8,11.1,11.38,18779152.0,215274608.0
2015-11-27,11.38,11.56,10.81,10.92,12392459.0,138696672.0
2015-11-30,10.92,11.1,10.37,10.86,11409599.0,122535104.0
2015-12-01,10.87,10.91,10.56,10.74,9765398.0,104674424.0
2015-12-02,10.62,10.89,10.4,10.67,7482852.0,80111208.0
2015-12-03,10.65,11.2,10.65,11.2,6488633.0,71678416.0
2015-12-04,11.5,11.76,11.36,11.75,16778612.0,196425968.0
2015-12-07,11.75,11.97,11.6,11.71,10527514.0,123542096.0
2015-12-08,11.61,11.9,11.46,11.48,9862892.0,115043592.0
2015-12-09,11.38,11.57,11.19,11.31,6816062.0,77253656.0
2015-12-10,11.38,11.88,11.2,11.88,9781885.0,113935312.0
2015-12-11,12.0,12.28,11.76,11.77,13153752.0,157659872.0
2015-12-14,11.6,12.0,11.5,11.94,7523451.0,88264144.0
2015-12-15,11.94,12.35,11.86,12.15,9531218.0,115565696.0
2015-12-16,12.09,12.25,11.98,12.0,5966005.0,72274600.0
2015-12-17,12.1,12.3,12.05,12.1,7309882.0,88509496.0
2015-12-18,12.11,12.2,11.96,11.98,8047881.0,96741672.0
2015-12-21,11.92,12.58,11.85,12.58,21086996.0,262275872.0
2015-12-22,12.57,13.21,12.52,13.21,21670054.0,282018304.0
2015-12-23,13.22,13.45,12.78,12.82,15396483.0,201300688.0
2015-12-24,12.72,13.46,12.72,13.06,13122578.0,172999136.0
2015-12-25,13.06,13.6,12.9,13.43,9605692.0,127804792.0
2015-12-28,13.2,13.46,12.76,12.76,16316818.0,211763040.0
2015-12-29,12.76,12.94,12.61,12.86,7738765.0,98812232.0
2015-12-30,12.86,12.9,12.35,12.52,9460577.0,119382056.0
2015-12-31,12.67,12.75,12.36,12.67,7565136.0,95203384.0
2016-01-04,12.67,12.67,12.04,12.04,8115100.0,98560232.0
2016-01-05,11.44,11.67,11.44,11.44,8635381.0,99025592.0
2016-01-06,11.5,11.5,11.18,11.39,9518414.0,108098032.0
2016-01-07,11.3,11.3,10.82,10.82,1822800.0,19865732.0
2016-01-08,10.51,10.93,10.28,10.29,14554986.0,151288272.0
2016-01-11,10.2,10.2,9.78,9.78,7310500.0,71777952.0
2016-01-12,9.29,9.68,9.29,9.29,10447691.0,97451160.0
2016-01-13,9.42,9.75,8.87,8.91,12885909.0,120338248.0
2016-01-14,8.6,9.19,8.49,9.01,9184986.0,80440288.0
2016-01-15,8.97,9.36,8.56,8.6,12158503.0,107794024.0
2016-01-18,8.3,8.7,8.19,8.53,7904956.0,67105288.0
2016-01-19,8.58,8.96,8.55,8.96,8702580.0,76644504.0
2016-01-20,9.03,9.3,8.9,9.0,9729530.0,88088664.0
2016-01-21,8.85,9.02,8.55,8.55,8273891.0,72348176.0
2016-01-22,8.57,8.97,8.14,8.58,6448148.0,54802700.0
2016-01-25,8.58,8.97,8.58,8.95,8208433.0,72277200.0
2016-01-26,8.8,9.39,8.5,8.51,16464017.0,147699248.0
2016-01-27,8.52,8.85,8.1,8.71,10809840.0,90873864.0
2016-01-28,8.58,8.88,8.27,8.4,9510297.0,82009520.0
2016-01-29,8.4,8.75,8.23,8.69,6061702.0,51991360.0
2016-02-01,8.8,9.06,8.67,8.88,8449569.0,74922888.0
2016-02-02,9.0,9.19,8.93,9.06,5736722.0,52118648.0
2016-02-03,8.98,9.29,8.84,9.22,7101958.0,64537940.0
2016-02-04,9.22,9.6,9.05,9.11,11797622.0,110065280.0
2016-02-05,9.11,9.48,9.06,9.35,8998697.0,84009144.0
2016-02-15,9.0,9.37,8.91,9.32,7418661.0,68315656.0
2016-02-16,9.35,9.79,9.35,9.72,8145458.0,78295208.0
2016-02-17,9.63,10.21,9.63,10.21,10091735.0,100445032.0
2016-02-18,10.35,10.45,10.06,10.1,8333760.0,85018696.0
2016-02-19,10.14,10.28,10.0,10.14,5422844.0,54972732.0
2016-02-22,10.4,10.56,10.25,10.3,6901281.0,71608648.0
2016-02-23,10.32,10.4,9.99,10.08,7322942.0,74213752.0
2016-02-24,10.07,10.28,9.9,10.07,7824137.0,78888576.0
2016-02-25,10.15,10.23,9.57,9.57,11907650.0,117182872.0
2016-02-26,9.32,9.51,9.09,9.13,12952154.0,118706736.0
2016-02-29,9.05,9.12,8.67,8.67,7299475.0,63760812.0
2016-03-01,8.55,8.84,8.42,8.79,7847990.0,67883408.0
2016-03-02,8.76,9.22,8.7,9.18,7071190.0,63458372.0
2016-03-03,9.28,9.64,9.21,9.6,14505633.0,137918320.0
2016-03-04,9.54,9.73,9.15,9.24,8646843.0,81223176.0
2016-03-07,9.42,9.7,9.31,9.45,6057140.0,57632820.0
2016-03-08,9.56,9.66,9.15,9.63,6959952.0,65839772.0
2016-03-09,9.53,9.69,9.32,9.37,5752644.0,54440628.0
2016-03-10,9.37,9.51,9.06,9.06,4290888.0,39827688.0
2016-03-11,8.95,9.11,8.85,9.0,4830254.0,43391028.0
2016-03-14,9.15,9.45,9.09,9.45,8293415.0,77869208.0
2016-03-15,9.46,9.58,9.3,9.35,7204650.0,67905976.0
2016-03-16,9.52,9.63,9.31,9.57,8526357.0,80864488.0
2016-03-17,9.56,9.68,9.38,9.66,10488085.0,100458680.0
2016-03-18,9.71,10.01,9.61,9.83,9028798.0,88785704.0
2016-03-21,9.85,10.15,9.82,10.0,9373601.0,93528400.0
2016-03-22,9.9,9.95,9.79,9.83,6501625.0,64037268.0
2016-03-23,9.74,10.06,9.67,9.89,6253593.0,61885124.0
2016-03-24,9.7,10.38,9.7,10.01,13741182.0,139498144.0
2016-03-25,10.03,10.48,10.0,10.42,11590711.0,118498520.0
2016-03-28,10.51,10.8,10.39,10.46,11693907.0,123770472.0
2016-03-29,10.39,10.43,10.0,10.13,8375409.0,85338648.0
2016-03-30,10.23,10.63,10.16,10.6,9188668.0,95407136.0
2016-03-31,10.41,10.54,10.3,10.34,8517165.0,88503728.0
2016-04-01,10.19,10.49,10.15,10.47,7501885.0,76972424.0
2016-04-05,10.48,10.55,10.3,10.48,11140192.0,116674424.0
2016-04-06,10.43,10.63,10.37,10.59,11179972.0,117667056.0
2016-04-07,10.5,10.6,10.21,10.3,9055991.0,94189072.0
2016-04-08,10.27,10.49,10.18,10.38,9904922.0,102344888.0
2016-04-12,10.42,11.42,10.42,11.37,50333164.0,560437120.0
2016-04-13,11.01,11.38,10.93,11.15,33302356.0,369752128.0
2016-04-14,11.03,11.14,10.9,11.05,15157660.0,167018160.0
2016-04-15,11.12,11.29,11.03,11.08,9456042.0,105345128.0
2016-04-18,11.0,11.03,10.5,10.51,10897998.0,116021024.0
2016-04-19,10.51,10.67,10.26,10.36,11046279.0,114731408.0
2016-04-20,10.43,10.51,9.4,9.61,14886417.0,147536624.0
2016-04-21,9.47,9.63,9.2,9.24,15619696.0,146582384.0
2016-04-22,9.22,9.39,9.12,9.38,6500431.0,60462028.0
2016-04-25,9.42,9.42,9.08,9.3,7942586.0,73261392.0
2016-04-26,9.39,9.49,9.22,9.41,5819525.0,54335348.0
2016-04-27,9.42,9.6,9.36,9.44,6670200.0,63227968.0
2016-04-28,9.49,9.53,9.1,9.3,6086218.0,56518888.0
2016-04-29,9.34,9.5,9.2,9.28,5782400.0,53989016.0
2016-05-03,9.25,10.21,9.25,10.18,32652500.0,330099776.0
2016-05-04,9.97,9.98,9.7,9.71,27314356.0,268611872.0
2016-05-05,9.72,10.1,9.67,9.97,17371672.0,172487024.0
2016-05-06,9.97,10.05,9.59,9.59,10670874.0,104432736.0
2016-05-09,9.6,9.82,9.3,9.53,12176434.0,116924672.0
2016-05-10,9.86,10.14,9.67,9.72,20193010.0,199668528.0
2016-05-11,9.6,9.77,9.35,9.43,11966475.0,113761576.0
2016-05-12,9.4,9.78,9.27,9.71,12302239.0,117603128.0
2016-05-13,9.75,9.8,9.47,9.55,7360671.0,71024104.0
2016-05-16,9.57,9.6,9.36,9.58,5218698.0,49523360.0
2016-05-17,9.54,9.83,9.48,9.7,9021029.0,87283112.0
2016-05-18,9.65,9.65,9.27,9.37,6963749.0,65626268.0
2016-05-19,9.37,9.55,9.31,9.35,4371240.0,41247464.0
2016-05-20,9.33,10.29,9.08,9.7,10437284.0,100707568.0
2016-05-23,9.65,10.08,9.6,10.02,11333630.0,111778112.0
2016-05-24,9.95,10.16,9.81,9.95,12147415.0,121699400.0
2016-05-25,10.01,10.16,9.79,9.86,6344628.0,63167284.0
2016-05-26,9.87,9.88,9.4,9.74,7064959.0,67863240.0
2016-05-27,9.71,9.95,9.62,9.82,5390355.0,52745584.0
2016-05-30,9.71,9.77,9.61,9.61,4021449.0,38929932.0
2016-05-31,9.78,9.99,9.76,9.95,7600746.0,75168496.0
2016-06-01,9.98,10.15,9.89,10.01,10404083.0,104552040.0
2016-06-02,10.05,10.46,10.05,10.2,10428957.0,106781648.0
2016-06-03,10.26,10.26,10.01,10.12,8214726.0,83068456.0
2016-06-06,10.14,10.29,10.1,10.19,9014141.0,91838696.0
2016-06-07,10.2,10.25,10.04,10.17,5205215.0,52758760.0
2016-06-08,10.17,10.18,9.97,10.15,4670766.0,47026568.0
2016-06-13,9.95,10.03,9.48,9.56,6967583.0,68557256.0
2016-06-14,9.51,9.63,9.45,9.52,4652604.0,44326092.0
2016-06-15,9.5,9.84,9.45,9.72,5481291.0,53163596.0
2016-06-16,9.75,9.94,9.58,9.78,4640305.0,45574752.0
2016-06-17,9.78,9.9,9.68,9.69,4513797.0,44145492.0
2016-06-20,9.69,9.75,9.53,9.64,3696617.0,35576836.0
2016-06-21,9.73,9.87,9.46,9.51,4593300.0,44469540.0
2016-06-22,9.43,9.62,9.43,9.58,3761324.0,35841264.0
2016-06-23,9.58,9.69,9.54,9.58,5027504.0,48294936.0
2016-06-24,9.58,9.66,8.8,9.36,6208463.0,58603776.0
2016-06-27,9.5,9.74,9.45,9.7,6408584.0,61760984.0
2016-06-28,9.65,9.7,9.56,9.68,5310939.0,51175392.0
2016-06-29,9.71,9.79,9.59,9.64,6041267.0,58566448.0
2016-06-30,9.65,9.71,9.6,9.68,4232498.0,40866540.0
2016-07-01,9.7,9.73,9.55,9.56,3717618.0,35722084.0
2016-07-04,9.61,10.3,9.6,10.07,16823168.0,168030160.0
2016-07-05,10.1,10.27,10.0,10.15,11302968.0,114363520.0
2016-07-06,10.1,10.25,9.96,10.13,10689168.0,107825360.0
2016-07-07,10.2,10.56,10.16,10.26,14070714.0,145128000.0
2016-07-08,10.28,10.33,10.08,10.31,7855875.0,79969128.0
2016-07-11,10.29,10.45,10.05,10.08,8299861.0,84606152.0
2016-07-12,10.08,10.15,9.9,10.14,6724162.0,67555192.0
2016-07-13,10.25,10.47,10.15,10.2,8145732.0,83753000.0
2016-07-14,10.12,10.2,9.95,10.03,8271798.0,82859352.0
2016-07-15,10.04,10.08,9.87,9.89,7662781.0,76055080.0
2016-07-18,9.93,9.94,9.69,9.73,7866214.0,77320360.0
2016-07-19,9.72,10.36,9.64,10.29,20527584.0,207109264.0
2016-07-20,10.12,10.24,10.02,10.05,11135215.0,112424312.0
2016-07-21,10.06,10.15,9.97,9.99,7282816.0,73121008.0
2016-07-22,9.98,10.04,9.88,9.89,5098198.0,50668564.0
2016-07-25,9.61,9.96,9.61,9.78,6126628.0,60014384.0
2016-07-26,9.71,9.87,9.71,9.82,5000067.0,49018520.0
2016-07-27,9.82,10.1,9.43,9.61,13188498.0,129615456.0
2016-07-28,9.6,9.79,9.5,9.6,5822166.0,55894560.0
2016-07-29,9.6,9.66,9.37,9.4,6182306.0,58846496.0
2016-08-01,9.4,9.4,9.16,9.24,5345404.0,49384888.0
2016-08-02,9.26,9.34,9.08,9.21,5450060.0,50116072.0
2016-08-03,9.2,9.37,9.1,9.23,4260971.0,39413100.0
2016-08-04,9.3,9.47,9.2,9.35,4429759.0,41348020.0
2016-08-05,9.35,9.45,9.03,9.1,6645100.0,61160960.0
2016-08-08,9.14,9.45,9.02,9.36,5459588.0,50661392.0
2016-08-09,9.36,9.41,9.28,9.4,3692470.0,34519788.0
2016-08-10,9.4,9.58,9.36,9.41,4285947.0,40497220.0
2016-08-11,9.4,9.54,9.31,9.33,3142034.0,29514740.0
2016-08-12,9.31,9.6,9.15,9.5,6438621.0,60021152.0
2016-08-15,9.4,9.64,9.37,9.58,8255466.0,78709816.0
2016-08-16,9.71,9.78,9.58,9.61,8611433.0,83001992.0
2016-08-17,9.6,9.65,9.42,9.5,6492290.0,61667232.0
2016-08-18,9.5,9.53,9.39,9.48,6714449.0,63374320.0
2016-08-19,9.45,9.47,9.36,9.45,3769170.0,35467160.0
2016-08-22,9.46,9.47,9.25,9.27,5033826.0,46995256.0
2016-08-23,9.27,9.37,9.25,9.28,2937805.0,27305802.0
2016-08-24,9.33,9.47,9.28,9.38,5112397.0,47886760.0
2016-08-25,9.33,9.33,9.2,9.22,4335623.0,40085576.0
2016-08-26,9.22,9.53,9.22,9.4,7430739.0,69740368.0
2016-08-29,9.41,10.34,9.31,10.34,33928516.0,343347680.0
2016-08-30,10.4,10.49,9.93,10.04,40430376.0,409623584.0
2016-08-31,9.93,10.08,9.76,9.99,20380596.0,202251104.0
2016-09-01,9.91,9.99,9.79,9.79,12813283.0,126569200.0
2016-09-02,9.73,9.85,9.61,9.8,11280036.0,109674072.0
2016-09-05,9.79,10.02,9.73,9.96,15029132.0,149004464.0
2016-09-06,9.88,10.58,9.78,10.38,29875186.0,305280032.0
2016-09-07,10.37,11.17,10.25,10.72,45383308.0,486988192.0
2016-09-08,10.61,11.06,10.4,10.83,31283544.0,336125920.0
2016-09-09,10.7,10.85,10.5,10.69,19721520.0,209764016.0
2016-09-12,10.29,10.66,10.18,10.58,21402044.0,223361600.0
2016-09-13,10.57,10.84,10.42,10.8,20783764.0,221085392.0
2016-09-14,10.78,10.78,10.2,10.2,20136052.0,210059152.0
2016-09-19,10.19,10.33,10.1,10.27,9141032.0,93267080.0
2016-09-20,10.31,10.52,10.12,10.18,11254449.0,116261640.0
2016-09-21,10.16,10.28,10.11,10.15,6885150.0,70066736.0
2016-09-22,10.25,10.44,10.15,10.19,8515022.0,87334136.0
2016-09-23,10.21,10.37,10.15,10.19,9906093.0,101494464.0
2016-09-26,10.17,10.19,9.6,9.6,15235248.0,150612624.0
2016-09-27,9.55,9.64,9.31,9.55,10456693.0,99076208.0
2016-09-28,9.56,9.6,9.43,9.55,5157690.0,49164376.0
2016-09-29,9.56,9.72,9.53,9.65,5309260.0,51106820.0
2016-09-30,9.65,9.76,9.58,9.7,4296579.0,41655424.0
2016-10-10,9.8,9.87,9.67,9.81,6163607.0,60259252.0
2016-10-11,9.8,10.13,9.77,10.03,12736774.0,127633992.0
2016-10-12,10.06,10.06,9.85,9.88,5594345.0,55533712.0
2016-10-13,9.91,9.95,9.8,9.87,5588103.0,55062004.0
2016-10-14,9.99,10.24,9.95,10.08,11855452.0,119542960.0
2016-10-17,10.03,10.05,9.71,9.8,8916714.0,88154496.0
2016-10-18,9.75,9.85,9.7,9.85,7181636.0,70261600.0
2016-10-19,9.86,9.9,9.7,9.75,6560796.0,64138920.0
2016-10-20,9.73,9.81,9.71,9.79,4015819.0,39189656.0
2016-10-21,9.77,9.77,9.53,9.69,5837392.0,56388888.0
2016-10-24,9.67,9.78,9.66,9.74,4445990.0,43270888.0
2016-10-25,9.7,9.7,9.56,9.59,8468765.0,81248904.0
2016-10-26,9.61,9.66,9.55,9.59,4443111.0,42631352.0
2016-10-27,9.59,9.61,9.5,9.58,4167225.0,39758492.0
2016-10-28,9.58,9.62,9.51,9.52,3791406.0,36273504.0
2016-10-31,9.52,9.52,9.32,9.4,4829988.0,45344844.0
2016-11-01,9.4,9.47,9.35,9.44,6072140.0,57150880.0
2016-11-02,9.43,9.44,9.33,9.35,3886177.0,36434652.0
2016-11-03,9.33,9.38,9.24,9.3,8230774.0,76588168.0
2016-11-04,9.33,9.38,9.28,9.38,4935077.0,46057924.0
2016-11-07,9.37,9.37,9.28,9.3,4116142.0,38365060.0
2016-11-08,9.33,9.44,9.29,9.38,4931922.0,46138992.0
2016-11-09,9.37,9.39,9.12,9.23,6197994.0,57442744.0
2016-11-10,9.34,9.51,9.34,9.44,8335066.0,78670312.0
2016-11-11,9.5,9.5,9.37,9.39,6344618.0,59647368.0
2016-11-14,9.4,9.42,9.31,9.35,7003705.0,65470952.0
2016-11-15,9.44,9.66,9.35,9.56,15266326.0,145240720.0
2016-11-16,9.53,9.6,9.46,9.49,6577335.0,62554724.0
2016-11-17,9.49,9.49,9.35,9.37,6639284.0,62261508.0
2016-11-18,9.36,9.43,9.34,9.38,4718877.0,44244880.0
2016-11-21,9.39,9.39,9.31,9.32,5385133.0,50334580.0
2016-11-22,9.32,9.38,9.28,9.38,5877241.0,54826804.0
2016-11-23,9.37,9.38,9.26,9.32,5887900.0,54952000.0
2016-11-24,9.34,9.34,9.17,9.23,7761502.0,71703192.0
2016-11-25,9.28,9.28,9.02,9.18,7438908.0,67862464.0
2016-11-28,9.18,9.25,9.14,9.19,5149808.0,47379128.0
2016-11-29,9.2,9.3,9.11,9.13,6211763.0,57234296.0
2016-11-30,9.13,9.19,9.09,9.14,4340842.0,39667668.0
2016-12-01,9.12,9.21,9.0,9.11,5534501.0,50488956.0
2016-12-02,9.02,9.13,9.01,9.02,5773490.0,52206268.0
2016-12-05,8.95,9.01,8.87,8.88,4769188.0,42590408.0
2016-12-06,8.89,8.95,8.89,8.95,2697400.0,24065782.0
2016-12-07,8.95,9.05,8.88,9.05,4066721.0,36390268.0
2016-12-08,9.04,9.05,8.9,8.93,3410068.0,30587224.0
2016-12-09,8.9,8.97,8.87,8.88,3962600.0,35306572.0
2016-12-12,8.91,8.94,8.39,8.39,8182711.0,70370416.0
2016-12-13,8.39,8.45,8.27,8.39,4803295.0,40043476.0
2016-12-14,8.38,8.38,8.16,8.22,6040360.0,49948272.0
2016-12-15,8.2,8.37,8.17,8.25,5539335.0,45789872.0
2016-12-16,8.24,8.43,8.19,8.34,6106606.0,50833196.0
2016-12-19,8.3,8.51,8.29,8.32,6537578.0,54805500.0
2016-12-20,8.32,8.37,8.24,8.31,3186265.0,26438074.0
2016-12-21,8.3,8.37,8.27,8.33,3378728.0,28109980.0
2016-12-22,8.37,8.5,8.32,8.46,8036365.0,67509016.0
2016-12-23,8.42,8.47,8.28,8.29,5113543.0,42663340.0
2016-12-26,8.29,8.33,8.08,8.29,4701275.0,38510884.0
2016-12-27,8.3,8.42,8.3,8.36,3904418.0,32604278.0
2016-12-28,8.55,9.2,8.45,8.9,30321580.0,272376800.0
2016-12-29,8.67,8.67,8.4,8.54,17856112.0,152786544.0
2016-12-30,8.5,8.54,8.32,8.32,9442194.0,79329608.0
2017-01-03,8.32,8.46,8.28,8.41,5337356.0,44702392.0
2017-01-04,8.39,8.67,8.35,8.6,9690491.0,82970072.0
2017-01-05,8.56,8.71,8.52,8.54,5922331.0,50853696.0
2017-01-06,8.55,8.6,8.49,8.56,4349237.0,37105440.0
2017-01-09,8.57,8.61,8.54,8.56,3247568.0,27839218.0
2017-01-10,8.57,8.59,8.46,8.47,3889814.0,33088138.0
2017-01-11,8.47,8.5,8.39,8.4,2874360.0,24241530.0
2017-01-12,8.41,8.43,8.28,8.31,3957342.0,33030204.0
2017-01-13,8.35,8.35,8.12,8.16,2945900.0,24252310.0
2017-01-16,8.16,8.2,7.4,7.85,6678862.0,52927040.0
2017-01-17,7.84,7.95,7.71,7.85,2924883.0,22941786.0
2017-01-18,7.84,7.87,7.8,7.81,1587793.0,12429070.0
2017-01-19,7.81,7.82,7.63,7.65,2860491.0,22045994.0
2017-01-20,7.66,7.74,7.65,7.68,3272015.0,25196828.0
2017-01-23,7.68,7.83,7.68,7.8,4825852.0,37386644.0
2017-01-24,7.78,8.17,7.77,8.01,6237852.0,49510936.0
2017-01-25,8.0,8.15,7.85,7.98,3727692.0,29669662.0
2017-01-26,7.9,8.06,7.9,8.0,1652523.0,13209545.0
2017-02-03,8.05,8.05,7.93,7.97,1236252.0,9851344.0
2017-02-06,7.93,8.06,7.9,8.02,2419678.0,19315002.0
2017-02-07,8.03,8.04,7.94,7.97,1802800.0,14379795.0
2017-02-08,7.97,7.98,7.86,7.98,2788317.0,22099192.0
2017-02-09,7.98,8.12,7.94,8.07,2671999.0,21507624.0
2017-02-10,8.09,8.12,8.01,8.06,3468923.0,27969862.0
2017-02-13,8.03,8.07,7.99,8.06,3514141.0,28223804.0
2017-02-14,8.07,8.08,8.02,8.03,2398672.0,19280068.0
2017-02-15,8.03,8.03,7.83,7.85,6726275.0,53198616.0
2017-02-16,7.79,7.88,7.79,7.86,4436282.0,34789904.0
2017-02-17,7.85,7.87,7.74,7.74,4088784.0,31866672.0
2017-02-20,7.78,7.95,7.74,7.9,5713285.0,45003756.0
2017-02-21,7.9,7.97,7.85,7.9,4174079.0,33052864.0
2017-02-22,7.91,7.97,7.9,7.95,3747266.0,29717564.0
2017-02-23,7.95,8.2,7.93,8.13,9199859.0,74587864.0
2017-02-24,8.12,8.15,8.05,8.13,4247114.0,34368908.0
2017-02-27,8.11,8.16,8.05,8.09,3538540.0,28694412.0
2017-02-28,8.09,8.1,8.03,8.09,2784683.0,22463140.0
2017-03-01,8.1,8.14,8.03,8.13,2942038.0,23838096.0
2017-03-02,8.13,8.15,7.97,7.99,4662737.0,37470688.0
2017-03-03,7.95,8.02,7.95,7.97,2749886.0,21952076.0
2017-03-06,7.97,8.21,7.97,8.17,4870949.0,39568148.0
2017-03-07,8.19,8.29,8.13,8.17,4055314.0,33210788.0
2017-03-08,8.17,8.25,8.12,8.17,3502487.0,28702788.0
2017-03-09,8.14,8.29,8.14,8.24,5774951.0,47575756.0
2017-03-10,8.27,8.27,8.06,8.1,4771390.0,38778348.0
2017-03-13,8.08,8.14,8.04,8.13,3228806.0,26152146.0
2017-03-14,8.12,8.16,8.04,8.06,3366444.0,27197506.0
2017-03-15,8.06,8.11,8.0,8.08,4797609.0,38629064.0
2017-03-16,8.08,8.16,8.06,8.12,3639481.0,29550684.0
2017-03-17,8.13,8.15,8.0,8.02,4951703.0,40011552.0
2017-03-20,8.0,8.07,7.97,8.03,2913945.0,23343936.0
2017-03-21,7.96,8.45,7.96,8.38,18084550.0,150618352.0
2017-03-22,8.26,8.31,8.13,8.18,10887380.0,89244784.0
2017-03-23,8.15,8.21,8.01,8.07,6651607.0,53915668.0
2017-03-24,8.07,8.1,8.0,8.06,5178936.0,41601420.0
2017-03-27,8.02,8.05,7.91,7.91,4903682.0,39025236.0
2017-03-28,7.9,7.95,7.8,7.82,4152589.0,32613322.0
2017-03-29,7.83,7.88,7.8,7.8,3003813.0,23513202.0
2017-03-30,7.83,7.83,7.48,7.5,6189021.0,47112528.0
2017-03-31,7.5,7.61,7.5,7.56,2597128.0,19649948.0
2017-04-05,7.65,7.96,7.65,7.81,7925098.0,62252556.0
2017-04-06,7.79,7.82,7.69,7.74,6100540.0,47254412.0
2017-04-07,7.78,8.38,7.73,8.15,18029468.0,145796304.0
2017-04-10,8.06,8.97,8.04,8.37,25846096.0,219687184.0
2017-04-11,8.3,8.62,8.1,8.61,24483496.0,205852016.0
2017-04-12,8.55,8.91,8.52,8.6,24044798.0,210175760.0
2017-04-13,8.55,9.09,8.43,8.9,27934000.0,247039184.0
2017-04-14,8.85,8.85,8.41,8.55,16342212.0,140662528.0
2017-04-17,8.5,8.7,8.17,8.28,14328521.0,119910864.0
2017-04-18,8.32,8.44,8.16,8.16,11138039.0,92149880.0
2017-04-19,8.19,8.19,7.91,8.07,10922096.0,87282304.0
2017-04-20,8.2,8.38,8.03,8.13,9732891.0,79756120.0
2017-04-21,8.06,8.18,7.95,7.95,7012772.0,56209260.0
2017-04-24,7.91,7.96,7.5,7.66,7458522.0,57356712.0
2017-04-25,7.69,7.78,7.54,7.6,6372260.0,48731560.0
2017-04-26,7.68,7.74,7.56,7.7,4876730.0,37310124.0
2017-04-27,7.99,8.47,7.82,7.99,14879763.0,120922392.0
2017-04-28,7.91,8.21,7.84,8.09,10190508.0,81800240.0
2017-05-02,8.07,8.25,7.88,8.18,8354361.0,67780384.0
2017-05-03,8.22,8.26,8.01,8.03,6756709.0,54868108.0
2017-05-04,8.03,8.55,8.0,8.39,17112532.0,141973136.0
2017-05-05,8.33,8.45,8.08,8.11,12274885.0,100755224.0
2017-05-08,8.12,8.18,7.8,7.8,7582545.0,60432752.0
2017-05-09,7.76,7.87,7.67,7.8,4662392.0,36237396.0
2017-05-10,7.83,8.15,7.74,7.74,5501388.0,43480080.0
2017-05-11,7.65,7.74,7.07,7.23,12039397.0,88502888.0
2017-05-12,7.28,7.35,7.06,7.15,6032001.0,43307316.0
2017-05-15,7.15,7.23,7.15,7.18,2553990.0,18343226.0
2017-05-16,7.18,7.35,7.07,7.3,6371902.0,45908180.0
2017-05-17,7.3,7.98,7.27,7.7,15167164.0,115226040.0
2017-05-18,7.58,7.9,7.51,7.55,7067035.0,53806660.0
2017-05-19,7.53,7.63,7.45,7.47,3428549.0,25741480.0
2017-05-22,7.47,7.57,7.28,7.3,3434240.0,25406992.0
2017-05-23,7.3,7.65,7.1,7.28,10857559.0,80144296.0
2017-05-24,7.13,7.55,7.06,7.35,7057123.0,51114464.0
2017-05-25,7.31,7.37,7.16,7.31,7190052.0,52216252.0
2017-05-26,7.26,7.4,7.2,7.26,5660115.0,41214592.0
2017-05-31,7.28,7.33,7.11,7.14,4403586.0,31831470.0
2017-06-01,7.19,7.19,6.43,6.6,13363152.0,90093680.0
2017-06-02,6.58,7.05,6.47,6.87,9977453.0,67341440.0
2017-06-05,7.01,7.45,6.9,6.98,13721529.0,97680296.0
2017-06-06,6.88,6.96,6.6,6.75,10670700.0,71877536.0
2017-06-07,6.68,7.18,6.67,7.17,13193272.0,91581232.0
2017-06-08,7.13,7.22,6.99,7.18,7119290.0,50397288.0
2017-06-09,7.16,7.45,7.09,7.09,12011607.0,86701576.0
2017-06-12,7.0,7.0,6.79,6.9,7642664.0,52485908.0
2017-06-13,6.85,6.97,6.85,6.91,3838565.0,26589360.0
2017-06-14,6.94,6.95,6.8,6.84,3951300.0,27095660.0
2017-06-15,6.83,6.92,6.8,6.88,4371600.0,29994530.0
2017-06-16,6.88,7.05,6.75,6.92,6959101.0,47936040.0
2017-06-19,6.84,6.9,6.81,6.86,3830126.0,26223996.0
2017-06-20,6.86,7.0,6.84,6.89,4800500.0,33195470.0
2017-06-21,6.86,6.98,6.81,6.95,6464937.0,44650092.0
2017-06-22,6.95,6.98,6.8,6.84,7053165.0,48698492.0
2017-06-23,6.81,6.84,6.6,6.74,6436196.0,43231456.0
2017-06-26,6.75,6.87,6.71,6.86,3991832.0,27128806.0
2017-06-27,6.86,7.08,6.77,7.08,8873142.0,61541196.0
2017-06-28,7.01,7.01,6.8,6.92,6685343.0,45960244.0
2017-06-29,6.88,7.17,6.85,7.0,8632981.0,60422504.0
2017-06-30,6.98,7.15,6.95,7.02,8057786.0,56663668.0
2017-07-03,7.05,7.05,6.93,7.0,4527302.0,31605310.0
2017-07-04,6.98,7.0,6.83,6.86,5099000.0,35139208.0
2017-07-05,6.85,6.94,6.81,6.91,3317608.0,22807072.0
2017-07-06,6.9,6.92,6.8,6.84,3691138.0,25268280.0
2017-07-07,6.81,6.86,6.79,6.83,2917793.0,19905840.0
2017-07-10,6.81,6.84,6.75,6.81,3451530.0,23419852.0
2017-07-11,6.81,6.84,6.75,6.75,1981606.0,13462077.0
2017-07-12,6.76,6.78,6.59,6.68,3771392.0,25109578.0
2017-07-13,6.67,6.73,6.62,6.7,2860136.0,19049026.0
2017-07-14,6.7,6.7,6.56,6.6,3003600.0,19865840.0
2017-07-17,6.62,6.62,6.1,6.34,6495900.0,40906320.0
2017-07-18,6.34,6.34,6.16,6.24,3766820.0,23431678.0
2017-07-19,6.22,6.68,6.18,6.6,10070889.0,65560972.0
2017-07-20,6.72,6.77,6.38,6.44,7971957.0,52018456.0
2017-07-21,6.35,6.42,6.3,6.31,4680544.0,29640140.0
2017-07-24,6.27,6.42,6.25,6.37,3249551.0,20521034.0
2017-07-25,6.36,6.38,6.28,6.29,2262482.0,14285560.0
2017-07-26,6.3,6.33,6.23,6.27,1949200.0,12243321.0
2017-07-27,6.27,6.35,6.22,6.31,3783250.0,23847934.0
2017-07-28,6.29,6.37,6.28,6.33,2772807.0,17562266.0
2017-07-31,6.35,6.38,6.3,6.32,3320800.0,21021498.0
2017-08-01,6.32,6.49,6.3,6.37,3845949.0,24471430.0
2017-08-02,6.36,6.46,6.34,6.38,4911137.0,31447874.0
2017-08-03,6.43,7.02,6.38,6.82,24522696.0,165519888.0
2017-08-04,7.0,7.2,6.78,6.8,24678860.0,171995008.0
2017-08-07,6.83,7.3,6.64,7.12,24704936.0,174001632.0
2017-08-08,7.0,7.06,6.82,6.9,15431239.0,106607464.0
2017-08-09,6.82,6.88,6.73,6.76,8465042.0,57420672.0
2017-08-10,6.71,6.76,6.59,6.66,7901239.0,52729936.0
2017-08-11,6.67,6.75,6.61,6.68,6776710.0,45304796.0
2017-08-14,6.65,6.94,6.65,6.86,7942945.0,54308648.0
2017-08-15,6.86,7.06,6.76,6.92,8132895.0,56181072.0
2017-08-16,6.86,6.93,6.8,6.85,5954562.0,40703704.0
2017-08-17,6.82,7.18,6.82,7.03,16595640.0,116828576.0
2017-08-18,7.08,7.33,7.02,7.14,20470402.0,146644192.0
2017-08-21,7.5,7.5,7.12,7.13,13634637.0,98884760.0
2017-08-22,7.07,7.13,7.03,7.08,8432230.0,59663512.0
2017-08-23,7.1,7.27,7.01,7.02,7794700.0,55614204.0
2017-08-24,7.0,7.04,6.85,6.88,6557345.0,45280160.0
2017-08-25,6.86,6.94,6.84,6.91,5514901.0,37999724.0
2017-08-28,6.83,6.95,6.83,6.9,6799832.0,46936700.0
2017-08-29,6.89,7.08,6.86,7.0,7162518.0,50001912.0
2017-08-30,6.96,7.01,6.83,6.87,7010602.0,48278116.0
2017-08-31,6.84,6.94,6.81,6.87,6259320.0,42901100.0
2017-09-01,6.86,6.88,6.81,6.83,4374602.0,29925780.0
2017-09-04,6.81,6.86,6.78,6.83,4964599.0,33848736.0
2017-09-05,6.83,6.91,6.78,6.83,4282507.0,29239682.0
2017-09-06,6.82,6.82,6.73,6.74,5431427.0,36756176.0
2017-09-07,6.78,6.85,6.7,6.73,4703910.0,31840944.0
2017-09-08,6.74,6.79,6.66,6.69,4577701.0,30670756.0
2017-09-11,6.62,6.67,6.52,6.63,5480418.0,36153188.0
2017-09-12,6.65,6.69,6.57,6.61,5099685.0,33754764.0
2017-09-13,6.66,7.27,6.65,7.27,35415640.0,249327120.0
2017-09-14,7.17,7.28,6.97,7.04,27891412.0,197855840.0
2017-09-15,7.0,7.29,6.92,7.11,24551732.0,175818512.0
2017-09-18,6.93,7.07,6.93,7.02,11972187.0,83627016.0
2017-09-19,7.0,7.39,6.96,7.21,17733878.0,128252384.0
2017-09-20,7.2,7.25,7.0,7.15,11651446.0,82931840.0
2017-09-21,7.1,7.13,7.03,7.06,7060000.0,49957688.0
2017-09-22,7.02,7.21,7.02,7.12,8664033.0,61837452.0
2017-09-25,7.12,7.13,6.8,6.88,8856246.0,61552328.0
2017-09-26,6.87,6.95,6.78,6.84,4711400.0,32304384.0
2017-09-27,6.86,6.87,6.74,6.82,5685877.0,38660632.0
2017-09-28,6.82,6.88,6.68,6.68,6122644.0,41432228.0
2017-09-29,6.68,7.1,6.64,7.09,13346585.0,92823392.0
2017-10-09,7.05,7.09,6.93,7.01,10114302.0,70731776.0
2017-10-10,6.97,7.07,6.92,7.04,6330409.0,44250476.0
2017-10-11,7.04,7.04,6.9,6.9,5673233.0,39431172.0
2017-10-12,6.82,6.94,6.82,6.86,4176800.0,28745234.0
2017-10-13,6.85,7.08,6.84,7.0,9938713.0,69269736.0
2017-10-16,6.97,7.03,6.77,6.8,7294893.0,50189848.0
2017-10-17,6.8,6.91,6.77,6.82,4027100.0,27567940.0
2017-10-18,6.82,6.9,6.62,6.63,5909725.0,39921896.0
2017-10-19,6.65,6.73,6.56,6.59,5053471.0,33557624.0
2017-10-20,6.57,6.7,6.57,6.69,2805955.0,18689330.0
2017-10-23,6.69,6.84,6.68,6.74,4649433.0,31435762.0
2017-10-24,6.71,6.76,6.6,6.65,4341058.0,28940544.0
2017-10-25,6.63,6.71,6.63,6.67,2595800.0,17312352.0
2017-10-26,6.66,6.68,6.61,6.64,3999960.0,26551384.0
2017-10-27,6.66,6.66,6.6,6.62,2734200.0,18140982.0
2017-10-30,6.61,6.63,6.2,6.31,7836754.0,49922480.0
2017-10-31,6.35,6.42,6.21,6.38,5384370.0,33941368.0
2017-11-01,6.38,6.38,6.29,6.34,3523400.0,22319028.0
2017-11-02,6.34,6.37,6.23,6.26,3176909.0,19886998.0
2017-11-03,6.24,6.6,6.21,6.43,5116551.0,32362196.0
2017-11-06,6.04,6.38,6.04,6.23,4911535.0,30691648.0
2017-11-07,6.23,6.32,6.21,6.23,3626010.0,22664346.0
2017-11-08,6.23,6.31,6.2,6.24,3318667.0,20786136.0
2017-11-09,6.29,6.33,6.26,6.31,3086144.0,19456092.0
2017-11-10,6.32,6.36,6.19,6.25,4798800.0,30033872.0
2017-11-13,6.23,6.37,6.23,6.29,3476301.0,21836954.0
2017-11-14,6.39,6.55,6.31,6.36,7586800.0,48588496.0
2017-11-15,6.37,6.42,6.31,6.34,3581210.0,22798942.0
2017-11-16,6.34,6.35,6.19,6.21,5683510.0,35425500.0
2017-11-17,6.19,6.19,5.9,5.95,7713905.0,46549620.0
2017-11-20,5.94,5.94,5.75,5.78,5296919.0,30765834.0
2017-11-21,5.78,5.78,5.62,5.69,6588692.0,37497120.0
2017-11-22,5.69,5.81,5.65,5.75,3571121.0,20426394.0
2017-11-23,5.71,5.72,5.6,5.61,3522828.0,19949566.0
2017-11-24,5.61,5.75,5.56,5.69,3337941.0,18873052.0
2017-11-27,5.69,5.69,5.55,5.58,3609353.0,20246592.0
2017-11-28,5.58,5.65,5.55,5.64,1947712.0,10882199.0
2017-11-29,5.64,5.64,5.54,5.59,3055416.0,17024586.0
2017-11-30,5.6,5.7,5.57,5.66,5119927.0,28961714.0
2017-12-01,5.63,5.79,5.61,5.75,4249859.0,24349034.0
2017-12-04,5.75,5.76,5.65,5.67,2378011.0,13522570.0
2017-12-05,5.67,5.67,5.38,5.41,4648524.0,25649410.0
2017-12-06,5.45,5.45,5.27,5.32,4883901.0,26034448.0
2017-12-07,5.34,5.35,5.28,5.3,2922343.0,15531859.0
2017-12-08,5.31,5.36,5.3,5.33,3352990.0,17834220.0
2017-12-11,5.33,5.39,5.31,5.35,3259780.0,17407746.0
2017-12-12,5.34,5.36,5.27,5.29,2818527.0,14958650.0
2017-12-13,5.28,5.35,5.26,5.33,1885016.0,10007107.0
2017-12-14,5.3,5.33,5.22,5.25,4986400.0,26220308.0
2017-12-15,5.26,5.27,5.22,5.25,3022397.0,15838877.0
2017-12-18,5.21,5.25,5.08,5.09,3616310.0,18512440.0
2017-12-19,5.1,5.16,5.1,5.14,2454237.0,12599769.0
2017-12-20,5.14,5.17,5.06,5.07,2579237.0,13165350.0
2017-12-21,5.09,5.13,5.02,5.13,2523735.0,12816929.0
2017-12-22,5.13,5.13,5.05,5.08,2210219.0,11241658.0
2017-12-25,5.08,5.1,4.99,5.0,2611601.0,13123719.0
2017-12-26,5.0,5.03,4.87,4.99,4387508.0,21725920.0
2017-12-27,5.0,5.04,4.93,5.02,3330297.0,16616701.0
2017-12-28,5.01,5.03,4.98,5.0,2652172.0,13270356.0
2017-12-29,4.99,5.07,4.98,5.05,2210216.0,11160387.0
2018-01-02,5.09,5.55,5.07,5.4,12990289.0,69782472.0
2018-01-03,5.38,5.46,5.33,5.39,6248515.0,33660548.0
2018-01-04,5.38,5.47,5.35,5.37,3464400.0,18709308.0
2018-01-05,5.37,5.39,5.33,5.38,2496320.0,13399124.0
2018-01-08,5.42,5.54,5.34,5.47,4827357.0,26348816.0
2018-01-09,5.45,5.69,5.41,5.53,9076646.0,50642572.0
2018-01-10,5.54,5.69,5.46,5.56,5347152.0,29902772.0
2018-01-11,5.59,5.59,5.44,5.46,4230730.0,23301738.0
2018-01-12,5.44,5.63,5.2,5.58,5040538.0,27752738.0
2018-01-15,5.52,5.63,5.43,5.49,7486953.0,41594136.0
2018-01-16,5.47,5.58,5.45,5.51,3543151.0,19583480.0
2018-01-17,5.51,5.54,5.39,5.42,3109868.0,16894514.0
2018-01-18,5.42,5.46,5.33,5.44,3037615.0,16379843.0
2018-01-19,5.45,5.51,5.37,5.4,2085401.0,11342987.0
2018-01-22,5.4,5.4,5.27,5.3,3106836.0,16506600.0
2018-01-23,5.28,5.37,5.28,5.34,2587241.0,13795616.0
2018-01-24,5.31,5.37,5.25,5.35,3339902.0,17783604.0
2018-01-25,5.32,5.36,5.22,5.25,3870043.0,20429892.0
2018-01-26,5.25,5.29,5.14,5.16,3291624.0,17085176.0
2018-01-29,5.16,5.19,5.09,5.09,2224800.0,11414033.0
2018-01-30,5.08,5.19,5.04,5.09,4369683.0,22341386.0
2018-01-31,5.1,5.15,5.0,5.0,3985383.0,20183118.0
2018-02-01,5.03,5.04,4.8,4.82,3891826.0,19026880.0
2018-02-02,4.82,4.82,4.65,4.72,3124660.0,14706653.0
2018-02-05,4.75,4.75,4.58,4.68,3351821.0,15602575.0
2018-02-06,4.65,4.65,4.4,4.4,3411900.0,15494437.0
2018-02-07,4.49,4.56,4.11,4.29,3302185.0,14297011.0
2018-02-08,4.29,4.38,4.16,4.31,1765924.0,7609017.0
2018-02-09,4.18,4.27,4.15,4.21,3290730.0,13791512.0
2018-02-12,4.22,4.31,4.2,4.28,3091906.0,13226722.0
2018-02-13,4.32,4.32,4.21,4.25,3605414.0,15394621.0
2018-02-14,4.25,4.28,4.18,4.25,1851600.0,7831498.0
2018-02-22,4.27,4.32,4.25,4.29,2191150.0,9390962.0
2018-02-23,4.3,4.4,4.27,4.34,2730139.0,11838113.0
2018-02-26,4.35,4.45,4.33,4.41,4934596.0,21717586.0
2018-02-27,4.43,4.54,4.4,4.5,4711800.0,21127864.0
2018-02-28,4.48,4.6,4.39,4.56,3659948.0,16410304.0
2018-03-01,4.54,4.62,4.47,4.61,3917100.0,17872190.0
2018-03-02,4.61,4.68,4.54,4.61,4700352.0,21760488.0
2018-03-05,4.64,4.72,4.57,4.68,3138600.0,14536685.0
2018-03-06,4.65,4.74,4.64,4.71,3133092.0,14719407.0
2018-03-07,4.71,4.85,4.6,4.67,5812063.0,27284830.0
2018-03-08,4.6,4.66,4.55,4.62,3721553.0,17148694.0
2018-03-09,4.61,4.7,4.59,4.67,5534519.0,25631124.0
2018-03-12,4.67,4.79,4.64,4.7,6446230.0,30183832.0
2018-03-13,4.68,4.94,4.61,4.82,12155130.0,58187492.0
2018-03-14,4.77,4.78,4.67,4.74,5871500.0,27750352.0
2018-03-15,4.73,4.73,4.58,4.62,4151204.0,19211794.0
2018-03-16,4.59,4.63,4.58,4.59,2665247.0,12253159.0
2018-03-19,4.59,4.62,4.55,4.59,3885110.0,17803494.0
2018-03-20,4.57,4.57,4.51,4.57,2972747.0,13493549.0
2018-03-21,4.57,4.73,4.56,4.61,5678886.0,26315394.0
2018-03-22,4.6,4.63,4.55,4.61,3053347.0,14024882.0
2018-03-23,4.53,4.54,4.21,4.28,7176030.0,31535412.0
2018-03-26,4.24,4.3,4.11,4.29,4428362.0,18647676.0
2018-03-27,4.33,4.4,4.3,4.35,4544602.0,19725304.0
2018-03-28,4.32,4.54,4.29,4.47,6763218.0,30063794.0
2018-03-29,4.46,4.46,4.37,4.45,4685110.0,20708746.0
2018-03-30,4.45,4.5,4.43,4.47,3087900.0,13794525.0
2018-04-02,4.46,4.51,4.41,4.46,4023758.0,17976532.0
2018-04-03,4.43,4.71,4.4,4.66,7164660.0,32636240.0
2018-04-04,4.6,4.64,4.53,4.56,5140924.0,23607978.0
2018-04-09,4.5,4.65,4.39,4.55,4371378.0,19762770.0
2018-04-10,4.53,4.53,4.39,4.44,4582003.0,20372090.0
2018-04-11,4.43,4.49,4.41,4.44,2772300.0,12327508.0
2018-04-12,4.41,4.48,4.41,4.41,2402621.0,10654124.0
2018-04-13,4.42,4.45,4.35,4.38,3128321.0,13739171.0
2018-04-16,4.38,4.62,4.33,4.57,6563409.0,29356264.0
2018-04-17,4.53,4.53,4.38,4.38,4586700.0,20398136.0
2018-04-18,4.39,4.42,4.2,4.32,4112410.0,17689482.0
2018-04-19,4.32,4.35,4.26,4.28,2158149.0,9289867.0
2018-04-20,4.28,4.31,4.21,4.24,1880510.0,8000136.0
2018-04-23,4.27,4.27,4.16,4.2,1908131.0,8050356.5
2018-04-24,4.11,4.28,4.11,4.26,3397023.0,14292546.0
2018-04-25,4.2,4.3,4.2,4.26,2575214.0,10980109.0
2018-04-26,4.26,4.28,4.15,4.15,2308531.0,9721145.0
2018-04-27,4.19,4.23,4.15,4.18,1970061.0,8254661.5
2018-05-02,4.18,4.23,4.16,4.17,1654700.0,6938807.0
2018-05-03,4.19,4.22,4.15,4.18,3232901.0,13535074.0
2018-05-04,4.18,4.3,4.16,4.21,2446202.0,10342116.0
2018-05-07,4.22,4.28,4.22,4.27,2599437.0,11062938.0
2018-05-08,4.49,4.7,4.41,4.45,10344446.0,46807288.0
2018-05-09,4.37,4.46,4.34,4.41,4929242.0,21669834.0
2018-05-10,4.41,4.45,4.2,4.36,2613402.0,11419268.0
2018-05-11,4.34,4.4,4.33,4.35,1924100.0,8374747.0
2018-05-14,4.33,4.37,4.27,4.32,2268102.0,9776427.0
2018-05-15,4.32,4.35,4.28,4.35,1136000.0,4901682.0
2018-05-16,4.34,4.35,4.29,4.32,1395000.0,6022462.0
2018-05-17,4.31,4.33,4.26,4.27,1437400.0,6156255.0
2018-05-18,4.29,4.3,4.23,4.26,2805300.0,11924545.0
2018-05-21,4.28,4.39,4.27,4.36,4163254.0,18106204.0
2018-05-22,4.37,4.44,4.33,4.43,3409306.0,14951145.0
2018-05-23,4.4,4.46,4.37,4.39,2807472.0,12407331.0
2018-05-24,4.37,4.45,4.37,4.43,2258847.0,10005053.0
2018-05-25,4.44,4.45,4.37,4.38,2021277.0,8881693.0
2018-05-28,4.37,4.42,4.35,4.4,1816120.0,7967732.0
2018-05-29,4.4,4.41,4.34,4.34,1786200.0,7787687.0
2018-05-30,4.32,4.32,4.15,4.16,2490900.0,10491672.0
2018-05-31,4.17,4.25,4.17,4.24,1207900.0,5101809.0
2018-06-01,4.24,4.24,4.14,4.18,1473200.0,6170804.0
2018-06-04,4.18,4.2,4.12,4.15,1556202.0,6459558.5
2018-06-05,4.11,4.18,4.11,4.18,1610100.0,6683340.0
2018-06-06,4.16,4.19,3.8,4.05,4657728.0,18976302.0
2018-06-07,4.05,4.05,3.89,3.93,4031900.0,15957849.0
2018-06-08,3.93,4.19,3.81,4.14,6514429.0,25948580.0
2018-06-11,4.11,4.15,4.01,4.1,2947311.0,12019573.0
2018-06-12,4.1,4.1,4.03,4.05,1907716.0,7739494.5
2018-06-13,4.05,4.05,3.94,3.97,2386730.0,9513287.0
2018-06-14,3.97,4.12,3.95,4.0,1623900.0,6545172.0
2018-06-15,3.99,4.05,3.91,3.92,1743300.0,6895634.0
2018-06-19,3.9,3.9,3.53,3.53,5669678.0,20628926.0
2018-06-20,3.22,3.43,3.18,3.25,17641098.0,56646312.0
2018-06-21,3.2,3.2,2.93,2.95,10122287.0,30756114.0
2018-06-22,2.97,3.05,2.87,3.03,4176700.0,12496702.0
2018-06-25,3.02,3.09,2.99,3.0,2416390.0,7334631.0
2018-06-26,2.9,3.03,2.89,3.0,3056600.0,9064610.0
2018-06-27,2.99,3.03,2.97,2.97,2082600.0,6229013.0
2018-06-28,2.97,3.06,2.95,2.96,2459100.0,7377655.0
2018-06-29,2.97,3.06,2.96,3.04,2664900.0,8028655.0
2018-07-02,3.05,3.05,2.98,2.99,2576200.0,7762701.0
2018-07-03,3.0,3.04,2.96,3.01,2715295.0,8149679.5
2018-07-04,3.02,3.02,2.95,2.98,2301519.0,6867612.0
2018-07-05,2.99,3.01,2.8,2.8,3819500.0,11024357.0
2018-07-06,2.8,2.86,2.75,2.82,3252271.0,9142284.0
2018-07-09,2.85,2.95,2.83,2.93,2790821.0,8060223.0
2018-07-10,2.95,2.97,2.9,2.93,1891600.0,5539990.0
2018-07-11,2.93,2.93,2.77,2.81,2924500.0,8309515.0
2018-07-12,2.81,2.91,2.81,2.89,2423335.0,6982029.0
2018-07-13,2.95,2.95,2.89,2.89,1394200.0,4060687.0
2018-07-16,2.9,2.91,2.85,2.85,1579800.0,4545007.0
2018-07-17,2.88,2.98,2.87,2.95,5036904.0,14722408.0
2018-07-18,3.01,3.08,2.94,3.01,4614827.0,13973812.0
2018-07-19,2.98,3.0,2.93,2.95,1895049.0,5624451.5
2018-07-20,2.94,2.95,2.86,2.92,3161326.0,9211345.0
2018-07-23,2.92,3.17,2.9,3.05,5133192.0,15581358.0
2018-07-24,3.0,3.24,3.0,3.15,6693663.0,20962666.0
2018-07-25,3.17,3.17,3.1,3.1,3617166.0,11326304.0
2018-07-26,3.13,3.34,3.09,3.22,10182775.0,33001814.0
2018-07-27,3.22,3.45,3.18,3.38,12609373.0,42541480.0
2018-07-30,3.28,3.32,3.11,3.14,9136748.0,29355584.0
2018-07-31,3.13,3.24,3.11,3.19,3523900.0,11176727.0
2018-08-01,3.2,3.24,3.09,3.1,3141300.0,9963046.0
2018-08-02,3.11,3.18,2.98,3.1,3873299.0,11865822.0
2018-08-03,3.11,3.11,3.04,3.06,3031245.0,9280155.0
2018-08-06,3.06,3.37,3.06,3.37,19080112.0,64034176.0
2018-08-07,3.4,3.57,3.24,3.48,27656470.0,94229784.0
2018-08-08,3.37,3.41,3.28,3.28,14379510.0,47937932.0
2018-08-09,3.26,3.32,3.21,3.29,9310386.0,30494614.0
2018-08-10,3.26,3.32,3.24,3.26,6104402.0,20003206.0
2018-08-13,3.21,3.3,3.16,3.28,5369414.0,17271014.0
2018-08-14,3.27,3.27,3.23,3.26,3250157.0,10557539.0
2018-08-15,3.26,3.26,3.15,3.15,4955668.0,15773714.0
2018-08-16,3.16,3.16,3.0,3.07,4181400.0,12901628.0
2018-08-17,3.09,3.11,2.93,2.95,5837824.0,17635276.0
2018-08-20,2.93,2.99,2.83,2.92,4073718.0,11833192.0
2018-08-21,2.93,3.0,2.91,2.98,3224300.0,9566858.0
2018-08-22,3.0,3.01,2.93,2.94,1734100.0,5116914.0
2018-08-23,2.93,2.97,2.92,2.94,1706500.0,5014583.0
2018-08-24,2.94,2.98,2.9,2.96,1664208.0,4918780.5
2018-08-27,2.96,3.0,2.94,2.98,2812721.0,8385346.5
2018-08-28,2.97,3.02,2.94,3.01,2268050.0,6779865.0
2018-08-29,3.0,3.0,2.96,2.97,1538908.0,4583979.5
2018-08-30,2.95,2.97,2.89,2.9,2296032.0,6705762.5
2018-08-31,2.9,2.91,2.85,2.85,2499500.0,7167712.0
2018-09-03,2.84,2.93,2.84,2.91,2222800.0,6415252.0
2018-09-04,2.9,2.95,2.9,2.94,1765500.0,5180216.0
2018-09-05,2.92,2.98,2.91,2.92,2682600.0,7871727.0
2018-09-06,2.91,2.95,2.88,2.91,1669300.0,4871339.0
2018-09-07,2.91,2.95,2.89,2.9,2298000.0,6701460.0
2018-09-10,2.92,2.92,2.86,2.86,1702700.0,4898541.0
2018-09-11,2.86,2.88,2.81,2.84,1925754.0,5466625.0
2018-09-12,2.82,2.88,2.82,2.86,1852600.0,5282656.0
2018-09-13,2.88,2.89,2.85,2.86,1443632.0,4134675.25
2018-09-14,2.87,2.89,2.84,2.84,1553111.0,4453192.5
2018-09-17,2.85,2.87,2.8,2.81,1394953.0,3956048.75
2018-09-18,2.81,2.87,2.81,2.86,1787867.0,5081266.5
2018-09-19,2.86,2.94,2.85,2.91,2465282.0,7131975.5
2018-09-20,2.94,3.0,2.91,2.95,4567596.0,13557874.0
2018-09-21,2.92,2.98,2.9,2.96,2649409.0,7791856.5
2018-09-25,2.97,2.97,2.93,2.94,1724100.0,5090347.0
2018-09-26,2.97,2.97,2.89,2.89,3615800.0,10581388.0
2018-09-27,2.93,2.96,2.86,2.86,3227666.0,9417457.0
2018-09-28,2.87,2.89,2.8,2.85,2999927.0,8539123.0
2018-10-08,2.82,2.84,2.71,2.71,3391100.0,9403040.0
2018-10-09,2.73,2.74,2.7,2.72,2510144.0,6815364.5
2018-10-10,2.7,2.74,2.68,2.72,2915566.0,7910181.5
2018-10-11,2.66,2.68,2.45,2.45,6402353.0,16086010.0
2018-10-12,2.4,2.46,2.22,2.39,7010066.0,16251179.0
2018-10-15,2.4,2.54,2.32,2.39,4784513.0,11675220.0
2018-10-16,2.38,2.41,2.28,2.29,3750600.0,8837887.0
2018-10-17,2.31,2.36,2.27,2.34,2502500.0,5807155.0
2018-10-18,2.34,2.34,2.24,2.24,3342600.0,7598582.0
2018-10-19,2.24,2.28,2.18,2.28,3639318.0,8137966.5
2018-10-22,2.31,2.44,2.28,2.39,5236100.0,12496707.0
2018-10-23,2.4,2.43,2.34,2.36,4498500.0,10745802.0
2018-10-24,2.38,2.43,2.35,2.4,3914000.0,9372804.0
2018-10-25,2.35,2.39,2.25,2.35,4990400.0,11611255.0
2018-10-26,2.37,2.59,2.37,2.59,11334436.0,28357250.0
2018-10-29,2.65,2.78,2.48,2.69,21474840.0,57038156.0
2018-10-30,2.6,2.71,2.51,2.62,12996933.0,33739812.0
2018-10-31,2.59,2.63,2.54,2.59,9702203.0,25153220.0
2018-11-01,2.59,2.62,2.55,2.58,6529488.0,16886490.0
2018-11-02,2.57,2.62,2.57,2.6,6167266.0,15974299.0
2018-11-05,2.6,2.69,2.58,2.65,7774660.0,20544574.0
2018-11-06,2.66,2.67,2.55,2.6,5514073.0,14289290.0
2018-11-07,2.6,2.62,2.55,2.56,5266177.0,13609993.0
2018-11-08,2.58,2.76,2.55,2.64,10533320.0,27912226.0
2018-11-09,2.6,2.9,2.59,2.9,9252886.0,26451320.0
2018-11-12,3.19,3.19,3.19,3.19,3606507.0,11504757.0
2018-11-13,3.51,3.51,3.51,3.51,1669414.0,5859643.0
2018-11-14,3.86,3.86,3.53,3.86,47138728.0,177902096.0
2018-11-15,4.25,4.25,3.86,4.25,63250728.0,261980224.0
2018-11-16,4.59,4.68,4.45,4.68,43523544.0,201530912.0
2018-11-19,5.15,5.15,5.08,5.15,24224810.0,124708056.0
2018-11-20,4.77,5.39,4.64,4.7,103179856.0,496309152.0
2018-11-21,4.55,5.05,4.54,4.86,88284720.0,425038432.0
2018-11-22,4.7,4.78,4.37,4.49,73816672.0,331446048.0
2018-11-23,4.27,4.34,4.04,4.04,44388300.0,183297072.0
2018-11-26,4.08,4.19,3.95,4.13,37388452.0,152308592.0
2018-11-27,4.23,4.31,3.95,4.07,40842732.0,168725856.0
2018-11-28,3.9,3.97,3.66,3.9,48410372.0,184126432.0
2018-11-29,3.85,4.29,3.79,4.17,80062000.0,328079776.0
2018-11-30,4.03,4.08,3.75,3.97,55073952.0,216189840.0
2018-12-03,4.05,4.15,3.91,3.98,48668212.0,196764624.0
2018-12-04,3.87,4.15,3.73,4.05,46874676.0,187221216.0
2018-12-05,3.78,3.78,3.65,3.65,41428800.0,152178496.0
2018-12-06,3.61,3.66,3.45,3.5,23840438.0,84764024.0
2018-12-07,3.53,3.55,3.38,3.4,18942400.0,65746952.0
2018-12-10,3.43,3.53,3.41,3.44,16724900.0,57779352.0
2018-12-11,3.47,3.63,3.42,3.54,26114936.0,92114056.0
2018-12-12,3.53,3.65,3.47,3.61,27232600.0,97269600.0
2018-12-13,3.62,3.62,3.49,3.52,19071100.0,67472520.0
2018-12-14,3.51,3.87,3.48,3.87,66698012.0,253034128.0
2018-12-17,3.82,4.26,3.76,4.26,61821060.0,247957104.0
2018-12-18,4.42,4.69,4.27,4.69,88459960.0,399520768.0
2018-12-19,4.7,5.16,4.7,4.9,111529232.0,554264064.0
2018-12-20,4.75,5.39,4.58,5.17,132363384.0,663491840.0
2018-12-21,4.89,4.95,4.65,4.65,79466616.0,377727360.0
2018-12-24,4.57,4.63,4.38,4.53,69050480.0,310483264.0
2018-12-25,4.42,4.75,4.28,4.65,81071832.0,365067264.0
2018-12-26,4.54,4.73,4.47,4.63,73251080.0,337703904.0
2018-12-27,4.53,4.58,4.17,4.18,64238040.0,280533216.0
2018-12-28,4.27,4.42,4.23,4.25,47671288.0,205359696.0
2019-01-02,4.02,4.25,4.0,4.17,43502608.0,179621472.0
2019-01-03,4.26,4.34,3.9,3.93,46097336.0,189889408.0
2019-01-04,4.0,4.15,4.0,4.08,40006596.0,162907856.0
2019-01-07,4.1,4.36,4.1,4.23,49902244.0,212166016.0
2019-01-08,4.3,4.4,4.12,4.38,51713396.0,219557264.0
2019-01-09,4.3,4.57,4.23,4.31,59779088.0,262840128.0
2019-01-10,4.2,4.26,4.07,4.13,37407100.0,155601744.0
2019-01-11,4.06,4.18,4.04,4.1,26300500.0,107629016.0
2019-01-14,4.12,4.16,4.01,4.03,25543164.0,104166440.0
2019-01-15,4.01,4.18,3.9,4.18,38056908.0,154325392.0
2019-01-16,4.16,4.6,4.15,4.6,54075848.0,237822480.0
2019-01-17,4.74,5.06,4.69,5.06,97949504.0,485234304.0
2019-01-18,5.19,5.57,4.91,5.08,133585896.0,696224256.0
2019-01-21,4.87,4.94,4.57,4.71,82268728.0,388200640.0
2019-01-22,4.7,4.77,4.49,4.55,61116984.0,282200704.0
2019-01-23,4.58,4.73,4.48,4.65,56585624.0,261492448.0
2019-01-24,4.53,4.59,4.31,4.43,49532776.0,220239104.0
2019-01-25,4.47,4.51,4.21,4.26,33248600.0,145182608.0
2019-01-28,4.35,4.38,4.23,4.27,22301764.0,95910360.0
2019-01-29,4.28,4.31,3.91,4.16,29179712.0,120297896.0
2019-01-30,4.08,4.18,3.94,3.98,19768900.0,80157768.0
2019-01-31,3.74,3.91,3.58,3.59,38080232.0,140973152.0
2019-02-01,3.68,3.95,3.62,3.95,32007000.0,123465656.0
2019-02-11,4.1,4.27,4.05,4.21,38940800.0,162745472.0
2019-02-12,4.13,4.49,4.13,4.28,39795496.0,171948240.0
2019-02-13,4.32,4.44,4.26,4.3,34945844.0,151071920.0
2019-02-14,4.34,4.73,4.32,4.73,65956744.0,305330752.0
2019-02-15,4.62,4.87,4.55,4.61,68444656.0,320846720.0
2019-02-18,4.6,4.83,4.55,4.8,59873104.0,280984768.0
2019-02-19,4.83,5.04,4.66,4.74,58961312.0,283640320.0
2019-02-20,4.66,4.66,4.48,4.58,43276248.0,197610208.0
2019-02-21,4.63,5.04,4.63,5.04,84578208.0,416025088.0
2019-02-22,5.02,5.54,4.98,5.54,76811144.0,408830272.0
2019-02-25,6.09,6.09,6.09,6.09,8967811.0,54613968.0
2019-02-26,6.7,6.7,6.36,6.7,103292880.0,685545536.0
2019-02-27,6.5,7.37,6.03,7.37,178012656.0,1212150912.0
2019-02-28,6.71,7.35,6.63,6.63,131068864.0,903360320.0
2019-03-01,6.05,6.59,5.99,6.29,93965272.0,583903808.0
2019-03-04,6.42,6.88,6.22,6.82,111199632.0,730340800.0
2019-03-05,6.55,7.18,6.54,6.91,111732488.0,776429888.0
2019-03-06,6.82,7.06,6.46,6.89,103793008.0,702956672.0
2019-03-07,6.71,7.55,6.69,7.24,128152120.0,910312576.0
2019-03-08,6.53,6.89,6.52,6.52,81159336.0,539754752.0
2019-03-11,6.3,6.67,6.18,6.57,60202664.0,388940896.0
2019-03-12,6.6,6.95,6.47,6.89,84990408.0,573224512.0
2019-03-13,7.05,7.58,6.84,7.58,167847520.0,1238212480.0
2019-03-14,7.49,7.49,6.82,6.82,100682280.0,705881984.0
2019-03-15,6.55,7.21,6.55,6.73,87060640.0,598725376.0
2019-03-18,6.69,6.79,6.06,6.5,75422912.0,475567584.0
2019-03-19,6.34,6.64,6.26,6.41,45733280.0,295880416.0
2019-03-20,6.42,6.56,6.2,6.41,41892420.0,267716576.0
2019-03-21,6.45,6.78,6.31,6.57,70253872.0,463689216.0
2019-03-22,6.54,6.94,6.43,6.78,63168732.0,420588992.0
2019-03-25,6.58,6.68,6.41,6.42,43960884.0,287425280.0
2019-03-26,6.4,6.46,5.9,5.92,47402332.0,290248448.0
2019-03-27,5.93,6.16,5.93,6.02,26961608.0,163138352.0
2019-03-28,6.0,6.09,5.81,5.82,24112000.0,143318656.0
2019-03-29,5.82,6.02,5.71,5.95,27601164.0,163100976.0
2019-04-01,6.09,6.31,6.09,6.23,31784012.0,197555920.0
2019-04-02,6.36,6.47,6.16,6.19,34978744.0,221148128.0
2019-04-03,6.19,6.39,6.17,6.23,25092300.0,156908832.0
2019-04-04,6.29,6.3,5.99,6.05,33504100.0,204610656.0
2019-04-08,6.12,6.18,5.83,6.0,23209008.0,139886304.0
2019-04-09,6.06,6.25,5.9,6.16,30985792.0,188977840.0
2019-04-10,6.08,6.15,5.97,6.01,22807852.0,137896672.0
2019-04-11,6.03,6.03,5.8,5.83,20954088.0,123814384.0
2019-04-12,5.82,5.98,5.8,5.86,15408282.0,90310512.0
2019-04-15,5.82,6.0,5.74,5.77,19708202.0,116046624.0
2019-04-16,5.77,5.84,5.48,5.8,21426424.0,121136552.0
2019-04-17,5.83,6.25,5.81,6.1,44086272.0,268312880.0
2019-04-18,6.11,6.13,5.92,5.95,22656212.0,135952352.0
2019-04-19,6.01,6.25,5.92,6.19,37232840.0,228146064.0
2019-04-22,6.1,6.49,6.02,6.23,48211248.0,302905408.0
2019-04-23,6.1,6.79,6.07,6.6,71177952.0,461140576.0
2019-04-24,6.4,6.47,6.01,6.18,48233576.0,298661312.0
2019-04-25,6.14,6.28,5.57,5.64,33474146.0,199336192.0
2019-04-26,5.63,5.63,5.21,5.25,29069172.0,156535328.0
2019-04-29,5.39,5.39,4.8,4.85,23820960.0,119085432.0
2019-04-30,4.86,5.09,4.86,5.08,13967854.0,69783920.0
2019-05-06,4.81,4.97,4.58,4.6,15634449.0,74375440.0
2019-05-07,4.64,4.9,4.58,4.85,16156009.0,76787880.0
2019-05-08,5.09,5.3,4.91,5.1,29011588.0,148851136.0
2019-05-09,4.88,5.03,4.84,4.87,19135892.0,94208624.0
2019-05-10,4.95,5.06,4.61,5.03,20089976.0,99279664.0
2019-05-13,4.95,5.17,4.88,5.06,17214184.0,85887744.0
2019-05-14,4.9,5.24,4.9,5.05,18888900.0,96273496.0
2019-05-15,5.03,5.13,5.03,5.07,14001101.0,71053000.0
2019-05-16,5.03,5.1,4.99,5.04,15716096.0,79256864.0
2019-05-17,5.02,5.06,4.7,4.76,17864258.0,86943280.0
2019-05-20,4.8,4.83,4.4,4.63,11893647.0,54820044.0
2019-05-21,4.7,4.8,4.61,4.79,12299082.0,58413800.0
2019-05-22,4.76,4.85,4.65,4.69,12961736.0,61639320.0
2019-05-23,4.65,4.98,4.63,4.75,21725688.0,104405488.0
2019-05-24,4.61,4.72,4.46,4.5,17009420.0,77548848.0
2019-05-27,4.47,4.64,4.41,4.6,15612746.0,70575200.0
2019-05-28,4.64,4.89,4.62,4.66,25587910.0,121438192.0
2019-05-29,4.7,4.77,4.61,4.72,16333456.0,76942200.0
2019-05-30,4.67,4.68,4.52,4.62,12321592.0,56809340.0
2019-05-31,4.64,4.73,4.59,4.6,8848633.0,41140248.0
2019-06-03,4.64,4.64,4.5,4.51,10370144.0,47240520.0
2019-06-04,4.5,4.54,4.24,4.34,12093461.0,53185800.0
2019-06-05,4.41,4.53,4.34,4.4,13226094.0,58519260.0
2019-06-06,4.36,4.4,4.06,4.11,13459364.0,56344824.0
2019-06-10,4.12,4.31,4.12,4.22,10534299.0,44242856.0
2019-06-11,4.3,4.49,4.16,4.45,17250140.0,75175032.0
2019-06-12,4.44,4.53,4.36,4.37,13159303.0,58384624.0
2019-06-13,4.36,4.46,4.31,4.41,10489130.0,46049128.0
2019-06-14,4.4,4.47,4.21,4.26,12809828.0,55429508.0
2019-06-17,4.13,4.26,4.13,4.19,6357520.0,26679366.0
2019-06-18,4.23,4.29,4.16,4.24,7179940.0,30317498.0
2019-06-19,4.3,4.37,4.28,4.28,10473000.0,45230572.0
2019-06-20,4.32,4.44,4.25,4.38,13654845.0,59601576.0
2019-06-21,4.48,4.6,4.48,4.52,18740334.0,84896464.0
2019-06-24,4.61,4.65,4.44,4.46,14239406.0,64651984.0
2019-06-25,4.56,4.57,4.33,4.38,10324024.0,45527524.0
2019-06-26,4.4,4.44,4.34,4.4,8138630.0,35660300.0
2019-06-27,4.36,4.4,4.25,4.28,13083641.0,56577108.0
2019-06-28,4.26,4.3,4.14,4.2,9020459.0,37892852.0
2019-07-01,4.29,4.39,4.23,4.39,14428430.0,62361292.0
2019-07-02,4.43,4.43,4.29,4.32,9288881.0,40348768.0
2019-07-03,4.33,4.52,4.23,4.36,19405796.0,84972416.0
2019-07-04,4.36,4.43,4.31,4.41,12047655.0,52585964.0
2019-07-05,4.4,4.4,4.28,4.33,10815605.0,46723696.0
2019-07-08,4.31,4.33,4.17,4.24,11451770.0,48561428.0
2019-07-09,4.28,4.34,4.22,4.29,7405375.0,31747160.0
2019-07-10,4.3,4.32,4.24,4.32,6231604.0,26777724.0
2019-07-11,4.33,4.34,4.22,4.24,6243500.0,26717812.0
2019-07-12,4.27,4.27,4.19,4.21,5049203.0,21265186.0
2019-07-15,4.2,4.26,4.09,4.18,8651967.0,36039152.0
2019-07-16,4.38,4.6,4.32,4.6,62347024.0,284503104.0
2019-07-17,4.43,4.78,4.37,4.63,55459028.0,252096848.0
2019-07-18,4.45,4.53,4.32,4.34,29740030.0,132235648.0
2019-07-19,4.39,4.4,4.24,4.25,20532368.0,88462872.0
2019-07-22,4.21,4.24,3.83,3.83,29928942.0,116957088.0
2019-07-23,3.78,3.84,3.65,3.83,15312802.0,57350768.0
2019-07-24,3.84,3.89,3.78,3.81,12515998.0,48051400.0
2019-07-25,3.77,3.8,3.7,3.72,11856861.0,44227376.0
2019-07-26,3.7,3.74,3.65,3.74,7176500.0,26554436.0
2019-07-29,3.78,3.83,3.73,3.73,8145500.0,30696268.0
2019-07-30,3.73,3.76,3.7,3.73,6772901.0,25298526.0
2019-07-31,3.72,3.72,3.55,3.61,11143941.0,40255880.0
2019-08-01,3.59,3.6,3.48,3.51,9849282.0,34735320.0
2019-08-02,3.41,3.42,3.24,3.36,16380013.0,54497476.0
2019-08-05,3.37,3.44,3.31,3.35,11194100.0,37843312.0
2019-08-06,3.21,3.28,3.08,3.19,13988761.0,44326788.0
2019-08-07,3.25,3.27,3.12,3.17,9434009.0,30205834.0
2019-08-08,3.21,3.24,3.17,3.2,8996591.0,28930448.0
2019-08-09,3.22,3.3,3.12,3.17,12214000.0,39352260.0
2019-08-12,3.16,3.25,3.16,3.22,8580900.0,27385668.0
2019-08-13,3.19,3.26,3.14,3.23,8701100.0,28039788.0
2019-08-14,3.27,3.33,3.24,3.25,9150624.0,30068924.0
2019-08-15,3.16,3.31,3.12,3.31,10968560.0,35529448.0
2019-08-16,3.29,3.33,3.24,3.25,9864900.0,32328176.0
2019-08-19,3.58,3.58,3.58,3.58,6040908.0,21626450.0
2019-08-20,3.94,3.94,3.94,3.94,3795700.0,14955058.0
2019-08-21,4.33,4.33,4.33,4.33,23633870.0,102334656.0
2019-08-22,4.76,4.76,4.6,4.76,111442856.0,527799392.0
2019-08-23,4.77,4.77,4.28,4.38,114284608.0,518405504.0
2019-08-26,4.13,4.75,4.06,4.55,103557856.0,449817536.0
2019-08-27,4.36,4.95,4.28,4.69,112697096.0,522186912.0
2019-08-28,4.57,4.7,4.36,4.65,79069808.0,359245952.0
2019-08-29,4.59,5.12,4.53,5.12,105666304.0,522508544.0
2019-08-30,5.12,5.63,5.0,5.26,175433792.0,951807360.0
2019-09-02,5.1,5.56,4.85,5.35,135295648.0,696785408.0
2019-09-03,5.22,5.29,4.9,5.03,109673136.0,559393024.0
2019-09-04,4.87,5.04,4.69,4.8,76794544.0,373152256.0
2019-09-05,4.81,4.99,4.75,4.77,69012536.0,335064864.0
2019-09-06,4.77,4.98,4.69,4.87,57993216.0,281271424.0
2019-09-09,4.82,4.87,4.72,4.83,46034112.0,219979152.0
2019-09-10,4.8,4.93,4.75,4.87,48373116.0,234910144.0
2019-09-11,4.8,4.86,4.64,4.67,37937664.0,180112208.0
2019-09-12,4.67,4.73,4.61,4.7,21319568.0,99573448.0
2019-09-16,4.69,4.86,4.68,4.78,34564556.0,165961472.0
2019-09-17,4.73,5.03,4.68,4.94,65905900.0,323286656.0
2019-09-18,5.05,5.05,4.7,4.77,44876512.0,218063344.0
2019-09-19,4.6,4.61,4.38,4.47,47068416.0,209782736.0
2019-09-20,4.42,4.47,4.37,4.4,20767800.0,91503808.0
2019-09-23,4.4,4.4,4.23,4.35,21971194.0,94647800.0
2019-09-24,4.35,4.35,4.27,4.29,13643000.0,58722372.0
2019-09-25,4.28,4.4,4.23,4.26,17618100.0,76168400.0
2019-09-26,4.25,4.28,4.01,4.02,22391420.0,91898992.0
2019-09-27,4.04,4.12,4.03,4.07,9335137.0,38143320.0
2019-09-30,4.12,4.15,4.05,4.06,7192452.0,29426468.0
2019-10-08,4.05,4.13,4.05,4.07,7461965.0,30542492.0
2019-10-09,4.09,4.24,4.02,4.2,15814671.0,65624456.0
2019-10-10,4.18,4.45,4.16,4.39,27064952.0,116660800.0
2019-10-11,4.83,4.83,4.83,4.83,11833600.0,57156288.0
2019-10-14,5.31,5.31,5.21,5.31,26478284.0,140546656.0
2019-10-15,5.8,5.8,4.88,4.92,120914176.0,644942400.0
2019-10-16,4.53,4.92,4.45,4.59,69165168.0,322766496.0
2019-10-17,4.54,4.59,4.31,4.33,43488752.0,191891360.0
2019-10-18,4.3,4.52,4.3,4.41,37458512.0,165366768.0
2019-10-21,4.36,4.4,4.05,4.18,27851628.0,116133952.0
2019-10-22,4.21,4.23,4.12,4.16,18090086.0,75200792.0
2019-10-23,4.2,4.21,4.08,4.09,16650200.0,68617048.0
2019-10-24,4.09,4.17,4.03,4.13,15692986.0,64527080.0
2019-10-25,4.13,4.49,4.1,4.41,33756388.0,145318544.0
2019-10-28,4.17,4.43,4.17,4.35,27957266.0,120930536.0
2019-10-29,4.35,4.36,4.18,4.18,18512900.0,78389496.0
2019-10-30,4.18,4.18,4.05,4.08,15565066.0,63556400.0
2019-10-31,4.06,4.18,4.06,4.11,10735000.0,44166536.0
2019-11-01,4.09,4.15,4.06,4.14,9297101.0,38275440.0
2019-11-04,4.17,4.17,4.05,4.07,12912000.0,52785644.0
2019-11-05,4.08,4.1,4.01,4.07,10420601.0,42267396.0
2019-11-06,4.08,4.08,4.02,4.05,6996600.0,28244740.0
2019-11-07,4.04,4.28,4.03,4.22,19133304.0,79726328.0
2019-11-08,4.19,4.21,4.06,4.08,13582365.0,56369244.0
2019-11-11,4.07,4.07,3.91,3.93,12874000.0,51206232.0
2019-11-12,3.94,4.09,3.8,4.03,16918904.0,66635984.0
2019-11-13,3.96,3.97,3.9,3.91,10364503.0,40698548.0
2019-11-14,3.89,3.93,3.86,3.89,6745207.0,26278870.0
2019-11-15,3.9,4.04,3.87,3.95,12542189.0,49647464.0
2019-11-18,3.9,4.02,3.87,3.97,7861100.0,31188412.0
2019-11-19,4.0,4.0,3.94,4.0,10282827.0,40926592.0
2019-11-20,3.99,4.16,3.97,4.1,20201068.0,82615040.0
2019-11-21,4.09,4.09,3.98,4.03,12689829.0,51007560.0
2019-11-22,4.01,4.05,3.95,3.95,9217900.0,36735432.0
2019-11-25,3.95,3.95,3.83,3.83,10687304.0,41260000.0
2019-11-26,3.83,3.89,3.8,3.87,6616624.0,25455438.0
2019-11-27,3.87,3.88,3.81,3.84,5171300.0,19902000.0
2019-11-28,3.9,3.9,3.8,3.82,6401374.0,24482530.0
2019-11-29,3.81,3.85,3.77,3.82,6003601.0,22811882.0
2019-12-02,3.81,3.82,3.78,3.78,4774700.0,18123140.0
2019-12-03,3.75,3.83,3.73,3.79,5499802.0,20812528.0
2019-12-04,3.77,3.8,3.76,3.79,4153600.0,15723833.0
2019-12-05,3.79,3.85,3.79,3.83,5892192.0,22502068.0
2019-12-06,3.84,3.86,3.8,3.85,5985285.0,22942748.0
2019-12-09,3.87,3.9,3.85,3.87,7423812.0,28778324.0
2019-12-10,3.92,4.26,3.9,4.26,22051348.0,91303224.0
2019-12-11,4.39,4.58,4.2,4.36,75278168.0,331621408.0
2019-12-12,4.25,4.3,4.12,4.2,38355272.0,161871408.0
2019-12-13,4.21,4.24,4.06,4.12,26588140.0,110284752.0
2019-12-16,4.15,4.19,4.09,4.19,19295276.0,80144928.0
2019-12-17,4.24,4.33,4.18,4.19,27609272.0,117110224.0
2019-12-18,4.15,4.19,4.1,4.16,19894976.0,82515872.0
2019-12-19,4.16,4.33,4.15,4.27,30938652.0,131230288.0
2019-12-20,4.27,4.33,4.18,4.2,24232244.0,103205968.0
2019-12-23,4.18,4.18,4.0,4.01,19248464.0,78321024.0
2019-12-24,4.05,4.2,4.05,4.12,12384457.0,51027568.0
2019-12-25,4.09,4.16,4.04,4.08,11338500.0,46287716.0
2019-12-26,4.06,4.12,4.04,4.11,10571700.0,43183848.0
2019-12-27,4.09,4.14,4.06,4.07,13143350.0,53884000.0
2019-12-30,4.11,4.24,4.09,4.19,22829110.0,95155736.0
2019-12-31,4.15,4.23,4.11,4.17,13518865.0,56198756.0
2020-01-02,4.19,4.23,4.15,4.23,19729140.0,82994272.0
2020-01-03,4.23,4.29,4.17,4.2,16408532.0,69075416.0
2020-01-06,4.18,4.21,4.12,4.17,14976952.0,62454116.0
2020-01-07,4.17,4.22,4.15,4.21,15952339.0,66813868.0
2020-01-08,4.2,4.2,4.12,4.12,18843740.0,78139184.0
2020-01-09,4.14,4.17,4.11,4.15,11869877.0,49100804.0
2020-01-10,4.15,4.39,4.12,4.21,30855600.0,131536352.0
2020-01-13,4.19,4.2,4.1,4.15,14710827.0,60737892.0
2020-01-14,4.17,4.17,4.11,4.11,11878400.0,49057096.0
2020-01-15,4.13,4.13,4.05,4.06,11138983.0,45316968.0
2020-01-16,4.06,4.09,4.03,4.03,8023100.0,32524884.0
2020-01-17,4.04,4.06,4.01,4.02,6052301.0,24414194.0
2020-01-20,4.05,4.05,4.02,4.05,5480403.0,22100258.0
2020-01-21,4.06,4.06,4.01,4.01,6165102.0,24841610.0
2020-01-22,4.07,4.07,4.01,4.01,8711748.0,35063844.0
2020-01-23,3.95,3.95,3.8,3.83,13913568.0,54012656.0
2020-02-03,3.45,3.45,3.45,3.45,1548500.0,5342325.0
2020-02-04,3.11,3.33,3.11,3.26,18041612.0,58142896.0
2020-02-05,3.26,3.39,3.23,3.35,11556034.0,38554712.0
2020-02-06,3.4,3.4,3.32,3.38,13244510.0,44497600.0
2020-02-07,3.37,3.46,3.33,3.46,15661706.0,53316440.0
2020-02-10,3.43,3.56,3.4,3.55,15675900.0,54590564.0
2020-02-11,3.52,3.61,3.51,3.53,12131300.0,43007528.0
2020-02-12,3.52,3.69,3.51,3.65,18839022.0,68267528.0
2020-02-13,3.62,3.64,3.54,3.57,14770301.0,53012092.0
2020-02-14,3.54,3.6,3.49,3.53,9933400.0,35200524.0
2020-02-17,3.52,3.62,3.5,3.61,13507670.0,48433232.0
2020-02-18,3.61,3.7,3.6,3.68,14763767.0,53866656.0
2020-02-19,3.7,3.7,3.63,3.65,11690900.0,42720624.0
2020-02-20,3.62,3.75,3.59,3.72,17085832.0,62774024.0
2020-02-21,3.71,3.88,3.69,3.82,23224400.0,88296832.0
2020-02-24,3.77,3.87,3.77,3.83,16173310.0,61673972.0
2020-02-25,3.77,3.78,3.6,3.72,21476720.0,79506864.0
2020-02-26,3.69,3.81,3.61,3.69,16819172.0,62725168.0
2020-02-27,3.71,3.73,3.64,3.66,12284895.0,45208760.0
2020-02-28,3.55,3.57,3.37,3.39,16851332.0,58321624.0
2020-03-02,3.42,3.59,3.42,3.56,11875199.0,41776120.0
2020-03-03,3.62,3.67,3.54,3.59,12890102.0,46494304.0
2020-03-04,3.56,3.64,3.5,3.63,12968693.0,46704708.0
2020-03-05,3.64,3.78,3.63,3.76,21140904.0,78182312.0
2020-03-06,3.74,3.75,3.66,3.67,13245101.0,48874376.0
2020-03-09,3.73,3.77,3.58,3.59,19373000.0,71339552.0
2020-03-10,3.52,3.61,3.4,3.6,17610912.0,61619688.0
2020-03-11,3.6,3.7,3.57,3.61,16629778.0,60585696.0
2020-03-12,3.56,3.56,3.45,3.48,12921686.0,45177676.0
2020-03-13,3.25,3.42,3.2,3.39,12612501.0,42001504.0
2020-03-16,3.45,3.48,3.27,3.28,11692500.0,39514112.0
2020-03-17,3.35,3.35,3.11,3.23,11224500.0,36000480.0
2020-03-18,3.25,3.3,3.16,3.17,10512500.0,34109988.0
2020-03-19,3.17,3.21,3.05,3.15,11978100.0,37372144.0
2020-03-20,3.18,3.25,3.14,3.24,11628300.0,37222560.0
2020-03-23,3.17,3.19,3.08,3.09,9821100.0,30793776.0
2020-03-24,3.15,3.17,3.06,3.13,10605800.0,33124092.0
2020-03-25,3.19,3.24,3.15,3.22,11391100.0,36375272.0
2020-03-26,3.2,3.21,3.14,3.17,7997600.0,25416712.0
2020-03-27,3.2,3.22,3.14,3.15,8607831.0,27385984.0
2020-03-30,3.11,3.11,3.0,3.06,10266310.0,31305782.0
2020-03-31,3.09,3.12,3.05,3.06,9025800.0,27885406.0
2020-04-01,3.09,3.13,3.04,3.07,7561962.0,23370252.0
2020-04-02,3.05,3.27,3.02,3.19,18832000.0,59675336.0
2020-04-03,3.16,3.51,3.15,3.51,40940384.0,137504336.0
2020-04-07,3.47,3.58,3.32,3.5,49993136.0,173225344.0
2020-04-08,3.42,3.44,3.35,3.39,26195876.0,88700536.0
2020-04-09,3.38,3.57,3.37,3.43,27093680.0,94168056.0
2020-04-10,3.38,3.59,3.3,3.49,36868360.0,127279128.0
2020-04-13,3.42,3.46,3.32,3.36,19209252.0,64767388.0
2020-04-14,3.35,3.43,3.33,3.38,12269766.0,41342500.0
2020-04-15,3.35,3.38,3.26,3.26,15941764.0,52627548.0
2020-04-16,3.2,3.24,3.17,3.18,10562462.0,33689444.0
2020-04-17,3.18,3.28,3.16,3.21,12107563.0,38998552.0
2020-04-20,3.19,3.27,3.18,3.22,10190672.0,32742046.0
2020-04-21,3.18,3.22,3.1,3.21,10537301.0,33414694.0
2020-04-22,3.19,3.25,3.15,3.22,9320601.0,29891036.0
2020-04-23,3.22,3.5,3.22,3.42,39179352.0,133202216.0
2020-04-24,3.41,3.45,3.21,3.23,22403218.0,75021480.0
2020-04-27,3.27,3.55,3.24,3.55,27973516.0,96886584.0
2020-04-28,3.91,3.91,3.81,3.91,65642516.0,256385536.0
2020-04-29,3.88,3.88,3.52,3.53,107287416.0,396186240.0
2020-04-30,3.43,3.54,3.3,3.43,62079620.0,213051840.0
2020-05-06,3.37,3.43,3.32,3.41,40894276.0,137915216.0
2020-05-07,3.38,3.41,3.31,3.32,32341460.0,108490328.0
2020-05-08,3.33,3.36,3.26,3.31,26896470.0,89022112.0
2020-05-11,3.31,3.32,3.23,3.28,20146220.0,65955772.0
2020-05-12,3.27,3.31,3.25,3.31,15646859.0,51429112.0
2020-05-13,3.27,3.34,3.27,3.33,16699502.0,55372128.0
2020-05-14,3.31,3.38,3.27,3.28,19528388.0,65045800.0
2020-05-15,3.29,3.35,3.26,3.33,17596776.0,58150960.0
2020-05-18,3.32,3.33,3.24,3.26,16590923.0,54333860.0
2020-05-19,3.28,3.3,3.21,3.22,13566500.0,43871988.0
2020-05-20,3.11,3.15,3.01,3.13,20099160.0,62241212.0
2020-05-21,3.13,3.17,3.09,3.13,11576600.0,36248868.0
2020-05-22,3.12,3.15,3.06,3.08,10361000.0,32129684.0
2020-05-25,3.08,3.11,3.07,3.1,6014802.0,18597872.0
2020-05-26,3.12,3.21,3.09,3.18,10706499.0,33784532.0
2020-05-27,3.2,3.24,3.13,3.17,10547701.0,33506168.0
2020-05-28,3.17,3.19,3.1,3.11,8958247.0,28092046.0
2020-05-29,3.11,3.16,3.08,3.13,7085505.0,22150340.0
2020-06-01,3.13,3.19,3.11,3.19,11544711.0,36489472.0
2020-06-02,3.2,3.26,3.18,3.23,14177601.0,45711276.0
2020-06-03,3.24,3.24,3.18,3.21,12809900.0,41108684.0
2020-06-04,3.24,3.42,3.21,3.26,25371802.0,83917816.0
2020-06-05,3.22,3.26,3.18,3.21,13841410.0,44330928.0
2020-06-08,3.2,3.25,3.18,3.2,7785926.0,25019138.0
2020-06-09,3.2,3.2,3.15,3.2,8948892.0,28422104.0
2020-06-10,3.19,3.31,3.16,3.25,15930281.0,51554748.0
2020-06-11,3.23,3.26,3.2,3.21,10036522.0,32330878.0
2020-06-12,3.14,3.3,3.08,3.28,21299756.0,68983672.0
2020-06-15,3.25,3.4,3.22,3.27,24163434.0,79325856.0
2020-06-16,3.3,3.3,3.25,3.28,11386085.0,37230224.0
2020-06-17,3.28,3.3,3.23,3.27,14817300.0,48382672.0
2020-06-18,3.27,3.29,3.24,3.26,7858740.0,25611994.0
2020-06-19,3.26,3.29,3.24,3.28,8702768.0,28438586.0
2020-06-22,3.27,3.37,3.26,3.33,17172492.0,57052508.0
2020-06-23,3.33,3.37,3.27,3.29,11495777.0,38062388.0
2020-06-24,3.3,3.41,3.3,3.34,14723454.0,49286860.0
2020-06-29,3.32,3.43,3.31,3.41,22813380.0,77122232.0
2020-06-30,3.38,3.51,3.38,3.5,26397952.0,91168184.0
2020-07-01,3.52,3.52,3.37,3.44,25483460.0,87656616.0
2020-07-02,3.4,3.45,3.38,3.45,17180116.0,58561600.0
2020-07-03,3.45,3.46,3.38,3.42,17171744.0,58615236.0
2020-07-06,3.42,3.76,3.42,3.64,48155956.0,172172416.0
2020-07-07,3.71,3.79,3.53,3.61,42723216.0,155696784.0
2020-07-08,3.59,3.71,3.56,3.66,33806224.0,123055976.0
2020-07-09,3.63,3.76,3.58,3.74,40209188.0,148983408.0
2020-07-10,3.75,4.11,3.72,4.11,74991840.0,301611872.0
2020-07-13,4.14,4.52,4.01,4.45,113556152.0,475721696.0
2020-07-14,4.3,4.36,4.08,4.1,68331984.0,285967744.0
2020-07-15,4.01,4.08,3.7,3.76,55414760.0,215131264.0
2020-07-16,3.8,3.96,3.6,3.71,33582016.0,128380848.0
2020-07-17,3.69,3.8,3.66,3.75,19168128.0,71786544.0
2020-07-20,3.75,3.91,3.74,3.88,20581488.0,78905808.0
2020-07-21,3.87,4.04,3.79,3.95,30379002.0,117899544.0
2020-07-22,3.9,4.01,3.82,3.88,28987648.0,113741648.0
2020-07-23,3.82,3.86,3.7,3.77,18692900.0,70546160.0
2020-07-24,3.79,3.85,3.6,3.63,20336330.0,75800824.0
2020-07-27,3.63,3.63,3.5,3.58,15196491.0,54047832.0
2020-07-28,3.6,3.64,3.57,3.61,9326600.0,33616792.0
2020-07-29,3.42,3.65,3.41,3.61,27343744.0,96595312.0
2020-07-30,3.6,3.7,3.58,3.61,18264016.0,66421876.0
2020-07-31,3.61,3.71,3.57,3.68,17842948.0,64985368.0
2020-08-03,3.71,3.95,3.71,3.91,28092082.0,108801160.0
2020-08-04,3.9,4.05,3.84,3.85,26509060.0,104036120.0
2020-08-05,3.94,3.94,3.78,3.88,17069620.0,66002304.0
2020-08-06,3.89,3.9,3.78,3.85,12485721.0,47863756.0
2020-08-07,3.82,3.83,3.75,3.8,11511300.0,43655544.0
2020-08-10,3.76,3.87,3.74,3.84,9417000.0,35970712.0
2020-08-11,3.82,3.84,3.7,3.7,12454400.0,46903104.0
2020-08-12,3.66,3.77,3.62,3.7,11132835.0,41055832.0
2020-08-13,3.69,3.76,3.67,3.69,9055000.0,33672412.0
2020-08-14,3.69,3.72,3.62,3.69,10875834.0,39868968.0
2020-08-17,3.7,3.79,3.68,3.76,11417667.0,42638824.0
2020-08-18,3.76,3.96,3.72,3.89,33591392.0,129325744.0
2020-08-19,3.84,3.89,3.73,3.76,23333708.0,88903480.0
2020-08-20,3.77,3.81,3.63,3.69,13726947.0,51181820.0
2020-08-21,3.69,3.83,3.68,3.83,17684208.0,66540688.0
2020-08-24,3.81,3.82,3.7,3.72,13990199.0,52337020.0
2020-08-25,3.72,3.74,3.65,3.67,12861362.0,47370396.0
2020-08-26,3.65,3.75,3.55,3.56,14365230.0,52168692.0
2020-08-27,3.55,3.59,3.46,3.52,12626400.0,44504488.0
2020-08-28,3.52,3.57,3.49,3.52,9958351.0,35072840.0
2020-08-31,3.53,3.58,3.5,3.51,10978850.0,38825032.0
2020-09-01,3.51,3.67,3.45,3.61,18465584.0,65894168.0
2020-09-02,3.6,3.61,3.54,3.58,10442552.0,37359384.0
2020-09-03,3.55,3.6,3.5,3.52,9009402.0,31863490.0
2020-09-04,3.49,3.51,3.46,3.48,10532602.0,36627436.0
2020-09-07,3.46,3.51,3.36,3.39,12469021.0,42878408.0
2020-09-08,3.38,3.49,3.34,3.47,11196084.0,38413492.0
2020-09-09,3.45,3.58,3.43,3.49,14127322.0,49542604.0
2020-09-10,3.51,3.51,3.29,3.3,15053065.0,50708900.0
2020-09-11,3.0,3.3,3.0,3.23,11058560.0,35095736.0
2020-09-14,3.24,3.34,3.19,3.23,6719000.0,21792528.0
2020-09-15,3.23,3.23,3.16,3.19,5932700.0,18934534.0
2020-09-16,3.15,3.18,3.07,3.12,11207493.0,34830948.0
2020-09-17,3.13,3.14,3.03,3.1,10176700.0,31400082.0
2020-09-18,3.11,3.27,3.09,3.22,12698147.0,40396856.0
2020-09-21,3.21,3.24,3.16,3.16,7435076.0,23720522.0
2020-09-22,3.13,3.16,3.1,3.1,6606646.0,20666336.0
2020-09-23,3.12,3.41,3.1,3.41,29037608.0,96407968.0
2020-09-24,3.27,3.43,3.18,3.26,29332268.0,97094288.0
2020-09-25,3.33,3.41,3.25,3.27,16169463.0,53744852.0
2020-09-28,3.27,3.3,3.14,3.18,9322201.0,29921706.0
2020-09-29,3.12,3.26,3.12,3.19,8978657.0,28677266.0
2020-09-30,3.21,3.23,3.12,3.14,6662000.0,21072690.0
2020-10-09,3.17,3.35,3.16,3.29,16039766.0,52492068.0
2020-10-12,3.4,3.45,3.3,3.42,24003364.0,81250560.0
2020-10-13,3.43,3.44,3.35,3.38,15628043.0,52800892.0
2020-10-14,3.41,3.41,3.28,3.28,12701500.0,42172912.0
2020-10-15,3.3,3.3,3.21,3.21,8977667.0,29052740.0
2020-10-16,3.21,3.24,3.19,3.22,6197747.0,19926516.0
2020-10-19,3.24,3.26,3.17,3.2,7570247.0,24314264.0
2020-10-20,3.2,3.22,3.17,3.21,4986000.0,15891592.0
2020-10-21,3.22,3.23,3.16,3.18,5311273.0,16877034.0
2020-10-22,3.19,3.2,3.15,3.18,4385100.0,13911764.0
2020-10-23,3.18,3.22,3.16,3.19,5143810.0,16373878.0
2020-10-26,3.19,3.23,3.16,3.22,5959757.0,19109790.0
2020-10-27,3.2,3.22,3.17,3.18,3878101.0,12372421.0
2020-10-28,3.17,3.18,3.12,3.16,4420500.0,13944957.0
2020-10-29,3.15,3.2,3.12,3.15,4730610.0,14931522.0
2020-10-30,3.17,3.17,3.06,3.08,6955100.0,21632138.0
2020-11-02,3.08,3.1,3.06,3.07,3647800.0,11231257.0
2020-11-03,3.09,3.14,3.05,3.14,4090271.0,12735523.0
2020-11-04,3.14,3.15,3.09,3.1,2811057.0,8758476.0
2020-11-05,3.11,3.13,3.09,3.12,4041603.0,12574740.0
2020-11-06,3.13,3.14,3.07,3.09,4521501.0,13980514.0
2020-11-09,3.06,3.12,3.06,3.1,6757301.0,20985152.0
2020-11-10,3.11,3.12,3.07,3.08,4507410.0,13938547.0
2020-11-11,3.08,3.09,3.05,3.07,3929184.0,12041552.0
2020-11-12,3.07,3.08,3.05,3.06,3813281.0,11675840.0
2020-11-13,3.06,3.08,3.03,3.07,3460700.0,10576537.0
2020-11-16,3.07,3.09,3.03,3.08,5588711.0,17140172.0
2020-11-17,3.08,3.08,3.05,3.06,4179101.0,12789729.0
2020-11-18,3.06,3.09,3.05,3.08,4191600.0,12883788.0
2020-11-19,3.06,3.12,3.06,3.1,5645394.0,17471964.0
2020-11-20,3.1,3.1,3.07,3.09,3637498.0,11215126.0
2020-11-23,3.09,3.13,3.07,3.11,6015839.0,18647532.0
2020-11-24,3.1,3.11,3.09,3.11,4861043.0,15067134.0
2020-11-25,3.11,3.17,3.1,3.13,8858900.0,27787564.0
2020-11-26,3.12,3.17,3.1,3.15,7899579.0,24757636.0
2020-11-27,3.15,3.16,3.08,3.1,6580420.0,20463076.0
2020-11-30,3.08,3.1,3.05,3.05,9234060.0,28358320.0
2020-12-01,3.04,3.09,3.04,3.08,5317602.0,16299721.0
2020-12-02,3.08,3.09,3.06,3.07,4224000.0,12972628.0
2020-12-03,3.07,3.07,3.05,3.07,4038389.0,12347796.0
2020-12-04,3.05,3.08,3.05,3.08,3148355.0,9644226.0
2020-12-07,3.07,3.11,3.06,3.11,6107374.0,18907504.0
2020-12-08,3.1,3.11,3.08,3.1,4028300.0,12451903.0
2020-12-09,3.1,3.1,3.01,3.02,7066100.0,21563866.0
2020-12-10,3.02,3.07,3.02,3.03,5247238.0,15914422.0
2020-12-11,3.02,3.03,2.92,2.96,7461100.0,22210822.0
2020-12-14,2.95,2.97,2.9,2.91,5106956.0,14907057.0
2020-12-15,2.91,2.92,2.81,2.82,8023100.0,22679320.0
2020-12-16,2.82,2.83,2.69,2.72,7476900.0,20492104.0
2020-12-17,2.7,2.77,2.62,2.74,8425660.0,22562856.0
2020-12-18,2.74,2.84,2.74,2.79,7204120.0,20210580.0
2020-12-21,2.82,2.82,2.76,2.79,3563557.0,9946255.0
2020-12-22,2.79,2.81,2.71,2.71,3883600.0,10647484.0
2020-12-23,2.71,2.73,2.67,2.69,4572900.0,12319354.0
2020-12-24,2.71,2.72,2.63,2.66,4280700.0,11443495.0
2020-12-25,2.66,2.74,2.65,2.73,5538346.0,14979841.0
2020-12-28,2.73,2.77,2.67,2.68,5510000.0,14845157.0
2020-12-29,2.68,2.71,2.66,2.68,4133094.0,11083140.0
2020-12-30,2.73,2.95,2.72,2.95,7238846.0,21219670.0
2020-12-31,3.25,3.25,3.21,3.25,36723064.0,119328344.0
2021-01-04,3.28,3.45,3.16,3.18,64748324.0,211234256.0
2021-01-05,3.05,3.15,2.94,3.02,46489188.0,139958288.0
2021-01-06,2.96,3.01,2.9,2.92,20544900.0,60321900.0
2021-01-07,2.9,3.1,2.9,2.95,21488956.0,63896092.0
2021-01-08,2.9,2.9,2.66,2.79,17251208.0,47807036.0
2021-01-11,2.73,2.77,2.68,2.69,11746800.0,31819148.0
2021-01-12,2.69,2.84,2.66,2.77,11377326.0,31281830.0
2021-01-13,2.72,2.73,2.67,2.71,9607798.0,25846776.0
2021-01-14,2.72,2.73,2.66,2.7,7093901.0,19094168.0
2021-01-15,2.72,2.97,2.7,2.97,22885484.0,65592528.0
2021-01-18,2.98,3.03,2.86,2.89,23034438.0,67072920.0
2021-01-19,2.88,2.98,2.8,2.89,17610796.0,50616808.0
2021-01-20,2.88,2.91,2.82,2.89,11961641.0,34185976.0
2021-01-21,2.88,2.97,2.85,2.9,12074742.0,35147396.0
2021-01-22,2.87,2.9,2.77,2.77,11912900.0,33517922.0
2021-01-25,2.76,2.84,2.71,2.76,7768900.0,21460972.0
2021-01-26,2.75,2.8,2.72,2.76,5234211.0,14374253.0
2021-01-27,2.68,2.74,2.64,2.69,10905901.0,29306844.0
2021-01-28,2.69,2.75,2.67,2.69,6710701.0,18165028.0
2021-01-29,2.7,2.73,2.66,2.7,8853195.0,23795958.0
2021-02-01,2.72,2.73,2.67,2.69,5331500.0,14368318.0
2021-02-02,2.68,2.68,2.58,2.6,9673984.0,25351254.0
2021-02-03,2.59,2.63,2.5,2.53,6806200.0,17577864.0
2021-02-04,2.53,2.54,2.4,2.47,9713100.0,23928802.0
2021-02-05,2.48,2.53,2.45,2.46,4678020.0,11647245.0
2021-02-08,2.47,2.63,2.47,2.51,7061900.0,18023848.0
2021-02-09,2.51,2.54,2.51,2.52,4378100.0,11049739.0
2021-02-10,2.52,2.68,2.51,2.59,5550255.0,14259325.0
2021-02-18,2.59,2.66,2.57,2.64,6079055.0,16014771.0
2021-02-19,2.64,2.72,2.63,2.71,6035137.0,16173421.0
2021-02-22,2.72,2.82,2.68,2.68,12696166.0,34925552.0
2021-02-23,2.69,2.73,2.64,2.65,5943446.0,15887542.0
2021-02-24,2.65,2.92,2.65,2.81,24469692.0,69066520.0
2021-02-25,2.76,2.79,2.7,2.73,13899384.0,38110636.0
2021-02-26,2.68,2.77,2.65,2.72,7785893.0,21182236.0
2021-03-01,2.73,2.79,2.72,2.74,5785900.0,15851978.0
2021-03-02,2.74,2.78,2.71,2.76,7361500.0,20171856.0
2021-03-03,2.76,2.77,2.72,2.76,5802300.0,15929524.0
2021-03-04,2.76,2.8,2.73,2.75,7788700.0,21518456.0
2021-03-05,2.75,2.87,2.74,2.8,11390881.0,31842182.0
2021-03-08,2.79,2.86,2.78,2.82,9384400.0,26376588.0
2021-03-09,2.81,3.02,2.81,2.92,26333008.0,76458664.0
2021-03-10,2.88,2.88,2.68,2.74,15229235.0,42193900.0
2021-03-11,2.71,2.74,2.61,2.71,7915900.0,21236948.0
2021-03-12,2.72,2.77,2.66,2.7,8348600.0,22669876.0
2021-03-15,2.7,2.76,2.69,2.71,6509930.0,17643182.0
2021-03-16,2.71,2.8,2.7,2.79,11487731.0,31649122.0
2021-03-17,2.82,2.83,2.72,2.75,12856900.0,35672184.0
2021-03-18,2.75,2.76,2.71,2.71,7376846.0,20092942.0
2021-03-19,2.7,2.73,2.68,2.71,6102055.0,16486215.0
2021-03-22,2.74,2.77,2.71,2.76,8234689.0,22581358.0
2021-03-23,2.77,2.78,2.71,2.72,6194693.0,16937172.0
2021-03-24,2.71,2.82,2.69,2.77,11324201.0,31281402.0
2021-03-25,2.76,2.89,2.71,2.8,16753772.0,47040552.0
2021-03-26,2.76,2.95,2.76,2.85,15395172.0,43949468.0
2021-03-29,2.83,2.93,2.78,2.8,9967500.0,28122976.0
2021-03-30,2.78,2.8,2.72,2.74,7387900.0,20241994.0
2021-03-31,2.71,2.77,2.71,2.77,5612835.0,15415741.0
2021-04-01,2.74,2.76,2.71,2.72,5677000.0,15535474.0
2021-04-02,2.73,2.75,2.69,2.72,5588938.0,15169397.0
2021-04-06,2.72,2.77,2.7,2.75,4796056.0,13149227.0
2021-04-07,2.73,2.8,2.73,2.8,9248858.0,25631138.0
2021-04-08,2.84,2.93,2.78,2.81,16223346.0,46055176.0
2021-04-09,2.8,2.88,2.76,2.8,10156431.0,28511696.0
2021-04-12,2.79,2.79,2.73,2.74,8248482.0,22723862.0
2021-04-13,2.76,2.77,2.69,2.72,5900500.0,15988530.0
2021-04-14,2.71,2.75,2.69,2.73,4319786.0,11774955.0
2021-04-15,2.71,2.74,2.68,2.71,5782900.0,15651957.0
2021-04-16,2.7,2.77,2.69,2.76,7412000.0,20312576.0
2021-04-19,2.76,2.83,2.75,2.82,10311600.0,28922472.0
2021-04-20,2.83,2.84,2.78,2.78,6856781.0,19256346.0
2021-04-21,2.78,2.79,2.74,2.76,3598193.0,9954485.0
2021-04-22,2.76,2.8,2.75,2.77,3714100.0,10292441.0
2021-04-23,2.79,2.79,2.69,2.7,6802116.0,18481146.0
2021-04-26,2.7,2.72,2.67,2.68,5217800.0,14051913.0
2021-04-27,2.68,2.74,2.61,2.72,8449900.0,22562466.0
2021-04-28,2.71,2.72,2.66,2.66,3882210.0,10403130.0
2021-04-29,2.67,2.69,2.64,2.66,3450600.0,9177435.0
2021-04-30,2.67,2.67,2.63,2.65,3036506.0,8041189.0
2021-05-06,2.66,2.68,2.63,2.64,3854809.0,10221595.0
2021-05-07,2.63,2.65,2.61,2.64,4478159.0,11779774.0
2021-05-10,2.64,2.66,2.57,2.58,7582700.0,19697058.0
2021-05-11,2.58,2.63,2.52,2.6,5463600.0,14084174.0
2021-05-12,2.59,2.63,2.57,2.62,4355814.0,11342309.0
2021-05-13,2.59,2.65,2.59,2.62,5084900.0,13360750.0
2021-05-14,2.62,2.75,2.62,2.71,12973570.0,35027420.0
2021-05-17,2.69,2.72,2.64,2.66,8115891.0,21798624.0
2021-05-18,2.69,2.69,2.65,2.67,3023060.0,8077947.5
2021-05-19,2.65,2.68,2.64,2.65,4754600.0,12611244.0
2021-05-20,2.64,2.7,2.63,2.67,5151593.0,13771216.0
2021-05-21,2.66,2.68,2.64,2.66,4258581.0,11309956.0
2021-05-24,2.68,2.69,2.65,2.66,3598231.0,9596524.0
2021-05-25,2.65,2.67,2.62,2.64,5231600.0,13832944.0
2021-05-26,2.63,2.67,2.62,2.65,6322710.0,16703063.0
2021-05-27,2.65,2.7,2.63,2.68,6806100.0,18196576.0
2021-05-28,2.68,2.72,2.65,2.65,4884700.0,13101620.0
2021-05-31,2.63,2.69,2.63,2.66,3920400.0,10411822.0
2021-06-01,2.65,2.93,2.65,2.82,24671188.0,68783984.0
2021-06-02,2.78,2.83,2.71,2.74,16470405.0,45394776.0
2021-06-03,2.74,2.77,2.72,2.73,8383300.0,23011560.0
2021-06-04,2.73,2.74,2.66,2.7,8224300.0,22228464.0
2021-06-07,2.7,2.77,2.69,2.73,6645301.0,18137452.0
2021-06-08,2.72,2.79,2.71,2.77,9551374.0,26366822.0
2021-06-09,2.76,2.79,2.73,2.74,6122700.0,16862754.0
2021-06-10,2.78,2.78,2.73,2.75,5140001.0,14121932.0
2021-06-11,2.74,2.76,2.71,2.73,5961364.0,16310043.0
2021-06-15,2.75,2.77,2.73,2.75,5674200.0,15601751.0
2021-06-16,2.77,2.77,2.67,2.7,6850233.0,18588402.0
2021-06-17,2.7,2.72,2.68,2.68,3753184.0,10098351.0
2021-06-18,2.7,2.76,2.65,2.74,8012750.0,21716738.0
2021-06-21,2.75,2.79,2.71,2.75,6430000.0,17729464.0
2021-06-22,2.74,2.8,2.73,2.78,9308250.0,25796278.0
2021-06-23,2.8,2.8,2.75,2.77,6071579.0,16859098.0
2021-06-24,2.79,2.87,2.76,2.81,11859861.0,33351630.0
2021-06-25,2.78,2.81,2.73,2.74,9320495.0,25744868.0
2021-06-28,2.74,2.76,2.71,2.71,6968033.0,18997798.0
2021-06-29,2.73,2.73,2.68,2.69,4932706.0,13331232.0
2021-06-30,2.69,2.71,2.68,2.71,3514700.0,9477924.0
2021-07-01,2.71,2.71,2.66,2.67,4620200.0,12380379.0
2021-07-02,2.67,2.68,2.65,2.67,3580502.0,9518140.0
2021-07-05,2.67,2.69,2.66,2.68,4179700.0,11184160.0
2021-07-06,2.71,2.71,2.66,2.68,3812700.0,10221673.0
2021-07-07,2.65,2.7,2.65,2.68,4856600.0,12980109.0
2021-07-08,2.7,2.8,2.67,2.72,12431318.0,33969064.0
2021-07-09,2.7,2.72,2.68,2.71,7977818.0,21521840.0
2021-07-12,2.72,2.74,2.67,2.69,8752600.0,23644544.0
2021-07-13,2.67,2.71,2.65,2.71,5904000.0,15852798.0
2021-07-14,2.68,2.71,2.65,2.66,7608700.0,20362224.0
2021-07-15,2.67,2.67,2.58,2.6,9233646.0,24115602.0
2021-07-16,2.6,2.63,2.59,2.62,3674543.0,9623081.0
2021-07-19,2.61,2.74,2.59,2.7,10187743.0,27151408.0
2021-07-20,2.63,2.67,2.61,2.65,6642657.0,17523804.0
2021-07-21,2.71,2.79,2.7,2.71,12694428.0,34682112.0
2021-07-22,2.71,2.98,2.68,2.83,41636232.0,117866480.0
2021-07-23,2.81,3.05,2.79,3.0,52228024.0,154656464.0
2021-07-26,2.99,3.04,2.91,2.94,32553460.0,96254872.0
2021-07-27,2.99,3.02,2.82,2.89,25514316.0,73999648.0
2021-07-28,2.88,2.88,2.67,2.72,15790906.0,43577688.0
2021-07-29,2.71,2.8,2.71,2.75,11223500.0,30846044.0
2021-07-30,2.73,2.75,2.69,2.73,9114300.0,24828576.0
2021-08-02,2.73,2.75,2.7,2.74,12385422.0,33749072.0
2021-08-03,2.71,2.79,2.69,2.73,11903438.0,32491132.0
2021-08-04,2.72,2.73,2.67,2.71,13810800.0,37253868.0
2021-08-05,2.73,2.74,2.65,2.66,11533376.0,31017032.0
2021-08-06,2.65,2.7,2.65,2.7,7185412.0,19226062.0
2021-08-09,2.74,2.74,2.68,2.68,10459690.0,28300546.0
2021-08-10,2.69,2.71,2.68,2.7,7800144.0,21035344.0
2021-08-11,2.7,2.71,2.67,2.68,9101144.0,24456682.0
2021-08-12,2.69,2.71,2.68,2.69,7351758.0,19787668.0
2021-08-13,2.69,2.83,2.69,2.8,22067100.0,60798380.0
2021-08-16,2.8,2.9,2.76,2.77,21832632.0,61610112.0
2021-08-17,2.77,2.81,2.71,2.72,13604116.0,37423088.0
2021-08-18,2.72,2.72,2.67,2.72,9301970.0,25088008.0
2021-08-19,2.72,2.72,2.68,2.69,6053100.0,16339175.0
2021-08-20,2.69,2.69,2.66,2.67,7343839.0,19608532.0
2021-08-23,2.67,2.71,2.67,2.68,9257301.0,24855412.0
2021-08-24,2.68,2.84,2.68,2.79,24833972.0,68460888.0
2021-08-25,2.85,2.86,2.75,2.78,21333006.0,59445124.0
2021-08-26,2.79,2.95,2.78,2.86,37034740.0,106865112.0
2021-08-27,2.88,2.94,2.84,2.86,17013808.0,48800984.0
2021-08-30,2.86,2.97,2.81,2.9,22539652.0,65149848.0
2021-08-31,2.92,3.08,2.89,2.98,38231232.0,113611952.0
2021-09-01,2.97,3.25,2.93,3.07,51493888.0,159606288.0
2021-09-02,3.03,3.18,2.98,3.09,38088236.0,116293760.0
2021-09-03,3.13,3.33,3.08,3.09,39802512.0,126866776.0
2021-09-06,3.08,3.18,3.05,3.1,22421292.0,69434784.0
2021-09-07,3.08,3.14,3.07,3.11,19669512.0,60953136.0
2021-09-08,3.08,3.11,3.07,3.09,18671422.0,57696100.0
2021-09-09,3.1,3.1,3.04,3.06,15386192.0,47188448.0
2021-09-10,3.06,3.14,3.04,3.06,16452913.0,50672048.0
2021-09-13,3.06,3.08,2.99,3.04,15383067.0,46471940.0
2021-09-14,3.06,3.34,3.04,3.34,64358544.0,210446048.0
2021-09-15,3.3,3.54,3.3,3.37,85431552.0,290943776.0
2021-09-16,3.36,3.42,3.2,3.2,47048536.0,155539936.0
2021-09-17,3.26,3.39,3.21,3.31,34853852.0,114530096.0
2021-09-22,3.29,3.33,3.2,3.29,21427992.0,70269528.0
2021-09-23,3.31,3.35,3.27,3.3,23239200.0,76782504.0
2021-09-24,3.31,3.32,3.18,3.19,18977208.0,60992576.0
2021-09-27,3.19,3.23,3.01,3.07,20454724.0,62966588.0
2021-09-28,3.08,3.12,3.03,3.08,14537600.0,44734772.0
2021-09-29,3.08,3.11,2.95,2.95,15684701.0,47239532.0
2021-09-30,2.95,3.02,2.94,3.0,10109600.0,30166120.0
2021-10-08,3.01,3.22,3.01,3.11,14430261.0,45058416.0
2021-10-11,3.18,3.23,3.08,3.16,14556400.0,45427012.0
2021-10-12,3.2,3.2,2.95,3.0,20653500.0,62555096.0
2021-10-13,3.02,3.03,2.92,2.94,7990085.0,23543384.0
2021-10-14,2.94,2.98,2.89,2.95,7404330.0,21692130.0
2021-10-15,2.95,2.97,2.9,2.92,5940000.0,17345480.0
2021-10-18,2.93,2.95,2.89,2.92,5432400.0,15846548.0
2021-10-19,2.92,2.92,2.89,2.89,6661000.0,19297020.0
2021-10-20,2.9,2.92,2.86,2.91,5796100.0,16779806.0
2021-10-21,2.91,2.92,2.87,2.87,7157300.0,20653868.0
2021-10-22,2.87,2.92,2.85,2.85,4982400.0,14361062.0
2021-10-25,2.88,2.88,2.78,2.81,7433300.0,20871938.0
2021-10-26,2.82,2.94,2.82,2.89,11366900.0,32820724.0
2021-10-27,2.82,2.88,2.8,2.8,6966410.0,19663774.0
2021-10-28,2.82,2.89,2.79,2.83,8691264.0,24704018.0
2021-10-29,2.85,2.91,2.78,2.89,8582892.0,24530506.0
2021-11-01,2.86,2.91,2.86,2.91,5634113.0,16275314.0
2021-11-02,2.91,2.93,2.82,2.84,6874201.0,19690516.0
2021-11-03,2.82,2.85,2.82,2.84,4747500.0,13463033.0
2021-11-04,2.85,2.88,2.83,2.86,4740521.0,13497969.0
2021-11-05,2.86,2.89,2.83,2.86,5241300.0,14996823.0
2021-11-08,2.86,3.04,2.85,2.97,14961154.0,44249600.0
2021-11-09,2.97,3.03,2.96,2.99,8623116.0,25836812.0
2021-11-10,3.0,3.01,2.95,2.99,7737944.0,23006958.0
2021-11-11,2.98,3.05,2.97,3.01,7929472.0,23924434.0
2021-11-12,3.03,3.13,3.02,3.12,13926068.0,42987456.0
2021-11-15,3.12,3.19,3.09,3.13,12179560.0,38124172.0
2021-11-16,3.11,3.16,3.08,3.08,8367800.0,26050936.0
2021-11-17,3.08,3.14,3.07,3.11,6943818.0,21598724.0
2021-11-18,3.13,3.21,3.08,3.13,15196881.0,47755448.0
2021-11-19,3.08,3.16,3.05,3.14,13073330.0,40510512.0
2021-11-22,3.16,3.17,3.1,3.12,7404340.0,23126346.0
2021-11-23,3.13,3.16,3.09,3.12,7373260.0,23022340.0
2021-11-24,3.1,3.11,3.06,3.08,7510201.0,23118204.0
2021-11-25,3.1,3.1,3.05,3.06,4937946.0,15163952.0
2021-11-26,3.06,3.15,3.04,3.1,8999440.0,27826088.0
2021-11-29,3.06,3.09,3.01,3.05,7695600.0,23478954.0
2021-11-30,3.08,3.19,3.04,3.1,12169840.0,37807152.0
2021-12-01,3.08,3.41,3.06,3.41,33131774.0,108689952.0
2021-12-02,3.52,3.56,3.3,3.36,54462532.0,184659280.0
2021-12-03,3.35,3.45,3.3,3.37,27159158.0,91524936.0
2021-12-06,3.39,3.5,3.33,3.34,23444400.0,79833504.0
2021-12-07,3.34,3.43,3.29,3.3,22417162.0,75087440.0
2021-12-08,3.32,3.34,3.23,3.25,17715900.0,57772604.0
2021-12-09,3.24,3.27,3.23,3.23,11273582.0,36546012.0
2021-12-10,3.23,3.36,3.19,3.27,17626216.0,57621472.0
2021-12-13,3.25,3.37,3.21,3.32,16815756.0,55417632.0
2021-12-14,3.28,3.38,3.28,3.35,14612001.0,48863416.0
2021-12-15,3.39,3.4,3.31,3.31,14043792.0,46884384.0
2021-12-16,3.3,3.37,3.27,3.28,12542379.0,41453864.0
2021-12-17,3.27,3.29,3.23,3.24,9151000.0,29805262.0
2021-12-20,3.24,3.4,3.22,3.29,22312446.0,74216560.0
2021-12-21,3.28,3.51,3.28,3.48,32722290.0,111743720.0
2021-12-22,3.5,3.51,3.42,3.43,20204200.0,69727008.0
2021-12-23,3.42,3.47,3.35,3.35,14386600.0,48635912.0
2021-12-24,3.38,3.38,3.25,3.25,14154900.0,46597892.0
2021-12-27,3.22,3.37,3.16,3.36,20059100.0,65796792.0
2021-12-28,3.37,3.38,3.29,3.35,15835900.0,52761208.0
2021-12-29,3.35,3.69,3.33,3.44,70099568.0,249807728.0
2021-12-30,3.26,3.43,3.24,3.3,48920600.0,162067232.0
2021-12-31,3.29,3.63,3.25,3.46,45954620.0,158592848.0
2022-01-04,3.46,3.5,3.4,3.49,33173100.0,114675992.0
2022-01-05,3.44,3.67,3.44,3.55,43198832.0,153558736.0
2022-01-06,3.55,3.64,3.49,3.64,35013104.0,124514408.0
2022-01-07,3.6,3.69,3.49,3.51,31189800.0,111707920.0
2022-01-10,3.53,3.55,3.41,3.46,17627984.0,61230992.0
2022-01-11,3.46,3.53,3.43,3.46,15697853.0,54629928.0
2022-01-12,3.5,3.76,3.48,3.62,29319484.0,105294488.0
2022-01-13,3.6,3.61,3.52,3.56,18357504.0,65435532.0
2022-01-14,3.53,3.58,3.41,3.43,21104636.0,73413904.0
2022-01-17,3.38,3.47,3.36,3.41,13695900.0,46809704.0
2022-01-18,3.42,3.44,3.31,3.32,15137400.0,50565808.0
2022-01-19,3.32,3.36,3.26,3.34,11539300.0,38244376.0
2022-01-20,3.35,3.38,3.22,3.24,13603400.0,44465068.0
2022-01-21,3.23,3.26,3.19,3.22,9779100.0,31543710.0
2022-01-24,3.23,3.24,3.13,3.19,6862322.0,21879828.0
2022-01-25,3.2,3.22,3.0,3.03,12872100.0,40026704.0
2022-01-26,3.05,3.17,3.04,3.14,12525614.0,39023052.0
2022-01-27,3.09,3.14,3.05,3.08,11544895.0,35747160.0
2022-01-28,3.12,3.15,3.07,3.14,9523730.0,29713816.0
2022-02-07,3.17,3.21,3.12,3.15,9595356.0,30319920.0
2022-02-08,3.14,3.25,3.12,3.24,10936292.0,34985168.0
2022-02-09,3.25,3.28,3.24,3.26,6918691.0,22558414.0
2022-02-10,3.26,3.28,3.22,3.25,6215000.0,20178014.0
2022-02-11,3.22,3.26,3.18,3.2,6526900.0,20975032.0
2022-02-14,3.17,3.27,3.16,3.25,6927683.0,22378112.0
2022-02-15,3.26,3.27,3.19,3.22,6055100.0,19435596.0
2022-02-16,3.23,3.26,3.2,3.25,5641200.0,18268568.0
2022-02-17,3.26,3.37,3.24,3.3,14039721.0,46544924.0
2022-02-18,3.3,3.32,3.27,3.31,8840720.0,29149502.0
2022-02-21,3.31,3.35,3.28,3.34,10123517.0,33617896.0
2022-02-22,3.34,3.39,3.28,3.3,8510886.0,28220006.0
2022-02-23,3.3,3.33,3.26,3.32,8027552.0,26509066.0
2022-02-24,3.33,3.33,3.15,3.19,12984900.0,41983388.0
2022-02-25,3.2,3.27,3.17,3.18,8798526.0,28264644.0
2022-02-28,3.17,3.21,3.09,3.16,10974000.0,34438624.0
2022-03-01,3.18,3.27,3.17,3.24,9572795.0,30925166.0
2022-03-02,3.21,3.27,3.21,3.22,6559800.0,21209220.0
2022-03-03,3.23,3.25,3.19,3.22,6473338.0,20853100.0
2022-03-04,3.21,3.21,3.13,3.14,6400715.0,20223916.0
2022-03-07,3.15,3.17,3.08,3.09,7789300.0,24262076.0
2022-03-08,3.1,3.12,2.95,2.98,11391858.0,34349628.0
2022-03-09,3.0,3.04,2.79,2.92,12453000.0,36232640.0
2022-03-10,2.95,3.02,2.94,2.99,8513200.0,25476746.0
2022-03-11,2.95,3.01,2.9,2.99,7469202.0,22013342.0
2022-03-14,2.99,3.0,2.91,2.92,5492200.0,16212247.0
2022-03-15,2.91,2.92,2.73,2.74,9965495.0,28146732.0
2022-03-16,2.76,2.85,2.7,2.81,10038356.0,27924128.0
2022-03-17,2.82,2.9,2.82,2.84,7584095.0,21738310.0
2022-03-18,2.87,2.93,2.83,2.9,7650000.0,22044922.0
2022-03-21,2.92,2.97,2.9,2.93,7363346.0,21574088.0
2022-03-22,2.96,2.97,2.9,2.93,5664500.0,16645801.0
2022-03-23,2.94,2.96,2.88,2.9,6671900.0,19395536.0
2022-03-24,2.88,2.91,2.85,2.86,4931900.0,14155721.0
2022-03-25,2.86,2.91,2.84,2.86,5364756.0,15425574.0
2022-03-28,2.9,2.95,2.83,2.92,9122010.0,26462632.0
2022-03-29,2.94,2.97,2.87,2.94,11566000.0,33698816.0
2022-03-30,2.94,2.95,2.9,2.93,5804200.0,16963766.0
2022-03-31,2.91,3.0,2.91,2.95,6678300.0,19807120.0
2022-04-01,2.95,2.99,2.94,2.97,5878301.0,17397288.0
2022-04-06,2.91,3.03,2.91,3.01,9449700.0,28303016.0
2022-04-07,3.01,3.01,2.92,2.94,6683700.0,19767096.0
2022-04-08,2.92,2.94,2.84,2.87,10119400.0,29185248.0
2022-04-11,2.86,2.87,2.75,2.76,9004920.0,25178412.0
2022-04-12,2.76,2.87,2.74,2.86,7867060.0,22107030.0
2022-04-13,2.88,2.98,2.87,2.92,12928056.0,37891148.0
2022-04-14,2.91,2.92,2.87,2.88,6471674.0,18683686.0
2022-04-15,2.88,2.9,2.81,2.84,7656000.0,21868906.0
2022-04-18,2.84,3.0,2.77,2.95,11523301.0,33517138.0
2022-04-19,2.92,2.98,2.89,2.93,6573765.0,19203280.0
2022-04-20,2.91,2.93,2.84,2.86,5493400.0,15818235.0
2022-04-21,2.87,2.89,2.76,2.79,7787500.0,21839500.0
2022-04-22,2.79,2.8,2.73,2.76,6985500.0,19252152.0
2022-04-25,2.75,2.75,2.54,2.58,10870800.0,28618356.0
2022-04-26,2.58,2.6,2.4,2.43,12833015.0,31962782.0
2022-04-27,2.42,2.5,2.32,2.49,9452846.0,22744914.0
2022-04-28,2.48,2.48,2.37,2.39,6398024.0,15505900.0
2022-04-29,2.39,2.54,2.39,2.52,8530324.0,21320426.0
2022-05-05,2.57,2.72,2.46,2.64,11496504.0,30114336.0
2022-05-06,2.57,2.6,2.47,2.56,6414282.0,16406929.0
2022-05-09,2.55,2.72,2.55,2.68,9258500.0,24659580.0
2022-05-10,2.63,2.95,2.63,2.95,10149542.0,29136802.0
2022-05-11,3.25,3.25,3.25,3.25,7898400.0,25669800.0
2022-05-12,3.48,3.48,3.1,3.14,71020136.0,232929280.0
2022-05-13,3.1,3.45,3.1,3.45,80355632.0,269566816.0
2022-05-16,3.39,3.39,3.11,3.11,90566504.0,291181088.0
2022-05-17,3.06,3.42,3.06,3.42,25055208.0,83724968.0
2022-05-18,3.76,3.76,3.67,3.76,35926064.0,135073872.0
2022-05-19,3.75,4.1,3.47,3.62,117083080.0,428994656.0
2022-05-20,3.6,3.65,3.32,3.35,67690608.0,231787296.0
2022-05-23,3.38,3.4,3.23,3.26,38622400.0,127031104.0
2022-05-24,3.27,3.35,3.11,3.12,32119310.0,102889512.0
2022-05-25,3.13,3.19,3.11,3.19,17817730.0,56088200.0
2022-05-26,3.2,3.22,3.1,3.17,15627300.0,49297208.0
2022-05-27,3.17,3.26,3.14,3.2,20830900.0,66467680.0
2022-05-30,3.21,3.23,3.11,3.13,14720585.0,46292488.0
2022-05-31,3.17,3.44,3.14,3.44,39193148.0,131527680.0
2022-06-01,3.4,3.52,3.31,3.37,45853324.0,155166880.0
2022-06-02,3.37,3.41,3.29,3.34,29588500.0,99229504.0
2022-06-06,3.32,3.67,3.32,3.5,40830556.0,143106448.0
2022-06-07,3.52,3.64,3.4,3.45,34238700.0,119797216.0
2022-06-08,3.41,3.51,3.37,3.5,29147390.0,100527888.0
2022-06-09,3.46,3.51,3.41,3.44,14569560.0,50253416.0
2022-06-10,3.42,3.47,3.4,3.42,14362301.0,49321316.0
2022-06-13,3.4,3.56,3.38,3.44,22575620.0,78271352.0
2022-06-14,3.33,3.45,3.33,3.43,17385512.0,59190600.0
2022-06-15,3.44,3.55,3.39,3.45,21744100.0,75365432.0
2022-06-16,3.45,3.49,3.38,3.4,16131145.0,55113764.0
2022-06-17,3.38,3.42,3.36,3.4,12032900.0,40813256.0
2022-06-20,3.38,3.52,3.37,3.46,14685983.0,50686076.0
2022-06-21,3.47,3.81,3.44,3.81,48493272.0,179947760.0
2022-06-22,3.85,4.19,3.72,4.19,89260376.0,352994880.0
2022-06-23,4.2,4.61,4.01,4.07,134615440.0,576446976.0
2022-06-24,3.96,4.12,3.83,3.95,77866696.0,309810848.0
2022-06-27,3.92,3.98,3.84,3.87,53593500.0,209159152.0
2022-06-28,3.87,4.1,3.81,3.98,53012896.0,210748240.0
2022-06-29,3.9,3.97,3.78,3.8,41731300.0,161326720.0
2022-06-30,3.77,3.82,3.65,3.67,38954076.0,145039504.0
2022-07-01,3.74,3.75,3.64,3.68,19218336.0,70801640.0
2022-07-04,3.68,3.73,3.61,3.71,19511772.0,71769952.0
2022-07-05,3.7,3.73,3.62,3.67,14430960.0,52841868.0
2022-07-06,3.78,3.83,3.68,3.74,29058488.0,108560024.0
2022-07-07,3.7,3.9,3.7,3.87,29656348.0,113610696.0
2022-07-08,3.89,3.92,3.8,3.86,20315788.0,78252472.0
2022-07-11,3.86,3.9,3.77,3.85,14780749.0,56758652.0
2022-07-12,3.85,3.96,3.81,3.82,15881130.0,61510240.0
2022-07-13,3.78,3.9,3.77,3.9,16528430.0,63965032.0
2022-07-14,3.92,3.93,3.83,3.85,15560009.0,60083204.0
2022-07-15,3.81,3.88,3.75,3.79,15225252.0,58004640.0
2022-07-18,3.79,4.07,3.79,3.98,29122800.0,115170472.0
2022-07-19,3.95,4.03,3.91,3.99,17536900.0,69364032.0
2022-07-20,3.94,4.0,3.91,3.97,11834300.0,46770704.0
2022-07-21,3.97,4.08,3.94,4.04,16957260.0,68122352.0
2022-07-22,4.06,4.15,4.01,4.08,18265872.0,74436680.0
2022-07-25,4.05,4.08,3.95,3.96,13777600.0,55099508.0
2022-07-26,3.96,4.0,3.91,3.99,9792100.0,38727016.0
2022-07-27,4.01,4.09,3.9,3.96,12104833.0,48391824.0
2022-07-28,3.96,4.02,3.9,3.91,12264204.0,48352448.0
2022-07-29,3.91,3.99,3.87,3.93,12403744.0,48793308.0
2022-08-01,3.91,3.93,3.79,3.83,14943163.0,57237644.0
2022-08-02,3.8,3.81,3.58,3.65,21303016.0,77947560.0
2022-08-03,3.6,3.73,3.48,3.52,20496000.0,73625232.0
2022-08-04,3.49,3.65,3.49,3.65,14790801.0,52861616.0
2022-08-05,3.64,4.02,3.63,3.83,30059342.0,116206864.0
2022-08-08,3.84,3.85,3.73,3.76,17504484.0,65936628.0
2022-08-09,3.74,3.77,3.68,3.7,11319500.0,41927584.0
2022-08-10,3.67,3.68,3.61,3.64,9848618.0,35859268.0
2022-08-11,3.65,3.99,3.63,3.89,33090322.0,126582056.0
2022-08-12,3.8,3.89,3.73,3.78,27798740.0,105626576.0
2022-08-15,3.7,3.74,3.68,3.73,11489300.0,42680076.0
2022-08-16,3.7,3.85,3.7,3.77,16401770.0,61970608.0
2022-08-17,3.78,3.82,3.72,3.74,11583000.0,43392292.0
2022-08-18,3.73,3.78,3.66,3.66,13548777.0,50197100.0
2022-08-19,3.67,3.72,3.65,3.68,9366500.0,34505596.0
2022-08-22,3.68,3.7,3.61,3.63,9876700.0,36021396.0
2022-08-23,3.64,3.7,3.61,3.68,7519302.0,27527768.0
2022-08-24,3.66,3.67,3.52,3.53,12022300.0,43129184.0
2022-08-25,3.6,3.62,3.45,3.54,9460339.0,33174820.0
2022-08-26,3.59,3.6,3.5,3.52,5745400.0,20311276.0
2022-08-29,3.41,3.56,3.35,3.55,9113282.0,31784824.0
2022-08-30,3.57,3.64,3.48,3.5,7516218.0,26685004.0
2022-08-31,3.5,3.51,3.4,3.41,7532500.0,25872188.0
2022-09-01,3.39,3.75,3.36,3.75,24041260.0,87574024.0
2022-09-02,3.89,4.13,3.7,4.13,56130324.0,223888048.0
2022-09-05,4.0,4.2,3.86,3.97,80947960.0,323957344.0
2022-09-06,3.98,4.05,3.9,3.96,43379988.0,170981344.0
2022-09-07,3.93,3.95,3.83,3.87,31231404.0,120861744.0
2022-09-08,3.88,3.89,3.76,3.79,19779138.0,75370816.0
2022-09-09,3.82,3.82,3.72,3.74,14138403.0,53009552.0
2022-09-13,3.75,3.83,3.72,3.78,16868900.0,63416440.0
2022-09-14,3.69,3.74,3.52,3.72,15133991.0,55619444.0
2022-09-15,3.71,3.74,3.58,3.63,13332300.0,48551528.0
2022-09-16,3.62,3.7,3.55,3.56,12771300.0,46209448.0
2022-09-19,3.55,3.67,3.46,3.56,14668000.0,52073884.0
2022-09-20,3.54,3.62,3.54,3.56,9478392.0,33825824.0
2022-09-21,3.58,3.92,3.49,3.92,27751920.0,104920760.0
2022-09-22,3.98,4.31,3.92,4.03,131897480.0,547894528.0
2022-09-23,3.91,4.05,3.83,3.88,87782048.0,343774976.0
2022-09-26,3.8,3.93,3.76,3.76,41627964.0,159151296.0
2022-09-27,3.85,4.14,3.82,4.14,33078240.0,132962584.0
2022-09-28,4.23,4.45,3.99,4.03,115498520.0,481644416.0
2022-09-29,4.04,4.1,3.9,3.96,58504992.0,232060496.0
2022-09-30,3.97,3.99,3.66,3.68,50731400.0,191417024.0
2022-10-10,3.69,3.96,3.67,3.74,37494992.0,141652720.0
2022-10-11,3.58,3.83,3.54,3.82,38277920.0,142532960.0
2022-10-12,3.81,3.96,3.73,3.94,37106620.0,143685696.0
2022-10-13,3.94,4.03,3.86,3.95,36904600.0,145600256.0
2022-10-14,3.97,4.0,3.91,3.98,28095700.0,111175208.0
2022-10-17,3.94,4.07,3.89,4.07,30222440.0,120341464.0
2022-10-18,4.07,4.07,3.95,3.97,26411700.0,105302976.0
2022-10-19,3.94,4.17,3.92,4.01,36760900.0,147690896.0
2022-10-20,3.95,4.27,3.92,4.09,55100392.0,226775312.0
2022-10-21,4.05,4.05,3.88,3.94,35473700.0,140390912.0
2022-10-24,3.93,3.98,3.75,3.78,25325834.0,97652400.0
2022-10-25,3.75,3.85,3.72,3.81,18612200.0,70611024.0
2022-10-26,4.0,4.19,3.88,4.01,86022368.0,353792448.0
2022-10-27,3.99,4.28,3.98,4.05,64425996.0,263031376.0
2022-10-28,3.99,4.13,3.81,3.84,44881348.0,177983952.0
2022-10-31,3.79,4.22,3.76,4.22,75030080.0,314043808.0
2022-11-01,4.24,4.37,4.08,4.17,87677576.0,367443136.0
2022-11-02,4.13,4.27,4.09,4.14,54935872.0,228298576.0
2022-11-03,4.14,4.19,4.06,4.16,40129216.0,165346720.0
2022-11-04,4.17,4.25,4.12,4.19,50660824.0,211850656.0
2022-11-07,4.15,4.39,4.13,4.26,56717680.0,241702304.0
2022-11-08,4.25,4.39,4.11,4.32,61056236.0,260035280.0
2022-11-09,4.36,4.48,4.21,4.22,49281608.0,212114192.0
2022-11-10,4.23,4.28,4.09,4.14,38968904.0,161891120.0
2022-11-11,4.19,4.29,4.12,4.13,40629900.0,169936320.0
2022-11-14,4.09,4.14,4.03,4.06,25837032.0,105167360.0
2022-11-15,4.07,4.15,4.04,4.15,22326000.0,91493144.0
2022-11-16,4.13,4.15,4.01,4.03,28773610.0,116651816.0
2022-11-17,3.99,4.07,3.95,4.07,19541134.0,78864304.0
2022-11-18,4.07,4.29,4.06,4.06,33773976.0,139607536.0
2022-11-21,4.0,4.04,3.93,3.99,21918110.0,87119440.0
2022-11-22,3.97,4.02,3.94,3.98,14514900.0,57702112.0
2022-11-23,3.99,4.38,3.97,4.38,53651416.0,229282512.0
2022-11-24,4.55,4.62,4.2,4.25,94710592.0,413616928.0
2022-11-25,4.24,4.3,4.15,4.17,42181680.0,177320288.0
2022-11-28,4.14,4.22,4.12,4.16,30198196.0,125625816.0
2022-11-29,4.14,4.24,4.14,4.22,28102380.0,117817736.0
2022-11-30,4.19,4.29,4.15,4.26,32944784.0,138841920.0
2022-12-01,4.26,4.38,4.22,4.24,34210600.0,146550096.0
2022-12-02,4.23,4.23,4.16,4.17,23025716.0,96305152.0
2022-12-05,4.19,4.35,4.18,4.25,27577600.0,117018680.0
2022-12-06,4.24,4.43,4.21,4.33,46933160.0,203311904.0
2022-12-07,4.42,4.76,4.3,4.57,115220408.0,534520416.0
2022-12-08,4.46,4.47,4.26,4.3,72478320.0,313731392.0
2022-12-09,4.35,4.66,4.33,4.36,54393316.0,240836224.0
2022-12-12,4.29,4.47,4.25,4.41,44533000.0,193690208.0
2022-12-13,4.33,4.4,4.32,4.35,24241000.0,105400560.0
2022-12-14,4.32,4.34,4.24,4.27,23690900.0,101199496.0
2022-12-15,4.25,4.36,4.23,4.36,20352488.0,87268208.0
2022-12-16,4.36,4.39,4.28,4.34,17998400.0,77917672.0
2022-12-19,4.31,4.33,4.15,4.22,19637100.0,82850800.0
2022-12-20,4.18,4.31,4.18,4.31,14855300.0,63218328.0
2022-12-21,4.33,4.35,4.2,4.24,13408246.0,56979296.0
2022-12-22,4.24,4.27,4.08,4.15,15358592.0,64383604.0
2022-12-23,4.12,4.14,3.91,3.94,24107700.0,95855344.0
2022-12-26,3.89,4.03,3.81,4.03,17998700.0,70581728.0
2022-12-27,4.03,4.06,3.93,3.95,13515900.0,53616928.0
2022-12-28,3.93,3.98,3.88,3.9,9603600.0,37674908.0
2022-12-29,3.86,3.89,3.78,3.79,14012219.0,53631064.0
2022-12-30,3.83,3.85,3.8,3.83,6990534.0,26722906.0
2023-01-03,3.83,3.95,3.82,3.93,11230600.0,43744920.0
2023-01-04,3.92,3.96,3.89,3.93,8237300.0,32349164.0
2023-01-05,3.91,3.96,3.89,3.93,7934100.0,31161620.0
2023-01-06,3.91,4.05,3.91,3.94,11566700.0,45986468.0
2023-01-09,3.94,3.99,3.94,3.96,9183300.0,36282776.0
2023-01-10,3.95,4.06,3.95,4.02,12731800.0,51084816.0
2023-01-11,4.01,4.1,3.98,3.99,14904592.0,60041208.0
2023-01-12,3.99,4.0,3.88,3.95,13596462.0,53405876.0
2023-01-13,3.92,3.95,3.9,3.95,6196492.0,24324970.0
2023-01-16,3.95,3.99,3.93,3.97,6791200.0,26930766.0
2023-01-17,3.99,3.99,3.93,3.93,5025846.0,19824494.0
2023-01-18,3.93,3.95,3.9,3.91,6443100.0,25209880.0
2023-01-19,3.9,3.95,3.85,3.92,7203130.0,28122724.0
2023-01-20,3.92,3.99,3.92,3.98,8885462.0,35321620.0
2023-01-30,4.14,4.15,4.0,4.09,30476120.0,124216744.0
2023-01-31,4.11,4.18,4.08,4.18,23729692.0,98243728.0
2023-02-01,4.17,4.23,4.15,4.19,16538690.0,69168200.0
2023-02-02,4.19,4.23,4.16,4.19,12157804.0,50950800.0
2023-02-03,4.18,4.2,4.11,4.17,13274700.0,55112140.0
2023-02-06,4.17,4.19,4.13,4.18,9515461.0,39663140.0
2023-02-07,4.0,4.14,3.89,3.95,46900872.0,185059072.0
2023-02-08,3.97,3.99,3.86,3.87,26603108.0,103855976.0
2023-02-09,3.85,3.96,3.83,3.94,17568956.0,68832368.0
2023-02-10,3.94,4.0,3.9,3.99,16922900.0,67169824.0
2023-02-13,3.98,4.1,3.97,4.03,15613200.0,63134160.0
2023-02-14,4.03,4.09,4.03,4.06,11159022.0,45269268.0
2023-02-15,4.06,4.09,4.03,4.06,9207900.0,37409624.0
2023-02-16,4.09,4.09,3.93,3.96,12254500.0,49219784.0
2023-02-17,3.95,4.0,3.92,3.93,8625200.0,34047728.0
2023-02-20,3.95,3.96,3.87,3.95,7978730.0,31256998.0
2023-02-21,3.95,3.97,3.93,3.96,6646130.0,26253464.0
2023-02-22,3.95,3.95,3.9,3.95,6667800.0,26219924.0
2023-02-23,3.96,4.07,3.94,4.07,11331101.0,45035928.0
2023-02-24,4.15,4.15,3.94,4.01,32828952.0,132781672.0
2023-02-27,3.98,4.37,3.97,4.07,30917700.0,127051424.0
2023-02-28,4.02,4.06,3.98,4.0,17680240.0,70875920.0
2023-03-01,4.0,4.05,3.96,4.04,14161739.0,56785232.0
2023-03-02,4.06,4.08,4.0,4.01,11886600.0,47940520.0
2023-03-03,4.01,4.03,3.98,4.01,7646500.0,30613936.0
2023-03-06,3.99,4.0,3.88,3.9,21418714.0,83826536.0
2023-03-07,3.89,3.91,3.78,3.8,16955380.0,65037740.0
2023-03-08,3.8,3.85,3.79,3.83,8148000.0,31092584.0
2023-03-09,3.85,3.85,3.82,3.83,6500231.0,24913226.0
2023-03-10,3.83,3.83,3.77,3.77,9261100.0,35042844.0
2023-03-13,3.62,3.69,3.6,3.69,17494000.0,63699012.0
2023-03-14,3.69,3.74,3.63,3.67,8604700.0,31638272.0
2023-03-15,3.67,3.74,3.67,3.73,7445313.0,27663212.0
2023-03-16,3.7,3.71,3.6,3.6,7949801.0,29008608.0
2023-03-17,3.63,3.69,3.6,3.66,9869300.0,36123136.0
2023-03-20,3.66,3.75,3.61,3.62,15839900.0,57934168.0
2023-03-21,3.64,3.65,3.59,3.64,8981000.0,32513768.0
2023-03-22,3.64,3.69,3.64,3.66,6201500.0,22731992.0
2023-03-23,3.63,3.67,3.63,3.64,5740201.0,20901288.0
2023-03-24,3.64,3.65,3.6,3.61,8957685.0,32370532.0
2023-03-27,3.62,3.64,3.53,3.54,11845401.0,42254868.0
2023-03-28,3.55,3.56,3.47,3.51,8523068.0,29878694.0
2023-03-29,3.49,3.51,3.44,3.49,11638580.0,40419672.0
2023-03-30,3.52,3.54,3.45,3.46,6801100.0,23624330.0
2023-03-31,3.5,3.54,3.46,3.53,6487300.0,22769978.0
2023-04-03,3.53,3.56,3.49,3.55,6866045.0,24181374.0
2023-04-04,3.54,3.56,3.49,3.52,9397700.0,33008294.0
2023-04-06,3.52,3.52,3.47,3.48,6162514.0,21492212.0
2023-04-07,3.47,3.57,3.45,3.56,8315915.0,29315488.0
2023-04-10,3.56,3.56,3.47,3.47,9676161.0,33889488.0
2023-04-11,3.47,3.5,3.41,3.44,7782200.0,26775100.0
2023-04-12,3.44,3.47,3.43,3.44,5099692.0,17569906.0
2023-04-13,3.44,3.49,3.42,3.48,6158000.0,21306894.0
2023-04-14,3.48,3.5,3.46,3.49,4628100.0,16132985.0
2023-04-17,3.48,3.52,3.48,3.5,4633414.0,16211976.0
2023-04-18,3.52,3.52,3.41,3.41,8494700.0,29218450.0
2023-04-19,3.42,3.45,3.41,3.42,5233100.0,17929056.0
2023-04-20,3.41,3.41,3.33,3.39,9259254.0,31186462.0
2023-04-21,3.39,3.39,3.29,3.31,7607700.0,25370624.0
2023-04-24,3.3,3.38,3.24,3.34,7403153.0,24533230.0
2023-04-25,3.34,3.34,3.2,3.25,8656300.0,28144646.0
2023-04-26,3.25,3.34,3.22,3.31,6078200.0,20017800.0
2023-04-27,3.31,3.36,3.29,3.35,5229947.0,17429942.0
2023-04-28,3.35,3.35,3.29,3.33,8856004.0,29388630.0
2023-05-04,3.1,3.26,3.1,3.25,15357500.0,48986232.0
2023-05-05,3.25,3.25,3.11,3.14,14670640.0,46152000.0
2023-05-08,3.13,3.2,3.12,3.14,8051702.0,25338468.0
2023-05-09,3.13,3.17,3.06,3.09,14090802.0,43713184.0
2023-05-10,3.08,3.11,3.06,3.09,8397052.0,25874584.0
2023-05-11,3.08,3.16,3.07,3.13,8327100.0,25944550.0
2023-05-12,3.12,3.14,3.08,3.08,5342300.0,16586267.0
2023-05-15,3.1,3.11,3.05,3.09,5399095.0,16627635.0
2023-05-16,3.1,3.11,3.06,3.09,4867730.0,15029881.0
2023-05-17,3.09,3.16,3.06,3.15,6680800.0,20833996.0
2023-05-18,3.15,3.16,3.12,3.15,5255400.0,16525070.0
2023-05-19,3.16,3.16,3.08,3.08,6055046.0,18780202.0
2023-05-22,3.1,3.12,3.08,3.11,4328992.0,13440104.0
2023-05-23,3.17,3.42,3.15,3.42,32449556.0,107692000.0
2023-05-24,3.42,3.46,3.34,3.39,37981448.0,129202296.0
2023-05-25,3.38,3.42,3.3,3.37,20064368.0,67314240.0
2023-05-26,3.38,3.47,3.34,3.37,22106852.0,75079624.0
2023-05-29,3.38,3.4,3.29,3.3,12165600.0,40461380.0
2023-05-30,3.32,3.36,3.27,3.36,9305061.0,30855220.0
2023-05-31,3.34,3.36,3.27,3.27,7296800.0,24016738.0
2023-06-01,3.26,3.26,3.21,3.22,6426300.0,20745308.0
2023-06-02,3.22,3.27,3.22,3.26,4947233.0,16073593.0
2023-06-05,3.27,3.3,3.24,3.26,3785400.0,12339901.0
2023-06-06,3.28,3.28,3.14,3.16,8754348.0,27878246.0
2023-06-07,3.16,3.33,3.14,3.23,12323787.0,39861284.0
2023-06-08,3.26,3.26,3.18,3.22,6511524.0,20940052.0
2023-06-09,3.22,3.25,3.18,3.19,4585301.0,14687682.0
2023-06-12,3.19,3.21,3.12,3.17,5462701.0,17211556.0
2023-06-13,3.17,3.2,3.14,3.15,4798146.0,15158313.0
2023-06-14,3.15,3.15,3.05,3.07,10092300.0,31049388.0
2023-06-15,3.08,3.08,2.88,2.97,17639460.0,52055420.0
2023-06-16,2.97,3.04,2.93,2.99,10771019.0,32160398.0
2023-06-19,2.97,2.97,2.92,2.94,5331728.0,15673069.0
2023-06-20,2.94,2.95,2.88,2.88,6754800.0,19545536.0
2023-06-21,2.9,2.93,2.85,2.86,4849600.0,13942013.0
2023-06-26,2.85,2.9,2.81,2.85,5548900.0,15797860.0
2023-06-27,2.89,2.94,2.85,2.94,6394346.0,18633260.0
2023-06-28,2.95,2.95,2.85,2.9,3696300.0,10681890.0
2023-06-29,2.91,2.92,2.89,2.91,2671600.0,7778688.0
2023-06-30,2.92,3.03,2.92,2.99,7335315.0,21860614.0
2023-07-03,2.98,3.04,2.97,3.03,5883857.0,17765494.0
2023-07-04,3.04,3.05,3.01,3.05,4728938.0,14353410.0
2023-07-05,3.04,3.13,3.02,3.08,7715600.0,23729830.0
2023-07-06,3.06,3.09,3.03,3.05,4297100.0,13144642.0
2023-07-07,3.06,3.1,3.04,3.06,3390150.0,10411456.0
2023-07-10,3.07,3.1,3.05,3.1,3047557.0,9392194.0
2023-07-11,3.19,3.21,3.09,3.12,7030234.0,22045104.0
2023-07-12,3.13,3.15,3.08,3.08,4861500.0,15095035.0
2023-07-13,3.08,3.22,3.08,3.17,10421800.0,32923280.0
2023-07-14,3.2,3.29,3.15,3.26,12552433.0,40723432.0
2023-07-17,3.45,3.58,3.35,3.47,38789424.0,134542560.0
2023-07-18,3.45,3.52,3.38,3.51,25157468.0,87048096.0
2023-07-19,3.48,3.53,3.46,3.52,10535611.0,36874880.0
2023-07-20,3.52,3.62,3.46,3.47,12556914.0,44092324.0
2023-07-21,3.43,3.53,3.43,3.49,8861900.0,30872800.0
2023-07-24,3.47,3.55,3.47,3.54,8602800.0,30216636.0
2023-07-25,3.54,3.59,3.51,3.57,9058167.0,32133154.0
2023-07-26,3.57,3.64,3.52,3.63,8975900.0,32410636.0
2023-07-27,3.63,3.68,3.56,3.58,10743400.0,38959944.0
2023-07-28,3.6,3.61,3.54,3.56,10190600.0,36282400.0
2023-07-31,3.56,3.59,3.53,3.58,9930746.0,35391312.0
2023-08-01,3.58,3.64,3.55,3.62,8162114.0,29416446.0
2023-08-02,3.61,3.71,3.6,3.63,12773400.0,46640696.0
2023-08-03,3.63,3.66,3.58,3.59,6495800.0,23383516.0
2023-08-04,3.61,3.65,3.59,3.61,6547753.0,23707748.0
2023-08-07,3.63,3.7,3.58,3.67,14538753.0,53150060.0
2023-08-08,3.83,3.92,3.6,3.63,24520186.0,91560800.0
2023-08-09,3.59,3.67,3.53,3.61,12817400.0,46382004.0
2023-08-10,3.62,3.67,3.59,3.61,5731385.0,20820690.0
2023-08-11,3.61,3.74,3.61,3.65,14300700.0,52406520.0
2023-08-14,3.65,3.65,3.53,3.64,15737300.0,56421368.0
2023-08-15,3.63,3.66,3.59,3.61,6957500.0,25188524.0
2023-08-16,3.61,3.68,3.59,3.64,8593800.0,31299408.0
2023-08-17,3.63,3.68,3.56,3.66,10282102.0,37185776.0
2023-08-18,3.66,3.8,3.63,3.76,24166902.0,90679424.0
2023-08-21,3.77,3.86,3.71,3.79,19067200.0,72146016.0
2023-08-22,3.76,3.82,3.71,3.78,17609000.0,66034504.0
2023-08-23,3.79,3.8,3.7,3.73,12670200.0,47409788.0
2023-08-24,3.68,3.72,3.54,3.67,20942828.0,75948776.0
2023-08-25,3.6,3.73,3.58,3.63,14108991.0,51647356.0
2023-08-28,3.75,3.8,3.68,3.69,28277362.0,106139080.0
2023-08-29,3.67,3.79,3.66,3.78,17573762.0,65750564.0
2023-08-30,3.78,3.82,3.67,3.7,16812140.0,62491460.0
2023-08-31,3.7,3.71,3.59,3.65,12239684.0,44404800.0
2023-09-01,3.65,3.69,3.56,3.57,11782647.0,42338032.0
2023-09-04,3.58,3.63,3.53,3.62,10955400.0,39265436.0
2023-09-05,3.61,3.61,3.54,3.58,7347501.0,26199120.0
2023-09-06,3.58,3.68,3.54,3.65,12113693.0,43935296.0
2023-09-07,3.64,3.64,3.53,3.53,11841702.0,42195804.0
2023-09-08,3.51,3.58,3.51,3.56,6483848.0,23020368.0
2023-09-11,3.58,3.61,3.53,3.58,8235700.0,29441878.0
2023-09-12,3.6,3.7,3.58,3.63,17323710.0,63296880.0
2023-09-13,3.65,3.67,3.56,3.64,14532100.0,52412908.0
2023-09-14,3.62,3.73,3.54,3.55,19757100.0,71341336.0
2023-09-15,3.57,3.61,3.55,3.58,11180228.0,40070928.0
2023-09-18,3.56,3.62,3.55,3.62,9964047.0,35842444.0
2023-09-19,3.61,3.64,3.58,3.59,8678500.0,31348712.0
2023-09-20,3.61,3.66,3.59,3.61,8941200.0,32437092.0
2023-09-21,3.6,3.63,3.57,3.6,7109552.0,25585816.0
2023-09-22,3.57,3.63,3.56,3.61,8583194.0,30822036.0
2023-09-25,3.62,3.66,3.62,3.64,8115253.0,29541098.0
2023-09-26,3.63,3.63,3.57,3.57,6170000.0,22173972.0
2023-09-27,3.57,3.61,3.56,3.56,5648460.0,20211966.0
2023-09-28,3.57,3.72,3.55,3.72,17558296.0,64362932.0
2023-10-09,3.72,3.78,3.66,3.68,15179294.0,56301460.0
2023-10-10,3.68,3.7,3.64,3.66,8369700.0,30667406.0
2023-10-11,3.68,3.68,3.58,3.59,10964300.0,39469084.0
2023-10-12,3.6,3.67,3.59,3.66,8294001.0,30204132.0
2023-10-13,3.66,3.68,3.61,3.63,8690900.0,31606468.0
2023-10-16,3.65,3.73,3.62,3.69,14009847.0,51694076.0
2023-10-17,3.7,3.71,3.62,3.65,7472900.0,27274108.0
2023-10-18,3.65,3.65,3.57,3.59,8396800.0,30238556.0
2023-10-19,3.59,3.61,3.54,3.56,7618500.0,27231868.0
2023-10-20,3.55,3.58,3.52,3.56,5889900.0,20927328.0
2023-10-23,3.57,3.58,3.43,3.46,9202101.0,32004430.0
2023-10-24,3.47,3.61,3.47,3.6,10711300.0,38152388.0
2023-10-25,3.67,3.72,3.65,3.7,17568030.0,64812080.0
2023-10-26,3.67,3.68,3.63,3.65,10133849.0,36957492.0
2023-10-27,3.65,3.65,3.47,3.52,24221350.0,85240616.0
2023-10-30,3.52,3.54,3.45,3.5,16420566.0,57233920.0
2023-10-31,3.51,3.52,3.45,3.47,9948528.0,34547256.0
2023-11-01,3.48,3.55,3.45,3.54,10703250.0,37607724.0
2023-11-02,3.52,3.55,3.46,3.47,7725700.0,26936468.0
2023-11-03,3.47,3.51,3.45,3.48,6174601.0,21518030.0
2023-11-06,3.49,3.55,3.49,3.55,9899177.0,34873284.0
2023-11-07,3.55,3.72,3.52,3.72,25071700.0,91122000.0
2023-11-08,3.78,3.8,3.62,3.67,18170628.0,66735936.0
2023-11-09,3.66,3.73,3.62,3.64,12176862.0,44558028.0
2023-11-10,3.64,3.78,3.6,3.69,17269222.0,63698784.0
2023-11-13,3.68,3.75,3.66,3.74,15022400.0,55940832.0
2023-11-14,3.74,3.74,3.66,3.69,9591901.0,35366064.0
2023-11-15,3.71,3.79,3.69,3.74,17760010.0,66498916.0
2023-11-16,3.73,3.75,3.69,3.71,9435100.0,35037564.0
2023-11-17,3.71,3.72,3.66,3.71,8536900.0,31455578.0
2023-11-20,3.71,3.74,3.69,3.72,10162500.0,37753688.0
2023-11-21,3.77,3.96,3.76,3.83,39067864.0,151037152.0
2023-11-22,3.83,3.94,3.79,3.85,32164552.0,124644800.0
2023-11-23,3.8,3.86,3.79,3.83,16159400.0,61760476.0
2023-11-24,3.91,4.03,3.83,3.85,27257856.0,106440048.0
2023-11-27,3.86,3.87,3.74,3.76,20203600.0,76281008.0
2023-11-28,3.77,3.79,3.71,3.73,10718700.0,40089460.0
2023-11-29,3.75,3.76,3.7,3.7,10293800.0,38359392.0
2023-11-30,3.71,3.72,3.66,3.68,10011900.0,36887580.0
2023-12-01,3.67,3.75,3.67,3.71,8356933.0,31001224.0
2023-12-04,3.72,3.78,3.69,3.75,9958860.0,37285420.0
2023-12-05,3.75,3.75,3.67,3.68,9984900.0,36901776.0
2023-12-06,3.7,3.76,3.67,3.73,9012200.0,33596828.0
2023-12-07,3.73,3.75,3.66,3.66,8452651.0,31178930.0
2023-12-08,3.67,3.7,3.59,3.6,7866500.0,28578176.0
2023-12-11,3.58,3.65,3.54,3.65,7880386.0,28513872.0
2023-12-12,3.64,3.66,3.62,3.65,5487276.0,19991680.0
2023-12-13,3.65,3.68,3.61,3.62,5594346.0,20401932.0
2023-12-14,3.62,3.7,3.61,3.66,10844546.0,39756920.0
2023-12-15,3.65,3.7,3.6,3.63,8217946.0,29804418.0
2023-12-18,3.61,3.63,3.54,3.54,6463600.0,23088624.0
2023-12-19,3.56,3.56,3.49,3.53,6089451.0,21410494.0
2023-12-20,3.54,3.57,3.5,3.51,4701700.0,16638946.0
2023-12-21,3.51,3.56,3.45,3.53,6824600.0,23943514.0
2023-12-22,3.55,3.55,3.45,3.46,6602700.0,23018308.0
2023-12-25,3.46,3.49,3.43,3.49,4516050.0,15623463.0
2023-12-26,3.48,3.51,3.44,3.45,4882558.0,16956144.0
2023-12-27,3.44,3.5,3.41,3.48,4911659.0,16980920.0
2023-12-28,3.49,3.52,3.45,3.52,6488900.0,22707368.0
2023-12-29,3.52,3.55,3.5,3.54,5625153.0,19835140.0
2024-01-02,3.57,3.6,3.54,3.59,6796401.0,24368866.0
2024-01-03,3.57,3.61,3.56,3.58,5580700.0,20013938.0
2024-01-04,3.58,3.63,3.56,3.63,5716000.0,20606208.0
2024-01-05,3.67,3.67,3.54,3.55,5658100.0,20384726.0
2024-01-08,3.58,3.59,3.5,3.5,5184900.0,18354692.0
2024-01-09,3.51,3.62,3.49,3.57,8922400.0,31884784.0
2024-01-10,3.6,3.6,3.51,3.53,4792000.0,17028316.0
2024-01-11,3.53,3.64,3.53,3.63,8962700.0,32248774.0
2024-01-12,3.65,3.69,3.62,3.62,15598000.0,57064408.0
2024-01-15,3.58,3.68,3.55,3.65,12967946.0,47186484.0
2024-01-16,3.66,3.69,3.57,3.69,15652460.0,56960948.0
2024-01-17,3.73,3.93,3.67,3.76,54667452.0,207274368.0
2024-01-18,3.68,4.14,3.65,4.14,46396032.0,186490448.0
2024-01-19,4.55,4.55,4.55,4.55,59933640.0,272698048.0
2024-01-22,4.34,4.52,4.1,4.1,149527776.0,640734592.0
2024-01-23,3.81,4.39,3.69,4.14,124520144.0,495520416.0
2024-01-24,4.01,4.55,3.99,4.55,117909264.0,522696512.0
2024-01-25,5.01,5.01,5.01,5.01,17301900.0,86682520.0
2024-01-26,5.48,5.51,4.68,5.51,176721792.0,933645120.0
2024-01-29,5.51,6.06,5.05,6.06,236860224.0,1337497984.0
2024-01-30,6.0,6.49,5.45,5.45,227266064.0,1347563904.0
2024-01-31,5.1,5.9,4.91,4.91,206978592.0,1103155456.0
2024-02-01,4.7,4.9,4.42,4.42,98211104.0,439183232.0
2024-02-02,4.11,4.23,3.98,3.98,84722312.0,342627456.0
2024-02-05,3.71,3.79,3.58,3.58,99905600.0,359501376.0
2024-02-06,3.41,3.89,3.27,3.63,154260432.0,556373824.0
2024-02-07,3.6,3.62,3.27,3.27,129367448.0,440125568.0
2024-02-08,3.25,3.43,3.0,3.36,105412160.0,338989856.0
2024-02-19,3.36,3.57,3.34,3.55,94895024.0,330909024.0
2024-02-20,3.53,3.7,3.43,3.67,90906656.0,326245888.0
2024-02-21,3.61,3.82,3.57,3.7,89961016.0,334637760.0
2024-02-22,3.66,3.82,3.65,3.79,83834720.0,313264096.0
2024-02-23,3.76,4.0,3.74,3.96,99557440.0,383676960.0
2024-02-26,3.99,4.03,3.87,3.91,88506912.0,347749984.0
2024-02-27,3.91,4.02,3.89,4.01,68354712.0,270458048.0
2024-02-28,4.04,4.11,3.71,3.72,91718368.0,362966080.0
2024-02-29,3.63,3.92,3.63,3.91,54880072.0,210581936.0
2024-03-01,3.95,3.99,3.86,3.9,38393100.0,149832064.0
2024-03-04,3.9,3.92,3.73,3.85,36428172.0,139107552.0
2024-03-05,3.81,3.84,3.68,3.69,35678472.0,133231640.0
2024-03-06,3.67,3.8,3.67,3.74,29533174.0,110382808.0
2024-03-07,3.74,3.77,3.66,3.67,31080434.0,115309432.0
2024-03-08,3.68,4.02,3.65,3.94,83407800.0,323055072.0
2024-03-11,3.94,4.27,3.94,4.16,90308848.0,370770304.0
2024-03-12,4.16,4.18,4.06,4.1,63071520.0,259465488.0
2024-03-13,4.11,4.17,4.05,4.1,43328900.0,177932992.0
2024-03-14,4.1,4.14,4.01,4.09,38991200.0,159205008.0
2024-03-15,4.1,4.18,4.05,4.16,49955900.0,205891536.0
2024-03-18,4.16,4.2,4.11,4.17,38015100.0,157623824.0
2024-03-19,4.17,4.3,4.14,4.22,54136552.0,228939808.0
2024-03-20,4.21,4.32,4.18,4.32,47918520.0,205003872.0
2024-03-21,4.3,4.33,4.17,4.23,41239204.0,174502512.0
2024-03-22,4.21,4.23,4.09,4.11,42808776.0,177308896.0
2024-03-25,4.07,4.13,3.98,3.99,24974356.0,101579856.0
2024-03-26,4.01,4.09,3.96,4.07,32101700.0,129409048.0
2024-03-27,4.04,4.05,3.84,3.85,29777100.0,117286512.0
2024-03-28,3.88,4.02,3.88,3.95,38665500.0,153060256.0
2024-03-29,3.97,3.99,3.87,3.93,30382704.0,118846184.0
2024-04-01,3.93,4.0,3.91,4.0,26311696.0,104511384.0
2024-04-02,3.99,4.13,3.98,4.1,55616296.0,225794784.0
2024-04-03,4.1,4.15,3.98,4.03,40587496.0,163559392.0
2024-04-08,4.03,4.03,3.89,3.91,36074432.0,142596544.0
2024-04-09,3.9,3.99,3.88,3.99,25334002.0,100406032.0
2024-04-10,4.0,4.0,3.84,3.91,25146200.0,98172640.0
2024-04-11,3.88,3.99,3.82,3.94,23545700.0,92815728.0
2024-04-12,3.94,3.96,3.83,3.84,21665000.0,84135400.0
2024-04-15,3.75,3.79,3.48,3.61,41932296.0,151745728.0
2024-04-16,3.58,3.58,3.25,3.25,41974500.0,140462480.0
2024-04-17,3.31,3.49,3.31,3.49,27896456.0,95863056.0
2024-04-18,3.49,3.49,3.36,3.37,24331500.0,83126360.0
2024-04-19,3.38,3.43,3.31,3.33,19172304.0,64250748.0
2024-04-22,3.33,3.33,3.21,3.27,15722295.0,51403568.0
2024-04-23,3.3,3.37,3.29,3.31,15534001.0,51781292.0
2024-04-24,3.34,3.37,3.31,3.36,13693902.0,45751284.0
2024-04-25,3.33,3.33,3.25,3.27,24751500.0,81336288.0
2024-04-26,3.28,3.33,3.22,3.31,22171800.0,72800464.0
2024-04-29,3.3,3.42,3.29,3.42,22358304.0,75748304.0
2024-04-30,3.47,3.48,3.36,3.42,20254300.0,69263496.0
2024-05-06,3.45,3.51,3.45,3.49,19929100.0,69389448.0
2024-05-07,3.49,3.49,3.42,3.48,16213501.0,55952624.0
2024-05-08,3.46,3.48,3.39,3.39,14387410.0,49291620.0
2024-05-09,3.4,3.47,3.4,3.43,12609900.0,43432680.0
2024-05-10,3.43,3.43,3.34,3.35,15399800.0,51893480.0
2024-05-13,3.34,3.35,3.29,3.29,13235400.0,43841724.0
2024-05-14,3.3,3.33,3.26,3.31,9557800.0,31592220.0
2024-05-15,3.32,3.35,3.29,3.33,11036400.0,36726928.0
2024-05-16,3.3,3.41,3.3,3.37,15783805.0,53154696.0
2024-05-17,3.36,3.42,3.33,3.42,12325710.0,41866012.0
2024-05-20,3.44,3.45,3.33,3.34,16961000.0,57266280.0
2024-05-21,3.34,3.34,3.27,3.3,12715600.0,41870032.0
2024-05-22,3.31,3.36,3.29,3.33,9159801.0,30446258.0
2024-05-23,3.34,3.34,3.2,3.22,15001200.0,48624584.0
2024-05-24,3.22,3.25,3.18,3.19,7230500.0,23201480.0
2024-05-27,3.2,3.23,3.13,3.23,8935300.0,28326472.0
2024-05-28,3.23,3.24,3.17,3.18,9009800.0,28762532.0
2024-05-29,3.16,3.23,3.16,3.2,6987300.0,22405888.0
2024-05-30,3.2,3.2,3.14,3.15,7049000.0,22315528.0
2024-05-31,3.16,3.18,3.15,3.16,5670100.0,17949886.0
2024-06-03,3.15,3.16,3.02,3.05,14104552.0,43330808.0
2024-06-04,3.06,3.06,2.99,3.06,11745800.0,35570416.0
2024-06-05,3.04,3.05,2.96,2.96,11448801.0,34290184.0
2024-06-06,2.96,2.98,2.8,2.84,24730826.0,70922472.0
2024-06-07,2.85,2.93,2.83,2.89,9630600.0,27784594.0
2024-06-11,2.89,2.92,2.81,2.88,8631423.0,24734398.0
2024-06-12,2.9,2.98,2.87,2.96,11061821.0,32528914.0
2024-06-13,2.97,2.97,2.86,2.87,11602000.0,33683840.0
2024-06-14,2.87,2.93,2.83,2.91,7194638.0,20827658.0
2024-06-17,2.88,2.92,2.86,2.89,5691200.0,16474637.0
2024-06-18,2.89,2.95,2.87,2.93,7604501.0,22150392.0
2024-06-19,2.94,2.96,2.9,2.92,6320000.0,18535308.0
2024-06-20,2.92,2.94,2.85,2.86,8144738.0,23432556.0
2024-06-21,2.83,2.88,2.71,2.84,8389200.0,23722688.0
2024-06-24,2.82,2.83,2.67,2.68,12588857.0,34213780.0
2024-06-25,2.67,2.74,2.66,2.71,9817203.0,26568368.0
2024-06-26,2.72,2.81,2.68,2.81,8449601.0,23248184.0
2024-06-27,2.79,2.82,2.71,2.72,7842919.0,21598624.0
2024-06-28,2.69,2.77,2.68,2.7,7459541.0,20339056.0
2024-07-01,2.69,2.74,2.66,2.72,7637040.0,20674858.0
2024-07-02,2.71,2.84,2.71,2.76,12275048.0,34037440.0
2024-07-03,2.76,2.79,2.73,2.74,6254400.0,17252724.0
2024-07-04,2.73,2.76,2.62,2.64,9414700.0,25151184.0
2024-07-05,2.64,2.69,2.6,2.67,7226100.0,19172376.0
2024-07-08,2.68,2.68,2.56,2.57,9719100.0,25225092.0
2024-07-09,2.57,2.61,2.49,2.57,9759400.0,24900382.0
2024-07-10,2.54,2.54,2.46,2.46,12384372.0,30775782.0
2024-07-11,2.5,2.58,2.49,2.57,13162219.0,33533700.0
2024-07-12,2.59,2.62,2.51,2.52,7858000.0,20138512.0
2024-07-15,2.53,2.53,2.46,2.47,7139200.0,17676244.0
2024-07-16,2.48,2.49,2.45,2.46,5436100.0,13398017.0
2024-07-17,2.46,2.53,2.45,2.47,8618501.0,21385696.0
2024-07-18,2.48,2.48,2.41,2.48,8074819.0,19752888.0
2024-07-19,2.47,2.5,2.4,2.44,7904934.0,19233424.0
2024-07-22,2.45,2.56,2.42,2.51,12263317.0,30684030.0
2024-07-23,2.51,2.76,2.5,2.76,34625952.0,94536840.0
2024-07-24,2.72,2.85,2.64,2.66,50017800.0,135903600.0
2024-07-25,2.64,2.73,2.61,2.67,24744096.0,65999704.0
2024-07-26,2.67,2.69,2.62,2.64,17039500.0,44990936.0
2024-07-29,2.65,2.7,2.61,2.69,17849900.0,47558520.0
2024-07-30,2.69,2.75,2.66,2.7,12093700.0,32535040.0
2024-07-31,2.7,2.82,2.69,2.79,18644434.0,51652912.0
2024-08-01,2.79,2.79,2.74,2.77,13689893.0,37872824.0
2024-08-02,2.73,2.78,2.7,2.7,11324942.0,30987014.0
2024-08-05,2.7,2.72,2.61,2.61,13911200.0,37114256.0
2024-08-06,2.64,2.67,2.61,2.66,10549301.0,27870440.0
2024-08-07,2.66,2.66,2.61,2.64,7715200.0,20297672.0
2024-08-08,2.64,2.65,2.58,2.64,7949156.0,20829094.0
2024-08-09,2.63,2.68,2.62,2.63,8688299.0,23001102.0
2024-08-12,2.67,2.75,2.59,2.62,13436156.0,35620536.0
2024-08-13,2.57,2.65,2.55,2.64,10010911.0,26033802.0
2024-08-14,2.64,2.69,2.6,2.66,9724800.0,25916554.0
2024-08-15,2.66,2.72,2.62,2.72,14017872.0,37657812.0
2024-08-16,2.71,2.72,2.64,2.65,9651658.0,25808158.0
2024-08-19,2.65,2.65,2.6,2.6,7262800.0,19015402.0
2024-08-20,2.61,2.63,2.53,2.55,6319500.0,16150723.0
2024-08-21,2.54,2.81,2.53,2.78,52116304.0,143875488.0
2024-08-22,2.71,2.73,2.61,2.61,34902500.0,92756016.0
2024-08-23,2.61,2.87,2.58,2.87,35235500.0,99408208.0
2024-08-26,2.95,3.16,2.85,3.16,44664304.0,135175904.0
2024-08-27,3.16,3.21,2.9,2.94,85167704.0,258079776.0
2024-08-28,2.93,3.07,2.84,2.97,51226840.0,149898304.0
2024-08-29,2.92,2.96,2.85,2.95,41482576.0,120856408.0
2024-08-30,2.94,3.12,2.88,3.04,61338844.0,183363232.0
2024-09-02,2.96,3.07,2.92,3.05,43347100.0,129191096.0
2024-09-03,3.01,3.15,2.97,3.07,50507968.0,154548720.0
2024-09-04,3.03,3.38,3.0,3.12,74260208.0,236887872.0
2024-09-05,3.12,3.15,2.96,3.03,46351300.0,139447936.0
2024-09-06,2.98,3.03,2.88,2.89,35713000.0,104575256.0
2024-09-09,2.88,3.0,2.77,2.89,26802500.0,77959216.0
2024-09-10,2.89,3.18,2.86,3.18,31600872.0,98875328.0
2024-09-11,3.17,3.18,3.03,3.05,56272500.0,173438704.0
2024-09-12,3.08,3.13,3.04,3.11,42692000.0,131945728.0
2024-09-13,3.07,3.15,2.97,2.97,32064400.0,97371592.0
2024-09-18,2.98,3.03,2.89,3.02,27837500.0,82405312.0
2024-09-19,3.0,3.18,2.99,3.1,38372800.0,118241336.0
2024-09-20,3.09,3.17,3.06,3.1,34911400.0,108668000.0
2024-09-23,3.11,3.12,3.02,3.08,25359400.0,77735928.0
2024-09-24,3.08,3.27,3.06,3.19,59442904.0,188566288.0
2024-09-25,3.19,3.33,3.16,3.23,53639872.0,173963616.0
2024-09-26,3.22,3.27,3.18,3.27,39409180.0,127703968.0
2024-09-27,3.27,3.46,3.24,3.37,55315304.0,184739328.0
2024-09-30,3.48,3.69,3.34,3.66,75944584.0,268806432.0
2024-10-08,4.02,4.03,3.51,3.8,98416112.0,373996704.0
2024-10-09,3.75,3.75,3.42,3.42,58219504.0,204388192.0
2024-10-10,3.36,3.42,3.23,3.32,40594496.0,135267904.0
2024-10-11,3.32,3.32,3.16,3.18,29452670.0,95017576.0
2024-10-14,3.21,3.35,3.2,3.31,27410100.0,89703872.0
2024-10-15,3.3,3.49,3.25,3.37,40489500.0,137619168.0
2024-10-16,3.34,3.43,3.3,3.36,25347900.0,85350864.0
2024-10-17,3.36,3.39,3.26,3.27,23178300.0,76855248.0
2024-10-18,3.23,3.35,3.2,3.32,27615380.0,90437928.0
2024-10-21,3.32,3.37,3.28,3.3,23475968.0,77797440.0
2024-10-22,3.29,3.38,3.26,3.37,28205140.0,94204544.0
2024-10-23,3.38,3.47,3.34,3.4,26664404.0,90950224.0
2024-10-24,3.41,3.5,3.39,3.48,29296700.0,101444720.0
2024-10-25,3.83,3.83,3.83,3.83,20862660.0,79903992.0
2024-10-28,4.21,4.21,3.95,4.21,153693680.0,629323456.0
2024-10-29,4.22,4.62,4.11,4.23,171203440.0,750616448.0
2024-10-30,4.06,4.37,3.87,4.21,118279688.0,483706464.0
2024-10-31,4.12,4.5,4.12,4.32,118249456.0,512913632.0
2024-11-01,4.29,4.32,3.89,3.89,88654376.0,357468608.0
2024-11-04,3.77,3.99,3.74,3.94,45194744.0,175269296.0
2024-11-05,3.92,3.98,3.85,3.94,54548744.0,213625008.0
2024-11-06,3.98,4.09,3.88,3.9,53933888.0,215249088.0
2024-11-07,3.85,4.04,3.82,4.04,49022944.0,194737072.0
2024-11-08,4.08,4.11,3.93,3.98,40983560.0,163570208.0
2024-11-11,4.02,4.08,3.93,4.07,46546800.0,186898688.0
2024-11-12,4.08,4.12,3.96,3.99,45637588.0,183852096.0
2024-11-13,3.97,4.04,3.89,4.0,28869400.0,114291360.0
2024-11-14,3.99,4.01,3.83,3.85,26829200.0,104718264.0
2024-11-15,3.82,3.88,3.65,3.66,30990400.0,116554368.0
2024-11-18,3.69,3.75,3.54,3.58,27023704.0,97517040.0
2024-11-19,3.58,3.69,3.55,3.68,19690808.0,71507664.0
2024-11-20,3.68,3.74,3.63,3.72,15978279.0,59240540.0
2024-11-21,3.75,3.77,3.69,3.73,17363200.0,64701880.0
2024-11-22,3.72,3.77,3.56,3.58,23671630.0,87041136.0
2024-11-25,3.58,3.65,3.51,3.65,22757300.0,81634632.0
2024-11-26,3.65,3.69,3.58,3.6,12860170.0,46665576.0
2024-11-27,3.56,3.65,3.48,3.65,18322052.0,65428752.0
2024-11-28,3.81,3.92,3.71,3.74,50255832.0,191329376.0
2024-11-29,3.7,3.79,3.69,3.75,27310000.0,102154552.0
2024-12-02,3.76,3.98,3.73,3.96,46088816.0,179927664.0
2024-12-03,3.96,4.03,3.86,4.01,42274296.0,167549456.0
2024-12-04,3.98,3.99,3.85,3.86,28248300.0,110615248.0
2024-12-05,3.84,3.92,3.83,3.91,19538400.0,75997488.0
2024-12-06,3.89,4.3,3.89,4.09,64297976.0,263389824.0
2024-12-09,4.07,4.09,3.95,4.0,33705616.0,135148272.0
2024-12-10,4.1,4.12,3.94,3.95,29827396.0,119465528.0
2024-12-11,3.93,4.09,3.91,4.08,37391048.0,151043984.0
2024-12-12,4.07,4.49,4.04,4.49,99715424.0,438597888.0
2024-12-13,4.46,4.46,4.23,4.28,107198824.0,464780640.0
2024-12-16,4.25,4.36,4.17,4.22,62889312.0,268104944.0
2024-12-17,4.22,4.23,3.95,3.96,49156700.0,198221376.0
2024-12-18,4.01,4.14,3.93,4.04,37460376.0,151667920.0
2024-12-19,3.96,4.01,3.88,3.97,29257984.0,115265120.0
2024-12-20,3.98,4.04,3.88,3.89,34165700.0,134977280.0
2024-12-23,3.87,3.87,3.6,3.61,39056284.0,144518848.0
2024-12-24,3.61,3.68,3.52,3.65,22889300.0,82142168.0
2024-12-25,3.64,3.64,3.47,3.57,21170100.0,75009952.0
2024-12-26,3.6,3.62,3.55,3.56,13954946.0,50029208.0
2024-12-27,3.54,3.68,3.54,3.6,15720446.0,57001992.0
2024-12-30,3.58,3.6,3.47,3.5,16815088.0,58942792.0
2024-12-31,3.5,3.54,3.35,3.35,22275748.0,76225024.0
2025-01-02,3.35,3.42,3.26,3.28,21605830.0,72066424.0
2025-01-03,3.3,3.31,3.13,3.15,20343460.0,65109904.0
2025-01-06,3.12,3.24,3.04,3.19,15925159.0,50538748.0
2025-01-07,3.19,3.23,3.15,3.2,15757840.0,50409176.0
2025-01-08,3.19,3.22,3.08,3.21,17867000.0,56454976.0
2025-01-09,3.2,3.25,3.18,3.23,10997800.0,35462680.0
2025-01-10,3.23,3.24,3.1,3.1,11434107.0,36194308.0
2025-01-13,3.06,3.13,3.0,3.11,11456007.0,35289356.0
2025-01-14,3.14,3.24,3.12,3.24,13862205.0,44240412.0
2025-01-15,3.23,3.28,3.18,3.25,12831405.0,41492932.0
2025-01-16,3.26,3.34,3.24,3.29,11971198.0,39424004.0
2025-01-17,3.26,3.34,3.23,3.3,13137100.0,43256192.0
2025-01-20,3.3,3.41,3.25,3.37,17477816.0,58572664.0
2025-01-21,3.39,3.47,3.34,3.36,21153800.0,71607272.0
2025-01-22,3.34,3.38,3.29,3.34,12451900.0,41507596.0
2025-01-23,3.36,3.42,3.29,3.29,18600700.0,62451752.0
2025-01-24,3.29,3.34,3.28,3.33,12774005.0,42301512.0
2025-01-27,3.45,3.66,3.36,3.36,39861664.0,139761952.0
2025-02-05,3.38,3.41,3.33,3.4,19770182.0,66913868.0
2025-02-06,3.4,3.47,3.35,3.46,18955182.0,64748412.0
2025-02-07,3.53,3.55,3.47,3.52,21978370.0,77146576.0
2025-02-10,3.55,3.64,3.51,3.62,18454910.0,66251504.0
2025-02-11,3.62,3.63,3.52,3.53,16255861.0,57571836.0
2025-02-12,3.54,3.59,3.52,3.58,13566398.0,48172376.0
2025-02-13,3.58,3.6,3.53,3.55,12468899.0,44433496.0
2025-02-14,3.53,3.56,3.52,3.53,12013200.0,42528864.0
2025-02-17,3.56,3.65,3.54,3.63,14447103.0,51987720.0
2025-02-18,3.63,3.64,3.47,3.5,16141684.0,57198836.0
2025-02-19,3.48,3.59,3.47,3.58,14688415.0,52066188.0
2025-02-20,3.59,3.6,3.53,3.54,8933200.0,31751424.0
2025-02-21,3.54,3.56,3.47,3.51,12369481.0,43238248.0
2025-02-24,3.5,3.58,3.48,3.57,13648381.0,48234240.0
2025-02-25,3.54,3.59,3.51,3.54,11627814.0,41283740.0
2025-02-26,3.54,3.6,3.53,3.57,11234499.0,40010304.0
2025-02-27,3.61,3.89,3.58,3.68,44951396.0,167257616.0
2025-02-28,3.64,3.73,3.51,3.53,38070500.0,137524768.0
2025-03-03,3.53,3.62,3.47,3.56,23021700.0,81992704.0
2025-03-04,3.55,3.61,3.5,3.58,12936245.0,46059116.0
2025-03-05,3.57,3.58,3.48,3.57,15984762.0,56448216.0
2025-03-06,3.58,3.63,3.55,3.58,18101184.0,64861812.0
2025-03-07,3.58,3.59,3.51,3.53,12249546.0,43380216.0
2025-03-10,3.53,3.63,3.52,3.56,16581714.0,59250924.0
2025-03-11,3.53,3.68,3.52,3.64,17023836.0,61433924.0
2025-03-12,3.67,3.73,3.62,3.67,16335184.0,59869824.0
2025-03-13,3.66,3.69,3.6,3.69,16286600.0,59319924.0
2025-03-14,3.69,3.72,3.64,3.68,16501200.0,60601008.0
2025-03-17,3.68,3.77,3.66,3.71,18959920.0,70589512.0
2025-03-18,3.7,3.73,3.67,3.69,14062400.0,51898100.0
2025-03-19,3.7,3.7,3.64,3.66,10887430.0,39821656.0
2025-03-20,3.64,3.68,3.62,3.63,10943300.0,39894816.0
2025-03-21,3.6,3.66,3.58,3.6,13607576.0,49182312.0
2025-03-24,3.6,3.63,3.4,3.47,17723200.0,61893140.0
2025-03-25,3.48,3.5,3.42,3.46,10466602.0,36230228.0
2025-03-26,3.46,3.57,3.46,3.54,13558390.0,47921280.0
2025-03-27,3.51,3.54,3.46,3.51,9741710.0,34116568.0
2025-03-28,3.49,3.53,3.43,3.43,9993220.0,34564140.0
2025-03-31,3.4,3.46,3.35,3.41,14781900.0,50305824.0
2025-04-01,3.42,3.49,3.42,3.49,9908900.0,34365596.0
2025-04-02,3.49,3.57,3.45,3.52,11510400.0,40505472.0
2025-04-03,3.5,3.58,3.48,3.56,10385900.0,36737056.0
2025-04-07,3.44,3.45,3.2,3.2,19579200.0,64123284.0
2025-04-08,3.2,3.23,3.06,3.1,22620232.0,71004896.0
2025-04-09,3.07,3.21,2.86,3.18,22690400.0,69128088.0
2025-04-10,3.23,3.32,3.22,3.26,15785700.0,51656752.0
2025-04-11,3.24,3.31,3.22,3.25,11133300.0,36484536.0
2025-04-14,3.28,3.38,3.28,3.35,11468100.0,38446304.0
2025-04-15,3.34,3.38,3.29,3.32,7202000.0,23914906.0
2025-04-16,3.32,3.32,3.18,3.23,10483900.0,33998012.0
2025-04-17,3.22,3.3,3.2,3.25,10171962.0,33215600.0
2025-04-18,3.28,3.28,3.21,3.26,8872100.0,28749856.0
2025-04-21,3.27,3.3,3.24,3.29,7848701.0,25675110.0
2025-04-22,3.31,3.35,3.28,3.31,7239300.0,23983216.0
2025-04-23,3.31,3.38,3.29,3.3,8054699.0,26803958.0
2025-04-24,3.33,3.33,3.24,3.26,9198901.0,30149188.0
2025-04-25,3.29,3.36,3.25,3.29,12533461.0,41519576.0
2025-04-28,3.29,3.33,3.19,3.21,12513662.0,40347428.0
2025-04-29,3.2,3.29,3.19,3.26,9753700.0,31809380.0
2025-04-30,3.27,3.32,3.25,3.27,7652335.0,25237946.0
2025-05-06,3.31,3.36,3.29,3.36,8027646.0,26846580.0
2025-05-07,3.4,3.41,3.34,3.37,9038300.0,30428366.0
2025-05-08,3.37,3.44,3.33,3.43,11261500.0,38274616.0
2025-05-09,3.42,3.43,3.36,3.38,10072500.0,34057664.0
2025-05-12,3.45,3.45,3.36,3.37,9187100.0,31038620.0
2025-05-13,3.43,3.43,3.34,3.36,10599646.0,35822080.0
2025-05-14,3.34,3.39,3.32,3.36,10707401.0,35880284.0
2025-05-15,3.36,3.39,3.33,3.35,9564600.0,32116074.0
2025-05-16,3.35,3.39,3.33,3.33,9289700.0,31191472.0
2025-05-19,3.36,3.47,3.34,3.46,20647320.0,70789568.0
2025-05-20,3.46,3.49,3.41,3.48,10642532.0,36742076.0
2025-05-21,3.48,3.53,3.43,3.47,13119400.0,45521056.0
2025-05-22,3.52,3.58,3.4,3.41,24133392.0,83750552.0
2025-05-23,3.4,3.43,3.32,3.33,15869100.0,53635512.0
2025-05-26,3.36,3.42,3.33,3.38,11250700.0,37956920.0
2025-05-27,3.38,3.42,3.34,3.41,11370902.0,38505764.0
2025-05-28,3.41,3.43,3.35,3.37,9841700.0,33328228.0
2025-05-29,3.37,3.45,3.35,3.44,12861100.0,44002968.0
2025-05-30,3.44,3.46,3.38,3.39,10362100.0,35381760.0
2025-06-03,3.36,3.41,3.36,3.38,11364700.0,38406376.0
2025-06-04,3.4,3.4,3.36,3.38,9016600.0,30432108.0
2025-06-05,3.39,3.4,3.31,3.33,16170100.0,54002688.0
2025-06-06,3.34,3.38,3.32,3.38,12004100.0,40273080.0
2025-06-09,3.38,3.41,3.36,3.41,10286039.0,34866796.0
2025-06-10,3.4,3.42,3.29,3.34,13017330.0,43570920.0
2025-06-11,3.37,3.41,3.34,3.38,13180459.0,44643148.0
2025-06-12,3.37,3.4,3.34,3.36,8877921.0,29907388.0
2025-06-13,3.35,3.37,3.3,3.31,11088800.0,36850800.0
2025-06-16,3.34,3.38,3.31,3.36,11207092.0,37509740.0
2025-06-17,3.35,3.42,3.34,3.38,12098592.0,40832592.0
2025-06-18,3.36,3.38,3.33,3.34,7436500.0,24860108.0
2025-06-19,3.34,3.35,3.24,3.25,13986620.0,45957852.0
2025-06-20,3.24,3.3,3.24,3.24,8294900.0,27027770.0
2025-06-23,3.22,3.3,3.19,3.29,10790381.0,35182172.0
2025-06-24,3.31,3.41,3.29,3.4,17066888.0,57537028.0
2025-06-25,3.41,3.42,3.37,3.41,11088800.0,37637756.0
2025-06-26,3.43,3.45,3.39,3.41,13162285.0,45027088.0
2025-06-27,3.41,3.48,3.39,3.42,12338300.0,42361904.0
2025-06-30,3.43,3.46,3.41,3.42,9600162.0,32936334.0
2025-07-01,3.42,3.47,3.4,3.42,12154884.0,41675140.0
2025-07-02,3.43,3.44,3.39,3.44,9927060.0,33896948.0
2025-07-03,3.44,3.48,3.43,3.47,13834500.0,47894572.0
2025-07-04,3.47,3.5,3.41,3.43,18002300.0,62123216.0
2025-07-07,3.41,3.46,3.41,3.45,11497401.0,39540492.0
2025-07-08,3.45,3.48,3.42,3.47,16711400.0,57761124.0
2025-07-09,3.48,3.49,3.44,3.46,10497600.0,36431376.0
2025-07-10,3.46,3.5,3.45,3.49,13098193.0,45499420.0
2025-07-11,3.5,3.51,3.44,3.47,15395500.0,53512016.0
2025-07-14,3.47,3.5,3.44,3.44,19613100.0,68031808.0
2025-07-15,3.44,3.45,3.32,3.34,25612960.0,86030664.0
2025-07-16,3.34,3.4,3.33,3.37,17900712.0,60108188.0
2025-07-17,3.37,3.41,3.36,3.38,11491612.0,38885792.0
2025-07-18,3.38,3.4,3.35,3.38,9303106.0,31353402.0
2025-07-21,3.41,3.48,3.39,3.47,18668164.0,64492060.0
2025-07-22,3.48,3.49,3.43,3.49,18271900.0,63380260.0
2025-07-23,3.5,3.52,3.46,3.47,15352919.0,53625124.0
2025-07-24,3.47,3.52,3.46,3.51,12591084.0,44055768.0
2025-07-25,3.53,3.53,3.48,3.5,11431330.0,40021296.0
2025-07-28,3.5,3.51,3.46,3.49,11951000.0,41537664.0
2025-07-29,3.48,3.5,3.42,3.46,12476000.0,43084576.0
2025-07-30,3.46,3.47,3.38,3.41,16869500.0,57741980.0
2025-07-31,3.42,3.43,3.31,3.32,18451300.0,62099776.0
2025-08-01,3.32,3.36,3.31,3.33,15756201.0,52470088.0
2025-08-04,3.34,3.39,3.29,3.35,14260200.0,47736288.0
2025-08-05,3.37,3.48,3.36,3.42,16374300.0,55850768.0
2025-08-06,3.44,3.53,3.37,3.49,29218170.0,100947144.0
2025-08-07,3.49,3.55,3.46,3.5,28346876.0,99071088.0
2025-08-08,3.49,3.54,3.47,3.52,18651500.0,65168192.0
2025-08-11,3.52,3.57,3.51,3.56,18552974.0,65886264.0
2025-08-12,3.57,3.88,3.57,3.71,61344788.0,228883952.0
2025-08-13,3.73,3.78,3.66,3.74,35562560.0,131959888.0
2025-08-14,3.74,3.75,3.64,3.67,24661700.0,91185104.0
2025-08-15,3.64,4.04,3.63,4.04,25414876.0,100388520.0
2025-08-18,4.05,4.22,3.85,3.95,113317952.0,448558848.0
2025-08-19,3.86,3.91,3.78,3.89,69650960.0,267531312.0
2025-08-20,3.85,4.03,3.81,3.86,51231448.0,199223024.0
2025-08-21,3.86,3.9,3.77,3.8,35568188.0,135697120.0
2025-08-22,3.77,3.79,3.71,3.73,32930256.0,123050920.0
2025-08-25,3.76,3.77,3.69,3.72,28695416.0,106868288.0
2025-08-26,3.73,3.76,3.71,3.75,22535056.0,84287032.0
2025-08-27,3.76,3.76,3.63,3.63,25731598.0,94932504.0
2025-08-28,3.56,3.66,3.49,3.6,29012748.0,103744624.0
2025-08-29,3.6,3.67,3.56,3.63,21058280.0,76383632.0
2025-09-01,3.63,3.71,3.59,3.71,20240392.0,74180008.0
2025-09-02,3.68,3.75,3.63,3.73,19805292.0,73148512.0
2025-09-03,3.72,3.86,3.7,3.83,47146940.0,179483392.0
2025-09-04,3.83,3.84,3.72,3.78,27072792.0,102564296.0
2025-09-05,3.76,3.79,3.71,3.78,22326252.0,83602760.0
2025-09-08,3.78,3.84,3.74,3.77,20867592.0,79038024.0
2025-09-09,3.75,3.8,3.69,3.7,20780270.0,77588848.0
2025-09-10,3.69,3.74,3.67,3.72,14700146.0,54435860.0
2025-09-11,3.69,3.73,3.59,3.71,25299788.0,92920768.0
2025-09-12,3.72,3.77,3.7,3.76,21896504.0,81977288.0
2025-09-15,3.76,3.86,3.76,3.85,26428396.0,100724848.0
2025-09-16,3.86,3.87,3.77,3.82,20405738.0,77540056.0
2025-09-17,3.81,3.84,3.75,3.8,18642760.0,70788384.0
2025-09-18,3.8,3.8,3.67,3.71,18854336.0,70626576.0
2025-09-19,3.72,3.74,3.64,3.66,14308279.0,52522080.0
2025-09-22,3.66,3.74,3.6,3.72,20728862.0,75781208.0
2025-09-23,3.71,3.71,3.48,3.59,29819006.0,105866072.0
2025-09-24,3.57,3.63,3.54,3.6,15060379.0,54107488.0
2025-09-25,3.61,3.61,3.47,3.47,16782400.0,59176904.0
2025-09-26,3.49,3.57,3.45,3.53,13921979.0,49124056.0
2025-09-29,3.54,3.65,3.48,3.57,14856411.0,52991648.0
2025-09-30,3.58,3.67,3.57,3.64,16484100.0,59893352.0
2025-10-09,3.65,3.71,3.62,3.66,12610038.0,46218244.0
2025-10-10,3.65,3.76,3.62,3.71,19856838.0,73890256.0
2025-10-13,3.6,3.74,3.5,3.73,21803512.0,79580544.0
2025-10-14,3.74,3.76,3.66,3.68,14941000.0,55390224.0
2025-10-15,3.68,3.71,3.64,3.67,12381700.0,45408200.0
2025-10-16,3.67,3.69,3.58,3.61,11672500.0,42179396.0
2025-10-17,3.61,3.65,3.58,3.58,11640538.0,42023440.0
2025-10-20,3.59,3.7,3.59,3.69,16184500.0,59210080.0
2025-10-21,3.7,3.76,3.68,3.76,19542900.0,73050472.0
2025-10-22,3.76,3.79,3.72,3.76,15652400.0,58881320.0
2025-10-23,3.92,4.14,3.83,3.87,126177288.0,503000064.0
2025-10-24,3.76,3.85,3.76,3.8,74307216.0,281653088.0
2025-10-27,3.85,3.86,3.7,3.72,41290100.0,154341728.0
2025-10-28,3.75,3.99,3.7,3.84,51703200.0,198790032.0
2025-10-29,3.84,4.18,3.78,3.95,64460896.0,255092672.0
2025-10-30,3.88,3.9,3.75,3.81,54292072.0,207695536.0
2025-10-31,3.89,3.93,3.78,3.81,31344728.0,119754040.0
2025-11-03,3.82,3.89,3.79,3.87,28085054.0,108159096.0
2025-11-04,3.86,3.95,3.84,3.93,28217484.0,109725320.0
2025-11-05,3.9,4.01,3.85,3.98,32713000.0,129700152.0
2025-11-06,3.98,3.98,3.87,3.93,22031264.0,85999312.0
2025-11-07,3.92,3.94,3.87,3.88,16294985.0,63377612.0
2025-11-10,3.88,3.91,3.84,3.89,17060296.0,66275936.0
2025-11-11,3.89,3.9,3.85,3.86,14977392.0,58033420.0
2025-11-12,3.86,3.88,3.8,3.83,16390000.0,62892672.0
2025-11-13,3.83,3.91,3.8,3.91,19532134.0,75481008.0
2025-11-14,3.9,3.96,3.88,3.94,20483600.0,80591192.0
2025-11-17,3.94,4.02,3.92,4.01,23917192.0,95133696.0
2025-11-18,4.03,4.03,3.86,3.9,20581800.0,80367488.0
2025-11-19,3.9,3.92,3.75,3.77,24387100.0,92853736.0
2025-11-20,3.8,3.82,3.72,3.75,15035061.0,56504396.0
2025-11-21,3.74,3.78,3.55,3.57,22322956.0,80860864.0
2025-11-24,3.62,3.64,3.55,3.61,14606700.0,52594744.0
2025-11-25,3.61,3.69,3.58,3.65,10569968.0,38605484.0
2025-11-26,3.63,3.74,3.61,3.62,15799900.0,57918640.0
2025-11-27,3.6,3.72,3.58,3.7,14982576.0,54887596.0
2025-11-28,3.68,3.93,3.65,3.79,31549636.0,119965464.0
2025-12-01,3.8,3.85,3.73,3.75,19678860.0,74104520.0
2025-12-02,3.73,3.76,3.66,3.73,13119986.0,48705492.0
2025-12-03,3.74,4.07,3.71,3.87,54968240.0,213282192.0
2025-12-04,3.85,3.88,3.75,3.76,29046476.0,110548520.0
2025-12-05,3.76,3.77,3.69,3.76,17823440.0,66593328.0
2025-12-08,3.77,3.77,3.68,3.7,17673600.0,65634988.0
2025-12-09,3.69,3.71,3.64,3.67,14680800.0,53849612.0
2025-12-10,3.64,3.68,3.55,3.58,20970700.0,75275952.0
2025-12-11,3.58,3.59,3.47,3.48,17142600.0,60134580.0
2025-12-12,3.5,3.52,3.43,3.43,13193900.0,45850544.0
2025-12-15,3.43,3.51,3.4,3.49,12294500.0,42649024.0
2025-12-16,3.48,3.49,3.4,3.4,10950201.0,37573468.0
2025-12-17,3.42,3.43,3.35,3.41,10367301.0,35103116.0
2025-12-18,3.41,3.45,3.38,3.4,9863100.0,33701528.0
2025-12-19,3.38,3.48,3.38,3.47,12240246.0,42121656.0
2025-12-22,3.46,3.48,3.44,3.45,8441300.0,29189268.0
2025-12-23,3.45,3.45,3.37,3.39,9787047.0,33352272.0
2025-12-24,3.4,3.44,3.37,3.41,7449292.0,25467432.0
2025-12-25,3.4,3.47,3.4,3.46,8659002.0,29744834.0
2025-12-26,3.47,3.48,3.42,3.43,10041852.0,34588092.0
2025-12-29,3.43,3.44,3.39,3.41,7426800.0,25353328.0
2025-12-30,3.41,3.41,3.36,3.38,7716438.0,26127344.0
2025-12-31,3.39,3.39,3.34,3.38,9661400.0,32545624.0
2026-01-05,3.39,3.44,3.39,3.42,9110378.0,31142652.0
2026-01-06,3.44,3.47,3.41,3.46,10874768.0,37417912.0
2026-01-07,3.45,3.46,3.36,3.37,14657400.0,49765076.0
2026-01-08,3.35,3.41,3.35,3.41,11434300.0,38647848.0
2026-01-09,3.4,3.46,3.38,3.45,15783387.0,53938752.0
2026-01-12,3.45,3.5,3.44,3.46,17346688.0,60081688.0
2026-01-13,3.47,3.5,3.42,3.46,19152898.0,66436548.0
2026-01-14,3.45,3.48,3.36,3.4,23085400.0,79202384.0
2026-01-15,3.38,3.41,3.36,3.38,14135685.0,47740116.0
2026-01-16,3.38,3.4,3.31,3.35,15729700.0,52689244.0
2026-01-19,3.33,3.42,3.33,3.41,12727100.0,43135800.0
2026-01-20,3.4,3.45,3.38,3.42,12153646.0,41480888.0
2026-01-21,3.4,3.42,3.37,3.42,8780107.0,29904726.0
2026-01-22,3.42,3.47,3.41,3.46,11979700.0,41334376.0
2026-01-23,3.47,3.55,3.44,3.55,17507908.0,61432032.0
2026-01-26,3.56,3.57,3.46,3.51,16303161.0,57045728.0
2026-01-27,3.52,3.7,3.47,3.52,22552688.0,79680192.0
2026-01-28,3.52,3.55,3.5,3.51,13726642.0,48349552.0
2026-01-29,3.49,3.54,3.46,3.47,12883300.0,45109836.0
2026-01-30,3.46,3.52,3.44,3.49,11592600.0,40353832.0
2026-02-02,3.48,3.52,3.43,3.43,12202600.0,42505248.0
2026-02-03,3.47,3.51,3.44,3.51,10953168.0,38156480.0
2026-02-04,3.5,3.56,3.49,3.56,10865200.0,38475036.0
2026-02-05,3.56,3.57,3.51,3.51,10791748.0,38216016.0
2026-02-06,3.49,3.55,3.48,3.53,9212962.0,32461188.0
2026-02-09,3.56,3.59,3.54,3.56,13274400.0,47341584.0
2026-02-10,3.57,3.61,3.55,3.56,14885388.0,53237562.0
2026-02-11,3.56,3.59,3.52,3.55,9980189.0,35511242.0
2026-02-12,3.56,3.57,3.5,3.51,9907800.0,34967254.0
2026-02-13,3.5,3.53,3.46,3.47,9041200.0,31625358.0
2026-02-24,3.5,3.57,3.49,3.56,11742321.0,41643904.0
2026-02-25,3.57,3.61,3.55,3.56,11395698.0,40792369.0
2026-02-26,3.61,3.63,3.54,3.59,17843800.0,63823412.0
2026-02-27,3.59,3.6,3.55,3.59,14028100.0,50106209.0
2026-03-02,3.54,3.59,3.44,3.48,20796400.0,72941826.0
2026-03-03,3.5,3.53,3.41,3.42,16619700.0,57512940.0
2026-03-04,3.4,3.43,3.35,3.37,13259120.0,44869214.0
2026-03-05,3.42,3.5,3.42,3.48,15918300.0,55167507.0
2026-03-06,3.45,3.55,3.44,3.55,13756821.0,48369021.0
2026-03-09,3.51,3.55,3.47,3.49,11253500.0,39396593.0
2026-03-10,3.52,3.56,3.5,3.53,13287800.0,46916250.0
2026-03-11,3.52,3.53,3.48,3.49,12949402.0,45238323.0
2026-03-12,3.5,3.52,3.44,3.45,14451787.0,50185113.0
2026-03-13,3.45,3.54,3.43,3.45,16370301.0,57132089.0
2026-03-16,3.46,3.52,3.43,3.5,14658600.0,50858748.0
2026-03-17,3.48,3.54,3.46,3.46,15480936.0,54150672.0
2026-03-18,3.49,3.5,3.43,3.5,12155619.0,42110560.0
2026-03-19,3.47,3.52,3.43,3.44,15144618.0,52490556.0
2026-03-20,3.44,3.48,3.34,3.36,16250499.0,54940061.0
2026-03-23,3.29,3.32,3.13,3.15,18124099.0,58660584.0
2026-03-24,3.23,3.35,3.18,3.34,20689900.0,67735255.0
2026-03-25,3.36,3.45,3.31,3.42,20733299.0,70645298.0
2026-03-26,3.47,3.5,3.35,3.37,21394300.0,73052181.0
2026-03-27,3.32,3.44,3.32,3.43,16328100.0,55633070.0
2026-03-30,3.42,3.46,3.36,3.44,13756554.0,47008018.0
2026-03-31,3.44,3.48,3.37,3.39,10414595.0,35756593.0
2026-04-01,3.43,3.47,3.33,3.35,16644500.0,56085228.0
2026-04-02,3.35,3.38,3.26,3.3,13368200.0,44155775.0
2026-04-03,3.34,3.35,3.17,3.19,15716600.0,50404456.0
2026-04-07,3.21,3.3,3.17,3.28,13409300.0,43640215.0
2026-04-08,3.34,3.37,3.29,3.37,11842674.0,39531229.0
2026-04-09,3.36,3.38,3.3,3.3,8279200.0,27574338.0
2026-04-10,3.31,3.37,3.31,3.33,10196544.0,34131914.0
2026-04-13,3.31,3.36,3.29,3.33,8554276.0,28521151.0
2026-04-14,3.35,3.36,3.28,3.32,8659577.0,28708223.0
2026-04-15,3.32,3.33,3.25,3.26,8514601.0,27900332.0
2026-04-16,3.27,3.32,3.23,3.31,7975661.0,26215576.0
2026-04-17,3.31,3.32,3.23,3.24,10852700.0,35384328.0
2026-04-20,3.25,3.26,3.21,3.25,7246500.0,23476638.0
2026-04-21,3.25,3.26,3.2,3.23,10149800.0,32781495.0
2026-04-22,3.23,3.23,3.18,3.19,7953966.0,25451797.0
2026-04-23,3.19,3.22,3.15,3.19,11792995.0,37472159.0
2026-04-24,3.17,3.25,3.16,3.23,12172698.0,39030711.0
2026-04-27,3.24,3.32,3.17,3.32,15752000.0,51155930.0
2026-04-28,3.29,3.3,3.13,3.19,22603801.0,72006799.0
2026-04-29,3.19,3.31,3.18,3.28,17017384.0,55663142.0
2026-04-30,3.31,3.32,3.25,3.28,11687000.0,38328836.0
2026-05-06,3.3,3.31,3.23,3.27,13490900.0,44045499.0
2026-05-07,3.3,3.33,3.26,3.27,15155831.0,49806400.0
2026-05-08,3.27,3.3,3.26,3.29,11090365.0,36395472.0
2026-05-11,3.3,3.32,3.22,3.25,20039971.0,65355114.0
2026-05-12,3.24,3.45,3.2,3.34,36241215.0,119935028.0
2026-05-13,3.33,3.51,3.33,3.47,45839975.0,157812428.0
2026-05-14,3.46,3.49,3.34,3.35,22534266.0,76518550.0
2026-05-15,3.35,3.37,3.26,3.3,20904635.0,69205526.0
2026-05-18,3.3,3.34,3.2,3.33,23979816.0,78288500.0
2026-05-19,3.34,3.37,3.27,3.32,13367810.0,44234418.0
2026-05-20,3.32,3.32,3.18,3.19,20951910.0,67404429.0
2026-05-21,3.22,3.3,3.11,3.13,22011811.0,70547998.0
2026-05-22,3.16,3.17,3.05,3.1,13836066.0,42686015.0
2026-05-25,3.11,3.16,3.08,3.1,11292206.0,35119948.0
2026-05-26,3.09,3.09,2.95,3.01,16897900.0,50861337.0
2026-05-27,3.03,3.03,2.92,2.94,12207100.0,35979262.0
2026-05-28,2.91,3.23,2.89,3.23,21463294.0,67999971.0
2026-05-29,3.23,3.34,3.12,3.14,41255060.0,132859534.0
2026-06-01,3.19,3.21,3.1,3.16,22752693.0,71988873.0
2026-06-02,3.17,3.31,3.13,3.25,30588108.0,98249993.0
2026-06-03,3.25,3.32,3.19,3.22,18792992.0,60871093.0
2026-06-04,3.21,3.25,3.15,3.24,16917584.0,54243382.0
2026-06-05,3.25,3.56,3.24,3.56,90966842.0,318261178.0
2026-06-08,3.5,3.92,3.48,3.92,58801668.0,224189098.0
2026-06-09,3.99,4.22,3.67,3.79,133914477.0,521178985.0
2026-06-10,3.77,3.79,3.5,3.54,82448913.0,295623444.0
2026-06-11,3.46,3.58,3.4,3.46,44778164.0,155492430.0
2026-06-12,3.48,3.52,3.34,3.46,43315700.0,149733439.0
2026-06-15,3.47,3.53,3.37,3.41,37028242.0,126582994.0
2026-06-16,3.38,3.43,3.29,3.42,31142101.0,105445962.0
2026-06-17,3.42,3.44,3.3,3.43,34037200.0,115108721.0
2026-06-18,3.42,3.42,3.22,3.27,40229440.0,133237368.0
2026-06-22,3.28,3.33,3.14,3.18,31546700.0,101038888.0
2026-06-23,3.15,3.28,3.12,3.17,27823900.0,88827600.0
2026-06-24,3.14,3.15,2.91,2.99,38858856.0,116220056.0
2026-06-25,2.99,3.0,2.86,2.94,27378232.0,79645520.0
2026-06-26,2.95,2.98,2.82,2.83,21566890.0,62366476.0
2026-06-29,2.8,2.91,2.74,2.81,18314200.0,51467588.0
2026-06-30,2.78,2.85,2.75,2.83,15149973.0,42286828.0
2026-07-01,2.85,3.11,2.84,3.11,19738700.0,60256476.0
2026-07-02,3.35,3.35,2.96,2.98,48448000.0,150267328.0
2026-07-03,3.03,3.06,2.93,2.99,23195500.0,69368888.0
2026-07-06,3.05,3.07,2.84,2.85,21989100.0,64040920.0
2026-07-07,2.82,2.86,2.74,2.76,16246100.0,45219488.0
2026-07-08,2.75,2.79,2.71,2.74,11640500.0,32033988.0
2026-07-09,2.73,2.75,2.63,2.68,14191046.0,38049500.0
2026-07-10,2.68,2.77,2.63,2.72,17917228.0,48504888.0
2026-07-13,2.7,2.73,2.6,2.64,15141508.0,40260244.0
2026-07-14,2.64,2.75,2.62,2.75,12567060.0,33846972.0
2026-07-15,2.72,2.81,2.7,2.73,10926300.0,30052938.0
2026-07-16,2.72,2.78,2.68,2.73,12693634.0,34727056.0
2026-07-17,2.73,2.8,2.66,2.68,18289760.0,49861944.0
2026-07-20,2.7,2.74,2.56,2.59,18811300.0,49823240.0
2026-07-21,2.58,2.59,2.46,2.55,19555492.0,49476672.0
2026-07-22,2.53,2.58,2.5,2.52,10857700.0,27549038.0
2026-07-23,2.53,2.69,2.51,2.67,18282100.0,47730936.0
2026-07-24,2.67,2.69,2.58,2.62,9262600.0,24280916.0
2026-07-27,2.62,2.7,2.59,2.69,9093400.0,24268964.0
2026-07-28,2.68,2.73,2.66,2.71,11806076.0,31941502.0
2026-07-29,2.74,2.8,2.7,2.76,12541600.0,34624072.0
2026-07-30,2.76,2.82,2.69,2.7,12975000.0,35735472.0
2026-07-31,2.73,2.77,2.71,2.76,11508301.0,31665374.0
2026-08-03,2.77,2.9,2.76,2.9,16488900.0,46947136.0
2026-08-04,2.9,2.92,2.86,2.88,11161960.0,32251700.0
2026-08-05,2.91,2.92,2.84,2.88,11331860.0,32556476.0
2026-08-06,2.89,2.93,2.84,2.91,15078500.0,43551112.0
2026-08-07,2.91,2.91,2.82,2.86,12029700.0,34320360.0
2026-08-10,2.86,2.95,2.85,2.93,14632150.0,42668040.0
2026-08-11,2.94,2.98,2.9,2.97,10909661.0,32172184.0
2026-08-12,2.97,3.03,2.95,3.02,11629041.0,34821832.0
2026-08-13,3.01,3.03,2.94,2.95,11213640.0,33320046.0
2026-08-14,2.95,2.97,2.9,2.92,8447900.0,24728914.0
2026-08-17,2.92,3.09,2.9,3.04,18906900.0,57109612.0
2026-08-18,3.03,3.11,3.02,3.08,14478299.0,44225732.0
2026-08-19,3.05,3.16,3.01,3.01,15980329.0,49159596.0
2026-08-20,3.04,3.07,3.01,3.04,9624400.0,29227032.0
2026-08-21,3.03,3.08,2.98,3.07,11489235.0,34861292.0
2026-08-24,3.05,3.14,3.04,3.08,11477400.0,35347472.0
2026-08-25,3.1,3.16,3.08,3.16,12301100.0,38473808.0
2026-08-26,3.17,3.22,3.14,3.2,14840900.0,47357056.0
2026-08-27,3.17,3.21,3.14,3.18,11853909.0,37632624.0
2026-08-28,3.18,3.35,3.14,3.3,24939382.0,80990712.0
2026-08-31,3.31,3.31,3.2,3.21,15810000.0,51184764.0
2026-09-01,3.2,3.27,3.2,3.25,14847300.0,48209672.0
2026-09-02,3.26,3.26,3.2,3.24,9969160.0,32207882.0
2026-09-03,3.24,3.29,3.2,3.2,11188601.0,36232880.0
2026-09-04,3.22,3.26,3.19,3.2,10109300.0,32593904.0
