date,open,high,low,close,volume,amount
2015-01-05,3.202373385999909,3.273351674868225,3.198198192537067,3.2608260944796985,2046978.0,15837438.0
2015-01-06,3.3234539964223306,3.415308252604857,3.298402835645278,3.335979576810857,2707717.0,21748634.0
2015-01-07,3.335979576810857,3.3777315114392783,3.273351674868225,3.298402835645278,1566659.0,12417792.0
2015-01-08,3.298402835645278,3.335979576810857,3.2817020617939097,3.2942276421824355,1275600.0,10082225.0
2015-01-09,3.2942276421824355,3.3151036094966466,3.2566509010168567,3.265001287942541,1290375.0,10167194.0
2015-01-12,3.235774933702646,3.235774933702646,3.123044710205909,3.1480958709829614,1432305.0,10840024.0
2015-01-13,3.123044710205909,3.194022999074225,3.123044710205909,3.1814974186856984,964608.0,7296959.0
2015-01-14,3.16479664483433,3.206548579462751,3.1439206775201196,3.173147031760014,1375420.0,10469341.0
2015-01-15,3.160621451371488,3.1814974186856984,3.1439206775201196,3.173147031760014,1128707.0,8557158.0
2015-01-16,3.202373385999909,3.202373385999909,3.160621451371488,3.194022999074225,1093527.0,8325360.0
2015-01-19,3.1522710644458036,3.1856726121485406,3.089643162503172,3.131395097131593,2417991.0,18090738.0
2015-01-20,3.1146943232802244,3.3693811245135943,3.1146943232802244,3.3526803506622254,5824131.0,45970500.0
2015-01-21,3.38190670490212,3.469585767621805,3.348505157199383,3.4528849937704362,5590324.0,45892632.0
2015-01-22,3.432009026456226,3.4988121218617003,3.406957865679173,3.4904617349360154,4942318.0,40749012.0
2015-01-23,3.477936154547489,3.6115423453584374,3.444534606844752,3.5781407976557005,5837814.0,49293136.0
2015-01-26,3.536388863027279,3.607367151895595,3.494636928398857,3.5906663780442263,4655513.0,39545136.0
2015-01-27,3.5489144434158053,3.615717538821279,3.5489144434158053,3.5990167649699103,3396133.0,29109748.0
2015-01-28,3.5489144434158053,3.778550083872122,3.5489144434158053,3.7326229557808586,11027017.0,97784960.0
2015-01-29,3.7242725688551745,3.8119516315748596,3.674170247301069,3.8036012446491747,9407930.0,84706400.0
2015-01-30,3.7743748904092795,3.7743748904092795,3.5906663780442263,3.6365935061354904,7604956.0,66929608.0
2015-02-02,3.406957865679173,3.427833832993384,3.273351674868225,3.340154770273699,10211595.0,81967504.0
2015-02-03,3.3443299637365413,3.373556317976436,3.2858772552567515,3.356855544125067,4744047.0,37867916.0
2015-02-04,3.365205931050752,3.3693811245135943,3.2900524487195937,3.306753222570962,4569142.0,36418472.0
2015-02-05,3.36103073758791,3.3693811245135943,3.2483005140911727,3.2566509010168567,3818427.0,30162780.0
2015-02-06,3.2566509010168567,3.2608260944796985,3.16479664483433,3.1856726121485406,2814047.0,21622524.0
2015-02-09,3.16479664483433,3.24412532062833,3.1522710644458036,3.2148989663884353,1865593.0,14277441.0
2015-02-10,3.2148989663884353,3.2817020617939097,3.2148989663884353,3.2566509010168567,2125337.0,16561814.0
2015-02-11,3.2524757075540145,3.30257802910812,3.235774933702646,3.265001287942541,1817849.0,14233065.0
2015-02-12,3.2566509010168567,3.2900524487195937,3.2566509010168567,3.277526868331067,1836211.0,14395045.0
2015-02-13,3.277526868331067,3.36103073758791,3.269176481405383,3.3526803506622254,3467789.0,27670976.0
2015-02-16,3.36103073758791,3.4612353806961202,3.3276291898851724,3.4194834460676993,4956390.0,40487504.0
2015-02-17,3.4194834460676993,3.444534606844752,3.38190670490212,3.406957865679173,2164092.0,17631178.0
2015-02-25,3.406957865679173,3.415308252604857,3.36103073758791,3.390257091827804,2148361.0,17453220.0
2015-02-26,3.3777315114392783,3.477936154547489,3.3777315114392783,3.469585767621805,3399034.0,28008616.0
2015-02-27,3.469585767621805,3.5614400238043316,3.444534606844752,3.536388863027279,4681627.0,39501212.0
2015-03-02,3.5572648303414893,3.569790410730016,3.502987315324542,3.544739249952963,4833771.0,40956300.0
2015-03-03,3.51968808917591,3.5823159911185423,3.4988121218617003,3.5530896368786475,4569204.0,38704348.0
2015-03-04,3.536388863027279,3.5906663780442263,3.536388863027279,3.5823159911185423,3920971.0,33472588.0
2015-03-05,3.5781407976557005,3.5781407976557005,3.477936154547489,3.5238632826387524,4438757.0,37468988.0
2015-03-06,3.5238632826387524,3.5656152172671733,3.5071625087873843,3.544739249952963,4297865.0,36430612.0
2015-03-09,3.5405640564901213,3.6616446669125424,3.5322136695644373,3.6574694734497006,8705214.0,75065672.0
2015-03-10,3.5739656041928582,3.6532942799868584,3.5614400238043316,3.615717538821279,7576342.0,65451308.0
2015-03-11,3.5990167649699103,3.6365935061354904,3.5823159911185423,3.5823159911185423,4337762.0,37479292.0
2015-03-12,3.5823159911185423,3.6115423453584374,3.511337702250226,3.511337702250226,4075067.0,34678252.0
2015-03-13,3.511337702250226,3.5864911845813845,3.511337702250226,3.5781407976557005,3678841.0,31361832.0
2015-03-16,3.5906663780442263,3.6783454407639113,3.5906663780442263,3.6699950538382264,6424674.0,56080908.0
2015-03-17,3.674170247301069,3.7326229557808586,3.6449438930611744,3.6992214080781216,7860516.0,69518592.0
2015-03-18,3.6992214080781216,3.7701996969464378,3.6825206342267536,3.7660245034835955,7479506.0,67004804.0
2015-03-19,3.7660245034835955,3.8203020185005436,3.7200973753923323,3.7952508577234907,8466549.0,76709392.0
2015-03-20,3.8036012446491747,3.8328275988890694,3.778550083872122,3.8244772119633854,5967153.0,54415160.0
2015-03-23,3.841177985814754,3.9246818550715967,3.8286524054262276,3.9121562746830696,10357622.0,96328928.0
2015-03-24,3.8704043400546486,4.079164013196755,3.8203020185005436,4.04993765895686,16976168.0,160648208.0
2015-03-25,4.029061691642649,4.041587272031176,3.945557822385807,3.995660143939913,8373302.0,80093992.0
2015-03-26,3.995660143939913,4.04993765895686,3.8328275988890694,3.9873097570142284,8543051.0,81098240.0
2015-03-27,3.9914849504770706,4.066638432808229,3.9831345635513857,4.024886498179808,7965786.0,76552232.0
2015-03-30,4.029061691642649,4.166843075916439,3.9747841766257017,4.137616721676545,16625121.0,162242832.0
2015-03-31,4.137616721676545,4.171018269379282,4.029061691642649,4.04993765895686,11768316.0,115027032.0
2015-04-01,4.033236885105492,4.267047719024651,4.033236885105492,4.196069430156335,15211474.0,151386784.0
2015-04-02,4.196069430156335,4.262872525561809,4.137616721676545,4.262872525561809,13983822.0,140677040.0
2015-04-03,4.258697332098966,4.338026007892967,4.196069430156335,4.292098879801703,11911500.0,122065464.0
2015-04-07,4.300449266727388,4.467457005241072,4.300449266727388,4.438230651001178,13232521.0,139892256.0
2015-04-08,4.438230651001178,4.467457005241072,4.258697332098966,4.312974847115914,11229660.0,116959096.0
2015-04-09,4.292098879801703,4.312974847115914,4.024886498179808,4.183543849767808,10384102.0,103291352.0
2015-04-10,4.175193462842124,4.375602749058546,4.141791915139387,4.333850814430125,8517613.0,87202560.0
2015-04-13,4.375602749058546,4.530084907183705,4.346376394818651,4.509208939869494,13158968.0,140453600.0
2015-04-14,4.509208939869494,4.509208939869494,4.358901975207177,4.4090042967612835,10108570.0,107500400.0
2015-04-15,4.258697332098966,4.329675620967282,4.171018269379282,4.208595010544861,9680855.0,98950744.0
2015-04-16,4.141791915139387,4.308799653653072,4.083339206659597,4.241996558247598,6953719.0,70407840.0
2015-04-17,4.262872525561809,4.358901975207177,4.241996558247598,4.258697332098966,8642463.0,88740368.0
2015-04-20,4.258697332098966,4.333850814430125,4.145967108602229,4.158492688990756,10420171.0,105898776.0
2015-04-21,4.166843075916439,4.2879236863388615,4.158492688990756,4.2712229124874925,6027508.0,61066624.0
2015-04-22,4.296274073264545,4.588537615663494,4.279573299413177,4.555136067960757,18666166.0,198947808.0
2015-04-23,4.513384133332337,4.834874029971179,4.488332972555283,4.684567065308864,22039628.0,246068720.0
2015-04-24,4.592712809126336,4.663691097994652,4.509208939869494,4.576012035274968,14775362.0,161879712.0
2015-04-27,4.613588776440547,4.776421321491389,4.601063196052021,4.65951590453181,12609663.0,141445520.0
2015-04-28,4.626114356829073,4.626114356829073,4.250346945173282,4.404829103298441,12559098.0,134162080.0
2015-04-29,4.379777942521388,4.479982585629599,4.308799653653072,4.4257050706126515,5577336.0,58964996.0
2015-04-30,4.44240584446402,4.592712809126336,4.367252362132862,4.379777942521388,6925118.0,74529048.0
2015-05-04,4.388128329447072,4.61776396990339,4.388128329447072,4.52173452025802,6872220.0,74366488.0
2015-05-05,4.513384133332337,4.534260100646546,4.24617175171044,4.308799653653072,8029172.0,84522688.0
2015-05-06,4.329675620967282,4.396478716372756,4.158492688990756,4.175193462842124,5916522.0,60955232.0
2015-05-07,4.175193462842124,4.24617175171044,4.083339206659597,4.129266334750861,5149223.0,51339896.0
2015-05-08,4.162667882453598,4.233646171321914,4.058288045882545,4.179368656304966,8431306.0,83791952.0
2015-05-11,4.196069430156335,4.379777942521388,4.196069430156335,4.367252362132862,8029367.0,82764448.0
2015-05-12,4.450756231389704,4.584362422200652,4.446581037926862,4.450756231389704,8819680.0,94907840.0
2015-05-13,4.4591066183153885,4.576012035274968,4.3923035229099145,4.530084907183705,9428955.0,101814280.0
2015-05-14,4.509208939869494,4.822348449582654,4.467457005241072,4.726318999937284,16084398.0,180569872.0
2015-05-15,4.713793419548757,4.997706575022023,4.688742258771705,4.918377899228021,19849334.0,230542048.0
2015-05-18,4.89332673845097,5.252393376255392,4.8891515449881275,5.13131276583297,15612790.0,191581600.0
2015-05-19,5.24821818279255,5.490379403637393,5.244042989329708,5.38599956706634,14786925.0,189519632.0
2015-05-20,5.548832112117182,5.899548362995922,5.373473986677813,5.8452708479789734,15022019.0,205546864.0
2015-05-21,5.853621234904658,6.429797932776871,5.853621234904658,6.429797932776871,13678351.0,205856752.0
2015-05-22,6.471549867405292,6.738762249027189,6.05403052112108,6.308717322354449,18692466.0,284043520.0
2015-05-25,6.93917153524361,6.93917153524361,6.179286325006344,6.74293744249003,18314996.0,291547840.0
2015-05-26,6.446498706628239,6.8222661182840305,6.446498706628239,6.738762249027189,17624360.0,280921376.0
2015-05-27,6.726236668638661,6.76381340980424,6.433973126239713,6.509126608570871,11968119.0,188456912.0
2015-05-28,6.500776221645187,7.160456788774242,6.3254180962058175,6.730411862101504,24727344.0,410505664.0
2015-05-29,6.784689377118451,7.4026180096190854,6.221038259634764,7.348340494602138,22497532.0,380898496.0
2015-06-01,7.682355971629508,8.083174544062352,7.431844363858981,8.083174544062352,21144964.0,397197664.0
2015-06-02,8.329510958370037,8.613424113843301,7.765859840886351,8.141627252542142,23961212.0,470387552.0
2015-06-03,8.070648963673825,8.070648963673825,7.619728069686876,7.891115644771614,16127891.0,303253248.0
2015-06-04,7.891115644771614,8.258532669501722,7.264836625345295,8.016371448656878,11922698.0,225698320.0
2015-06-05,8.024721835582561,8.220955928336142,7.786735808200561,7.94121796632572,12328856.0,235731152.0
2015-06-08,7.899466031697299,7.903641225160141,7.306588559973717,7.327464527287928,11399011.0,204734400.0
2015-06-09,7.168807175699928,7.724107906257929,6.889069213689504,7.715757519332245,10409554.0,180019776.0
2015-06-10,7.715757519332245,8.27523344335309,7.423493976933297,8.062298576748141,15307635.0,294613632.0
2015-06-11,8.053948189822457,8.246007089113196,7.9370427728628785,8.09987531791372,13768328.0,268252976.0
2015-06-12,8.09987531791372,8.446416375329617,7.9537435467142465,7.999670674805509,12769211.0,250701136.0
2015-06-15,8.09987531791372,8.15832802639351,7.494472265801612,7.52787381350435,11002898.0,202448800.0
2015-06-16,7.327464527287928,7.682355971629508,7.327464527287928,7.398442816156243,8707141.0,157328048.0
2015-06-17,7.406793203081927,7.577976135058455,6.680309540547398,7.398442816156243,8962834.0,154075120.0
2015-06-18,7.327464527287928,7.390092429230559,7.005974630649084,7.035200984888979,6052562.0,104770280.0
2015-06-19,6.8932444071523475,7.0644273391288746,6.333768483131502,6.333768483131502,5832153.0,91982464.0
2015-06-23,6.258615000800344,6.450673900091081,5.699139076779499,6.083256875360974,13083575.0,184755728.0
2015-06-24,6.095782455749501,6.254439807337501,5.7951685264248685,6.195987098857712,12407932.0,180495456.0
2015-06-25,6.195987098857712,6.195987098857712,5.636511174836867,5.770117365647815,8215101.0,117729272.0
2015-06-26,5.553007305580025,5.561357692505709,5.1939406677756015,5.1939406677756015,9441386.0,119347600.0
2015-06-29,5.298320504346655,5.335897245512234,4.676216678383178,4.676216678383178,12745763.0,146402528.0
2015-06-30,4.229470977859072,4.985180994633495,4.208595010544861,4.884976351525284,16707707.0,179138032.0
2015-07-01,4.7972972888056,5.03110812272476,4.404829103298441,4.404829103298441,12080000.0,139922688.0
2015-07-02,4.4591066183153885,4.479982585629599,3.9664337897000177,3.9998353374027547,11626162.0,116212496.0
2015-07-03,3.8620539531289646,4.1501423020650705,3.5990167649699103,3.6532942799868584,15042915.0,134997872.0
2015-07-06,4.020711304716966,4.020711304716966,3.2900524487195937,3.30257802910812,16850770.0,144120720.0
2015-07-07,3.1480958709829614,3.1480958709829614,2.972737745543592,2.972737745543592,6515100.0,46820456.0
2015-07-15,3.269176481405383,3.269176481405383,3.269176481405383,3.269176481405383,5883320.0,46066396.0
2015-07-16,3.131395097131593,3.5948415715070685,2.985263325932119,3.5948415715070685,28291532.0,231421088.0
2015-07-17,3.6324183126726477,3.9539082093114915,3.5739656041928582,3.9539082093114915,21922958.0,201082304.0
2015-07-20,4.1334415282137025,4.350551588281493,3.9580834027743337,4.350551588281493,28853432.0,295194624.0
2015-07-21,4.484157779092441,4.784771708417074,4.2879236863388615,4.605238389514862,25656996.0,284144320.0
2015-07-22,4.509208939869494,4.646990324143284,4.18771904323065,4.488332972555283,20464064.0,218297568.0
2015-07-23,4.4090042967612835,4.813998062656968,4.4090042967612835,4.722143806474443,15898321.0,177033536.0
2015-07-24,4.680391871846021,4.951779446930758,4.5968880025891785,4.713793419548757,17009962.0,193903024.0
2015-07-27,4.601063196052021,4.763895741102863,4.241996558247598,4.241996558247598,13065581.0,140321792.0
2015-07-28,3.8829299204431753,4.233646171321914,3.8161268250377014,3.9539082093114915,16275511.0,153116096.0
2015-07-29,4.095864787048124,4.292098879801703,3.7618493100207537,4.24617175171044,12410806.0,118739432.0
2015-07-30,4.24617175171044,4.317150040578756,3.9163314681459127,3.97060898316286,10148194.0,102012432.0
2015-07-31,3.9664337897000177,3.9747841766257017,3.5739656041928582,3.7409733427065435,7858859.0,72383152.0
2015-08-03,3.7493237296322275,3.7493237296322275,3.365205931050752,3.4236586395305415,13027231.0,109115304.0
2015-08-04,3.4194834460676993,3.7660245034835955,3.4194834460676993,3.7534989230950693,11791924.0,101132968.0
2015-08-05,3.7493237296322275,3.945557822385807,3.674170247301069,3.8370027923519117,14385424.0,131499416.0
2015-08-06,3.6783454407639113,3.8871051139060175,3.6783454407639113,3.8244772119633854,9567859.0,87040320.0
2015-08-07,3.874579533517491,3.978959370088544,3.841177985814754,3.9664337897000177,14253672.0,133750176.0
2015-08-10,4.045762465494017,4.342201201355809,3.9539082093114915,4.250346945173282,20667940.0,204640496.0
2015-08-11,4.237821364784756,4.634464743754758,4.166843075916439,4.538435294109388,23861884.0,250723248.0
2015-08-12,4.3923035229099145,4.93507867307939,4.38395313598423,4.738844580325811,28406896.0,319704864.0
2015-08-13,4.667866291457495,4.955954640393601,4.61776396990339,4.947604253467917,19293020.0,220012320.0
2015-08-14,5.010232155410549,5.043633703113286,4.826523643045496,4.876625964599601,18173208.0,213876784.0
2015-08-17,4.8014724822684425,4.859925190748233,4.592712809126336,4.8014724822684425,19012112.0,215325648.0
2015-08-18,4.834874029971179,4.960129833856444,4.321325234041598,4.321325234041598,17050914.0,190559424.0
2015-08-19,4.175193462842124,4.713793419548757,3.8912803073688598,4.601063196052021,20669706.0,209382064.0
2015-08-20,4.542610487572231,4.730494193400126,4.388128329447072,4.646990324143284,18369200.0,200857952.0
2015-08-21,4.550960874497915,4.588537615663494,4.196069430156335,4.216945397470545,12780072.0,134760624.0
2015-08-24,4.095864787048124,4.095864787048124,3.7952508577234907,3.7952508577234907,9203608.0,84120360.0
2015-08-25,3.415308252604857,3.465410574158963,3.415308252604857,3.415308252604857,12781358.0,104659720.0
2015-08-26,3.406957865679173,3.5280384761015946,3.0729423886518035,3.0729423886518035,20245494.0,156006912.0
2015-08-27,3.131395097131593,3.2566509010168567,2.9643873586179077,3.1856726121485406,13404737.0,100072680.0
2015-08-28,3.2232493533141193,3.4737609610846474,3.194022999074225,3.4528849937704362,12294631.0,97505744.0
2015-08-31,3.4570601872332785,3.4570601872332785,3.2858772552567515,3.3276291898851724,9057956.0,72460600.0
2015-09-01,3.335979576810857,3.335979576810857,3.018664873634856,3.0604168082632768,7729540.0,58273876.0
2015-09-02,2.8892338762867498,3.2524757075540145,2.8307811678069603,3.0437160344119083,9205498.0,67800704.0
2015-09-07,3.1898478056113824,3.2483005140911727,3.0729423886518035,3.123044710205909,5453632.0,41396972.0
2015-09-08,3.1272199036687507,3.331804383348015,3.0729423886518035,3.269176481405383,4432833.0,33903684.0
2015-09-09,3.277526868331067,3.44035941338191,3.269176481405383,3.3944322852906472,7790398.0,62900592.0
2015-09-10,3.335979576810857,3.494636928398857,3.273351674868225,3.365205931050752,6751235.0,55244304.0
2015-09-11,3.335979576810857,3.465410574158963,3.335979576810857,3.4570601872332785,7650511.0,62344244.0
2015-09-14,3.4612353806961202,3.486286541473173,3.110519129817382,3.110519129817382,7795397.0,60516492.0
2015-09-15,3.031190454023382,3.0478912278747505,2.822430780881276,2.8307811678069603,5716430.0,39968140.0
2015-09-16,2.876708295898223,3.1146943232802244,2.8391315547326443,3.1146943232802244,6276242.0,45001180.0
2015-09-17,3.1188695167430662,3.277526868331067,3.031190454023382,3.1564462579086454,8439543.0,63826316.0
2015-09-18,3.16479664483433,3.3276291898851724,3.16479664483433,3.273351674868225,8730432.0,67975952.0
2015-09-21,3.168971838297172,3.4236586395305415,3.1564462579086454,3.406957865679173,8404874.0,66499736.0
2015-09-22,3.444534606844752,3.5405640564901213,3.269176481405383,3.4111330591420153,10218000.0,83415936.0
2015-09-23,3.340154770273699,3.5280384761015946,3.2566509010168567,3.432009026456226,9553376.0,77430736.0
2015-09-24,3.4111330591420153,3.5405640564901213,3.356855544125067,3.465410574158963,10177695.0,84431856.0
2015-09-25,3.44035941338191,3.469585767621805,3.2190741598512775,3.2858772552567515,8504855.0,68272120.0
2015-09-28,3.310928416033804,3.3860818983649623,3.277526868331067,3.373556317976436,3910341.0,31257174.0
2015-09-29,3.306753222570962,3.348505157199383,3.16479664483433,3.2148989663884353,4114416.0,32173566.0
2015-09-30,3.2608260944796985,3.30257802910812,3.1856726121485406,3.227424546776962,3901749.0,30071872.0
2015-10-08,3.3526803506622254,3.3944322852906472,3.273351674868225,3.390257091827804,4830160.0,38701332.0
2015-10-09,3.406957865679173,3.5238632826387524,3.3526803506622254,3.477936154547489,9139623.0,75446640.0
2015-10-12,3.4612353806961202,3.6866958276895954,3.44035941338191,3.649119086524016,9863557.0,85043768.0
2015-10-13,3.5864911845813845,3.7493237296322275,3.5823159911185423,3.7075717950038065,8447658.0,74852064.0
2015-10-14,3.6866958276895954,3.874579533517491,3.5280384761015946,3.778550083872122,11601242.0,104132000.0
2015-10-15,3.7534989230950693,3.8829299204431753,3.6866958276895954,3.8578787596661224,13268664.0,121057960.0
2015-10-16,3.8328275988890694,4.112565560899492,3.8328275988890694,4.024886498179808,14066315.0,133795816.0
2015-10-19,4.041587272031176,4.375602749058546,3.9873097570142284,4.087514400122439,14899753.0,146558352.0
2015-10-20,4.037412078568334,4.292098879801703,4.029061691642649,4.258697332098966,14555759.0,146815264.0
2015-10-21,4.241996558247598,4.4257050706126515,3.8537035662032806,3.9121562746830696,15400797.0,154576480.0
2015-10-22,3.9580834027743337,4.254522138636124,3.8620539531289646,4.175193462842124,22676672.0,219543008.0
2015-10-23,4.10839036743665,4.592712809126336,4.070813626271071,4.525909713720862,29913562.0,308092352.0
2015-10-26,4.484157779092441,4.809822869194127,4.279573299413177,4.346376394818651,27445412.0,294637952.0
2015-10-27,4.279573299413177,4.5801872287378105,4.041587272031176,4.388128329447072,18007170.0,185772672.0
2015-10-28,4.346376394818651,4.567661648349283,4.300449266727388,4.321325234041598,13034454.0,137741376.0
2015-10-29,4.321325234041598,4.484157779092441,4.1501423020650705,4.166843075916439,16550259.0,169864208.0
2015-10-30,4.166843075916439,4.196069430156335,4.041587272031176,4.10839036743665,8243291.0,81349232.0
2015-11-02,3.9747841766257017,4.145967108602229,3.945557822385807,3.9831345635513857,7059250.0,68534584.0
2015-11-03,3.9914849504770706,4.1167407543623336,3.9747841766257017,4.066638432808229,5912657.0,57289132.0
2015-11-04,4.125091141288019,4.417354683686967,4.083339206659597,4.308799653653072,15724009.0,160127600.0
2015-11-05,4.292098879801703,4.450756231389704,4.237821364784756,4.2879236863388615,15714466.0,162733008.0
2015-11-06,4.296274073264545,4.5801872287378105,4.258697332098966,4.434055457538335,19795880.0,209537744.0
2015-11-09,4.38395313598423,4.6302895502919155,4.317150040578756,4.429880264075493,20555100.0,220393264.0
2015-11-10,4.4257050706126515,4.697092645697389,4.388128329447072,4.646990324143284,23017904.0,251024832.0
2015-11-11,4.592712809126336,4.697092645697389,4.517559326795178,4.621939163366231,14799142.0,163020064.0
2015-11-12,4.626114356829073,4.926728286153707,4.588537615663494,4.805647675731285,27609956.0,316723296.0
2015-11-13,4.759720547640021,4.759720547640021,4.509208939869494,4.621939163366231,14004778.0,156292400.0
2015-11-16,4.446581037926862,4.793122095342758,4.434055457538335,4.788946901879917,9540770.0,105913464.0
2015-11-17,4.834874029971179,5.006056961947706,4.680391871846021,4.884976351525284,27816252.0,325634528.0
2015-11-18,4.855749997285391,5.148013539684339,4.822348449582654,4.905852318839496,26048706.0,309039328.0
2015-11-19,4.855749997285391,5.043633703113286,4.813998062656968,4.93507867307939,19759718.0,231142672.0
2015-11-20,4.951779446930758,4.960129833856444,4.843224416896864,4.89332673845097,14253092.0,167146192.0
2015-11-23,4.855749997285391,4.993531381559181,4.813998062656968,4.884976351525284,9280183.0,109237240.0
2015-11-24,4.884976351525284,4.968480220782127,4.834874029971179,4.968480220782127,7308302.0,86005016.0
2015-11-25,5.001881768484864,5.46532824286034,4.9726554142449695,5.46532824286034,22119950.0,282810848.0
2015-11-26,5.502904984025919,5.799343719887711,5.26909415010676,5.661562335613921,23514316.0,307664384.0
2015-11-27,5.532131338265814,5.887022782607395,5.340072438975076,5.46532824286034,22965034.0,311684832.0
2015-11-30,5.390174760529182,5.553007305580025,4.926728286153707,5.40687553438055,14278814.0,181294176.0
2015-12-01,5.394349953992024,5.586408853282762,5.1772398939242334,5.565532885968551,14239455.0,183678544.0
2015-12-02,5.511255370951603,5.5571824990428675,5.05198409003897,5.260743763181076,9450466.0,121092200.0
2015-12-03,5.223167022015497,5.390174760529182,5.218991828552655,5.310846084735182,8172705.0,103735384.0
2015-12-04,5.289970117420971,5.32754685858655,5.05198409003897,5.102086411593076,12919564.0,160094976.0
2015-12-07,5.085385637741707,5.152188733147181,5.043633703113286,5.148013539684339,8048764.0,98374768.0
2015-12-08,5.114611991981602,5.24821818279255,5.068684863890339,5.198115861238444,9540928.0,118402920.0
2015-12-09,5.139663152758655,5.32754685858655,5.139663152758655,5.298320504346655,11110732.0,140054272.0
2015-12-10,5.289970117420971,5.3150212781980235,5.05198409003897,5.05198409003897,12580710.0,154968944.0
2015-12-11,5.035283316187602,5.423576308231919,4.555136067960757,5.05198409003897,45145040.0,535001888.0
2015-12-14,4.8891515449881275,5.302495697809497,4.847399610359705,5.093736024667391,30525944.0,375068800.0
2015-12-15,5.07286005735318,5.394349953992024,5.07286005735318,5.289970117420971,26644408.0,335648832.0
2015-12-16,5.285794923958129,5.774292559110657,5.285794923958129,5.636511174836867,37151380.0,493628064.0
2015-12-17,5.636511174836867,6.0331545538068685,5.60310962713413,5.870322008756027,38319376.0,532282144.0
2015-12-18,5.870322008756027,6.179286325006344,5.74089101140792,5.953825878012869,45733028.0,646330112.0
2015-12-21,5.824394880664762,6.1709359380806585,5.515430564414446,6.079081681898133,58522556.0,815246016.0
2015-12-22,6.012278586492658,6.3254180962058175,5.8452708479789734,6.137534390377922,62900160.0,917154176.0
2015-12-23,6.045680134195395,6.179286325006344,5.74089101140792,5.8452708479789734,47271116.0,672104256.0
2015-12-24,5.7617669787221315,6.041504940732554,5.6072848205969725,5.941300297624342,35436128.0,495416544.0
2015-12-25,5.882847589144553,6.05403052112108,5.757591785259288,5.807694106813394,26921368.0,381025888.0
2015-12-28,5.8452708479789734,5.887022782607395,5.431926695157603,5.431926695157603,25597452.0,346547712.0
2015-12-29,5.427751501694761,5.4695034363231825,5.227342215478339,5.344247632437919,14936594.0,190527632.0
2015-12-30,5.365123599752129,5.569708079431393,5.365123599752129,5.561357692505709,15554129.0,204659200.0
2015-12-31,5.565532885968551,5.715839850630867,5.553007305580025,5.561357692505709,13608859.0,183906432.0
2016-01-04,5.586408853282762,5.5905840467456045,5.006056961947706,5.006056961947706,10368700.0,130175008.0
2016-01-05,4.592712809126336,5.135487959295813,4.592712809126336,5.1104367985187595,18884124.0,221727488.0
2016-01-06,5.114611991981602,5.594759240208446,5.060334476964654,5.411050727843393,19724208.0,250391472.0
2016-01-07,5.298320504346655,5.302495697809497,4.868275577673916,4.872450771136759,4136000.0,49976100.0
2016-01-08,5.010232155410549,5.252393376255392,4.592712809126336,5.03110812272476,21901782.0,263107648.0
2016-01-11,4.918377899228021,5.093736024667391,4.7680709345657055,4.8014724822684425,14410005.0,169605888.0
2016-01-12,4.809822869194127,4.922553092690864,4.634464743754758,4.730494193400126,8584592.0,98121640.0
2016-01-13,4.8014724822684425,4.813998062656968,4.4591066183153885,4.467457005241072,8749373.0,98329128.0
2016-01-14,4.300449266727388,4.701267839160232,4.183543849767808,4.550960874497915,14000080.0,149529904.0
2016-01-15,4.5467856810350735,4.613588776440547,4.296274073264545,4.342201201355809,10509216.0,113448136.0
2016-01-18,4.216945397470545,4.576012035274968,4.216945397470545,4.346376394818651,13435629.0,141113456.0
2016-01-19,4.363077168670019,4.5968880025891785,4.300449266727388,4.5968880025891785,15913957.0,170769008.0
2016-01-20,4.513384133332337,4.926728286153707,4.513384133332337,4.8014724822684425,26991592.0,304792448.0
2016-01-21,4.7179686130116005,4.968480220782127,4.538435294109388,4.538435294109388,17840256.0,203490848.0
2016-01-22,4.5801872287378105,4.772246128028548,4.538435294109388,4.651165517606127,20185004.0,224526512.0
2016-01-25,4.701267839160232,4.747194967251494,4.492508166018125,4.592712809126336,13578235.0,150755264.0
2016-01-26,4.530084907183705,4.542610487572231,4.1334415282137025,4.1334415282137025,12367413.0,126093272.0
2016-01-27,3.9998353374027547,4.120915947825176,3.7200973753923323,3.8203020185005436,13022508.0,119209440.0
2016-01-28,3.7075717950038065,3.8370027923519117,3.44035941338191,3.44035941338191,8361553.0,72444840.0
2016-01-29,3.36103073758791,3.640768699598332,3.36103073758791,3.5405640564901213,9291393.0,78206296.0
2016-02-01,3.544739249952963,3.6532942799868584,3.5155128957130684,3.5614400238043316,5980193.0,51136760.0
2016-02-02,3.569790410730016,3.7451485361693853,3.569790410730016,3.7326229557808586,5860779.0,51796272.0
2016-02-03,3.7033966015409634,3.7534989230950693,3.5948415715070685,3.7033966015409634,4537272.0,40023576.0
2016-02-04,3.7075717950038065,3.8036012446491747,3.674170247301069,3.7660245034835955,4821852.0,43489968.0
2016-02-05,3.7743748904092795,3.8286524054262276,3.7075717950038065,3.7284477623180163,4241571.0,38154808.0
2016-02-15,3.5739656041928582,3.674170247301069,3.5489144434158053,3.6198927322841215,5105898.0,44128180.0
2016-02-16,3.6825206342267536,3.8244772119633854,3.6365935061354904,3.8161268250377014,6214452.0,56110228.0
2016-02-17,3.7994260511863325,3.866229146591807,3.7660245034835955,3.8620539531289646,7762762.0,71161168.0
2016-02-18,3.841177985814754,3.9998353374027547,3.8077764381120165,3.8829299204431753,10175360.0,95516864.0
2016-02-19,3.8244772119633854,3.9163314681459127,3.7952508577234907,3.907981081220228,6830905.0,63003892.0
2016-02-22,3.9246818550715967,4.024886498179808,3.8912803073688598,3.9831345635513857,8456302.0,80258104.0
2016-03-07,4.04993765895686,4.091689593585282,3.7284477623180163,3.841177985814754,14688967.0,135365824.0
2016-03-08,3.8370027923519117,3.8370027923519117,3.5071625087873843,3.7284477623180163,10634046.0,92889616.0
2016-03-09,3.5906663780442263,3.6532942799868584,3.51968808917591,3.5489144434158053,6723847.0,57512352.0
2016-03-10,3.5614400238043316,3.615717538821279,3.4988121218617003,3.502987315324542,5624150.0,47855768.0
2016-03-11,3.465410574158963,3.511337702250226,3.3944322852906472,3.465410574158963,4343854.0,35874664.0
2016-03-14,3.502987315324542,3.6783454407639113,3.4904617349360154,3.6240679257469632,7686333.0,66619900.0
2016-03-15,3.6240679257469632,3.6365935061354904,3.5322136695644373,3.5530896368786475,4824047.0,41404776.0
2016-03-16,3.569790410730016,3.6115423453584374,3.444534606844752,3.465410574158963,4090625.0,34495896.0
2016-03-17,3.4821113480103314,3.607367151895595,3.477936154547489,3.5781407976557005,6663571.0,56657104.0
2016-03-18,3.5948415715070685,3.7493237296322275,3.5864911845813845,3.7200973753923323,8241305.0,72677624.0
2016-03-21,3.7827252773349644,3.9121562746830696,3.7576741165579115,3.8370027923519117,9807256.0,89907264.0
2016-03-22,3.8286524054262276,3.8829299204431753,3.7618493100207537,3.8244772119633854,7742302.0,71143304.0
2016-03-23,3.8286524054262276,3.8954555008317016,3.8077764381120165,3.8537035662032806,5457575.0,50321048.0
2016-03-24,3.8578787596661224,3.8704043400546486,3.7618493100207537,3.7701996969464378,5930156.0,54229668.0
2016-03-25,3.7869004707978067,3.8370027923519117,3.7701996969464378,3.8161268250377014,4859625.0,44222000.0
2016-03-28,3.841177985814754,3.8787547269803326,3.7200973753923323,3.7576741165579115,6790183.0,62055196.0
2016-03-29,3.778550083872122,3.8495283727404384,3.674170247301069,3.8244772119633854,7807468.0,70337560.0
2016-03-30,3.8453531792775966,4.037412078568334,3.8203020185005436,3.978959370088544,12641587.0,119443040.0
2016-03-31,3.9497330158486497,3.9747841766257017,3.8787547269803326,3.8829299204431753,12343283.0,115913856.0
2016-04-01,3.8829299204431753,3.8954555008317016,3.7534989230950693,3.8537035662032806,8815603.0,80523056.0
2016-04-05,3.8370027923519117,3.9664337897000177,3.8370027923519117,3.945557822385807,9534327.0,89605320.0
2016-04-06,3.9246818550715967,4.024886498179808,3.9246818550715967,3.9664337897000177,8830461.0,83764824.0
2016-04-07,3.9873097570142284,4.062463239345386,3.9580834027743337,3.9747841766257017,11476674.0,110139216.0
2016-04-08,3.9288570485344385,3.9580834027743337,3.8787547269803326,3.9288570485344385,6588520.0,61763652.0
2016-04-11,3.9664337897000177,4.024886498179808,3.945557822385807,3.978959370088544,8366050.0,79896240.0
2016-04-12,3.9831345635513857,3.9914849504770706,3.866229146591807,3.9246818550715967,5998065.0,56196744.0
2016-04-13,3.9372074354601225,4.045762465494017,3.9372074354601225,3.9998353374027547,13719116.0,131619936.0
2016-04-14,4.024886498179808,4.1334415282137025,3.9831345635513857,4.091689593585282,12249974.0,119108744.0
2016-04-15,4.062463239345386,4.1167407543623336,4.008185724328439,4.074988819733913,9674040.0,93796544.0
2016-04-18,4.045762465494017,4.158492688990756,4.008185724328439,4.1334415282137025,10140115.0,99047744.0
2016-04-19,4.1334415282137025,4.275398105950335,4.10839036743665,4.250346945173282,16234336.0,163071408.0
2016-04-20,4.229470977859072,4.258697332098966,3.8453531792775966,3.9288570485344385,14112733.0,136952096.0
2016-04-21,3.9163314681459127,4.087514400122439,3.8620539531289646,4.04993765895686,10113465.0,96678824.0
2016-04-22,3.9372074354601225,4.125091141288019,3.9330322419972807,4.112565560899492,7558765.0,73180416.0
2016-04-25,4.1167407543623336,4.233646171321914,4.041587272031176,4.091689593585282,8562429.0,84605248.0
2016-04-26,4.04993765895686,4.32550042750444,4.008185724328439,4.292098879801703,19204136.0,192479056.0
2016-04-27,4.292098879801703,4.722143806474443,4.250346945173282,4.688742258771705,36212376.0,388759808.0
2016-04-28,4.559311261423599,4.655340711068968,4.488332972555283,4.588537615663494,21310596.0,232610976.0
2016-04-29,4.609413582977704,4.6302895502919155,4.525909713720862,4.550960874497915,14624796.0,159657520.0
2016-05-03,4.550960874497915,4.813998062656968,4.484157779092441,4.684567065308864,40017144.0,442677568.0
2016-05-04,4.605238389514862,4.672041484920336,4.44240584446402,4.446581037926862,27381688.0,297048320.0
2016-05-05,4.421529877149809,4.471632198703915,4.333850814430125,4.4257050706126515,13203306.0,139632992.0
2016-05-06,4.4257050706126515,4.471632198703915,4.091689593585282,4.125091141288019,15289486.0,156873552.0
2016-05-09,4.066638432808229,4.066638432808229,3.7910756642606485,3.8203020185005436,11291317.0,105286688.0
2016-05-10,3.8203020185005436,3.9622585962371755,3.8203020185005436,3.899630694294544,8580572.0,80207912.0
2016-05-11,3.9288570485344385,3.9622585962371755,3.8495283727404384,3.8578787596661224,4943107.0,46106484.0
2016-05-12,3.7576741165579115,3.8203020185005436,3.615717538821279,3.8077764381120165,5845906.0,52476496.0
2016-05-13,3.8203020185005436,3.8620539531289646,3.7660245034835955,3.8286524054262276,3944947.0,36104808.0
2016-05-16,3.7618493100207537,3.8829299204431753,3.7618493100207537,3.8829299204431753,4551656.0,41785536.0
2016-05-17,3.866229146591807,3.907981081220228,3.8036012446491747,3.841177985814754,3809634.0,35145536.0
2016-05-18,3.8328275988890694,3.8328275988890694,3.6240679257469632,3.674170247301069,5716915.0,51025976.0
2016-05-19,3.6783454407639113,3.7994260511863325,3.6783454407639113,3.6825206342267536,3784807.0,33952352.0
2016-05-20,3.6699950538382264,3.7827252773349644,3.6365935061354904,3.7576741165579115,3495398.0,31273620.0
2016-05-23,3.7534989230950693,3.841177985814754,3.7493237296322275,3.7910756642606485,3205782.0,29123278.0
2016-05-24,3.8578787596661224,3.8578787596661224,3.7618493100207537,3.8119516315748596,3197800.0,29089868.0
2016-05-25,3.8370027923519117,3.8912803073688598,3.778550083872122,3.7994260511863325,3089378.0,28253784.0
2016-05-26,3.8161268250377014,3.8328275988890694,3.7117469884666483,3.8036012446491747,3663815.0,33023914.0
2016-05-27,3.8203020185005436,3.8328275988890694,3.7743748904092795,3.8077764381120165,2678827.0,24401788.0
2016-05-30,3.7618493100207537,3.8119516315748596,3.7409733427065435,3.7743748904092795,1990217.0,18044932.0
2016-05-31,3.7743748904092795,3.899630694294544,3.7743748904092795,3.8954555008317016,5804270.0,53757420.0
2016-06-01,3.9246818550715967,3.9747841766257017,3.8912803073688598,3.9038058877573856,5749736.0,54129764.0
2016-06-02,3.9163314681459127,3.9873097570142284,3.8787547269803326,3.9873097570142284,5766137.0,54429188.0
2016-06-03,4.008185724328439,4.1334415282137025,3.9664337897000177,4.066638432808229,6725141.0,65480328.0
2016-06-06,4.112565560899492,4.204419817082019,4.112565560899492,4.196069430156335,9050308.0,90337792.0
2016-06-07,4.254522138636124,4.254522138636124,4.054112852419703,4.1501423020650705,6756578.0,67132888.0
2016-06-08,4.183543849767808,4.18771904323065,4.112565560899492,4.1501423020650705,6866392.0,68232904.0
2016-06-13,4.095864787048124,4.162667882453598,4.0123609177912805,4.016536111254123,5802900.0,56999836.0
2016-06-14,4.062463239345386,4.296274073264545,3.9664337897000177,4.296274073264545,7051579.0,69706872.0
2016-06-15,4.300449266727388,4.509208939869494,4.225295784396229,4.400653909835598,11855279.0,125345680.0
2016-07-12,4.571836841812125,4.7513701607143375,4.367252362132862,4.467457005241072,15227643.0,164912928.0
2016-07-13,4.471632198703915,4.530084907183705,4.300449266727388,4.38395313598423,9233743.0,96400712.0
2016-07-14,4.4257050706126515,4.713793419548757,4.388128329447072,4.584362422200652,18896936.0,206874768.0
2016-07-15,4.550960874497915,4.571836841812125,4.434055457538335,4.446581037926862,19770808.0,212095568.0
2016-07-18,4.446581037926862,4.479982585629599,4.300449266727388,4.329675620967282,6268814.0,65267104.0
2016-07-19,4.371427555595704,4.446581037926862,4.30462446019023,4.4257050706126515,6515945.0,68160176.0
2016-07-20,4.4591066183153885,4.621939163366231,4.429880264075493,4.576012035274968,15266052.0,166452816.0
2016-07-21,4.626114356829073,4.626114356829073,4.500858552943809,4.559311261423599,11293777.0,123348400.0
2016-07-22,4.5467856810350735,4.571836841812125,4.46328181177823,4.500858552943809,4041859.0,43660452.0
2016-07-25,4.525909713720862,4.530084907183705,4.404829103298441,4.434055457538335,4597266.0,48916792.0
2016-07-26,4.4591066183153885,4.5467856810350735,4.367252362132862,4.496683359480968,5210751.0,56202244.0
2016-07-27,4.567661648349283,4.567661648349283,4.1334415282137025,4.175193462842124,12484617.0,128953592.0
2016-07-28,4.208595010544861,4.329675620967282,4.1000399805109655,4.254522138636124,7564327.0,76581424.0
2016-07-29,4.300449266727388,4.450756231389704,4.24617175171044,4.44240584446402,11715927.0,122875648.0
2016-08-01,4.467457005241072,4.488332972555283,4.196069430156335,4.308799653653072,3628962.0,37493804.0
2016-08-02,4.329675620967282,4.38395313598423,4.283748492876019,4.371427555595704,2739040.0,28514784.0
2016-08-03,4.371427555595704,4.413179490224125,4.267047719024651,4.30462446019023,4412375.0,45749416.0
2016-08-04,4.229470977859072,4.346376394818651,4.229470977859072,4.329675620967282,2910134.0,29952032.0
2016-08-05,4.32550042750444,4.32550042750444,4.212770204007703,4.233646171321914,5165282.0,52609624.0
2016-08-08,4.221120590933387,4.321325234041598,4.175193462842124,4.2879236863388615,3122535.0,31987302.0
2016-08-09,4.300449266727388,4.338026007892967,4.262872525561809,4.30462446019023,2932640.0,30269886.0
2016-08-10,4.296274073264545,4.434055457538335,4.2879236863388615,4.333850814430125,4245597.0,44451908.0
2016-08-11,4.308799653653072,4.371427555595704,4.237821364784756,4.250346945173282,2605518.0,26823050.0
2016-08-12,4.262872525561809,4.296274073264545,4.229470977859072,4.275398105950335,2496780.0,25467488.0
2016-08-15,4.329675620967282,4.367252362132862,4.250346945173282,4.342201201355809,5612033.0,58084972.0
2016-08-16,4.375602749058546,4.530084907183705,4.308799653653072,4.505033746406651,11105587.0,118183560.0
2016-08-17,4.52173452025802,4.609413582977704,4.446581037926862,4.576012035274968,12126475.0,132577688.0
2016-08-18,4.509208939869494,4.676216678383178,4.509208939869494,4.605238389514862,6668578.0,73330200.0
2016-08-19,4.555136067960757,4.722143806474443,4.555136067960757,4.709618226085915,14761532.0,165538352.0
2016-08-22,4.705443032623074,4.884976351525284,4.576012035274968,4.5801872287378105,14640566.0,166191232.0
2016-08-23,4.5801872287378105,4.692917452234547,4.471632198703915,4.592712809126336,7198057.0,79280696.0
2016-08-24,4.651165517606127,4.672041484920336,4.513384133332337,4.525909713720862,6541786.0,71917368.0
2016-08-25,4.488332972555283,4.613588776440547,4.4090042967612835,4.592712809126336,5777689.0,62796524.0
2016-08-26,4.592712809126336,4.65951590453181,4.550960874497915,4.588537615663494,4563774.0,50433084.0
2016-08-29,4.592712809126336,4.7972972888056,4.550960874497915,4.701267839160232,10105426.0,114224544.0
2016-08-30,4.688742258771705,4.772246128028548,4.634464743754758,4.713793419548757,5931048.0,66967668.0
2016-08-31,4.638639937217599,4.692917452234547,4.563486454886442,4.5968880025891785,4283900.0,47251084.0
2016-09-01,4.626114356829073,4.701267839160232,4.5801872287378105,4.592712809126336,4646263.0,51614844.0
2016-09-02,4.576012035274968,4.609413582977704,4.500858552943809,4.517559326795178,3755446.0,40916736.0
2016-09-05,4.525909713720862,4.613588776440547,4.52173452025802,4.576012035274968,3276823.0,35935396.0
2016-09-06,4.550960874497915,4.6302895502919155,4.538435294109388,4.601063196052021,6426928.0,70655072.0
2016-09-07,4.6302895502919155,4.813998062656968,4.61776396990339,4.705443032623074,10561018.0,119908784.0
2016-09-08,4.684567065308864,5.152188733147181,4.684567065308864,5.047808896576128,18998692.0,225224768.0
2016-09-09,5.006056961947706,5.010232155410549,4.89332673845097,4.926728286153707,11666991.0,138057408.0
2016-09-12,4.805647675731285,4.864100384211074,4.676216678383178,4.805647675731285,11332095.0,129155592.0
2016-09-13,4.8181732561198105,5.068684863890339,4.7179686130116005,5.006056961947706,14220251.0,166369184.0
2016-09-14,4.964305027319286,5.198115861238444,4.868275577673916,4.872450771136759,12095999.0,145612496.0
2016-09-19,4.930903479616549,5.060334476964654,4.864100384211074,5.018582542336233,10683576.0,127369888.0
2016-09-20,5.026932929261917,5.068684863890339,4.968480220782127,5.043633703113286,6810248.0,82045824.0
2016-09-21,5.081210444278865,5.089560831204548,4.93507867307939,4.968480220782127,5774314.0,69202776.0
2016-09-22,5.001881768484864,5.081210444278865,4.9392538665422325,4.9726554142449695,8611301.0,103139744.0
2016-09-23,4.960129833856444,5.060334476964654,4.864100384211074,4.872450771136759,4728286.0,56267204.0
2016-09-26,4.847399610359705,4.922553092690864,4.730494193400126,4.759720547640021,6459066.0,75012376.0
2016-09-27,4.747194967251494,4.859925190748233,4.747194967251494,4.8515748038225475,3848417.0,44356204.0
2016-09-28,4.847399610359705,4.897501931913811,4.805647675731285,4.868275577673916,2253474.0,26183082.0
2016-09-29,4.897501931913811,4.905852318839496,4.834874029971179,4.839049223434022,2899951.0,33797400.0
2016-09-30,4.8181732561198105,4.864100384211074,4.7179686130116005,4.75554535417718,7396100.0,84238896.0
2016-10-10,4.759720547640021,4.830698836508337,4.642815130680441,4.822348449582654,5804085.0,65809492.0
2016-10-11,4.876625964599601,4.876625964599601,4.7179686130116005,4.772246128028548,5067569.0,57886148.0
2016-10-12,4.772246128028548,4.830698836508337,4.7179686130116005,4.8181732561198105,5117594.0,58452768.0
2016-10-13,4.805647675731285,5.006056961947706,4.763895741102863,4.955954640393601,8941377.0,105444696.0
2016-10-14,4.905852318839496,4.985180994633495,4.847399610359705,4.93507867307939,5552215.0,65373296.0
2016-10-17,4.89332673845097,5.001881768484864,4.89332673845097,4.905852318839496,5403090.0,64085692.0
2016-10-18,4.905852318839496,4.968480220782127,4.759720547640021,4.947604253467917,5964733.0,69790440.0
2016-10-19,4.9893561880963375,5.1104367985187595,4.918377899228021,5.0227577357990745,10166281.0,122111192.0
2016-10-20,5.039458509650443,5.077035250816023,4.9392538665422325,4.960129833856444,5332978.0,64125864.0
2016-10-21,4.964305027319286,5.1104367985187595,4.876625964599601,5.106261605055917,9512197.0,114564176.0
2016-10-24,5.102086411593076,5.198115861238444,5.056159283501811,5.127137572370128,10688208.0,131524328.0
2016-10-25,5.093736024667391,5.38599956706634,5.093736024667391,5.298320504346655,12574653.0,159150224.0
2016-10-26,5.235692602404023,5.2816197304952865,5.077035250816023,5.18976547431276,11177579.0,138445552.0
2016-10-27,5.1772398939242334,5.30667089127234,5.097911218130234,5.173064700461392,8284623.0,103792512.0
2016-10-28,5.16888950699855,5.206466248164129,5.077035250816023,5.085385637741707,3535247.0,43331580.0
2016-10-31,5.085385637741707,5.185590280849918,5.068684863890339,5.135487959295813,4823676.0,59283656.0
2016-11-01,5.114611991981602,5.2816197304952865,5.114611991981602,5.227342215478339,5389974.0,67357096.0
2016-11-02,5.223167022015497,5.227342215478339,5.085385637741707,5.148013539684339,5528523.0,68331568.0
2016-11-03,5.118787185444444,5.239867795866866,5.064509670427497,5.097911218130234,5729268.0,70478576.0
2016-11-04,5.097911218130234,5.152188733147181,5.039458509650443,5.064509670427497,3651841.0,44513788.0
2016-11-07,5.068684863890339,5.16888950699855,5.064509670427497,5.16888950699855,4743480.0,58227696.0
2016-11-08,5.1605391200728645,5.218991828552655,5.122962378907286,5.1605391200728645,3821392.0,47348808.0
2016-11-09,5.148013539684339,5.1939406677756015,4.985180994633495,5.043633703113286,5753721.0,69727152.0
2016-11-10,5.047808896576128,5.13131276583297,5.047808896576128,5.1104367985187595,3396072.0,41346184.0
2016-11-11,5.102086411593076,5.106261605055917,4.9726554142449695,5.0227577357990745,5809447.0,69905744.0
2016-11-14,5.0227577357990745,5.056159283501811,4.9726554142449695,5.001881768484864,3382840.0,40597320.0
2016-11-15,5.014407348873391,5.014407348873391,4.930903479616549,4.997706575022023,3985777.0,47386016.0
2016-11-16,4.993531381559181,5.064509670427497,4.9726554142449695,5.043633703113286,3792126.0,45689428.0
2016-11-17,5.043633703113286,5.2816197304952865,4.993531381559181,5.244042989329708,10513642.0,129989920.0
2016-11-18,5.218991828552655,5.264918956643918,5.148013539684339,5.164714313535707,4318235.0,53627692.0
2016-11-21,5.156363926610023,5.202291054701287,5.060334476964654,5.068684863890339,4796435.0,58695576.0
2016-11-22,5.07286005735318,5.114611991981602,5.068684863890339,5.114611991981602,2060666.0,25131048.0
2016-11-23,5.13131276583297,5.18976547431276,5.068684863890339,5.068684863890339,3624505.0,44553320.0
2016-11-24,5.056159283501811,5.102086411593076,5.018582542336233,5.03110812272476,2980973.0,36052868.0
2016-11-25,5.0227577357990745,5.056159283501811,4.951779446930758,5.010232155410549,3515486.0,42040908.0
2016-11-28,5.0227577357990745,5.047808896576128,4.968480220782127,5.026932929261917,2397095.0,28739530.0
2016-11-29,5.026932929261917,5.039458509650443,4.9726554142449695,4.976830607707812,2928399.0,35040012.0
2016-11-30,4.968480220782127,4.993531381559181,4.793122095342758,4.793122095342758,4980368.0,58243612.0
2016-12-01,4.805647675731285,5.026932929261917,4.805647675731285,5.018582542336233,6860145.0,81759800.0
2016-12-02,5.039458509650443,5.039458509650443,4.8891515449881275,4.951779446930758,2219235.0,26306574.0
2016-12-05,4.847399610359705,4.943429060005075,4.793122095342758,4.813998062656968,2686115.0,31161632.0
2016-12-06,4.813998062656968,4.918377899228021,4.813998062656968,4.859925190748233,1721367.0,20044376.0
2016-12-07,4.876625964599601,4.985180994633495,4.839049223434022,4.9726554142449695,2374277.0,28078122.0
2016-12-08,4.993531381559181,5.018582542336233,4.880801158062442,4.884976351525284,2756414.0,32688054.0
2016-12-09,4.905852318839496,4.91420270576518,4.793122095342758,4.826523643045496,2408530.0,27860426.0
2016-12-12,4.876625964599601,4.880801158062442,4.734669386862969,4.7513701607143375,3294473.0,37779120.0
2016-12-13,4.722143806474443,4.7513701607143375,4.61776396990339,4.688742258771705,2198161.0,24614320.0
2016-12-14,4.680391871846021,4.734669386862969,4.638639937217599,4.667866291457495,1564316.0,17579328.0
2016-12-15,4.638639937217599,4.722143806474443,4.592712809126336,4.680391871846021,2700167.0,30064350.0
2016-12-16,4.672041484920336,4.734669386862969,4.655340711068968,4.709618226085915,1765737.0,19900502.0
2016-12-19,4.7513701607143375,4.763895741102863,4.634464743754758,4.651165517606127,2050134.0,22955704.0
2016-12-20,4.651165517606127,4.713793419548757,4.5968880025891785,4.688742258771705,1636964.0,18332572.0
2016-12-21,4.709618226085915,4.809822869194127,4.676216678383178,4.7513701607143375,2169238.0,24665260.0
2016-12-22,4.730494193400126,4.813998062656968,4.722143806474443,4.809822869194127,2254798.0,25797754.0
2016-12-23,4.834874029971179,4.839049223434022,4.7179686130116005,4.726318999937284,2015493.0,22965534.0
2016-12-26,4.726318999937284,4.7680709345657055,4.680391871846021,4.75554535417718,1081767.0,12255967.0
2016-12-27,4.784771708417074,4.784771708417074,4.722143806474443,4.780596514954231,1053799.0,12036401.0
2016-12-28,4.780596514954231,4.830698836508337,4.646990324143284,4.684567065308864,2105853.0,23877962.0
2016-12-29,4.734669386862969,4.780596514954231,4.684567065308864,4.713793419548757,2082202.0,23667268.0
2016-12-30,4.684567065308864,4.759720547640021,4.672041484920336,4.726318999937284,2127414.0,23978260.0
2017-01-03,4.726318999937284,4.8181732561198105,4.713793419548757,4.7972972888056,3452652.0,39428744.0
2017-01-04,4.7972972888056,4.89332673845097,4.793122095342758,4.826523643045496,3502867.0,40617524.0
2017-01-05,4.822348449582654,5.018582542336233,4.805647675731285,4.955954640393601,4598441.0,54471780.0
2017-01-06,4.943429060005075,4.9893561880963375,4.876625964599601,4.880801158062442,2422920.0,28593022.0
2017-01-09,4.868275577673916,4.943429060005075,4.809822869194127,4.926728286153707,1779717.0,20916510.0
2017-01-10,4.930903479616549,4.955954640393601,4.855749997285391,4.864100384211074,2035920.0,23916748.0
2017-01-11,4.884976351525284,4.918377899228021,4.813998062656968,4.847399610359705,1254740.0,14653577.0
2017-01-12,4.847399610359705,4.880801158062442,4.809822869194127,4.822348449582654,1143331.0,13233522.0
2017-01-13,4.822348449582654,4.847399610359705,4.784771708417074,4.805647675731285,1753451.0,20198848.0
2017-01-16,4.793122095342758,4.91420270576518,4.417354683686967,4.65951590453181,4869701.0,55566380.0
2017-01-17,4.513384133332337,4.655340711068968,4.4257050706126515,4.584362422200652,3171732.0,34469864.0
2017-01-18,4.592712809126336,4.655340711068968,4.538435294109388,4.61776396990339,1688245.0,18655110.0
2017-01-19,4.576012035274968,4.613588776440547,4.505033746406651,4.517559326795178,2330932.0,25342482.0
2017-01-20,4.509208939869494,4.609413582977704,4.479982585629599,4.588537615663494,1248818.0,13683781.0
2017-01-23,4.588537615663494,4.9893561880963375,4.571836841812125,4.734669386862969,3413277.0,38795312.0
2017-01-24,4.730494193400126,4.968480220782127,4.676216678383178,4.922553092690864,5491856.0,64299448.0
2017-01-25,4.8515748038225475,4.926728286153707,4.809822869194127,4.826523643045496,2592300.0,30077334.0
2017-01-26,4.809822869194127,4.960129833856444,4.809822869194127,4.89332673845097,2869722.0,33684772.0
2017-02-03,4.897501931913811,4.926728286153707,4.776421321491389,4.880801158062442,2670414.0,31125718.0
2017-02-06,4.876625964599601,4.910027512302338,4.772246128028548,4.805647675731285,3354364.0,38684916.0
2017-02-07,4.805647675731285,5.047808896576128,4.805647675731285,4.9392538665422325,8029494.0,95071120.0
2017-02-08,4.905852318839496,5.114611991981602,4.8515748038225475,5.085385637741707,10470570.0,125644624.0
2017-02-09,5.07286005735318,5.235692602404023,5.010232155410549,5.03110812272476,11669094.0,143188496.0
2017-02-10,4.993531381559181,5.369298793214971,4.993531381559181,5.256568569718234,30011470.0,374843104.0
2017-02-13,5.218991828552655,5.218991828552655,4.993531381559181,5.07286005735318,16367438.0,198923072.0
2017-02-14,5.026932929261917,5.127137572370128,4.947604253467917,5.064509670427497,15092800.0,182117984.0
2017-02-15,5.006056961947706,5.006056961947706,4.864100384211074,4.876625964599601,11855171.0,139965232.0
2017-02-16,4.876625964599601,4.943429060005075,4.872450771136759,4.905852318839496,6124922.0,71890488.0
2017-02-17,4.884976351525284,5.026932929261917,4.876625964599601,4.947604253467917,9502636.0,112812912.0
2017-02-20,4.9392538665422325,5.1605391200728645,4.905852318839496,5.068684863890339,20332236.0,246146848.0
2017-02-21,5.068684863890339,5.214816635089813,5.05198409003897,5.102086411593076,17853816.0,219103424.0
2017-02-22,5.085385637741707,5.611460014059814,5.081210444278865,5.611460014059814,16529957.0,215795328.0
2017-02-23,6.008103393029817,6.1709359380806585,5.724190237556552,6.1709359380806585,104451904.0,1505730688.0
2017-02-24,6.129184003452238,6.671959153621714,5.870322008756027,5.937125104161501,92633688.0,1382099200.0
2017-02-27,5.924599523772973,6.137534390377922,5.732540624482236,5.745066204870763,60851812.0,858348032.0
2017-02-28,5.511255370951603,5.582233659819919,5.390174760529182,5.502904984025919,63830896.0,837810304.0
2017-03-01,5.494554597100235,5.694963883316658,5.456977855934656,5.5571824990428675,59262192.0,791393920.0
2017-03-02,5.477853823248866,5.494554597100235,5.2816197304952865,5.302495697809497,42575348.0,546181888.0
2017-03-03,5.302495697809497,5.38599956706634,5.235692602404023,5.256568569718234,25168028.0,319534560.0
2017-03-06,5.273269343569603,5.289970117420971,5.156363926610023,5.277444537032445,19429460.0,243825168.0
2017-03-07,5.273269343569603,5.482029016711709,5.1939406677756015,5.4361018886204455,43472480.0,561293824.0
2017-03-08,5.377649180140656,5.452802662471814,5.277444537032445,5.302495697809497,24092728.0,308718464.0
2017-03-09,5.26909415010676,5.310846084735182,5.1438383462214965,5.198115861238444,19510568.0,243152000.0
2017-03-10,5.18976547431276,5.256568569718234,5.164714313535707,5.206466248164129,13494788.0,168540400.0
2017-03-13,5.18976547431276,5.1939406677756015,5.035283316187602,5.148013539684339,14721733.0,180584320.0
2017-03-14,5.135487959295813,5.239867795866866,5.122962378907286,5.1605391200728645,12506395.0,155224288.0
2017-03-15,5.1438383462214965,5.3150212781980235,5.081210444278865,5.24821818279255,25331372.0,317637568.0
2017-03-16,5.223167022015497,5.264918956643918,5.173064700461392,5.227342215478339,18510996.0,231226000.0
2017-03-17,5.231517408941181,5.32754685858655,5.164714313535707,5.206466248164129,21586916.0,270330496.0
2017-03-20,5.164714313535707,5.252393376255392,5.114611991981602,5.244042989329708,15793820.0,197103136.0
2017-03-21,5.239867795866866,5.239867795866866,5.114611991981602,5.1438383462214965,14957697.0,185034944.0
2017-03-22,5.118787185444444,5.1939406677756015,5.056159283501811,5.085385637741707,13167850.0,161126480.0
2017-03-23,5.064509670427497,5.244042989329708,5.047808896576128,5.218991828552655,18748508.0,231072288.0
2017-03-24,5.185590280849918,5.573883272894236,5.181415087387076,5.498729790563077,47859592.0,620337088.0
2017-03-27,5.440277082083287,5.653211948688235,5.373473986677813,5.46532824286034,38348488.0,506670752.0
2017-03-28,5.448627469008972,5.548832112117182,5.32754685858655,5.540481725191499,22043492.0,287457632.0
2017-03-29,5.582233659819919,5.745066204870763,5.46532824286034,5.498729790563077,30720236.0,411107328.0
2017-03-30,5.38599956706634,5.494554597100235,5.18976547431276,5.18976547431276,24009762.0,307549408.0
2017-03-31,5.139663152758655,5.206466248164129,5.05198409003897,5.164714313535707,17508760.0,214613088.0
2017-04-05,5.344247632437919,5.448627469008972,5.239867795866866,5.335897245512234,13873991.0,176883184.0
2017-04-06,5.335897245512234,5.540481725191499,5.331722052049392,5.440277082083287,19662900.0,256456112.0
2017-04-07,5.427751501694761,5.486204210174551,5.2816197304952865,5.298320504346655,15761507.0,202372112.0
2017-04-10,5.323371665123708,5.594759240208446,5.323371665123708,5.5571824990428675,31735496.0,418050304.0
2017-04-11,5.507080177488761,5.699139076779499,5.452802662471814,5.678263109465289,36549992.0,488823360.0
2017-04-12,5.644861561762552,5.803518913350552,5.46532824286034,5.494554597100235,25750840.0,347072672.0
2017-04-13,5.482029016711709,5.720015044093709,5.448627469008972,5.665737529076762,22278086.0,299692160.0
2017-04-14,5.60310962713413,5.661562335613921,5.440277082083287,5.4695034363231825,19683816.0,262042144.0
2017-04-17,5.38599956706634,5.38599956706634,5.152188733147181,5.18976547431276,17587802.0,221827984.0
2017-04-18,5.16888950699855,5.319196471660866,5.106261605055917,5.156363926610023,13093294.0,163280928.0
2017-04-19,5.102086411593076,5.173064700461392,5.077035250816023,5.173064700461392,10277135.0,126073744.0
2017-04-20,5.16888950699855,5.202291054701287,4.901677125376653,4.993531381559181,14621006.0,177369376.0
2017-04-21,4.960129833856444,5.043633703113286,4.89332673845097,5.001881768484864,9238795.0,109577400.0
2017-04-24,4.997706575022023,4.997706575022023,4.75554535417718,4.7680709345657055,9578722.0,111574160.0
2017-04-25,4.722143806474443,4.839049223434022,4.634464743754758,4.672041484920336,7666110.0,87270328.0
2017-04-26,4.701267839160232,4.780596514954231,4.672041484920336,4.709618226085915,5530051.0,62671336.0
2017-04-27,4.709618226085915,4.805647675731285,4.509208939869494,4.780596514954231,10067032.0,112525160.0
2017-04-28,4.75554535417718,4.822348449582654,4.7179686130116005,4.763895741102863,4128783.0,47123672.0
2017-05-02,4.7680709345657055,4.8181732561198105,4.730494193400126,4.776421321491389,3505779.0,40068968.0
2017-05-03,4.759720547640021,4.834874029971179,4.7179686130116005,4.826523643045496,5381127.0,61767980.0
2017-05-04,4.8014724822684425,4.960129833856444,4.784771708417074,4.876625964599601,6414307.0,74842392.0
2017-05-05,4.905852318839496,4.905852318839496,4.680391871846021,4.684567065308864,5426935.0,61966372.0
2017-05-08,4.680391871846021,4.705443032623074,4.550960874497915,4.550960874497915,4153458.0,45918108.0
2017-05-09,4.530084907183705,4.613588776440547,4.471632198703915,4.613588776440547,3482531.0,37842356.0
2017-05-10,4.6302895502919155,4.646990324143284,4.404829103298441,4.404829103298441,4994400.0,53968884.0
2017-05-11,4.404829103298441,4.404829103298441,4.091689593585282,4.300449266727388,7109325.0,72613960.0
2017-05-12,4.300449266727388,4.300449266727388,4.1334415282137025,4.237821364784756,6724013.0,67711136.0
2017-05-15,4.212770204007703,4.584362422200652,4.212770204007703,4.321325234041598,4902822.0,51016792.0
2017-05-16,4.317150040578756,4.404829103298441,4.229470977859072,4.396478716372756,4332539.0,44941656.0
2017-05-17,4.308799653653072,4.471632198703915,4.308799653653072,4.44240584446402,4012687.0,42469800.0
2017-05-18,4.363077168670019,4.471632198703915,4.363077168670019,4.367252362132862,2665499.0,28171408.0
2017-05-19,4.367252362132862,4.450756231389704,4.363077168670019,4.417354683686967,2335564.0,24673940.0
2017-05-22,4.417354683686967,4.450756231389704,4.354726781744335,4.367252362132862,2566623.0,27012852.0
2017-05-23,4.371427555595704,4.404829103298441,4.166843075916439,4.200244623619177,4016421.0,40954460.0
2017-05-24,4.18771904323065,4.275398105950335,4.1334415282137025,4.258697332098966,2091268.0,21137898.0
2017-05-25,4.254522138636124,4.400653909835598,4.237821364784756,4.363077168670019,3137187.0,32641912.0
2017-05-26,4.379777942521388,4.471632198703915,4.379777942521388,4.434055457538335,2733155.0,28974312.0
2017-05-31,4.446581037926862,4.496683359480968,4.404829103298441,4.4090042967612835,3008699.0,31963922.0
2017-06-01,4.4090042967612835,4.44240584446402,4.367252362132862,4.367252362132862,2022273.0,21341832.0
2017-06-02,4.342201201355809,4.496683359480968,4.262872525561809,4.492508166018125,3432601.0,36197800.0
2017-06-05,4.492508166018125,4.709618226085915,4.492508166018125,4.709618226085915,5703869.0,63129916.0
2017-06-06,7.874361683742378,7.949355604539924,7.499392079754646,7.746872018386549,9418205.0,97757944.0
2017-06-07,7.6643787055092485,7.904359252061395,7.6643787055092485,7.866862291662623,6909443.0,71699952.0
2017-06-08,7.911858644141152,7.956854996619678,7.761870802546058,7.806867155024586,4496526.0,47123892.0
2017-06-09,7.821865939184095,7.829365331263849,7.739372626306794,7.761870802546058,3012763.0,31245500.0
2017-06-12,7.746872018386549,7.776869586705566,7.40939937479759,7.431897551036854,5616939.0,56572240.0
2017-06-13,7.431897551036854,7.604383568871211,7.431897551036854,7.551887824312928,2702808.0,27207730.0
2017-06-14,7.566886608472437,7.6118829609509655,7.536889040153419,7.581885392631946,1942818.0,19629608.0
2017-06-15,7.589384784711701,7.724373842147285,7.581885392631946,7.641880529269983,2846721.0,29085586.0
2017-06-16,7.589384784711701,7.671878097589002,7.491892687674891,7.499392079754646,5317200.0,53472100.0
2017-06-19,7.499392079754646,7.634381137190228,7.476893903515382,7.6118829609509655,3463521.0,34817244.0
2017-06-20,7.551887824312928,7.6493799213497375,7.439396943116608,7.626881745110475,5765900.0,58185700.0
2017-06-21,7.589384784711701,7.709375057987775,7.566886608472437,7.709375057987775,5497499.0,56091176.0
2017-06-22,7.634381137190228,8.076845269895752,7.626881745110475,7.874361683742378,11986109.0,126512752.0
2017-06-23,7.874361683742378,8.099343446135018,7.784368978785323,8.099343446135018,6338798.0,67316504.0
2017-06-26,8.061846485736243,8.219333719411091,7.956854996619678,8.189336151092073,7085616.0,76749552.0
2017-06-27,8.121841622374282,8.421817305564467,8.106842838214773,8.324325208527656,9073235.0,100336640.0
2017-06-28,8.24933128773011,8.36182216892643,8.204334935251582,8.286828248128884,4623196.0,50921284.0
2017-06-29,8.286828248128884,8.346823384766921,8.226833111490846,8.24933128773011,2708216.0,29857214.0
2017-06-30,8.189336151092073,8.279328856049128,8.069345877815998,8.174337366932564,3410657.0,37001192.0
2017-07-03,8.181836759012318,8.316825816447901,8.144339798613544,8.271829463969373,3703331.0,40784332.0
2017-07-04,8.339323992687165,8.339323992687165,7.986852564938697,8.106842838214773,2195358.0,23934542.0
2017-07-05,8.144339798613544,8.316825816447901,8.054347093656489,8.204334935251582,3327339.0,36594512.0
2017-07-06,8.271829463969373,8.519309402601277,8.174337366932564,8.44431548180373,8085007.0,90328960.0
2017-07-07,8.504310618441767,8.504310618441767,8.324325208527656,8.36182216892643,4250157.0,47572176.0
2017-07-10,8.369321561006185,8.451814873883485,8.219333719411091,8.256830679809864,5136353.0,56915796.0
2017-07-11,8.24933128773011,8.451814873883485,8.181836759012318,8.211834327331337,5950700.0,65993656.0
2017-07-12,8.181836759012318,8.264330071889619,8.076845269895752,8.099343446135018,4017601.0,43627060.0
2017-07-13,8.114342230294527,8.909277790748519,8.114342230294527,8.586803931319068,26864636.0,311960224.0
2017-07-14,8.65429846003686,8.65429846003686,8.24933128773011,8.309326424368146,13771707.0,153921040.0
2017-07-17,8.241831895650355,8.241831895650355,7.476893903515382,7.6493799213497375,16486747.0,170717760.0
2017-07-18,7.724373842147285,7.81436654710434,7.6118829609509655,7.71687445006753,5093790.0,52378804.0
2017-07-19,7.709375057987775,8.489311834282258,7.7018756659080205,8.489311834282258,20436488.0,225484208.0
2017-07-20,8.549306970920297,8.969272927386557,8.474313050122749,8.65429846003686,34186576.0,398767072.0
2017-07-21,8.66929724419637,8.676796636276125,8.324325208527656,8.436816089723976,19604628.0,221641424.0
2017-07-24,8.414317913484712,8.624300891717843,8.354322776846676,8.399319129325203,12675146.0,142877072.0
2017-07-25,8.384320345165694,8.549306970920297,8.264330071889619,8.399319129325203,11014594.0,123575824.0
2017-07-26,8.324325208527656,8.45931426596324,8.279328856049128,8.436816089723976,6931724.0,77345112.0
2017-07-27,8.406818521404958,8.661797852116615,8.36182216892643,8.526808794681031,14084077.0,160402272.0
2017-07-28,8.354322776846676,9.381739491773061,8.309326424368146,9.006769887785328,44777188.0,538078080.0
2017-07-31,9.036767456104348,9.891698153196376,9.036767456104348,9.599221862085946,38637948.0,489960160.0
2017-08-01,9.554225509607418,10.004189034392697,9.411737060092081,9.531727333368154,22427920.0,290919744.0
2017-08-02,9.5242279412884,9.86170058487736,9.351741923454043,9.449234020490852,16291841.0,207381920.0
2017-08-03,9.456733412570607,9.674215782883493,9.261749218496988,9.471732196730118,13845962.0,175039296.0
2017-08-04,9.42673584425159,9.899197545276131,9.336743139294533,9.614220646245455,17375084.0,225004016.0
2017-08-07,9.494230372969382,9.83170301655834,9.419236452171836,9.756709095760794,9762373.0,125993184.0
2017-08-08,9.74920970368104,9.891698153196376,9.62172003832521,9.756709095760794,9109914.0,118128720.0
2017-08-09,9.884198761116622,10.491649519576749,9.839202408638094,10.131678699748527,15506023.0,210307296.0
2017-08-10,10.071683563110488,10.349161070061411,9.876699369036867,10.049185386871224,14407214.0,194165936.0
2017-08-11,9.824203624478585,9.824203624478585,9.404237668012325,9.42673584425159,17269796.0,220627056.0
2017-08-14,9.254249826417233,10.101681131429508,9.254249826417233,10.034186602711715,11938526.0,157219520.0
2017-08-15,10.199173228466318,10.199173228466318,9.70421335120251,9.786706664079812,7760743.0,102346592.0
2017-08-16,9.974191466073679,10.049185386871224,9.71921213536202,9.884198761116622,7724955.0,102056832.0
2017-08-17,9.869199976957113,10.011688426472451,9.741710311601285,9.794206056159567,6447900.0,84494000.0
2017-08-18,9.779207272000058,9.809204840319076,9.501729765049136,9.636718822484719,6248275.0,80105536.0
2017-08-21,9.531727333368154,9.824203624478585,9.531727333368154,9.824203624478585,4840974.0,62628272.0
2017-08-22,9.81670423239883,10.409156206699448,9.801705448239321,10.064184171030734,12764464.0,172692560.0
2017-08-23,9.74920970368104,9.996689642312942,9.651717606644228,9.74920970368104,6611860.0,86135128.0
2017-08-24,9.771707879920303,9.81670423239883,9.584223077926437,9.599221862085946,5297735.0,68300320.0
2017-08-25,9.599221862085946,9.73421091952153,9.546726117527664,9.696713959122757,3940196.0,50690592.0
2017-08-28,9.561724901687173,9.689214567043003,9.516728549208645,9.591722470006191,7418768.0,94785848.0
2017-08-29,9.644218214564473,9.644218214564473,9.149258337300667,9.359241315533797,11109002.0,138968480.0
2017-08-30,9.336743139294533,9.351741923454043,8.924276574908028,9.254249826417233,14215618.0,172261392.0
2017-08-31,9.351741923454043,9.359241315533797,9.014269279865083,9.119260768981649,7743011.0,93989856.0
2017-09-01,9.149258337300667,9.18675529769944,8.969272927386557,9.156757729380423,9892769.0,119778256.0
2017-09-04,9.126760161061403,9.419236452171836,8.999270495705574,9.329243747214779,8859719.0,108203400.0
2017-09-05,9.344242531374288,9.50922915712889,9.23175165017797,9.479231588809872,5502220.0,68943360.0
2017-09-06,9.516728549208645,9.516728549208645,9.26924861057674,9.374240099693306,4022804.0,50221948.0
2017-09-07,9.42673584425159,9.464232804650361,9.18675529769944,9.216752866018458,3851201.0,47844996.0
2017-09-08,9.18675529769944,9.411737060092081,9.044266848184103,9.306745570975515,3235032.0,40033192.0
2017-09-11,9.31424496305527,9.404237668012325,9.23175165017797,9.366740707613552,2899613.0,36085832.0
2017-09-12,9.29924617889576,9.809204840319076,9.26924861057674,9.636718822484719,11095999.0,142369696.0
2017-09-13,9.614220646245455,10.124179307668772,9.614220646245455,9.899197545276131,10795796.0,142658672.0
2017-09-14,9.899197545276131,10.446653167098221,9.899197545276131,10.161676268067545,16216268.0,221201424.0
2017-09-15,10.1691756601473,10.184174444306809,9.681715174963248,9.876699369036867,8812217.0,115688424.0
2017-09-18,9.764208487840548,10.206672620546072,9.756709095760794,10.206672620546072,9926627.0,133712272.0
2017-09-19,10.2516689730246,10.709131889889633,10.191673836386563,10.529146479975521,15379693.0,215123584.0
2017-09-20,10.566643440374294,10.829122163165708,10.349161070061411,10.791625202766935,15967117.0,227025792.0
2017-09-21,10.75412824236816,11.001608181000064,10.536645872055278,10.536645872055278,7775854.0,111384152.0
2017-09-22,10.626638577012333,10.79912459484669,10.3341622859019,10.611639792852824,9651594.0,136308960.0
2017-09-25,10.634137969092087,10.679134321570615,10.221671404705582,10.289165933423375,5089200.0,70781928.0
2017-09-26,10.199173228466318,10.386658030460184,10.13917809182828,10.184174444306809,3718035.0,50741488.0
2017-09-27,10.109180523509263,10.199173228466318,9.906696937355887,10.086682347269997,9074962.0,121332208.0
2017-09-28,10.109180523509263,10.88161790772399,10.049185386871224,10.694133105730124,9291758.0,129829176.0
2017-09-29,10.709131889889633,10.709131889889633,10.274167149263864,10.469151343337485,7811211.0,109437328.0
2017-10-09,10.491649519576749,11.099100278036875,10.491649519576749,11.09160088595712,10966292.0,159101408.0
2017-10-10,11.061603317638102,11.571561979061418,10.829122163165708,11.226589943392705,11225470.0,168887760.0
2017-10-11,11.174094198834421,11.459071097865097,11.039105141398839,11.339080824589024,6991759.0,105341992.0
2017-10-12,11.249088119631969,11.346580216668778,10.949112436441782,11.061603317638102,5370800.0,79634120.0
2017-10-13,11.099100278036875,11.616558331539945,11.09160088595712,11.27158629587123,5100200.0,77275952.0
2017-10-16,11.18909298299393,11.744047996895775,11.18909298299393,11.744047996895775,7858878.0,121095960.0
2017-10-17,11.826541309773075,11.991527935527678,11.474069882024608,11.549063802822154,6769185.0,105814576.0
2017-10-18,11.826541309773075,12.066521856325224,11.579061371141172,11.744047996895775,5056980.0,79440624.0
2017-10-19,11.684052860257738,12.224009090000072,11.579061371141172,12.186512129601299,6781746.0,108794080.0
2017-10-20,12.149015169202524,12.306502402877372,12.006526719687189,12.209010305840563,3595405.0,58170236.0
2017-10-23,12.179012737521543,12.358998147435656,12.021525503846698,12.216509697920317,3448526.0,55976100.0
2017-10-24,12.134016385043015,12.936451337576763,12.134016385043015,12.921452553417254,7715046.0,128050296.0
2017-10-25,12.763965319742406,12.9964464742148,12.523984773190257,12.868956808858972,7035333.0,119943560.0
2017-10-26,12.868956808858972,13.041442826693329,12.583979909828296,12.786463495981671,4852971.0,82607232.0
2017-10-27,12.786463495981671,12.861457416779215,12.2690054424786,12.426492676153448,6132135.0,102248728.0
2017-10-30,12.426492676153448,12.606478086067558,12.2690054424786,12.471489028631975,5121708.0,84735240.0
2017-10-31,12.373996931595165,12.516485381110504,11.969029759288414,12.051523072165715,8657237.0,140361280.0
2017-11-01,12.07402124840498,12.358998147435656,11.894035838490867,12.15651456128228,8908003.0,143729760.0
2017-11-02,12.096519424644242,12.808961672220933,12.096519424644242,12.643975046466332,10574325.0,178265264.0
2017-11-03,12.628976262306823,12.786463495981671,12.4339920682332,12.741467143503142,4890098.0,82137920.0
2017-11-06,12.891454985098237,13.483906959398853,12.741467143503142,13.071440395012347,7742723.0,135604592.0
2017-11-07,13.086439179171856,13.536402703957135,12.94395072965652,13.536402703957135,7483055.0,133762000.0
2017-11-08,13.618896016834436,13.93387048418413,13.618896016834436,13.888874131705602,7523188.0,138344368.0
2017-11-09,13.686390545552229,14.008864404981678,13.686390545552229,13.93387048418413,4456756.0,82191120.0
2017-11-10,13.926371092104377,14.361335832730145,13.888874131705602,14.301340696092108,5547786.0,104900992.0
2017-11-13,14.361335832730145,14.623814555521559,13.393914254441796,14.346337048570636,8292713.0,156276816.0
2017-11-14,14.323838872331374,14.368835224809901,13.858876563386586,14.098857109938734,6657880.0,125375632.0
2017-11-15,14.023863189141187,14.548820634724011,13.716388113871245,13.731386898030754,6323759.0,117554232.0
2017-11-16,13.858876563386586,14.233846167374317,13.57389966435591,13.85137717130683,6659200.0,122964216.0
2017-11-17,13.798881426748547,13.941369876263886,13.408913038601305,13.408913038601305,3938800.0,71527912.0
2017-11-20,13.558900880196397,13.67139176139272,12.066521856325224,12.748966535582896,8995698.0,152881168.0
2017-11-21,12.786463495981671,13.83637838714732,12.261506050398847,12.666473222705596,10752860.0,183197952.0
2017-11-22,12.891454985098237,12.891454985098237,12.299003010797618,12.456490244472466,5478317.0,91590504.0
2017-11-23,12.33649997119639,12.628976262306823,12.081520640484733,12.134016385043015,4817603.0,79987904.0
2017-11-24,12.126516992963262,12.366497539515409,11.324082040429515,11.354079608748533,8547276.0,132780408.0
2017-11-27,11.444072313705588,12.486487812791484,11.444072313705588,12.486487812791484,9904665.0,159163536.0
2017-11-28,12.651474438546087,12.733967751423387,11.6240577236197,12.051523072165715,9206411.0,148126656.0
2017-11-29,12.096519424644242,12.658973830625841,12.096519424644242,12.3514987553559,7782430.0,128354720.0
2017-11-30,12.343999363276147,12.343999363276147,11.519066234503136,11.729049212736266,9530386.0,150743632.0
2017-12-01,11.766546173135039,11.96153036720866,11.39907596122706,11.841540093932585,4244458.0,66356228.0
2017-12-04,11.6240577236197,12.141515777122772,11.6240577236197,11.83404070185283,4228376.0,67363440.0
2017-12-05,11.826541309773075,11.931532798889641,11.706551036497,11.75154738897553,3511242.0,55217380.0
2017-12-06,11.73654860481602,11.73654860481602,11.249088119631969,11.474069882024608,5166966.0,78792128.0
2017-12-07,11.466570489944852,11.916534014730132,11.466570489944852,11.519066234503136,3595936.0,56024708.0
2017-12-08,11.324082040429515,12.47898842071173,11.324082040429515,12.239007874159581,8455765.0,135912688.0
2017-12-11,12.07402124840498,12.3514987553559,11.774045565214793,12.291503618717865,5908100.0,94732936.0
2017-12-12,12.25400665831909,12.373996931595165,11.991527935527678,12.006526719687189,4395126.0,71436584.0
2017-12-13,12.014026111766942,12.186512129601299,11.871537662251603,12.07402124840498,2089429.0,33487918.0
2017-12-14,11.999027327607433,12.164013953362034,11.886536446411112,11.96153036720866,1894173.0,30237756.0
2017-12-15,12.07402124840498,12.358998147435656,11.984028543447923,12.2690054424786,3794968.0,61973728.0
2017-12-18,12.366497539515409,12.666473222705596,12.126516992963262,12.17151334544179,4167831.0,68824656.0
2017-12-19,12.373996931595165,12.591479301908048,12.17151334544179,12.456490244472466,3886136.0,64442532.0
2017-12-20,12.516485381110504,12.636475654386578,12.111518208803751,12.224009090000072,4706826.0,77587336.0
2017-12-21,12.224009090000072,12.471489028631975,12.096519424644242,12.411493891993938,3906098.0,63877232.0
2017-12-22,12.411493891993938,12.786463495981671,12.343999363276147,12.71896896726388,5233490.0,88232672.0
2017-12-25,12.726468359343633,12.861457416779215,12.538983557349766,12.861457416779215,3379842.0,57374164.0
2017-12-26,12.88395559301848,13.02644404253382,12.598978693987805,12.973948297975538,4172303.0,71503696.0
2017-12-27,12.973948297975538,13.101437963331364,12.756465927662653,12.808961672220933,3870100.0,66724196.0
2017-12-28,12.756465927662653,13.048942218773082,12.523984773190257,12.523984773190257,3425524.0,58594684.0
2017-12-29,12.57648051774854,13.776383250509284,12.561481733589032,13.386414862362043,7295375.0,129566688.0
2018-01-02,13.506405135638117,13.57389966435591,13.12393613957063,13.491406351478606,6049620.0,107972880.0
2018-01-03,13.19143066828842,13.476407567319097,12.891454985098237,13.12393613957063,7416905.0,129895920.0
2018-01-04,13.02644404253382,13.273923981165721,12.921452553417254,13.093938571251611,4401140.0,76583408.0
2018-01-05,13.093938571251611,13.483906959398853,12.936451337576763,13.12393613957063,4862710.0,86073224.0
2018-01-08,13.12393613957063,13.168932492049157,12.658973830625841,12.88395559301848,5196940.0,88641048.0
2018-01-09,12.9964464742148,13.198930060368177,12.628976262306823,12.70397018310437,4024273.0,69003112.0
2018-01-10,12.81646106430069,13.063941002932594,12.711469575184124,12.861457416779215,4232823.0,72907504.0
2018-01-11,12.861457416779215,12.861457416779215,12.239007874159581,12.471489028631975,5019076.0,83648896.0
2018-01-12,12.373996931595165,12.508985989030748,12.15651456128228,12.224009090000072,4577970.0,75072208.0
2018-01-15,12.224009090000072,12.224009090000072,11.414074745386571,11.616558331539945,6859787.0,106924792.0
2018-01-16,11.549063802822154,11.721549820656511,11.264086903791478,11.60905893946019,5263800.0,80674168.0
2018-01-17,11.571561979061418,11.721549820656511,11.309083256270005,11.6240577236197,3208875.0,49164952.0
2018-01-18,11.6240577236197,11.73654860481602,11.256587511711723,11.391576569147306,4651900.0,70844544.0
2018-01-19,11.391576569147306,11.474069882024608,10.79912459484669,10.941613044362027,5513568.0,81741152.0
2018-01-22,10.829122163165708,11.954030975128905,10.829122163165708,11.86403827017185,7969907.0,122269728.0
2018-01-23,11.759046781055284,12.164013953362034,11.361579000828288,11.39907596122706,5482219.0,85278904.0
2018-01-24,11.631557115699454,11.849039486012341,11.309083256270005,11.42907352954608,4291370.0,65844848.0
2018-01-25,11.42907352954608,11.481569274104363,11.354079608748533,11.406575353306817,2074643.0,31598990.0
2018-01-26,11.436572921625833,11.436572921625833,11.129097846355894,11.286585080030742,4272215.0,64210160.0
2018-01-29,11.174094198834421,11.286585080030742,10.911615476043009,11.054103925558348,4540297.0,67187016.0
2018-01-30,11.054103925558348,11.601559547380436,11.054103925558348,11.27158629587123,4141328.0,62715764.0
2018-01-31,11.226589943392705,11.249088119631969,10.874118515644236,10.949112436441782,3517201.0,51401548.0
2018-02-01,10.949112436441782,11.084101493877366,9.876699369036867,10.371659246300675,7017048.0,96977528.0
2018-02-02,10.124179307668772,10.776626418607425,10.124179307668772,10.581642224533804,3503071.0,49143604.0
2018-02-05,10.581642224533804,10.76912702652767,10.29666532550313,10.701632497809879,3901677.0,54925148.0
2018-02-06,10.536645872055278,10.559144048294542,10.146677483908034,10.274167149263864,3303744.0,45460980.0
2018-02-07,10.289165933423375,10.634137969092087,10.034186602711715,10.1691756601473,3132866.0,42881048.0
2018-02-08,10.176675052227054,10.46165195125773,10.176675052227054,10.214172012625827,1782568.0,24456940.0
2018-02-09,10.124179307668772,10.124179307668772,9.73421091952153,9.73421091952153,5029413.0,65862860.0
2018-02-12,9.74920970368104,10.36415985422092,9.74920970368104,10.259168365104355,4459061.0,60625652.0
2018-02-13,10.2516689730246,10.596641008693314,10.2516689730246,10.386658030460184,2649132.0,36908444.0
2018-02-14,10.394157422539939,10.67163492949086,10.394157422539939,10.484150127496994,1173701.0,16471920.0
2018-02-22,10.679134321570615,10.776626418607425,10.544145264135032,10.574142832454049,1465845.0,20800440.0
2018-02-23,10.581642224533804,10.664135537411106,10.416655598779203,10.521647087895767,1297339.0,18241056.0
2018-02-26,10.544145264135032,10.874118515644236,10.454152559177976,10.844120947325218,3824205.0,54388608.0
2018-02-27,10.791625202766935,10.791625202766935,10.206672620546072,10.349161070061411,6978927.0,97835864.0
2018-02-28,10.341661677981655,10.836621555245461,10.341661677981655,10.784125810687181,4006889.0,56991784.0
2018-03-01,10.79912459484669,10.964111220601291,10.499148911656503,10.731630066128899,4652290.0,66440412.0
2018-03-02,10.611639792852824,10.889117299803745,10.604140400773069,10.75412824236816,3601200.0,51720412.0
2018-03-05,10.911615476043009,11.099100278036875,10.806623986926445,11.031605749319084,3469517.0,50612812.0
2018-03-06,11.024106357239328,11.23408933547246,10.934113652282273,11.174094198834421,2835314.0,42111820.0
2018-03-07,11.151596022595157,11.151596022595157,10.941613044362027,11.016606965159573,1913345.0,28149368.0
2018-03-08,10.994108788920311,11.10659967011663,10.911615476043009,10.941613044362027,1662888.0,24359204.0
2018-03-09,10.911615476043009,11.286585080030742,10.911615476043009,11.196592375073685,3461197.0,51733656.0
2018-03-12,11.211591159233194,11.616558331539945,11.211591159233194,11.534065018662645,4769798.0,73139224.0
2018-03-13,11.534065018662645,11.924033406809887,11.481569274104363,11.81904191769332,4360873.0,68483376.0
2018-03-14,11.744047996895775,12.111518208803751,11.744047996895775,12.066521856325224,5479748.0,87338752.0
2018-03-15,11.999027327607433,12.051523072165715,11.706551036497,11.94653158304915,5242437.0,82862656.0
2018-03-16,11.969029759288414,12.209010305840563,11.969029759288414,11.999027327607433,4379280.0,70513320.0
2018-03-19,11.811542525613566,11.96153036720866,11.549063802822154,11.804043133533812,4715291.0,73814272.0
2018-03-20,11.669054076098229,11.924033406809887,11.669054076098229,11.841540093932585,2894505.0,45793908.0
2018-03-21,11.871537662251603,12.261506050398847,11.774045565214793,11.774045565214793,5156957.0,83154840.0
2018-03-22,11.699051644417247,12.051523072165715,11.699051644417247,11.744047996895775,3556167.0,56367016.0
2018-03-23,10.574142832454049,11.586560763220927,10.566643440374294,10.731630066128899,6673972.0,97425640.0
2018-03-26,10.514147695816012,11.324082040429515,10.199173228466318,11.18909298299393,5208000.0,75443520.0
2018-03-27,11.241588727552214,11.586560763220927,11.241588727552214,11.52656562658289,4352076.0,66670992.0
2018-03-28,11.519066234503136,11.991527935527678,11.249088119631969,11.744047996895775,4383818.0,68635136.0
2018-03-29,11.849039486012341,11.879037054331357,11.489068666184117,11.729049212736266,3659700.0,56994452.0
2018-03-30,11.759046781055284,11.774045565214793,11.504067450343626,11.646555899858964,2775153.0,43029196.0
2018-04-02,11.81904191769332,11.81904191769332,11.324082040429515,11.354079608748533,3494400.0,53469036.0
2018-04-03,11.249088119631969,11.616558331539945,11.136597238435648,11.384077177067551,3373201.0,51294104.0
2018-04-04,11.459071097865097,11.5415644107424,11.099100278036875,11.10659967011663,3254853.0,48707128.0
2018-04-09,11.099100278036875,11.83404070185283,10.979110004760802,11.774045565214793,5879408.0,89968136.0
2018-04-10,11.86403827017185,11.984028543447923,11.474069882024608,11.579061371141172,5226977.0,81182384.0
2018-04-11,11.706551036497,11.759046781055284,11.489068666184117,11.586560763220927,3428380.0,53030824.0
2018-04-12,11.586560763220927,11.654055291938718,11.39907596122706,11.474069882024608,2880103.0,44397820.0
2018-04-13,11.699051644417247,11.699051644417247,11.444072313705588,11.601559547380436,1781439.0,27376988.0
2018-04-16,11.601559547380436,11.991527935527678,11.451571705785343,11.849039486012341,5174409.0,81019192.0
2018-04-17,11.849039486012341,12.081520640484733,11.676553468177984,11.83404070185283,5299600.0,83909056.0
2018-04-18,11.83404070185283,11.83404070185283,11.451571705785343,11.73654860481602,4919500.0,76105064.0
2018-04-19,11.699051644417247,11.699051644417247,10.859119731484727,10.934113652282273,5304200.0,79956008.0
2018-04-20,10.934113652282273,11.061603317638102,10.731630066128899,11.001608181000064,3066600.0,44666392.0
2018-04-23,11.001608181000064,11.159095414674914,10.356660462141166,10.761627634447915,4684528.0,67262192.0
2018-04-24,10.619139184932578,10.949112436441782,10.619139184932578,10.844120947325218,2766800.0,40078608.0
2018-04-25,10.821622771085954,11.144096630515403,10.619139184932578,10.739129458208652,2485818.0,35983628.0
2018-04-26,10.746628850288406,10.911615476043009,10.521647087895767,10.536645872055278,1818100.0,25831320.0
2018-04-27,10.694133105730124,10.694133105730124,10.499148911656503,10.536645872055278,1760100.0,24770144.0
2018-05-02,10.551644656214787,10.68663371365037,10.431654382938712,10.499148911656503,2034775.0,28542008.0
2018-05-03,10.619139184932578,10.761627634447915,10.521647087895767,10.701632497809879,1823330.0,25892720.0
2018-05-04,10.821622771085954,10.994108788920311,10.679134321570615,10.8966166918835,2907640.0,42247380.0
2018-05-07,10.746628850288406,10.941613044362027,10.746628850288406,10.889117299803745,2239740.0,32472128.0
2018-05-08,10.859119731484727,11.024106357239328,10.821622771085954,10.866619123564481,2077468.0,30150082.0
2018-05-09,10.88161790772399,10.934113652282273,10.806623986926445,10.836621555245461,1366387.0,19745300.0
2018-05-10,10.836621555245461,10.919114868122763,10.784125810687181,10.829122163165708,1020101.0,14748536.0
2018-05-11,10.79912459484669,10.88161790772399,10.724130674049144,10.8141233790062,1248597.0,18027552.0
2018-05-14,10.836621555245461,10.979110004760802,10.739129458208652,10.746628850288406,1226900.0,17733730.0
2018-05-15,10.664135537411106,10.746628850288406,10.529146479975521,10.604140400773069,1803793.0,25534888.0
2018-05-16,10.649136753251597,10.941613044362027,10.559144048294542,10.941613044362027,2365557.0,33962856.0
2018-05-17,10.889117299803745,10.949112436441782,10.701632497809879,10.851620339404972,1696657.0,24464682.0
2018-05-18,10.874118515644236,10.934113652282273,10.739129458208652,10.746628850288406,2180908.0,31467158.0
2018-05-21,10.821622771085954,10.986609396840556,10.8141233790062,10.88161790772399,3493958.0,50820820.0
2018-05-22,10.851620339404972,10.851620339404972,10.499148911656503,10.724130674049144,1961494.0,27998510.0
2018-05-23,10.724130674049144,10.776626418607425,10.574142832454049,10.626638577012333,1244919.0,17666870.0
2018-05-24,10.581642224533804,10.8966166918835,10.581642224533804,10.791625202766935,2718225.0,39070924.0
2018-05-25,10.866619123564481,10.866619123564481,10.619139184932578,10.634137969092087,1640000.0,23399430.0
2018-05-28,10.634137969092087,10.634137969092087,10.13917809182828,10.221671404705582,2728817.0,37695592.0
2018-05-29,10.206672620546072,10.36415985422092,9.291746786816006,9.899197545276131,8527863.0,110053752.0
2018-05-30,9.74920970368104,9.779207272000058,9.486730980889627,9.576723685846682,2686823.0,34489120.0
2018-05-31,9.576723685846682,9.73421091952153,9.306745570975515,9.599221862085946,2061814.0,26249298.0
2018-06-01,9.599221862085946,9.771707879920303,9.434235236331343,9.584223077926437,1575415.0,20198008.0
2018-06-04,9.711712743282265,10.124179307668772,9.449234020490852,9.561724901687173,3302043.0,42446384.0
2018-06-05,9.471732196730118,9.584223077926437,9.224252258098215,9.561724901687173,3927873.0,49123248.0
2018-06-06,9.546726117527664,9.599221862085946,9.284247394736251,9.591722470006191,2863397.0,35932932.0
2018-06-07,9.554225509607418,9.666716390803739,9.351741923454043,9.359241315533797,3076407.0,38990932.0
2018-06-08,9.434235236331343,9.434235236331343,9.246750434337478,9.29924617889576,1276501.0,15800090.0
2018-06-11,9.306745570975515,9.306745570975515,9.081763808582876,9.119260768981649,888679.0,10846098.0
2018-06-12,9.194254689779195,9.261749218496988,9.014269279865083,9.194254689779195,1008029.0,12268481.0
2018-06-13,9.194254689779195,9.261749218496988,9.059265632343612,9.059265632343612,1152821.0,14120819.0
2018-06-14,9.42695603365635,9.692944834605989,9.387840033516696,9.653828834466337,1752985.0,21404082.0
2018-06-15,9.552127234103239,9.9511104355277,9.497364833907724,9.904171235360115,2842116.0,35211388.0
2018-06-19,9.700768034633919,9.880701635276324,8.910624831812932,9.544304034075306,3254678.0,39622064.0
2018-06-20,9.395663233544626,9.849408835164601,9.020149632203958,9.747707234801503,3656153.0,43676380.0
2018-06-21,9.59906643427082,10.084104836002519,9.59906643427082,9.943287235499769,3656889.0,46480160.0
2018-06-22,9.9511104355277,10.436148837259394,9.739884034773572,10.436148837259394,3539285.0,46096728.0
2018-06-25,10.404856037147672,10.608259237873867,10.021519235779074,10.170160036309754,2198527.0,29061236.0
2018-06-26,10.10757443608631,10.365740037008019,9.919817635415976,10.11539763611424,1874775.0,24326512.0
2018-06-27,10.11539763611424,10.404856037147672,10.084104836002519,10.295331236756644,2178100.0,28644416.0
2018-06-28,10.342270436924228,10.39703283711974,10.217099236477338,10.373563237035949,1474814.0,19492738.0
2018-06-29,10.303154436784574,10.569143237734213,10.303154436784574,10.459618437343185,2164828.0,28919014.0
2018-07-02,10.506557637510769,10.631728837957658,10.318800836840435,10.350093636952158,1899732.0,25462736.0
2018-07-03,10.420502437203533,10.498734437482838,9.98240323563942,10.24056883656113,2784545.0,36100984.0
2018-07-04,10.224922436505269,10.38920963709181,10.044988835862865,10.271861636672853,1787398.0,23388726.0
2018-07-05,10.146690436225963,10.295331236756644,10.11539763611424,10.271861636672853,1237971.0,16179853.0
2018-07-06,10.271861636672853,10.350093636952158,9.919817635415976,10.303154436784574,1511901.0,19684440.0
2018-07-09,10.185806436365615,10.404856037147672,10.177983236337685,10.38920963709181,1238702.0,16408549.0
2018-07-10,10.467441637371117,10.670844838097311,10.350093636952158,10.647375238013518,2393600.0,32259674.0
2018-07-11,10.569143237734213,10.647375238013518,10.24839203658906,10.52220403756663,2602122.0,34790012.0
2018-07-12,10.498734437482838,10.944656839074883,10.412679237175603,10.78036963848834,2998423.0,40730828.0
2018-07-13,10.725607238292826,10.91336403896316,10.600436037845936,10.819485638627992,2304492.0,31864248.0
2018-07-16,10.717784038264895,10.866424838795576,10.639552037985588,10.7960160385442,1149400.0,15807086.0
2018-07-17,10.717784038264895,10.850778438739715,10.647375238013518,10.749076838376617,1025200.0,14061077.0
2018-07-18,10.663021638069381,10.756900038404547,10.483088037426977,10.52220403756663,1484928.0,20219076.0
2018-07-19,10.639552037985588,10.819485638627992,10.420502437203533,10.616082437901797,3235300.0,44094216.0
2018-07-20,10.537850437622492,10.725607238292826,10.404856037147672,10.561320037706283,2250701.0,30208394.0
2018-07-23,10.561320037706283,10.968126439158674,10.412679237175603,10.960303239130743,5219212.0,71673400.0
2018-07-24,10.960303239130743,11.155883239829008,10.827308838655924,11.108944039661424,4560576.0,64559356.0
2018-07-25,11.148060039801077,11.234115240108313,10.968126439158674,11.108944039661424,2438306.0,34474240.0
2018-07-26,11.015065639326258,11.116767239689356,10.756900038404547,11.038535239410049,2177275.0,30467694.0
2018-07-27,11.085474439577633,11.108944039661424,10.905540838935229,11.054181639465911,1417701.0,19957550.0
2018-07-30,10.929010439019022,11.155883239829008,10.803839238572131,10.975949639186604,1447186.0,20240164.0
2018-07-31,10.897717638907299,10.991596039242467,10.428325637231463,10.678668038125242,2533400.0,34455900.0
2018-08-01,10.623905637929727,10.835132038683854,10.561320037706283,10.655198438041449,1512602.0,20707514.0
2018-08-02,10.694314438181102,10.709960838236963,10.09975123605838,10.663021638069381,4080402.0,54345916.0
2018-08-03,10.655198438041449,10.686491238153172,10.365740037008019,10.663021638069381,1944900.0,26237464.0
2018-08-06,10.569143237734213,10.741253638348686,10.467441637371117,10.584789637790074,1560319.0,21104704.0
2018-08-07,10.483088037426977,10.655198438041449,10.436148837259394,10.561320037706283,2200401.0,29597280.0
2018-08-08,10.561320037706283,10.842955238711784,10.490911237454908,10.686491238153172,3204838.0,43783576.0
2018-08-09,10.670844838097311,10.670844838097311,10.483088037426977,10.561320037706283,1941037.0,26149266.0
2018-08-10,10.561320037706283,10.608259237873867,10.287508036728713,10.514380837538699,1804630.0,24169500.0
2018-08-13,10.404856037147672,10.498734437482838,10.287508036728713,10.490911237454908,1520221.0,20184264.0
2018-08-14,10.459618437343185,10.530027237594561,10.420502437203533,10.514380837538699,1162700.0,15595827.0
2018-08-15,10.498734437482838,10.537850437622492,10.1310440361701,10.412679237175603,1547300.0,20429164.0
2018-08-16,10.287508036728713,10.412679237175603,10.037165635834935,10.068458435946656,1472701.0,19270958.0
2018-08-17,10.11539763611424,10.11539763611424,9.059265632343612,9.059265632343612,4502801.0,54724224.0
2018-08-20,8.863685631645348,9.074912032399473,8.167420829159525,8.832392831533625,5574364.0,60916996.0
2018-08-21,8.6211664307795,8.848039231589487,8.409940030025373,8.769807231310182,2112800.0,23420982.0
2018-08-22,8.769807231310182,8.801100031421903,8.605520030723639,8.683752031002944,803100.0,8900539.0
2018-08-23,8.62898963080743,8.722868031142598,8.542934430500194,8.668105630947084,1234100.0,13652955.0
2018-08-24,8.675928830975014,8.675928830975014,8.433409630109164,8.48817203030468,1136600.0,12444158.0
2018-08-27,8.49599523033261,8.707221631086737,8.449056030165027,8.707221631086737,2149210.0,23675538.0
2018-08-28,8.730691231170528,8.730691231170528,8.535111230472262,8.63681283083536,1468800.0,16183148.0
2018-08-29,8.63681283083536,8.683752031002944,8.566404030583985,8.61334323075157,976500.0,10773982.0
2018-08-30,8.61334323075157,8.644636030863293,8.2378296294109,8.61334323075157,3232230.0,34952872.0
2018-08-31,8.566404030583985,8.574227230611916,8.316061629690207,8.574227230611916,2474583.0,26746644.0
2018-09-03,8.472525630248818,8.652459230891223,8.441232830137096,8.449056030165027,2372016.0,25717208.0
2018-09-04,8.449056030165027,8.49599523033261,8.316061629690207,8.456879230192957,1690220.0,18186100.0
2018-09-05,8.456879230192957,8.456879230192957,8.331708029746068,8.402116829997443,990376.0,10633660.0
2018-09-06,8.276945629550553,8.402116829997443,8.003133628572984,8.214360029327109,2700500.0,28408196.0
2018-09-07,8.206536829299178,8.409940030025373,8.198713629271248,8.323884829718137,2539002.0,26876792.0
2018-09-10,8.37082402988572,8.425586430081234,8.253476029466762,8.331708029746068,3133633.0,33346880.0
2018-09-11,8.261299229494693,8.386470429941582,8.253476029466762,8.253476029466762,1681369.0,17855786.0
2018-09-12,8.198713629271248,8.261299229494693,8.057896028768498,8.214360029327109,1266600.0,13229726.0
2018-09-13,8.23000642938297,8.331708029746068,8.167420829159525,8.316061629690207,1232720.0,13019127.0
2018-09-14,8.300415229634345,8.323884829718137,8.175244029187455,8.261299229494693,640629.0,6741395.0
2018-09-17,8.167420829159525,8.190890429243318,7.987487228517123,8.11265842896401,922400.0,9535276.0
2018-09-18,8.10483522893608,8.331708029746068,8.073542428824359,8.292592029606414,1165899.0,12238616.0
2018-09-19,8.276945629550553,8.409940030025373,8.22218322935504,8.37082402988572,1052873.0,11207832.0
2018-09-20,8.308238429662275,8.409940030025373,8.22218322935504,8.276945629550553,908042.0,9637321.0
2018-09-21,8.2378296294109,8.323884829718137,8.198713629271248,8.24565282943883,1032842.0,10897439.0
2018-09-25,8.190890429243318,8.316061629690207,8.183067229215387,8.316061629690207,1062386.0,11234155.0
2018-09-26,8.386470429941582,8.386470429941582,8.198713629271248,8.284768829578484,1878373.0,19815300.0
2018-09-27,8.269122429522623,8.269122429522623,8.050072828740566,8.23000642938297,2852956.0,29651772.0
2018-09-28,8.206536829299178,8.24565282943883,7.995310428545054,8.22218322935504,1783379.0,18493582.0
2018-10-08,8.206536829299178,8.206536829299178,7.799730427846789,7.862316028070234,2158900.0,21874846.0
2018-10-09,7.8466696280143715,7.932724828321609,7.079996025277175,7.087819225305106,5595804.0,52082056.0
2018-10-10,7.126935225444758,7.2755760259754405,6.790537624243743,6.978294424914077,7085949.0,63143220.0
2018-10-11,6.767068024159952,6.907885624662702,6.3367920226237695,6.5793112234896185,6524249.0,54997920.0
2018-10-12,6.532372023322035,6.6497200237409935,6.415024022903075,6.6262504236572015,6357245.0,52822048.0
2018-10-15,6.524548823294104,6.759244824132022,6.461963223070659,6.47760962312652,2437700.0,20597838.0
2018-10-16,6.563664823433757,6.60278082357341,6.211620822176881,6.571488023461687,3893023.0,31916550.0
2018-10-17,6.563664823433757,6.60278082357341,6.2194440222048115,6.368084822735493,3068675.0,24843620.0
2018-10-18,6.289852822456186,6.516725623266173,6.188151222093089,6.383731222791353,2535922.0,20768322.0
2018-10-19,6.375908022763423,6.587134423517549,6.297676022484118,6.493256023182382,2176122.0,17898900.0
2018-10-22,6.587134423517549,6.923532024718563,6.5793112234896185,6.845300024439258,2654511.0,23040486.0
2018-10-23,6.884416024578911,7.134758425472689,6.868769624523049,6.931355224746493,3489825.0,30882864.0
2018-10-24,6.931355224746493,7.079996025277175,6.821830424355467,7.040880025137522,2417643.0,21537808.0
2018-10-25,6.814007224327536,7.095642425333036,6.814007224327536,6.947001624802356,2300692.0,20422358.0
2018-10-26,7.025233625081661,7.134758425472689,6.9626480248582165,6.978294424914077,1029500.0,9239890.0
2018-10-29,6.978294424914077,6.978294424914077,6.821830424355467,6.853123224467188,845268.0,7422190.0
2018-10-30,6.931355224746493,6.9626480248582165,6.829653624383397,6.947001624802356,793420.0,7014332.0
2018-10-31,6.947001624802356,7.635443227260246,6.915708824690633,7.040880025137522,3436759.0,31476742.0
2018-11-01,7.0565264251933835,7.205167225724065,6.954824824830286,6.986117624942008,3048004.0,27290130.0
2018-11-02,7.079996025277175,7.134758425472689,6.947001624802356,7.134758425472689,2968145.0,26751670.0
2018-11-05,7.134758425472689,7.166051225584412,6.931355224746493,7.040880025137522,2094514.0,18885062.0
2018-11-06,7.040880025137522,7.064349625221314,6.915708824690633,7.025233625081661,1273845.0,11366025.0
2018-11-07,7.017410425053731,7.181697625640273,6.978294424914077,7.126935225444758,2481384.0,22544758.0
2018-11-08,7.126935225444758,7.181697625640273,6.954824824830286,6.954824824830286,1645535.0,14801186.0
2018-11-09,6.931355224746493,7.0095872250258004,6.884416024578911,6.978294424914077,711035.0,6330891.0
2018-11-12,6.970471224886147,7.079996025277175,6.923532024718563,7.064349625221314,1661552.0,14886592.0
2018-11-13,6.993940824969938,7.220813625779926,6.9626480248582165,7.166051225584412,3151060.0,28664854.0
2018-11-14,7.166051225584412,7.220813625779926,7.0565264251933835,7.111288825388898,3157700.0,28742578.0
2018-11-15,7.111288825388898,7.134758425472689,7.0095872250258004,7.134758425472689,3464367.0,31344288.0
2018-11-16,7.166051225584412,7.486802426729565,7.1034656253609665,7.471156026673705,6403370.0,59839536.0
2018-11-19,7.486802426729565,7.627620027232315,7.314692026115092,7.447686426589912,4688949.0,44728836.0
2018-11-20,7.455509626617842,7.463332826645773,6.970471224886147,7.040880025137522,5045180.0,46249272.0
2018-11-21,6.915708824690633,7.15040482552855,6.884416024578911,7.134758425472689,2085220.0,18813232.0
2018-11-22,7.134758425472689,7.228636825807857,7.072172825249244,7.1034656253609665,1520054.0,13893273.0
2018-11-23,7.087819225305106,7.119112025416828,6.6262504236572015,6.696659223908577,2724440.0,23800856.0
2018-11-26,6.720128823992368,6.806184024299604,6.61060402360134,6.767068024159952,1755850.0,15097926.0
2018-11-27,6.845300024439258,6.860946424495118,6.727952024020299,6.759244824132022,1179026.0,10239506.0
2018-11-28,6.727952024020299,6.829653624383397,6.60278082357341,6.696659223908577,2484117.0,21238170.0
2018-11-29,6.712305623964438,6.806184024299604,6.47760962312652,6.532372023322035,1829566.0,15617020.0
2018-11-30,6.563664823433757,6.594957623545479,6.454140023042728,6.540195223349965,1486141.0,12379135.0
2018-12-03,6.704482423936508,6.837476824411327,6.6262504236572015,6.806184024299604,2911492.0,25164188.0
2018-12-04,6.798360824271674,6.939178424774424,6.759244824132022,6.923532024718563,2058548.0,18023746.0
2018-12-05,6.821830424355467,6.970471224886147,6.767068024159952,6.829653624383397,1857128.0,16317673.0
2018-12-06,6.806184024299604,6.892239224606842,6.759244824132022,6.821830424355467,1247840.0,10865468.0
2018-12-07,6.853123224467188,6.907885624662702,6.767068024159952,6.860946424495118,1150900.0,10033633.0
2018-12-10,6.790537624243743,6.845300024439258,6.767068024159952,6.767068024159952,967900.0,8406989.0
2018-12-11,6.782714424215813,6.860946424495118,6.7435984240761595,6.837476824411327,790360.0,6863790.5
2018-12-12,6.814007224327536,6.947001624802356,6.806184024299604,6.892239224606842,1220840.0,10744597.0
2018-12-13,6.884416024578911,7.064349625221314,6.814007224327536,7.0565264251933835,2124012.0,18981620.0
2018-12-14,7.040880025137522,7.111288825388898,6.806184024299604,6.821830424355467,1560947.0,13893268.0
2018-12-17,6.915708824690633,7.040880025137522,6.821830424355467,7.001764024997868,1690670.0,15025029.0
2018-12-18,7.0095872250258004,7.0565264251933835,6.892239224606842,7.025233625081661,1671000.0,14939183.0
2018-12-19,7.0095872250258004,7.025233625081661,6.892239224606842,6.923532024718563,1236300.0,10959404.0
2018-12-20,6.876592824550979,7.1034656253609665,6.876592824550979,6.978294424914077,1118369.0,9970877.0
2018-12-21,7.072172825249244,7.072172825249244,6.845300024439258,6.915708824690633,1243300.0,10976778.0
2018-12-24,6.868769624523049,6.993940824969938,6.845300024439258,6.970471224886147,1017591.0,9028554.0
2018-12-25,6.931355224746493,6.931355224746493,6.7435984240761595,6.868769624523049,1921582.0,16894736.0
2018-12-26,6.900062424634772,6.993940824969938,6.884416024578911,6.939178424774424,1313582.0,11651960.0
2018-12-27,7.079996025277175,7.079996025277175,6.814007224327536,6.829653624383397,1138900.0,10082033.0
2018-12-28,6.829653624383397,6.892239224606842,6.422847222931007,6.774891224187883,1709300.0,14759238.0
2019-01-02,6.727952024020299,6.727952024020299,6.540195223349965,6.618427223629271,1441700.0,12261474.0
2019-01-03,6.60278082357341,6.6497200237409935,6.501079223210312,6.540195223349965,1029400.0,8641964.0
2019-01-04,6.540195223349965,6.759244824132022,6.3446152226517,6.688836023880647,1663220.0,14012470.0
2019-01-07,6.727952024020299,6.876592824550979,6.696659223908577,6.845300024439258,1544572.0,13436497.0
2019-01-08,6.845300024439258,7.0330568251095915,6.814007224327536,6.970471224886147,1687986.0,14956865.0
2019-01-09,6.954824824830286,7.079996025277175,6.923532024718563,6.9626480248582165,1632828.0,14656486.0
2019-01-10,7.1034656253609665,7.1034656253609665,6.947001624802356,6.954824824830286,1012500.0,9063316.0
2019-01-11,7.001764024997868,7.048703225165452,6.923532024718563,7.0330568251095915,1321858.0,11855813.0
2019-01-14,7.119112025416828,7.119112025416828,6.915708824690633,6.9626480248582165,1148926.0,10301294.0
2019-01-15,7.0565264251933835,7.0565264251933835,6.993940824969938,7.0330568251095915,1278200.0,11485382.0
2019-01-16,7.048703225165452,7.119112025416828,7.017410425053731,7.025233625081661,1161800.0,10502504.0
2019-01-17,7.0330568251095915,7.095642425333036,6.970471224886147,7.072172825249244,1158471.0,10443738.0
2019-01-18,7.072172825249244,7.072172825249244,6.931355224746493,7.040880025137522,1419087.0,12703155.0
2019-01-21,7.0330568251095915,7.1034656253609665,6.978294424914077,7.048703225165452,1148043.0,10331013.0
2019-01-22,7.087819225305106,7.087819225305106,6.774891224187883,6.845300024439258,1944000.0,17082896.0
2019-01-23,6.837476824411327,6.923532024718563,6.798360824271674,6.837476824411327,1085701.0,9510490.0
2019-01-24,6.837476824411327,6.907885624662702,6.821830424355467,6.845300024439258,826600.0,7243832.0
2019-01-25,6.876592824550979,7.064349625221314,6.837476824411327,6.900062424634772,2313780.0,20625830.0
2019-01-28,6.954824824830286,7.025233625081661,6.782714424215813,6.853123224467188,1291700.0,11379412.0
2019-01-29,6.923532024718563,6.923532024718563,6.587134423517549,6.6262504236572015,1303412.0,11134531.0
2019-01-30,6.681012823852715,6.845300024439258,6.532372023322035,6.790537624243743,1174007.0,10113418.0
2019-01-31,6.774891224187883,6.798360824271674,6.461963223070659,6.485432823154451,2015550.0,16926048.0
2019-02-01,6.548018423377895,6.704482423936508,6.485432823154451,6.681012823852715,1234491.0,10440997.0
2019-02-11,6.696659223908577,6.892239224606842,6.696659223908577,6.853123224467188,1750900.0,15242272.0
2019-02-12,6.821830424355467,6.954824824830286,6.782714424215813,6.931355224746493,1851700.0,16343855.0
2019-02-13,6.923532024718563,6.993940824969938,6.915708824690633,6.986117624942008,2873650.0,25575074.0
2019-02-14,6.986117624942008,7.048703225165452,6.884416024578911,6.931355224746493,3136500.0,27835212.0
2019-02-15,6.860946424495118,6.947001624802356,6.860946424495118,6.892239224606842,1873100.0,16530228.0
2019-02-18,6.884416024578911,7.111288825388898,6.876592824550979,7.111288825388898,4231950.0,37935524.0
2019-02-19,7.1034656253609665,7.55721122698094,7.1034656253609665,7.494625626757496,7163695.0,67447712.0
2019-02-20,7.54156482692508,7.666736027371969,7.322515226143023,7.54156482692508,4671741.0,44790220.0
2019-02-21,7.619796827204385,7.619796827204385,7.385100826366467,7.385100826366467,3372817.0,32251018.0
2019-02-22,7.424216826506121,7.447686426589912,7.306868826087162,7.4398632265619815,2473434.0,23319824.0
2019-02-25,7.486802426729565,7.674559227399899,7.447686426589912,7.666736027371969,5630028.0,54612236.0
2019-02-26,7.658912827344038,8.433409630109164,7.604150427148524,7.979664028489191,11195877.0,114875704.0
2019-02-27,8.010956828600914,8.08136562885229,7.565034427008871,7.666736027371969,8913388.0,89155264.0
2019-02-28,7.588504027092663,7.995310428545054,7.588504027092663,7.995310428545054,5472419.0,54905188.0
2019-03-01,7.995310428545054,8.269122429522623,7.9170784282657465,8.003133628572984,6425290.0,66311164.0
2019-03-04,7.9561944284054,8.167420829159525,7.94837122837747,7.995310428545054,9673661.0,99355456.0
2019-03-05,7.9561944284054,8.034426428684705,7.924901628293679,8.026603228656775,4421588.0,45085308.0
2019-03-06,8.034426428684705,8.175244029187455,7.979664028489191,8.151774429103664,5799504.0,59963896.0
2019-03-07,8.10483522893608,8.284768829578484,7.940548028349539,8.120481628991943,7645226.0,79105752.0
2019-03-08,7.9561944284054,7.971840828461261,7.791907227818858,7.8232000279305804,6766564.0,67948680.0
2019-03-11,7.870139228098164,8.143951229075734,7.713675227539552,8.120481628991943,7675686.0,77684168.0
2019-03-12,8.190890429243318,8.308238429662275,8.026603228656775,8.198713629271248,7371037.0,76970952.0
2019-03-13,8.143951229075734,8.183067229215387,7.924901628293679,8.057896028768498,7560962.0,77501528.0
2019-03-14,8.026603228656775,8.253476029466762,7.940548028349539,8.003133628572984,6753184.0,69994272.0
2019-03-15,8.018780028628845,8.08136562885229,7.838846427986441,7.9561944284054,5411337.0,55020640.0
2019-03-18,7.979664028489191,8.214360029327109,7.901432028209886,8.136128029047804,8899541.0,92083760.0
2019-03-19,8.175244029187455,8.449056030165027,8.08918882888022,8.449056030165027,10956824.0,115789592.0
2019-03-20,8.605520030723639,8.699398431058805,8.136128029047804,8.22218322935504,10259700.0,109139336.0
2019-03-21,8.175244029187455,8.253476029466762,8.042249628712636,8.128304829019873,8283897.0,85995528.0
2019-03-22,8.136128029047804,8.151774429103664,7.979664028489191,8.073542428824359,4336065.0,44620480.0
2019-03-25,8.003133628572984,8.08918882888022,7.940548028349539,7.979664028489191,3337255.0,34144268.0
2019-03-26,7.995310428545054,8.057896028768498,7.705852027511622,7.713675227539552,5415840.0,54364852.0
2019-03-27,7.737144827623344,7.80755362787472,7.471156026673705,7.7762608277629965,3596420.0,35319940.0
2019-03-28,7.7762608277629965,7.838846427986441,7.643266427288177,7.674559227399899,2287640.0,22641548.0
2019-03-29,7.627620027232315,7.8466696280143715,7.5806808270647315,7.799730427846789,3409328.0,33721784.0
2019-04-01,7.8232000279305804,8.057896028768498,7.8232000279305804,8.050072828740566,5343899.0,54628852.0
2019-04-02,8.057896028768498,8.190890429243318,7.96401762843333,8.120481628991943,7794531.0,80693416.0
2019-04-03,8.09701202890815,8.253476029466762,7.995310428545054,8.22218322935504,9858776.0,102540432.0
2019-04-04,8.065719228796429,8.175244029187455,7.831023227958511,8.128304829019873,10720978.0,110283016.0
2019-04-08,8.214360029327109,8.527288030444332,8.065719228796429,8.49599523033261,14333975.0,151944448.0
2019-04-09,8.425586430081234,8.589873630667777,8.183067229215387,8.339531229773998,8701076.0,92913120.0
2019-04-10,8.261299229494693,8.308238429662275,8.042249628712636,8.10483522893608,6830019.0,71189152.0
2019-04-11,8.11265842896401,8.167420829159525,7.862316028070234,7.995310428545054,6027884.0,61609696.0
2019-04-12,7.995310428545054,8.10483522893608,7.9170784282657465,8.050072828740566,3667300.0,37627012.0
2019-04-15,8.057896028768498,8.128304829019873,7.760614427707136,7.784084027790927,6918225.0,70403016.0
2019-04-16,7.7762608277629965,7.94837122837747,7.705852027511622,7.940548028349539,4181621.0,41870636.0
2019-04-17,7.971840828461261,8.24565282943883,7.870139228098164,8.175244029187455,8424578.0,86991256.0
2019-04-18,8.175244029187455,8.49599523033261,8.128304829019873,8.300415229634345,8457138.0,90058488.0
2019-04-19,8.323884829718137,8.472525630248818,8.143951229075734,8.308238429662275,6196466.0,65451836.0
2019-04-22,8.36300082985779,8.409940030025373,8.136128029047804,8.316061629690207,7588425.0,80154984.0
2019-04-23,8.214360029327109,8.339531229773998,8.120481628991943,8.175244029187455,5147261.0,53960948.0
2019-04-24,8.183067229215387,8.558580830556055,8.08136562885229,8.550757630528125,10913065.0,117153192.0
2019-04-25,8.472525630248818,8.511641630388471,8.018780028628845,8.026603228656775,9249800.0,97253840.0
2019-04-26,7.862316028070234,8.09701202890815,7.8232000279305804,7.94837122837747,4203478.0,42650464.0
2019-04-29,7.862316028070234,8.355177629829859,7.854492828042302,8.175244029187455,9541843.0,99763632.0
2019-04-30,8.159597629131595,8.276945629550553,8.010956828600914,8.09701202890815,4289019.0,44545416.0
2019-05-06,7.8232000279305804,7.831023227958511,7.432040026534051,7.502448826785426,6549800.0,64050720.0
2019-05-07,7.604150427148524,7.81537682790265,7.55721122698094,7.713675227539552,3514584.0,34545664.0
2019-05-08,7.627620027232315,7.901432028209886,7.533741626897149,7.80755362787472,4842918.0,48204444.0
2019-05-09,7.8466696280143715,7.8466696280143715,7.713675227539552,7.7527912276792055,1204651.0,11969923.0
2019-05-10,7.8232000279305804,7.940548028349539,7.5102720268133565,7.831023227958511,2400268.0,23907598.0
2019-05-13,7.81537682790265,7.885785628154025,7.7527912276792055,7.8232000279305804,1493442.0,14941670.0
2019-05-14,7.744968027651275,7.791907227818858,7.619796827204385,7.705852027511622,1446707.0,14299875.0
2019-05-15,7.768437627735066,7.854492828042302,7.713675227539552,7.791907227818858,1128007.0,11215631.0
2019-05-16,7.8232000279305804,7.862316028070234,7.760614427707136,7.7762608277629965,1282121.0,12785770.0
2019-05-17,7.7762608277629965,7.854492828042302,7.619796827204385,7.744968027651275,2519153.0,24877860.0
2019-05-20,7.744968027651275,7.8232000279305804,7.611973627176455,7.8232000279305804,1650369.0,16316557.0
2019-05-21,7.862316028070234,8.018780028628845,7.8232000279305804,7.9561944284054,2286365.0,23230290.0
2019-05-22,7.9561944284054,7.987487228517123,7.7527912276792055,7.81537682790265,1593689.0,15966198.0
2019-05-23,7.80755362787472,7.80755362787472,7.651089627316107,7.658912827344038,1425264.0,13995838.0
2019-05-24,7.643266427288177,7.713675227539552,7.54938802695301,7.651089627316107,1748563.0,17002978.0
2019-05-27,7.604150427148524,7.81537682790265,7.588504027092663,7.791907227818858,1407073.0,13876933.0
2019-05-28,7.8232000279305804,7.8466696280143715,7.7293216275954135,7.744968027651275,3145320.0,31265174.0
2019-05-29,7.737144827623344,7.8232000279305804,7.674559227399899,7.698028827483691,3079101.0,30434194.0
2019-05-30,7.627620027232315,7.666736027371969,7.5102720268133565,7.619796827204385,4059801.0,39363660.0
2019-05-31,7.588504027092663,7.69020562745576,7.54938802695301,7.588504027092663,2428900.0,23665746.0
2019-06-03,7.588504027092663,7.658912827344038,7.392924026394398,7.424216826506121,1140133.0,10900152.0
2019-06-04,7.424216826506121,7.478979226701635,7.330338426170953,7.385100826366467,1561000.0,14703722.0
2019-06-05,7.377277626338537,7.4398632265619815,7.338161626198885,7.338161626198885,931795.0,8800611.0
2019-06-06,7.338161626198885,7.353808026254746,7.1034656253609665,7.111288825388898,993609.0,9167345.0
2019-06-10,7.111288825388898,7.181697625640273,7.048703225165452,7.181697625640273,909283.0,8261958.0
2019-06-11,7.134758425472689,7.424216826506121,7.134758425472689,7.385100826366467,1371207.0,12770169.0
2019-06-12,7.377277626338537,7.4163936264781904,7.267752825947508,7.314692026115092,1070561.0,10021689.0
2019-06-13,7.306868826087162,7.3694544263106065,7.236460025835787,7.322515226143023,2247376.0,20999112.0
2019-06-14,7.392924026394398,7.392924026394398,7.1034656253609665,7.119112025416828,1443497.0,13266234.0
2019-06-17,7.0095872250258004,7.236460025835787,7.0095872250258004,7.189520825668203,1901363.0,17340354.0
2019-06-18,7.212990425751996,7.2755760259754405,7.181697625640273,7.205167225724065,2032020.0,18724286.0
2019-06-19,7.306868826087162,7.40857042645026,7.2755760259754405,7.377277626338537,1992863.0,18750632.0
2019-06-20,7.361631226282676,7.5806808270647315,7.3459848262268155,7.455509626617842,3253065.0,31033974.0
2019-06-21,7.432040026534051,7.54156482692508,7.432040026534051,7.486802426729565,3031100.0,29006916.0
2019-06-24,7.494625626757496,7.54156482692508,7.377277626338537,7.4398632265619815,1896500.0,18086908.0
2019-06-25,7.432040026534051,7.478979226701635,7.064349625221314,7.2755760259754405,3917300.0,36202268.0
2019-06-26,7.126935225444758,7.385100826366467,7.126935225444758,7.353808026254746,3636500.0,33657668.0
2019-06-27,7.3459848262268155,7.627620027232315,7.314692026115092,7.5806808270647315,5706618.0,54223764.0
2019-06-28,7.588504027092663,7.619796827204385,7.463332826645773,7.54156482692508,2109643.0,20271420.0
2019-07-01,7.588504027092663,7.674559227399899,7.533741626897149,7.55721122698094,2221301.0,21576616.0
2019-07-02,7.588504027092663,7.604150427148524,7.432040026534051,7.55721122698094,2061301.0,19796856.0
2019-07-03,7.478979226701635,7.877962428126095,7.471156026673705,7.744968027651275,5001520.0,48838212.0
2019-07-04,7.784084027790927,7.987487228517123,7.635443227260246,7.81537682790265,7366772.0,73243760.0
2019-07-05,7.7527912276792055,7.940548028349539,7.698028827483691,7.7762608277629965,3938818.0,39367992.0
2019-07-08,7.7762608277629965,7.7762608277629965,7.5102720268133565,7.658912827344038,3633489.0,35388348.0
2019-07-09,7.651089627316107,7.651089627316107,7.478979226701635,7.518095226841287,2058307.0,19813530.0
2019-07-10,7.54156482692508,7.54938802695301,7.259929625919578,7.432040026534051,2819425.0,26678982.0
2019-07-11,7.432040026534051,7.455509626617842,7.306868826087162,7.392924026394398,1931400.0,18200856.0
2019-07-12,7.392924026394398,7.392924026394398,7.283399226003371,7.330338426170953,715676.0,6700791.5
2019-07-15,7.338161626198885,7.392924026394398,7.119112025416828,7.392924026394398,1148176.0,10756646.0
2019-07-16,7.306868826087162,7.3694544263106065,7.259929625919578,7.283399226003371,1034456.0,9645904.0
2019-07-17,7.7298277824212835,7.7546293688889465,7.605819850082974,7.7546293688889465,1325908.0,12303575.0
2019-07-18,7.688491804975182,7.721560586932063,7.589285459104533,7.589285459104533,1304500.0,12033874.0
2019-07-19,7.589285459104533,7.7298277824212835,7.5727510681260926,7.7298277824212835,1099860.0,10207951.0
2019-07-22,7.680224609485959,7.7298277824212835,7.589285459104533,7.630621436550637,777700.0,7188889.0
2019-07-23,7.605819850082974,7.7546293688889465,7.597552654593754,7.738094977910504,884300.0,8206552.0
2019-07-24,7.804232541824269,7.804232541824269,7.705026195953622,7.721560586932063,831160.0,7775379.5
2019-07-25,7.7298277824212835,7.771163759867387,7.647155827529078,7.721560586932063,685100.0,6367036.0
2019-07-26,7.671957413996739,7.713293391442843,7.622354241061417,7.696759000464402,1053900.0,9777127.0
2019-07-29,7.663690218507519,7.762896564378167,7.581018263615313,7.721560586932063,1540000.0,14281222.0
2019-07-30,7.713293391442843,7.762896564378167,7.671957413996739,7.705026195953622,1120160.0,10460865.0
2019-07-31,7.671957413996739,7.671957413996739,7.597552654593754,7.605819850082974,1216100.0,11217673.0
2019-08-01,7.605819850082974,7.630621436550637,7.481811917744666,7.531415090679989,1465700.0,13400767.0
2019-08-02,7.523147895190768,7.581018263615313,7.440475940298562,7.5727510681260926,2353413.0,21429074.0
2019-08-05,7.5727510681260926,7.5727510681260926,7.390872767363238,7.390872767363238,1771300.0,15983056.0
2019-08-06,7.349536789917136,7.481811917744666,6.936177015456105,7.4322087448093415,4383900.0,38248960.0
2019-08-07,7.514880699701547,7.688491804975182,7.3660711808955766,7.581018263615313,2160200.0,19747060.0
2019-08-08,7.514880699701547,7.7298277824212835,7.465277526766223,7.589285459104533,990700.0,9036545.0
2019-08-09,7.630621436550637,7.630621436550637,7.390872767363238,7.523147895190768,1093000.0,9895198.0
2019-08-12,7.556216677147651,7.5727510681260926,7.465277526766223,7.490079113233886,615600.0,5592068.0
2019-08-13,7.539682286169209,7.539682286169209,7.382605571874017,7.498346308723106,792414.0,7137222.5
2019-08-14,7.531415090679989,7.564483872636872,7.415674353830901,7.423941549320121,1654400.0,14920838.0
2019-08-15,7.40740715834168,7.40740715834168,7.283399226003371,7.333002398938693,746800.0,6624323.0
2019-08-16,7.399139962852458,7.680224609485959,7.2751320305141505,7.556216677147651,2619005.0,23932118.0
2019-08-19,7.614087045572196,8.07704999296855,7.614087045572196,7.977843647097903,4892533.0,46491720.0
2019-08-20,7.977843647097903,8.010912429054784,7.771163759867387,7.895171692205697,2236400.0,21274882.0
2019-08-21,7.919973278673359,8.498676962918802,7.886904496716475,8.110118774925432,3878700.0,38061916.0
2019-08-22,8.234126707263743,8.234126707263743,8.002645233565564,8.019179624544005,1234236.0,12011880.0
2019-08-23,8.101851579436213,8.101851579436213,7.812499737313489,7.9365076696517995,2399494.0,23062054.0
2019-08-26,7.9365076696517995,7.95304206063024,7.680224609485959,7.878637301227255,3888026.0,36620456.0
2019-08-27,7.829034128291932,7.837301323781152,7.738094977910504,7.771163759867387,3457004.0,32535030.0
2019-08-28,7.779430955356608,8.002645233565564,7.721560586932063,7.853835714759593,3693182.0,35208056.0
2019-08-29,7.969576451608683,7.969576451608683,7.771163759867387,7.787698150845828,1588392.0,14998347.0
2019-08-30,7.862102910248813,7.862102910248813,7.630621436550637,7.655423023018298,1539198.0,14405765.0
2019-09-02,7.696759000464402,7.771163759867387,7.531415090679989,7.746362173399724,1106493.0,10329851.0
2019-09-03,7.746362173399724,7.787698150845828,7.688491804975182,7.7298277824212835,1368316.0,12787599.0
2019-09-04,7.688491804975182,7.7298277824212835,7.671957413996739,7.713293391442843,1833022.0,17054168.0
2019-09-05,7.7298277824212835,7.829034128291932,7.705026195953622,7.779430955356608,2918000.0,27439518.0
2019-09-06,7.804232541824269,7.804232541824269,7.605819850082974,7.647155827529078,5211648.0,48300952.0
2019-09-09,7.680224609485959,7.870370105738035,7.655423023018298,7.862102910248813,3576711.0,33707124.0
2019-09-10,7.837301323781152,7.870370105738035,7.7546293688889465,7.812499737313489,1853900.0,17472032.0
2019-09-11,7.820766932802711,7.895171692205697,7.7959653463350485,7.895171692205697,2352858.0,22331526.0
2019-09-12,7.903438887694917,7.994378038076344,7.820766932802711,7.870370105738035,2894682.0,27658612.0
2019-09-16,7.870370105738035,7.919973278673359,7.853835714759593,7.870370105738035,1527068.0,14570494.0
2019-09-17,7.886904496716475,7.886904496716475,7.7298277824212835,7.738094977910504,1952382.0,18380784.0
2019-09-18,7.7959653463350485,7.7959653463350485,7.721560586932063,7.787698150845828,1091322.0,10247263.0
2019-09-19,7.820766932802711,7.9365076696517995,7.7546293688889465,7.820766932802711,1008238.0,9505649.0
2019-09-20,7.895171692205697,8.093584383946991,7.820766932802711,8.052248406500889,4305090.0,41506164.0
2019-09-23,8.060515601990108,8.234126707263743,8.027446820033227,8.167989143349978,5324007.0,52435248.0
2019-09-24,8.126653165903875,8.34160024862361,8.126653165903875,8.258928293731405,4269300.0,42627000.0
2019-09-25,8.283729880199065,8.416005008026595,8.118385970414653,8.134920361393094,2576922.0,25499614.0
2019-09-26,8.184523534328418,8.234126707263743,7.977843647097903,8.010912429054784,2892800.0,28157692.0
2019-09-27,8.20105792530686,8.225859511774521,7.895171692205697,8.060515601990108,2719958.0,26276128.0
2019-09-30,8.019179624544005,8.093584383946991,7.9365076696517995,7.994378038076344,1246599.0,12099044.0
2019-10-08,7.994378038076344,8.2175923162853,7.994378038076344,8.126653165903875,1998500.0,19669100.0
2019-10-09,8.110118774925432,8.36640183509127,8.07704999296855,8.34986744411283,3719362.0,37223500.0
2019-10-10,8.34986744411283,8.416005008026595,8.242393902752964,8.34160024862361,3219001.0,32411504.0
2019-10-11,8.34986744411283,8.382936226069713,8.258928293731405,8.34160024862361,2250412.0,22629276.0
2019-10-14,8.391203421558934,8.573081722321787,8.391203421558934,8.573081722321787,4083553.0,41999864.0
2019-10-15,8.58961611330023,8.75496002308464,8.540012940364905,8.58961611330023,3600177.0,37652884.0
2019-10-16,8.688822459170876,8.746692827595421,8.523478549386464,8.721891241127759,2722935.0,28504288.0
2019-10-17,8.639219286235551,8.721891241127759,8.58961611330023,8.680555263681656,2152166.0,22525034.0
2019-10-18,8.713624045638538,8.746692827595421,8.482142571940361,8.58961611330023,2082189.0,21681766.0
2019-10-21,8.630952090746332,8.705356850149316,8.391203421558934,8.573081722321787,2385088.0,24577412.0
2019-10-22,8.614417699767891,8.630952090746332,8.34986744411283,8.630952090746332,2958500.0,30472996.0
2019-10-23,8.59788330878945,8.986441496782819,8.564814526832567,8.59788330878945,4680301.0,49425660.0
2019-10-24,8.531745744875685,8.680555263681656,8.515211353897245,8.647486481724775,1879017.0,19555920.0
2019-10-25,8.62268489525711,8.62268489525711,8.4573409854727,8.60615050427867,2208218.0,22832828.0
2019-10-28,8.58134891781101,8.796296000530745,8.498676962918802,8.7384256321062,2944096.0,30950902.0
2019-10-29,8.845899173466067,8.845899173466067,8.614417699767891,8.630952090746332,2033737.0,21361652.0
2019-10-30,8.680555263681656,8.705356850149316,8.523478549386464,8.60615050427867,1724120.0,18005852.0
2019-10-31,8.664020872703215,9.465938835157614,8.664020872703215,9.184854188524113,13141208.0,144188448.0
2019-11-01,9.01124308325048,9.366732489286967,9.01124308325048,9.135251015588791,5165764.0,56899292.0
2019-11-04,9.193121384013335,9.854497023150984,9.102182233631908,9.631282744942029,9576984.0,111046328.0
2019-11-05,9.589946767495924,9.66435152689891,9.449404444179173,9.490740421625278,5838028.0,67242448.0
2019-11-06,9.499007617114497,9.623015549452807,9.350198098308526,9.614748353963588,4328516.0,49942764.0
2019-11-07,9.631282744942029,9.67261872238813,9.308862120862424,9.424602857711513,6163117.0,70446480.0
2019-11-08,9.53207639907138,9.548610790049821,9.226190165970218,9.275793338905542,3588700.0,40579544.0
2019-11-11,9.416335662222291,9.416335662222291,9.085647842653467,9.217922970480997,3424800.0,38156008.0
2019-11-12,9.408068466733072,9.548610790049821,9.14351821107801,9.358465293797748,4099436.0,46343432.0
2019-11-13,9.399801271243849,9.589946767495924,9.250991752437878,9.424602857711513,5766498.0,65656460.0
2019-11-14,9.507274812603718,9.507274812603718,9.308862120862424,9.416335662222291,2281173.0,25912088.0
2019-11-15,9.432870053200732,9.474206030646837,9.193121384013335,9.374999684776189,1805900.0,20375738.0
2019-11-18,9.399801271243849,9.399801271243849,9.242724556948659,9.374999684776189,1534176.0,17335248.0
2019-11-19,9.366732489286967,9.465938835157614,9.284060534394762,9.374999684776189,3485800.0,39532040.0
2019-11-20,9.399801271243849,9.499007617114497,8.986441496782819,9.052579060696583,4276800.0,47427648.0
2019-11-21,8.821097586998407,9.176586993034894,8.746692827595421,9.052579060696583,3279450.0,35705760.0
2019-11-22,9.093915038142686,9.226190165970218,8.788028805041524,8.928571128358275,4446303.0,48129720.0
2019-11-25,8.986441496782819,9.151785406567232,8.854166368955289,8.903769541890613,4604745.0,50154764.0
2019-11-26,9.077380647164246,9.077380647164246,8.73015843661698,8.804563196019965,2581762.0,27646628.0
2019-11-27,8.763227218573862,8.895502346401392,8.763227218573862,8.812830391509186,1256700.0,13408614.0
2019-11-28,8.870700759933731,8.870700759933731,8.564814526832567,8.62268489525711,3265500.0,34262452.0
2019-11-29,8.697089654660097,8.75496002308464,8.58961611330023,8.672288068192435,1625917.0,17049944.0
2019-12-02,8.688822459170876,8.763227218573862,8.630952090746332,8.672288068192435,2068811.0,21698290.0
2019-12-03,8.672288068192435,8.680555263681656,8.58134891781101,8.647486481724775,1086427.0,11347424.0
2019-12-04,8.62268489525711,8.697089654660097,8.556547331343346,8.680555263681656,1778400.0,18547000.0
2019-12-05,8.713624045638538,8.961639910315156,8.688822459170876,8.920303932869054,3369869.0,36159232.0
2019-12-06,8.903769541890613,9.151785406567232,8.845899173466067,9.118716624610348,3647468.0,39987576.0
2019-12-09,9.193121384013335,9.217922970480997,9.027777474228921,9.160052602056451,2474028.0,27345484.0
2019-12-10,9.060846256185805,9.2592589479271,9.002975887761261,9.052579060696583,2613265.0,28789074.0
2019-12-11,9.060846256185805,9.102182233631908,8.796296000530745,8.821097586998407,2783900.0,29941508.0
2019-12-12,8.829364782487627,9.002975887761261,8.680555263681656,8.713624045638538,2656492.0,28229370.0
2019-12-13,8.75496002308464,8.86243356444451,8.664020872703215,8.688822459170876,3630400.0,38391856.0
2019-12-16,8.854166368955289,8.854166368955289,8.655753677213994,8.705356850149316,3123590.0,32914888.0
2019-12-17,8.7384256321062,9.036044669718143,8.721891241127759,9.036044669718143,3646559.0,39283280.0
2019-12-18,9.052579060696583,9.135251015588791,8.796296000530745,8.845899173466067,3550300.0,38237176.0
2019-12-19,8.86243356444451,8.87896795542295,8.614417699767891,8.688822459170876,3950311.0,41634480.0
2019-12-20,8.705356850149316,8.705356850149316,8.62268489525711,8.672288068192435,2120600.0,22209546.0
2019-12-23,8.771494414063081,8.796296000530745,8.424272203515816,8.506944158408022,3571125.0,36927840.0
2019-12-24,8.506944158408022,8.556547331343346,8.333333053134389,8.374669030580494,3855442.0,39157212.0
2019-12-25,8.382936226069713,8.47387537645114,8.250661098242183,8.308531466666729,4298988.0,43250760.0
2019-12-26,8.32506585764517,8.333333053134389,8.20932512079608,8.275462684709845,3832600.0,38361744.0
2019-12-27,8.283729880199065,8.523478549386464,8.2175923162853,8.440806594494259,5880624.0,59543888.0
2019-12-30,8.424272203515816,8.564814526832567,8.36640183509127,8.424272203515816,4865113.0,49747736.0
2019-12-31,8.424272203515816,8.449073789983478,8.242393902752964,8.34986744411283,7585641.0,76440464.0
2020-01-02,8.382936226069713,8.548280135854126,8.358134639602051,8.4573409854727,5288808.0,54296620.0
2020-01-03,8.4573409854727,8.506944158408022,8.32506585764517,8.382936226069713,4142066.0,42106528.0
2020-01-06,8.391203421558934,8.424272203515816,8.308531466666729,8.374669030580494,4806308.0,48582716.0
2020-01-07,8.399470617048154,8.498676962918802,8.333333053134389,8.432539399005037,4167523.0,42447688.0
2020-01-08,8.382936226069713,8.416005008026595,8.234126707263743,8.242393902752964,5526741.0,55483912.0
2020-01-09,8.291997075688286,8.374669030580494,8.250661098242183,8.316798662155948,3568949.0,35818156.0
2020-01-10,8.34986744411283,8.358134639602051,8.250661098242183,8.291997075688286,3149202.0,31539506.0
2020-01-13,8.300264271177506,8.316798662155948,8.151454752371535,8.19279072981764,6513747.0,64656040.0
2020-01-14,8.234126707263743,8.713624045638538,8.19279072981764,8.647486481724775,17067806.0,175691888.0
2020-01-15,8.630952090746332,8.639219286235551,8.374669030580494,8.506944158408022,8582929.0,87845136.0
2020-01-16,8.4573409854727,8.531745744875685,8.374669030580494,8.424272203515816,4886611.0,49924532.0
2020-01-17,8.424272203515816,8.465608180961919,8.308531466666729,8.34160024862361,3890238.0,39275908.0
2020-01-20,8.308531466666729,8.639219286235551,8.308531466666729,8.399470617048154,6159113.0,62805968.0
2020-01-21,8.374669030580494,8.391203421558934,8.20932512079608,8.2175923162853,5434091.0,54272028.0
2020-01-22,8.2175923162853,8.242393902752964,7.771163759867387,7.9613092561194625,8558033.0,82319728.0
2020-01-23,7.928240474162579,7.928240474162579,7.498346308723106,7.696759000464402,6576301.0,61282912.0
2020-02-03,6.927909819966884,6.927909819966884,6.927909819966884,6.927909819966884,783100.0,6562378.0
2020-02-04,6.233465398872351,6.903108233499221,6.233465398872351,6.820436278607016,10742967.0,85506424.0
2020-02-05,6.779100301160912,7.0684521432836345,6.721229932736368,6.944444210945325,5372100.0,45179400.0
2020-02-06,6.936177015456105,7.324735203449473,6.861772256053119,7.175925684643502,6372701.0,54683232.0
2020-02-07,7.0436505568159715,7.233796053068047,6.994047383880649,7.134589707197399,5656845.0,48633544.0
2020-02-10,7.175925684643502,7.40740715834168,7.076719338772855,7.3660711808955766,5882098.0,51844856.0
2020-02-11,7.316468007960252,7.457010331277003,7.258597639535708,7.324735203449473,3675329.0,32592476.0
2020-02-12,7.324735203449473,7.457010331277003,7.299933616981812,7.40740715834168,4628964.0,41331968.0
2020-02-13,7.399139962852458,7.564483872636872,7.283399226003371,7.357803985406356,3854816.0,34466096.0
2020-02-14,7.299933616981812,7.399139962852458,7.283399226003371,7.333002398938693,2594689.0,22998194.0
2020-02-17,7.283399226003371,7.481811917744666,7.283399226003371,7.473544722255444,4037194.0,36262316.0
2020-02-18,7.523147895190768,7.7298277824212835,7.448743135787782,7.589285459104533,4286200.0,39347128.0
2020-02-19,7.663690218507519,7.688491804975182,7.481811917744666,7.490079113233886,3357101.0,30704246.0
2020-02-20,7.506613504212327,7.581018263615313,7.382605571874017,7.523147895190768,4339100.0,39332412.0
2020-02-21,7.556216677147651,7.5727510681260926,7.465277526766223,7.498346308723106,3926800.0,35746264.0
2020-02-24,7.5479494816584305,7.5479494816584305,7.40740715834168,7.440475940298562,6111200.0,55140264.0
2020-02-25,7.283399226003371,7.316468007960252,7.035383361326751,7.299933616981812,8217743.0,71650664.0
2020-02-26,7.175925684643502,7.564483872636872,7.109788120729736,7.341269594427915,9924545.0,88079112.0
2020-02-27,7.4322087448093415,7.5727510681260926,7.308200812471032,7.473544722255444,8045785.0,72691912.0
2020-02-28,7.258597639535708,7.581018263615313,7.15112409817584,7.357803985406356,8859845.0,79285888.0
2020-03-02,7.333002398938693,8.002645233565564,7.333002398938693,7.845568519270373,15434808.0,145480304.0
2020-03-03,8.027446820033227,8.07704999296855,7.671957413996739,7.771163759867387,14471494.0,136588896.0
2020-03-04,7.7298277824212835,8.08531718845777,7.680224609485959,8.08531718845777,13104999.0,125290432.0
2020-03-05,8.118385970414653,8.242393902752964,7.95304206063024,7.977843647097903,12838539.0,125330776.0
2020-03-06,7.829034128291932,7.969576451608683,7.738094977910504,7.779430955356608,9061609.0,85509184.0
2020-03-09,7.671957413996739,7.696759000464402,7.448743135787782,7.465277526766223,8582422.0,78449472.0
2020-03-10,7.341269594427915,7.647155827529078,7.333002398938693,7.589285459104533,6656505.0,60233212.0
2020-03-11,7.605819850082974,7.671957413996739,7.481811917744666,7.506613504212327,4031926.0,36946980.0
2020-03-12,7.440475940298562,7.440475940298562,7.2751320305141505,7.299933616981812,4696163.0,41728284.0
2020-03-13,6.944444210945325,7.2751320305141505,6.861772256053119,7.175925684643502,4943140.0,42119732.0
2020-03-16,7.2503304440464875,7.465277526766223,6.977512992902207,6.994047383880649,4374434.0,38283192.0
2020-03-17,7.266864835024928,7.266864835024928,6.803901887628574,7.01884897034831,5112230.0,43346964.0
2020-03-18,7.027116165837531,7.167658489154282,6.845237865074677,6.903108233499221,4908100.0,41769984.0
2020-03-19,6.87830664703156,6.927909819966884,6.63029078235494,6.853505060563897,4661100.0,38129824.0
2020-03-20,6.87830664703156,7.01058177485909,6.836970669585456,6.994047383880649,4138364.0,34618552.0
2020-03-23,6.927909819966884,7.1593912936650606,6.903108233499221,7.00231457936987,5041307.0,42823064.0
2020-03-24,7.027116165837531,7.217261662089606,6.969245797412986,7.051917752305192,4477930.0,38455276.0
2020-03-25,7.200727271111164,7.217261662089606,7.051917752305192,7.101520925240516,4885159.0,42024108.0
2020-03-26,7.051917752305192,7.118055316218957,6.919642624477662,6.960978601923766,3196819.0,27107464.0
2020-03-27,7.0436505568159715,7.084986534262075,6.944444210945325,6.960978601923766,2383843.0,20228120.0
2020-03-30,6.894841038010001,6.894841038010001,6.704695541757926,6.795634692139354,3160100.0,25922454.0
2020-03-31,6.894841038010001,6.952711406434545,6.737764323714809,6.787367496650133,2965073.0,24432670.0
2020-04-01,6.75429871469325,6.853505060563897,6.6137563913765,6.7708331056716915,6197010.0,50381104.0
2020-04-02,6.696428346268705,6.952711406434545,6.6798939552902645,6.944444210945325,8933294.0,73661216.0
2020-04-03,6.903108233499221,7.01058177485909,6.845237865074677,6.903108233499221,6171495.0,51714132.0
2020-04-07,7.01058177485909,7.0436505568159715,6.944444210945325,7.035383361326751,4585325.0,38857256.0
2020-04-08,6.969245797412986,7.060184947794412,6.952711406434545,6.994047383880649,3731800.0,31528846.0
2020-04-09,7.01884897034831,7.051917752305192,6.977512992902207,6.985780188391427,2878200.0,24374532.0
2020-04-10,6.985780188391427,7.01058177485909,6.76256591018247,6.795634692139354,4663400.0,39013156.0
2020-04-13,6.737764323714809,6.927909819966884,6.704695541757926,6.836970669585456,4734300.0,39161136.0
2020-04-14,6.836970669585456,6.8865738425207805,6.803901887628574,6.87830664703156,3542390.0,29295170.0
2020-04-15,6.779100301160912,6.803901887628574,6.572420413930397,6.580687609419617,8930286.0,71589648.0
2020-04-16,6.531084436484294,6.597222000398059,6.448412481592087,6.580687609419617,5024234.0,39679612.0
2020-04-17,6.605489195887279,6.927909819966884,6.564153218441176,6.787367496650133,8357569.0,68004520.0
2020-04-20,6.903108233499221,7.060184947794412,6.836970669585456,7.051917752305192,9578086.0,80837128.0
2020-04-21,7.01058177485909,7.374338376384797,6.985780188391427,7.324735203449473,17052960.0,148134704.0
2020-04-22,7.341269594427915,8.060515601990108,7.341269594427915,7.977843647097903,31270774.0,298077280.0
2020-04-23,7.837301323781152,8.110118774925432,7.738094977910504,7.738094977910504,15400287.0,146688688.0
2020-04-24,7.787698150845828,7.886904496716475,7.688491804975182,7.746362173399724,6268499.0,58883900.0
2020-04-27,7.647155827529078,7.903438887694917,7.465277526766223,7.531415090679989,8486589.0,78476392.0
2020-04-28,7.589285459104533,7.647155827529078,7.184192880132723,7.341269594427915,10945429.0,96740768.0
2020-04-29,7.390872767363238,7.895171692205697,7.208994466600385,7.721560586932063,11449300.0,106117336.0
2020-04-30,7.688491804975182,7.762896564378167,7.374338376384797,7.399139962852458,9488495.0,85841192.0
2020-05-06,7.341269594427915,7.481811917744666,7.283399226003371,7.4322087448093415,5521031.0,49353180.0
2020-05-07,7.4322087448093415,7.581018263615313,7.1593912936650606,7.208994466600385,10610510.0,93661128.0
2020-05-08,7.233796053068047,7.357803985406356,6.960978601923766,7.126322511708178,11057927.0,95197040.0
2020-05-11,7.15112409817584,7.837301323781152,7.118055316218957,7.837301323781152,12322430.0,114753584.0
2020-05-12,8.002645233565564,8.010912429054784,7.605819850082974,7.853835714759593,23272908.0,219363408.0
2020-05-13,7.746362173399724,7.812499737313489,7.514880699701547,7.605819850082974,14164563.0,130254416.0
2020-05-14,7.5479494816584305,7.597552654593754,7.440475940298562,7.490079113233886,7363842.0,66802580.0
2020-05-15,7.490079113233886,7.812499737313489,7.440475940298562,7.680224609485959,11538826.0,106399864.0
2020-05-18,7.820766932802711,8.08531718845777,7.531415090679989,7.564483872636872,13813850.0,130450760.0
2020-05-19,7.589285459104533,8.2175923162853,7.5479494816584305,8.20932512079608,18444066.0,176426960.0
2020-05-20,8.19279072981764,8.59788330878945,8.118385970414653,8.407737812537375,20536168.0,209589424.0
2020-05-21,8.432539399005037,8.498676962918802,8.151454752371535,8.184523534328418,9403469.0,94106192.0
2020-05-22,8.49040976742958,8.655753677213994,7.95304206063024,8.47387537645114,16754498.0,169926880.0
2020-05-25,8.34986744411283,8.382936226069713,7.986110842587124,8.060515601990108,17708648.0,174514800.0
2020-05-26,7.986110842587124,8.250661098242183,7.903438887694917,7.969576451608683,11669749.0,112845392.0
2020-05-27,8.010912429054784,8.043981211011667,7.705026195953622,7.812499737313489,13489152.0,127286152.0
2020-05-28,7.977843647097903,8.20105792530686,7.812499737313489,8.167989143349978,17415600.0,168444496.0
2020-05-29,8.07704999296855,8.267195489220624,7.977843647097903,8.126653165903875,13282505.0,130211952.0
2020-06-01,8.118385970414653,8.34986744411283,8.08531718845777,8.250661098242183,12148995.0,120884928.0
2020-06-02,8.184523534328418,8.895502346401392,8.143187556882316,8.788028805041524,21586464.0,225824368.0
2020-06-03,8.7384256321062,9.102182233631908,8.713624045638538,8.763227218573862,17384794.0,187131376.0
2020-06-04,9.102182233631908,9.217922970480997,8.804563196019965,9.14351821107801,24877192.0,272696992.0
2020-06-05,9.077380647164246,9.366732489286967,9.060846256185805,9.217922970480997,14708312.0,165010976.0
2020-06-08,9.374999684776189,9.424602857711513,9.036044669718143,9.226190165970218,12966400.0,144238672.0
2020-06-09,9.226190165970218,9.2592589479271,8.895502346401392,8.920303932869054,13926110.0,151936384.0
2020-06-10,8.953372714825937,9.052579060696583,8.86243356444451,8.903769541890613,10353118.0,112198304.0
2020-06-11,8.961639910315156,9.201388579502556,8.837631977976848,8.953372714825937,7304741.0,79423616.0
2020-06-12,8.779761609552303,9.093915038142686,8.779761609552303,8.887235150912172,8002492.0,86529240.0
2020-06-15,8.887235150912172,8.969907105804378,8.59788330878945,8.647486481724775,10064750.0,106406456.0
2020-06-16,8.7384256321062,9.01124308325048,8.58961611330023,8.961639910315156,8205300.0,87633992.0
2020-06-17,8.945105519336716,9.044311865207362,8.639219286235551,8.763227218573862,9950500.0,105738336.0
2020-06-18,8.680555263681656,8.87896795542295,8.680555263681656,8.705356850149316,6280980.0,66486620.0
2020-06-19,8.763227218573862,8.804563196019965,8.556547331343346,8.664020872703215,7519003.0,78786496.0
2020-06-22,8.697089654660097,8.796296000530745,8.424272203515816,8.564814526832567,10031520.0,103856952.0
2020-06-23,8.614417699767891,8.614417699767891,8.432539399005037,8.465608180961919,5574300.0,57295872.0
2020-06-24,8.416005008026595,8.573081722321787,8.34160024862361,8.399470617048154,7681405.0,78268352.0
2020-06-29,8.36640183509127,8.4573409854727,8.225859511774521,8.275462684709845,6089034.0,61237504.0
2020-06-30,8.275462684709845,8.391203421558934,8.176256338839199,8.32506585764517,4566737.0,45740228.0
2020-07-01,8.34986744411283,8.523478549386464,8.225859511774521,8.515211353897245,5595818.0,56796388.0
2020-07-02,9.088867709143768,9.366732501040667,9.088867709143768,9.223318414900332,10544215.0,108859688.0
2020-07-03,9.312952218738042,9.348805740273125,9.124721230678851,9.187464893365249,7720084.0,79406912.0
2020-07-06,9.151611371830164,9.49221982641346,9.008197285689828,9.49221982641346,15425776.0,159480736.0
2020-07-07,9.572890249867399,9.572890249867399,9.20539165413279,9.241245175667874,17020118.0,177014880.0
2020-07-08,9.232281795284104,9.232281795284104,8.873746579933265,9.079904328759996,18017708.0,181390128.0
2020-07-09,9.070940948376224,9.67148743408888,9.008197285689828,9.572890249867399,23130074.0,241893184.0
2020-07-10,9.572890249867399,9.581853630251171,8.981307144538516,8.999233905306056,20237524.0,208319952.0
2020-07-13,9.0171606660736,9.420512783343293,8.945453623003432,9.196428273749019,21847910.0,223492880.0
2020-07-14,9.21435503451656,9.644597292937567,9.106794469911309,9.321915599121812,28878288.0,300435008.0
2020-07-15,9.348805740273125,9.922462084834468,9.321915599121812,9.689414194856424,39633240.0,425367424.0
2020-07-16,9.653560673321339,9.796974759461675,8.721369113409157,8.721369113409157,35023268.0,356750368.0
2020-07-17,8.784112776095554,8.793076156479325,8.147712768847814,8.192529670766671,22938718.0,214206128.0
2020-07-20,8.318016996139463,8.631735309571448,8.183566290382899,8.577955027268821,15897617.0,150108192.0
2020-07-21,8.551064886117508,8.631735309571448,8.407650799977175,8.577955027268821,10341050.0,97922672.0
2020-07-22,8.604845168420134,8.7392958741767,8.470394462663569,8.56899164688505,8407731.0,80658424.0
2020-07-23,8.506247984198653,8.56002826650128,8.174602909999127,8.38076065882586,8126550.0,75505744.0
2020-07-24,8.38076065882586,8.461431082279798,8.076005725777646,8.120822627696503,10516404.0,96228848.0
2020-07-27,8.156676149231586,8.228383192301754,7.959481780788625,8.192529670766671,6180875.0,55996896.0
2020-07-28,8.255273333453067,8.300090235371922,8.111859247312731,8.210456431534212,5260158.0,48136720.0
2020-07-29,8.165639529615357,8.28216347460438,8.076005725777646,8.264236713836839,5537256.0,50730368.0
2020-07-30,8.255273333453067,8.56002826650128,8.228383192301754,8.300090235371922,8073147.0,75308384.0
2020-07-31,8.309053615755692,8.362833898058318,8.111859247312731,8.219419811917982,8250563.0,75662328.0
2020-08-03,8.246309953069295,8.3986874195934,8.228383192301754,8.353870517674547,9890335.0,92019720.0
2020-08-04,8.362833898058318,8.434540941128486,8.156676149231586,8.201493051150441,10667515.0,98156984.0
2020-08-05,8.219419811917982,8.335943756907007,8.076005725777646,8.27320009422061,7787963.0,71388408.0
2020-08-06,8.344907137290777,8.353870517674547,8.102895866928959,8.219419811917982,6768474.0,61937136.0
2020-08-07,8.246309953069295,8.246309953069295,8.076005725777646,8.129786008080274,7336384.0,66558584.0
2020-08-10,8.156676149231586,8.29112685498815,8.138749388464044,8.201493051150441,6814942.0,62379400.0
2020-08-11,8.264236713836839,8.29112685498815,8.093932486545189,8.120822627696503,8096000.0,73841200.0
2020-08-12,8.076005725777646,8.129786008080274,7.905701498485999,7.91466487886977,8318173.0,73979888.0
2020-08-13,7.950518400404853,8.362833898058318,7.950518400404853,8.228383192301754,11967542.0,110008168.0
2020-08-14,8.228383192301754,8.255273333453067,8.111859247312731,8.219419811917982,6358544.0,57916308.0
2020-08-17,8.237346572685524,8.344907137290777,8.174602909999127,8.28216347460438,6877850.0,63392048.0
2020-08-18,8.309053615755692,8.452467701896028,8.264236713836839,8.353870517674547,9501447.0,88689088.0
2020-08-19,8.362833898058318,8.452467701896028,8.27320009422061,8.318016996139463,6577152.0,61329628.0
2020-08-20,8.29112685498815,8.479357843047342,8.156676149231586,8.443504321512258,9312461.0,86988608.0
2020-08-21,8.416614180360945,8.82892967801441,8.38972403920963,8.542101505733736,16424701.0,158481584.0
2020-08-24,8.631735309571448,8.83789305839818,8.533138125349966,8.784112776095554,10353935.0,100689392.0
2020-08-25,8.802039536863097,8.802039536863097,8.353870517674547,8.425577560744715,10713533.0,101683432.0
2020-08-26,8.416614180360945,8.631735309571448,8.309053615755692,8.3986874195934,8934586.0,84468536.0
2020-08-27,8.3986874195934,8.461431082279798,8.156676149231586,8.300090235371922,11414491.0,105124800.0
2020-08-28,8.300090235371922,8.38076065882586,8.210456431534212,8.309053615755692,7280534.0,67083616.0
2020-08-31,8.425577560744715,8.425577560744715,8.174602909999127,8.201493051150441,9944712.0,91880168.0
2020-09-01,8.219419811917982,8.264236713836839,8.156676149231586,8.246309953069295,6404617.0,58690272.0
2020-09-02,8.255273333453067,8.300090235371922,8.183566290382899,8.237346572685524,5184400.0,47591020.0
2020-09-03,8.183566290382899,8.264236713836839,8.120822627696503,8.129786008080274,5644600.0,51586408.0
2020-09-04,8.040152204242563,8.120822627696503,7.977408541556167,8.093932486545189,5059269.0,45456676.0
2020-09-07,8.031188823858793,8.255273333453067,7.977408541556167,8.067042345393876,7510101.0,67842160.0
2020-09-08,8.031188823858793,8.111859247312731,7.995335302323708,8.102895866928959,4489591.0,40305412.0
2020-09-09,8.02222544347502,8.246309953069295,8.004298682707478,8.156676149231586,7571522.0,69083624.0
2020-09-10,8.192529670766671,8.228383192301754,7.977408541556167,8.058078965010106,5163600.0,46812648.0
2020-09-11,8.076005725777646,8.129786008080274,7.807104314264519,8.120822627696503,4797184.0,42606200.0
2020-09-14,8.120822627696503,8.335943756907007,8.076005725777646,8.201493051150441,5896726.0,54101984.0
2020-09-15,8.246309953069295,8.246309953069295,8.02222544347502,8.076005725777646,4901079.0,44207048.0
2020-09-16,8.093932486545189,8.093932486545189,7.959481780788625,8.049115584626335,4249014.0,38032336.0
2020-09-17,8.031188823858793,8.058078965010106,7.959481780788625,8.02222544347502,2336500.0,20865074.0
2020-09-18,8.004298682707478,8.129786008080274,7.9325916396373115,8.120822627696503,3977560.0,35744024.0
2020-09-21,8.111859247312731,8.156676149231586,8.031188823858793,8.040152204242563,2925199.0,26306084.0
2020-09-22,8.004298682707478,8.067042345393876,7.91466487886977,7.977408541556167,2668500.0,23798780.0
2020-09-23,8.02222544347502,8.058078965010106,7.968445161172396,8.040152204242563,1865865.0,16697142.0
2020-09-24,8.040152204242563,8.102895866928959,7.968445161172396,7.977408541556167,3133710.0,28025662.0
2020-09-25,7.986371921939938,8.38076065882586,7.941555020021082,8.138749388464044,13230765.0,121260320.0
2020-09-28,8.156676149231586,8.309053615755692,8.102895866928959,8.165639529615357,5672281.0,51630704.0
2020-09-29,8.165639529615357,8.210456431534212,8.067042345393876,8.093932486545189,3824501.0,34721400.0
2020-09-30,8.111859247312731,8.165639529615357,8.02222544347502,8.084969106161418,2890300.0,26020080.0
2020-10-09,8.120822627696503,8.174602909999127,8.01326206309125,8.093932486545189,5930001.0,53526964.0
2020-10-12,8.111859247312731,8.174602909999127,8.058078965010106,8.174602909999127,8174350.0,74102568.0
2020-10-13,8.201493051150441,8.201493051150441,8.049115584626335,8.084969106161418,6524017.0,58890980.0
2020-10-14,8.067042345393876,8.067042345393876,7.950518400404853,7.959481780788625,5122732.0,45597072.0
2020-10-15,7.968445161172396,7.986371921939938,7.8967381181022285,7.92362825925354,3689081.0,32638984.0
2020-10-16,7.9325916396373115,7.959481780788625,7.887774737718457,7.92362825925354,2513321.0,22190746.0
2020-10-19,7.950518400404853,7.959481780788625,7.860884596567144,7.860884596567144,2963900.0,26174382.0
2020-10-20,7.887774737718457,7.905701498485999,7.771250792729434,7.833994455415831,2717212.0,23684938.0
2020-10-21,7.842957835799602,7.8519212161833725,7.6995437496592665,7.753324031961893,2662135.0,23008100.0
2020-10-22,7.771250792729434,7.771250792729434,7.609909945821557,7.64576346735664,3322856.0,28292938.0
2020-10-23,7.663690228124183,7.672653608507954,7.529239522367618,7.583019804670244,1976055.0,16767647.0
2020-10-26,7.600946565437786,7.708507130043037,7.35893529507597,7.6995437496592665,5539155.0,46814152.0
2020-10-27,7.64576346735664,7.6995437496592665,7.475459240064992,7.5113127616000765,3173628.0,26751428.0
2020-10-28,7.520276141983848,7.520276141983848,7.367898675459741,7.466495859681221,3087800.0,25574148.0
2020-10-29,7.394788816611054,7.439605718529909,7.3141183931571145,7.341008534308427,3536026.0,29038216.0
2020-10-30,7.349971914692198,7.35893529507597,7.0810705031790695,7.143814165865466,4721200.0,37959944.0
2020-11-02,7.143814165865466,7.215521208935634,7.009363460108902,7.0810705031790695,4189980.0,33211756.0
2020-11-03,7.098997263946611,7.197594448168092,7.072107122795298,7.170704307016779,3692802.0,29417832.0
2020-11-04,7.206557828551862,7.224484589319405,7.054180362027756,7.098997263946611,3575300.0,28420232.0
2020-11-05,7.134850785481695,7.18863106778432,7.0810705031790695,7.17966768740055,4245100.0,33771880.0
2020-11-06,7.17966768740055,7.18863106778432,7.009363460108902,7.0810705031790695,4754592.0,37563976.0
2020-11-09,7.09003388356284,7.269301491238259,7.09003388356284,7.17966768740055,6135100.0,49231180.0
2020-11-10,7.18863106778432,7.332045153924656,7.170704307016779,7.224484589319405,4672100.0,37778364.0
2020-11-11,7.215521208935634,7.45753247929745,7.18863106778432,7.385825436227282,8065447.0,66218684.0
2020-11-12,7.35893529507597,7.35893529507597,7.251374730470718,7.305155012773343,3374112.0,27462028.0
2020-11-13,7.305155012773343,7.305155012773343,7.17966768740055,7.215521208935634,3375702.0,27125840.0
2020-11-16,7.224484589319405,7.35893529507597,7.215521208935634,7.3141183931571145,5079702.0,41388924.0
2020-11-17,7.3141183931571145,7.332045153924656,7.215521208935634,7.242411350086947,3995500.0,32414244.0
2020-11-18,7.242411350086947,7.305155012773343,7.224484589319405,7.260338110854488,2687000.0,21768776.0
2020-11-19,7.260338110854488,7.269301491238259,7.152777546249237,7.18863106778432,3756643.0,30137480.0
2020-11-20,7.17966768740055,7.296191632389573,7.152777546249237,7.251374730470718,3325413.0,26790450.0
2020-11-23,7.287228252005802,7.412715577378595,7.161740926633008,7.3141183931571145,8844480.0,72003496.0
2020-11-24,7.385825436227282,7.385825436227282,7.27826487162203,7.323081773540886,5806173.0,47465216.0
2020-11-25,7.323081773540886,7.341008534308427,7.161740926633008,7.17966768740055,5199800.0,42010112.0
2020-11-26,7.18863106778432,7.18863106778432,7.036253601260214,7.09003388356284,4999080.0,39586552.0
2020-11-27,7.098997263946611,7.134850785481695,6.946619797422504,7.027290220876443,6117852.0,47828928.0
2020-11-30,7.00040007972513,7.0810705031790695,6.964546558190046,6.991436699341359,5263700.0,41245476.0
2020-12-01,6.982473318957588,7.09003388356284,6.964546558190046,7.072107122795298,3559100.0,27943492.0
2020-12-02,7.098997263946611,7.125887405097924,7.063143742411527,7.107960644330382,3449500.0,27291804.0
2020-12-03,7.152777546249237,7.152777546249237,7.036253601260214,7.0810705031790695,4192400.0,33168976.0
2020-12-04,7.107960644330382,7.125887405097924,7.072107122795298,7.125887405097924,3446961.0,27313506.0
2020-12-07,7.134850785481695,7.143814165865466,7.0810705031790695,7.098997263946611,2251220.0,17838300.0
2020-12-08,7.098997263946611,7.116924024714153,7.036253601260214,7.054180362027756,3059513.0,24130008.0
2020-12-09,7.054180362027756,7.072107122795298,6.982473318957588,6.982473318957588,2583822.0,20207032.0
2020-12-10,6.955583177806275,6.991436699341359,6.892839515119879,6.919729656271191,3282900.0,25418716.0
2020-12-11,6.919729656271191,6.955583177806275,6.6508282447580624,6.8032057112821684,7215759.0,54650260.0
2020-12-14,6.794242330898398,6.8032057112821684,6.686681766293146,6.7673521897470845,3731401.0,28063188.0
2020-12-15,6.776315570130856,6.892839515119879,6.72253528782823,6.874912754352336,3699825.0,28181644.0
2020-12-16,6.856985993584795,7.098997263946611,6.856985993584795,7.072107122795298,7678455.0,59954088.0
2020-12-17,7.0810705031790695,7.09003388356284,6.964546558190046,7.00040007972513,4821943.0,37679884.0
2020-12-18,7.00040007972513,7.00040007972513,6.856985993584795,6.865949373968566,3768861.0,29087218.0
2020-12-21,6.946619797422504,7.018326840492672,6.919729656271191,6.982473318957588,2969094.0,23080220.0
2020-12-22,6.964546558190046,6.964546558190046,6.776315570130856,6.839059232817252,3353900.0,25701586.0
2020-12-23,6.848022613201024,6.874912754352336,6.758388809363314,6.785278950514627,2219900.0,16873844.0
2020-12-24,6.81216909166594,6.839059232817252,6.659791625141833,6.668755005525605,2694301.0,20168822.0
2020-12-25,6.695645146676917,6.749425428979543,6.659791625141833,6.72253528782823,1739542.0,13032063.0
2020-12-28,6.668755005525605,6.713571907444459,6.543267680152811,6.623938103606749,3071400.0,22738104.0
2020-12-29,6.623938103606749,6.785278950514627,6.597047962455437,6.704608527060689,2370006.0,17684414.0
2020-12-30,6.72253528782823,6.72253528782823,6.623938103606749,6.632901483990521,2294211.0,17041564.0
2020-12-31,6.677718385909375,6.749425428979543,6.632901483990521,6.740462048595772,2896660.0,21673922.0
2021-01-04,6.749425428979543,6.758388809363314,6.632901483990521,6.731498668212001,5092100.0,38034968.0
2021-01-05,6.677718385909375,6.686681766293146,6.606011342839207,6.6508282447580624,3335369.0,24710338.0
2021-01-06,6.641864864374291,6.848022613201024,6.579121201687895,6.740462048595772,6100160.0,45795916.0
2021-01-07,6.740462048595772,6.749425428979543,6.480524017466414,6.507414158617727,5307344.0,38944272.0
2021-01-08,6.5343042997690395,6.597047962455437,6.328146550942307,6.453633876315101,3338700.0,24043376.0
2021-01-11,6.480524017466414,6.489487397850185,6.059245139429178,6.104062041348032,9138935.0,63551256.0
2021-01-12,6.077171900196721,6.157842323650659,6.041318378661637,6.086135280580491,3147819.0,21430932.0
2021-01-13,6.0682085198129485,6.095098660964262,5.853087390602446,5.978574715975239,5693737.0,37869492.0
2021-01-14,5.98753809635901,6.139915562883116,5.942721194440155,6.077171900196721,4168401.0,28152220.0
2021-01-15,6.086135280580491,6.193695845185743,6.0682085198129485,6.157842323650659,2770061.0,18987334.0
2021-01-18,6.184732464801972,6.408816974396246,6.1757690844182,6.35503669209362,4943411.0,34662460.0
2021-01-19,6.310219790174766,6.417780354780017,6.283329649023452,6.34607331170985,2977670.0,21081060.0
2021-01-20,6.35503669209362,6.399853594012475,6.247476127488368,6.2654028882559105,2522500.0,17702726.0
2021-01-21,6.292293029407223,6.301256409790994,6.184732464801972,6.202659225569514,3319295.0,23044078.0
2021-01-22,6.193695845185743,6.247476127488368,6.077171900196721,6.157842323650659,3011306.0,20562894.0
2021-01-25,6.121988802115575,6.139915562883116,5.969611335591469,5.98753809635901,2875143.0,19380416.0
2021-01-26,6.014428237510323,6.041318378661637,5.942721194440155,5.969611335591469,3517235.0,23465220.0
2021-01-27,5.969611335591469,6.193695845185743,5.924794433672614,6.0323549982778655,4307200.0,29159428.0
2021-01-28,6.0323549982778655,6.292293029407223,6.0323549982778655,6.157842323650659,6514901.0,45055424.0
2021-01-29,6.184732464801972,6.310219790174766,6.023391617894094,6.283329649023452,5266680.0,36242732.0
2021-02-01,6.283329649023452,6.310219790174766,6.077171900196721,6.157842323650659,3857500.0,26493184.0
2021-02-02,6.184732464801972,6.184732464801972,5.98753809635901,6.041318378661637,4368259.0,29521068.0
2021-02-03,6.050281759045407,6.3819268332449335,5.98753809635901,6.077171900196721,9026727.0,62444828.0
2021-02-04,6.059245139429178,6.121988802115575,5.933757814056385,6.050281759045407,3687578.0,24627748.0
2021-02-05,6.041318378661637,6.086135280580491,5.960647955207698,5.969611335591469,2619213.0,17553316.0
2021-02-08,5.960647955207698,6.014428237510323,5.736563445613424,5.942721194440155,3962200.0,26031430.0
2021-02-09,5.933757814056385,5.98753809635901,5.88894091213753,5.969611335591469,3360974.0,22293768.0
2021-02-10,5.969611335591469,6.0323549982778655,5.942721194440155,5.978574715975239,2464700.0,16447223.0
2021-02-18,6.023391617894094,6.121988802115575,6.005464857126553,6.086135280580491,4814045.0,32625118.0
2021-02-19,6.086135280580491,6.337109931326078,6.050281759045407,6.319183170558536,7568700.0,52884580.0
2021-02-22,6.426743735163788,6.785278950514627,6.390890213628704,6.570157821304123,10889391.0,80196920.0
2021-02-23,6.579121201687895,6.6508282447580624,6.435707115547559,6.435707115547559,6140761.0,44583828.0
2021-02-24,6.462597256698872,6.552231060536581,6.3819268332449335,6.435707115547559,3897371.0,28111748.0
2021-02-25,6.525340919385269,6.579121201687895,6.417780354780017,6.480524017466414,4238166.0,30731156.0
2021-02-26,6.3819268332449335,6.44467049593133,6.292293029407223,6.390890213628704,3467496.0,24719658.0
2021-03-01,6.453633876315101,6.462597256698872,6.319183170558536,6.3819268332449335,5508300.0,39184272.0
2021-03-02,6.408816974396246,6.552231060536581,6.319183170558536,6.417780354780017,5638703.0,40352072.0
2021-03-03,6.417780354780017,6.579121201687895,6.417780354780017,6.543267680152811,5695243.0,41387120.0
2021-03-04,6.516377539001497,6.659791625141833,6.489487397850185,6.543267680152811,6398443.0,46849572.0
2021-03-05,6.570157821304123,6.570157821304123,6.372963452861162,6.435707115547559,5994767.0,43030560.0
2021-03-08,6.471560637082643,6.6508282447580624,6.453633876315101,6.489487397850185,6607451.0,48237688.0
2021-03-09,6.489487397850185,6.606011342839207,6.247476127488368,6.453633876315101,6005384.0,43199952.0
2021-03-10,6.453633876315101,6.507414158617727,6.292293029407223,6.301256409790994,4631882.0,32946448.0
2021-03-11,6.453633876315101,6.6508282447580624,6.390890213628704,6.6508282447580624,11622050.0,84876248.0
2021-03-12,6.570157821304123,6.740462048595772,6.5343042997690395,6.686681766293146,11485950.0,85117544.0
2021-03-15,6.659791625141833,6.7673521897470845,6.588084582071665,6.704608527060689,6902521.0,51591816.0
2021-03-16,6.704608527060689,6.8838761347361075,6.6508282447580624,6.81216909166594,8393596.0,63403452.0
2021-03-17,6.794242330898398,6.794242330898398,6.552231060536581,6.561194440920353,10263834.0,75786512.0
2021-03-18,6.543267680152811,6.606011342839207,6.507414158617727,6.516377539001497,6078425.0,44384680.0
2021-03-19,6.462597256698872,6.561194440920353,6.408816974396246,6.44467049593133,4512600.0,32600328.0
2021-03-22,6.453633876315101,6.686681766293146,6.453633876315101,6.668755005525605,7758954.0,57133016.0
2021-03-23,6.72253528782823,6.892839515119879,6.570157821304123,6.588084582071665,10094102.0,75996104.0
2021-03-24,6.498450778233956,6.6508282447580624,6.462597256698872,6.543267680152811,6094590.0,44601376.0
2021-03-25,6.498450778233956,6.588084582071665,6.44467049593133,6.453633876315101,4633654.0,33591448.0
2021-03-26,6.480524017466414,6.552231060536581,6.435707115547559,6.516377539001497,3226774.0,23408672.0
2021-03-29,6.543267680152811,6.704608527060689,6.516377539001497,6.570157821304123,5358930.0,39427536.0
2021-03-30,6.543267680152811,6.543267680152811,6.417780354780017,6.543267680152811,4827690.0,34891780.0
2021-03-31,6.525340919385269,6.623938103606749,6.471560637082643,6.588084582071665,4422860.0,32364024.0
2021-04-01,6.561194440920353,6.588084582071665,6.453633876315101,6.489487397850185,3114153.0,22592202.0
2021-04-02,6.498450778233956,6.498450778233956,6.390890213628704,6.399853594012475,3755118.0,26892656.0
2021-04-06,6.399853594012475,6.453633876315101,6.3819268332449335,6.426743735163788,2524500.0,18076084.0
2021-04-07,6.44467049593133,6.462597256698872,6.408816974396246,6.462597256698872,3083561.0,22126096.0
2021-04-08,6.480524017466414,6.480524017466414,6.34607331170985,6.34607331170985,4439774.0,31707146.0
2021-04-09,6.35503669209362,6.390890213628704,6.319183170558536,6.34607331170985,2620121.0,18543574.0
2021-04-12,6.34607331170985,6.364000072477391,6.211622605953284,6.229549366720827,3645995.0,25510784.0
2021-04-13,6.220585986337056,6.2654028882559105,6.050281759045407,6.238512747104598,5598163.0,38406476.0
2021-04-14,6.25643950787214,6.2654028882559105,6.139915562883116,6.238512747104598,3297344.0,22800874.0
2021-04-15,6.202659225569514,6.238512747104598,6.121988802115575,6.229549366720827,2641144.0,18238444.0
2021-04-16,6.220585986337056,6.35503669209362,6.193695845185743,6.328146550942307,3300539.0,23141656.0
2021-04-19,6.328146550942307,6.34607331170985,6.292293029407223,6.328146550942307,2810541.0,19811374.0
2021-04-20,6.328146550942307,6.328146550942307,6.184732464801972,6.211622605953284,4434861.0,30893254.0
2021-04-21,6.229549366720827,6.229549366720827,6.1130254217318045,6.121988802115575,2297375.0,15807325.0
2021-04-22,6.148878943266888,6.202659225569514,6.1130254217318045,6.202659225569514,3157100.0,21700760.0
2021-04-23,6.202659225569514,6.202659225569514,6.059245139429178,6.077171900196721,2527844.0,17230234.0
2021-04-26,6.077171900196721,6.121988802115575,5.9965014767427816,5.9965014767427816,2307800.0,15598686.0
2021-04-27,6.0323549982778655,6.041318378661637,5.924794433672614,5.9965014767427816,2552677.0,17041330.0
2021-04-28,5.978574715975239,6.059245139429178,5.960647955207698,6.041318378661637,1331690.0,8943092.0
2021-04-29,6.077171900196721,6.086135280580491,5.9965014767427816,6.077171900196721,1361444.0,9199919.0
2021-04-30,6.059245139429178,6.202659225569514,6.050281759045407,6.16680570403443,4044385.0,27812754.0
2021-05-06,6.16680570403443,6.202659225569514,6.086135280580491,6.121988802115575,2557700.0,17496566.0
2021-05-07,6.130952182499346,6.229549366720827,6.059245139429178,6.1757690844182,3532351.0,24233188.0
2021-05-10,6.16680570403443,6.229549366720827,6.121988802115575,6.220585986337056,3158440.0,21760638.0
2021-05-11,6.193695845185743,6.292293029407223,6.1757690844182,6.274366268639682,4046655.0,28169938.0
2021-05-12,6.292293029407223,6.90180289550365,6.283329649023452,6.90180289550365,25805754.0,193986464.0
2021-05-13,6.785278950514627,7.116924024714153,6.731498668212001,6.8838761347361075,21750296.0,168951264.0
2021-05-14,6.8838761347361075,7.215521208935634,6.865949373968566,7.197594448168092,18643118.0,147628928.0
2021-05-17,7.152777546249237,7.152777546249237,6.659791625141833,6.7673521897470845,19605608.0,149444080.0
2021-05-18,6.8032057112821684,6.839059232817252,6.623938103606749,6.731498668212001,8040755.0,60229400.0
2021-05-19,6.704608527060689,6.81216909166594,6.5343042997690395,6.641864864374291,11224700.0,82928720.0
2021-05-20,6.606011342839207,6.731498668212001,6.516377539001497,6.606011342839207,10355394.0,76398392.0
2021-05-21,6.597047962455437,6.668755005525605,6.588084582071665,6.632901483990521,4265840.0,31483002.0
2021-05-24,6.72253528782823,6.830095852433482,6.570157821304123,6.695645146676917,5954195.0,44456564.0
2021-05-25,6.72253528782823,6.72253528782823,6.606011342839207,6.641864864374291,5848908.0,43322840.0
2021-05-26,6.641864864374291,6.704608527060689,6.597047962455437,6.6508282447580624,3715489.0,27543828.0
2021-05-27,6.686681766293146,6.81216909166594,6.632901483990521,6.7673521897470845,5543091.0,41538516.0
2021-05-28,6.749425428979543,6.8032057112821684,6.695645146676917,6.758388809363314,4301150.0,32268992.0
2021-05-31,6.72253528782823,6.776315570130856,6.606011342839207,6.641864864374291,4405500.0,32674128.0
2021-06-01,6.6149747232229785,6.704608527060689,6.606011342839207,6.6508282447580624,3867746.0,28707460.0
2021-06-02,6.641864864374291,6.6508282447580624,6.453633876315101,6.489487397850185,5137501.0,37433652.0
2021-06-03,6.507414158617727,6.507414158617727,6.372963452861162,6.3819268332449335,3682100.0,26456908.0
2021-06-04,6.364000072477391,6.417780354780017,6.34607331170985,6.35503669209362,3002650.0,21346428.0
2021-06-07,6.35503669209362,6.417780354780017,6.34607331170985,6.408816974396246,1899879.0,13536868.0
2021-06-08,6.480524017466414,6.480524017466414,6.34607331170985,6.364000072477391,2509040.0,17841048.0
2021-06-09,6.34607331170985,6.364000072477391,6.301256409790994,6.328146550942307,3046300.0,21507406.0
2021-06-10,6.328146550942307,6.588084582071665,6.319183170558536,6.489487397850185,5850601.0,42259108.0
2021-06-11,6.498450778233956,6.507414158617727,6.274366268639682,6.274366268639682,4523194.0,32271906.0
2021-06-15,6.301256409790994,6.34607331170985,6.023391617894094,6.050281759045407,6852133.0,46696792.0
2021-06-16,6.077171900196721,6.121988802115575,5.951684574823926,6.059245139429178,3776151.0,25439416.0
2021-06-17,6.050281759045407,6.139915562883116,6.014428237510323,6.1130254217318045,1625500.0,11024453.0
2021-06-18,6.1130254217318045,6.130952182499346,5.978574715975239,6.0323549982778655,2231179.0,15028723.0
2021-06-21,6.014428237510323,6.059245139429178,5.906867672905071,5.933757814056385,4530952.0,30162744.0
2021-06-22,5.924794433672614,6.014428237510323,5.924794433672614,5.960647955207698,3439890.0,22853456.0
2021-06-23,5.98753809635901,5.9965014767427816,5.951684574823926,5.98753809635901,2055983.0,13710979.0
2021-06-24,5.98753809635901,6.130952182499346,5.978574715975239,5.98753809635901,4311357.0,29031406.0
2021-06-25,6.023391617894094,6.023391617894094,5.960647955207698,6.014428237510323,2365112.0,15805790.0
2021-06-28,6.041318378661637,6.050281759045407,5.969611335591469,5.98753809635901,2267359.0,15178114.0
2021-06-29,5.98753809635901,6.005464857126553,5.924794433672614,5.933757814056385,3041500.0,20176086.0
2021-06-30,5.942721194440155,5.951684574823926,5.754490206380965,5.817233869067362,8065288.0,52407888.0
2021-07-01,5.844124010218675,5.933757814056385,5.736563445613424,5.862050770986217,3315944.0,21623312.0
2021-07-02,5.853087390602446,5.879977531753759,5.7993071082998195,5.7993071082998195,1809712.0,11762260.0
2021-07-05,5.826197249451133,5.853087390602446,5.772416967148508,5.817233869067362,2122911.0,13769239.0
2021-07-06,5.8351606298349035,5.98753809635901,5.826197249451133,5.9158310532888425,3006412.0,19793954.0
2021-07-07,5.9158310532888425,6.014428237510323,5.906867672905071,5.906867672905071,2723901.0,18051352.0
2021-07-08,5.853087390602446,5.942721194440155,5.790343727916049,5.88894091213753,3245669.0,21129664.0
2021-07-09,6.411744737313543,6.480794296023074,6.382152069295173,6.431473182659123,2431200.0,15884128.0
2021-07-12,6.461065850677493,6.510386964041444,6.362423623949593,6.461065850677493,3922379.0,25583622.0
2021-07-13,6.490658518695864,6.510386964041444,6.401880514640753,6.480794296023074,3342300.0,21837538.0
2021-07-14,6.470930073350283,6.618893413442135,6.4512016280047035,6.599164968096555,4999421.0,33114788.0
2021-07-15,6.579436522750974,6.865498980261886,6.549843854732604,6.776720976206776,7909925.0,54101348.0
2021-07-16,6.717535640170035,6.826042089570726,6.668214526806085,6.737264085515616,3605076.0,24676648.0
2021-07-19,6.687942972151665,6.737264085515616,6.520251186714234,6.559708077405395,3463900.0,23131276.0
2021-07-20,6.549843854732604,6.559708077405395,6.441337405331914,6.510386964041444,2088400.0,13722586.0
2021-07-21,6.510386964041444,6.609029190769345,6.500522741368654,6.520251186714234,2054597.0,13624346.0
2021-07-22,6.530115409387024,6.717535640170035,6.490658518695864,6.707671417497245,4632600.0,31194240.0
2021-07-23,6.727399862842826,6.796449421552356,6.648486081460505,6.668214526806085,4217356.0,28655542.0
2021-07-26,6.648486081460505,6.687942972151665,6.401880514640753,6.421608959986333,4384700.0,28855788.0
2021-07-27,6.421608959986333,6.500522741368654,6.313102510585643,6.342695178604012,4403067.0,28557580.0
2021-07-28,6.342695178604012,6.401880514640753,5.8593482676373,6.125682279802631,5526500.0,34370568.0
2021-07-29,6.135546502475421,6.313102510585643,6.125682279802631,6.263781397221692,3285001.0,20637358.0
2021-07-30,6.234188729203322,6.283509842567272,6.145410725148212,6.263781397221692,1985300.0,12518376.0
2021-08-02,6.263781397221692,6.342695178604012,6.194731838512162,6.332830955931223,2294172.0,14617687.0
2021-08-03,6.332830955931223,6.382152069295173,6.234188729203322,6.342695178604012,3289400.0,21016888.0
2021-08-04,6.303238287912852,6.322966733258433,6.253917174548902,6.2736456198944826,2344158.0,14934024.0
2021-08-05,6.303238287912852,6.372287846622383,6.145410725148212,6.1651391704937915,3263200.0,20595420.0
2021-08-06,6.175003393166581,6.184867615839371,6.066496943765891,6.175003393166581,3503800.0,21755756.0
2021-08-09,6.135546502475421,6.2736456198944826,6.125682279802631,6.214460283857742,2108900.0,13284305.0
2021-08-10,6.204596061184952,6.3920162919679635,6.096089611784261,6.362423623949593,4631900.0,29424228.0
2021-08-11,6.352559401276803,6.500522741368654,6.352559401276803,6.461065850677493,5127600.0,33398152.0
2021-08-12,6.490658518695864,6.490658518695864,6.372287846622383,6.401880514640753,2663300.0,17302868.0
2021-08-13,6.382152069295173,6.411744737313543,6.303238287912852,6.362423623949593,2334200.0,15038506.0
2021-08-16,6.382152069295173,6.461065850677493,6.352559401276803,6.372287846622383,2250200.0,14621134.0
2021-08-17,6.372287846622383,6.411744737313543,6.2243245065305315,6.313102510585643,3346200.0,21431928.0
2021-08-18,6.303238287912852,6.372287846622383,6.1651391704937915,6.293374065240062,3915008.0,24870798.0
2021-08-19,6.244052951876112,6.283509842567272,6.096089611784261,6.2243245065305315,6797179.0,42531820.0
2021-08-20,6.175003393166581,6.609029190769345,6.105953834457051,6.579436522750974,12575343.0,82528488.0
2021-08-23,6.589300745423764,6.7471283081884055,6.510386964041444,6.658350304133295,7876986.0,53208416.0
2021-08-24,6.6287576361149245,6.865498980261886,6.6287576361149245,6.737264085515616,7355445.0,50506068.0
2021-08-25,6.727399862842826,6.756992530861195,6.609029190769345,6.648486081460505,5644914.0,38136300.0
2021-08-26,6.668214526806085,7.200882551136748,6.609029190769345,7.052919211044897,20021756.0,140858496.0
2021-08-27,7.358710113901389,7.763143243485782,6.964141206989786,7.763143243485782,33466894.0,252299536.0
2021-08-30,8.068934146342274,8.197169041088545,7.398167004592549,7.49680923132045,44243288.0,349052320.0
2021-08-31,7.5066734539932405,8.246490154452495,7.5066734539932405,7.940699251596004,48671436.0,397955008.0
2021-09-01,7.57572301270277,7.822328579522522,7.338981668555809,7.338981668555809,46084676.0,355916512.0
2021-09-02,7.3883027819197595,7.595451458048351,7.299524777864649,7.47708078597487,19514062.0,146986736.0
2021-09-03,7.408031227265339,7.457352340629289,7.171289883118377,7.220610996482328,15647714.0,115618232.0
2021-09-06,7.230475219155118,7.37843855924697,7.072647656390477,7.250203664500698,12895880.0,94461504.0
2021-09-07,7.210746773809538,7.546130344684401,7.210746773809538,7.457352340629289,13431030.0,101087888.0
2021-09-08,7.53626612201161,7.53626612201161,7.348845891228599,7.417895449938129,10349387.0,77758616.0
2021-09-09,7.358710113901389,7.7434147981402015,7.358710113901389,7.674365239430672,18861196.0,145384720.0
2021-09-10,7.6842294621034615,7.881513915559263,7.52640189933882,7.605315680721141,16304701.0,127112528.0
2021-09-13,7.595451458048351,7.723686352794622,7.52640189933882,7.694093684776251,13455419.0,104453712.0
2021-09-14,7.723686352794622,7.773007466158572,7.279796332519068,7.358710113901389,15062287.0,114282056.0
2021-09-15,7.348845891228599,7.51653767666603,7.309389000537439,7.4474881179565,7669800.0,57856076.0
2021-09-16,7.49680923132045,7.7434147981402015,7.3883027819197595,7.408031227265339,14327048.0,110447536.0
2021-09-17,7.398167004592549,7.595451458048351,7.200882551136748,7.46721656330208,11596301.0,87105664.0
2021-09-22,7.57572301270277,8.216897486434124,7.57572301270277,8.216897486434124,28107376.0,233170864.0
2021-09-23,8.453638830581086,8.97644263223896,8.384589271871556,8.719972842746419,54073496.0,471154112.0
2021-09-24,9.588024437951946,9.588024437951946,9.588024437951946,9.588024437951946,6267581.0,60920888.0
2021-09-27,10.34756958375678,10.54485403721258,9.775444668734956,10.54485403721258,110447096.0,1153208320.0
2021-09-28,10.45607603315747,10.45607603315747,9.489382211224044,10.150285130300977,61160976.0,624771840.0
2021-09-29,9.824765782098908,10.959151389469763,9.775444668734956,10.59417515057653,67790672.0,717134720.0
2021-09-30,10.55471825988537,11.491819413800428,10.219334689010507,10.36729802910236,60324756.0,656202432.0
2021-10-08,10.51526136919421,11.038065170852084,10.24892735702888,10.821052272050704,51653236.0,559496576.0
2021-10-11,11.343856073708576,11.90611676605761,11.343856073708576,11.90611676605761,77853792.0,930140736.0
2021-10-12,11.294534960344626,11.294534960344626,10.71254582265001,10.71254582265001,53087320.0,584391104.0
2021-10-13,10.850644940069072,11.432634077763687,9.874086895462856,11.018336725506504,74166528.0,814530752.0
2021-10-14,10.761866936013963,10.988744057488134,9.982593344863545,10.61390359592211,59052392.0,625005632.0
2021-10-15,10.38702647444794,11.679239644583438,10.24892735702888,11.679239644583438,63831040.0,727816576.0
2021-10-18,12.04421588347667,12.576883907807334,11.294534960344626,11.442498300436476,87762800.0,1054542208.0
2021-10-19,11.76801764863855,12.586748130480125,11.383312964399735,12.03435166080388,98992432.0,1197368064.0
2021-10-20,11.738424980620179,13.020773928082887,11.551004749837169,12.468377458406644,88666928.0,1115659776.0
2021-10-21,12.241500336932472,12.714983025226395,11.99489477011272,12.12312966485899,59210320.0,740258304.0
2021-10-22,12.054080106149462,12.211907668914103,10.929558721451393,11.047929393524873,67216440.0,783894528.0
2021-10-25,11.028200948179293,11.393177187072528,10.71254582265001,11.146571620252775,53599992.0,602711872.0
2021-10-26,11.245213846980675,12.0146232154583,10.988744057488134,11.047929393524873,55872744.0,648086592.0
2021-10-27,11.067657838870455,11.245213846980675,10.55471825988537,10.840780717396283,45625200.0,500293152.0
2021-10-28,10.682953154631642,11.028200948179293,10.199606243664928,10.308112693065619,44571496.0,475508416.0
2021-10-29,10.357433806429569,10.811188049377913,10.26865580237446,10.682953154631642,34017256.0,364808928.0
2021-11-01,10.702681599977222,10.791459604032331,10.081235571591447,10.150285130300977,41669716.0,435789440.0
2021-11-02,10.199606243664928,10.308112693065619,9.351283093804984,9.548567547260784,55956488.0,554297984.0
2021-11-03,9.509110656569625,9.785308891407746,9.272369312422663,9.449925320532884,32309726.0,311318016.0
2021-11-04,9.528839101915205,9.686666664679846,9.321690425786612,9.588024437951946,31681392.0,305543712.0
2021-11-05,9.558431769933573,9.745852000716587,9.242776644404291,9.252640867077083,29373010.0,281178752.0
2021-11-08,9.272369312422663,10.179877798319348,9.173727085694763,10.179877798319348,35972172.0,357138304.0
2021-11-09,11.195892733616725,11.195892733616725,10.860509162741863,11.195892733616725,38859696.0,439943744.0
2021-11-10,11.620054308546697,12.320414118314792,11.324127628362996,12.320414118314792,109157664.0,1327073280.0
2021-11-11,12.655797689189654,13.553441952413552,12.655797689189654,13.553441952413552,43149416.0,574364672.0
2021-11-12,14.303122875545595,14.362308211582336,12.320414118314792,13.454799725685652,118591488.0,1642201216.0
2021-11-15,13.908553968633992,14.135431090108165,13.11941615481079,13.21805838153869,74321368.0,1015720000.0
2021-11-16,13.267379494902638,13.346293276284959,11.95543787942156,12.10340121951341,70781784.0,889788928.0
2021-11-17,12.18231500089573,13.020773928082887,11.93570943407598,12.586748130480125,68209576.0,872446976.0
2021-11-18,12.557155462461754,13.849368632597251,11.9159809887304,13.592898843104711,109858608.0,1473155712.0
2021-11-19,13.543577729740761,13.977603527343524,12.882674810663827,12.922131701354987,87858392.0,1192224128.0
2021-11-22,13.010909705410096,13.918418191306783,12.636069243844075,13.28710794024822,76224920.0,1023277632.0
2021-11-23,13.35615749895775,13.790183296560514,12.951724369373357,13.030638150755678,63234412.0,853533504.0
2021-11-24,13.31670060826659,13.612627288450293,12.971452814718937,13.39561438964891,52973616.0,714759936.0
2021-11-25,13.158873045501949,13.5041208390496,12.803761029281507,12.823489474627086,45497820.0,601812096.0
2021-11-26,12.862946365318246,13.948010859325153,12.862946365318246,13.33642905361217,67379024.0,921857920.0
2021-11-29,13.21805838153869,14.668099114438828,13.129280377483578,14.668099114438828,31369800.0,449480032.0
2021-11-30,16.137868292684548,16.137868292684548,14.668099114438828,15.684114049736205,141420448.0,2264033024.0
2021-12-01,16.12800407001176,16.137868292684548,15.03307535333206,15.772892053791317,95162800.0,1511208576.0
2021-12-02,15.634792936372255,16.4831160862322,15.289545142824602,15.417780037570875,65858664.0,1047353856.0
2021-12-03,14.9936184626409,15.457236928262034,14.76674134116673,15.102124912041592,47717020.0,730494784.0
2021-12-06,14.97389001729532,15.07253224402322,14.411629324946286,14.490543106328607,40042000.0,597091968.0
2021-12-07,14.549728442365348,14.579321110383717,13.23778682688427,13.41534283499449,42052700.0,584147264.0
2021-12-08,13.51398506172239,13.671812624487032,13.168737268174738,13.41534283499449,38632736.0,523519232.0
2021-12-09,13.37588594430333,13.37588594430333,12.922131701354987,13.050366596101258,31614058.0,419699168.0
2021-12-10,13.001045482737307,13.800047519233303,12.724847247899186,13.671812624487032,64620020.0,880994496.0
2021-12-13,13.661948401814241,14.135431090108165,13.36602172163054,13.543577729740761,45008776.0,629090560.0
2021-12-14,13.44493550301286,14.529999997019768,13.31670060826659,14.204480648817695,52184484.0,737481792.0
2021-12-15,14.007196195361892,14.184752203472115,13.36602172163054,13.44493550301286,41686236.0,576909952.0
2021-12-16,13.632355733795873,13.701405292505402,13.089823486792417,13.267379494902638,26481148.0,357599520.0
2021-12-17,13.129280377483578,13.21805838153869,12.724847247899186,12.823489474627086,29098560.0,381615008.0
2021-12-20,12.724847247899186,12.902403256009407,12.261228782278051,12.409192122369904,28062976.0,355545024.0
2021-12-21,12.290821450296423,12.606476575825704,12.241500336932472,12.606476575825704,15769867.0,199181952.0
2021-12-22,12.606476575825704,13.33642905361217,12.340142563660372,13.149008822829158,44148120.0,579099008.0
2021-12-23,13.089823486792417,13.089823486792417,12.665661911862445,12.695254579880814,24500836.0,318438912.0
2021-12-24,12.547291239788965,12.665661911862445,11.639782753892279,11.72856075794739,32809820.0,399924192.0
2021-12-27,11.620054308546697,12.073808551495041,11.511547859146008,11.639782753892279,17949200.0,214607152.0
2021-12-28,11.76801764863855,12.803761029281507,11.610190085873908,12.803761029281507,55952264.0,711378560.0
2021-12-29,12.724847247899186,13.474528171031231,12.724847247899186,12.793896806608716,59777020.0,791745472.0
2021-12-30,12.724847247899186,12.912267478682196,12.419056345042693,12.527562794443384,35624840.0,456459808.0
2021-12-31,12.547291239788965,13.523849284395181,12.537427017116174,13.247651049557058,53035984.0,702306688.0
2022-01-04,14.007196195361892,14.007196195361892,12.655797689189654,12.833353697299875,48313432.0,641521792.0
2022-01-05,12.803761029281507,14.115702644762585,12.369735231678742,14.115702644762585,99552200.0,1396907904.0
2022-01-06,14.115702644762585,15.526286486971564,13.760590628542142,15.526286486971564,95927704.0,1414826496.0
2022-01-07,15.259952474806234,15.259952474806234,13.977603527343524,13.977603527343524,84458352.0,1229958656.0
2022-01-10,13.829640187251671,14.914704681258579,13.691541069832613,14.155159535453745,54884088.0,796373056.0
2022-01-11,14.599049555729298,14.86538356789463,14.214344871490486,14.737148673148358,47934420.0,705373504.0
2022-01-12,15.03307535333206,15.289545142824602,14.046653086053054,14.243937539508854,41976224.0,613610432.0
2022-01-13,14.017060418034685,14.155159535453745,13.39561438964891,13.48439239370402,39150440.0,542139200.0
2022-01-14,13.711269515178193,14.401765102273496,13.51398506172239,14.076245754071424,40268988.0,569980288.0
2022-01-17,13.760590628542142,14.579321110383717,13.43507128034007,14.194616426144906,34818976.0,497182912.0
2022-01-18,13.967739304670733,14.894976235913,13.908553968633992,14.677963337111619,47903412.0,706472896.0
2022-01-19,14.401765102273496,14.727284450475569,13.711269515178193,14.135431090108165,41086084.0,590520128.0
2022-01-20,13.938146636652364,14.204480648817695,13.070095041446837,13.158873045501949,32831824.0,453741856.0
2022-01-21,13.35615749895775,14.470814660983027,12.961588592046148,14.125566867435374,67915080.0,974325632.0
2022-01-24,14.352443988909547,15.329002033515762,14.165023758126534,14.796334009185099,67536360.0,1005531392.0
2022-01-25,14.78646978651231,15.062668021350431,14.194616426144906,14.303122875545595,53517084.0,790033216.0
2022-01-26,14.90484045858579,15.407915814898082,14.549728442365348,14.648370669093248,60552864.0,915238272.0
2022-01-27,14.529999997019768,14.727284450475569,13.661948401814241,13.711269515178193,46903760.0,668365376.0
2022-01-28,13.711269515178193,13.809911741906092,12.458513235733854,13.060230818774048,39613860.0,524226240.0
2022-02-07,13.050366596101258,13.44493550301286,12.626205021171286,12.744575693244766,30577896.0,400934400.0
2022-02-08,12.626205021171286,12.705118802553606,12.12312966485899,12.685390357208025,25848404.0,324255616.0
2022-02-09,12.813625251954296,13.454799725685652,12.586748130480125,13.227922604211479,29992754.0,396820576.0
2022-02-10,13.31670060826659,13.39561438964891,12.833353697299875,13.020773928082887,21592200.0,285573024.0
2022-02-11,12.981317037391728,13.622491511123082,12.862946365318246,13.139144600156369,30616384.0,412479776.0
2022-02-14,12.823489474627086,13.41534283499449,12.547291239788965,12.912267478682196,24573000.0,323206208.0
2022-02-15,12.981317037391728,13.020773928082887,12.507834349097804,12.803761029281507,19038192.0,246837920.0
2022-02-16,12.843217919972666,13.27724371757543,12.803761029281507,13.001045482737307,23166800.0,306068992.0
2022-02-17,13.001045482737307,14.303122875545595,12.991181260064517,14.303122875545595,60188800.0,849988672.0
2022-02-18,14.253801762181645,14.648370669093248,14.194616426144906,14.460950438310237,69541280.0,1017736512.0
2022-02-21,14.303122875545595,14.88511201324021,14.086109976744213,14.589185333056507,40400940.0,596993152.0
2022-02-22,15.15144602540554,15.181038693423913,14.322851320891175,14.697691782457198,56446332.0,839265088.0
2022-02-23,14.727284450475569,16.16746096070292,14.510271551674188,15.674249827063417,105774904.0,1690563328.0
2022-02-24,15.427644260243664,16.43379497286825,15.190902916096702,16.02936184328386,93522968.0,1512297728.0
2022-02-25,16.236510519412448,16.32528852346756,15.368458924206923,15.644657159045044,56470424.0,903465280.0
2022-02-28,15.457236928262034,16.98619144254449,15.358594701534134,16.463387640886623,71888880.0,1183597440.0
2022-03-01,16.463387640886623,17.548452134893527,15.881398503192008,17.045376778581236,69687048.0,1167240064.0
2022-03-02,16.966462997198914,18.475689066135793,16.798771211761483,17.153883227981925,73494848.0,1299341824.0
2022-03-03,17.144019005309133,17.144019005309133,16.05895451130223,16.37460963683151,60331056.0,1011212032.0
2022-03-04,16.039226065956647,16.67053631701521,15.703842495081785,15.832077389828056,40176248.0,657337536.0
2022-03-07,15.999769175265486,16.39433808217709,15.733435163100156,15.970176507247118,31960184.0,519456256.0
2022-03-08,16.37460963683151,16.42393075019546,15.023211130659272,15.299409365497393,37550512.0,591933696.0
2022-03-09,15.220495584115072,15.684114049736205,14.451086215637448,15.398051592225293,37539600.0,577828416.0
2022-03-10,15.782756276464106,16.82836387977985,15.299409365497393,16.34501696881314,54010616.0,881443520.0
2022-03-11,15.960312284574327,16.177325183375707,15.092260689368802,15.624928713699465,38770040.0,613196608.0
2022-03-14,15.289545142824602,15.772892053791317,14.796334009185099,15.141581802732752,29092852.0,447650752.0
2022-03-15,14.9936184626409,15.615064491026676,14.608913778402089,14.618778001074878,29732264.0,456312160.0
2022-03-16,14.894976235913,15.230359806787861,13.51398506172239,14.90484045858579,43859804.0,648097728.0
2022-03-17,15.042939576004851,15.240224029460652,14.362308211582336,14.431357770291868,44657696.0,670708224.0
2022-03-18,14.184752203472115,14.204480648817695,13.730997960523773,14.007196195361892,31558276.0,445842240.0
2022-03-21,13.928282413979572,14.391900879600707,13.711269515178193,14.105838422089795,28901056.0,412927584.0
2022-03-22,13.957875081997944,14.894976235913,13.730997960523773,14.80619823185789,43882200.0,642241728.0
2022-03-23,14.727284450475569,14.97389001729532,14.372172434255127,14.382036656927916,28686276.0,424045920.0
2022-03-24,14.234073316836065,14.93443312660416,13.957875081997944,14.677963337111619,29180844.0,426988352.0
2022-03-25,14.569456887710928,15.289545142824602,14.569456887710928,14.85551934522184,32049156.0,484706560.0
2022-03-28,14.677963337111619,14.727284450475569,14.125566867435374,14.224209094163275,20944666.0,305024032.0
2022-03-29,13.997331972689103,15.092260689368802,13.918418191306783,14.658234891766037,25582616.0,375409888.0
2022-03-30,14.480678883655816,15.348730478861343,14.421493547619075,15.210631361442282,36051288.0,546726848.0
2022-03-31,15.141581802732752,15.240224029460652,14.500407329001396,14.628642223747669,27532816.0,413509120.0
2022-04-01,14.401765102273496,15.062668021350431,14.322851320891175,14.80619823185789,19370422.0,291673856.0
2022-04-06,14.796334009185099,14.88511201324021,14.362308211582336,14.727284450475569,14353921.0,213056576.0
2022-04-07,14.697691782457198,16.19705362872129,14.648370669093248,15.693978272408996,58979924.0,941556736.0
2022-04-08,15.526286486971564,15.930719616555955,15.092260689368802,15.506558041625985,43989632.0,687432640.0
2022-04-11,15.329002033515762,15.338866256188554,13.957875081997944,13.957875081997944,43566700.0,629225280.0
2022-04-12,13.691541069832613,14.066381531398633,13.56330617508634,13.839504409924462,20833500.0,292351424.0
2022-04-13,13.869097077942833,13.878961300615623,12.527562794443384,13.079959264119628,31915992.0,425436320.0
2022-04-14,12.922131701354987,13.267379494902638,12.645933466516865,12.784032583935927,21559880.0,281799488.0
2022-04-15,12.645933466516865,12.685390357208025,11.83706720734808,11.99489477011272,30818130.0,379630272.0
2022-04-18,11.876524098039239,12.261228782278051,11.570733195182749,12.08367277416783,14773181.0,179359872.0
2022-04-19,12.08367277416783,12.369735231678742,12.02448743813109,12.211907668914103,12849451.0,159113568.0
2022-04-20,12.271093004950842,12.567019685134545,11.777881871311338,11.876524098039239,15794074.0,193293168.0
2022-04-21,11.83706720734808,12.12312966485899,11.462226745782056,11.531276304491588,17744392.0,212495040.0
2022-04-22,11.343856073708576,11.511547859146008,10.978879834815345,11.038065170852084,14767839.0,168034896.0
2022-04-25,10.840780717396283,10.870373385414652,10.160149352973768,10.160149352973768,22190940.0,236030368.0
2022-04-26,10.160149352973768,10.59417515057653,10.041778680900286,10.189742020992139,19253972.0,201765904.0
2022-04-27,9.992457567536338,11.087386284216034,9.765580446062167,10.949287166796973,25692760.0,274071840.0
2022-04-28,10.752002713341172,11.264942292326255,10.663224709286062,10.71254582265001,23125336.0,255514032.0
2022-04-29,11.077522061543245,11.304399183017416,10.870373385414652,11.176164288271146,20236918.0,227586128.0
2022-05-05,11.107114729561614,11.698968089929018,11.057793616197666,11.373448741726946,18239770.0,209672096.0
2022-05-06,11.610190085873908,12.02448743813109,11.284670737671835,11.373448741726946,26986784.0,316591552.0
2022-05-09,11.195892733616725,11.738424980620179,11.077522061543245,11.373448741726946,15445800.0,178356144.0
2022-05-10,11.107114729561614,11.610190085873908,11.097250506888825,11.521412081818797,16024313.0,185574496.0
2022-05-11,11.442498300436476,11.99489477011272,11.422769855090896,11.541140527164377,21608808.0,256370064.0
2022-05-12,11.343856073708576,11.560868972509958,11.126843174907194,11.324127628362996,15468187.0,177764112.0
2022-05-13,11.383312964399735,11.442498300436476,11.107114729561614,11.215621178962305,10555236.0,120404192.0
2022-05-16,11.294534960344626,11.679239644583438,11.245213846980675,11.314263405690207,14050195.0,162712976.0
2022-05-17,11.412905632418108,11.95543787942156,11.166300065598355,11.80747453932971,26007952.0,307672448.0
2022-05-18,11.639782753892279,11.8173387620025,11.452362523109267,11.462226745782056,16417700.0,193204048.0
2022-05-19,11.205756956289514,11.64964697656507,11.047929393524873,11.580597417855538,14679100.0,169185856.0
2022-05-20,11.7186965352746,12.705118802553606,11.629918531219488,12.399327899697113,32697566.0,404179840.0
2022-05-23,12.636069243844075,13.494256616376811,12.478241681079433,13.247651049557058,34522052.0,457745344.0
2022-05-24,13.010909705410096,13.41534283499449,12.685390357208025,12.695254579880814,29876060.0,396439264.0
2022-05-25,12.833353697299875,13.28710794024822,12.705118802553606,12.902403256009407,19512856.0,255699712.0
2022-05-26,12.922131701354987,14.194616426144906,12.922131701354987,14.194616426144906,55722780.0,783488384.0
2022-05-27,14.194616426144906,14.470814660983027,13.770454851214934,14.056517308725844,54056676.0,773198720.0
2022-05-30,13.987467750016313,14.056517308725844,13.691541069832613,13.878961300615623,21777144.0,305802592.0
2022-05-31,13.730997960523773,13.878961300615623,13.070095041446837,13.592898843104711,26788596.0,364977600.0
2022-06-01,13.553441952413552,14.007196195361892,13.31670060826659,13.681676847159821,22094500.0,306126368.0
2022-06-02,13.5041208390496,14.303122875545595,13.42520705766728,13.780319073887723,27780920.0,393660096.0
2022-06-06,13.800047519233303,15.161310248078331,13.711269515178193,14.490543106328607,35842936.0,525224736.0
2022-06-13,15.940583839228747,15.940583839228747,15.476965373607614,15.940583839228747,65753824.0,1061729664.0
2022-06-14,15.585471823008305,15.674249827063417,14.539864219692557,15.141581802732752,60792588.0,929445888.0
2022-06-15,15.042939576004851,15.437508482916455,14.401765102273496,14.529999997019768,44365188.0,665500544.0
2022-06-16,14.75,15.96,14.75,15.15,37388936.0,572010112.0
2022-06-17,15.15,16.1,15.01,15.79,48150256.0,749341888.0
2022-06-20,15.7,16.45,15.45,15.77,39628384.0,631982144.0
2022-06-21,16.02,17.14,15.77,16.65,59150284.0,970057344.0
2022-06-22,16.59,16.93,16.12,16.2,39305208.0,647509504.0
2022-06-23,16.01,16.44,15.66,16.19,27991000.0,448809984.0
2022-06-24,16.18,16.49,15.9,16.13,26605916.0,429398240.0
2022-06-27,15.93,16.76,15.88,16.34,36753368.0,604116096.0
2022-06-28,16.32,17.12,16.12,16.89,37825368.0,632189504.0
2022-06-29,16.6,16.71,15.5,15.77,32426612.0,521355520.0
2022-06-30,15.69,16.39,15.68,16.06,24195580.0,390624512.0
2022-07-01,15.99,17.67,15.8,17.67,64095368.0,1104879232.0
2022-07-04,17.66,19.44,17.66,19.04,74375312.0,1415475584.0
2022-07-05,18.85,20.08,18.72,19.29,65455864.0,1263318016.0
2022-07-06,19.19,19.88,18.88,19.13,35916648.0,691867136.0
2022-07-07,19.16,21.04,19.02,21.04,51330380.0,1042129792.0
2022-07-08,21.39,22.11,20.7,21.2,47990148.0,1023230976.0
2022-07-11,20.87,21.45,19.29,20.05,55991468.0,1126786688.0
2022-07-12,20.22,21.0,19.4,19.82,42203332.0,847350592.0
2022-07-13,20.21,20.3,19.28,19.8,37102804.0,734267712.0
2022-07-14,19.52,19.56,18.7,19.04,40843488.0,778178240.0
2022-07-15,19.07,20.33,18.93,19.24,40429540.0,792443200.0
2022-07-18,20.01,20.2,18.58,18.87,39286236.0,753700160.0
2022-07-19,19.07,20.25,19.07,19.69,43245120.0,853205632.0
2022-07-20,19.7,21.29,19.47,19.99,50126712.0,1014129344.0
2022-07-21,19.7,19.86,18.46,18.47,46902656.0,890142976.0
2022-07-22,18.4,18.7,18.13,18.36,24042488.0,442012480.0
2022-07-25,18.48,18.77,17.8,17.8,23399296.0,426186080.0
2022-07-26,18.0,19.11,18.0,18.55,35117560.0,654320512.0
2022-07-27,18.46,18.64,17.79,17.94,27285476.0,491483008.0
2022-07-28,18.0,18.19,17.19,17.27,33896020.0,591384832.0
2022-07-29,17.25,17.46,16.85,17.09,22992574.0,392683424.0
2022-08-01,17.0,17.73,16.8,17.58,25545910.0,443492864.0
2022-08-02,17.13,17.15,16.41,16.51,25541398.0,427056448.0
2022-08-03,16.67,17.24,16.15,16.23,20942480.0,349795200.0
2022-08-04,16.42,17.19,16.31,16.76,23201980.0,389441344.0
2022-08-05,16.7,17.82,16.48,17.49,35492152.0,610065728.0
2022-08-08,17.55,18.12,17.37,18.0,31709172.0,564414336.0
2022-08-09,18.05,18.55,17.8,18.07,26184638.0,475234976.0
2022-08-10,18.16,18.6,17.94,18.32,29750368.0,544173824.0
2022-08-11,18.2,18.38,17.38,17.88,27712712.0,491642400.0
2022-08-12,17.85,18.39,17.76,17.98,17974708.0,325952320.0
2022-08-15,17.95,18.74,17.91,18.48,24842208.0,458521504.0
2022-08-16,18.44,18.66,18.18,18.23,18862652.0,347110816.0
2022-08-17,18.02,18.07,17.47,17.87,19980748.0,354601216.0
2022-08-18,17.93,18.04,17.68,17.8,13205853.0,235222624.0
2022-08-19,17.66,17.82,17.29,17.3,14234740.0,249452384.0
2022-08-22,17.26,18.07,16.9,18.06,24817504.0,436624480.0
2022-08-23,18.01,18.5,17.46,18.28,31080828.0,559308032.0
2022-08-24,18.24,19.16,17.58,17.78,33005328.0,605041536.0
2022-08-25,17.65,17.99,16.65,17.05,26552396.0,455558240.0
2022-08-26,17.21,18.76,17.19,18.29,58821848.0,1082987136.0
2022-08-29,18.01,18.2,17.27,17.79,40834024.0,723139840.0
2022-08-30,17.6,18.36,17.1,17.2,37757392.0,664393280.0
2022-08-31,17.35,18.34,16.95,17.35,39613496.0,696169216.0
2022-09-01,16.99,16.99,16.0,16.38,33455068.0,551871936.0
2022-09-02,16.41,16.54,15.74,16.15,21572264.0,347694560.0
2022-09-05,16.07,16.35,15.81,16.23,12198700.0,196718608.0
2022-09-06,16.22,17.49,16.22,17.48,30422312.0,516070496.0
2022-09-07,17.48,18.15,17.21,17.86,25610402.0,455854912.0
2022-09-08,17.9,18.1,17.08,17.14,19073960.0,333623744.0
2022-09-09,17.23,17.6,16.84,17.37,22119694.0,381970496.0
2022-09-13,17.37,17.8,16.8,17.32,21843592.0,376874944.0
2022-09-14,16.97,17.54,16.88,17.03,15944410.0,273163360.0
2022-09-15,17.25,17.8,16.49,16.77,24804670.0,422397184.0
2022-09-16,16.51,16.66,15.82,16.05,18954986.0,307089952.0
2022-09-19,16.0,16.35,15.86,15.98,12238082.0,196886752.0
2022-09-20,16.18,16.98,16.1,16.65,23131414.0,385640704.0
2022-09-21,16.51,17.15,16.5,16.97,18834994.0,316767904.0
2022-09-22,16.8,17.13,16.65,16.77,13402286.0,225904912.0
2022-09-23,16.7,16.79,15.66,15.92,23053548.0,370822944.0
2022-09-26,15.66,15.88,15.3,15.37,15852646.0,247094672.0
2022-09-27,15.4,15.5,14.84,15.32,15811418.0,238938976.0
2022-09-28,15.3,15.35,14.29,14.34,17201240.0,251454608.0
2022-09-29,14.86,15.77,14.75,15.47,37091280.0,571849664.0
2022-09-30,15.17,15.65,14.83,14.93,24321780.0,369183040.0
2022-10-10,15.12,15.37,14.61,14.74,15749653.0,236308112.0
2022-10-11,14.99,15.24,14.83,14.99,12966784.0,194646160.0
2022-10-12,14.95,15.0,14.06,14.97,22076208.0,321166784.0
2022-10-13,14.85,14.87,14.3,14.39,17353254.0,253603456.0
2022-10-14,14.6,15.0,14.48,14.87,18501268.0,272806688.0
2022-10-17,14.62,14.91,14.51,14.82,11428280.0,168095904.0
2022-10-18,15.0,15.15,14.53,14.65,14981700.0,220490208.0
2022-10-19,14.59,14.89,14.14,14.19,17883660.0,259843648.0
2022-10-20,14.0,14.04,13.69,13.76,18229684.0,251841616.0
2022-10-21,13.76,13.88,13.47,13.49,13264190.0,181015920.0
2022-10-24,13.7,14.03,13.38,13.6,15674400.0,215303936.0
2022-10-25,13.49,13.81,13.11,13.62,12121800.0,163789680.0
2022-10-26,13.66,13.95,13.49,13.52,15575034.0,213614016.0
2022-10-27,13.6,14.02,13.48,13.52,15698400.0,215500128.0
2022-10-28,13.4,13.69,13.11,13.2,14101619.0,188593872.0
2022-10-31,13.1,13.34,13.06,13.13,11568521.0,152667744.0
2022-11-01,13.15,13.92,13.13,13.85,19385028.0,264288752.0
2022-11-02,13.6,13.97,13.6,13.87,14693394.0,202853760.0
2022-11-03,13.71,14.52,13.68,14.31,20681052.0,295065216.0
2022-11-04,14.49,15.74,14.35,15.74,48642104.0,745507136.0
2022-11-07,15.89,16.65,15.71,16.5,49764224.0,809707840.0
2022-11-08,16.3,16.8,16.26,16.65,27207484.0,449404000.0
2022-11-09,16.98,17.29,16.58,16.71,26387414.0,444961472.0
2022-11-10,16.72,16.79,16.22,16.27,27957098.0,459595616.0
2022-11-11,16.8,16.85,16.12,16.2,19593212.0,321862720.0
2022-11-14,16.22,16.28,15.58,15.82,16780720.0,266417408.0
2022-11-15,15.83,16.12,15.51,16.11,14370676.0,228809328.0
2022-11-16,16.0,16.05,15.71,15.78,10718484.0,169645392.0
2022-11-17,15.67,15.86,15.34,15.59,11442652.0,177840672.0
2022-11-18,15.48,15.67,15.18,15.2,11715996.0,180124976.0
2022-11-21,15.17,15.97,14.96,15.65,23352408.0,364535840.0
2022-11-22,15.52,15.7,15.08,15.15,14071386.0,215683264.0
2022-11-23,15.15,15.31,14.95,15.28,10911945.0,165545120.0
2022-11-24,15.29,15.58,15.2,15.3,13814755.0,212492080.0
2022-11-25,15.18,15.3,14.98,15.01,9781540.0,147647184.0
2022-11-28,14.5,14.87,14.41,14.82,11715828.0,171668704.0
2022-11-29,14.89,15.17,14.71,15.05,9531955.0,142598336.0
2022-11-30,15.01,15.6,14.88,15.08,14549495.0,220809264.0
2022-12-01,15.25,15.39,15.02,15.09,10929365.0,166028080.0
2022-12-02,15.07,15.07,14.73,14.83,10915659.0,162130016.0
2022-12-05,14.93,15.05,14.58,14.63,10989660.0,161979376.0
2022-12-06,14.55,14.62,14.12,14.46,13426373.0,192832144.0
2022-12-07,14.41,14.79,14.39,14.48,12936873.0,189155056.0
2022-12-08,14.41,14.6,14.28,14.28,9597598.0,138223872.0
2022-12-09,14.26,14.7,14.15,14.36,16025944.0,230281584.0
2022-12-12,13.42,13.47,12.92,12.92,36404732.0,473081760.0
2022-12-13,12.7,12.89,12.6,12.76,20843412.0,265879440.0
2022-12-14,12.76,12.99,12.43,12.53,18897304.0,239352608.0
2022-12-15,12.48,12.79,12.46,12.74,12858975.0,162405856.0
2022-12-16,12.68,12.8,12.33,12.44,12797117.0,160182944.0
2022-12-19,12.76,13.68,12.75,13.68,36950848.0,499667424.0
2022-12-20,13.41,13.81,13.11,13.14,40434664.0,541455616.0
2022-12-21,13.31,13.8,13.15,13.49,31651000.0,429172736.0
2022-12-22,13.49,13.49,12.79,12.86,24096060.0,315143168.0
2022-12-23,12.6,13.02,12.55,12.76,12731457.0,162341472.0
2022-12-26,12.75,13.12,12.5,13.03,13375007.0,171595648.0
2022-12-27,13.0,13.12,12.68,12.84,13520075.0,174136496.0
2022-12-28,12.69,12.75,12.44,12.52,12344650.0,154741984.0
2022-12-29,12.41,12.71,12.34,12.38,10981052.0,136669328.0
2022-12-30,12.6,12.6,12.1,12.12,13584959.0,166257152.0
2023-01-03,12.06,12.45,12.03,12.39,14838689.0,182524528.0
2023-01-04,12.38,12.47,12.0,12.1,14593464.0,177498384.0
2023-01-05,12.17,12.53,12.15,12.37,16059392.0,198494960.0
2023-01-06,12.33,12.74,12.3,12.51,17394268.0,218450016.0
2023-01-09,12.57,12.66,12.41,12.5,11564906.0,144890832.0
2023-01-10,12.41,12.54,12.24,12.48,12749382.0,157779840.0
2023-01-11,12.41,12.49,12.23,12.26,8492184.0,104779056.0
2023-01-12,12.31,12.7,12.2,12.33,13588066.0,168418000.0
2023-01-13,12.33,12.5,12.16,12.28,11584506.0,142602592.0
2023-01-16,12.23,12.86,12.23,12.66,18830752.0,236807552.0
2023-01-17,12.75,12.77,12.52,12.54,9909886.0,125065368.0
2023-01-18,12.54,12.93,12.51,12.66,10627795.0,134847360.0
2023-01-19,12.7,12.7,12.48,12.65,10167347.0,127828144.0
2023-01-20,12.65,13.18,12.63,13.02,15609685.0,202040256.0
2023-01-30,13.35,13.47,13.03,13.07,17842620.0,235441792.0
2023-01-31,12.89,13.25,12.74,13.21,13262740.0,172886048.0
2023-02-01,13.17,13.35,13.13,13.24,15199494.0,200663616.0
2023-02-02,13.24,13.25,13.03,13.06,12087312.0,158506080.0
2023-02-03,13.07,13.1,12.82,13.08,10534571.0,136720096.0
2023-02-06,13.0,13.12,12.92,13.02,6394077.0,83129552.0
2023-02-07,12.93,13.06,12.92,13.03,7352894.0,95483016.0
2023-02-08,13.05,13.18,12.95,12.96,12509600.0,163500192.0
2023-02-09,13.05,13.06,12.82,13.04,9370132.0,121482664.0
2023-02-10,13.0,13.02,12.8,12.88,9923671.0,127930224.0
2023-02-13,12.91,13.13,12.88,13.13,14916305.0,195069728.0
2023-02-14,13.21,13.21,12.88,12.94,11520095.0,149581200.0
2023-02-15,12.95,12.99,12.64,12.66,16456089.0,209759280.0
2023-02-16,12.65,12.75,12.09,12.25,18998774.0,236829296.0
2023-02-17,12.3,12.35,12.02,12.05,11583076.0,140695760.0
2023-02-20,11.89,12.02,11.51,11.97,20647580.0,242461920.0
2023-02-21,11.97,12.22,11.88,12.22,15002079.0,181482080.0
2023-02-22,12.15,12.42,12.08,12.15,11920883.0,145391760.0
2023-02-23,12.2,12.26,12.03,12.12,8225650.0,99898592.0
2023-02-24,12.16,12.17,11.88,12.03,7443712.0,89405712.0
2023-02-27,12.15,12.17,11.82,11.84,9348111.0,111729904.0
2023-02-28,11.85,11.92,11.71,11.92,7389635.0,87305800.0
2023-03-01,11.9,11.96,11.82,11.9,6965649.0,82727872.0
2023-03-02,11.91,11.91,11.56,11.6,12545322.0,146671712.0
2023-03-03,11.57,11.71,11.51,11.61,7817071.0,90694920.0
2023-03-06,11.66,11.68,11.4,11.56,9067369.0,104465448.0
2023-03-07,11.56,11.59,11.28,11.28,10470240.0,119485696.0
2023-03-08,11.22,11.42,11.17,11.39,6143696.0,69632192.0
2023-03-09,11.34,11.57,11.34,11.39,7825170.0,89429696.0
2023-03-10,11.3,11.33,11.17,11.18,6491053.0,72813728.0
2023-03-13,11.08,11.23,10.9,10.98,11245722.0,123705968.0
2023-03-14,10.98,10.99,10.59,10.73,10149489.0,109244064.0
2023-03-15,10.8,10.97,10.79,10.87,6624693.0,72121448.0
2023-03-16,10.81,10.85,10.5,10.52,9112963.0,96875232.0
2023-03-17,10.6,10.72,10.38,10.4,10094793.0,106060176.0
2023-03-20,10.3,10.38,10.1,10.24,16014025.0,163646048.0
2023-03-21,10.32,10.55,10.21,10.49,11447835.0,118970488.0
2023-03-22,10.58,10.69,10.42,10.51,11053633.0,116724920.0
2023-03-23,10.49,10.52,10.38,10.44,7448896.0,77740552.0
2023-03-24,10.44,10.51,10.34,10.37,7466201.0,77640552.0
2023-03-27,10.39,10.4,10.27,10.32,7473264.0,77233592.0
2023-03-28,10.39,10.4,10.06,10.09,9966097.0,101243672.0
2023-03-29,10.09,10.19,9.9,9.92,13855393.0,138764384.0
2023-03-30,9.94,9.95,9.72,9.87,11770829.0,115651120.0
2023-03-31,9.9,10.06,9.82,9.86,11529790.0,114520520.0
2023-04-03,9.84,10.1,9.73,9.88,19114492.0,189515184.0
2023-04-04,9.83,9.88,9.47,9.53,20655258.0,198457072.0
2023-04-06,9.47,9.57,9.39,9.52,10798924.0,102128744.0
2023-04-07,9.5,9.57,9.32,9.33,16526068.0,155707120.0
2023-04-10,9.32,9.41,9.2,9.26,13870368.0,128960568.0
2023-04-11,9.27,9.34,9.17,9.3,12613629.0,117081496.0
2023-04-12,9.3,9.36,9.16,9.24,13884800.0,128489576.0
2023-04-13,9.19,9.25,9.08,9.09,14422472.0,131882184.0
2023-04-14,8.91,9.26,8.86,9.21,23228864.0,212400432.0
2023-04-17,8.8,9.22,8.74,9.19,17768952.0,161469440.0
2023-04-18,9.18,9.33,8.9,8.92,22421438.0,203702144.0
2023-04-19,8.95,8.97,8.8,8.87,11240121.0,99598368.0
2023-04-20,8.85,8.88,8.58,8.75,13175650.0,114699104.0
2023-04-21,8.74,8.82,8.52,8.54,13516494.0,117176208.0
2023-04-24,8.5,8.64,8.39,8.57,10690200.0,91112960.0
2023-04-25,8.58,8.59,8.12,8.23,16517700.0,137100464.0
2023-04-26,8.23,8.6,8.17,8.49,16839472.0,142487024.0
2023-04-27,8.53,8.59,8.4,8.43,10324408.0,87493448.0
2023-04-28,8.42,8.62,8.4,8.59,13359800.0,113691912.0
2023-05-04,8.66,8.92,8.6,8.68,18197802.0,158991056.0
2023-05-05,8.72,8.73,8.53,8.65,9240000.0,79643200.0
2023-05-08,8.7,8.85,8.55,8.7,9735334.0,84405240.0
2023-05-09,8.73,8.78,8.58,8.62,10100187.0,87588504.0
2023-05-10,8.65,8.87,8.57,8.76,12652760.0,110612472.0
2023-05-11,8.89,8.91,8.72,8.83,8421563.0,74316400.0
2023-05-12,8.87,9.0,8.58,8.59,12105204.0,105486440.0
2023-05-15,8.6,8.89,8.57,8.88,19682784.0,173288704.0
2023-05-16,8.88,8.91,8.65,8.7,14628113.0,127852808.0
2023-05-17,8.67,8.9,8.65,8.83,11522387.0,101249072.0
2023-05-18,8.83,8.86,8.64,8.7,11511272.0,100220184.0
2023-05-19,8.72,8.73,8.57,8.7,8249400.0,71455240.0
2023-05-22,8.66,8.75,8.6,8.68,7486834.0,64896248.0
2023-05-23,8.68,8.79,8.61,8.68,8970812.0,78232672.0
2023-05-24,8.66,8.7,8.52,8.56,9401149.0,80901912.0
2023-05-25,8.53,8.63,8.41,8.51,9281480.0,78933312.0
2023-05-26,8.5,8.62,8.27,8.38,8860055.0,74275672.0
2023-05-29,8.41,8.44,8.16,8.18,9477500.0,78138640.0
2023-05-30,8.15,8.22,7.96,8.14,10034859.0,81025488.0
2023-05-31,8.15,8.15,7.94,7.96,8628862.0,69037688.0
2023-06-01,8.0,8.04,7.8,7.85,10642701.0,84077976.0
2023-06-02,7.85,8.51,7.84,8.36,21470976.0,177671616.0
2023-06-05,8.34,8.61,8.28,8.53,16443100.0,139496336.0
2023-06-06,8.59,8.59,8.3,8.3,10733693.0,90399688.0
2023-06-07,8.38,8.39,8.16,8.2,7791400.0,64344524.0
2023-06-08,8.21,8.83,8.17,8.33,29663916.0,251900096.0
2023-06-09,8.24,8.55,8.09,8.1,20920436.0,171907680.0
2023-06-12,8.07,8.25,8.0,8.2,12552366.0,101919744.0
2023-06-13,8.2,8.22,8.08,8.1,8493942.0,69050416.0
2023-06-14,8.11,8.17,7.95,7.96,10023515.0,80429800.0
2023-06-16,7.56,7.56,7.56,7.56,437200.0,3305232.0
2023-06-19,7.18,7.18,7.18,7.18,96000.0,689280.0
2023-06-20,6.82,6.82,6.82,6.82,883800.0,6027516.0
2023-06-21,6.48,6.48,6.48,6.48,318500.0,2063880.0
2023-06-26,6.16,6.16,6.16,6.16,527100.0,3246936.0
2023-06-27,5.85,5.85,5.85,5.85,1589300.0,9297405.0
2023-06-28,5.7,6.14,5.68,6.14,105953944.0,618951616.0
2023-06-29,6.13,6.45,6.13,6.45,37089000.0,232830848.0
2023-06-30,6.65,6.68,6.32,6.37,60910780.0,396835296.0
2023-07-03,6.45,6.69,6.45,6.69,21528384.0,142433408.0
2023-07-04,6.87,7.02,6.67,6.88,48215132.0,329334080.0
2023-07-05,6.77,7.05,6.7,6.93,27481328.0,188462320.0
2023-07-06,6.9,6.94,6.58,6.63,30962882.0,209184816.0
2023-07-07,6.63,6.82,6.63,6.69,21322310.0,143448496.0
2023-07-10,6.7,6.76,6.52,6.63,17672660.0,117657840.0
2023-07-11,6.62,6.89,6.62,6.79,18928622.0,128513736.0
2023-07-12,6.79,6.89,6.7,6.72,16220276.0,110143024.0
2023-07-13,6.7,6.75,6.49,6.56,21189344.0,139897728.0
2023-07-14,6.55,6.89,6.55,6.81,22050568.0,149045328.0
2023-07-17,6.77,7.0,6.77,6.9,20118196.0,138483744.0
2023-07-18,6.89,7.08,6.81,7.0,15992801.0,111147672.0
2023-07-19,7.0,7.09,6.89,6.94,12435815.0,86754056.0
2023-07-20,6.94,7.09,6.85,6.89,10489852.0,73039536.0
2023-07-21,6.89,6.93,6.79,6.93,10356259.0,70984160.0
2023-07-24,6.95,7.03,6.65,6.68,10858604.0,74240416.0
2023-07-25,6.68,6.87,6.68,6.79,11999268.0,81141112.0
2023-07-26,6.78,6.89,6.76,6.85,8105300.0,55417880.0
2023-07-27,6.87,7.02,6.86,6.97,9625570.0,66891448.0
2023-07-28,7.0,7.04,6.91,6.98,8624970.0,60050284.0
2023-07-31,7.0,7.03,6.9,7.0,7652466.0,53319232.0
2023-08-01,6.96,6.98,6.78,6.85,14615869.0,100402680.0
2023-08-02,6.81,6.89,6.74,6.77,8587500.0,58426048.0
2023-08-03,6.72,6.77,6.67,6.72,7912638.0,53123104.0
2023-08-04,6.75,6.75,6.64,6.66,8227793.0,54960480.0
2023-08-07,6.67,6.74,6.65,6.68,5566870.0,37254268.0
2023-08-08,6.67,6.71,6.63,6.68,5376700.0,35860304.0
2023-08-09,6.68,6.75,6.64,6.74,5942357.0,39831192.0
2023-08-10,6.74,6.82,6.69,6.77,6363627.0,42971184.0
2023-08-11,6.75,6.77,6.63,6.65,7829500.0,52456728.0
2023-08-14,6.64,6.98,6.6,6.9,14829493.0,101189024.0
2023-08-15,6.84,6.94,6.77,6.77,7925600.0,54196468.0
2023-08-16,6.76,6.86,6.75,6.8,6272900.0,42744688.0
2023-08-17,6.79,6.8,6.68,6.76,6611800.0,44491708.0
2023-08-18,6.74,6.92,6.72,6.81,9471729.0,64830520.0
2023-08-21,6.8,6.9,6.7,6.73,7867634.0,53614180.0
2023-08-22,6.74,6.76,6.39,6.52,15136100.0,98954760.0
2023-08-23,6.5,6.52,6.22,6.22,9643776.0,61239324.0
2023-08-24,6.26,6.45,6.23,6.4,11123812.0,70808280.0
2023-08-25,6.72,6.72,6.53,6.55,27294452.0,181905712.0
2023-08-28,6.78,6.78,6.48,6.64,18691552.0,124010496.0
2023-08-29,6.61,6.97,6.56,6.97,16744740.0,114507128.0
2023-08-30,7.07,7.2,6.96,7.11,21531616.0,152607632.0
2023-08-31,7.06,7.26,7.05,7.2,14101420.0,100817296.0
2023-09-01,7.22,7.3,7.11,7.28,11929116.0,86092528.0
2023-09-04,7.24,7.64,7.23,7.62,24789820.0,186886400.0
2023-09-05,7.54,7.55,7.28,7.42,22449260.0,166329600.0
2023-09-06,7.41,7.46,7.26,7.33,12724709.0,93524176.0
2023-09-07,7.29,7.45,7.26,7.36,8998419.0,66243428.0
2023-09-08,7.33,7.54,7.3,7.36,10917900.0,80902704.0
2023-09-11,7.31,7.38,7.2,7.25,8892500.0,64592204.0
2023-09-12,7.24,7.5,7.21,7.4,7997900.0,59057068.0
2023-09-13,7.36,7.48,7.27,7.35,9575000.0,70530424.0
2023-09-14,7.33,7.38,7.18,7.23,8139645.0,59103944.0
2023-09-15,7.22,7.29,7.11,7.2,8006901.0,57529976.0
2023-09-18,7.36,7.54,7.28,7.34,10469800.0,76955792.0
2023-09-19,7.31,7.32,7.14,7.18,10278304.0,73988088.0
2023-09-20,7.14,7.2,7.05,7.08,8834300.0,62861936.0
2023-09-21,7.02,7.18,7.02,7.09,7454204.0,52906760.0
2023-09-22,7.06,7.12,6.93,6.96,10800960.0,75742736.0
2023-09-25,6.91,6.94,6.61,6.61,14505120.0,96769864.0
2023-09-26,6.55,6.67,6.53,6.58,7871600.0,51933040.0
2023-09-27,6.91,6.91,6.91,6.91,1204800.0,8325168.0
2023-09-28,7.26,7.26,6.97,7.1,41137500.0,294544288.0
2023-10-09,7.06,7.23,7.03,7.2,21902960.0,156212560.0
2023-10-10,7.16,7.32,7.1,7.31,16423690.0,118617384.0
2023-10-11,7.27,7.31,7.21,7.26,10568200.0,76689456.0
2023-10-12,7.24,7.58,7.16,7.53,26220500.0,194724912.0
2023-10-13,7.46,7.64,7.43,7.57,16970700.0,127827232.0
2023-10-16,7.48,7.59,7.35,7.4,15449900.0,115309472.0
2023-10-17,7.49,7.77,7.4,7.57,25174804.0,191145072.0
2023-10-19,6.9,7.17,6.81,6.81,68863008.0,475303040.0
2023-10-20,6.7,7.49,6.51,7.49,55914120.0,395891488.0
2023-10-23,7.35,7.67,7.0,7.0,75356408.0,556314688.0
2023-10-24,6.92,7.7,6.92,7.7,19119276.0,144612368.0
2023-10-25,8.17,8.18,7.68,7.78,104476272.0,827146240.0
2023-10-26,7.74,7.91,7.43,7.66,66439764.0,505840448.0
2023-10-27,7.58,8.43,7.46,8.0,111237600.0,902460928.0
2023-10-30,7.85,7.96,7.7,7.86,66005456.0,515945952.0
2023-10-31,7.77,7.86,7.47,7.58,47820704.0,364646816.0
2023-11-01,7.65,7.7,7.32,7.38,36626700.0,272657888.0
2023-11-02,7.37,7.58,7.11,7.16,37080432.0,270197472.0
2023-11-03,7.11,7.26,7.11,7.19,24040120.0,172274752.0
2023-11-06,7.18,7.58,7.11,7.41,36480784.0,268683232.0
2023-11-07,7.38,7.38,7.23,7.35,25517812.0,186813072.0
2023-11-08,7.35,7.35,7.16,7.22,26862060.0,194062224.0
2023-11-09,7.18,7.49,7.17,7.35,34391232.0,252410432.0
2023-11-10,7.25,7.35,7.13,7.19,19973444.0,144090416.0
2023-11-13,7.2,7.25,6.98,7.04,28765512.0,203328224.0
2023-11-14,7.0,7.09,6.99,7.05,15693401.0,110573352.0
2023-11-15,7.12,7.76,7.1,7.76,47988540.0,363673472.0
2023-11-16,7.78,7.98,7.66,7.67,90667592.0,707639040.0
2023-11-17,7.7,7.8,7.61,7.72,41479896.0,319595584.0
2023-11-20,7.72,8.03,7.68,7.83,47834600.0,375102496.0
2023-11-21,7.83,7.88,7.72,7.76,32917700.0,256563968.0
2023-11-22,7.7,7.76,7.52,7.56,30869450.0,234898720.0
2023-11-23,7.61,7.64,7.48,7.64,21841000.0,165330912.0
2023-11-24,7.64,7.87,7.49,7.49,33240100.0,253799024.0
2023-11-27,7.42,7.58,7.4,7.48,16969816.0,126741704.0
2023-11-28,7.5,7.56,7.36,7.49,16684701.0,124688304.0
2023-11-29,7.47,7.56,7.37,7.39,15453600.0,115374944.0
2023-11-30,7.31,7.38,7.18,7.23,21908484.0,158932800.0
2023-12-01,7.27,7.54,7.2,7.41,22893678.0,168294512.0
2023-12-04,7.41,7.64,7.36,7.54,28368200.0,213450416.0
2023-12-05,7.47,7.88,7.41,7.56,43897700.0,335580768.0
2023-12-06,7.45,8.32,7.45,8.32,79382488.0,641834048.0
2023-12-07,8.32,8.33,7.99,8.05,93485376.0,757150208.0
2023-12-08,8.21,8.72,7.98,8.35,105523664.0,872371456.0
2023-12-11,8.18,8.23,7.85,8.03,60216092.0,481702976.0
2023-12-12,7.99,8.08,7.91,8.01,35200300.0,280885056.0
2023-12-13,8.06,8.24,7.88,7.95,46342480.0,372247232.0
2023-12-14,8.16,8.45,8.02,8.12,65615600.0,537000832.0
2023-12-15,8.04,8.9,8.03,8.27,79812088.0,673541440.0
2023-12-18,8.16,8.88,8.16,8.64,75902056.0,643905792.0
2023-12-19,8.5,8.62,8.26,8.47,51424152.0,432128800.0
2023-12-20,8.44,8.46,8.02,8.03,43914672.0,358995264.0
2023-12-21,7.9,7.99,7.69,7.88,36197400.0,283233824.0
2023-12-22,7.84,8.63,7.71,8.34,73716504.0,607196352.0
2023-12-25,8.22,8.5,8.22,8.29,39668028.0,329957824.0
2023-12-26,8.38,8.5,8.22,8.33,39274200.0,328183744.0
2023-12-27,8.26,8.3,7.97,8.11,31252900.0,254478656.0
2023-12-28,8.03,8.6,8.0,8.48,63259600.0,530911104.0
2023-12-29,8.38,8.54,8.35,8.45,41854784.0,353270560.0
2024-01-02,8.41,8.68,8.36,8.56,40992800.0,348579520.0
2024-01-03,8.5,9.32,8.46,8.94,78711224.0,700304448.0
2024-01-04,8.83,9.13,8.66,8.72,54783444.0,483393376.0
2024-01-05,8.58,8.89,8.48,8.56,41040588.0,355885504.0
2024-01-08,8.51,9.28,8.36,8.9,61626920.0,545436928.0
2024-01-09,8.79,9.79,8.71,9.5,149570992.0,1415519488.0
2024-01-10,9.21,9.46,8.96,9.05,92422336.0,845811776.0
2024-01-11,8.97,9.55,8.97,9.39,80185968.0,744398720.0
2024-01-12,9.32,9.74,9.2,9.21,74550400.0,700915648.0
2024-01-15,9.04,9.47,9.02,9.32,54787064.0,503509088.0
2024-01-16,9.23,9.77,9.12,9.55,65289520.0,615238720.0
2024-01-17,9.46,9.55,8.6,8.6,83318944.0,748895744.0
2024-01-18,8.25,8.59,8.03,8.47,50808944.0,423564544.0
2024-01-19,8.42,8.63,7.62,7.62,59996576.0,479338464.0
2024-01-22,7.4,7.5,6.87,6.91,54887532.0,389839552.0
2024-01-23,6.92,7.33,6.9,7.04,38145344.0,271333248.0
2024-01-24,7.16,7.24,6.6,7.0,44022680.0,302897472.0
2024-01-25,6.92,7.13,6.76,7.08,36226000.0,252775552.0
2024-01-26,7.02,7.27,6.98,7.08,29079102.0,207171840.0
2024-01-29,6.99,7.05,6.6,6.6,30526000.0,206091552.0
2024-01-30,6.46,6.52,6.2,6.21,28342100.0,179515552.0
2024-01-31,5.99,6.21,5.77,5.81,32701600.0,193831328.0
2024-02-01,5.76,5.94,5.7,5.78,22410106.0,130070152.0
2024-02-02,5.82,5.91,5.2,5.48,32514800.0,179914880.0
2024-02-05,5.49,5.53,4.93,4.93,30246400.0,154727504.0
2024-02-06,4.66,5.17,4.47,4.85,31663000.0,149878784.0
2024-02-07,4.89,5.04,4.54,4.64,29476880.0,141634304.0
2024-02-08,4.66,4.95,4.63,4.93,24411896.0,117661120.0
2024-02-19,5.0,5.24,5.0,5.18,24631352.0,126655992.0
2024-02-20,5.22,5.27,5.07,5.24,18488280.0,96075688.0
2024-02-21,5.2,5.61,5.16,5.44,28092500.0,152938704.0
2024-02-22,5.38,5.59,5.35,5.53,22228850.0,121644144.0
2024-02-23,5.54,5.77,5.5,5.76,25920788.0,146390688.0
2024-02-26,5.76,5.98,5.68,5.86,25424344.0,148029552.0
2024-02-27,5.81,6.05,5.78,6.05,20704896.0,122837584.0
2024-02-28,6.09,6.33,5.62,5.63,41435000.0,250388992.0
2024-02-29,5.58,6.03,5.53,5.99,31021000.0,180755456.0
2024-03-01,5.94,6.09,5.87,5.96,22286500.0,132676688.0
2024-03-04,5.94,6.05,5.77,5.83,20985500.0,123068048.0
2024-03-05,5.77,5.82,5.6,5.61,20530400.0,116185352.0
2024-03-06,5.58,5.77,5.53,5.69,14585200.0,82432432.0
2024-03-07,5.72,5.84,5.65,5.67,16032600.0,91879640.0
2024-03-08,5.69,5.71,5.49,5.6,16342680.0,91341624.0
2024-03-11,5.64,5.93,5.64,5.9,26304772.0,153043328.0
2024-03-12,5.95,5.99,5.79,5.91,21642328.0,127260904.0
2024-03-13,5.92,5.93,5.8,5.9,15485800.0,90632320.0
2024-03-14,5.89,6.06,5.82,5.96,30997524.0,184986560.0
2024-03-15,5.95,6.31,5.86,6.19,44781080.0,273192512.0
2024-03-18,6.17,6.23,6.07,6.16,29269612.0,179578208.0
2024-03-19,6.14,6.25,6.1,6.1,20772146.0,127928272.0
2024-03-20,6.07,6.13,6.02,6.07,20219500.0,122646144.0
2024-03-21,6.07,6.13,5.98,6.05,19514648.0,118071600.0
2024-03-22,6.05,6.06,5.82,5.83,20141600.0,118551376.0
2024-03-25,5.78,5.85,5.6,5.61,18810902.0,107188608.0
2024-03-26,5.61,5.66,5.42,5.61,18058200.0,100299072.0
2024-03-27,5.6,5.61,5.27,5.29,14654722.0,79650232.0
2024-03-28,5.25,5.45,5.25,5.34,15556007.0,83336808.0
2024-03-29,5.32,5.5,5.32,5.37,13876900.0,74999592.0
2024-04-01,5.39,5.91,5.38,5.91,25897300.0,149617312.0
2024-04-02,6.03,6.22,5.97,6.09,66858200.0,407439648.0
2024-04-03,6.09,6.59,6.05,6.18,62189872.0,389624352.0
2024-04-08,6.16,6.46,6.13,6.25,48129220.0,301989376.0
2024-04-09,6.13,6.45,6.07,6.36,51516696.0,327214016.0
2024-04-10,6.34,6.34,6.02,6.09,37142172.0,228338048.0
2024-04-11,6.03,6.12,5.93,5.96,25034408.0,150265488.0
2024-04-12,6.02,6.07,5.7,5.75,28927700.0,167874096.0
2024-04-15,5.61,5.73,5.18,5.18,33572100.0,176752304.0
2024-04-16,4.92,4.99,4.66,4.66,30742800.0,144778048.0
2024-04-17,4.6,4.95,4.59,4.93,26157884.0,126821128.0
2024-04-18,4.89,4.93,4.7,4.77,19889900.0,95769384.0
2024-04-19,4.82,4.84,4.64,4.65,17009942.0,79957576.0
2024-04-22,4.52,4.64,4.35,4.49,21771880.0,97858672.0
2024-04-23,4.51,4.65,4.5,4.56,15532000.0,71117272.0
2024-04-24,4.58,4.59,4.49,4.55,13133722.0,59527820.0
2024-04-25,4.55,4.74,4.51,4.68,19021348.0,88682848.0
2024-04-26,4.63,4.79,4.62,4.79,15544747.0,73578416.0
2024-04-29,4.8,5.13,4.8,5.11,18485196.0,92779912.0
2024-04-30,5.35,5.43,5.02,5.13,24409200.0,126246792.0
2024-05-06,5.21,5.31,5.16,5.21,16664946.0,86848632.0
2024-05-07,5.21,5.31,5.2,5.31,16103102.0,84990104.0
2024-05-08,5.3,5.31,5.2,5.23,12675722.0,66594324.0
2024-05-09,5.3,5.43,5.29,5.41,17004252.0,91741344.0
2024-05-10,5.4,5.45,5.23,5.26,14630152.0,77521472.0
2024-05-13,5.17,5.2,5.04,5.09,13640852.0,69696968.0
2024-05-14,5.15,5.18,5.06,5.12,8216165.0,42062500.0
2024-05-15,5.08,5.17,5.06,5.07,10605850.0,54089148.0
2024-05-16,5.05,5.23,5.04,5.13,11946346.0,61615420.0
2024-05-17,5.1,5.17,5.06,5.14,12026400.0,61441928.0
2024-05-20,5.27,5.28,5.07,5.1,13544500.0,69548528.0
2024-05-21,5.09,5.1,4.88,4.91,18839300.0,93455080.0
2024-05-22,4.86,5.01,4.86,4.96,14156766.0,70054760.0
2024-05-23,4.89,4.93,4.73,4.78,13265190.0,63712020.0
2024-05-24,4.8,4.84,4.74,4.75,8975846.0,42915128.0
2024-05-27,4.74,4.81,4.64,4.76,9355600.0,44010108.0
2024-05-28,4.71,4.8,4.68,4.71,8863000.0,42024608.0
2024-05-29,4.7,4.86,4.7,4.78,10798600.0,51892240.0
2024-05-30,4.81,4.88,4.71,4.72,11288680.0,54192060.0
2024-05-31,4.7,4.77,4.67,4.71,7637600.0,35997724.0
2024-06-03,4.78,4.79,4.46,4.53,14730100.0,66870112.0
2024-06-04,4.48,4.51,4.37,4.39,13018600.0,57397484.0
2024-06-05,4.48,4.5,4.31,4.33,10916752.0,47457100.0
2024-06-06,4.31,4.38,3.97,4.03,23048900.0,94537736.0
2024-06-07,4.08,4.32,4.08,4.3,17843800.0,75131488.0
2024-06-11,4.18,4.32,4.17,4.32,10222500.0,43604260.0
2024-06-12,4.34,4.38,4.3,4.34,7549884.0,32782224.0
2024-06-13,4.37,4.45,4.34,4.39,10717601.0,47022680.0
2024-06-14,4.37,4.42,4.31,4.41,8788101.0,38379924.0
2024-06-17,4.36,4.38,4.3,4.31,8199701.0,35558644.0
2024-06-18,4.33,4.38,4.31,4.32,7458495.0,32367536.0
2024-06-19,4.32,4.37,4.24,4.25,7296095.0,31257362.0
2024-06-20,4.25,4.29,4.13,4.15,8713995.0,36490936.0
2024-06-21,4.16,4.2,4.09,4.14,5453800.0,22694524.0
2024-06-24,4.16,4.17,3.98,4.0,8792850.0,35515208.0
2024-06-25,4.0,4.06,3.97,4.01,5434500.0,21787888.0
2024-06-26,4.0,4.22,3.96,4.21,12153371.0,49861468.0
2024-06-27,4.19,4.21,4.07,4.07,10035500.0,41429128.0
2024-06-28,4.05,4.12,4.0,4.01,6851600.0,27850828.0
2024-07-01,4.03,4.07,3.97,4.07,6497000.0,26160928.0
2024-07-02,4.07,4.17,4.04,4.11,7675300.0,31664336.0
2024-07-03,4.14,4.19,4.11,4.13,7091600.0,29455344.0
2024-07-04,4.19,4.19,3.94,3.95,10785900.0,43221020.0
2024-07-05,3.93,4.01,3.87,4.0,7450500.0,29554962.0
2024-07-08,3.98,4.0,3.85,3.87,8272843.0,32224346.0
2024-07-09,3.85,3.91,3.73,3.86,9603900.0,36621524.0
2024-07-10,3.85,3.97,3.8,3.87,7970300.0,31170552.0
2024-07-11,3.94,4.08,3.93,4.04,9932800.0,40039064.0
2024-07-12,4.1,4.16,4.06,4.08,9077600.0,37261744.0
2024-07-15,4.37,4.44,4.18,4.2,30366900.0,130535808.0
2024-07-16,4.16,4.26,4.12,4.17,17567000.0,73326840.0
2024-07-17,4.16,4.21,4.05,4.05,11712800.0,48095768.0
2024-07-18,4.01,4.07,3.93,4.07,9886600.0,39579612.0
2024-07-19,4.05,4.08,3.97,4.01,8345900.0,33536960.0
2024-07-22,3.96,4.03,3.93,3.96,9012100.0,35811712.0
2024-07-23,3.97,4.1,3.96,3.97,13846900.0,55926732.0
2024-07-24,4.12,4.24,3.92,3.94,18437500.0,74051056.0
2024-07-25,3.85,3.99,3.82,3.94,13924600.0,54583264.0
2024-07-26,3.92,4.05,3.92,4.0,10495105.0,41946156.0
2024-07-29,4.0,4.02,3.92,3.98,8872502.0,35296240.0
2024-07-30,3.98,4.07,3.94,4.06,8989126.0,36164672.0
2024-07-31,4.12,4.18,4.06,4.18,11744600.0,48524508.0
2024-08-01,4.14,4.22,4.13,4.19,8967200.0,37485816.0
2024-08-02,4.15,4.23,4.14,4.16,8355100.0,35002464.0
2024-08-05,4.08,4.21,4.05,4.07,11275102.0,46718160.0
2024-08-06,4.07,4.12,4.06,4.11,8456500.0,34572820.0
2024-08-07,4.1,4.12,4.04,4.09,6903646.0,28222516.0
2024-08-08,4.08,4.12,4.03,4.1,7218600.0,29444880.0
2024-08-09,4.1,4.12,4.04,4.04,6204102.0,25277854.0
2024-08-12,4.09,4.12,4.03,4.06,8980494.0,36504512.0
2024-08-13,4.04,4.15,3.96,4.15,10920000.0,44452676.0
2024-08-14,4.11,4.18,4.08,4.08,8575100.0,35241368.0
2024-08-15,4.05,4.19,4.04,4.18,12916400.0,53376220.0
2024-08-16,4.19,4.22,4.1,4.12,9484900.0,39358660.0
2024-08-19,4.13,4.2,4.08,4.17,8610000.0,35742296.0
2024-08-20,4.13,4.28,4.11,4.13,14228771.0,59531708.0
2024-08-21,4.12,4.24,4.04,4.21,20464176.0,85434032.0
2024-08-22,4.28,4.63,4.2,4.63,72220944.0,324086976.0
2024-08-23,4.56,4.63,4.39,4.49,69691192.0,312313696.0
2024-08-26,4.41,4.68,4.41,4.54,52595068.0,239019504.0
2024-08-27,4.53,4.53,4.31,4.33,36536052.0,159876928.0
2024-08-28,4.32,4.47,4.22,4.29,29719500.0,127841216.0
2024-08-29,4.25,4.59,4.24,4.4,36824756.0,161618144.0
2024-08-30,4.36,4.52,4.36,4.45,38637264.0,172099264.0
2024-09-02,4.46,4.54,4.36,4.38,26657374.0,118690424.0
2024-09-03,4.38,4.57,4.33,4.55,39477368.0,177402960.0
2024-09-04,4.5,4.88,4.49,4.75,67291040.0,315592864.0
2024-09-05,4.68,4.72,4.58,4.63,40990800.0,190058384.0
2024-09-06,4.6,4.62,4.42,4.43,32029636.0,143840560.0
2024-09-09,4.38,4.53,4.37,4.42,19590400.0,86573008.0
2024-09-10,4.39,4.44,4.23,4.32,23404600.0,100692992.0
2024-09-11,4.31,4.75,4.29,4.75,38188544.0,178267600.0
2024-09-12,4.85,5.23,4.85,5.02,112378464.0,561267968.0
2024-09-13,4.87,5.08,4.8,4.96,69515520.0,341198176.0
2024-09-18,4.95,5.25,4.84,5.16,78183680.0,397046528.0
2024-09-19,5.06,5.17,4.95,5.13,58408172.0,296368512.0
2024-09-20,5.08,5.15,4.92,5.09,55999196.0,281523712.0
2024-09-23,4.99,5.05,4.88,4.98,42611000.0,210765664.0
2024-09-24,4.95,5.38,4.95,5.26,72517360.0,376461824.0
2024-09-25,5.18,5.35,5.13,5.2,69645856.0,366245728.0
2024-09-26,5.16,5.32,5.1,5.29,52390448.0,273369216.0
2024-09-27,5.33,5.78,5.3,5.49,73496688.0,403661312.0
2024-09-30,5.65,6.02,5.39,5.95,91860600.0,527736288.0
2024-10-08,6.55,6.55,5.86,6.37,90227656.0,559988480.0
2024-10-09,6.1,6.11,5.73,5.73,51653212.0,302447552.0
2024-10-10,5.58,5.75,5.34,5.58,35124400.0,195352768.0
2024-10-11,5.55,5.58,5.21,5.33,24501200.0,132347936.0
2024-10-14,5.34,5.55,5.34,5.5,24425334.0,133607016.0
2024-10-15,5.45,5.53,5.37,5.41,24212508.0,131547944.0
2024-10-16,5.32,5.44,5.29,5.36,19600316.0,104994000.0
2024-10-17,5.36,5.41,5.14,5.14,26888056.0,141582976.0
2024-10-18,5.1,5.26,5.09,5.19,30663546.0,158696624.0
2024-10-21,5.23,5.32,5.16,5.18,34456172.0,179926608.0
2024-10-22,5.18,5.36,5.1,5.36,35565600.0,186458976.0
2024-10-23,5.35,5.53,5.3,5.49,46935400.0,254886128.0
2024-10-24,5.5,5.61,5.38,5.44,32511240.0,178542976.0
2024-10-25,5.4,5.63,5.4,5.55,36390332.0,201767728.0
2024-10-28,5.57,5.73,5.49,5.72,40620808.0,227917872.0
2024-10-29,5.73,5.74,5.48,5.49,33107100.0,184470304.0
2024-10-30,5.45,5.53,5.37,5.48,22435700.0,122324016.0
2024-10-31,5.41,5.55,5.41,5.47,29229252.0,160362640.0
2024-11-01,5.42,5.79,5.39,5.59,54374884.0,305145760.0
2024-11-04,5.59,5.73,5.4,5.67,37585040.0,209908416.0
2024-11-05,5.65,5.72,5.63,5.71,43128920.0,245016016.0
2024-11-06,5.7,5.98,5.68,5.86,53841704.0,315223456.0
2024-11-07,5.76,6.16,5.73,6.07,54845044.0,327592512.0
2024-11-08,6.14,6.14,5.87,5.9,46438176.0,277285824.0
2024-11-11,5.88,6.01,5.83,5.98,32531864.0,193133312.0
2024-11-12,5.98,6.25,5.95,6.05,47281408.0,288364192.0
2024-11-13,6.08,6.39,6.03,6.27,55485708.0,344798400.0
2024-11-14,6.2,6.22,5.84,5.87,43381264.0,261188832.0
2024-11-15,5.77,5.95,5.67,5.69,23913300.0,138514608.0
2024-11-18,5.69,5.78,5.39,5.43,24752868.0,136965344.0
2024-11-19,5.43,5.77,5.3,5.73,32013564.0,176761056.0
2024-11-20,5.68,5.81,5.62,5.74,26414302.0,151040288.0
2024-11-21,5.69,6.31,5.61,6.31,64458592.0,392608800.0
2024-11-22,6.31,6.66,6.02,6.08,104450496.0,665912064.0
2024-11-25,6.11,6.69,6.1,6.69,100794048.0,657093760.0
2024-11-26,6.81,6.95,6.31,6.36,110574136.0,732422656.0
2024-11-27,6.18,6.3,5.98,6.26,58523500.0,359014784.0
2024-11-28,6.23,6.41,6.13,6.23,50298900.0,314071584.0
2024-11-29,6.19,6.55,6.1,6.34,58476584.0,368405120.0
2024-12-02,5.71,6.31,5.71,5.98,116443944.0,679029760.0
2024-12-03,5.73,5.85,5.72,5.79,68487888.0,395801312.0
2024-12-04,5.79,5.8,5.61,5.64,42037300.0,238354720.0
2024-12-05,5.6,5.86,5.57,5.8,41321768.0,236586896.0
2024-12-06,5.8,5.85,5.7,5.82,42377948.0,245380192.0
2024-12-09,5.8,6.03,5.79,5.95,56592048.0,334819840.0
2024-12-10,6.08,6.12,5.84,5.85,49313640.0,292242656.0
2024-12-11,5.8,5.89,5.76,5.88,31808488.0,185466624.0
2024-12-12,5.83,6.04,5.77,5.99,49472620.0,293627296.0
2024-12-13,5.92,5.94,5.71,5.72,39553980.0,229437008.0
2024-12-16,5.74,5.76,5.54,5.57,28301878.0,159359040.0
2024-12-17,5.57,5.57,5.27,5.27,29500800.0,158535776.0
2024-12-18,5.26,5.33,5.12,5.14,25078400.0,130817504.0
2024-12-19,5.05,5.19,4.94,5.12,26098828.0,131651608.0
2024-12-20,5.1,5.17,5.08,5.11,15619100.0,80039528.0
2024-12-23,5.02,5.08,4.72,4.72,28822128.0,140246224.0
2024-12-24,4.7,4.79,4.7,4.77,15152201.0,71993152.0
2024-12-25,4.76,4.78,4.55,4.61,19015900.0,87796536.0
2024-12-26,4.6,5.01,4.6,4.88,36933688.0,178575008.0
2024-12-27,4.87,4.9,4.81,4.84,17517500.0,84889088.0
2024-12-30,4.85,4.89,4.78,4.89,14399200.0,69556432.0
2024-12-31,4.86,5.0,4.86,4.93,18550270.0,91396720.0
2025-01-02,5.01,5.1,4.93,4.98,25624100.0,128864376.0
2025-01-03,4.93,4.94,4.65,4.66,20362768.0,97127904.0
2025-01-06,4.61,4.63,4.43,4.51,18103160.0,81907944.0
2025-01-07,4.52,4.79,4.47,4.73,19706800.0,90618024.0
2025-01-08,4.69,4.71,4.56,4.65,14102430.0,65470156.0
2025-01-09,4.64,4.74,4.59,4.68,11412501.0,53385276.0
2025-01-10,4.67,4.7,4.44,4.45,12037500.0,54979960.0
2025-01-13,4.36,4.49,4.32,4.48,8258400.0,36507184.0
2025-01-14,4.48,4.66,4.48,4.66,12405976.0,57034144.0
2025-01-15,4.66,4.77,4.61,4.69,15227967.0,71518888.0
2025-01-16,4.7,4.8,4.55,4.66,22594210.0,105415392.0
2025-01-17,4.63,4.72,4.58,4.71,13144452.0,61073312.0
2025-01-20,4.72,4.83,4.61,4.77,15696518.0,74443664.0
2025-01-21,4.76,4.8,4.64,4.67,14224752.0,66666152.0
2025-01-22,4.63,4.67,4.53,4.56,12050284.0,55273332.0
2025-01-23,4.64,4.73,4.57,4.57,13339753.0,62158376.0
2025-01-24,4.59,4.61,4.5,4.59,12680569.0,57846312.0
2025-01-27,4.61,4.7,4.6,4.61,10786700.0,50104024.0
2025-02-05,4.64,4.72,4.64,4.68,11178243.0,52267632.0
2025-02-06,4.68,4.77,4.61,4.77,14676500.0,68986736.0
2025-02-07,4.77,4.89,4.75,4.84,19462644.0,93946984.0
2025-02-10,4.84,4.89,4.82,4.89,14578300.0,70953072.0
2025-02-11,4.89,4.9,4.77,4.82,14478800.0,69680064.0
2025-02-12,4.82,4.9,4.76,4.87,17844282.0,86155072.0
2025-02-13,4.85,4.94,4.82,4.86,16798320.0,82179664.0
2025-02-14,4.83,4.96,4.83,4.85,16754514.0,81865400.0
2025-02-17,4.85,4.9,4.82,4.88,15926763.0,77325616.0
2025-02-18,4.89,5.26,4.86,5.03,45346552.0,227136032.0
2025-02-19,5.0,5.11,5.0,5.07,28714696.0,145140032.0
2025-02-20,5.05,5.08,4.94,4.98,23812516.0,118940640.0
2025-02-21,4.99,5.05,4.93,4.98,18563500.0,92448088.0
2025-02-24,5.04,5.31,5.04,5.2,46452804.0,241941808.0
2025-02-25,5.16,5.26,5.11,5.12,25659688.0,132764120.0
2025-02-26,5.12,5.22,5.11,5.16,18208074.0,93704104.0
2025-02-27,5.14,5.16,5.02,5.1,19858946.0,101032160.0
2025-02-28,5.06,5.1,4.89,4.9,18640588.0,93003248.0
2025-03-03,4.91,5.03,4.91,4.93,15032000.0,74657624.0
2025-03-04,4.9,4.95,4.87,4.95,11481200.0,56260912.0
2025-03-05,4.92,4.93,4.81,4.89,14259003.0,69212328.0
2025-03-06,4.89,4.93,4.85,4.93,15723204.0,77068960.0
2025-03-07,4.91,4.94,4.84,4.86,13079035.0,63974784.0
2025-03-10,4.86,4.95,4.86,4.94,14336834.0,70493688.0
2025-03-11,4.89,4.93,4.86,4.93,9966078.0,48747248.0
2025-03-12,4.93,4.96,4.9,4.94,11927900.0,58777460.0
2025-03-13,4.94,4.97,4.87,4.91,14049363.0,68993912.0
2025-03-14,4.93,5.2,4.93,5.04,21591282.0,108895872.0
2025-03-17,5.03,5.08,5.02,5.05,16305360.0,82394368.0
2025-03-18,5.06,5.13,5.03,5.1,18367578.0,93398760.0
2025-03-19,5.08,5.08,5.02,5.04,12023600.0,60659192.0
2025-03-20,5.03,5.15,5.03,5.06,12815200.0,64973464.0
2025-03-21,5.04,5.08,4.92,4.96,17059900.0,85360296.0
2025-03-24,4.9,4.92,4.52,4.69,33302108.0,156136544.0
2025-03-25,4.67,4.68,4.57,4.66,12629300.0,58337076.0
2025-03-26,4.64,4.77,4.63,4.7,13105300.0,61852716.0
2025-03-27,4.71,4.71,4.61,4.68,9763000.0,45550404.0
2025-03-28,4.66,4.7,4.57,4.59,10370637.0,47861108.0
2025-03-31,4.57,4.57,4.42,4.47,11691088.0,52343828.0
2025-04-01,4.46,4.6,4.46,4.55,9951514.0,45260672.0
2025-04-02,4.53,4.56,4.48,4.48,10396900.0,47003080.0
2025-04-03,4.46,4.57,4.42,4.55,10640209.0,48155156.0
2025-04-07,4.34,4.35,4.1,4.1,15565700.0,64668980.0
2025-04-08,3.99,4.09,3.9,3.97,18303486.0,72546168.0
2025-04-09,3.92,4.08,3.67,4.07,18444886.0,71959816.0
2025-04-10,4.1,4.2,4.1,4.13,13677300.0,56805132.0
2025-04-11,4.1,4.15,4.07,4.12,11106300.0,45806868.0
2025-04-14,4.17,4.45,4.15,4.29,19131900.0,82084768.0
2025-04-15,4.26,4.3,4.22,4.26,9814100.0,41741088.0
2025-04-16,4.26,4.27,4.12,4.17,9564100.0,39984236.0
2025-04-17,4.13,4.22,4.12,4.17,7143900.0,29873632.0
2025-04-18,4.14,4.22,4.13,4.19,7629800.0,31876054.0
2025-04-21,4.19,4.28,4.15,4.27,9198800.0,38866036.0
2025-04-22,4.27,4.35,4.22,4.29,10617607.0,45478988.0
2025-04-23,4.31,4.32,4.27,4.29,8690457.0,37308108.0
2025-04-24,4.29,4.32,4.24,4.25,8376501.0,35841180.0
2025-04-25,4.28,4.33,4.25,4.25,13013413.0,55773312.0
2025-04-28,4.24,4.24,4.11,4.13,10565100.0,43777048.0
2025-04-29,4.09,4.24,4.09,4.2,9013200.0,37824660.0
2025-04-30,4.21,4.28,4.2,4.25,8742749.0,37192380.0
2025-05-06,4.29,4.34,4.25,4.34,9837000.0,42432148.0
2025-05-07,4.35,4.4,4.32,4.35,11678500.0,50831140.0
2025-05-08,4.32,4.43,4.31,4.4,10801100.0,47409188.0
2025-05-09,4.42,4.42,4.34,4.35,8381500.0,36600312.0
2025-05-12,4.4,4.42,4.35,4.37,6865910.0,30015176.0
2025-05-13,4.42,4.44,4.35,4.38,7924100.0,34746020.0
2025-05-14,4.38,4.42,4.34,4.4,7620410.0,33370776.0
2025-05-15,4.4,4.41,4.35,4.36,6645800.0,29049656.0
2025-05-16,4.34,4.4,4.34,4.34,7143436.0,31162058.0
2025-05-19,4.32,4.45,4.3,4.42,12640836.0,55370116.0
2025-05-20,4.44,4.47,4.36,4.46,11301100.0,49975048.0
2025-05-21,4.45,4.48,4.41,4.44,8930200.0,39625552.0
2025-05-22,4.44,4.45,4.33,4.33,10011300.0,43757444.0
2025-05-23,4.33,4.45,4.32,4.32,14409700.0,63047672.0
2025-05-26,4.31,4.39,4.3,4.35,8248700.0,35832080.0
2025-05-27,4.37,4.45,4.31,4.44,12037310.0,52737628.0
2025-05-28,4.44,4.88,4.43,4.61,51312368.0,238639488.0
2025-05-29,4.7,4.72,4.53,4.58,27248558.0,125112400.0
2025-05-30,4.63,4.64,4.48,4.48,18008000.0,81407368.0
2025-06-03,4.41,4.49,4.41,4.45,12706400.0,56577564.0
2025-06-04,4.45,4.9,4.45,4.9,57980736.0,275363808.0
2025-06-05,4.92,4.95,4.76,4.8,56405432.0,271954752.0
2025-06-06,4.8,4.86,4.76,4.83,32130288.0,155128144.0
2025-06-09,4.85,4.87,4.79,4.83,23244424.0,112069496.0
2025-06-10,4.84,5.07,4.82,4.96,63706732.0,317257280.0
2025-06-11,4.89,5.05,4.87,4.89,35349508.0,173849600.0
2025-06-12,4.87,4.92,4.8,4.86,21169224.0,102478936.0
2025-06-13,4.85,4.85,4.69,4.71,21469200.0,101987520.0
2025-06-16,4.69,4.79,4.69,4.76,12890400.0,61292864.0
2025-06-17,4.76,4.8,4.73,4.78,13658165.0,65099132.0
2025-06-18,4.79,4.79,4.67,4.72,12103200.0,57020808.0
2025-06-19,4.69,4.94,4.69,4.75,27067108.0,129729656.0
2025-06-20,4.8,4.95,4.67,4.68,38682892.0,186850496.0
2025-06-23,4.6,4.78,4.58,4.77,21848000.0,102953920.0
2025-06-24,4.77,5.0,4.75,4.94,34471384.0,168473632.0
2025-06-25,4.95,5.0,4.86,4.93,26560212.0,130533624.0
2025-06-26,4.9,5.02,4.89,4.91,25368200.0,125766096.0
2025-06-27,4.91,5.04,4.9,4.97,27186600.0,134814720.0
2025-06-30,4.99,5.01,4.9,4.97,22626500.0,111702192.0
2025-07-01,4.96,4.96,4.87,4.92,15994100.0,78368112.0
2025-07-02,4.93,5.05,4.88,5.05,39010084.0,194438624.0
2025-07-03,5.04,5.08,4.94,5.05,28376808.0,142081248.0
2025-07-04,5.04,5.05,4.91,4.93,23087600.0,114398952.0
2025-07-07,4.9,4.94,4.87,4.89,14928500.0,73092624.0
2025-07-08,4.88,5.0,4.87,5.0,21750000.0,107697208.0
2025-07-09,5.01,5.2,4.99,5.02,31222574.0,158675328.0
2025-07-10,5.03,5.12,5.01,5.11,24301788.0,123464216.0
2025-07-11,5.12,5.16,5.04,5.09,19714678.0,100161048.0
2025-07-14,5.08,5.5,5.08,5.21,41036500.0,215544720.0
2025-07-15,5.11,5.14,4.85,4.93,44664496.0,222024000.0
2025-07-16,4.95,4.97,4.84,4.86,21915400.0,107142520.0
2025-07-17,4.87,5.03,4.83,5.01,26876192.0,132918272.0
2025-07-18,5.05,5.51,5.04,5.51,46321600.0,253244624.0
2025-07-21,5.94,5.94,5.58,5.6,161405040.0,930993600.0
2025-07-22,5.5,5.75,5.41,5.64,107831008.0,602197312.0
2025-07-23,5.51,5.59,5.34,5.35,73811688.0,399360064.0
2025-07-24,5.34,5.83,5.3,5.65,95250856.0,531425984.0
2025-07-25,5.76,5.82,5.58,5.63,71116248.0,403102176.0
2025-07-28,5.53,5.57,5.41,5.45,44565752.0,243617520.0
2025-07-29,5.44,5.48,5.28,5.37,34675000.0,185674144.0
2025-07-30,5.36,5.36,5.2,5.25,30171396.0,159047040.0
2025-07-31,5.21,5.24,5.13,5.15,23165160.0,119952792.0
2025-08-01,5.16,5.2,5.13,5.16,17769400.0,91756232.0
2025-08-04,5.13,5.16,5.08,5.15,16170500.0,82715896.0
2025-08-05,5.16,5.21,5.15,5.2,18610400.0,96486384.0
2025-08-06,5.18,5.19,5.11,5.19,16263200.0,83907440.0
2025-08-07,5.2,5.25,5.13,5.24,26856500.0,139868704.0
2025-08-08,5.24,5.34,5.19,5.34,33445192.0,176778672.0
2025-08-11,5.55,5.66,5.44,5.52,67556696.0,372708864.0
2025-08-12,5.46,5.49,5.36,5.4,39441300.0,212881264.0
2025-08-13,5.37,5.51,5.28,5.42,40845000.0,219829952.0
2025-08-14,5.37,5.41,5.2,5.2,30927300.0,163324176.0
2025-08-15,5.18,5.27,5.17,5.25,16064411.0,84253464.0
2025-08-18,5.28,5.38,5.23,5.25,24392196.0,128719304.0
2025-08-19,5.24,5.29,5.2,5.27,19661800.0,103155680.0
2025-08-20,5.25,5.31,5.22,5.27,20797800.0,109326152.0
2025-08-21,5.28,5.28,5.21,5.23,18954196.0,99465832.0
2025-08-22,5.23,5.24,5.16,5.2,18551096.0,96251272.0
2025-08-25,5.2,5.25,5.18,5.22,19924332.0,103925752.0
2025-08-26,5.23,5.25,5.19,5.23,18379696.0,96098688.0
2025-08-27,5.23,5.24,5.05,5.05,26465010.0,136207488.0
2025-08-28,5.06,5.1,4.77,5.0,23509000.0,116810600.0
2025-08-29,4.98,5.02,4.94,4.95,13540967.0,67334752.0
2025-09-01,4.93,5.1,4.89,5.05,16465300.0,82433656.0
2025-09-02,5.06,5.06,4.94,4.97,13279630.0,66297672.0
2025-09-03,4.95,5.06,4.92,4.93,14634000.0,73281688.0
2025-09-04,4.92,5.04,4.91,4.99,14983700.0,74941728.0
2025-09-05,5.0,5.13,4.98,5.13,20801300.0,105766432.0
2025-09-08,5.14,5.16,5.08,5.14,17923500.0,91760928.0
2025-09-09,5.1,5.27,5.1,5.18,24179852.0,125815344.0
2025-09-10,5.13,5.18,5.09,5.13,16274202.0,83385904.0
2025-09-11,5.1,5.14,5.02,5.08,15679100.0,79343392.0
2025-09-12,5.08,5.11,5.04,5.07,13315500.0,67510456.0
2025-09-15,5.07,5.15,5.05,5.12,16388502.0,83440408.0
2025-09-16,5.13,5.32,5.11,5.25,36737096.0,191772864.0
2025-09-17,5.25,5.25,5.14,5.19,16998200.0,88310576.0
2025-09-18,5.18,5.19,5.01,5.04,22991600.0,117076592.0
2025-09-19,5.04,5.05,4.94,4.96,16493700.0,82094384.0
2025-09-22,4.98,4.99,4.85,4.89,11375340.0,55645704.0
2025-09-23,4.86,4.9,4.7,4.8,16638526.0,79262784.0
2025-09-24,4.76,4.9,4.76,4.89,11791401.0,56989420.0
2025-09-25,4.87,5.06,4.86,4.86,17424340.0,86280304.0
2025-09-26,4.82,4.94,4.81,4.9,11030400.0,53899244.0
2025-09-29,4.9,5.0,4.86,4.97,11653902.0,57746744.0
2025-09-30,5.0,5.1,4.95,5.04,15602600.0,78790008.0
2025-10-09,5.07,5.12,5.04,5.12,17221100.0,87708624.0
2025-10-10,5.11,5.19,5.08,5.14,17869500.0,91964560.0
2025-10-13,5.0,5.17,4.9,5.16,21257900.0,107732688.0
2025-10-14,5.17,5.27,5.06,5.08,25224300.0,130597904.0
2025-10-15,5.11,5.15,5.04,5.06,14471400.0,73453336.0
2025-10-16,5.07,5.08,4.99,5.01,13961100.0,70073832.0
2025-10-17,5.01,5.12,4.94,4.95,13589700.0,68207904.0
2025-10-20,4.99,5.02,4.95,5.01,9330800.0,46513740.0
2025-10-21,5.04,5.09,5.0,5.09,12082301.0,61217236.0
2025-10-22,5.09,5.09,5.02,5.03,7262800.0,36670372.0
2025-10-23,5.02,5.16,4.98,5.15,18594500.0,94531688.0
2025-10-24,5.15,5.2,5.08,5.09,13754300.0,70748184.0
2025-10-27,5.1,5.14,5.05,5.11,10322700.0,52555776.0
2025-10-28,5.05,5.11,4.99,5.04,13597100.0,68713904.0
2025-10-29,5.02,5.09,4.92,5.05,18199208.0,90837096.0
2025-10-30,5.03,5.24,4.98,5.19,36889080.0,190153296.0
2025-10-31,5.17,5.28,5.13,5.21,31501500.0,164909136.0
2025-11-03,5.25,5.48,5.25,5.29,32018400.0,170037120.0
2025-11-04,5.3,5.32,5.17,5.2,20511200.0,107261496.0
2025-11-05,5.15,5.4,5.13,5.32,25410608.0,134570512.0
2025-11-06,5.32,5.33,5.24,5.28,14978900.0,79013536.0
2025-11-07,5.26,5.49,5.25,5.46,36676500.0,198467088.0
2025-11-10,5.55,5.62,5.48,5.51,39434704.0,218926432.0
2025-11-11,5.48,5.62,5.46,5.58,26477600.0,147087568.0
2025-11-12,5.55,5.58,5.43,5.47,20414600.0,111818352.0
2025-11-13,5.48,5.96,5.45,5.88,63731600.0,366664064.0
2025-11-14,5.78,5.87,5.69,5.71,41903776.0,241373280.0
2025-11-17,5.81,6.28,5.78,6.28,39314384.0,238049968.0
2025-11-18,6.91,6.91,6.67,6.91,55641728.0,383973088.0
2025-11-19,7.5,7.6,7.35,7.6,41473200.0,312227744.0
2025-11-20,8.36,8.36,7.16,7.2,268299680.0,2130706176.0
2025-11-21,6.48,6.48,6.48,6.48,13116900.0,84997512.0
2025-11-24,5.87,6.22,5.83,5.9,213543968.0,1257296896.0
2025-11-25,5.66,6.18,5.58,6.06,175393840.0,1032300288.0
2025-11-26,6.15,6.33,5.96,6.01,125943744.0,770425856.0
2025-11-27,5.97,6.07,5.92,5.96,75192704.0,450444416.0
2025-11-28,6.05,6.38,6.0,6.32,89809656.0,558366144.0
2025-12-01,6.35,6.46,6.18,6.22,68107800.0,430531232.0
2025-12-02,6.21,6.25,6.09,6.15,49084808.0,302010336.0
2025-12-03,6.24,6.26,5.9,6.0,45636740.0,276551104.0
2025-12-04,6.0,6.03,5.84,5.87,33470900.0,197948464.0
2025-12-05,5.88,6.03,5.8,6.02,29611500.0,175351840.0
2025-12-08,6.0,6.18,5.95,6.12,38017300.0,230313216.0
2025-12-09,6.08,6.11,5.89,5.92,32933200.0,196181472.0
2025-12-10,5.9,6.2,5.82,6.15,65337008.0,397966304.0
2025-12-11,6.21,6.28,5.97,5.99,41343000.0,251882416.0
2025-12-12,6.12,6.59,6.12,6.59,38699300.0,249122096.0
2025-12-15,6.46,6.46,6.18,6.34,105604832.0,663693184.0
2025-12-16,6.31,6.47,6.07,6.14,99055912.0,621237760.0
2025-12-17,6.45,6.75,6.35,6.75,62965440.0,416543520.0
2025-12-18,6.95,7.23,6.76,6.8,222658960.0,1555354880.0
2025-12-19,6.74,7.48,6.56,7.48,178489696.0,1246135040.0
2025-12-22,7.47,8.21,7.25,7.79,190086544.0,1453521024.0
2025-12-23,7.5,7.52,7.12,7.36,144524272.0,1054900992.0
2025-12-24,7.18,7.58,7.03,7.13,119384632.0,864355072.0
2025-12-25,6.8,6.9,6.63,6.82,106761624.0,722677696.0
2025-12-26,7.32,7.49,6.96,7.01,113122528.0,806587264.0
2025-12-29,7.2,7.3,6.72,6.72,90513096.0,625123840.0
2025-12-30,6.6,6.78,6.38,6.55,73670160.0,482390816.0
2025-12-31,6.54,6.66,6.35,6.38,56740300.0,366218016.0
2026-01-05,6.44,6.7,6.41,6.65,66899596.0,438135712.0
2026-01-06,6.81,6.89,6.72,6.76,62276900.0,423090880.0
2026-01-07,6.82,7.19,6.69,6.72,74710896.0,514668608.0
2026-01-08,6.67,6.9,6.64,6.71,62241756.0,420167424.0
2026-01-09,6.65,6.72,6.58,6.61,49800128.0,330359840.0
2026-01-12,6.86,7.12,6.86,7.02,92996200.0,651085440.0
2026-01-13,7.01,7.33,6.84,6.95,104538000.0,739052416.0
2026-01-14,6.85,7.02,6.67,6.79,79081488.0,542922240.0
2026-01-15,6.72,6.98,6.63,6.68,57354800.0,389022528.0
2026-01-16,6.76,6.78,6.07,6.12,81976600.0,517399360.0
2026-01-19,6.02,6.35,6.0,6.33,52545808.0,327472800.0
2026-01-20,6.36,6.41,6.12,6.25,38767052.0,241540176.0
2026-01-21,6.24,6.5,6.19,6.45,45342200.0,290637632.0
2026-01-22,6.44,6.5,6.38,6.5,37184400.0,240118352.0
2026-01-23,6.58,6.89,6.55,6.85,56497200.0,383008224.0
2026-01-26,6.96,7.05,6.7,6.79,51803500.0,355912096.0
2026-01-27,6.71,6.84,6.42,6.61,43566900.0,285462656.0
2026-01-28,6.6,6.79,6.49,6.67,42633100.0,283036544.0
2026-01-29,6.66,6.69,6.47,6.48,36351100.0,238493040.0
2026-01-30,6.06,6.18,5.83,5.83,59188300.0,350602016.0
2026-02-02,5.65,5.92,5.57,5.79,46061496.0,268050576.0
2026-02-03,5.98,5.98,5.72,5.82,31750000.0,183969120.0
2026-02-04,5.8,5.86,5.75,5.81,23940300.0,138888800.0
2026-02-05,5.77,5.79,5.64,5.67,24050500.0,137128848.0
2026-02-06,5.62,5.84,5.59,5.79,25793500.0,148580384.0
2026-02-09,5.85,5.89,5.77,5.8,20595092.0,119714752.0
2026-02-10,5.8,5.82,5.73,5.78,18234500.0,105468816.0
2026-02-11,5.75,5.92,5.74,5.86,23257700.0,136206736.0
2026-02-12,5.89,5.95,5.76,5.76,21838800.0,127475608.0
2026-02-13,5.76,5.83,5.72,5.75,15889492.0,91783192.0
2026-02-24,5.86,5.99,5.86,5.92,27170500.0,161225536.0
2026-02-25,5.96,6.34,5.96,6.21,42476056.0,263413056.0
2026-02-26,6.83,6.83,6.83,6.83,15046740.0,102769232.0
2026-02-27,6.8,7.07,6.6,6.71,123831200.0,838555136.0
2026-03-02,6.57,6.8,6.36,6.45,72947200.0,473598496.0
2026-03-03,6.44,6.47,6.08,6.1,52853704.0,329855840.0
2026-03-04,5.97,6.22,5.96,6.09,32054848.0,195515728.0
2026-03-05,6.2,6.29,6.09,6.12,27428400.0,169091680.0
2026-03-06,6.05,6.19,6.03,6.19,19757700.0,121444632.0
2026-03-09,6.08,6.29,6.01,6.26,31144044.0,191630832.0
2026-03-10,6.29,6.38,6.24,6.3,24370544.0,153388912.0
2026-03-11,6.3,6.34,6.23,6.32,25089700.0,157999376.0
2026-03-12,6.27,6.3,6.19,6.24,23269300.0,145089456.0
2026-03-13,6.25,6.44,6.23,6.37,37525312.0,238313328.0
2026-03-16,6.31,6.31,6.04,6.12,39019200.0,239707904.0
2026-03-17,6.12,6.25,6.04,6.05,26602684.0,163880608.0
2026-03-18,6.11,6.11,5.91,5.99,21617000.0,129034200.0
2026-03-19,5.9,5.95,5.63,5.68,28580916.0,164831408.0
2026-03-20,5.73,5.78,5.47,5.56,26511816.0,148771232.0
2026-03-23,5.42,5.65,5.29,5.33,27815600.0,151291616.0
2026-03-24,5.47,5.7,5.41,5.69,32623716.0,181111104.0
2026-03-25,5.72,5.87,5.69,5.85,25236216.0,145524000.0
2026-03-26,5.82,6.24,5.78,6.01,45973896.0,278168544.0
2026-03-27,5.98,6.61,5.9,6.61,59003900.0,375389248.0
2026-03-30,6.69,7.05,6.6,6.83,147713008.0,1012370368.0
2026-03-31,6.71,6.86,6.58,6.6,92170480.0,619364032.0
2026-04-01,6.65,6.71,6.32,6.37,54844700.0,351594592.0
2026-04-02,6.31,6.77,6.3,6.42,75762000.0,493255456.0
2026-04-03,6.36,6.46,5.93,6.04,55862320.0,341666464.0
2026-04-07,6.16,6.22,6.04,6.16,36020520.0,221587040.0
2026-04-08,6.33,6.4,6.13,6.4,34286600.0,214380944.0
2026-04-09,6.33,6.35,6.06,6.19,31880124.0,197865216.0
2026-04-10,6.29,6.4,6.17,6.26,40970600.0,257831120.0
2026-04-13,6.23,6.65,6.16,6.51,67062000.0,433086176.0
2026-04-14,6.49,6.68,6.44,6.66,50594520.0,329993056.0
2026-04-15,6.6,6.69,6.4,6.44,37557200.0,244204192.0
2026-04-16,6.45,7.08,6.45,7.08,61861200.0,424915680.0
2026-04-17,6.96,6.99,6.73,6.83,101788304.0,694690240.0
2026-04-20,6.78,6.9,6.73,6.78,50854600.0,345449568.0
2026-04-21,6.62,6.88,6.47,6.68,74528304.0,498916416.0
2026-04-22,6.76,6.97,6.65,6.69,65027720.0,438138272.0
2026-04-23,6.71,6.74,6.24,6.51,73486224.0,474786176.0
2026-04-24,6.5,7.16,6.38,7.16,163789392.0,1147070336.0
2026-04-27,6.94,7.5,6.94,7.24,157673392.0,1138064768.0
2026-04-28,7.15,7.36,7.05,7.11,81583200.0,584719680.0
2026-04-29,7.06,7.42,6.9,7.37,102207104.0,741895680.0
2026-04-30,7.38,8.03,7.33,7.72,129375296.0,995950656.0
2026-05-06,7.8,7.95,7.57,7.82,102885808.0,798052480.0
2026-05-07,7.83,7.94,7.4,7.52,83706008.0,636296896.0
2026-05-08,7.64,8.27,7.59,7.83,158788016.0,1255377664.0
2026-05-11,7.82,7.89,7.55,7.78,107841104.0,833451840.0
2026-05-12,8.0,8.0,7.31,7.39,93588496.0,701032320.0
2026-05-13,7.35,8.13,7.27,7.58,123966304.0,947455488.0
2026-05-14,7.5,7.5,7.05,7.05,88879504.0,639402752.0
2026-05-15,6.95,7.16,6.75,6.83,64222300.0,445116064.0
2026-05-18,6.72,6.82,6.63,6.68,41355700.0,277231776.0
2026-05-19,6.63,6.63,6.15,6.2,67160304.0,423470112.0
2026-05-20,6.16,6.38,5.98,6.22,50399800.0,309997568.0
2026-05-21,6.25,6.59,6.0,6.01,58202900.0,367025856.0
2026-05-22,6.01,6.18,5.92,6.13,36770800.0,222054960.0
2026-05-25,6.14,6.18,5.88,5.93,36262400.0,216840672.0
2026-05-26,5.86,5.91,5.69,5.86,28564300.0,165633696.0
2026-05-27,5.85,5.89,5.55,5.62,36758900.0,209031184.0
2026-05-28,5.6,5.76,5.58,5.7,25363500.0,143740880.0
2026-05-29,5.71,5.8,5.53,5.59,33172600.0,187691408.0
2026-06-01,5.55,5.68,5.53,5.61,23806300.0,133816512.0
2026-06-02,5.6,5.61,5.28,5.42,29510858.0,159046432.0
2026-06-03,5.36,5.46,5.3,5.37,20727158.0,111760032.0
2026-06-04,5.37,5.37,5.18,5.23,23192900.0,121624512.0
2026-06-05,5.21,5.37,5.11,5.26,25229044.0,132817840.0
2026-06-08,5.13,5.26,4.96,5.02,26271900.0,134278848.0
2026-06-09,5.12,5.2,5.0,5.17,21897200.0,111450928.0
2026-06-10,5.12,5.3,5.01,5.09,28579000.0,147072848.0
2026-06-11,5.04,5.2,4.98,5.14,27717700.0,141494352.0
2026-06-12,5.23,5.37,5.09,5.23,30964400.0,162148336.0
2026-06-15,5.28,5.53,5.28,5.42,33719800.0,181877680.0
2026-06-16,5.4,5.49,5.26,5.41,25676700.0,138161360.0
2026-06-17,5.36,5.45,5.28,5.34,22275216.0,119101360.0
2026-06-18,5.29,5.29,5.14,5.18,23303448.0,121254656.0
2026-06-22,5.1,5.69,4.98,5.6,57720108.0,313345120.0
2026-06-23,5.55,5.57,5.25,5.29,35702136.0,192406240.0
2026-06-24,5.28,5.44,5.12,5.41,32115466.0,170159200.0
2026-06-25,5.33,5.45,5.12,5.13,32210300.0,167963552.0
2026-06-26,5.08,5.11,4.8,4.8,33750300.0,165951024.0
2026-06-29,4.76,4.83,4.58,4.8,22469000.0,106339248.0
2026-06-30,4.77,4.89,4.72,4.86,19722400.0,94767696.0
2026-07-01,4.86,5.07,4.76,4.99,24470568.0,121265128.0
2026-07-02,4.97,5.09,4.92,4.95,22139400.0,110660408.0
2026-07-03,5.0,5.03,4.85,4.91,19576800.0,96510896.0
2026-07-06,4.94,5.26,4.91,4.95,24882600.0,125047544.0
2026-07-07,4.91,5.01,4.78,4.82,19016874.0,92840080.0
2026-07-08,4.8,4.82,4.61,4.62,19850100.0,92920312.0
2026-07-09,4.57,4.65,4.4,4.54,19665174.0,88745848.0
2026-07-10,4.55,4.68,4.44,4.58,19374100.0,88892400.0
2026-07-13,4.56,4.57,4.31,4.32,19333500.0,85142664.0
2026-07-14,4.32,4.44,4.24,4.43,18552200.0,80727488.0
2026-07-15,4.36,4.48,4.33,4.4,18601800.0,81962776.0
2026-07-16,4.38,4.49,4.34,4.4,16346100.0,72322776.0
2026-07-17,4.38,4.46,4.16,4.19,19476900.0,83410320.0
2026-07-20,4.2,4.25,3.91,4.01,26264974.0,107354624.0
2026-07-21,3.99,4.04,3.8,4.02,23431600.0,92191528.0
2026-07-22,3.97,4.06,3.94,3.95,16301837.0,65106684.0
2026-07-23,3.99,4.17,3.97,4.15,25808486.0,105432008.0
2026-07-24,4.14,4.16,4.01,4.02,15768086.0,64174816.0
2026-07-27,4.07,4.2,4.05,4.17,16743778.0,69489640.0
2026-07-28,4.11,4.25,4.11,4.17,12739900.0,53320040.0
2026-07-29,4.17,4.38,4.14,4.33,21132200.0,90559576.0
2026-07-30,4.34,4.46,4.28,4.29,17271100.0,75235648.0
2026-07-31,4.33,4.39,4.31,4.36,11521600.0,50195624.0
2026-08-03,4.34,4.5,4.32,4.48,14473100.0,64175888.0
2026-08-04,4.51,4.53,4.44,4.5,11563000.0,51890460.0
2026-08-05,4.5,4.89,4.49,4.73,35692552.0,167742320.0
2026-08-06,4.77,4.79,4.6,4.67,26596000.0,125096960.0
2026-08-07,4.69,4.79,4.59,4.71,17194000.0,80590400.0
2026-08-10,4.76,4.88,4.74,4.86,20093912.0,96794664.0
2026-08-11,4.82,4.88,4.8,4.83,12560600.0,60726088.0
2026-08-12,4.82,4.92,4.74,4.8,16878000.0,81239160.0
2026-08-13,4.8,4.83,4.71,4.72,15977300.0,76322768.0
2026-08-14,4.73,4.83,4.65,4.73,12797201.0,60555436.0
2026-08-17,4.73,4.84,4.69,4.81,12618800.0,60326624.0
2026-08-18,4.93,4.94,4.68,4.74,14857001.0,70901896.0
2026-08-19,4.61,4.74,4.57,4.58,11871500.0,54995296.0
2026-08-20,4.68,4.71,4.6,4.65,12141200.0,56607864.0
2026-08-21,4.6,4.79,4.56,4.77,15899200.0,74945888.0
2026-08-24,4.77,4.89,4.72,4.78,14494200.0,69620704.0
2026-08-25,4.74,4.83,4.71,4.81,12443900.0,59496232.0
2026-08-26,4.8,4.88,4.78,4.82,11097000.0,53629008.0
2026-08-27,4.81,4.84,4.77,4.81,10176800.0,48970320.0
2026-08-28,4.83,4.9,4.78,4.86,13764000.0,66664672.0
2026-08-31,4.83,4.84,4.77,4.82,9944500.0,47795240.0
2026-09-01,4.83,4.88,4.8,4.84,10378901.0,50194816.0
2026-09-02,4.8,4.83,4.69,4.74,9861901.0,46653376.0
2026-09-03,4.76,4.82,4.7,4.71,9493200.0,45138440.0
2026-09-04,4.7,4.77,4.6,4.63,11616301.0,54507380.0
