date,open,high,low,close,volume,amount
2015-01-05,3.226317584284804,3.265882236934896,3.1112204129390806,3.2047368646574808,45663180.0,403572288.0
2015-01-06,3.2047368646574808,3.3450115422350812,3.1399947057755115,3.319834036003204,60179304.0,547509376.0
2015-01-07,3.3306243958168653,3.3306243958168653,3.2335111574939117,3.2622854503303427,38125112.0,346240928.0
2015-01-08,3.2622854503303427,3.319834036003204,3.1363979191709577,3.2083336512620346,42578040.0,383353536.0
2015-01-09,3.1723657852164964,3.273075810144004,3.1579786387982804,3.1723657852164964,32799526.0,293780992.0
2015-01-12,3.1363979191709577,3.1363979191709577,3.006913601407019,3.017703961220681,30441116.0,259072368.0
2015-01-13,3.017703961220681,3.1903497182392653,3.006913601407019,3.1399947057755115,35381792.0,304696192.0
2015-01-14,3.1292043459618495,3.17596257182105,3.0752525468935423,3.1292043459618495,23925408.0,207483776.0
2015-01-15,3.096833266520865,3.2371079440984656,3.0932364799163112,3.2047368646574808,34993648.0,309183584.0
2015-01-16,3.2047368646574808,3.2335111574939117,3.150785065589173,3.215527224471142,30736946.0,272846656.0
2015-01-19,3.107623626334527,3.1867529316347114,2.9062035764795113,2.9673489487569267,35218520.0,301724480.0
2015-01-20,2.9673489487569267,3.1975432914483735,2.9673489487569267,3.1579786387982804,38041120.0,327234752.0
2015-01-21,3.201140078052927,3.323430822607758,3.201140078052927,3.255091877121235,54559580.0,495376704.0
2015-01-22,3.2622854503303427,3.319834036003204,3.240704730703019,3.301850102980435,43341816.0,396343392.0
2015-01-23,3.255091877121235,3.4133504877216043,3.2047368646574808,3.3450115422350812,65734100.0,607684608.0
2015-01-26,3.3162372493986503,3.3953665546988345,3.2766725967485577,3.3773826216760656,44481040.0,412166208.0
2015-01-27,3.3701890484669574,3.3701890484669574,3.244301517307573,3.3162372493986503,40632908.0,374700736.0
2015-01-28,3.291059743166773,3.36299547525785,3.258688663725789,3.3558019020487424,33262662.0,307111488.0
2015-01-29,3.36299547525785,3.36299547525785,3.2766725967485577,3.2766725967485577,23448402.0,215557504.0
2015-01-30,3.26947902353945,3.3126404627940964,3.1939465048438196,3.201140078052927,28439352.0,256797792.0
2015-02-02,3.201140078052927,3.201140078052927,3.057268613870773,3.071655760288988,20016172.0,173606576.0
2015-02-03,3.068058973684434,3.1543818521937266,3.068058973684434,3.1184139861481883,14957707.0,129289400.0
2015-02-04,3.1112204129390806,3.1867529316347114,3.1112204129390806,3.1363979191709577,17421432.0,152706192.0
2015-02-05,3.1615754254028343,3.26947902353945,3.1399947057755115,3.215527224471142,36252192.0,324717728.0
2015-02-06,3.226317584284804,3.226317584284804,3.057268613870773,3.1363979191709577,20821044.0,181129504.0
2015-02-09,3.100430053125419,3.1831561450301575,3.060865400475327,3.1723657852164964,17088134.0,148575792.0
2015-02-10,3.1543818521937266,3.1867529316347114,3.122010772752742,3.17596257182105,18333302.0,160552320.0
2015-02-11,3.2047368646574808,3.244301517307573,3.1795593584256037,3.229914370889358,24839704.0,221843200.0
2015-02-12,3.215527224471142,3.240704730703019,3.1687689986119425,3.201140078052927,19079506.0,169677600.0
2015-02-13,3.240704730703019,3.291059743166773,3.215527224471142,3.2514950905166806,27780540.0,251149680.0
2015-02-16,3.291059743166773,3.3450115422350812,3.273075810144004,3.309043676189542,30536536.0,281160992.0
2015-02-17,3.319834036003204,3.55002837869465,3.280269383353111,3.510463726044558,55918816.0,532240864.0
2015-02-25,3.5931898179492965,3.747851641945112,3.5176572992536657,3.5572219519037582,61898096.0,622879808.0
2015-02-26,3.510463726044558,3.6003833911584042,3.492479793021789,3.55002837869465,35902904.0,353617600.0
2015-02-27,3.55002837869465,3.632754470599389,3.4888830064172347,3.5967866045538504,44685244.0,442166784.0
2015-03-02,3.629157683994835,3.632754470599389,3.5428348054855427,3.56801231171742,33439188.0,331340576.0
2015-03-03,3.5572219519037582,3.7406580687360047,3.4529151403716964,3.5716090983219733,58602920.0,586471360.0
2015-03-04,3.535641232276435,3.589593031344743,3.496076579626343,3.55002837869465,24749964.0,243626560.0
2015-03-05,3.5572219519037582,3.589593031344743,3.514060512649112,3.524850872462774,24444236.0,241104160.0
2015-03-06,3.521254085858219,3.5572219519037582,3.467302286789912,3.5428348054855427,25129148.0,244671504.0
2015-03-09,3.5931898179492965,3.5967866045538504,3.506866939440004,3.55002837869465,25064968.0,247016192.0
2015-03-10,3.578802671531081,3.683109483063143,3.532044445671881,3.683109483063143,49356528.0,496224960.0
2015-03-11,3.6759159098540355,3.737061282131451,3.632754470599389,3.7046902026904664,54464864.0,558461120.0
2015-03-12,3.737061282131451,3.737061282131451,3.6255608973902813,3.6435448304130507,27450336.0,279430464.0
2015-03-13,3.6435448304130507,3.6903030562722505,3.5823994581356353,3.6651255500403734,29277740.0,295886848.0
2015-03-16,3.6687223366449273,3.830577733849851,3.6687223366449273,3.787416294595204,56150912.0,584186048.0
2015-03-17,3.830577733849851,3.949271691800128,3.7838195079906507,3.9276909721728046,74009920.0,796975872.0
2015-03-18,3.9204973989636973,4.046384930123081,3.844964880268066,3.992433131054774,68911088.0,754656704.0
2015-03-19,4.003223490868436,4.186659607700682,3.9133038257545896,4.118320662214159,73212240.0,820301696.0
2015-03-20,4.107530302400497,4.165078888073359,4.039191356913975,4.103933515795943,49500780.0,564421632.0
2015-03-23,4.103933515795943,4.150691741655143,4.064368863145852,4.1003367291913895,53066112.0,603351104.0
2015-03-24,4.103933515795943,4.103933515795943,3.776625934781543,3.9960299176593277,72780384.0,804157760.0
2015-03-25,4.139901381841482,4.370095724532929,4.046384930123081,4.049981716727635,98006704.0,1141709824.0
2015-03-26,4.028400997100312,4.028400997100312,3.844964880268066,3.9169006123591434,45722720.0,500899648.0
2015-03-27,3.9133038257545896,3.9960299176593277,3.89531989273182,3.9816427712411127,30766014.0,337787744.0
2015-03-30,3.992433131054774,4.089546369377728,3.9816427712411127,4.028400997100312,47633184.0,534527744.0
2015-03-31,4.039191356913975,4.060772076541297,3.9240941855682507,3.938481331986466,44420924.0,489636064.0
2015-04-01,3.9061102525454814,3.9960299176593277,3.9025134659409275,3.9564652650092356,35934380.0,393683872.0
2015-04-02,3.9852395578456665,3.992433131054774,3.9204973989636973,3.938481331986466,34132992.0,374137888.0
2015-04-03,3.9133038257545896,4.028400997100312,3.8845295329181586,3.9996267042638816,52524572.0,578510272.0
2015-04-07,4.157885314864251,4.211837113932559,4.08235279616862,4.165078888073359,94803184.0,1090569856.0
2015-04-08,4.17586924788702,4.308950352255513,4.089546369377728,4.294563205837298,112705616.0,1324414464.0
2015-04-09,4.294563205837298,4.47440253606499,4.168675674677913,4.42764431020579,112524528.0,1360991232.0
2015-04-10,4.3557085781147125,4.442031456624005,4.2693856996054205,4.348515004905605,70879096.0,858752320.0
2015-04-13,4.344918218301052,4.388079657555697,4.211837113932559,4.312547138860067,73731152.0,881178048.0
2015-04-14,4.359305364719266,4.420450736996682,4.247804979978097,4.319740712069175,80244264.0,969680640.0
2015-04-15,4.305353565650959,4.305353565650959,4.067965649750405,4.0715624363549585,54531768.0,633040192.0
2015-04-16,4.010417064077544,4.179466034491574,3.776625934781543,4.1542885282596975,49580272.0,551595072.0
2015-04-17,4.384482870951143,4.571515774387945,4.226224260350774,4.571515774387945,147578096.0,1826664448.0
2015-04-20,5.0283076731662835,5.0283076731662835,5.0283076731662835,5.0283076731662835,19536626.0,273122016.0
2015-04-21,5.391583120226222,5.391583120226222,4.790919757265729,4.880839422379575,226565392.0,3210496000.0
2015-04-22,4.8628554893568054,5.103840191861914,4.683016159129113,4.963565514284314,123483416.0,1695322112.0
2015-04-23,4.963565514284314,4.963565514284314,4.783726184056621,4.81969405010216,89543240.0,1208461056.0
2015-04-24,4.7765326108475135,4.81969405010216,4.657838652897236,4.7477583180110825,59981328.0,790456960.0
2015-04-27,4.744161531406529,4.855661916147698,4.704596878756436,4.790919757265729,65951080.0,874282240.0
2015-04-28,4.7765326108475135,4.7765326108475135,4.460015389646775,4.485192895878652,69905816.0,892338688.0
2015-04-29,4.481596109274098,4.647048293083575,4.319740712069175,4.585902920806159,49927352.0,624321280.0
2015-04-30,4.589499707410713,4.686612945733667,4.528354335133297,4.600290067224375,41575296.0,533258368.0
2015-05-04,4.611080427038036,4.668629012710898,4.531951121737851,4.600290067224375,36118604.0,460881216.0
2015-05-05,4.593096494015267,4.596693280619821,4.172272461282466,4.283772846023636,44512632.0,545550016.0
2015-05-06,4.244208193373543,4.341321431696498,3.9420781185910205,4.053578503332189,41049376.0,474415840.0
2015-05-07,4.0427881435185276,4.0427881435185276,3.733464495526897,3.737061282131451,38158664.0,407863552.0
2015-05-08,3.7154805625041276,3.8665455998953893,3.7154805625041276,3.830577733849851,35856536.0,377835392.0
2015-05-11,3.873739173104497,4.028400997100312,3.780222721386097,4.024804210495758,42905284.0,468698432.0
2015-05-12,4.031997783704867,4.258595339791759,3.9600620516137894,4.157885314864251,52476388.0,597468032.0
2015-05-13,4.136304595236928,4.1830628210961285,4.035594570309421,4.053578503332189,40492988.0,459593280.0
2015-05-14,4.046384930123081,4.046384930123081,3.9348845453819123,3.978045984636559,32888716.0,363775744.0
2015-05-15,3.978045984636559,4.136304595236928,3.84856166687262,4.075159222959512,48083360.0,533103648.0
2015-05-18,4.028400997100312,4.121917448818713,3.9528684784046817,3.9960299176593277,32614188.0,366156000.0
2015-05-19,4.028400997100312,4.143498168446036,3.992433131054774,4.107530302400497,40566380.0,461621760.0
2015-05-20,4.136304595236928,4.352111791510159,4.114723875609605,4.179466034491574,62474664.0,734486976.0
2015-05-21,4.190256394305236,4.344918218301052,4.190256394305236,4.3269342852782815,53789748.0,642843840.0
2015-05-22,4.424047523601236,4.434837883414898,4.254998553187205,4.352111791510159,59338448.0,714581632.0
2015-05-25,4.352111791510159,4.639854719874467,4.280176059419082,4.600290067224375,79255344.0,990013184.0
2015-05-26,4.61467721364259,4.6614354395017905,4.452821816437667,4.603886853828929,80106880.0,1017891776.0
2015-05-27,4.675822585920006,4.8628554893568054,4.5499350547606205,4.798113330474837,104046408.0,1367947136.0
2015-05-28,4.780129397452067,4.783726184056621,4.319740712069175,4.319740712069175,88168288.0,1123452416.0
2015-05-29,4.244208193373543,4.391676444160252,3.9204973989636973,4.143498168446036,52502656.0,609347008.0
2015-06-01,4.150691741655143,4.495983255692313,4.150691741655143,4.431241096810344,57535816.0,694771904.0
2015-06-02,4.4384346700194515,4.6614354395017905,4.352111791510159,4.524757548528744,71772392.0,893812096.0
2015-06-03,4.531951121737851,4.5499350547606205,4.308950352255513,4.391676444160252,58113732.0,713567680.0
2015-06-04,4.391676444160252,4.416853950392128,3.9600620516137894,4.316143925464621,44836684.0,529316928.0
2015-06-05,4.384482870951143,4.6614354395017905,4.308950352255513,4.61467721364259,95765280.0,1185901312.0
2015-06-08,4.636257933269913,4.855661916147698,4.5499350547606205,4.787322970661175,137820256.0,1816108032.0
2015-06-09,4.751355104615636,4.762145464429298,4.603886853828929,4.690209732338221,66640216.0,865846528.0
2015-06-10,4.675822585920006,4.848468342938591,4.528354335133297,4.816097263497606,81174456.0,1070885376.0
2015-06-11,4.808903690288497,5.0283076731662835,4.7477583180110825,4.992339807120745,116523504.0,1584173824.0
2015-06-12,4.9455815812615445,5.096646618652806,4.855661916147698,4.934791221447883,100199104.0,1384556032.0
2015-06-15,4.934791221447883,5.071469112420929,4.848468342938591,4.855661916147698,91167824.0,1259802496.0
2015-06-16,4.7477583180110825,4.7477583180110825,4.406063590578467,4.449225029833113,64686272.0,822938752.0
2015-06-17,4.424047523601236,4.535547908342405,4.17586924788702,4.524757548528744,47731820.0,581558592.0
2015-06-18,4.560725414574282,4.769339037638406,4.460015389646775,4.510370402110528,57824128.0,742707136.0
2015-06-19,4.362902151323821,4.434837883414898,4.060772076541297,4.060772076541297,34982412.0,412584032.0
2015-06-23,4.060772076541297,4.168675674677913,3.6543351902267123,4.017610637286651,38959020.0,422279360.0
2015-06-24,4.064368863145852,4.330531071882835,4.028400997100312,4.294563205837298,59220992.0,690584704.0
2015-06-25,4.258595339791759,4.384482870951143,4.064368863145852,4.168675674677913,55225148.0,653402112.0
2015-06-26,3.992433131054774,4.064368863145852,3.751448428549666,3.751448428549666,37789540.0,406595616.0
2015-06-29,3.9061102525454814,3.9061102525454814,3.3773826216760656,3.4205440609307116,47257876.0,472584192.0
2015-06-30,3.4753604743766915,3.7128982565370334,3.142807579352213,3.709243829119182,44716804.0,423104096.0
2015-07-01,3.7055894017013307,3.8006045145654674,3.3730365066768524,3.4205440631089203,38848200.0,389285568.0
2015-07-02,3.442470627616029,3.5082503211373544,3.077027885830888,3.077027885830888,36067728.0,318002752.0
2015-07-03,2.9198875068632772,3.0477924664880764,2.7700559827313693,2.7700559827313693,30881336.0,239579760.0
2015-07-06,3.0404836116523737,3.0477924664880764,2.492319498974662,2.5398270554067306,41608540.0,311516384.0
2015-07-07,2.375377821603417,2.448466369960445,2.287671563574983,2.287671563574983,18153702.0,115363896.0
2015-07-14,2.517900490899622,2.517900490899622,2.517900490899622,2.517900490899622,559543.0,3855251.25
2015-07-15,2.7700559827313693,2.7700559827313693,2.5909890392566504,2.605606748928056,70298584.0,517245056.0
2015-07-16,2.5580991924959875,2.737166135970707,2.375377821603417,2.6567687327779757,46780288.0,336012512.0
2015-07-17,2.6567687327779757,2.9235419342811286,2.649459877942273,2.9235419342811286,52155808.0,400858560.0
2015-07-20,2.967395063295345,3.0989544503379967,2.8687255230133575,3.014902619727414,65796880.0,540155712.0
2015-07-21,2.95277735362394,3.1683885712771733,2.886997660102615,3.069719030995185,53074120.0,441827584.0
2015-07-22,2.9966304826381567,3.069719030995185,2.92719636169898,3.0075937648917113,43148864.0,354788960.0
2015-07-23,3.014902619727414,3.1281898696808077,2.9783583455488998,3.102608877755848,49578052.0,416421120.0
2015-07-24,3.1245354422629563,3.2889846760662698,3.022211474563117,3.102608877755848,69683744.0,599097920.0
2015-07-27,3.0185570471452654,3.087991168084442,2.7919825472384776,2.7919825472384776,40388088.0,327329088.0
2015-07-28,2.5580991924959875,2.781019264984924,2.5142460634817705,2.6202244585994614,42226200.0,301149600.0
2015-07-29,2.6860041521207867,2.7956369746563294,2.569062474749542,2.781019264984924,30142448.0,220450640.0
2015-07-30,2.777364837567072,2.989321627802454,2.722548426299301,2.7883281198206262,46641404.0,365158304.0
2015-07-31,2.7408205633885583,2.8175635391634377,2.6531143053601243,2.7079307166278954,23217884.0,174274128.0
2015-08-03,2.704276289210044,2.7517838456421124,2.5215549183174737,2.605606748928056,20537842.0,148772688.0
2015-08-04,2.623878886017313,2.8504533859241,2.6129156037637586,2.8175635391634377,27503896.0,204732768.0
2015-08-05,2.8139091117455863,2.872379950431209,2.722548426299301,2.755438273059964,27636208.0,211717968.0
2015-08-06,2.69331300695649,2.8321812488348432,2.66773201503153,2.7737104101492207,26307876.0,199723200.0
2015-08-07,2.8066002569098836,2.9235419342811286,2.8066002569098836,2.894306514938317,43521196.0,341604000.0
2015-08-10,2.9198875068632772,3.106263305173699,2.886997660102615,3.0404836116523737,58798800.0,482828352.0
2015-08-11,3.0075937648917113,3.2158961277092417,2.963740635877494,3.102608877755848,66010976.0,551977280.0
2015-08-12,3.014902619727414,3.21224170029139,3.014902619727414,3.0953000229201453,61670712.0,527161216.0
2015-08-13,3.0368291842345227,3.1208810148451045,3.00393933747386,3.1099177325915504,41113372.0,345203904.0
2015-08-14,3.1208810148451045,3.21224170029139,3.106263305173699,3.150116434187916,49088236.0,424668352.0
2015-08-17,3.1464620067700646,3.3730365066768524,3.139153151934362,3.3328378050804863,66272612.0,594934528.0
2015-08-18,3.336492232498338,3.3511099421697437,3.0002849100560085,3.0002849100560085,56992320.0,492748064.0
2015-08-19,2.8504533859241,3.0733734584130366,2.7188939988814496,3.029520329398819,41485040.0,327612768.0
2015-08-20,2.9600862084596424,3.0258659019809677,2.8760343778490602,2.9016153697740203,29013680.0,234168656.0
2015-08-21,2.8614166681776547,2.9052697971918717,2.6531143053601243,2.678695297285084,27632944.0,210432352.0
2015-08-24,2.5471359102424334,2.5946434666745017,2.411922095781931,2.411922095781931,21804004.0,146034960.0
2015-08-25,2.170729886203738,2.2620905716500235,2.170729886203738,2.170729886203738,22054152.0,132597824.0
2015-08-26,2.2255462974715092,2.265744999067875,2.0245527894896815,2.07206034592175,27458506.0,162573056.0
2015-08-27,2.137840039443075,2.170729886203738,2.0318616443253843,2.1634210313680353,19707740.0,114368232.0
2015-08-28,2.1926564507108464,2.353451257096309,2.189002023292995,2.349796829678457,27360704.0,168679888.0
2015-08-31,2.3461424022606057,2.437503087706891,2.2693994264857262,2.353451257096309,32329876.0,208474880.0
2015-09-01,2.2913259909928345,2.316906982917794,2.126876757189521,2.141494466860927,23339232.0,140368192.0
2015-09-02,2.039170499161087,2.2255462974715092,2.009935079818276,2.083023628175304,17421212.0,100874160.0
2015-09-07,2.1195679023538183,2.2072741603822523,2.1086046201002637,2.141494466860927,15154265.0,89750664.0
2015-09-08,2.1488033216966294,2.2913259909928345,2.1012957652645614,2.2840171361571318,17905008.0,107520344.0
2015-09-09,2.294980418410686,2.4411575151247424,2.265744999067875,2.393649958692674,35277632.0,227914096.0
2015-09-10,2.3424879748427543,2.3644145393498626,2.276708281321429,2.287671563574983,19860026.0,126666664.0
2015-09-11,2.2840171361571318,2.3278702651713488,2.2292007248893606,2.276708281321429,16799616.0,104755208.0
2015-09-14,2.3205614103356456,2.3351791200070515,2.061097063668196,2.083023628175304,20293856.0,122015240.0
2015-09-15,2.039170499161087,2.1122590475181156,1.8966478298648823,1.922228821789842,18332120.0,100535432.0
2015-09-16,1.9551186685505046,2.115913474935967,1.9441553862969507,2.1012957652645614,16841920.0,93468840.0
2015-09-17,2.090332483011007,2.189002023292995,2.0318616443253843,2.035516071743236,20610436.0,118992576.0
2015-09-18,2.0574426362503444,2.1561121765323326,2.0135895072361274,2.1086046201002637,17825008.0,101631488.0
2015-09-21,2.053788208832493,2.170729886203738,2.039170499161087,2.1561121765323326,18009664.0,105192272.0
2015-09-22,2.1561121765323326,2.243818434560766,2.141494466860927,2.1963108781286977,23771916.0,142662576.0
2015-09-23,2.1195679023538183,2.3461424022606057,2.115913474935967,2.2365095797250634,32374316.0,197205696.0
2015-09-24,2.247472861978618,2.3351791200070515,2.247472861978618,2.2840171361571318,32738968.0,205561184.0
2015-09-25,2.265744999067875,2.265744999067875,2.1195679023538183,2.1305311846073725,25035316.0,150130384.0
2015-09-28,2.1634210313680353,2.221891870053658,2.126876757189521,2.181693168457292,11465532.0,68258200.0
2015-09-29,2.1488033216966294,2.159766603950184,2.090332483011007,2.1122590475181156,11534891.0,67070860.0
2015-09-30,2.1305311846073725,2.1524577491144807,2.1049501926824123,2.1232223297716697,6762067.0,39429240.0
2015-10-08,2.1926564507108464,2.247472861978618,2.1743843136215895,2.2292007248893606,18989870.0,115030048.0
2015-10-09,2.221891870053658,2.3278702651713488,2.1963108781286977,2.294980418410686,27171950.0,168727792.0
2015-10-12,2.3205614103356456,2.4338486602890397,2.309598128082092,2.3826866764391195,37991348.0,246087472.0
2015-10-13,2.349796829678457,2.6202244585994614,2.3351791200070515,2.6202244585994614,69555872.0,475849088.0
2015-10-14,2.598297894092353,2.6458054505244215,2.492319498974662,2.536172627988879,62751860.0,438712064.0
2015-10-15,2.4959739263925136,2.6384965956887183,2.4703929344675535,2.5800257570030958,50065516.0,351012672.0
2015-10-16,2.598297894092353,2.6275333134351646,2.5507903376602847,2.605606748928056,42646984.0,302001248.0
2015-10-19,2.6275333134351646,2.69331300695649,2.6019523215102045,2.61657003118161,40063296.0,289537376.0
2015-10-20,2.61657003118161,2.660423160195827,2.543481482824582,2.6348421682708674,32809840.0,233065184.0
2015-10-21,2.6275333134351646,2.631187740853016,2.3717233941855658,2.3717233941855658,35837648.0,246447968.0
2015-10-22,2.3680689667677144,2.4777017893032567,2.30594370066424,2.463084079631851,25521612.0,168486864.0
2015-10-23,2.466738507049702,2.587334611838799,2.4521207973782966,2.554444765078136,32045528.0,222017488.0
2015-10-26,2.5946434666745017,2.649459877942273,2.5398270554067306,2.631187740853016,40189408.0,285326464.0
2015-10-27,2.605606748928056,2.704276289210044,2.5215549183174737,2.6860041521207867,49348976.0,354023840.0
2015-10-28,2.675040869867233,2.6860041521207867,2.561753619913839,2.5763713295852444,37166208.0,266378672.0
2015-10-29,2.5946434666745017,2.8358356762526946,2.5836801844209476,2.8358356762526946,50904280.0,384750496.0
2015-10-30,2.9235419342811286,3.0587557487416306,2.8139091117455863,2.894306514938317,110612032.0,883597696.0
2015-11-02,2.7627471278956666,2.8358356762526946,2.631187740853016,2.6823497247029353,52946928.0,399867712.0
2015-11-03,2.66773201503153,2.704276289210044,2.561753619913839,2.598297894092353,30095532.0,216206720.0
2015-11-04,2.631187740853016,2.7408205633885583,2.623878886017313,2.7335117085528555,32421048.0,238489872.0
2015-11-05,2.744474990806409,2.846798958506249,2.6896585795386385,2.759092700477815,46757932.0,353039584.0
2015-11-06,2.737166135970707,2.8504533859241,2.7262028537171523,2.8504533859241,46372324.0,353867872.0
2015-11-09,2.8139091117455863,2.9747039181310484,2.759092700477815,2.9235419342811286,55665732.0,438255392.0
2015-11-10,2.8796888052669116,2.883343232684763,2.8139091117455863,2.8541078133419515,45667552.0,356498656.0
2015-11-11,2.9198875068632772,2.9564317810417915,2.8321812488348432,2.886997660102615,32408132.0,255033792.0
2015-11-12,2.8687255230133575,2.938159643952534,2.7956369746563294,2.9052697971918717,44369104.0,346659744.0
2015-11-13,2.916233079445426,3.0075937648917113,2.894306514938317,2.9600862084596424,76216096.0,618074112.0
2015-11-16,2.8796888052669116,3.029520329398819,2.8504533859241,3.014902619727414,47815320.0,387230848.0
2015-11-17,3.0112481923095626,3.1135721600094017,2.963740635877494,2.9856672003846025,68992552.0,573079808.0
2015-11-18,2.9856672003846025,2.989321627802454,2.8504533859241,2.8687255230133575,31541580.0,253183728.0
2015-11-19,2.8687255230133575,2.916233079445426,2.8321812488348432,2.9052697971918717,20991022.0,165643808.0
2015-11-20,2.894306514938317,2.967395063295345,2.8796888052669116,2.941814071370386,26440068.0,211559200.0
2015-11-23,2.941814071370386,3.0075937648917113,2.916233079445426,2.9783583455488998,35349572.0,286992672.0
2015-11-24,2.967395063295345,2.989321627802454,2.8687255230133575,2.9345052165346828,23216220.0,185478864.0
2015-11-25,2.9308507891168314,2.9454684987882374,2.8979609423561685,2.9345052165346828,21292868.0,170487952.0
2015-11-26,2.941814071370386,2.9491229262060887,2.8906520875204658,2.8979609423561685,22581488.0,180237728.0
2015-11-27,2.872379950431209,2.8979609423561685,2.6129156037637586,2.6348421682708674,30120304.0,227840736.0
2015-11-30,2.6129156037637586,2.678695297285084,2.463084079631851,2.631187740853016,20099024.0,142961296.0
2015-12-01,2.6348421682708674,2.6860041521207867,2.61657003118161,2.6567687327779757,14259296.0,103705728.0
2015-12-02,2.66773201503153,2.671386442449381,2.5909890392566504,2.660423160195827,11488824.0,83170096.0
2015-12-03,2.6640775876136784,2.7079307166278954,2.6531143053601243,2.7006218617921927,11460616.0,84353760.0
2015-12-04,2.7006218617921927,2.7298572811350037,2.6567687327779757,2.6860041521207867,13719875.0,101284256.0
2015-12-07,2.69331300695649,2.7298572811350037,2.675040869867233,2.715239571463598,10062503.0,74535560.0
2015-12-08,2.69331300695649,2.6969674343743413,2.6092611763459073,2.6202244585994614,12062312.0,87117720.0
2015-12-09,2.6202244585994614,2.6640775876136784,2.561753619913839,2.6202244585994614,15311397.0,109639464.0
2015-12-10,2.6129156037637586,2.6531143053601243,2.5909890392566504,2.6092611763459073,11012143.0,78830144.0
2015-12-11,2.5946434666745017,2.5946434666745017,2.5507903376602847,2.5580991924959875,9688660.0,68131256.0
2015-12-14,2.525209345735325,2.623878886017313,2.525209345735325,2.6202244585994614,9278300.0,65484636.0
2015-12-15,2.61657003118161,2.6896585795386385,2.6019523215102045,2.6384965956887183,13137874.0,95017584.0
2015-12-16,2.6458054505244215,2.678695297285084,2.6202244585994614,2.631187740853016,10997361.0,79791144.0
2015-12-17,2.64215102310657,2.69331300695649,2.6384965956887183,2.69331300695649,17457560.0,127913584.0
2015-12-18,2.678695297285084,2.7006218617921927,2.6458054505244215,2.649459877942273,15059153.0,110106256.0
2015-12-21,2.6384965956887183,2.7188939988814496,2.631187740853016,2.704276289210044,16728134.0,122841120.0
2015-12-22,2.715239571463598,2.7481294182242606,2.6969674343743413,2.7408205633885583,16656152.0,123981096.0
2015-12-23,2.7517838456421124,2.759092700477815,2.704276289210044,2.7079307166278954,15052438.0,112639360.0
2015-12-24,2.7006218617921927,2.715239571463598,2.6384965956887183,2.675040869867233,11898119.0,86930256.0
2015-12-25,2.671386442449381,2.7335117085528555,2.671386442449381,2.715239571463598,11175025.0,82744856.0
2015-12-28,2.759092700477815,2.802945829492032,2.7006218617921927,2.7006218617921927,28306590.0,213232128.0
2015-12-29,2.678695297285084,2.722548426299301,2.66773201503153,2.722548426299301,10012976.0,73865880.0
2015-12-30,2.7262028537171523,2.759092700477815,2.6969674343743413,2.759092700477815,14501809.0,108514288.0
2015-12-31,2.7335117085528555,2.766401555313518,2.7079307166278954,2.7079307166278954,13548647.0,101599384.0
2016-01-04,2.7006218617921927,2.7006218617921927,2.437503087706891,2.437503087706891,14111623.0,99555736.0
2016-01-05,2.35710568451416,2.4703929344675535,2.2840171361571318,2.4082676683640796,16331617.0,107093152.0
2016-01-06,2.4155765231997828,2.474047361885405,2.400958813528377,2.474047361885405,10766706.0,71946112.0
2016-01-07,2.448466369960445,2.448466369960445,2.2255462974715092,2.2292007248893606,2500831.0,16002408.0
2016-01-08,2.309598128082092,2.338833547424903,2.1743843136215895,2.2840171361571318,12557793.0,78167896.0
2016-01-11,2.2292007248893606,2.2913259909928345,2.0574426362503444,2.0866780555931554,15113069.0,91061752.0
2016-01-12,2.1012957652645614,2.141494466860927,2.0757147733396013,2.115913474935967,11401829.0,65859168.0
2016-01-13,2.137840039443075,2.159766603950184,2.090332483011007,2.1012957652645614,9271326.0,54065048.0
2016-01-14,2.0026262249825733,2.1634210313680353,1.9953173701468703,2.145148894278778,8764247.0,50083500.0
2016-01-15,2.1195679023538183,2.137840039443075,2.0135895072361274,2.0428249265789384,7502065.0,42891104.0
2016-01-18,2.0026262249825733,2.090332483011007,1.9806996604754645,2.061097063668196,7541753.0,42375676.0
2016-01-19,2.053788208832493,2.137840039443075,2.04647935399679,2.1305311846073725,8076878.0,46440560.0
2016-01-20,2.1305311846073725,2.159766603950184,2.09764133784671,2.1488033216966294,10040735.0,58617044.0
2016-01-21,2.1122590475181156,2.1743843136215895,2.064751491086047,2.064751491086047,7726617.0,44840168.0
2016-01-22,2.0866780555931554,2.1049501926824123,2.0318616443253843,2.090332483011007,5211891.0,29624850.0
2016-01-25,2.1012957652645614,2.141494466860927,2.0939869104288586,2.115913474935967,4935773.0,28568718.0
2016-01-26,2.0939869104288586,2.1086046201002637,1.903956684700585,1.929537676625545,7236927.0,39923220.0
2016-01-27,1.940500958879099,1.9697363782219104,1.816250426672151,1.922228821789842,9418003.0,49072248.0
2016-01-28,1.9003022572827337,1.9368465314612477,1.8454858460149624,1.8564491282685167,5114374.0,26624306.0
2016-01-29,1.8454858460149624,1.9587730959683562,1.8454858460149624,1.940500958879099,9142100.0,47798216.0
2016-02-01,1.9441553862969507,1.9587730959683562,1.9003022572827337,1.940500958879099,7052795.0,37385864.0
2016-02-02,1.940500958879099,2.0062806524004246,1.929537676625545,1.991662942729019,6087448.0,32998534.0
2016-02-03,1.966081950804059,1.991662942729019,1.9441553862969507,1.991662942729019,4993581.0,26845556.0
2016-02-04,1.991662942729019,2.0501337814146416,1.9880085153111675,2.0318616443253843,6844286.0,37888212.0
2016-02-05,2.035516071743236,2.1012957652645614,2.009935079818276,2.009935079818276,7972280.0,44683516.0
2016-02-15,1.9368465314612477,1.9989717975647217,1.9076111121184363,1.9770452330576134,5768061.0,30925192.0
2016-02-16,1.9806996604754645,2.0684059185038985,1.9806996604754645,2.064751491086047,8657230.0,48462256.0
2016-02-17,2.0574426362503444,2.1012957652645614,2.039170499161087,2.0866780555931554,13056677.0,74026032.0
2016-02-18,2.1049501926824123,2.1670754587858867,2.0684059185038985,2.090332483011007,18267766.0,105547848.0
2016-02-19,2.0757147733396013,2.090332483011007,2.039170499161087,2.07206034592175,10278541.0,58201968.0
2016-02-22,2.083023628175304,2.1488033216966294,2.083023628175304,2.1305311846073725,13191884.0,76569592.0
2016-02-23,2.126876757189521,2.1488033216966294,2.083023628175304,2.1122590475181156,9145400.0,53039884.0
2016-02-24,2.1012957652645614,2.141494466860927,2.090332483011007,2.141494466860927,9287059.0,53754128.0
2016-02-25,2.1232223297716697,2.134185612025224,1.9258832492076934,1.9514642411326533,11826637.0,65717548.0
2016-02-26,1.973390805639762,1.991662942729019,1.9185743943719906,1.9624275233862076,6641197.0,35738656.0
2016-02-29,1.9697363782219104,1.9697363782219104,1.8272137089257054,1.8564491282685167,9786725.0,49955916.0
2016-03-01,1.8710668379399225,1.903956684700585,1.8527947008506653,1.8966478298648823,7343764.0,37810212.0
2016-03-02,1.9003022572827337,1.991662942729019,1.8966478298648823,1.984354087893316,10082621.0,53907084.0
2016-03-03,1.984354087893316,2.061097063668196,1.984354087893316,1.9989717975647217,11313025.0,62526152.0
2016-03-04,2.0135895072361274,2.1195679023538183,2.0135895072361274,2.064751491086047,22847420.0,129616216.0
2016-03-07,2.083023628175304,2.134185612025224,2.0318616443253843,2.1195679023538183,23275402.0,132985128.0
2016-03-08,2.1012957652645614,2.1634210313680353,1.9770452330576134,2.1012957652645614,24591348.0,139810448.0
2016-03-09,2.035516071743236,2.053788208832493,2.009935079818276,2.0172439346539788,11176233.0,62093776.0
2016-03-10,2.028207216907533,2.04647935399679,1.9551186685505046,1.966081950804059,7938465.0,43510324.0
2016-03-11,1.9514642411326533,1.9770452330576134,1.9368465314612477,1.966081950804059,4835215.0,25920000.0
2016-03-14,1.991662942729019,2.04647935399679,1.9880085153111675,2.035516071743236,8885587.0,49266124.0
2016-03-15,2.0245527894896815,2.028207216907533,1.9806996604754645,2.0062806524004246,6263258.0,34413492.0
2016-03-16,2.02089836207183,2.028207216907533,1.9806996604754645,1.9880085153111675,4739091.0,25966892.0
2016-03-17,1.9953173701468703,2.039170499161087,1.9953173701468703,2.035516071743236,8215470.0,45475392.0
2016-03-18,2.0501337814146416,2.09764133784671,2.0428249265789384,2.090332483011007,13223894.0,75248624.0
2016-03-21,2.1049501926824123,2.1305311846073725,2.1012957652645614,2.126876757189521,16423552.0,95133688.0
2016-03-22,2.1195679023538183,2.1305311846073725,2.0793692007574527,2.09764133784671,10776819.0,62162304.0
2016-03-23,2.1012957652645614,2.1195679023538183,2.090332483011007,2.115913474935967,8386807.0,48280676.0
2016-03-24,2.1012957652645614,2.1488033216966294,2.07206034592175,2.0939869104288586,15447908.0,89362944.0
2016-03-25,2.1049501926824123,2.1634210313680353,2.0939869104288586,2.1195679023538183,12271138.0,71379472.0
2016-03-28,2.137840039443075,2.221891870053658,2.137840039443075,2.170729886203738,20257648.0,120883272.0
2016-03-29,2.1634210313680353,2.203619732964401,2.1086046201002637,2.145148894278778,17025510.0,100607968.0
2016-03-30,2.1561121765323326,2.2109285878001033,2.1195679023538183,2.203619732964401,22493132.0,133309056.0
2016-03-31,2.2109285878001033,2.30594370066424,2.189002023292995,2.2730538539035776,33847672.0,209659584.0
2016-04-01,2.232855152307212,2.2584361442321716,2.1561121765323326,2.199965305546549,20996728.0,126540288.0
2016-04-05,2.2145830152179546,2.2401640071429147,2.189002023292995,2.232855152307212,16004115.0,97281080.0
2016-04-06,2.2182374426358065,2.2401640071429147,2.1926564507108464,2.2255462974715092,14301059.0,86675624.0
2016-04-07,2.2292007248893606,2.2292007248893606,2.170729886203738,2.1743843136215895,12169905.0,73104896.0
2016-04-08,2.159766603950184,2.1670754587858867,2.1232223297716697,2.141494466860927,9526097.0,55878652.0
2016-04-11,2.1670754587858867,2.2255462974715092,2.1634210313680353,2.2109285878001033,13615822.0,82229624.0
2016-04-12,2.1963108781286977,2.2072741603822523,2.1561121765323326,2.181693168457292,10140058.0,60381272.0
2016-04-13,2.189002023292995,2.276708281321429,2.189002023292995,2.2365095797250634,24427640.0,149365904.0
2016-04-14,2.2365095797250634,2.247472861978618,2.2109285878001033,2.2365095797250634,15272889.0,92988952.0
2016-04-15,2.2584361442321716,2.265744999067875,2.2255462974715092,2.2401640071429147,13014327.0,79820232.0
2016-04-18,2.221891870053658,2.221891870053658,2.1853475958751436,2.189002023292995,10173957.0,61167216.0
2016-04-19,2.1963108781286977,2.2182374426358065,2.178038741039441,2.1963108781286977,7243800.0,43495212.0
2016-04-20,2.2072741603822523,2.2072741603822523,2.0428249265789384,2.083023628175304,16372244.0,94529688.0
2016-04-21,2.083023628175304,2.1122590475181156,2.053788208832493,2.07206034592175,7299952.0,41697728.0
2016-04-22,2.061097063668196,2.090332483011007,2.04647935399679,2.090332483011007,6787730.0,38504128.0
2016-04-25,2.090332483011007,2.0939869104288586,2.0428249265789384,2.0793692007574527,7085586.0,39956836.0
2016-04-26,2.0793692007574527,2.0939869104288586,2.053788208832493,2.0939869104288586,7107107.0,40349480.0
2016-04-27,2.090332483011007,2.1049501926824123,2.07206034592175,2.07206034592175,7745507.0,44288768.0
2016-04-28,2.07206034592175,2.083023628175304,2.028207216907533,2.0684059185038985,6909355.0,38838776.0
2016-04-29,2.0574426362503444,2.0684059185038985,2.0428249265789384,2.064751491086047,4981815.0,28043752.0
2016-05-03,2.064751491086047,2.1195679023538183,2.0574426362503444,2.115913474935967,7324694.0,42106404.0
2016-05-04,2.115913474935967,2.137840039443075,2.1012957652645614,2.1232223297716697,8399995.0,48849212.0
2016-05-05,2.1305311846073725,2.141494466860927,2.1086046201002637,2.134185612025224,6194843.0,36040112.0
2016-05-06,2.134185612025224,2.137840039443075,2.0501337814146416,2.053788208832493,8491888.0,48506784.0
2016-05-09,2.053788208832493,2.053788208832493,1.9478098137148019,1.9806996604754645,9049011.0,49389924.0
2016-05-10,1.9770452330576134,2.02089836207183,1.9624275233862076,1.991662942729019,5385975.0,29255246.0
2016-05-11,1.9989717975647217,2.0062806524004246,1.9624275233862076,1.9806996604754645,5431492.0,29526782.0
2016-05-12,1.9551186685505046,1.966081950804059,1.878375692775625,1.929537676625545,11489003.0,60043088.0
2016-05-13,1.911265539536288,1.9551186685505046,1.903956684700585,1.911265539536288,5871214.0,30959782.0
2016-05-16,1.9076111121184363,1.9368465314612477,1.8893389750291794,1.9368465314612477,4969376.0,26077676.0
2016-05-17,1.940500958879099,2.064751491086047,1.9149199669541392,1.9989717975647217,15789340.0,86500584.0
2016-05-18,1.9478098137148019,1.9587730959683562,1.8929934024470307,1.911265539536288,9797127.0,51548356.0
2016-05-19,1.911265539536288,1.9478098137148019,1.9003022572827337,1.9149199669541392,4871895.0,25690000.0
2016-05-20,1.9185743943719906,1.940500958879099,1.8820301201934766,1.9331921040433964,5044810.0,26514832.0
2016-05-23,1.9331921040433964,1.9551186685505046,1.929537676625545,1.9514642411326533,6038691.0,32109378.0
2016-05-24,1.9551186685505046,1.9880085153111675,1.9076111121184363,1.9624275233862076,9991768.0,53300864.0
2016-05-25,1.9551186685505046,1.973390805639762,1.9258832492076934,1.929537676625545,6454520.0,34480368.0
2016-05-26,1.9331921040433964,1.9478098137148019,1.8929934024470307,1.929537676625545,5593681.0,29348884.0
2016-05-27,1.929537676625545,1.9441553862969507,1.922228821789842,1.9331921040433964,4234876.0,22415892.0
2016-05-30,1.929537676625545,1.940500958879099,1.9003022572827337,1.922228821789842,3715804.0,19554752.0
2016-05-31,1.922228821789842,1.9880085153111675,1.9185743943719906,1.984354087893316,10956846.0,58997924.0
2016-06-01,1.9806996604754645,2.028207216907533,1.973390805639762,1.984354087893316,10650821.0,58163820.0
2016-06-02,1.973390805639762,1.9989717975647217,1.9624275233862076,1.9953173701468703,7429030.0,40348080.0
2016-06-03,1.9880085153111675,2.0062806524004246,1.9806996604754645,1.9953173701468703,7049591.0,38456132.0
2016-06-06,1.9989717975647217,2.009935079818276,1.9880085153111675,1.991662942729019,5841808.0,31946586.0
2016-06-07,1.991662942729019,2.0026262249825733,1.984354087893316,1.9989717975647217,5555632.0,30294048.0
2016-06-08,1.9953173701468703,2.009935079818276,1.973390805639762,1.9989717975647217,7593928.0,41436880.0
2016-06-13,1.973390805639762,1.9770452330576134,1.922228821789842,1.922228821789842,8492176.0,45475056.0
2016-06-14,1.9185743943719906,1.9368465314612477,1.8966478298648823,1.922228821789842,5674110.0,29763672.0
2016-06-15,1.903956684700585,1.9697363782219104,1.8929934024470307,1.9624275233862076,8324860.0,44499796.0
2016-06-16,1.9624275233862076,1.9953173701468703,1.9624275233862076,1.9697363782219104,9010511.0,48887324.0
2016-06-17,1.991662942729019,2.0062806524004246,1.9770452330576134,1.9880085153111675,11021494.0,60129272.0
2016-06-20,1.9989717975647217,1.9989717975647217,1.9514642411326533,1.984354087893316,6807104.0,36809120.0
2016-06-21,1.9953173701468703,2.0062806524004246,1.9587730959683562,1.9624275233862076,8442608.0,45894416.0
2016-06-22,1.966081950804059,1.984354087893316,1.9551186685505046,1.984354087893316,5931125.0,32023692.0
2016-06-23,1.984354087893316,1.9880085153111675,1.9697363782219104,1.9770452330576134,4962912.0,26872788.0
2016-06-24,1.9770452330576134,1.9953173701468703,1.9076111121184363,1.940500958879099,7651782.0,40846700.0
2016-06-27,1.922228821789842,1.973390805639762,1.9185743943719906,1.973390805639762,6609870.0,35351324.0
2016-06-28,1.966081950804059,2.0172439346539788,1.9587730959683562,2.0062806524004246,9783188.0,53188940.0
2016-06-29,1.9953173701468703,2.02089836207183,1.9953173701468703,2.0062806524004246,10932576.0,60035528.0
2016-06-30,2.0135895072361274,2.02089836207183,1.9880085153111675,2.0026262249825733,7663473.0,41996256.0
2016-07-01,2.0026262249825733,2.0135895072361274,1.991662942729019,2.0026262249825733,5672992.0,31106168.0
2016-07-04,1.9989717975647217,2.039170499161087,1.9880085153111675,2.039170499161087,12582801.0,69742008.0
2016-07-05,2.0318616443253843,2.0939869104288586,2.02089836207183,2.0793692007574527,17959454.0,101734376.0
2016-07-06,2.0684059185038985,2.0793692007574527,2.04647935399679,2.0757147733396013,9356539.0,52796528.0
2016-07-07,2.0684059185038985,2.141494466860927,2.0684059185038985,2.1122590475181156,21373732.0,123094288.0
2016-07-08,2.09764133784671,2.2292007248893606,2.07206034592175,2.1853475958751436,35330936.0,208806688.0
2016-07-11,2.1561121765323326,2.189002023292995,2.115913474935967,2.141494466860927,29754764.0,174433920.0
2016-07-12,2.141494466860927,2.1488033216966294,2.083023628175304,2.1232223297716697,16685968.0,96575976.0
2016-07-13,2.2102706617564483,2.2178400818309565,2.1799929814584145,2.1951318216074314,13300465.0,77258928.0
2016-07-14,2.191347111570177,2.20270124168194,2.1799929814584145,2.1951318216074314,9106866.0,52777036.0
2016-07-15,2.1951318216074314,2.20270124168194,2.1762082714211606,2.183777691495669,6811788.0,39388940.0
2016-07-18,2.1799929814584145,2.191347111570177,2.1610694312721437,2.1762082714211606,7584777.0,43598636.0
2016-07-19,2.1686388513466524,2.183777691495669,2.1648541413093976,2.1799929814584145,5292510.0,30371028.0
2016-07-20,2.1799929814584145,2.191347111570177,2.1724235613839062,2.1762082714211606,5541889.0,31931376.0
2016-07-21,2.1799929814584145,2.1951318216074314,2.1686388513466524,2.1762082714211606,6702185.0,38642976.0
2016-07-22,2.1686388513466524,2.187562401532923,2.142145881085873,2.145930591123127,7510501.0,42966068.0
2016-07-25,2.145930591123127,2.187562401532923,2.145930591123127,2.1724235613839062,8527702.0,48969848.0
2016-07-26,2.1762082714211606,2.20270124168194,2.1686388513466524,2.1989165316446853,7986844.0,46314060.0
2016-07-27,2.20270124168194,2.2481177621289903,2.0929446506015683,2.13079175097411,19889104.0,114055064.0
2016-07-28,2.1156529108250934,2.2254095019054647,2.111868200787839,2.2178400818309565,25348608.0,146893600.0
2016-07-29,2.206485951719194,2.2405483420544816,2.1535000111976355,2.1610694312721437,13263455.0,77012800.0
2016-08-01,2.1345764610113642,2.149715301160381,2.096729360638822,2.13079175097411,10027522.0,56202100.0
2016-08-02,2.13079175097411,2.142145881085873,2.1042987807133304,2.142145881085873,6785426.0,38063432.0
2016-08-03,2.13079175097411,2.2102706617564483,2.127007040936856,2.2102706617564483,15255019.0,88006040.0
2016-08-04,2.1989165316446853,2.2594718922407524,2.1762082714211606,2.2594718922407524,23748856.0,139726896.0
2016-08-05,2.263256602278007,2.4184297138054287,2.2594718922407524,2.3011037026505488,48150900.0,297334304.0
2016-08-08,2.267041312315261,2.3200272528368195,2.244333052091736,2.3200272528368195,19842228.0,119324512.0
2016-08-09,2.3011037026505488,2.3389508030230903,2.285964862501532,2.3048884126878026,12116669.0,73832328.0
2016-08-10,2.3124578327623113,2.3200272528368195,2.2481177621289903,2.2556871822034985,13842679.0,83288664.0
2016-08-11,2.2481177621289903,2.3011037026505488,2.244333052091736,2.2594718922407524,9663447.0,57990148.0
2016-08-12,2.270826022352515,2.285964862501532,2.2481177621289903,2.285964862501532,7508904.0,44994952.0
2016-08-15,2.2746107323897693,2.3578743532093616,2.2746107323897693,2.3200272528368195,19473002.0,119244952.0
2016-08-16,2.3162425427995657,2.3389508030230903,2.308673122725057,2.3124578327623113,10838186.0,66368948.0
2016-08-17,2.3200272528368195,2.3540896431721072,2.3011037026505488,2.3351660929858364,14035523.0,86428424.0
2016-08-18,2.3351660929858364,2.3805826134328867,2.3200272528368195,2.361659063246616,19521870.0,121194208.0
2016-08-19,2.3540896431721072,2.384367323470141,2.331381382948582,2.342735513060345,13140615.0,81684952.0
2016-08-22,2.342735513060345,2.342735513060345,2.267041312315261,2.270826022352515,11578114.0,70275928.0
2016-08-23,2.282180152464278,2.29353428257604,2.263256602278007,2.278395442427023,5763383.0,34665508.0
2016-08-24,2.278395442427023,2.289749572538786,2.267041312315261,2.282180152464278,4948402.0,29795524.0
2016-08-25,2.270826022352515,2.270826022352515,2.206485951719194,2.2367636320172277,8140259.0,48123508.0
2016-08-26,2.244333052091736,2.251902472166244,2.2329789219799734,2.2367636320172277,5611550.0,33235832.0
2016-08-29,2.2367636320172277,2.2594718922407524,2.2329789219799734,2.2594718922407524,4593006.0,27303238.0
2016-08-30,2.2594718922407524,2.278395442427023,2.251902472166244,2.2556871822034985,4472066.0,26770170.0
2016-08-31,2.263256602278007,2.267041312315261,2.2329789219799734,2.2556871822034985,4473468.0,26585890.0
2016-09-01,2.2594718922407524,2.289749572538786,2.2405483420544816,2.244333052091736,7106811.0,42640752.0
2016-09-02,2.244333052091736,2.2556871822034985,2.2254095019054647,2.2329789219799734,4943975.0,29245332.0
2016-09-05,2.2329789219799734,2.2594718922407524,2.229194211942719,2.244333052091736,4942002.0,29315676.0
2016-09-06,2.244333052091736,2.263256602278007,2.214055371793702,2.2594718922407524,7073543.0,41807160.0
2016-09-07,2.2556871822034985,2.282180152464278,2.251902472166244,2.267041312315261,7525274.0,45124256.0
2016-09-08,2.2594718922407524,2.282180152464278,2.2594718922407524,2.278395442427023,6187735.0,37184268.0
2016-09-09,2.278395442427023,2.2973189926132944,2.267041312315261,2.270826022352515,6629009.0,40003580.0
2016-09-12,2.2367636320172277,2.2481177621289903,2.1951318216074314,2.206485951719194,7242478.0,42517400.0
2016-09-13,2.2178400818309565,2.2254095019054647,2.20270124168194,2.2254095019054647,3954065.0,23156468.0
2016-09-14,2.214055371793702,2.2254095019054647,2.20270124168194,2.214055371793702,3281101.0,19207358.0
2016-09-19,2.2254095019054647,2.2481177621289903,2.2178400818309565,2.2481177621289903,3698871.0,21831488.0
2016-09-20,2.2481177621289903,2.2594718922407524,2.2178400818309565,2.229194211942719,3815141.0,22537530.0
2016-09-21,2.2254095019054647,2.2556871822034985,2.2254095019054647,2.2481177621289903,3494380.0,20751200.0
2016-09-22,2.263256602278007,2.270826022352515,2.2556871822034985,2.2556871822034985,4416256.0,26398152.0
2016-09-23,2.2594718922407524,2.267041312315261,2.2367636320172277,2.2367636320172277,3027627.0,18013492.0
2016-09-26,2.2367636320172277,2.2594718922407524,2.2254095019054647,2.2367636320172277,5862905.0,34754028.0
2016-09-27,2.229194211942719,2.2556871822034985,2.1989165316446853,2.2367636320172277,6815977.0,40182100.0
2016-09-28,2.251902472166244,2.3048884126878026,2.2405483420544816,2.3011037026505488,16649199.0,100161208.0
2016-09-29,2.289749572538786,2.3048884126878026,2.270826022352515,2.282180152464278,8160452.0,49254892.0
2016-09-30,2.278395442427023,2.282180152464278,2.263256602278007,2.278395442427023,5779646.0,34718248.0
2016-10-10,2.289749572538786,2.3200272528368195,2.2746107323897693,2.3124578327623113,10342434.0,62790172.0
2016-10-11,2.3124578327623113,2.369228483321124,2.2973189926132944,2.327596672911328,15180233.0,93579640.0
2016-10-12,2.3200272528368195,2.3200272528368195,2.29353428257604,2.3048884126878026,10015818.0,60968920.0
2016-10-13,2.3048884126878026,2.331381382948582,2.289749572538786,2.3200272528368195,7442065.0,45529380.0
2016-10-14,2.3200272528368195,2.327596672911328,2.289749572538786,2.3124578327623113,5324976.0,32404464.0
2016-10-17,2.3200272528368195,2.3540896431721072,2.3048884126878026,2.3124578327623113,11829373.0,72896640.0
2016-10-18,2.308673122725057,2.3389508030230903,2.29353428257604,2.3351660929858364,8205814.0,50245984.0
2016-10-19,2.342735513060345,2.3578743532093616,2.3200272528368195,2.346520223097599,10470056.0,64824304.0
2016-10-20,2.342735513060345,2.342735513060345,2.308673122725057,2.3200272528368195,12286557.0,75356568.0
2016-10-21,2.3200272528368195,2.36544377328387,2.308673122725057,2.331381382948582,17781800.0,109604560.0
2016-10-24,2.331381382948582,2.3578743532093616,2.308673122725057,2.342735513060345,13717890.0,84755128.0
2016-10-25,2.3389508030230903,2.3540896431721072,2.331381382948582,2.3389508030230903,7247625.0,44861080.0
2016-10-26,2.342735513060345,2.376797903395633,2.331381382948582,2.369228483321124,14861477.0,92344368.0
2016-10-27,2.3578743532093616,2.376797903395633,2.346520223097599,2.361659063246616,10127389.0,63204500.0
2016-10-28,2.36544377328387,2.36544377328387,2.3162425427995657,2.3200272528368195,9996373.0,61703868.0
2016-10-31,2.3200272528368195,2.327596672911328,2.29353428257604,2.327596672911328,6345501.0,38783612.0
2016-11-01,2.3389508030230903,2.3389508030230903,2.308673122725057,2.331381382948582,7531985.0,46307580.0
2016-11-02,2.327596672911328,2.331381382948582,2.3048884126878026,2.3124578327623113,6699271.0,41005348.0
2016-11-03,2.308673122725057,2.331381382948582,2.2973189926132944,2.3200272528368195,10003232.0,61183380.0
2016-11-04,2.3200272528368195,2.369228483321124,2.308673122725057,2.3351660929858364,19259676.0,119215952.0
2016-11-07,2.331381382948582,2.3540896431721072,2.331381382948582,2.3389508030230903,8770461.0,54241424.0
2016-11-08,2.342735513060345,2.3578743532093616,2.3351660929858364,2.346520223097599,10635776.0,65916612.0
2016-11-09,2.346520223097599,2.3578743532093616,2.308673122725057,2.327596672911328,9499910.0,58574600.0
2016-11-10,2.3389508030230903,2.384367323470141,2.3389508030230903,2.376797903395633,20589768.0,128842896.0
2016-11-11,2.3805826134328867,2.4146450037681744,2.36544377328387,2.4108602937309205,19615964.0,124348424.0
2016-11-14,2.403290873656412,2.524401594848546,2.3919367435446492,2.4903392045132584,34706588.0,226500160.0
2016-11-15,2.5206168848112918,2.5925263755191215,2.467630944289733,2.4752003643642415,39791756.0,266288400.0
2016-11-16,2.4941239145505123,2.5546792751465794,2.4524921041407164,2.509262754699529,26000840.0,172012880.0
2016-11-17,2.5281863048858,2.539540434997563,2.478985074401496,2.4903392045132584,22548284.0,149448176.0
2016-11-18,2.467630944289733,2.4903392045132584,2.433568553954445,2.448707394103462,16040937.0,103993480.0
2016-11-21,2.441137974028954,2.4714156543269876,2.433568553954445,2.441137974028954,13741022.0,88860128.0
2016-11-22,2.444922684066208,2.478985074401496,2.444922684066208,2.4714156543269876,10599865.0,69096848.0
2016-11-23,2.478985074401496,2.4941239145505123,2.433568553954445,2.441137974028954,11184043.0,72722920.0
2016-11-24,2.4297838439171913,2.441137974028954,2.4108602937309205,2.422214423842683,8579199.0,54986328.0
2016-11-25,2.422214423842683,2.441137974028954,2.388152033507395,2.4373532639917,9556597.0,60832444.0
2016-11-28,2.441137974028954,2.5736028253328507,2.441137974028954,2.4979086245877666,24076792.0,159717552.0
2016-11-29,2.4752003643642415,2.5584639851838338,2.4524921041407164,2.4979086245877666,22894952.0,150925040.0
2016-11-30,2.4827697844387497,2.543325145034817,2.463846234252479,2.5054780446622753,16609599.0,110004960.0
2016-12-01,2.5054780446622753,2.547109855072071,2.4903392045132584,2.5281863048858,13242767.0,88371808.0
2016-12-02,2.5281863048858,2.5357557249603087,2.444922684066208,2.444922684066208,14010923.0,91881264.0
2016-12-05,2.403290873656412,2.444922684066208,2.403290873656412,2.4146450037681744,8772154.0,56088952.0
2016-12-06,2.4146450037681744,2.4297838439171913,2.4146450037681744,2.425999133879937,4934551.0,31590182.0
2016-12-07,2.425999133879937,2.4714156543269876,2.403290873656412,2.4600615242152246,8446120.0,54357364.0
2016-12-08,2.4600615242152246,2.4941239145505123,2.448707394103462,2.463846234252479,8012700.0,52414472.0
2016-12-09,2.463846234252479,2.478985074401496,2.4524921041407164,2.463846234252479,5620019.0,36646308.0
2016-12-12,2.467630944289733,2.4979086245877666,2.327596672911328,2.331381382948582,16649110.0,106628120.0
2016-12-13,2.3351660929858364,2.3995061636191575,2.289749572538786,2.373013193358378,8740737.0,54113676.0
2016-12-14,2.369228483321124,2.388152033507395,2.3503049331348533,2.3503049331348533,5915602.0,37028372.0
2016-12-15,2.346520223097599,2.384367323470141,2.323811962874074,2.3503049331348533,6823648.0,42520560.0
2016-12-16,2.346520223097599,2.384367323470141,2.342735513060345,2.373013193358378,4991641.0,31249386.0
2016-12-19,2.369228483321124,2.388152033507395,2.36544377328387,2.3805826134328867,4961103.0,31196462.0
2016-12-20,2.36544377328387,2.422214423842683,2.36544377328387,2.407075583693666,7752010.0,49123636.0
2016-12-21,2.3957214535819036,2.4524921041407164,2.3919367435446492,2.4524921041407164,9838266.0,63082704.0
2016-12-22,2.448707394103462,2.4714156543269876,2.4297838439171913,2.4373532639917,8326770.0,53809388.0
2016-12-23,2.4373532639917,2.463846234252479,2.384367323470141,2.4373532639917,10050140.0,64173008.0
2016-12-26,2.4146450037681744,2.4373532639917,2.369228483321124,2.4297838439171913,8631737.0,54837676.0
2016-12-27,2.4184297138054287,2.4524921041407164,2.4108602937309205,2.433568553954445,8131488.0,52257984.0
2016-12-28,2.4297838439171913,2.4524921041407164,2.407075583693666,2.4108602937309205,6103368.0,39199388.0
2016-12-29,2.407075583693666,2.4108602937309205,2.3540896431721072,2.376797903395633,7025836.0,44277412.0
2016-12-30,2.36544377328387,2.3919367435446492,2.361659063246616,2.376797903395633,3479337.0,21865026.0
2017-01-03,2.3805826134328867,2.4146450037681744,2.376797903395633,2.4108602937309205,4699985.0,29857636.0
2017-01-04,2.4108602937309205,2.448707394103462,2.4108602937309205,2.441137974028954,8515213.0,54780964.0
2017-01-05,2.444922684066208,2.478985074401496,2.433568553954445,2.444922684066208,9374633.0,60804212.0
2017-01-06,2.441137974028954,2.5054780446622753,2.441137974028954,2.486554494476004,16739723.0,109752304.0
2017-01-09,2.478985074401496,2.509262754699529,2.4600615242152246,2.4903392045132584,11516273.0,75538456.0
2017-01-10,2.4903392045132584,2.4979086245877666,2.467630944289733,2.4752003643642415,7961752.0,52219992.0
2017-01-11,2.478985074401496,2.486554494476004,2.4373532639917,2.448707394103462,6366181.0,41347336.0
2017-01-12,2.444922684066208,2.463846234252479,2.422214423842683,2.422214423842683,7037749.0,45422976.0
2017-01-13,2.4146450037681744,2.4373532639917,2.36544377328387,2.36544377328387,9558105.0,60555580.0
2017-01-16,2.36544377328387,2.369228483321124,2.1383611710486186,2.2405483420544816,13048017.0,78599320.0
2017-01-17,2.2481177621289903,2.2594718922407524,2.1951318216074314,2.2556871822034985,7778761.0,45776524.0
2017-01-18,2.244333052091736,2.29353428257604,2.2329789219799734,2.2556871822034985,6061809.0,36278448.0
2017-01-19,2.2556871822034985,2.267041312315261,2.2254095019054647,2.2405483420544816,3885599.0,23051400.0
2017-01-20,2.2405483420544816,2.2746107323897693,2.2329789219799734,2.267041312315261,5995321.0,35868652.0
2017-01-23,2.2594718922407524,2.3048884126878026,2.2594718922407524,2.2973189926132944,6177660.0,37423312.0
2017-01-24,2.289749572538786,2.3048884126878026,2.282180152464278,2.282180152464278,4786343.0,29017232.0
2017-01-25,2.282180152464278,2.2973189926132944,2.2746107323897693,2.29353428257604,3481097.0,21073804.0
2017-01-26,2.2973189926132944,2.3200272528368195,2.29353428257604,2.3124578327623113,4326139.0,26374162.0
2017-02-03,2.3124578327623113,2.323811962874074,2.285964862501532,2.29353428257604,3955933.0,24001584.0
2017-02-06,2.289749572538786,2.327596672911328,2.289749572538786,2.323811962874074,5058475.0,30944596.0
2017-02-07,2.327596672911328,2.3503049331348533,2.3162425427995657,2.327596672911328,6281099.0,38750392.0
2017-02-08,2.3200272528368195,2.361659063246616,2.3162425427995657,2.3540896431721072,6428029.0,39727348.0
2017-02-09,2.346520223097599,2.3805826134328867,2.342735513060345,2.373013193358378,7459630.0,46608804.0
2017-02-10,2.369228483321124,2.4562768141779707,2.361659063246616,2.3995061636191575,16319769.0,104314160.0
2017-02-13,2.403290873656412,2.448707394103462,2.3919367435446492,2.407075583693666,9904411.0,63224484.0
2017-02-14,2.403290873656412,2.422214423842683,2.384367323470141,2.422214423842683,8012583.0,50851756.0
2017-02-15,2.4108602937309205,2.467630944289733,2.388152033507395,2.4562768141779707,19407112.0,124605048.0
2017-02-16,2.444922684066208,2.641727606003426,2.4297838439171913,2.5546792751465794,37898464.0,255529728.0
2017-02-17,2.5698181152955963,2.8120395576798645,2.516832174774038,2.8120395576798645,42512552.0,305637568.0
2017-02-20,2.9861362193935572,3.0921081004366746,2.819608977754373,2.8574560781269147,133899200.0,1044394304.0
2017-02-21,2.846101948015152,2.8498866580524065,2.743914777009289,2.7855465874190855,71354464.0,524222048.0
2017-02-22,2.7704077472700686,2.819608977754373,2.7514841970837973,2.7552689071210517,46286592.0,339696640.0
2017-02-23,2.740130066972035,2.743914777009289,2.660651156189697,2.6947135465249845,46207768.0,328328224.0
2017-02-24,2.679574706375968,2.7174218067485096,2.668220576264205,2.7136370967112557,29053664.0,206630912.0
2017-02-27,2.698498256562239,2.7098523866740014,2.641727606003426,2.664435866226951,23216696.0,164057232.0
2017-02-28,2.6530817361151886,2.6871441264504763,2.6379428959661717,2.679574706375968,16056870.0,113063416.0
2017-03-01,2.679574706375968,2.698498256562239,2.664435866226951,2.668220576264205,20430764.0,144719936.0
2017-03-02,2.668220576264205,2.6757899963387137,2.603880505630884,2.6076652156681384,20521148.0,142938544.0
2017-03-03,2.5925263755191215,2.6265887658544096,2.581172245407359,2.596311085556376,15585162.0,107160320.0
2017-03-06,2.6076652156681384,2.7060676766367475,2.6076652156681384,2.698498256562239,32187950.0,227364416.0
2017-03-07,2.698498256562239,2.8120395576798645,2.6530817361151886,2.728775936860272,39608812.0,285657344.0
2017-03-08,2.698498256562239,2.7174218067485096,2.679574706375968,2.6909288364877306,19212648.0,136737152.0
2017-03-09,2.6757899963387137,2.6871441264504763,2.6265887658544096,2.634158185928918,15081654.0,105882504.0
2017-03-10,2.6265887658544096,2.6492970260779343,2.596311085556376,2.596311085556376,12775822.0,88223752.0
2017-03-13,2.588741665481867,2.622804055817155,2.5773875353701046,2.622804055817155,9962439.0,68639448.0
2017-03-14,2.619019345779901,2.6303734758916635,2.588741665481867,2.5925263755191215,10161105.0,70005800.0
2017-03-15,2.5849569554446132,2.588741665481867,2.5546792751465794,2.5698181152955963,10013121.0,68068016.0
2017-03-16,2.581172245407359,2.7022829665994927,2.5736028253328507,2.6909288364877306,30119190.0,212216448.0
2017-03-17,2.698498256562239,2.698498256562239,2.6379428959661717,2.641727606003426,18854000.0,132774632.0
2017-03-20,2.622804055817155,2.679574706375968,2.6114499257053927,2.6530817361151886,14980457.0,105019024.0
2017-03-21,2.6492970260779343,2.819608977754373,2.6303734758916635,2.736345356934781,47056808.0,340569888.0
2017-03-22,2.7174218067485096,2.83474781790339,2.6909288364877306,2.7893312974563393,57575528.0,422406880.0
2017-03-23,2.76283832719556,2.815824267717119,2.7136370967112557,2.781761877381831,32777472.0,239455312.0
2017-03-24,2.76283832719556,2.9974903495053202,2.7514841970837973,2.8650254982014234,72971912.0,559682240.0
2017-03-27,2.883949048387694,2.9861362193935572,2.861240788164169,2.8877337584249485,59099300.0,456984800.0
2017-03-28,2.9028725985739654,2.940719698946507,2.7476994870465434,2.7893312974563393,46143244.0,342219744.0
2017-03-29,2.8006854275681023,3.0693998402131495,2.7893312974563393,3.0693998402131495,97711584.0,769435264.0
2017-03-30,3.1299552008092166,3.3608225130817226,3.0731845502504034,3.103462230548437,179250208.0,1514025984.0
2017-03-31,3.0201986097288454,3.0239833197660997,2.7931160074935937,2.8082548476426106,97366408.0,740951296.0
2017-04-05,2.7931160074935937,2.9255808587974905,2.777977167344577,2.8725949182759316,53314012.0,403589952.0
2017-04-06,2.8498866580524065,3.16023288110725,2.8498866580524065,3.076969260287658,119721256.0,973756992.0
2017-04-07,3.0126291896543367,3.035337449877862,2.921796148760236,2.9861362193935572,74492488.0,586347456.0
2017-04-10,2.9520738290582695,3.0845386803621664,2.936934988909253,3.04290686995237,70882632.0,566090496.0
2017-04-11,3.0239833197660997,3.3456836729327057,3.001275059542574,3.3456836729327057,92417896.0,775649216.0
2017-04-12,3.678738156211075,3.678738156211075,3.678738156211075,3.678738156211075,12893763.0,125327376.0
2017-04-13,4.045855029824731,4.045855029824731,4.045855029824731,4.045855029824731,12966200.0,138608672.0
2017-04-14,4.329708282618795,4.329708282618795,3.985299669228664,4.193458721277644,288998944.0,3190561536.0
2017-04-17,3.9928690893031726,4.05342444989924,3.7733559071424296,3.7733559071424296,106439904.0,1085664384.0
2017-04-18,3.7090158365091086,3.966376119042393,3.644675765875787,3.784710037254192,123337576.0,1251587840.0
2017-04-19,3.671168736136566,3.890681918297309,3.58412040527972,3.780925327216938,116723912.0,1148882944.0
2017-04-20,3.7922794573287,3.9323137287071055,3.682522866248329,3.74686293688165,109003648.0,1099820672.0
2017-04-21,3.5954745353914825,3.5954745353914825,3.372176643193485,3.372176643193485,116609584.0,1060456384.0
2017-04-24,3.30405186252291,3.3078365725601637,3.111031650622946,3.201864691517047,65335788.0,556388096.0
2017-04-25,3.2170035316660632,3.470579104162094,3.156448171069996,3.3191907026719263,83266664.0,730608832.0
2017-04-26,3.292697732411147,3.5462733049071775,3.262420052113113,3.523565044683653,101691496.0,920773376.0
2017-04-27,3.4516555539758227,3.7733559071424296,3.4213778736777893,3.625752215689516,132355216.0,1260157824.0
2017-04-28,3.527349754720907,3.765786487067921,3.489502654348365,3.6295369257267702,90788448.0,869634112.0
2017-05-02,3.633321635764024,3.777140617179684,3.5992592454287364,3.7128005465463625,77685784.0,758772288.0
2017-05-03,3.7128005465463625,3.9928690893031726,3.6484604759130415,3.8604042379992753,118148048.0,1200961536.0
2017-05-04,3.7506476469189045,3.890681918297309,3.6030439554659908,3.724154676658125,99387720.0,982989376.0
2017-05-05,3.674953446173821,3.7922794573287,3.6030439554659908,3.625752215689516,66684424.0,654220672.0
2017-05-08,3.591689825354228,3.682522866248329,3.262420052113113,3.2775588922621304,68762872.0,629833920.0
2017-05-09,3.2472812119640966,3.357037803044468,3.209434111591555,3.353253093007214,45678804.0,397758272.0
2017-05-10,3.3418989628954514,3.3797460632679934,3.111031650622946,3.1450940409582335,54104076.0,463291040.0
2017-05-11,3.156448171069996,3.3873154833425017,3.046691579989625,3.334329542820943,61420096.0,522022240.0
2017-05-12,3.3078365725601637,3.667384026099312,3.266204762150368,3.667384026099312,57750920.0,530334176.0
2017-05-15,3.674953446173821,3.9323137287071055,3.6484604759130415,3.735508806769887,136313472.0,1363923840.0
2017-05-16,3.686307576285583,3.86418894803653,3.5576274350189405,3.845265397850259,120173184.0,1190353920.0
2017-05-17,3.788494747291446,4.008007929452189,3.7582170669934127,3.8263418476639877,126958768.0,1301745152.0
2017-05-18,3.765786487067921,3.8149877175522255,3.644675765875787,3.686307576285583,79357384.0,781615680.0
2017-05-19,3.7090158365091086,3.7960641673659543,3.6560298959875497,3.724154676658125,54101580.0,533666624.0
2017-05-22,3.682522866248329,3.724154676658125,3.4100237435660268,3.4365167138268062,67188800.0,631171904.0
2017-05-23,3.4365167138268062,3.5387038848326693,3.372176643193485,3.3911001933797564,45754836.0,418243840.0
2017-05-24,3.3911001933797564,3.7317240967326333,3.2472812119640966,3.716585256583617,93536712.0,880509632.0
2017-05-25,3.6598146060248036,3.780925327216938,3.6143980855777538,3.727939386695379,83006768.0,813874368.0
2017-05-26,3.727939386695379,3.8793277881855466,3.6522451859502953,3.6598146060248036,76970968.0,765532736.0
2017-05-31,3.724154676658125,3.852834817924767,3.633321635764024,3.784710037254192,82475352.0,820177600.0
2017-06-01,3.7430782268443963,3.799848877403208,3.625752215689516,3.625752215689516,57548968.0,564471360.0
2017-06-02,3.531134464758161,3.777140617179684,3.447870843938569,3.739293516807142,62502120.0,602183808.0
2017-06-05,3.735508806769887,3.803633587440463,3.705231126471854,3.7506476469189045,53760840.0,533559136.0
2017-06-06,3.7128005465463625,3.9928690893031726,3.6938769963600913,3.905820758446326,111965776.0,1144886656.0
2017-06-07,3.9133901785208343,4.295645892283508,3.86418894803653,4.295645892283508,128040224.0,1379577728.0
2017-06-08,4.476717962482153,4.8003361284447195,4.453602379199113,4.8003361284447195,196749184.0,2371611904.0
2017-06-09,4.815746517300079,4.996818586350562,4.661642628746477,4.788778336803198,224437840.0,2809644800.0
2017-06-12,4.88894586436304,5.216416627539445,4.661642628746477,4.711726392526398,218045920.0,2803042304.0
2017-06-13,4.86583028108,5.1817432526148846,4.784925739589359,5.1817432526148846,220700240.0,2856305920.0
2017-06-14,5.143217280476485,5.2626477941055265,4.912061447646081,4.969850405853681,186853008.0,2452567808.0
2017-06-15,4.846567295010799,5.019934169633602,4.8003361284447195,4.904356253218401,133626496.0,1697202944.0
2017-06-16,4.86583028108,5.382078307734568,4.819599114513919,5.135512086048804,203953728.0,2711079168.0
2017-06-19,5.162480266545685,5.3319945439546474,5.073870530627364,5.208711433111765,149897168.0,2020062464.0
2017-06-20,5.116249099979604,5.428309474300649,5.0314919612751225,5.247237405250166,163494128.0,2194107648.0
2017-06-21,5.085428322268883,5.1817432526148846,4.946734822570641,4.992965989136723,123035152.0,1619282432.0
2017-06-22,4.9313244337152815,5.054607544558163,4.781073142375519,4.8003361284447195,103896848.0,1328216960.0
2017-06-23,4.8003361284447195,5.046902350130483,4.626969253821916,4.985260794709042,140821984.0,1781806720.0
2017-06-26,4.985260794709042,5.0815757250550435,4.87353547550768,4.965997808639842,91407720.0,1178749056.0
2017-06-27,4.969850405853681,5.347404932810008,4.969850405853681,5.193301044256406,166884848.0,2247215616.0
2017-06-28,5.108543905551924,5.254942599677847,5.027639364061283,5.201006238684085,101281472.0,1350764928.0
2017-06-29,5.270352988533206,5.335847141168488,5.012228975205923,5.039197155702802,123714264.0,1649497856.0
2017-06-30,5.008376377992082,5.104691308338084,4.88894586436304,4.9197666420737605,81688088.0,1052850048.0
2017-07-03,4.989113391922881,5.039197155702802,4.746399767450958,4.85427248943848,85000960.0,1073714112.0
2017-07-04,4.815746517300079,4.819599114513919,4.673200420387997,4.700168600884877,75300616.0,926813120.0
2017-07-05,4.730989378595598,4.838862100583119,4.684758212029517,4.792630934017039,67090136.0,826193280.0
2017-07-06,4.792630934017039,4.86968287829384,4.700168600884877,4.7695153507339985,74224080.0,922780608.0
2017-07-07,4.723284184167918,4.765662753520158,4.661642628746477,4.673200420387997,57487748.0,700531776.0
2017-07-10,4.677053017601837,4.684758212029517,4.442044587557593,4.457454976412953,67321272.0,790398144.0
2017-07-11,4.526801726262074,4.757957559092478,4.522949129048234,4.661642628746477,97999000.0,1187631872.0
2017-07-12,4.623116656608076,4.700168600884877,4.442044587557593,4.611558864966556,63894788.0,757976832.0
2017-07-13,4.546064712331275,4.6693478231741565,4.5190965318343945,4.569180295614315,47315580.0,564496896.0
2017-07-14,4.573032892828155,4.650084837104957,4.546064712331275,4.596148476111195,34406872.0,410602144.0
2017-07-17,4.569180295614315,4.569180295614315,4.149247199305748,4.191625768657989,61162048.0,685103424.0
2017-07-18,4.126131616022708,4.26482511572095,4.068342657815107,4.23015174079639,32317090.0,352558976.0
2017-07-19,4.23785693522407,4.29564589343167,4.164657588161108,4.27638290736247,41253864.0,453040384.0
2017-07-20,4.26097251850711,4.3072036850731905,4.199330963085669,4.210888754727189,41052560.0,453436160.0
2017-07-21,4.160804990947269,4.183920574230308,4.087605643884307,4.099163435525828,38127720.0,409199584.0
2017-07-24,4.1068686299535075,4.26867771293479,4.1068686299535075,4.226299143582549,45231932.0,490810112.0
2017-07-25,4.160804990947269,4.253267324079429,4.129984213236548,4.160804990947269,28860724.0,312604768.0
2017-07-26,4.160804990947269,4.2070361575133495,4.091458241098147,4.129984213236548,24196052.0,259387296.0
2017-07-27,4.110721227167348,4.118426421595028,3.9681751302552652,4.079900449456627,41994652.0,440988768.0
2017-07-28,4.037521880104387,4.1068686299535075,4.014406296821346,4.056784866173587,29607824.0,312385536.0
2017-07-31,4.049079671745907,4.056784866173587,3.991290713538305,3.9951433107521455,28665248.0,298181856.0
2017-08-01,3.9951433107521455,4.31490887950087,3.9951433107521455,4.195478365871829,76151968.0,829881344.0
2017-08-02,4.160804990947269,4.384255629349992,4.133836810450388,4.2879406990039906,77815208.0,867079552.0
2017-08-03,4.330319268356231,4.623116656608076,4.330319268356231,4.5884432816835155,105621216.0,1223179392.0
2017-08-04,4.565327698400475,4.576885490041995,4.395813420991512,4.395813420991512,75774176.0,880120896.0
2017-08-07,4.368845240494632,4.503686142979034,4.3572874488531115,4.411223809846872,40565128.0,466122016.0
2017-08-08,4.391960823777672,4.411223809846872,4.28023550457631,4.334171865570071,44670244.0,502123936.0
2017-08-09,4.299498490645511,4.380403032136152,4.214741351941029,4.299498490645511,44507224.0,496549728.0
2017-08-10,4.25711992129327,4.372697837708472,4.23785693522407,4.26097251850711,37492048.0,418474816.0
2017-08-11,4.218593949154869,4.218593949154869,4.052932268959746,4.072195255028947,44143972.0,472565536.0
2017-08-14,4.072195255028947,4.160804990947269,4.060637463387426,4.160804990947269,23705402.0,253629584.0
2017-08-15,4.160804990947269,4.3072036850731905,4.149247199305748,4.26482511572095,40294720.0,443808960.0
2017-08-16,4.24941472686559,4.24941472686559,4.153099796519588,4.168510185374949,26372294.0,286145152.0
2017-08-17,4.160804990947269,4.218593949154869,4.153099796519588,4.1762153798026285,20059954.0,217464672.0
2017-08-18,4.103016032739667,4.5190965318343945,4.087605643884307,4.376550434922311,73120360.0,827613248.0
2017-08-21,4.303351087859351,4.376550434922311,4.28408810179015,4.372697837708472,36926776.0,416061568.0
2017-08-22,4.368845240494632,4.430486795916073,4.29564589343167,4.334171865570071,36296092.0,409637280.0
2017-08-23,4.3072036850731905,4.353434851639272,4.203183560299509,4.210888754727189,31857436.0,353155456.0
2017-08-24,4.187773171444149,4.253267324079429,4.164657588161108,4.191625768657989,18368606.0,200565600.0
2017-08-25,4.1762153798026285,4.31490887950087,4.164657588161108,4.245562129651749,25581640.0,281248192.0
2017-08-28,4.23785693522407,4.391960823777672,4.203183560299509,4.3380244627839115,42943328.0,481599040.0
2017-08-29,4.341877059997751,4.368845240494632,4.299498490645511,4.330319268356231,35336480.0,397196672.0
2017-08-30,4.3072036850731905,4.361140046066952,4.27638290736247,4.334171865570071,33709704.0,377962624.0
2017-08-31,4.3187614767147116,4.353434851639272,4.299498490645511,4.303351087859351,25739496.0,288374944.0
2017-09-01,4.303351087859351,4.31490887950087,4.214741351941029,4.253267324079429,34919504.0,386325344.0
2017-09-04,4.23785693522407,4.26482511572095,4.191625768657989,4.25711992129327,25255228.0,276323808.0
2017-09-05,4.291793296217831,4.399666018205353,4.26867771293479,4.341877059997751,58621104.0,662265728.0
2017-09-06,4.31490887950087,4.349582254425431,4.27638290736247,4.311056282287031,31302300.0,349839520.0
2017-09-07,4.299498490645511,4.3187614767147116,4.24170953243791,4.24170953243791,26797900.0,297121984.0
2017-09-08,4.23785693522407,4.326466671142391,4.226299143582549,4.27253031014863,26695624.0,296397408.0
2017-09-11,4.253267324079429,4.27253031014863,4.199330963085669,4.226299143582549,25828980.0,283222432.0
2017-09-12,4.23785693522407,4.253267324079429,4.160804990947269,4.164657588161108,31003320.0,336789312.0
2017-09-13,4.149247199305748,4.156952393733428,4.110721227167348,4.145394602091908,16323702.0,175160944.0
2017-09-14,4.145394602091908,4.23785693522407,4.141542004878068,4.1762153798026285,24124006.0,262193440.0
2017-09-15,4.160804990947269,4.160804990947269,4.103016032739667,4.118426421595028,19064062.0,203847152.0
2017-09-18,4.091458241098147,4.153099796519588,4.083753046670467,4.126131616022708,14222463.0,151623616.0
2017-09-19,4.118426421595028,4.126131616022708,4.0760478522427865,4.079900449456627,14076098.0,149589360.0
2017-09-20,4.079900449456627,4.153099796519588,4.0760478522427865,4.133836810450388,17118652.0,182783488.0
2017-09-21,4.145394602091908,4.149247199305748,4.072195255028947,4.072195255028947,13958539.0,148479584.0
2017-09-22,4.0760478522427865,4.110721227167348,4.037521880104387,4.045227074532066,13090220.0,138367744.0
2017-09-25,4.041374477318226,4.041374477318226,3.8641550054815834,3.8949757831923035,22977330.0,235172384.0
2017-09-26,3.9103861720476645,3.9681751302552652,3.875712797123104,3.933501755330705,11877800.0,121156240.0
2017-09-27,3.9296491581168644,3.9296491581168644,3.883417991550784,3.9180913664753443,9656345.0,97917040.0
2017-09-28,3.9180913664753443,3.960469935827585,3.875712797123104,3.883417991550784,13989177.0,141711344.0
2017-09-29,3.898828380406144,3.921943963689184,3.879565394336944,3.898828380406144,9940549.0,100508528.0
2017-10-09,3.921943963689184,3.960469935827585,3.9103861720476645,3.925796560903024,11548092.0,117768632.0
2017-10-10,3.9296491581168644,4.029816685676707,3.9296491581168644,4.018258894035186,22083844.0,228987392.0
2017-10-11,3.9835855191106253,4.3380244627839115,3.9797329218967854,4.199330963085669,52387316.0,568485696.0
2017-10-12,4.156952393733428,4.191625768657989,4.099163435525828,4.126131616022708,29139332.0,313143360.0
2017-10-13,4.103016032739667,4.172362782588788,4.087605643884307,4.118426421595028,16482619.0,176371168.0
2017-10-16,4.23785693522407,4.29564589343167,4.126131616022708,4.145394602091908,28999492.0,315832896.0
2017-10-17,4.1068686299535075,4.114573824381187,4.049079671745907,4.087605643884307,14324133.0,151626480.0
2017-10-18,4.110721227167348,4.191625768657989,4.006701102393666,4.010553699607506,28309406.0,302360544.0
2017-10-19,3.9681751302552652,3.9681751302552652,3.814071241701663,3.8718601999092637,29987964.0,302833824.0
2017-10-20,3.9296491581168644,4.226299143582549,3.921943963689184,4.141542004878068,48443288.0,511981856.0
2017-10-23,4.199330963085669,4.226299143582549,4.1068686299535075,4.118426421595028,42059328.0,453733536.0
2017-10-24,4.114573824381187,4.114573824381187,3.9720277274691056,4.049079671745907,26790500.0,280350848.0
2017-10-25,4.041374477318226,4.091458241098147,3.998995907965986,4.025964088462866,16988788.0,178112576.0
2017-10-26,4.018258894035186,4.114573824381187,3.9835855191106253,4.0760478522427865,23478800.0,247367424.0
2017-10-27,4.056784866173587,4.103016032739667,3.9835855191106253,3.991290713538305,18863248.0,197751984.0
2017-10-30,3.9720277274691056,3.9951433107521455,3.8525972138400633,3.9026809776199842,19280390.0,195413552.0
2017-10-31,3.921943963689184,3.998995907965986,3.8680076026954233,3.9681751302552652,19321172.0,198150912.0
2017-11-01,3.945059546972225,3.9527647413999047,3.8949757831923035,3.9026809776199842,14428100.0,146773024.0
2017-11-02,3.9026809776199842,3.945059546972225,3.8680076026954233,3.8911231859784636,12237948.0,123899160.0
2017-11-03,3.8949757831923035,3.898828380406144,3.8448920194123835,3.8718601999092637,12830808.0,128702848.0
2017-11-06,3.883417991550784,3.883417991550784,3.817923838915503,3.8641550054815834,10493262.0,104657720.0
2017-11-07,3.883417991550784,4.24941472686559,3.8718601999092637,4.087605643884307,50709784.0,536223552.0
2017-11-08,4.022111491249026,4.0760478522427865,3.987438116324465,3.998995907965986,31577652.0,329642464.0
2017-11-09,3.9720277274691056,4.041374477318226,3.9373543525445447,3.9835855191106253,18355506.0,190188176.0
2017-11-10,4.002848505179826,4.103016032739667,3.9835855191106253,4.025964088462866,24454108.0,256635376.0
2017-11-13,4.083753046670467,4.114573824381187,4.002848505179826,4.018258894035186,18241388.0,191221936.0
2017-11-14,3.991290713538305,4.064490060601267,3.948912144186065,4.029816685676707,20164248.0,209664288.0
2017-11-15,3.9951433107521455,4.037521880104387,3.9373543525445447,3.964322533041425,14907922.0,154073584.0
2017-11-16,3.948912144186065,3.991290713538305,3.933501755330705,3.9373543525445447,11953929.0,122736480.0
2017-11-17,3.9373543525445447,3.9681751302552652,3.8525972138400633,3.860302408267743,18790480.0,189622288.0
2017-11-20,3.833334227770863,3.883417991550784,3.6984933252864605,3.860302408267743,16156774.0,159401136.0
2017-11-21,3.8641550054815834,3.9142387692615044,3.8448920194123835,3.875712797123104,11643964.0,117211152.0
2017-11-22,3.875712797123104,3.8872705887646237,3.841039422198543,3.856449811053903,11034989.0,110404352.0
2017-11-23,3.8448920194123835,3.875712797123104,3.7793978667771024,3.7793978667771024,12803134.0,127590200.0
2017-11-24,3.7562822834940617,3.798660852846302,3.7177563113556613,3.7639874779217415,10535720.0,102961736.0
2017-11-27,3.7716926723494217,3.8448920194123835,3.733166700211021,3.794808255632462,12259482.0,120712600.0
2017-11-28,3.775545269563262,3.9835855191106253,3.7601348807079016,3.883417991550784,17578884.0,177193600.0
2017-12-06,3.7061985197141407,3.817923838915503,3.6407043670788597,3.7639874779217415,17284572.0,167669264.0
2017-12-07,3.7447244918525415,3.7524296862802218,3.6638199503619,3.6638199503619,9929263.0,95400448.0
2017-12-08,3.65611475593422,3.710051116927981,3.6407043670788597,3.6984933252864605,7642417.0,73164280.0
2017-12-11,3.721608908569501,3.817923838915503,3.6907881308587807,3.794808255632462,11617935.0,113137648.0
2017-12-12,3.794808255632462,3.8448920194123835,3.748577089066382,3.7524296862802218,11716083.0,115266208.0
2017-12-13,3.775545269563262,3.8025134500601423,3.7408718946387016,3.775545269563262,7491443.0,73340144.0
2017-12-14,3.7524296862802218,4.045227074532066,3.7524296862802218,3.8718601999092637,28002440.0,284368032.0
2017-12-15,3.814071241701663,3.8680076026954233,3.798660852846302,3.860302408267743,14885302.0,147698192.0
2017-12-18,3.875712797123104,3.9103861720476645,3.837186824984703,3.8487446166262234,9710401.0,97388784.0
2017-12-19,3.8448920194123835,3.921943963689184,3.841039422198543,3.883417991550784,13068863.0,131583872.0
2017-12-20,3.8641550054815834,3.8872705887646237,3.7871030612047822,3.790955658418622,9912435.0,98628280.0
2017-12-21,3.810218644487823,3.8256290333431826,3.725461505783341,3.8025134500601423,10932711.0,107077696.0
2017-12-22,3.8025134500601423,3.8448920194123835,3.7832504639909423,3.841039422198543,9457689.0,93869800.0
2017-12-25,3.8217764361293427,3.833334227770863,3.748577089066382,3.7793978667771024,9101230.0,89363312.0
2017-12-26,3.7832504639909423,3.8448920194123835,3.7447244918525415,3.810218644487823,8613931.0,85187920.0
2017-12-27,3.8063660472739826,3.8911231859784636,3.794808255632462,3.8680076026954233,19408460.0,194287488.0
2017-12-28,3.948912144186065,4.006701102393666,3.875712797123104,3.898828380406144,26290680.0,267820320.0
2017-12-29,3.8641550054815834,3.941206949758385,3.837186824984703,3.921943963689184,16889604.0,170831824.0
2018-01-02,3.8911231859784636,3.941206949758385,3.8525972138400633,3.9103861720476645,18882756.0,191325792.0
2018-01-03,3.8911231859784636,4.064490060601267,3.875712797123104,4.025964088462866,46786108.0,486889312.0
2018-01-04,4.022111491249026,4.022111491249026,3.941206949758385,4.006701102393666,29524680.0,304006912.0
2018-01-05,4.072195255028947,4.153099796519588,4.010553699607506,4.056784866173587,47790352.0,507210688.0
2018-01-08,4.010553699607506,4.018258894035186,3.933501755330705,3.9758803246829455,25327074.0,260696784.0
2018-01-09,3.9527647413999047,4.002848505179826,3.933501755330705,3.9373543525445447,19568970.0,201094304.0
2018-01-10,3.9373543525445447,3.941206949758385,3.837186824984703,3.879565394336944,21698480.0,218644864.0
2018-01-11,3.8680076026954233,3.9103861720476645,3.8448920194123835,3.8872705887646237,12130156.0,122202824.0
2018-01-12,3.8718601999092637,3.991290713538305,3.8487446166262234,3.933501755330705,23019514.0,234378000.0
2018-01-15,3.8680076026954233,3.9142387692615044,3.7871030612047822,3.8025134500601423,18688800.0,187041584.0
2018-01-16,3.814071241701663,3.8718601999092637,3.794808255632462,3.841039422198543,13189973.0,131130800.0
2018-01-17,3.817923838915503,4.037521880104387,3.775545269563262,3.8641550054815834,20913376.0,211503248.0
2018-01-18,3.8680076026954233,3.925796560903024,3.8256290333431826,3.8872705887646237,13717175.0,138020112.0
2018-01-19,3.8911231859784636,3.9065335748338246,3.833334227770863,3.8448920194123835,12301745.0,123369312.0
2018-01-22,3.814071241701663,3.841039422198543,3.794808255632462,3.817923838915503,12353992.0,122287192.0
2018-01-23,3.810218644487823,3.8872705887646237,3.810218644487823,3.8294816305570225,13293092.0,132520400.0
2018-01-24,3.814071241701663,3.879565394336944,3.814071241701663,3.837186824984703,11519824.0,114696824.0
2018-01-25,3.833334227770863,3.9951433107521455,3.817923838915503,3.875712797123104,29741252.0,301583008.0
2018-01-26,3.8448920194123835,4.060637463387426,3.817923838915503,4.002848505179826,69711176.0,719722624.0
2018-01-29,3.9758803246829455,4.002848505179826,3.9103861720476645,3.921943963689184,34677988.0,354816576.0
2018-01-30,3.921943963689184,3.9835855191106253,3.9026809776199842,3.948912144186065,22125392.0,226599840.0
2018-01-31,3.9180913664753443,3.9296491581168644,3.833334227770863,3.8487446166262234,20477300.0,205253616.0
2018-02-01,3.860302408267743,3.8872705887646237,3.64840956150654,3.64840956150654,26574364.0,257180928.0
2018-02-02,3.6445569642927,3.65996735314806,3.478895284097577,3.5520946311605384,16278600.0,149738560.0
2018-02-05,3.4750426868837367,3.544389436732858,3.4480745063868565,3.509716061808297,8570556.0,77990120.0
2018-02-06,3.451927103600697,3.451927103600697,3.159129715348852,3.159129715348852,27536712.0,233741216.0
2018-02-07,3.2361816596256534,3.2824128261917336,3.04740439614749,3.186097895845732,13965803.0,115208624.0
2018-02-08,3.159129715348852,3.2169186735564526,3.1321615348519716,3.178392701418052,8270354.0,68220528.0
2018-02-09,3.074372576644371,3.101340757141251,2.8933005075938873,2.9510894658014886,16126900.0,125612664.0
2018-02-12,2.9510894658014886,3.05125699336133,2.9510894658014886,3.0127310212229297,8842985.0,69106768.0
2018-02-13,3.0435517989336502,3.0936355627135708,3.0242888128644494,3.0435517989336502,9215923.0,73220928.0
2018-02-14,3.0705199794305305,3.0820777710720506,3.0435517989336502,3.0820777710720506,5884830.0,46816860.0
2018-02-22,3.1283089376381312,3.1706875069903724,3.0974881599274107,3.1706875069903724,9061533.0,73938600.0
2018-02-23,3.1976556874872526,3.4866004785252573,3.1745401042042123,3.3633173676823755,28834000.0,250687760.0
2018-02-26,3.4288115203176566,3.525126450663658,3.4095485342484557,3.471190089669897,30272072.0,272601152.0
2018-02-27,3.4904530757390977,3.4904530757390977,3.394138145393096,3.4365167147453364,16320259.0,145058080.0
2018-02-28,3.4249589231038167,3.4981582701667775,3.3902855481792558,3.4365167147453364,15710468.0,141144048.0
2018-03-01,3.397990742606936,3.4866004785252573,3.3864329509654154,3.459632298028377,12954153.0,115943104.0
2018-03-02,3.4211063258899763,3.5405368395190178,3.405695937034616,3.5020108673806174,16511878.0,149099936.0
2018-03-05,3.582915408871259,3.64840956150654,3.517421256235978,3.5520946311605384,21996036.0,204220752.0
2018-03-06,3.528979047877498,3.6907881308587807,3.528979047877498,3.683082936431101,30985726.0,291452960.0
2018-03-07,3.65996735314806,3.725461505783341,3.6291465754373395,3.6907881308587807,24160682.0,230703088.0
2018-03-08,3.7177563113556613,3.794808255632462,3.6522621587203803,3.7408718946387016,30566552.0,295357088.0
2018-03-09,3.710051116927981,3.7562822834940617,3.6715251447895803,3.729314102997181,20198300.0,194900608.0
2018-03-12,3.733166700211021,3.748577089066382,3.65996735314806,3.6946407280726206,21020936.0,201331504.0
2018-03-13,3.66767254757574,3.7639874779217415,3.6214413810096597,3.721608908569501,27440368.0,261953584.0
2018-03-14,3.721608908569501,3.721608908569501,3.602178394940459,3.602178394940459,17650078.0,167625472.0
2018-03-15,3.5675050200158984,3.6522621587203803,3.5520946311605384,3.6252939782234996,14111426.0,132156880.0
2018-03-16,3.6445569642927,3.7139037141418214,3.6445569642927,3.67537774200342,19766600.0,189144096.0
2018-03-19,3.6445569642927,3.66767254757574,3.582915408871259,3.602178394940459,13935660.0,130594032.0
2018-03-20,3.582915408871259,3.6368517698650193,3.5636524228020585,3.5790628116574186,10393260.0,96937256.0
2018-03-21,3.5790628116574186,3.6368517698650193,3.5135686590221376,3.525126450663658,14227660.0,132239440.0
2018-03-22,3.532831645091338,3.5675050200158984,3.4750426868837367,3.482747881311417,11047086.0,100323576.0
2018-03-23,3.3710225621100554,3.3748751593238953,3.1437193264934917,3.186097895845732,21708200.0,183502176.0
2018-03-26,3.120603743210451,3.293970617833254,3.0127310212229297,3.267002437336374,16591918.0,137353952.0
2018-03-27,3.3247913955439747,3.444221909173016,3.2978232150470945,3.3825803537515755,18768570.0,163840592.0
2018-03-28,3.293970617833254,3.544389436732858,3.2824128261917336,3.4365167147453364,23600640.0,211159872.0
2018-03-29,3.482747881311417,3.4981582701667775,3.4095485342484557,3.459632298028377,16263957.0,146068272.0
2018-03-30,3.463484895242217,3.525126450663658,3.4365167147453364,3.4981582701667775,15936926.0,143634816.0
2018-04-02,3.451927103600697,3.478895284097577,3.394138145393096,3.405695937034616,16220536.0,144828384.0
2018-04-03,3.336349187185495,3.5020108673806174,3.286265423405574,3.4326641175314965,16974648.0,149937632.0
2018-04-04,3.4326641175314965,3.602178394940459,3.4326641175314965,3.590620603298939,30576504.0,279553408.0
2018-04-09,3.5790628116574186,3.948912144186065,3.482747881311417,3.833334227770863,63830084.0,618997376.0
2018-04-10,3.775545269563262,3.8680076026954233,3.65611475593422,3.6907881308587807,46140176.0,448311840.0
2018-04-11,3.6638199503619,3.775545269563262,3.65611475593422,3.65996735314806,24994796.0,240163248.0
2018-04-12,3.6291465754373395,3.65996735314806,3.582915408871259,3.594473200512779,16085050.0,150464688.0
2018-04-13,3.6329991726511794,3.7139037141418214,3.606030992154299,3.61758878379582,16184341.0,153405200.0
2018-04-16,3.6715251447895803,3.8063660472739826,3.6715251447895803,3.6869355336449408,33281200.0,322047712.0
2018-04-17,3.6291465754373395,3.733166700211021,3.598325797726619,3.6291465754373395,23369548.0,221722048.0
2018-04-18,3.65611475593422,3.67537774200342,3.5135686590221376,3.602178394940459,16041940.0,148938592.0
2018-04-19,3.590620603298939,3.65611475593422,3.5482420339466985,3.64840956150654,18318240.0,170962720.0
2018-04-20,3.6137361865819795,3.7408718946387016,3.5752102144435787,3.6407043670788597,24649976.0,234374896.0
2018-04-23,3.5867680060850993,3.6792303392172605,3.528979047877498,3.5867680060850993,16364801.0,152919456.0
2018-04-24,3.582915408871259,3.67537774200342,3.582915408871259,3.65996735314806,16641910.0,157603744.0
2018-04-25,3.8001192818092155,3.948279886052567,3.7881062598435387,3.8962234575346333,34538360.0,335594208.0
2018-04-26,3.864188732292827,3.8962234575346333,3.820140985085344,3.836158347706247,17892794.0,171956528.0
2018-04-27,3.876201754258504,3.948279886052567,3.8281496663957957,3.9362668640868903,27688426.0,270816000.0
2018-05-02,3.90823647950031,3.960292908018245,3.82414532574057,3.8721974136032786,17961548.0,173893040.0
2018-05-03,3.868193072948053,3.9562885673630195,3.848171369671924,3.932262523431665,21499560.0,210275232.0
2018-05-04,3.932262523431665,4.084427468330242,3.8962234575346333,3.9803146112943733,32251246.0,322267328.0
2018-05-07,3.960292908018245,4.0363753804675335,3.932262523431665,3.9923276332600506,28594398.0,284532224.0
2018-05-08,3.972305929983922,4.064405765054114,3.9122408201555356,4.02035801784663,32575404.0,323199520.0
2018-05-09,3.9843189519495987,4.004340655225728,3.940271204742116,3.9642972486734704,16490089.0,163419168.0
2018-05-10,4.012349336536179,4.284644501091528,3.9803146112943733,4.140488237503402,64739448.0,668147136.0
2018-05-11,4.1124578529168225,4.176527303400434,4.04838840243321,4.1124578529168225,36192176.0,370786976.0
2018-05-14,4.076418787019791,4.132479556192951,4.008344995880953,4.024362358501857,22246888.0,225403904.0
2018-05-15,4.0443840617779845,4.076418787019791,3.988323292604825,4.056397083743662,16815554.0,169165584.0
2018-05-16,4.032371039812308,4.124470874882499,4.004340655225728,4.04838840243321,18282192.0,185298672.0
2018-05-17,4.088431808985468,4.200553347331788,4.064405765054114,4.09644049029592,35548500.0,367578720.0
2018-05-18,4.068410105709339,4.140488237503402,4.012349336536179,4.108453512261597,22081160.0,224494224.0
2018-05-21,4.108453512261597,4.224579391263143,4.09644049029592,4.172522962745208,30259840.0,315660128.0
2018-05-22,4.164514281434757,4.284644501091528,4.136483896848176,4.284644501091528,42780428.0,453343584.0
2018-05-23,4.248605435194497,4.37674433616172,4.248605435194497,4.268627138470626,38811816.0,417307904.0
2018-05-24,4.32068356698856,4.444818127300557,4.248605435194497,4.444818127300557,55460152.0,605882944.0
2018-05-25,4.444818127300557,4.520900599749846,4.336700929609463,4.416787742713978,46281600.0,509941408.0
2018-05-28,4.37674433616172,4.384753017472171,4.220575050607916,4.240596753884046,35307520.0,377367104.0
2018-05-29,4.256614116504949,4.344709610919915,4.248605435194497,4.268627138470626,25838600.0,276724096.0
2018-05-30,4.156505600124306,4.156505600124306,3.888214776224182,3.9763102706391473,38375344.0,386176704.0
2018-05-31,4.056397083743662,4.152501259469079,3.9562885673630195,4.132479556192951,30869520.0,312807840.0
2018-06-01,4.072414446364565,4.184535984710885,4.016353677191405,4.068410105709339,22853852.0,233519584.0
2018-06-04,4.076418787019791,4.084427468330242,3.9442755453973417,4.004340655225728,19104002.0,191034432.0
2018-06-05,4.024362358501857,4.1204665342272735,3.9683015893286964,4.076418787019791,21259874.0,214825264.0
2018-06-06,4.064405765054114,4.124470874882499,4.04838840243321,4.080423127675016,17034574.0,173986736.0
2018-06-07,4.076418787019791,4.1204665342272735,4.0403797211227594,4.088431808985468,15647013.0,159298176.0
2018-06-08,4.076418787019791,4.1124578529168225,3.9963319739152765,4.064405765054114,16206075.0,163685168.0
2018-06-11,4.016353677191405,4.1124578529168225,4.008344995880953,4.0403797211227594,15712868.0,159609648.0
2018-06-12,4.0363753804675335,4.052392743088436,3.9042321388450847,4.000336314570502,19135388.0,190173360.0
2018-06-13,3.9642972486734704,4.0443840617779845,3.876201754258504,3.8922191168794074,16692478.0,165250176.0
2018-06-14,3.8721974136032786,3.9242538421212134,3.643949996255412,3.6920020841181214,32035656.0,302238624.0
2018-06-15,3.675984721497218,3.7720888972226354,3.611915271013606,3.74005417198083,21260878.0,196556000.0
2018-06-19,3.6079109303583805,3.643949996255412,3.367650491044837,3.367650491044837,28257028.0,246319440.0
2018-06-20,3.3596418097343856,3.4677590074254803,3.3436244471134824,3.4277156008732232,16617478.0,141499776.0
2018-06-21,3.4277156008732232,3.5278241172538665,3.399685216286643,3.4036895569418686,15319789.0,132064232.0
2018-06-22,3.3836678536657394,3.5158110952881887,3.3596418097343856,3.511806754632963,16034450.0,138424912.0
2018-06-25,3.531828457909092,3.5798805457718004,3.323602743837354,3.519815435943414,16573630.0,146105376.0
2018-06-26,3.447737304149351,3.6199239523240574,3.4277156008732232,3.6199239523240574,15440307.0,136984064.0
2018-06-27,3.65596301822109,3.756071534601733,3.6239282929792838,3.6679760401867667,17729878.0,163349072.0
2018-06-28,3.675984721497218,3.7881062598435387,3.643949996255412,3.724036809359927,18922666.0,175698464.0
2018-06-29,3.736049831325604,3.8001192818092155,3.7080194467390237,3.756071534601733,20447156.0,192315856.0
2018-07-02,3.631936974289735,3.65596301822109,3.479772029391157,3.5238197765986405,26679340.0,238404896.0
2018-07-03,3.5238197765986405,3.5678675238061235,3.3836678536657394,3.4957893920120604,17338100.0,150918368.0
2018-07-04,3.4957893920120604,3.5278241172538665,3.435724282183674,3.4757676887359317,13896000.0,120916232.0
2018-07-05,3.4717633480807057,3.491785051356835,3.203472524180582,3.235507249422388,28684700.0,236467712.0
2018-07-06,3.243515930732839,3.2755506559746452,3.08334230452381,3.2114812054910336,19615030.0,156575184.0
2018-07-09,3.227498568111937,3.2715463153194193,3.1874551615596793,3.2595332933537424,12991452.0,105216096.0
2018-07-10,3.267541974664194,3.3436244471134824,3.2515246120432906,3.3035810405612254,15632103.0,128812032.0
2018-07-11,3.255528952698517,3.255528952698517,3.0913509858342616,3.2114812054910336,17977528.0,143082944.0
2018-07-12,3.215485546146259,3.3436244471134824,3.1994681835253567,3.3155940625269023,19451600.0,158930800.0
2018-07-13,3.3035810405612254,3.339620106458257,3.2715463153194193,3.3155940625269023,14173779.0,117058032.0
2018-07-16,3.3035810405612254,3.4036895569418686,3.223494227456711,3.351633128423934,19196824.0,158372720.0
2018-07-17,3.3155940625269023,3.367650491044837,3.2835593372850966,3.3155940625269023,11616282.0,96310008.0
2018-07-18,3.3195984031821277,3.3436244471134824,3.2715463153194193,3.2715463153194193,11674014.0,96354160.0
2018-07-19,3.2795549966298707,3.2915680185955485,3.1954638428701307,3.2395115900776137,11727482.0,94837552.0
2018-07-20,3.243515930732839,3.299576699906,3.2074768648358076,3.2915680185955485,11594605.0,94543568.0
2018-07-23,3.267541974664194,3.3636461503896116,3.247520271388065,3.339620106458257,17875320.0,147870912.0
2018-07-24,3.323602743837354,3.463754666770255,3.307585381216451,3.419706919562771,26041584.0,220942912.0
2018-07-25,3.4036895569418686,3.4557459854598034,3.367650491044837,3.4237112602179973,15626945.0,132965200.0
2018-07-26,3.4277156008732232,3.503798073322512,3.395680875631417,3.4157025789075455,17362892.0,149534128.0
2018-07-27,3.4036895569418686,3.5158110952881887,3.367650491044837,3.479772029391157,18269044.0,157698880.0
2018-07-30,3.4397286228389,3.451741644804577,3.351633128423934,3.3716548317000625,14809882.0,125633448.0
2018-07-31,3.367650491044837,3.41169823825232,3.339620106458257,3.4036895569418686,10344827.0,87261880.0
2018-08-01,3.387672194320966,3.451741644804577,3.3596418097343856,3.3716548317000625,12691534.0,107733776.0
2018-08-02,3.32760708449258,3.335615765803031,3.151416095662648,3.215485546146259,16897500.0,136107168.0
2018-08-03,3.235507249422388,3.267541974664194,3.171437798938776,3.215485546146259,10060608.0,81191816.0
2018-08-06,3.1954638428701307,3.243515930732839,3.0673249419029074,3.103364007799939,13500300.0,106169832.0
2018-08-07,3.1193813704208417,3.235507249422388,3.1073683484551644,3.2315029087671623,12531034.0,99584448.0
2018-08-08,3.2194898868014845,3.2715463153194193,3.1994681835253567,3.2315029087671623,11687900.0,94454896.0
2018-08-09,3.2194898868014845,3.3035810405612254,3.203472524180582,3.3035810405612254,12706316.0,104101240.0
2018-08-10,3.3035810405612254,3.463754666770255,3.2875636779403226,3.4237112602179973,17349920.0,146649248.0
2018-08-13,3.3636461503896116,3.5238197765986405,3.3476287877687083,3.5238197765986405,39724688.0,343943808.0
2018-08-14,3.4837763700463826,3.736049831325604,3.4837763700463826,3.643949996255412,42836424.0,387052576.0
2018-08-15,3.663971699531541,3.675984721497218,3.503798073322512,3.531828457909092,28119012.0,250204784.0
2018-08-16,3.459750326115029,3.459750326115029,3.335615765803031,3.3836678536657394,28544430.0,241741360.0
2018-08-17,3.4237112602179973,3.4397286228389,3.2595332933537424,3.2595332933537424,17125210.0,143077232.0
2018-08-20,3.2515246120432906,3.2795549966298707,3.163429117628325,3.2755506559746452,13745051.0,110481568.0
2018-08-21,3.2715463153194193,3.299576699906,3.227498568111937,3.2755506559746452,10651528.0,87124896.0
2018-08-22,3.2715463153194193,3.2715463153194193,3.215485546146259,3.2194898868014845,9214023.0,74536296.0
2018-08-23,3.223494227456711,3.2715463153194193,3.215485546146259,3.2515246120432906,6997176.0,56734584.0
2018-08-24,3.2595332933537424,3.3035810405612254,3.2395115900776137,3.2915680185955485,8947897.0,73219768.0
2018-08-27,3.2835593372850966,3.3636461503896116,3.267541974664194,3.35563746907916,10004912.0,83081968.0
2018-08-28,3.367650491044837,3.387672194320966,3.335615765803031,3.3596418097343856,9945276.0,83479440.0
2018-08-29,3.3636461503896116,3.3716548317000625,3.335615765803031,3.339620106458257,5963750.0,49857372.0
2018-08-30,3.32760708449258,3.387672194320966,3.2835593372850966,3.2915680185955485,8390800.0,69933984.0
2018-08-31,3.2795549966298707,3.2915680185955485,3.215485546146259,3.243515930732839,7040252.0,57103812.0
2018-09-03,3.2194898868014845,3.2635376340089683,3.1994681835253567,3.2635376340089683,5507854.0,44400952.0
2018-09-04,3.243515930732839,3.3035810405612254,3.215485546146259,3.2715463153194193,7891033.0,64213592.0
2018-09-05,3.247520271388065,3.2595332933537424,3.2074768648358076,3.2114812054910336,7501823.0,60467996.0
2018-09-06,3.2114812054910336,3.235507249422388,3.1674334582835506,3.171437798938776,7240936.0,57864944.0
2018-09-07,3.1954638428701307,3.2194898868014845,3.1394030736969705,3.171437798938776,7804685.0,62012764.0
2018-09-10,3.1554204363178733,3.179446480249228,3.087346645179036,3.103364007799939,9380447.0,73178512.0
2018-09-11,3.1153770297656163,3.163429117628325,3.0913509858342616,3.1394030736969705,4931261.0,38533460.0
2018-09-12,3.147411755007422,3.159424776973099,3.1193813704208417,3.1394030736969705,4550200.0,35728060.0
2018-09-13,3.175442139594002,3.1834508209044534,3.131394392386519,3.171437798938776,5224100.0,41202016.0
2018-09-14,3.191459502214905,3.2595332933537424,3.159424776973099,3.203472524180582,10933942.0,87763592.0
2018-09-17,3.143407414352196,3.191459502214905,3.1153770297656163,3.1193813704208417,8015500.0,62913092.0
2018-09-18,3.0953553264894875,3.191459502214905,3.0953553264894875,3.191459502214905,7756172.0,61024704.0
2018-09-19,3.1994681835253567,3.3155940625269023,3.175442139594002,3.2515246120432906,17584088.0,143497760.0
2018-09-20,3.2515246120432906,3.267541974664194,3.2074768648358076,3.227498568111937,11899299.0,96180760.0
2018-09-21,3.227498568111937,3.267541974664194,3.2194898868014845,3.267541974664194,9306101.0,75505144.0
2018-09-25,3.2315029087671623,3.267541974664194,3.215485546146259,3.2395115900776137,7668235.0,62046576.0
2018-09-26,3.2515246120432906,3.3316114251478055,3.243515930732839,3.2915680185955485,13789438.0,113382880.0
2018-09-27,3.2795549966298707,3.3195984031821277,3.2395115900776137,3.247520271388065,9332950.0,76313608.0
2018-09-28,3.247520271388065,3.3636461503896116,3.247520271388065,3.3636461503896116,19626572.0,163179808.0
2018-10-08,3.2635376340089683,3.295572359250774,3.215485546146259,3.235507249422388,13642178.0,111032696.0
2018-10-09,3.2635376340089683,3.307585381216451,3.223494227456711,3.295572359250774,10832380.0,88649960.0
2018-10-10,3.307585381216451,3.307585381216451,3.247520271388065,3.295572359250774,7396100.0,60673612.0
2018-10-11,3.203472524180582,3.203472524180582,2.9952468101088443,3.059316260592456,18483212.0,142994368.0
2018-10-12,3.0392945573163272,3.103364007799939,2.923168678314781,3.0953553264894875,10103600.0,76768912.0
2018-10-15,3.103364007799939,3.1874551615596793,3.0953553264894875,3.131394392386519,9081436.0,71397296.0
2018-10-16,3.1233857110760677,3.203472524180582,3.1113726891103903,3.143407414352196,9382502.0,74261992.0
2018-10-17,3.1834508209044534,3.223494227456711,3.1554204363178733,3.1874551615596793,8682877.0,69310432.0
2018-10-18,3.2635376340089683,3.3436244471134824,3.227498568111937,3.2715463153194193,28813082.0,236434448.0
2018-10-19,3.203472524180582,3.4036895569418686,3.1674334582835506,3.4036895569418686,22282752.0,184188304.0
2018-10-22,3.4677590074254803,3.5558545018404466,3.3155940625269023,3.531828457909092,38294408.0,331494464.0
2018-10-23,3.599902249047929,3.603906589703155,3.179446480249228,3.223494227456711,63666852.0,535670400.0
2018-10-24,3.143407414352196,3.147411755007422,3.047303238626779,3.08334230452381,33620800.0,259291968.0
2018-10-25,2.9632120848670387,3.0513075792820046,2.891133953072975,3.0032554914192957,26209704.0,193721616.0
2018-10-26,3.0232771946954244,3.0513075792820046,2.9431903815909095,2.9752251068327156,16971460.0,127133456.0
2018-10-29,2.987238128798393,2.9912424694536184,2.883125271762524,2.9031469750386525,14707100.0,107244592.0
2018-10-30,2.91515999700433,2.9191643376595553,2.8310688432445894,2.8791209311072983,16200500.0,116401968.0
2018-10-31,2.8871296124177497,2.895138293728201,2.8590992278311695,2.883125271762524,16968982.0,122002568.0
2018-11-01,2.8871296124177497,2.91515999700433,2.883125271762524,2.895138293728201,16096198.0,116632560.0
2018-11-02,2.9351817002804585,2.97122076617749,2.9191643376595553,2.955203403556587,19856414.0,145872960.0
2018-11-05,2.9511990629013614,2.9752251068327156,2.923168678314781,2.967216425522264,15423839.0,113673008.0
2018-11-06,2.955203403556587,2.955203403556587,2.923168678314781,2.939186040935684,10422000.0,76327440.0
2018-11-07,2.947194722246136,2.9752251068327156,2.939186040935684,2.9431903815909095,12508498.0,92344128.0
2018-11-08,2.955203403556587,2.967216425522264,2.9031469750386525,2.9071513156938784,10381700.0,76058544.0
2018-11-09,2.9031469750386525,2.9031469750386525,2.8470862058654927,2.8590992278311695,10164629.0,72817352.0
2018-11-12,2.8430818652102667,2.9351817002804585,2.839077524555041,2.9271730189700067,12962951.0,93613104.0
2018-11-13,2.8791209311072983,2.9431903815909095,2.8631035684863955,2.9351817002804585,19124740.0,139259168.0
2018-11-14,2.9271730189700067,2.9992511507640702,2.923168678314781,2.9431903815909095,16767208.0,123803984.0
2018-11-15,2.947194722246136,2.9752251068327156,2.9271730189700067,2.97122076617749,15806229.0,116746792.0
2018-11-16,2.967216425522264,3.007259832074521,2.947194722246136,2.987238128798393,21601120.0,160955760.0
2018-11-19,2.967216425522264,3.05531191993723,2.967216425522264,3.0432988979715527,25388612.0,190629648.0
2018-11-20,3.0392945573163272,3.0392945573163272,2.9311773596252326,2.947194722246136,20760420.0,155100432.0
2018-11-21,2.8871296124177497,2.9592077442118128,2.8751165904520724,2.939186040935684,11171032.0,81553056.0
2018-11-22,2.939186040935684,2.9511990629013614,2.91515999700433,2.923168678314781,7538456.0,55117588.0
2018-11-23,2.899142634383427,2.9992511507640702,2.895138293728201,2.9431903815909095,24426362.0,180431344.0
2018-11-26,2.9431903815909095,2.9992511507640702,2.91515999700433,2.9632120848670387,13040986.0,96600592.0
2018-11-27,2.983233788143167,2.983233788143167,2.871112249796847,2.911155656349104,15570981.0,112991104.0
2018-11-28,2.895138293728201,2.9191643376595553,2.8631035684863955,2.9071513156938784,11333712.0,81603184.0
2018-11-29,2.911155656349104,2.9191643376595553,2.8590992278311695,2.8631035684863955,8628460.0,62231964.0
2018-11-30,2.8631035684863955,2.8751165904520724,2.823060161934138,2.8550948871759436,8719942.0,61859056.0
2018-12-03,2.891133953072975,2.939186040935684,2.8871296124177497,2.9271730189700067,15595666.0,113469912.0
2018-12-04,2.91515999700433,2.9592077442118128,2.911155656349104,2.9351817002804585,14420412.0,105678080.0
2018-12-05,2.8871296124177497,2.9511990629013614,2.8631035684863955,2.9191643376595553,12811886.0,93201832.0
2018-12-06,2.9071513156938784,2.9071513156938784,2.8590992278311695,2.8631035684863955,10056268.0,72218008.0
2018-12-07,2.8751165904520724,2.9031469750386525,2.8590992278311695,2.883125271762524,6535236.0,46952652.0
2018-12-10,2.8631035684863955,2.867107909141621,2.8350731838998153,2.8430818652102667,6108500.0,43429496.0
2018-12-11,2.8470862058654927,2.867107909141621,2.8430818652102667,2.8631035684863955,5201636.0,37086712.0
2018-12-12,2.8550948871759436,2.871112249796847,2.8470862058654927,2.8590992278311695,4620000.0,32965460.0
2018-12-13,2.867107909141621,2.9071513156938784,2.851090546520718,2.8871296124177497,11912162.0,85954216.0
2018-12-14,2.8791209311072983,2.987238128798393,2.8470862058654927,2.911155656349104,18176120.0,132446624.0
2018-12-17,2.923168678314781,2.9992511507640702,2.9191643376595553,2.9912424694536184,29430160.0,217606880.0
2018-12-18,2.967216425522264,3.1073683484551644,2.851090546520718,2.983233788143167,31623914.0,233363168.0
2018-12-19,2.947194722246136,2.9632120848670387,2.871112249796847,2.8751165904520724,15922321.0,115609976.0
2018-12-20,2.8631035684863955,2.9031469750386525,2.8550948871759436,2.8791209311072983,10429116.0,74998072.0
2018-12-21,2.8631035684863955,2.867107909141621,2.8310688432445894,2.8590992278311695,11103947.0,78908736.0
2018-12-24,2.867107909141621,2.883125271762524,2.839077524555041,2.8590992278311695,7849700.0,56010704.0
2018-12-25,2.8270645025893635,2.8430818652102667,2.722951645553495,2.7950297773475583,14042942.0,97468024.0
2018-12-26,2.7870210960371065,2.8110471399684607,2.722951645553495,2.7269559862087203,11620501.0,79887288.0
2018-12-27,2.7629950521057522,2.7710037334162037,2.658882195069883,2.658882195069883,10806153.0,73296240.0
2018-12-28,2.6708952170355604,2.6829082390012378,2.6308518104833034,2.6428648324489803,9021212.0,59723496.0
2019-01-02,2.634856151138529,2.6668908763803345,2.602821425896723,2.658882195069883,6418947.0,42299472.0
2019-01-03,2.658882195069883,2.6708952170355604,2.618838788517626,2.6228431291728516,5937712.0,39239780.0
2019-01-04,2.5787953819653686,2.674899557690786,2.562778019344466,2.674899557690786,10813594.0,71246208.0
2019-01-07,2.6909169203116887,2.7269559862087203,2.6668908763803345,2.722951645553495,13092935.0,88314112.0
2019-01-08,2.7109386235878175,2.8150514806236866,2.6909169203116887,2.734964667519172,14031958.0,96724992.0
2019-01-09,2.6989256016221406,2.775008074071429,2.6989256016221406,2.7109386235878175,11775700.0,80527648.0
2019-01-10,2.702929942277366,2.7469776894848494,2.694921260966915,2.706934282932592,6987634.0,47392996.0
2019-01-11,2.7269559862087203,2.7389690081743976,2.6989256016221406,2.734964667519172,6166700.0,41827368.0
2019-01-14,2.730960326863946,2.791025436692332,2.7109386235878175,2.722951645553495,6830700.0,46761656.0
2019-01-15,2.7149429642430434,2.7589907114505263,2.702929942277366,2.750982030140075,8530780.0,58351352.0
2019-01-16,2.7589907114505263,2.7669993927609777,2.7389690081743976,2.7389690081743976,7865472.0,54004504.0
2019-01-17,2.7389690081743976,2.7469776894848494,2.6869125796564632,2.6869125796564632,6733552.0,45629040.0
2019-01-18,2.6869125796564632,2.722951645553495,2.6708952170355604,2.702929942277366,7316400.0,49218956.0
2019-01-21,2.6989256016221406,2.722951645553495,2.6909169203116887,2.7109386235878175,5900823.0,39967440.0
2019-01-22,2.706934282932592,2.7189473048982693,2.662886535725109,2.6668908763803345,5524906.0,37092784.0
2019-01-23,2.678903898346012,2.6869125796564632,2.658882195069883,2.6668908763803345,3557200.0,23718014.0
2019-01-24,2.6708952170355604,2.6829082390012378,2.6508735137594317,2.6668908763803345,5630480.0,37498604.0
2019-01-25,2.6668908763803345,2.6668908763803345,2.646869173104206,2.646869173104206,4791500.0,31807204.0
2019-01-28,2.6548778544146576,2.6909169203116887,2.646869173104206,2.6508735137594317,7049441.0,46939436.0
2019-01-29,2.6508735137594317,2.6508735137594317,2.542756316068337,2.602821425896723,8779993.0,56981808.0
2019-01-30,2.594812744586272,2.6308518104833034,2.5667823599996913,2.58680406327582,5195253.0,33721336.0
2019-01-31,2.594812744586272,2.618838788517626,2.542756316068337,2.562778019344466,8544400.0,55126868.0
2019-02-01,2.570786700654917,2.6548778544146576,2.570786700654917,2.6548778544146576,7852858.0,51382656.0
2019-02-11,2.6388604917937544,2.6909169203116887,2.634856151138529,2.6829082390012378,7969292.0,53155996.0
2019-02-12,2.674899557690786,2.883125271762524,2.674899557690786,2.7950297773475583,33662928.0,234987056.0
2019-02-13,2.775008074071429,2.8190558212789125,2.750982030140075,2.807042799313235,22558832.0,157415504.0
2019-02-14,2.8110471399684607,2.9431903815909095,2.7950297773475583,2.9031469750386525,36826328.0,265337904.0
2019-02-15,2.899142634383427,2.9431903815909095,2.867107909141621,2.9351817002804585,26893586.0,195784752.0
2019-02-18,3.02728153535065,3.047303238626779,2.9511990629013614,3.015268513384973,40793936.0,304417248.0
2019-02-19,3.191459502214905,3.3155940625269023,3.127390051731293,3.3155940625269023,60333576.0,494548672.0
2019-02-20,3.4036895569418686,3.4036895569418686,3.143407414352196,3.151416095662648,82725904.0,667981952.0
2019-02-21,3.103364007799939,3.1674334582835506,3.0032554914192957,3.059316260592456,53837948.0,413106528.0
2019-02-22,3.0232771946954244,3.08334230452381,3.011264172729747,3.0793379638685847,32036076.0,243694880.0
2019-02-25,3.0793379638685847,3.1994681835253567,3.0793379638685847,3.191459502214905,57392176.0,451692992.0
2019-02-26,3.179446480249228,3.2395115900776137,3.1073683484551644,3.151416095662648,54676352.0,433862016.0
2019-02-27,3.1233857110760677,3.171437798938776,3.08334230452381,3.1193813704208417,29758908.0,232986928.0
2019-02-28,3.0913509858342616,3.2595332933537424,3.0913509858342616,3.179446480249228,37360936.0,297292064.0
2019-03-01,3.171437798938776,3.1954638428701307,3.1233857110760677,3.1554204363178733,22553650.0,177169936.0
2019-03-04,3.163429117628325,3.227498568111937,3.163429117628325,3.1834508209044534,39079272.0,311439456.0
2019-03-05,3.1674334582835506,3.2114812054910336,3.143407414352196,3.2114812054910336,28163356.0,223457504.0
2019-03-06,3.2194898868014845,3.2795549966298707,3.159424776973099,3.235507249422388,45905648.0,369874208.0
2019-03-07,3.215485546146259,3.3115897218716768,3.1874551615596793,3.247520271388065,43908744.0,356890880.0
2019-03-08,3.1954638428701307,3.1994681835253567,3.011264172729747,3.015268513384973,37248176.0,289103584.0
2019-03-11,3.015268513384973,3.159424776973099,3.011264172729747,3.1193813704208417,24654820.0,191099216.0
2019-03-12,3.143407414352196,3.159424776973099,3.0953553264894875,3.127390051731293,30558248.0,238908464.0
2019-03-13,3.131394392386519,3.131394392386519,3.0513075792820046,3.0673249419029074,20374624.0,157415344.0
2019-03-14,3.0352902166611018,3.0953553264894875,2.9752251068327156,3.0032554914192957,17877984.0,135246624.0
2019-03-15,3.007259832074521,3.087346645179036,3.007259832074521,3.047303238626779,13907797.0,105986064.0
2019-03-18,3.0513075792820046,3.1153770297656163,3.0192728540401985,3.1153770297656163,17379216.0,133972664.0
2019-03-19,3.1153770297656163,3.163429117628325,3.0993596671447134,3.135398733041745,22512728.0,176093584.0
2019-03-20,3.1153770297656163,3.175442139594002,3.0953553264894875,3.1554204363178733,26257792.0,206162416.0
2019-03-21,3.179446480249228,3.1954638428701307,3.131394392386519,3.151416095662648,27590290.0,217492320.0
2019-03-22,3.147411755007422,3.235507249422388,3.087346645179036,3.203472524180582,46267964.0,368074592.0
2019-03-25,3.131394392386519,3.163429117628325,3.103364007799939,3.1073683484551644,26894192.0,210223200.0
2019-03-26,3.1073683484551644,3.1994681835253567,3.0032554914192957,3.0713292825581333,34229564.0,265218720.0
2019-03-27,3.0713292825581333,3.247520271388065,3.0192728540401985,3.247520271388065,64480848.0,510893152.0
2019-03-28,3.2194898868014845,3.3436244471134824,3.163429117628325,3.1834508209044534,63258496.0,512820384.0
2019-03-29,3.1113726891103903,3.1834508209044534,3.063320601247682,3.1674334582835506,37703712.0,294565056.0
2019-04-01,3.1834508209044534,3.3155940625269023,3.171437798938776,3.2795549966298707,55969600.0,453454784.0
2019-04-02,3.4157025789075455,3.543841479874769,3.267541974664194,3.2755506559746452,83715544.0,704995072.0
2019-04-03,3.1994681835253567,3.3316114251478055,3.1554204363178733,3.2875636779403226,49679624.0,402422176.0
2019-04-04,3.2875636779403226,3.3195984031821277,3.2194898868014845,3.243515930732839,38969200.0,317648768.0
2019-04-08,3.255528952698517,3.2595332933537424,3.1674334582835506,3.2114812054910336,28483830.0,228655728.0
2019-04-09,3.223494227456711,3.2315029087671623,3.179446480249228,3.203472524180582,20380488.0,162989104.0
2019-04-10,3.203472524180582,3.235507249422388,3.143407414352196,3.235507249422388,27216896.0,216498880.0
2019-04-11,3.215485546146259,3.247520271388065,3.163429117628325,3.163429117628325,22233452.0,177857472.0
2019-04-12,3.1554204363178733,3.175442139594002,3.1113726891103903,3.131394392386519,16930644.0,132465280.0
2019-04-15,3.163429117628325,3.2715463153194193,3.151416095662648,3.1954638428701307,34553616.0,277492128.0
2019-04-16,3.131394392386519,3.2114812054910336,3.1233857110760677,3.1994681835253567,23260204.0,184326544.0
2019-04-17,3.1954638428701307,3.2194898868014845,3.175442139594002,3.1954638428701307,20498598.0,163669536.0
2019-04-18,3.267541974664194,3.2915680185955485,3.1874551615596793,3.1954638428701307,26136844.0,211064176.0
2019-04-19,3.1674334582835506,3.215485546146259,3.159424776973099,3.2114812054910336,17827686.0,142025376.0
2019-04-22,3.203472524180582,3.2194898868014845,3.131394392386519,3.135398733041745,18446850.0,145917712.0
2019-04-23,3.143407414352196,3.143407414352196,3.0713292825581333,3.08334230452381,15210101.0,117669688.0
2019-04-24,3.08334230452381,3.1073683484551644,3.0513075792820046,3.0993596671447134,10329612.0,79557520.0
2019-04-25,3.0953553264894875,3.1113726891103903,2.9632120848670387,2.967216425522264,15594811.0,118420288.0
2019-04-26,2.9752251068327156,2.9912424694536184,2.9031469750386525,2.9031469750386525,12917212.0,94945936.0
2019-04-29,2.911155656349104,2.939186040935684,2.7589907114505263,2.8030384586580093,13470234.0,95451888.0
2019-04-30,2.8030384586580093,2.8550948871759436,2.791025436692332,2.823060161934138,7766200.0,54819104.0
2019-05-06,2.7469776894848494,2.7469776894848494,2.5547693380340144,2.6108301072071742,16733838.0,110786456.0
2019-05-07,2.6308518104833034,2.6548778544146576,2.6068257665519488,2.6428648324489803,8191786.0,53902596.0
2019-05-08,2.5988170852414973,2.6548778544146576,2.570786700654917,2.6228431291728516,7782900.0,51063692.0
2019-05-09,2.6068257665519488,2.6228431291728516,2.5908084039310455,2.594812744586272,5884958.0,38283680.0
2019-05-10,2.618838788517626,2.6708952170355604,2.546760656723563,2.6708952170355604,11538779.0,75889720.0
2019-05-13,2.6428648324489803,2.658882195069883,2.6228431291728516,2.6428648324489803,5717194.0,37755528.0
2019-05-14,2.5908084039310455,2.6388604917937544,2.5787953819653686,2.6108301072071742,5606332.0,36563660.0
2019-05-15,2.646869173104206,2.722951645553495,2.634856151138529,2.6909169203116887,11618097.0,77716664.0
2019-05-16,2.6909169203116887,2.7109386235878175,2.6668908763803345,2.6869125796564632,7369424.0,49414136.0
2019-05-17,2.674899557690786,2.734964667519172,2.6068257665519488,2.634856151138529,12075740.0,80668624.0
2019-05-20,2.6308518104833034,2.6308518104833034,2.5227346127922083,2.594812744586272,11081022.0,70908456.0
2019-05-21,2.5908084039310455,2.634856151138529,2.570786700654917,2.626847469828077,7413951.0,48426804.0
2019-05-22,2.6228431291728516,2.626847469828077,2.5747910413101427,2.5908084039310455,5675700.0,36884644.0
2019-05-23,2.5827997226205945,2.5908084039310455,2.542756316068337,2.546760656723563,6660403.0,42611524.0
2019-05-24,2.55877367868924,2.570786700654917,2.538751975413111,2.542756316068337,4207260.0,26808162.0
2019-05-27,2.5547693380340144,2.602821425896723,2.542756316068337,2.5988170852414973,7557267.0,48603888.0
2019-05-28,2.5908084039310455,2.6148344478624,2.5747910413101427,2.58680406327582,6472073.0,42005504.0
2019-05-29,2.5827997226205945,2.602821425896723,2.570786700654917,2.5827997226205945,4616342.0,29805312.0
2019-05-30,2.5827997226205945,2.5827997226205945,2.546760656723563,2.5547693380340144,4913791.0,31386492.0
2019-05-31,2.5547693380340144,2.570786700654917,2.5507649973787885,2.5547693380340144,4334125.0,27686868.0
2019-06-03,2.5547693380340144,2.5667823599996913,2.526738953447434,2.5347476347578857,4919224.0,31260266.0
2019-06-04,2.5347476347578857,2.5347476347578857,2.470678184274274,2.4947042282056286,7525700.0,47044924.0
2019-06-05,2.5067172501713055,2.514725931481757,2.4786868655847254,2.4786868655847254,4391700.0,27364414.0
2019-06-06,2.4746825249294995,2.4826912062399513,2.410613074445888,2.4146174151011137,6113700.0,37238460.0
2019-06-10,2.4146174151011137,2.4346391183772425,2.410613074445888,2.430634777722017,4007880.0,24262194.0
2019-06-11,2.4266304370667906,2.510721590826531,2.422626096411565,2.5067172501713055,7666289.0,47443580.0
2019-06-12,2.498708568860854,2.498708568860854,2.4746825249294995,2.4746825249294995,5504800.0,34145948.0
2019-06-13,2.4746825249294995,2.486695546895177,2.4586651623085967,2.4746825249294995,4138322.0,25564724.0
2019-06-14,2.4746825249294995,2.4906998875504027,2.438643459032468,2.438643459032468,4899556.0,30186112.0
2019-06-17,2.438643459032468,2.454660821653371,2.422626096411565,2.4266304370667906,3439328.0,20917964.0
2019-06-18,2.4266304370667906,2.442647799687694,2.422626096411565,2.4266304370667906,2307971.0,14017306.0
2019-06-19,2.4626695029638226,2.5067172501713055,2.4626695029638226,2.4746825249294995,7180466.0,44472240.0
2019-06-20,2.470678184274274,2.5067172501713055,2.4506564809981453,2.5027129095160796,7732119.0,48064468.0
2019-06-21,2.510721590826531,2.542756316068337,2.5027129095160796,2.5347476347578857,8691201.0,54862260.0
2019-06-24,2.526738953447434,2.53074329410266,2.5067172501713055,2.518730272136983,5008590.0,31512926.0
2019-06-25,2.5227346127922083,2.5227346127922083,2.470678184274274,2.4947042282056286,5433256.0,33810944.0
2019-06-26,2.655536038487671,2.6684269901308153,2.642645086844527,2.651239054606623,4295205.0,26521890.0
2019-06-27,2.659833022368719,2.685614925655007,2.6254571513203353,2.6469420707255753,6337400.0,39177240.0
2019-06-28,2.659833022368719,2.681317941773959,2.612566199677191,2.651239054606623,7372027.0,45348356.0
2019-07-01,2.6899119095360553,2.728584764465487,2.6899119095360553,2.7113968289412953,10208019.0,64228280.0
2019-07-02,2.707099845060247,2.724287780584439,2.694208893417103,2.702802861179199,7261261.0,45800996.0
2019-07-03,2.707099845060247,2.707099845060247,2.664130006249767,2.672723974011863,5702061.0,35532908.0
2019-07-04,2.681317941773959,2.6899119095360553,2.655536038487671,2.664130006249767,4802593.0,29887992.0
2019-07-05,2.6684269901308153,2.6899119095360553,2.664130006249767,2.681317941773959,4720369.0,29426534.0
2019-07-08,2.664130006249767,2.745772699989679,2.612566199677191,2.664130006249767,11318895.0,70256208.0
2019-07-09,2.642645086844527,2.6469420707255753,2.6168631835582388,2.629754135201383,5280886.0,32308846.0
2019-07-10,2.6254571513203353,2.6383481029634788,2.612566199677191,2.612566199677191,2962480.0,18092732.0
2019-07-11,2.6254571513203353,2.651239054606623,2.603972231915095,2.612566199677191,4367190.0,26689424.0
2019-07-12,2.612566199677191,2.642645086844527,2.603972231915095,2.642645086844527,3595010.0,21912552.0
2019-07-15,2.629754135201383,2.655536038487671,2.608269215796143,2.642645086844527,3468200.0,21262258.0
2019-07-16,2.6469420707255753,2.6469420707255753,2.629754135201383,2.634051119082431,2758354.0,16916148.0
2019-07-17,2.634051119082431,2.6383481029634788,2.621160167439287,2.621160167439287,3270520.0,20002482.0
2019-07-18,2.6168631835582388,2.6168631835582388,2.599675248034047,2.603972231915095,3345805.0,20308472.0
2019-07-19,2.603972231915095,2.629754135201383,2.603972231915095,2.621160167439287,3381200.0,20603296.0
2019-07-22,2.6168631835582388,2.6254571513203353,2.573893344747759,2.578190328628807,4617205.0,27810766.0
2019-07-23,2.578190328628807,2.6254571513203353,2.578190328628807,2.599675248034047,3306402.0,19963890.0
2019-07-24,2.603972231915095,2.651239054606623,2.603972231915095,2.6254571513203353,5035494.0,30745872.0
2019-07-25,2.621160167439287,2.6469420707255753,2.608269215796143,2.629754135201383,4475145.0,27376286.0
2019-07-26,2.6254571513203353,2.6383481029634788,2.603972231915095,2.621160167439287,4158477.0,25338276.0
2019-07-29,2.621160167439287,2.629754135201383,2.603972231915095,2.603972231915095,2513000.0,15274256.0
2019-07-30,2.5953782641529988,2.621160167439287,2.591081280271951,2.603972231915095,2986800.0,18139248.0
2019-07-31,2.5953782641529988,2.603972231915095,2.5867842963909027,2.591081280271951,2438498.0,14719855.0
2019-08-01,2.5867842963909027,2.591081280271951,2.573893344747759,2.578190328628807,3556736.0,21353464.0
2019-08-02,2.5309235059372788,2.5309235059372788,2.4965476348888944,2.5137355704130866,6020101.0,35205556.0
2019-08-05,2.5094385865320388,2.5094385865320388,2.4535777960784144,2.4535777960784144,5168773.0,29852884.0
2019-08-06,2.4020139895058383,2.4020139895058383,2.234431618144966,2.3031833602417344,10917186.0,58627256.0
2019-08-07,2.316074311884878,2.33326224740907,2.26880748919335,2.2731044730743983,3821007.0,20441202.0
2019-08-08,2.2731044730743983,2.298886376360686,2.2731044730743983,2.281698440836494,3600199.0,19128020.0
2019-08-09,2.2859954247175422,2.294589392479638,2.234431618144966,2.2516195536691583,4564830.0,24051776.0
2019-08-12,2.2516195536691583,2.26880748919335,2.238728602026014,2.26880748919335,4871627.0,25514768.0
2019-08-13,2.255916537550206,2.384826053981646,2.238728602026014,2.316074311884878,8823436.0,47484452.0
2019-08-14,2.3375592312901183,2.3375592312901183,2.294589392479638,2.298886376360686,5455700.0,29399944.0
2019-08-15,2.234431618144966,2.29029240859859,2.234431618144966,2.2859954247175422,3744506.0,19721394.0
2019-08-16,2.2859954247175422,2.294589392479638,2.26880748919335,2.2859954247175422,2826000.0,15026857.0
2019-08-19,2.3891230378626944,2.4664687477215588,2.3891230378626944,2.4106079572679344,14039033.0,79021496.0
2019-08-20,2.4277958927921266,2.4664687477215588,2.4020139895058383,2.4149049411489827,10758477.0,60894460.0
2019-08-21,2.4449838283163188,2.4793596993647027,2.4234989089110783,2.4406868444352705,10275500.0,58604760.0
2019-08-22,2.4750627154836544,2.483656683245751,2.3977170056247905,2.4106079572679344,7990798.0,45130036.0
2019-08-23,2.4020139895058383,2.4320928766731744,2.3719351023385022,2.3891230378626944,6578488.0,36741744.0
2019-08-26,2.31177732800383,2.3547471668143105,2.31177732800383,2.3504501829332622,6720264.0,36440196.0
2019-08-27,2.3719351023385022,2.4192019250300305,2.3676381184574544,2.406310973386886,7747394.0,43238892.0
2019-08-28,2.3977170056247905,2.4149049411489827,2.3891230378626944,2.406310973386886,3989351.0,22300774.0
2019-08-29,2.4149049411489827,2.4234989089110783,2.3934200217437427,2.3977170056247905,3926070.0,22004678.0
2019-08-30,2.4020139895058383,2.4664687477215588,2.3934200217437427,2.4277958927921266,8304304.0,46802012.0
2019-09-02,2.4149049411489827,2.4449838283163188,2.3977170056247905,2.4449838283163188,8596788.0,48526592.0
2019-09-03,2.4406868444352705,2.4406868444352705,2.406310973386886,2.4363898605542227,6575522.0,37117252.0
2019-09-04,2.4234989089110783,2.4664687477215588,2.4149049411489827,2.4578747799594627,8179028.0,46499260.0
2019-09-05,2.462171763840511,2.505141602650991,2.4578747799594627,2.4750627154836544,10239665.0,59147300.0
2019-09-06,2.4750627154836544,2.535220489818327,2.462171763840511,2.4965476348888944,11392484.0,66370336.0
2019-09-09,2.5223295381751827,2.5223295381751827,2.4793596993647027,2.5094385865320388,7151000.0,41610652.0
2019-09-10,2.5137355704130866,2.5137355704130866,2.4793596993647027,2.4922506510078466,6464211.0,37461792.0
2019-09-11,2.5008446187699427,2.5094385865320388,2.4793596993647027,2.4793596993647027,5320500.0,30890420.0
2019-09-12,2.483656683245751,2.5008446187699427,2.4707657316026066,2.4879536671267988,3997106.0,23117324.0
2019-09-16,2.4922506510078466,2.5008446187699427,2.4750627154836544,2.4965476348888944,5499565.0,31893556.0
2019-09-17,2.4922506510078466,2.4922506510078466,2.4192019250300305,2.4234989089110783,6627879.0,37728896.0
2019-09-18,2.4277958927921266,2.4363898605542227,2.406310973386886,2.4106079572679344,3513121.0,19790470.0
2019-09-19,2.4277958927921266,2.4363898605542227,2.3977170056247905,2.4234989089110783,3344305.0,18813840.0
2019-09-20,2.4320928766731744,2.4406868444352705,2.4020139895058383,2.406310973386886,5181513.0,29163368.0
2019-09-23,2.4020139895058383,2.406310973386886,2.3676381184574544,2.3805290701005983,3883580.0,21503418.0
2019-09-24,2.3805290701005983,2.3977170056247905,2.3762320862195505,2.3762320862195505,3402260.0,18910896.0
2019-09-25,2.3719351023385022,2.3805290701005983,2.3461531990522144,2.363341134576406,3562182.0,19539514.0
2019-09-26,2.363341134576406,2.3762320862195505,2.31177732800383,2.31177732800383,4233300.0,22986436.0
2019-09-27,2.316074311884878,2.3461531990522144,2.316074311884878,2.341856215171166,1934366.0,10507149.0
2019-09-30,2.3504501829332622,2.3504501829332622,2.3246682796469744,2.3375592312901183,1841323.0,10012590.0
2019-10-08,2.33326224740907,2.3547471668143105,2.33326224740907,2.341856215171166,1685443.0,9198794.0
2019-10-09,2.3375592312901183,2.3461531990522144,2.316074311884878,2.3461531990522144,2363623.0,12820103.0
2019-10-10,2.3504501829332622,2.3891230378626944,2.3504501829332622,2.384826053981646,4184600.0,23131520.0
2019-10-11,2.3891230378626944,2.406310973386886,2.3762320862195505,2.3977170056247905,5262271.0,29359032.0
2019-10-14,2.5094385865320388,2.621160167439287,2.5094385865320388,2.5223295381751827,24276570.0,144276896.0
2019-10-15,2.4879536671267988,2.7758515871570153,2.4664687477215588,2.7500696838707275,59004040.0,369024992.0
2019-10-16,2.659833022368719,2.672723974011863,2.578190328628807,2.591081280271951,34692368.0,211527056.0
2019-10-17,2.599675248034047,2.655536038487671,2.5652993769856627,2.608269215796143,20058704.0,121965200.0
2019-10-18,2.578190328628807,2.621160167439287,2.552408425342519,2.573893344747759,13264203.0,79748640.0
2019-10-21,2.535220489818327,2.561002393104615,2.505141602650991,2.518032554294135,9595457.0,56302556.0
2019-10-22,2.5953782641529988,2.6383481029634788,2.582487312509855,2.599675248034047,15403245.0,93207640.0
2019-10-23,2.5953782641529988,2.5953782641529988,2.5137355704130866,2.5223295381751827,11153500.0,66175912.0
2019-10-24,2.526626522056231,2.539517473699375,2.5094385865320388,2.5137355704130866,5640300.0,33130874.0
2019-10-25,2.526626522056231,2.672723974011863,2.483656683245751,2.5867842963909027,13390895.0,79851384.0
2019-10-28,2.582487312509855,2.591081280271951,2.535220489818327,2.582487312509855,10733853.0,64262560.0
2019-10-29,2.5867842963909027,2.5867842963909027,2.5438144575804227,2.5481114414614705,7686707.0,45822932.0
2019-10-30,2.5481114414614705,2.5953782641529988,2.535220489818327,2.556705409223567,7014503.0,41882692.0
2019-10-31,2.5652993769856627,2.591081280271951,2.526626522056231,2.526626522056231,8055624.0,47978888.0
2019-11-01,2.5223295381751827,2.5481114414614705,2.5137355704130866,2.526626522056231,6034707.0,35506060.0
2019-11-04,2.5309235059372788,2.582487312509855,2.526626522056231,2.556705409223567,6928514.0,41262828.0
2019-11-05,2.561002393104615,2.573893344747759,2.539517473699375,2.569596360866711,6523219.0,38833916.0
2019-11-06,2.556705409223567,2.5953782641529988,2.552408425342519,2.573893344747759,7430100.0,44585132.0
2019-11-07,2.5867842963909027,2.591081280271951,2.5481114414614705,2.569596360866711,6316100.0,37720936.0
2019-11-08,2.578190328628807,2.591081280271951,2.561002393104615,2.5652993769856627,5656900.0,33912080.0
2019-11-11,2.5438144575804227,2.556705409223567,2.4707657316026066,2.4793596993647027,8808914.0,51454940.0
2019-11-12,2.4793596993647027,2.4922506510078466,2.4277958927921266,2.4750627154836544,4862361.0,27790762.0
2019-11-13,2.4750627154836544,2.535220489818327,2.4664687477215588,2.535220489818327,8747357.0,50928528.0
2019-11-14,2.5223295381751827,2.5438144575804227,2.4965476348888944,2.5008446187699427,4873870.0,28480668.0
2019-11-15,2.4965476348888944,2.599675248034047,2.4793596993647027,2.5652993769856627,16890736.0,100837464.0
2019-11-18,2.5481114414614705,2.5867842963909027,2.539517473699375,2.569596360866711,10055697.0,59844032.0
2019-11-19,2.556705409223567,2.612566199677191,2.5438144575804227,2.591081280271951,11074823.0,66387592.0
2019-11-20,2.582487312509855,2.582487312509855,2.539517473699375,2.539517473699375,8025700.0,47808388.0
2019-11-21,2.535220489818327,2.556705409223567,2.5137355704130866,2.535220489818327,4943860.0,29166556.0
2019-11-22,2.5481114414614705,2.655536038487671,2.5309235059372788,2.591081280271951,17090472.0,103131320.0
2019-11-25,2.578190328628807,2.664130006249767,2.569596360866711,2.629754135201383,16302018.0,99472232.0
2019-11-26,2.629754135201383,2.629754135201383,2.578190328628807,2.603972231915095,9782172.0,59129916.0
2019-11-27,2.591081280271951,2.6469420707255753,2.5867842963909027,2.629754135201383,10461515.0,63848084.0
2019-11-28,2.629754135201383,2.655536038487671,2.6168631835582388,2.642645086844527,10915760.0,66947104.0
2019-11-29,2.6383481029634788,2.664130006249767,2.6254571513203353,2.651239054606623,10770524.0,66293308.0
2019-12-02,2.651239054606623,2.664130006249767,2.603972231915095,2.621160167439287,10474852.0,63970400.0
2019-12-03,2.599675248034047,2.634051119082431,2.582487312509855,2.629754135201383,10079222.0,61154644.0
2019-12-04,2.612566199677191,2.681317941773959,2.612566199677191,2.6770209578929114,19145156.0,118617824.0
2019-12-05,2.681317941773959,2.724287780584439,2.655536038487671,2.6770209578929114,18259262.0,114159504.0
2019-12-06,2.6770209578929114,2.694208893417103,2.629754135201383,2.681317941773959,13453479.0,83366528.0
2019-12-09,2.6985058772981514,2.6985058772981514,2.642645086844527,2.655536038487671,12222612.0,75782384.0
2019-12-10,2.659833022368719,2.6684269901308153,2.634051119082431,2.655536038487671,9073817.0,55960512.0
2019-12-11,2.651239054606623,2.659833022368719,2.612566199677191,2.6254571513203353,10101940.0,61816576.0
2019-12-12,2.6168631835582388,2.6770209578929114,2.603972231915095,2.6469420707255753,14629996.0,90060600.0
2019-12-13,2.681317941773959,2.7629606355138714,2.664130006249767,2.745772699989679,38209176.0,241601312.0
2019-12-16,2.8145244420864475,2.8531972970158797,2.745772699989679,2.8360093614916875,47198104.0,308440256.0
2019-12-17,2.8231184098485436,2.921949039112648,2.8016334904433036,2.8617912647779757,43675444.0,290444032.0
2019-12-18,2.8660882486590236,2.8961671358263597,2.8360093614916875,2.8617912647779757,26582154.0,177095296.0
2019-12-19,2.8660882486590236,2.8660882486590236,2.7672576193949197,2.8188214259674953,29260420.0,190823584.0
2019-12-20,2.7973365065622553,2.8531972970158797,2.707099845060247,2.7113968289412953,36681676.0,236108192.0
2019-12-23,2.6899119095360553,2.6985058772981514,2.621160167439287,2.6254571513203353,18823186.0,116294480.0
2019-12-24,2.642645086844527,2.642645086844527,2.603972231915095,2.6383481029634788,10590558.0,64738764.0
2019-12-25,2.634051119082431,2.6383481029634788,2.608269215796143,2.621160167439287,9272250.0,56643416.0
2019-12-26,2.621160167439287,2.642645086844527,2.608269215796143,2.642645086844527,7903861.0,48349356.0
2019-12-27,2.6383481029634788,2.681317941773959,2.629754135201383,2.6383481029634788,11529442.0,71141704.0
2019-12-30,2.6469420707255753,2.655536038487671,2.621160167439287,2.6469420707255753,9494455.0,58271464.0
2019-12-31,2.634051119082431,2.651239054606623,2.634051119082431,2.6383481029634788,6595558.0,40555152.0
2020-01-02,2.655536038487671,2.6770209578929114,2.642645086844527,2.672723974011863,12666237.0,78511112.0
2020-01-03,2.672723974011863,2.685614925655007,2.655536038487671,2.6684269901308153,10343285.0,64168220.0
2020-01-06,2.6469420707255753,2.6684269901308153,2.621160167439287,2.651239054606623,11875712.0,73108976.0
2020-01-07,2.655536038487671,2.6684269901308153,2.6469420707255753,2.659833022368719,8509964.0,52592220.0
2020-01-08,2.651239054606623,2.655536038487671,2.603972231915095,2.608269215796143,13892913.0,84853880.0
2020-01-09,2.629754135201383,2.6383481029634788,2.621160167439287,2.634051119082431,7147458.0,43733600.0
2020-01-10,2.634051119082431,2.6469420707255753,2.621160167439287,2.6383481029634788,5661174.0,34696340.0
2020-01-13,2.6383481029634788,2.642645086844527,2.6168631835582388,2.634051119082431,5238134.0,32005676.0
2020-01-14,2.634051119082431,2.642645086844527,2.6254571513203353,2.629754135201383,6167320.0,37779792.0
2020-01-15,2.6254571513203353,2.629754135201383,2.5953782641529988,2.608269215796143,7352000.0,44627832.0
2020-01-16,2.6168631835582388,2.6254571513203353,2.599675248034047,2.599675248034047,5792800.0,35210536.0
2020-01-17,2.608269215796143,2.612566199677191,2.578190328628807,2.578190328628807,5729895.0,34508516.0
2020-01-20,2.582487312509855,2.591081280271951,2.556705409223567,2.569596360866711,5692105.0,34006040.0
2020-01-21,2.569596360866711,2.569596360866711,2.535220489818327,2.535220489818327,5115408.0,30298168.0
2020-01-22,2.535220489818327,2.535220489818327,2.483656683245751,2.5309235059372788,6297878.0,36820848.0
2020-01-23,2.5008446187699427,2.535220489818327,2.4707657316026066,2.4879536671267988,6168302.0,35899300.0
2020-02-03,2.238728602026014,2.238728602026014,2.238728602026014,2.238728602026014,1834700.0,9558787.0
2020-02-04,2.0152854402115175,2.165679876048198,2.0152854402115175,2.1012251178324775,19368474.0,94963704.0
2020-02-05,2.114116069475622,2.16138289216715,2.0883341661893335,2.1270070211187657,10193635.0,50586492.0
2020-02-06,2.144194956642958,2.144194956642958,2.1098190855945735,2.13989797276191,10168274.0,50401304.0
2020-02-07,2.135600988880862,2.144194956642958,2.114116069475622,2.135600988880862,8451527.0,41850488.0
2020-02-10,2.1270070211187657,2.1914617793344857,2.1184130533566696,2.1914617793344857,10662720.0,53609184.0
2020-02-11,2.195758763215534,2.2301346342639183,2.178570827691342,2.208649714858678,9774350.0,50241332.0
2020-02-12,2.208649714858678,2.234431618144966,2.195758763215534,2.22583765038287,7377890.0,38154944.0
2020-02-13,2.22583765038287,2.234431618144966,2.200055747096582,2.200055747096582,7447056.0,38391200.0
2020-02-14,2.200055747096582,2.208649714858678,2.18286781157239,2.187164795453438,5641003.0,28763972.0
2020-02-17,2.157085908286102,2.243025585907062,2.157085908286102,2.243025585907062,10293189.0,53226032.0
2020-02-18,2.264510505312302,2.2731044730743983,2.2301346342639183,2.260213521431254,8311796.0,43515752.0
2020-02-19,2.260213521431254,2.2731044730743983,2.24732256978811,2.255916537550206,8163554.0,42932496.0
2020-02-20,2.264510505312302,2.298886376360686,2.24732256978811,2.298886376360686,10962084.0,58014752.0
2020-02-21,2.294589392479638,2.3246682796469744,2.281698440836494,2.3031833602417344,11780947.0,63229596.0
2020-02-24,2.294589392479638,2.294589392479638,2.2516195536691583,2.26880748919335,12703914.0,67082116.0
2020-02-25,2.221540666501822,2.22583765038287,2.165679876048198,2.221540666501822,16926966.0,86608264.0
2020-02-26,2.1914617793344857,2.26880748919335,2.18286781157239,2.243025585907062,14126779.0,73586000.0
2020-02-27,2.2516195536691583,2.277401456955446,2.234431618144966,2.243025585907062,8846383.0,46330848.0
2020-02-28,2.20435273097763,2.20435273097763,2.157085908286102,2.16138289216715,13492400.0,68409800.0
2020-03-02,2.16138289216715,2.277401456955446,2.16138289216715,2.2516195536691583,14033305.0,72905592.0
2020-03-03,2.264510505312302,2.4277958927921266,2.24732256978811,2.3547471668143105,30781712.0,167963264.0
2020-03-04,2.31177732800383,2.3934200217437427,2.29029240859859,2.3590441506953583,21631526.0,117704984.0
2020-03-05,2.363341134576406,2.3719351023385022,2.341856215171166,2.3547471668143105,16618026.0,91122448.0
2020-03-06,2.3289652635280222,2.3461531990522144,2.316074311884878,2.3203712957659266,10484600.0,56735684.0
2020-03-09,2.298886376360686,2.3461531990522144,2.277401456955446,2.29029240859859,11709569.0,62853868.0
2020-03-10,2.255916537550206,2.298886376360686,2.20435273097763,2.298886376360686,12272683.0,64524776.0
2020-03-11,2.298886376360686,2.3547471668143105,2.2859954247175422,2.3074803441227822,14200240.0,76766320.0
2020-03-12,2.2731044730743983,2.281698440836494,2.238728602026014,2.24732256978811,7832100.0,41118092.0
2020-03-13,2.1527889244050535,2.221540666501822,2.1184130533566696,2.20435273097763,11734594.0,59240744.0
2020-03-16,2.2301346342639183,2.234431618144966,2.13989797276191,2.1527889244050535,8772354.0,44592064.0
2020-03-17,2.135600988880862,2.1742738438102935,2.0625522629030453,2.122710037237718,8269888.0,40779160.0
2020-03-18,2.135600988880862,2.316074311884878,2.1313040049998135,2.18286781157239,19087546.0,98915352.0
2020-03-19,2.1484919405240057,2.212946698739726,2.1098190855945735,2.1742738438102935,12720689.0,63847548.0
2020-03-20,2.195758763215534,2.2731044730743983,2.16138289216715,2.2301346342639183,13500875.0,69459592.0
2020-03-23,2.1699768599292457,2.200055747096582,2.157085908286102,2.16138289216715,6935568.0,35121256.0
2020-03-24,2.187164795453438,2.208649714858678,2.144194956642958,2.1914617793344857,7582856.0,38448412.0
2020-03-25,2.212946698739726,2.255916537550206,2.1914617793344857,2.22583765038287,12595900.0,65029224.0
2020-03-26,2.20435273097763,2.217243682620774,2.195758763215534,2.20435273097763,7142950.0,36695660.0
2020-03-27,2.221540666501822,2.234431618144966,2.20435273097763,2.208649714858678,8398988.0,43336072.0
2020-03-30,2.195758763215534,2.195758763215534,2.144194956642958,2.16138289216715,7080860.0,35606620.0
2020-03-31,2.18286781157239,2.22583765038287,2.165679876048198,2.18286781157239,6454328.0,32820012.0
2020-04-01,2.1699768599292457,2.187164795453438,2.157085908286102,2.157085908286102,4555852.0,23020932.0
2020-04-02,2.1527889244050535,2.195758763215534,2.13989797276191,2.187164795453438,4995872.0,25204472.0
2020-04-03,2.1742738438102935,2.208649714858678,2.157085908286102,2.178570827691342,6823212.0,34544972.0
2020-04-07,2.200055747096582,2.217243682620774,2.187164795453438,2.208649714858678,8287618.0,42492080.0
2020-04-08,2.20435273097763,2.208649714858678,2.1914617793344857,2.20435273097763,4982002.0,25517990.0
2020-04-09,2.217243682620774,2.217243682620774,2.1914617793344857,2.195758763215534,6308200.0,32327280.0
2020-04-10,2.195758763215534,2.238728602026014,2.16138289216715,2.212946698739726,13303889.0,68153040.0
2020-04-13,2.178570827691342,2.187164795453438,2.165679876048198,2.1742738438102935,5878766.0,29760100.0
2020-04-14,2.1742738438102935,2.187164795453438,2.1699768599292457,2.187164795453438,3645982.0,18495874.0
2020-04-15,2.1914617793344857,2.20435273097763,2.1742738438102935,2.195758763215534,5739508.0,29211316.0
2020-04-16,2.178570827691342,2.195758763215534,2.1742738438102935,2.187164795453438,4152403.0,21134496.0
2020-04-17,2.1914617793344857,2.20435273097763,2.178570827691342,2.18286781157239,5340852.0,27227382.0
2020-04-20,2.200055747096582,2.200055747096582,2.178570827691342,2.187164795453438,3623388.0,18444714.0
2020-04-21,2.187164795453438,2.221540666501822,2.18286781157239,2.195758763215534,7568566.0,38744344.0
2020-04-22,2.1742738438102935,2.187164795453438,2.165679876048198,2.18286781157239,5692522.0,28809214.0
2020-04-23,2.18286781157239,2.212946698739726,2.178570827691342,2.20435273097763,8833324.0,45211472.0
2020-04-24,2.187164795453438,2.20435273097763,2.165679876048198,2.1699768599292457,6295148.0,31923736.0
2020-04-27,2.178570827691342,2.187164795453438,2.16138289216715,2.1699768599292457,4011400.0,20297370.0
2020-04-28,2.157085908286102,2.178570827691342,2.1098190855945735,2.135600988880862,5536821.0,27611464.0
2020-04-29,2.13989797276191,2.1527889244050535,2.1270070211187657,2.135600988880862,3626468.0,18054160.0
2020-04-30,2.1484919405240057,2.1699768599292457,2.1484919405240057,2.165679876048198,3775834.0,18998412.0
2020-05-06,2.1699768599292457,2.18286781157239,2.1527889244050535,2.18286781157239,5208078.0,26319512.0
2020-05-07,2.178570827691342,2.187164795453438,2.165679876048198,2.1742738438102935,3591000.0,18181484.0
2020-05-08,2.1742738438102935,2.18286781157239,2.1699768599292457,2.18286781157239,4522558.0,22918542.0
2020-05-11,2.187164795453438,2.187164795453438,2.1699768599292457,2.178570827691342,4822494.0,24456788.0
2020-05-12,2.18286781157239,2.18286781157239,2.157085908286102,2.1699768599292457,3329600.0,16808810.0
2020-05-13,2.1699768599292457,2.178570827691342,2.157085908286102,2.1742738438102935,2944308.0,14846951.0
2020-05-14,2.165679876048198,2.1742738438102935,2.16138289216715,2.16138289216715,2554068.0,12874349.0
2020-05-15,2.212946698739726,2.3676381184574544,2.20435273097763,2.264510505312302,33677664.0,179509968.0
2020-05-18,2.238728602026014,2.238728602026014,2.195758763215534,2.200055747096582,16967068.0,87301448.0
2020-05-19,2.221540666501822,2.260213521431254,2.195758763215534,2.221540666501822,10812510.0,55921996.0
2020-05-20,2.212946698739726,2.234431618144966,2.200055747096582,2.208649714858678,5857086.0,30149884.0
2020-05-21,2.212946698739726,2.221540666501822,2.187164795453438,2.187164795453438,4793900.0,24550500.0
2020-05-22,2.187164795453438,2.195758763215534,2.157085908286102,2.165679876048198,5931100.0,29975478.0
2020-05-25,2.16138289216715,2.212946698739726,2.157085908286102,2.212946698739726,5884636.0,29951402.0
2020-05-26,2.212946698739726,2.221540666501822,2.200055747096582,2.212946698739726,4836798.0,24869468.0
2020-05-27,2.18286781157239,2.2731044730743983,2.18286781157239,2.243025585907062,12201428.0,63263528.0
2020-05-28,2.234431618144966,2.255916537550206,2.200055747096582,2.212946698739726,7048448.0,36430440.0
2020-05-29,2.212946698739726,2.298886376360686,2.200055747096582,2.2731044730743983,18832024.0,98847088.0
2020-06-01,2.277401456955446,2.29029240859859,2.24732256978811,2.2859954247175422,15558729.0,82378432.0
2020-06-02,2.3031833602417344,2.3547471668143105,2.2859954247175422,2.31177732800383,23012626.0,124160304.0
2020-06-03,2.294589392479638,2.3031833602417344,2.24732256978811,2.24732256978811,16150400.0,85469928.0
2020-06-04,2.260213521431254,2.26880748919335,2.24732256978811,2.264510505312302,6363780.0,33437210.0
2020-06-05,2.26880748919335,2.277401456955446,2.2301346342639183,2.255916537550206,7539121.0,39492112.0
2020-06-08,2.260213521431254,2.260213521431254,2.238728602026014,2.238728602026014,5305800.0,27749960.0
2020-06-09,2.238728602026014,2.2516195536691583,2.234431618144966,2.238728602026014,3961024.0,20666606.0
2020-06-10,2.243025585907062,2.24732256978811,2.217243682620774,2.238728602026014,3477300.0,18083520.0
2020-06-11,2.238728602026014,2.238728602026014,2.217243682620774,2.221540666501822,4080005.0,21139502.0
2020-06-12,2.4165795687000546,2.4451218470705274,2.402308429514818,2.4356077542803702,3810832.0,19474536.0
2020-06-15,2.4356077542803702,2.497449357416395,2.426093661490212,2.464150032650843,9669000.0,50220628.0
2020-06-16,2.468907079045922,2.5022064038114737,2.449878893465607,2.497449357416395,10308000.0,53728440.0
2020-06-17,2.492692311021316,2.530748682181947,2.464150032650843,2.492692311021316,11246400.0,59066932.0
2020-06-18,2.4784211718360796,2.5212345893917893,2.464150032650843,2.492692311021316,11537948.0,60423200.0
2020-06-19,2.4879352646262376,2.6354037028736816,2.4831782182311586,2.525991635786868,20435234.0,109828392.0
2020-06-22,2.5069634502065528,2.554533914157341,2.492692311021316,2.5164775429967103,10752405.0,56823784.0
2020-06-23,2.5022064038114737,2.5640480069474987,2.497449357416395,2.5497768677622625,10758161.0,57146688.0
2020-06-24,2.5402627749721045,2.5402627749721045,2.5069634502065528,2.5117204966016318,7078362.0,37458024.0
2020-06-29,2.5117204966016318,2.5117204966016318,2.473664125441001,2.473664125441001,5917703.0,30921662.0
2020-06-30,2.4879352646262376,2.5069634502065528,2.4784211718360796,2.492692311021316,6197620.0,32461014.0
2020-07-01,2.497449357416395,2.5212345893917893,2.4879352646262376,2.5212345893917893,8771399.0,46249424.0
2020-07-02,2.525991635786868,2.568805053342578,2.5117204966016318,2.554533914157341,16190134.0,86655768.0
2020-07-03,2.55929096055242,2.597347331713051,2.5450198213671835,2.5878332389228933,18545978.0,100465992.0
2020-07-06,2.6116184708982875,2.749572816355574,2.5925902853179723,2.7067593987998646,31654810.0,177470048.0
2020-07-07,2.716273491590022,2.754329862750653,2.6639459812441544,2.6639459812441544,27439180.0,155547696.0
2020-07-08,2.68297416682447,2.7353016771703373,2.659188934849076,2.7020023524047856,26751974.0,151992032.0
2020-07-09,2.7020023524047856,2.8066573730965203,2.6972453060097066,2.744815769960495,32819534.0,189646688.0
2020-07-10,2.7400587235654164,2.9874251361095165,2.687731213219549,2.935097625763649,62666052.0,374847648.0
2020-07-13,2.935097625763649,2.9826680897144375,2.858984883442387,2.9588828577390434,49446620.0,302543072.0
2020-07-14,2.920826486578412,2.9446117185538068,2.839956697862072,2.8684989762325452,31920604.0,193937312.0
2020-07-15,2.8922842082079394,2.8922842082079394,2.744815769960495,2.7590869091457315,20776880.0,122477016.0
2020-07-16,2.744815769960495,2.7971432803063623,2.6544318884539972,2.6639459812441544,15354071.0,87884592.0
2020-07-17,2.6782171204293914,2.6972453060097066,2.64016074926876,2.6782171204293914,10931138.0,61349104.0
2020-07-20,2.6782171204293914,2.7638439555408105,2.6734600740343124,2.7638439555408105,12707782.0,72643400.0
2020-07-21,2.7638439555408105,2.7686010019358895,2.7210305379851008,2.754329862750653,9358000.0,54003284.0
2020-07-22,2.7400587235654164,2.778115094726047,2.7305446307752588,2.744815769960495,9312873.0,53924428.0
2020-07-23,2.716273491590022,2.787629187516205,2.6544318884539972,2.749572816355574,14470919.0,82471064.0
2020-07-24,2.7305446307752588,2.8542278370473086,2.6972453060097066,2.7210305379851008,20619764.0,120471464.0
2020-07-30,2.9588828577390434,2.9588828577390434,2.816171465886678,2.825685558676836,37484932.0,225797632.0
2020-07-31,2.787629187516205,2.8209285122817565,2.7590869091457315,2.8019003267014413,17454084.0,102359840.0
2020-08-03,2.8019003267014413,2.8970412546030184,2.7971432803063623,2.8637419298374662,19602920.0,117767680.0
2020-08-04,2.858984883442387,3.130136527961882,2.844713744257151,3.063537878430778,47899440.0,300637440.0
2020-08-05,3.0064533216898317,3.1015942495914084,2.9255835329734916,3.0064533216898317,39752712.0,251854704.0
2020-08-06,2.9826680897144375,3.0159674144799893,2.8922842082079394,2.9160694401833336,24370486.0,150519632.0
2020-08-07,2.911312393788255,2.949368764948886,2.8684989762325452,2.887527161812861,13883546.0,84708832.0
2020-08-10,2.878013069022703,2.935097625763649,2.858984883442387,2.920826486578412,11964152.0,73096040.0
2020-08-11,2.9160694401833336,2.9255835329734916,2.8304426050719145,2.835199651466993,13691100.0,82870784.0
2020-08-12,2.844713744257151,2.858984883442387,2.7590869091457315,2.84947079065223,11345851.0,66953616.0
2020-08-13,2.8542278370473086,2.887527161812861,2.825685558676836,2.84947079065223,8389122.0,50462932.0
2020-08-14,2.8542278370473086,2.858984883442387,2.811414419491599,2.8542278370473086,7121053.0,42483072.0
2020-08-17,2.8542278370473086,2.887527161812861,2.8542278370473086,2.878013069022703,9394253.0,56714548.0
2020-08-18,2.887527161812861,3.034995600060305,2.8684989762325452,2.9541258113439643,22331714.0,138124480.0
2020-08-19,2.901798300998097,2.935097625763649,2.887527161812861,2.8922842082079394,13664347.0,83487024.0
2020-08-20,2.878013069022703,2.8827701154177814,2.825685558676836,2.844713744257151,10103750.0,60723948.0
2020-08-21,2.8542278370473086,2.8732560226276243,2.8209285122817565,2.839956697862072,5925000.0,35465968.0
2020-08-24,2.844713744257151,2.84947079065223,2.811414419491599,2.816171465886678,5336160.0,31685230.0
2020-08-25,2.8209285122817565,2.835199651466993,2.7638439555408105,2.773358048330968,9161877.0,53749184.0
2020-08-26,2.778115094726047,2.7828721411211257,2.6972453060097066,2.7067593987998646,8180792.0,47000904.0
2020-08-27,2.7305446307752588,2.787629187516205,2.7305446307752588,2.7638439555408105,6303619.0,36546452.0
2020-08-28,2.773358048330968,2.816171465886678,2.7400587235654164,2.7923862339112837,6707803.0,39253920.0
2020-08-31,2.7971432803063623,2.816171465886678,2.778115094726047,2.7828721411211257,5127155.0,30139208.0
2020-09-01,2.7828721411211257,2.7828721411211257,2.744815769960495,2.7590869091457315,5591751.0,32417326.0
2020-09-02,2.7686010019358895,2.787629187516205,2.749572816355574,2.773358048330968,6253101.0,36341636.0
2020-09-03,2.773358048330968,2.773358048330968,2.7305446307752588,2.7400587235654164,4395128.0,25429554.0
2020-09-04,2.711516445194943,2.754329862750653,2.687731213219549,2.744815769960495,5300195.0,30287838.0
2020-09-07,2.7353016771703373,2.7971432803063623,2.7353016771703373,2.7400587235654164,5973703.0,34656192.0
2020-09-08,2.7638439555408105,2.7828721411211257,2.7400587235654164,2.773358048330968,6219020.0,36080608.0
2020-09-09,2.754329862750653,2.787629187516205,2.7400587235654164,2.778115094726047,8634452.0,50331720.0
2020-09-10,2.787629187516205,2.7971432803063623,2.692488259614628,2.692488259614628,7934600.0,45750144.0
2020-09-11,2.6972453060097066,2.6972453060097066,2.659188934849076,2.687731213219549,4912551.0,27658430.0
2020-09-14,2.6972453060097066,2.7971432803063623,2.687731213219549,2.754329862750653,9524968.0,55028672.0
2020-09-15,2.787629187516205,2.787629187516205,2.749572816355574,2.7590869091457315,5964454.0,34691540.0
2020-09-16,2.7590869091457315,2.773358048330968,2.716273491590022,2.7210305379851008,4874451.0,28086904.0
2020-09-17,2.7638439555408105,2.7638439555408105,2.7210305379851008,2.7305446307752588,4224900.0,24308142.0
2020-09-18,2.7305446307752588,2.816171465886678,2.7257875843801798,2.7923862339112837,11720956.0,68651920.0
2020-09-21,2.787629187516205,2.8066573730965203,2.7686010019358895,2.7971432803063623,6767593.0,39676908.0
2020-09-22,2.773358048330968,2.778115094726047,2.7257875843801798,2.7353016771703373,6138811.0,35559884.0
2020-09-23,2.7590869091457315,2.8066573730965203,2.744815769960495,2.773358048330968,6568474.0,38304032.0
2020-09-24,2.744815769960495,2.744815769960495,2.6972453060097066,2.711516445194943,6560982.0,37448016.0
2020-09-25,2.7353016771703373,2.7353016771703373,2.6782171204293914,2.692488259614628,3671600.0,20818218.0
2020-09-28,2.7020023524047856,2.7067593987998646,2.6544318884539972,2.659188934849076,3474900.0,19543060.0
2020-09-29,2.6639459812441544,2.68297416682447,2.64016074926876,2.64016074926876,3621629.0,20261228.0
2020-09-30,2.644917795663839,2.659188934849076,2.630646656478603,2.6496748420589182,3272890.0,18201260.0
2020-10-09,2.6639459812441544,2.749572816355574,2.6639459812441544,2.711516445194943,6855294.0,39006336.0
2020-10-12,2.744815769960495,2.7828721411211257,2.7305446307752588,2.7686010019358895,9118312.0,52838848.0
2020-10-13,2.7638439555408105,2.773358048330968,2.7400587235654164,2.7686010019358895,5424326.0,31455374.0
2020-10-14,2.7638439555408105,2.7638439555408105,2.7210305379851008,2.7353016771703373,4917000.0,28287364.0
2020-10-15,2.7210305379851008,2.7400587235654164,2.692488259614628,2.6972453060097066,4274962.0,24342288.0
2020-10-16,2.6972453060097066,2.7067593987998646,2.68297416682447,2.687731213219549,3000544.0,16981516.0
2020-10-19,2.7020023524047856,2.711516445194943,2.668703027639234,2.6734600740343124,3693700.0,20901038.0
2020-10-20,2.668703027639234,2.687731213219549,2.659188934849076,2.6782171204293914,2247498.0,12622593.0
2020-10-21,2.6782171204293914,2.716273491590022,2.6734600740343124,2.6782171204293914,3058512.0,17281330.0
2020-10-22,2.668703027639234,2.692488259614628,2.6639459812441544,2.68297416682447,2215823.0,12474958.0
2020-10-23,2.692488259614628,2.6972453060097066,2.659188934849076,2.6639459812441544,2830294.0,15891961.0
2020-10-26,2.6639459812441544,2.6639459812441544,2.6354037028736816,2.644917795663839,3032410.0,16865766.0
2020-10-27,2.64016074926876,2.644917795663839,2.606861424503209,2.616375517293366,3105700.0,17110860.0
2020-10-28,2.616375517293366,2.616375517293366,2.5783191461327353,2.597347331713051,3394253.0,18476636.0
2020-10-29,2.5735620997376567,2.597347331713051,2.535505728577026,2.5783191461327353,2924434.0,15831672.0
2020-10-30,2.5830761925278143,2.5925902853179723,2.4879352646262376,2.492692311021316,5428114.0,28922460.0
2020-11-02,2.554533914157341,2.5783191461327353,2.5117204966016318,2.5212345893917893,4661221.0,24870324.0
2020-11-03,2.530748682181947,2.55929096055242,2.5117204966016318,2.55929096055242,3391553.0,18147094.0
2020-11-04,2.55929096055242,2.5640480069474987,2.530748682181947,2.5450198213671835,2418502.0,12943721.0
2020-11-05,2.5640480069474987,2.597347331713051,2.5450198213671835,2.5878332389228933,4353562.0,23535628.0
2020-11-06,2.5878332389228933,2.6544318884539972,2.55929096055242,2.621132563688445,7563230.0,41491440.0
2020-11-09,2.621132563688445,2.744815769960495,2.621132563688445,2.7067593987998646,12830802.0,72371528.0
2020-11-10,2.7210305379851008,2.7353016771703373,2.659188934849076,2.6782171204293914,8548800.0,48239504.0
2020-11-11,2.659188934849076,2.668703027639234,2.6354037028736816,2.644917795663839,4716625.0,26285552.0
2020-11-12,2.644917795663839,2.711516445194943,2.644917795663839,2.687731213219549,8341842.0,47096220.0
2020-11-13,2.668703027639234,2.68297416682447,2.644917795663839,2.6639459812441544,4199838.0,23501390.0
2020-11-16,2.778115094726047,2.8542278370473086,2.7020023524047856,2.711516445194943,12772022.0,74013272.0
2020-11-17,2.692488259614628,2.8684989762325452,2.692488259614628,2.8304426050719145,31729126.0,187066112.0
2020-11-18,2.8304426050719145,2.858984883442387,2.7638439555408105,2.7971432803063623,20361488.0,119958256.0
2020-11-19,2.7638439555408105,2.8066573730965203,2.7067593987998646,2.7353016771703373,16400920.0,94615744.0
2020-11-20,2.7353016771703373,2.825685558676836,2.7067593987998646,2.7828721411211257,14326710.0,83397632.0
2020-11-23,2.7923862339112837,2.8209285122817565,2.749572816355574,2.778115094726047,12487252.0,73052640.0
2020-11-24,2.7590869091457315,2.7971432803063623,2.7353016771703373,2.749572816355574,7997350.0,46427452.0
2020-11-25,2.7923862339112837,2.825685558676836,2.773358048330968,2.773358048330968,15433271.0,90755992.0
2020-11-26,2.7828721411211257,2.7923862339112837,2.7353016771703373,2.749572816355574,6273200.0,36295344.0
2020-11-27,2.754329862750653,2.8209285122817565,2.7257875843801798,2.7923862339112837,10777003.0,62761536.0
2020-11-30,2.773358048330968,2.8209285122817565,2.7686010019358895,2.773358048330968,10546047.0,61965736.0
2020-12-01,2.7590869091457315,2.7828721411211257,2.744815769960495,2.773358048330968,7952980.0,46208644.0
2020-12-02,2.7828721411211257,2.8019003267014413,2.754329862750653,2.773358048330968,7433264.0,43428300.0
2020-12-03,2.7638439555408105,2.7923862339112837,2.7400587235654164,2.744815769960495,6499200.0,37733880.0
2020-12-04,2.749572816355574,2.7638439555408105,2.7210305379851008,2.744815769960495,4645224.0,26773162.0
2020-12-07,2.7400587235654164,2.7400587235654164,2.7067593987998646,2.711516445194943,5305700.0,30330100.0
2020-12-08,2.716273491590022,2.7257875843801798,2.6734600740343124,2.687731213219549,5457072.0,30866748.0
2020-12-09,2.68297416682447,2.6972453060097066,2.630646656478603,2.6354037028736816,4823700.0,27019538.0
2020-12-10,2.6354037028736816,2.6544318884539972,2.616375517293366,2.621132563688445,2963800.0,16401277.0
2020-12-11,2.630646656478603,2.64016074926876,2.5830761925278143,2.597347331713051,3731702.0,20406924.0
2020-12-14,2.597347331713051,2.6021043781081294,2.568805053342578,2.5830761925278143,3235432.0,17575718.0
2020-12-15,2.5830761925278143,2.6116184708982875,2.5783191461327353,2.606861424503209,2576460.0,14066082.0
2020-12-16,2.606861424503209,2.6116184708982875,2.5830761925278143,2.5830761925278143,2348013.0,12806830.0
2020-12-17,2.6116184708982875,2.6734600740343124,2.6021043781081294,2.659188934849076,7180171.0,39949832.0
2020-12-18,2.630646656478603,2.6639459812441544,2.630646656478603,2.644917795663839,4461500.0,24794780.0
2020-12-21,2.64016074926876,2.6639459812441544,2.621132563688445,2.6639459812441544,4116729.0,22909652.0
2020-12-22,2.6496748420589182,2.668703027639234,2.5925902853179723,2.597347331713051,4782600.0,26506506.0
2020-12-23,2.597347331713051,2.630646656478603,2.5925902853179723,2.6116184708982875,3553040.0,19510248.0
2020-12-24,2.616375517293366,2.644917795663839,2.6021043781081294,2.6354037028736816,5003399.0,27598806.0
2020-12-25,2.64016074926876,2.711516445194943,2.621132563688445,2.7020023524047856,10064697.0,56748344.0
2020-12-28,2.7020023524047856,2.711516445194943,2.6734600740343124,2.68297416682447,6635139.0,37524868.0
2020-12-29,2.6782171204293914,2.7971432803063623,2.64016074926876,2.711516445194943,14340892.0,81882968.0
2020-12-30,2.6782171204293914,2.7305446307752588,2.6639459812441544,2.68297416682447,8899434.0,50388212.0
2020-12-31,2.711516445194943,2.7257875843801798,2.6782171204293914,2.7020023524047856,7478734.0,42357296.0
2021-01-04,2.6972453060097066,2.754329862750653,2.68297416682447,2.7353016771703373,10487758.0,60066540.0
2021-01-05,2.7353016771703373,2.7971432803063623,2.6972453060097066,2.773358048330968,19153492.0,111189224.0
2021-01-06,2.754329862750653,2.7590869091457315,2.7020023524047856,2.7067593987998646,12412053.0,71025496.0
2021-01-07,2.711516445194943,2.773358048330968,2.6544318884539972,2.68297416682447,12491912.0,71207096.0
2021-01-08,2.6544318884539972,2.6734600740343124,2.606861424503209,2.6354037028736816,7485605.0,41488736.0
2021-01-11,2.6116184708982875,2.630646656478603,2.5640480069474987,2.5735620997376567,7739085.0,42248880.0
2021-01-12,2.5735620997376567,2.606861424503209,2.5640480069474987,2.597347331713051,4255813.0,23179506.0
2021-01-13,2.6639459812441544,2.692488259614628,2.630646656478603,2.6544318884539972,10039211.0,56068052.0
2021-01-14,2.920826486578412,2.920826486578412,2.778115094726047,2.787629187516205,52823984.0,319622784.0
2021-01-15,2.659188934849076,2.744815769960495,2.6116184708982875,2.692488259614628,29848480.0,168803584.0
2021-01-18,2.644917795663839,2.711516445194943,2.630646656478603,2.692488259614628,15440862.0,86789560.0
2021-01-19,2.6972453060097066,2.7020023524047856,2.6544318884539972,2.6639459812441544,10427429.0,58515528.0
2021-01-20,2.668703027639234,2.6734600740343124,2.64016074926876,2.6544318884539972,6328764.0,35326224.0
2021-01-21,2.659188934849076,2.659188934849076,2.6258896100835236,2.6496748420589182,6446442.0,35856888.0
2021-01-22,2.659188934849076,2.668703027639234,2.616375517293366,2.6496748420589182,9466456.0,52517732.0
2021-01-25,2.6496748420589182,2.6496748420589182,2.597347331713051,2.6021043781081294,6872550.0,37743488.0
2021-01-26,2.6021043781081294,2.621132563688445,2.568805053342578,2.5783191461327353,4096544.0,22365724.0
2021-01-27,2.6116184708982875,2.644917795663839,2.5878332389228933,2.64016074926876,5734631.0,31563614.0
2021-01-28,2.616375517293366,2.64016074926876,2.5783191461327353,2.5830761925278143,5148601.0,28174472.0
2021-01-29,2.6116184708982875,2.621132563688445,2.568805053342578,2.5878332389228933,3844041.0,20917112.0
2021-02-01,2.5735620997376567,2.5830761925278143,2.5212345893917893,2.5640480069474987,6284861.0,33641156.0
2021-02-02,2.5402627749721045,2.5830761925278143,2.5402627749721045,2.554533914157341,2935460.0,15807369.0
2021-02-03,2.554533914157341,2.55929096055242,2.5022064038114737,2.5069634502065528,5641000.0,29962932.0
2021-02-04,2.492692311021316,2.5022064038114737,2.3927943367246605,2.4165795687000546,7685483.0,39407572.0
2021-02-05,2.4165795687000546,2.473664125441001,2.4070654759098966,2.4165795687000546,3748600.0,19125114.0
2021-02-08,2.4213366150951336,2.426093661490212,2.4070654759098966,2.411822522304976,3113805.0,15816448.0
2021-02-09,2.4213366150951336,2.4308507078852912,2.4070654759098966,2.426093661490212,3605081.0,18345628.0
2021-02-10,2.4213366150951336,2.4451218470705274,2.4213366150951336,2.4451218470705274,3309234.0,16933764.0
2021-02-18,2.468907079045922,2.5069634502065528,2.468907079045922,2.4879352646262376,4442181.0,23239428.0
2021-02-19,2.492692311021316,2.5402627749721045,2.4831782182311586,2.5402627749721045,4899230.0,25900476.0
2021-02-22,2.5402627749721045,2.5830761925278143,2.535505728577026,2.5497768677622625,7084157.0,38170468.0
2021-02-23,2.535505728577026,2.55929096055242,2.530748682181947,2.5450198213671835,3696270.0,19759212.0
2021-02-24,2.554533914157341,2.5640480069474987,2.5022064038114737,2.5164775429967103,4286186.0,22836616.0
2021-02-25,2.6021043781081294,2.6354037028736816,2.55929096055242,2.5640480069474987,9579513.0,52172024.0
2021-02-26,2.5212345893917893,2.5640480069474987,2.5212345893917893,2.554533914157341,4919700.0,26328060.0
2021-03-01,2.5497768677622625,2.5640480069474987,2.535505728577026,2.55929096055242,4319900.0,23180922.0
2021-03-02,2.568805053342578,2.5783191461327353,2.530748682181947,2.5402627749721045,4097200.0,21935142.0
2021-03-03,2.5402627749721045,2.554533914157341,2.5212345893917893,2.554533914157341,3767212.0,20155702.0
2021-03-04,2.554533914157341,2.5640480069474987,2.5402627749721045,2.5497768677622625,4669200.0,25085420.0
2021-03-05,2.5497768677622625,2.5783191461327353,2.5402627749721045,2.568805053342578,4632691.0,24999832.0
2021-03-08,2.5735620997376567,2.6021043781081294,2.554533914157341,2.55929096055242,5816600.0,31514216.0
2021-03-09,2.568805053342578,2.6258896100835236,2.5117204966016318,2.5878332389228933,11143700.0,60485312.0
2021-03-10,2.5878332389228933,2.5878332389228933,2.530748682181947,2.5402627749721045,5211100.0,28030832.0
2021-03-11,2.554533914157341,2.5878332389228933,2.530748682181947,2.5735620997376567,4877890.0,26272952.0
2021-03-12,2.597347331713051,2.630646656478603,2.5640480069474987,2.606861424503209,8106640.0,44315104.0
2021-03-15,2.606861424503209,2.659188934849076,2.597347331713051,2.6354037028736816,11437603.0,63316348.0
2021-03-16,2.6258896100835236,2.6354037028736816,2.6021043781081294,2.6258896100835236,6701400.0,36935024.0
2021-03-17,2.64016074926876,2.6544318884539972,2.616375517293366,2.630646656478603,6855400.0,38007764.0
2021-03-18,2.64016074926876,2.64016074926876,2.5878332389228933,2.597347331713051,6667617.0,36504980.0
2021-03-19,2.5925902853179723,2.6021043781081294,2.568805053342578,2.568805053342578,4584200.0,24883208.0
2021-03-22,2.5735620997376567,2.606861424503209,2.5640480069474987,2.606861424503209,5279348.0,28760176.0
2021-03-23,2.616375517293366,2.621132563688445,2.5783191461327353,2.5830761925278143,3796762.0,20687790.0
2021-03-24,2.5735620997376567,2.5878332389228933,2.5450198213671835,2.55929096055242,5048414.0,27183132.0
2021-03-25,2.55929096055242,2.568805053342578,2.5450198213671835,2.554533914157341,2773200.0,14891711.0
2021-03-26,2.5497768677622625,2.5783191461327353,2.5497768677622625,2.5640480069474987,3274828.0,17645970.0
2021-03-29,2.568805053342578,2.597347331713051,2.554533914157341,2.5783191461327353,4656912.0,25194824.0
2021-03-30,2.5783191461327353,2.5830761925278143,2.5497768677622625,2.554533914157341,3855300.0,20719098.0
2021-03-31,2.5497768677622625,2.6258896100835236,2.5450198213671835,2.597347331713051,9020346.0,49157944.0
2021-04-01,2.5925902853179723,2.606861424503209,2.5783191461327353,2.6021043781081294,4724327.0,25766122.0
2021-04-02,2.606861424503209,2.606861424503209,2.5640480069474987,2.5783191461327353,3863600.0,20953156.0
2021-04-06,2.5783191461327353,2.5878332389228933,2.568805053342578,2.5783191461327353,2824726.0,15312325.0
2021-04-07,2.6021043781081294,2.64016074926876,2.5925902853179723,2.606861424503209,8706241.0,47783944.0
2021-04-08,2.5878332389228933,2.6354037028736816,2.5735620997376567,2.6021043781081294,7322153.0,39970936.0
2021-04-09,2.5878332389228933,2.687731213219549,2.5735620997376567,2.68297416682447,18039168.0,99949952.0
2021-04-12,2.7257875843801798,2.744815769960495,2.6544318884539972,2.692488259614628,18635696.0,105960360.0
2021-04-13,2.68297416682447,2.7020023524047856,2.6354037028736816,2.6496748420589182,9014680.0,50440832.0
2021-04-14,2.6496748420589182,2.7067593987998646,2.630646656478603,2.692488259614628,8832606.0,49731224.0
2021-04-15,2.68297416682447,2.7305446307752588,2.6782171204293914,2.6972453060097066,8932720.0,50715976.0
2021-04-16,2.7020023524047856,2.7305446307752588,2.68297416682447,2.7210305379851008,10686395.0,61002356.0
2021-04-19,2.744815769960495,2.754329862750653,2.711516445194943,2.716273491590022,12890362.0,73979344.0
2021-04-20,2.7067593987998646,2.7305446307752588,2.692488259614628,2.6972453060097066,9328969.0,53144272.0
2021-04-21,2.6972453060097066,2.773358048330968,2.668703027639234,2.711516445194943,14049079.0,80547936.0
2021-04-22,2.7210305379851008,2.7590869091457315,2.692488259614628,2.749572816355574,12624637.0,72618840.0
2021-04-23,2.7257875843801798,2.825685558676836,2.7210305379851008,2.754329862750653,13349526.0,77624352.0
2021-04-26,2.7400587235654164,2.816171465886678,2.7400587235654164,2.778115094726047,14194433.0,82899888.0
2021-04-27,2.787629187516205,2.8066573730965203,2.744815769960495,2.7590869091457315,10395400.0,60527116.0
2021-04-28,2.754329862750653,2.8019003267014413,2.744815769960495,2.778115094726047,10863100.0,63406764.0
2021-04-29,2.778115094726047,2.7828721411211257,2.7067593987998646,2.716273491590022,12260601.0,70377032.0
2021-04-30,2.716273491590022,2.7353016771703373,2.7020023524047856,2.7257875843801798,7444900.0,42599220.0
2021-05-06,2.7210305379851008,2.749572816355574,2.659188934849076,2.668703027639234,10829163.0,61367360.0
2021-05-07,2.668703027639234,2.7210305379851008,2.6639459812441544,2.7020023524047856,8949713.0,50794316.0
2021-05-10,2.7020023524047856,2.7400587235654164,2.68297416682447,2.7257875843801798,6982427.0,39857408.0
2021-05-11,2.7067593987998646,2.778115094726047,2.6972453060097066,2.7686010019358895,10529370.0,60722324.0
2021-05-12,2.8019003267014413,2.8637419298374662,2.7828721411211257,2.8542278370473086,27149156.0,161959168.0
2021-05-13,2.8542278370473086,2.9160694401833336,2.8304426050719145,2.8542278370473086,19375604.0,117214672.0
2021-05-14,2.8542278370473086,2.968396950529201,2.8542278370473086,2.93034057936857,27594226.0,170164112.0
2021-05-17,2.9398546721587278,2.9874251361095165,2.887527161812861,2.93034057936857,17651686.0,108599704.0
2021-05-18,2.935097625763649,2.935097625763649,2.8684989762325452,2.887527161812861,11180922.0,68072952.0
2021-05-19,2.8732560226276243,2.911312393788255,2.835199651466993,2.8637419298374662,10182906.0,61167320.0
2021-05-20,2.858984883442387,2.8684989762325452,2.7971432803063623,2.8209285122817565,7776178.0,46117940.0
2021-05-21,2.7971432803063623,2.878013069022703,2.7971432803063623,2.878013069022703,8753100.0,52015004.0
2021-05-24,2.84947079065223,3.044509692850463,2.816171465886678,3.0064533216898317,36368624.0,226581632.0
2021-05-25,2.9588828577390434,3.0016962752947527,2.8970412546030184,2.9160694401833336,24023842.0,147849520.0
2021-05-26,2.9255835329734916,2.93034057936857,2.8827701154177814,2.887527161812861,13429440.0,81964992.0
2021-05-27,2.878013069022703,2.9255835329734916,2.8637419298374662,2.911312393788255,13364396.0,81389456.0
2021-05-28,2.911312393788255,3.044509692850463,2.8922842082079394,2.97315399692428,28862260.0,180649872.0
2021-05-31,2.9636399041341224,2.9636399041341224,2.8542278370473086,2.8732560226276243,23699322.0,143304336.0
2021-06-01,2.8542278370473086,2.8922842082079394,2.84947079065223,2.878013069022703,10255614.0,61851544.0
2021-06-02,2.878013069022703,2.8827701154177814,2.816171465886678,2.816171465886678,11494654.0,68631952.0
2021-06-03,2.811414419491599,2.911312393788255,2.8066573730965203,2.8970412546030184,17155436.0,103784832.0
2021-06-04,2.887527161812861,2.935097625763649,2.844713744257151,2.8542278370473086,14650385.0,88882288.0
2021-06-07,2.844713744257151,2.906555347393176,2.8304426050719145,2.8542278370473086,10407554.0,62628220.0
2021-06-08,2.901798300998097,2.9160694401833336,2.8304426050719145,2.8732560226276243,8268222.0,49740400.0
2021-06-09,2.8732560226276243,2.8922842082079394,2.844713744257151,2.858984883442387,6666500.0,40128328.0
2021-06-10,2.84947079065223,2.887527161812861,2.839956697862072,2.8732560226276243,8720482.0,52450956.0
2021-06-11,2.8542278370473086,2.911312393788255,2.8542278370473086,2.8684989762325452,10612988.0,64257240.0
2021-06-15,2.8542278370473086,2.858984883442387,2.7638439555408105,2.7686010019358895,13067119.0,77031312.0
2021-06-16,2.7828721411211257,2.8066573730965203,2.744815769960495,2.754329862750653,6956027.0,40499556.0
2021-06-17,2.7590869091457315,2.835199651466993,2.749572816355574,2.825685558676836,9436913.0,55633920.0
2021-06-18,2.8066573730965203,2.8304426050719145,2.7590869091457315,2.7828721411211257,8841900.0,51925348.0
2021-06-21,2.7638439555408105,2.8019003267014413,2.7638439555408105,2.7923862339112837,5598200.0,32775340.0
2021-06-22,2.778115094726047,2.8304426050719145,2.773358048330968,2.7971432803063623,6371575.0,37544096.0
2021-06-23,2.787629187516205,2.8209285122817565,2.787629187516205,2.8066573730965203,7721620.0,45485200.0
2021-06-24,2.8066573730965203,2.825685558676836,2.7828721411211257,2.825685558676836,8007738.0,47250984.0
2021-06-25,2.839956697862072,2.844713744257151,2.8066573730965203,2.839956697862072,7156139.0,42507916.0
2021-06-28,2.825685558676836,2.8304426050719145,2.7828721411211257,2.787629187516205,9180120.0,54029036.0
2021-06-29,3.103315415228405,3.2359357321185076,3.103315415228405,3.1988020433892794,24837022.0,149805232.0
2021-06-30,3.1669731673356543,3.2783742335233406,3.1616683546600504,3.2094116687404872,16609704.0,100939968.0
2021-07-01,3.2094116687404872,3.2253261067673,3.1086202279040096,3.1086202279040096,15906834.0,94450040.0
2021-07-02,3.103315415228405,3.1086202279040096,3.055572101147968,3.0661817264991766,8013132.0,46471208.0
2021-07-05,3.0661817264991766,3.1086202279040096,3.0396576631211563,3.103315415228405,7415999.0,43052904.0
2021-07-06,3.098010602552801,3.182887605362467,3.0820961645259883,3.172277980011259,11680629.0,69253288.0
2021-07-07,3.1988020433892794,3.2094116687404872,3.145753916633238,3.1669731673356543,7954725.0,47555644.0
2021-07-08,3.1881924180380707,3.1881924180380707,3.103315415228405,3.1192298532552174,9849559.0,58277592.0
2021-07-09,3.1510587293088426,3.25185017014532,3.1139250405796135,3.2041068560648833,12764255.0,76367136.0
2021-07-12,3.177582792686863,3.2253261067673,3.1563635419844465,3.1881924180380707,10871173.0,65415064.0
2021-07-13,3.177582792686863,3.214716481416091,3.1510587293088426,3.2041068560648833,8549145.0,51427936.0
2021-07-14,3.2359357321185076,3.2465453574697163,3.1881924180380707,3.1881924180380707,10383001.0,62884624.0
2021-07-15,3.1669731673356543,3.214716481416091,3.1510587293088426,3.1669731673356543,7592280.0,45351712.0
2021-07-16,3.182887605362467,3.2359357321185076,3.1510587293088426,3.2359357321185076,16184885.0,97771960.0
2021-07-19,3.2306309194429037,3.2306309194429037,3.1510587293088426,3.1881924180380707,12116104.0,72693808.0
2021-07-20,3.1510587293088426,3.182887605362467,3.1510587293088426,3.1616683546600504,7614400.0,45434468.0
2021-07-21,3.1616683546600504,3.177582792686863,3.1245346659308213,3.13514429128203,9297374.0,55112728.0
2021-07-22,3.1563635419844465,3.2359357321185076,3.13514429128203,3.2041068560648833,13326960.0,80152704.0
2021-07-23,3.2306309194429037,3.5223956166011297,3.220021294091696,3.5223956166011297,89141152.0,575742336.0
2021-07-26,3.5383100546279422,3.7451977489765023,3.501176365898713,3.6019678067351917,88086032.0,598970240.0
2021-07-27,3.6178822447620043,3.718673685598482,3.469347489845089,3.4958715532231093,70501616.0,481153312.0
2021-07-28,3.45873786449388,3.5277004292767344,3.262459795496529,3.416299363089048,43776416.0,280573888.0
2021-07-29,3.4481282391426724,3.6603207461668372,3.4056897377378395,3.5754437433571713,51445456.0,343017440.0
2021-07-30,3.5330052419523383,3.6815399968692537,3.5170908039255258,3.623187057437608,39990720.0,271748960.0
2021-08-02,3.580748556032775,3.79294106305694,3.506481178574318,3.7398929363008984,52603268.0,365928704.0
2021-08-03,3.7292833109496906,4.11653463626879,3.676235184193649,4.11653463626879,82560896.0,626622080.0
2021-08-04,4.02635282078352,4.068791322188353,3.9043421292446263,3.9839143193786875,86963040.0,653295232.0
2021-08-05,3.994523944729896,4.18019238837604,3.9043421292446263,3.9892191320542914,66246716.0,501700128.0
2021-08-06,3.9839143193786875,4.015743195432313,3.835379564461773,3.8990373165690215,40797516.0,299706080.0
2021-08-09,3.8884276912178137,3.8884276912178137,3.7876362503813352,3.79294106305694,31834960.0,229241600.0
2021-08-10,3.7876362503813352,3.920256567271438,3.7823314377057313,3.8247699391105643,28015864.0,202952672.0
2021-08-11,3.8141603137593565,3.952085443325063,3.7770266250301274,3.8141603137593565,24404100.0,176958512.0
2021-08-12,3.8088555010837517,3.9786095067030836,3.7876362503813352,3.90964694192023,36406544.0,266933312.0
2021-08-13,3.9361710052982506,4.190802013727248,3.877818065866605,4.02635282078352,50238376.0,382756448.0
2021-08-16,3.9786095067030836,4.158973137673623,3.90964694192023,3.90964694192023,40310524.0,304984064.0
2021-08-17,3.88312287854221,4.079400947539562,3.8512940024885847,3.9361710052982506,39303360.0,292909952.0
2021-08-18,3.9308661926226467,4.27037420386131,3.8884276912178137,4.190802013727248,52003808.0,404591968.0
2021-08-19,4.153668324998019,4.291593454563726,4.105925010917582,4.233240515132081,43912332.0,345438528.0
2021-08-20,4.222630889780873,4.2279357024564765,4.042267258810333,4.121839448944394,34135716.0,264431808.0
2021-08-23,4.11653463626879,4.11653463626879,4.0210480081079165,4.09001057289077,25881696.0,198371232.0
2021-08-24,4.0634865095127495,4.217326077105269,4.058181696837146,4.09001057289077,36085804.0,280658720.0
2021-08-25,4.137753886971207,4.254459765834497,4.058181696837146,4.164277950349227,52611180.0,413250752.0
2021-08-26,4.095315385566374,4.158973137673623,3.9733046940274797,4.074096134863957,43994128.0,336511488.0
2021-08-27,4.031657633459124,4.105925010917582,3.9998287574055,4.084705760215166,28421850.0,216707344.0
2021-08-30,4.058181696837146,4.127144261619999,3.872513253191001,3.9043421292446263,41749544.0,313233312.0
2021-08-31,3.9043421292446263,4.015743195432313,3.872513253191001,3.914951754595834,26136892.0,193775936.0
2021-09-01,3.925561379947043,4.042267258810333,3.798245875732544,3.8512940024885847,32584420.0,239364992.0
2021-09-02,3.8247699391105643,3.9892191320542914,3.8194651264349604,3.962695068676271,27980234.0,206442240.0
2021-09-03,4.005133570081104,4.36055601934658,3.9786095067030836,4.36055601934658,107166584.0,863914304.0
2021-09-06,4.710673655936452,4.795550658746116,4.402994520751413,4.45073783483185,200510160.0,1737004416.0
2021-09-07,4.535614837641516,4.583358151721953,4.286288641888122,4.371165644697788,118005088.0,976225920.0
2021-09-08,4.349946393995371,4.413604146102621,4.29689826723933,4.29689826723933,78981832.0,645963136.0
2021-09-09,4.29689826723933,4.445433022156246,4.233240515132081,4.376470457373392,84042992.0,690814144.0
2021-09-10,4.334031955968559,4.3976897080758075,4.196106826402852,4.212021264429665,64189848.0,517783040.0
2021-09-13,4.164277950349227,4.323422330617351,4.143058699646811,4.238545327807685,41995420.0,336302592.0
2021-09-14,4.238545327807685,4.238545327807685,3.9733046940274797,3.9839143193786875,62327376.0,476264128.0
2021-09-15,3.9361710052982506,4.068791322188353,3.925561379947043,3.957390256000667,36194688.0,272237056.0
2021-09-16,3.9733046940274797,4.052876884161541,3.8565988151641886,3.877818065866605,34417412.0,256537616.0
2021-09-17,3.8459891898129808,3.925561379947043,3.7664169996789187,3.830074751786168,28795534.0,209048720.0
2021-09-22,3.761112187003315,4.0210480081079165,3.755807374327711,4.010438382756708,37391684.0,277400480.0
2021-09-23,4.036962446134729,4.068791322188353,3.957390256000667,4.015743195432313,27262992.0,205925904.0
2021-09-24,3.9839143193786875,4.031657633459124,3.8459891898129808,3.8565988151641886,25953188.0,191330832.0
2021-09-27,3.8459891898129808,3.8672084405153972,3.5648341180059626,3.6603207461668372,32317498.0,225412080.0
2021-09-28,3.6444063081400246,3.7876362503813352,3.6444063081400246,3.7664169996789187,22500228.0,158920304.0
2021-09-29,3.750502561652107,3.803550688408148,3.6444063081400246,3.6444063081400246,17083900.0,119374544.0
2021-09-30,3.6444063081400246,3.713368872922878,3.6444063081400246,3.676235184193649,11425600.0,79123080.0
2021-10-08,3.755807374327711,3.840684377137377,3.6974544348960654,3.7345881236252945,15573500.0,109975392.0
2021-10-11,3.7398929363008984,3.750502561652107,3.623187057437608,3.6603207461668372,15922700.0,109809680.0
2021-10-12,3.665625558842441,3.670930371518045,3.4905667405475054,3.543614867303546,18548400.0,124064608.0
2021-10-13,3.548919679979151,3.5595293053303587,3.4534330518182763,3.5223956166011297,11853217.0,78114920.0
2021-10-14,3.5277004292767344,3.596662994059588,3.4958715532231093,3.5595293053303587,12178419.0,81536320.0
2021-10-15,3.5754437433571713,3.5754437433571713,3.4852619278719015,3.4905667405475054,13174000.0,87246000.0
2021-10-18,3.4799571151962967,3.5648341180059626,3.4799571151962967,3.5383100546279422,10911670.0,72618192.0
2021-10-19,3.548919679979151,3.580748556032775,3.5330052419523383,3.5383100546279422,11235432.0,75279256.0
2021-10-20,3.5223956166011297,3.5223956166011297,3.474652302520693,3.4852619278719015,12753334.0,83970136.0
2021-10-21,3.4852619278719015,3.5330052419523383,3.4799571151962967,3.4852619278719015,10486839.0,69284272.0
2021-10-22,3.4905667405475054,3.506481178574318,3.379165674359819,3.4003849250622356,13916900.0,90058640.0
2021-10-25,3.389775299711027,3.4375186137914646,3.347336798306194,3.426908988440256,8324001.0,53425644.0
2021-10-26,3.416299363089048,3.4852619278719015,3.389775299711027,3.4056897377378395,12332341.0,79641408.0
2021-10-27,3.421604175764652,3.426908988440256,3.2783742335233406,3.3102031095769657,17323640.0,108516888.0
2021-10-28,3.304898296901362,3.331422360279382,3.2359357321185076,3.2677646081721328,12034514.0,74491920.0
2021-10-29,3.2730694208477367,3.3155079222525696,3.25185017014532,3.3102031095769657,10244998.0,63572616.0
2021-11-01,3.3102031095769657,3.373860861684215,3.2836790461989454,3.3579464236574026,12496988.0,78837096.0
2021-11-02,3.34203198563059,3.3685560490086104,3.2306309194429037,3.257154982820924,13834647.0,85814512.0
2021-11-03,3.257154982820924,3.294288671550153,3.2412405447941124,3.2783742335233406,8037200.0,49549800.0
2021-11-04,3.336727172954986,3.336727172954986,3.2836790461989454,3.3208127349281735,10279700.0,64060076.0
2021-11-05,3.3208127349281735,3.3261175476037774,3.2359357321185076,3.2359357321185076,12776500.0,78727192.0
2021-11-08,3.2412405447941124,3.25185017014532,3.214716481416091,3.220021294091696,9255614.0,56394636.0
2021-11-09,3.2253261067673,3.2677646081721328,3.2253261067673,3.2677646081721328,9278102.0,56845908.0
2021-11-10,3.2677646081721328,3.2730694208477367,3.214716481416091,3.262459795496529,10159300.0,61990820.0
2021-11-11,3.25185017014532,3.331422360279382,3.2412405447941124,3.3102031095769657,12905026.0,80443912.0
2021-11-12,3.336727172954986,3.336727172954986,3.2889838588745492,3.3261175476037774,9734260.0,60747460.0
2021-11-15,3.34203198563059,3.4003849250622356,3.3155079222525696,3.3950801123866317,15761787.0,100118240.0
2021-11-16,3.4003849250622356,3.4056897377378395,3.336727172954986,3.347336798306194,12207823.0,77344272.0
2021-11-17,3.34203198563059,3.379165674359819,3.3261175476037774,3.3685560490086104,8654136.0,54731116.0
2021-11-18,3.3685560490086104,3.5170908039255258,3.3632512363330065,3.501176365898713,28588644.0,186746992.0
2021-11-19,3.501176365898713,3.501176365898713,3.421604175764652,3.4852619278719015,15609334.0,101861512.0
2021-11-22,3.501176365898713,3.506481178574318,3.45873786449388,3.4799571151962967,11715300.0,76812400.0
2021-11-23,3.4799571151962967,3.5595293053303587,3.45873786449388,3.506481178574318,16276511.0,107868096.0
2021-11-24,3.511785991249922,3.511785991249922,3.4428234264670685,3.474652302520693,12814312.0,83595776.0
2021-11-25,3.474652302520693,3.474652302520693,3.421604175764652,3.426908988440256,10316269.0,66948304.0
2021-11-26,3.426908988440256,3.43221380111586,3.379165674359819,3.426908988440256,9544889.0,61253776.0
2021-11-29,3.379165674359819,3.384470487035423,3.347336798306194,3.3685560490086104,8838228.0,56076344.0
2021-11-30,3.384470487035423,3.4056897377378395,3.3685560490086104,3.384470487035423,8555702.0,54577704.0
2021-12-01,3.384470487035423,3.43221380111586,3.3632512363330065,3.421604175764652,9191435.0,58859640.0
2021-12-02,3.416299363089048,3.4481282391426724,3.3950801123866317,3.4056897377378395,9108700.0,58806472.0
2021-12-03,3.5330052419523383,3.6019678067351917,3.4799571151962967,3.4905667405475054,33713704.0,224538960.0
2021-12-06,3.469347489845089,3.506481178574318,3.4428234264670685,3.4534330518182763,19880618.0,130180968.0
2021-12-07,3.4799571151962967,3.5330052419523383,3.4003849250622356,3.464042677169485,14455864.0,94321104.0
2021-12-08,3.464042677169485,3.4799571151962967,3.426908988440256,3.474652302520693,11787426.0,76750688.0
2021-12-09,3.4905667405475054,3.501176365898713,3.4428234264670685,3.4905667405475054,13800015.0,90590720.0
2021-12-10,3.4799571151962967,3.543614867303546,3.4534330518182763,3.506481178574318,16390960.0,108291744.0
2021-12-13,3.501176365898713,3.5383100546279422,3.474652302520693,3.4905667405475054,13144481.0,86747688.0
2021-12-14,3.4799571151962967,3.5170908039255258,3.4428234264670685,3.469347489845089,13247505.0,86774216.0
2021-12-15,3.4799571151962967,3.4958715532231093,3.464042677169485,3.474652302520693,9810633.0,64283284.0
2021-12-16,3.45873786449388,3.5170908039255258,3.4375186137914646,3.506481178574318,12601068.0,82853384.0
2021-12-17,3.4958715532231093,3.5648341180059626,3.4905667405475054,3.543614867303546,18658648.0,124262464.0
2021-12-20,3.543614867303546,3.548919679979151,3.501176365898713,3.5170908039255258,12164164.0,80655384.0
2021-12-21,3.5170908039255258,3.5595293053303587,3.506481178574318,3.554224492654755,13582700.0,90525528.0
2021-12-22,3.5648341180059626,3.5701389306815674,3.4375186137914646,3.5330052419523383,13292987.0,88222528.0
2021-12-23,3.5383100546279422,3.5383100546279422,3.469347489845089,3.4799571151962967,11997523.0,78900928.0
2021-12-24,3.474652302520693,3.4905667405475054,3.373860861684215,3.389775299711027,13833489.0,89007880.0
2021-12-27,3.389775299711027,3.421604175764652,3.3685560490086104,3.4109945504134433,8048560.0,51668404.0
2021-12-28,3.3950801123866317,3.4428234264670685,3.3950801123866317,3.4109945504134433,5925937.0,38147620.0
2021-12-29,3.4375186137914646,3.474652302520693,3.416299363089048,3.4534330518182763,9550207.0,62163152.0
2021-12-30,3.4534330518182763,3.474652302520693,3.421604175764652,3.426908988440256,8183402.0,53063172.0
2021-12-31,3.43221380111586,3.4481282391426724,3.416299363089048,3.426908988440256,6691200.0,43225528.0
2022-01-04,3.43221380111586,3.4852619278719015,3.426908988440256,3.4852619278719015,13871376.0,90756032.0
2022-01-05,3.501176365898713,3.5648341180059626,3.4534330518182763,3.4905667405475054,24059770.0,159609840.0
2022-01-06,3.469347489845089,3.5170908039255258,3.4534330518182763,3.4958715532231093,10259831.0,67519752.0
2022-01-07,3.4958715532231093,3.5383100546279422,3.4958715532231093,3.501176365898713,12187376.0,80710712.0
2022-01-10,3.506481178574318,3.506481178574318,3.464042677169485,3.474652302520693,9185600.0,60248200.0
2022-01-11,3.4799571151962967,3.5330052419523383,3.469347489845089,3.4905667405475054,11400400.0,75373200.0
2022-01-12,3.4958715532231093,3.4958715532231093,3.4534330518182763,3.4799571151962967,9002485.0,58976120.0
2022-01-13,3.4799571151962967,3.554224492654755,3.469347489845089,3.4852619278719015,11571562.0,76716976.0
2022-01-14,3.474652302520693,3.4905667405475054,3.3526416109817987,3.3632512363330065,15692324.0,101048464.0
2022-01-17,3.3579464236574026,3.384470487035423,3.336727172954986,3.3685560490086104,8513620.0,53838704.0
2022-01-18,3.3685560490086104,3.379165674359819,3.3155079222525696,3.34203198563059,8798299.0,55305076.0
2022-01-19,3.336727172954986,3.3579464236574026,3.304898296901362,3.3261175476037774,8096900.0,50797208.0
2022-01-20,3.3261175476037774,3.336727172954986,3.2730694208477367,3.2730694208477367,8233832.0,51122032.0
2022-01-21,3.2730694208477367,3.2783742335233406,3.2306309194429037,3.2359357321185076,7748437.0,47419864.0
2022-01-24,3.2359357321185076,3.2359357321185076,3.1934972307136746,3.2306309194429037,6042263.0,36625924.0
2022-01-25,3.2253261067673,3.2306309194429037,3.0767913518503844,3.0820961645259883,14619235.0,86581616.0
2022-01-26,3.098010602552801,3.140449103957634,3.092705789877197,3.1245346659308213,6773508.0,39782584.0
2022-01-27,3.1192298532552174,3.177582792686863,3.098010602552801,3.1139250405796135,9886268.0,58556200.0
2022-01-28,3.1245346659308213,3.2041068560648833,3.1245346659308213,3.1669731673356543,11192075.0,66715340.0
2022-02-07,3.2041068560648833,3.257154982820924,3.1881924180380707,3.257154982820924,10780500.0,65650000.0
2022-02-08,3.257154982820924,3.331422360279382,3.2412405447941124,3.3261175476037774,13506747.0,84193784.0
2022-02-09,3.331422360279382,3.379165674359819,3.3155079222525696,3.347336798306194,11638539.0,73403160.0
2022-02-10,3.331422360279382,3.3632512363330065,3.3208127349281735,3.3526416109817987,7957301.0,50233984.0
2022-02-11,3.3632512363330065,3.3632512363330065,3.2783742335233406,3.2889838588745492,12200000.0,76051272.0
2022-02-14,3.2677646081721328,3.3102031095769657,3.262459795496529,3.294288671550153,8649100.0,53529436.0
2022-02-15,3.2730694208477367,3.299593484225757,3.2465453574697163,3.262459795496529,8548540.0,52568448.0
2022-02-16,3.2783742335233406,3.331422360279382,3.2783742335233406,3.299593484225757,6193300.0,38614504.0
2022-02-17,3.304898296901362,3.3102031095769657,3.262459795496529,3.2783742335233406,6701816.0,41479664.0
2022-02-18,3.262459795496529,3.3261175476037774,3.25185017014532,3.3208127349281735,6311671.0,39175388.0
2022-02-21,3.3102031095769657,3.336727172954986,3.299593484225757,3.3208127349281735,5300505.0,33120254.0
2022-02-22,3.304898296901362,3.3102031095769657,3.262459795496529,3.2730694208477367,8458473.0,52315008.0
2022-02-23,3.299593484225757,3.299593484225757,3.2677646081721328,3.294288671550153,5772522.0,35730100.0
2022-02-24,3.2836790461989454,3.3102031095769657,3.1616683546600504,3.1881924180380707,13858344.0,84427832.0
2022-02-25,3.214716481416091,3.2889838588745492,3.214716481416091,3.2836790461989454,13352026.0,82179304.0
2022-02-28,3.3208127349281735,3.3261175476037774,3.25185017014532,3.2889838588745492,11251537.0,69603912.0
2022-03-01,3.304898296901362,3.331422360279382,3.2730694208477367,3.2836790461989454,9581948.0,59514024.0
2022-03-02,3.2677646081721328,3.3526416109817987,3.2677646081721328,3.3526416109817987,15469274.0,97032328.0
2022-03-03,3.3579464236574026,3.469347489845089,3.3526416109817987,3.469347489845089,30873274.0,200017840.0
2022-03-04,3.4428234264670685,3.4481282391426724,3.347336798306194,3.3526416109817987,20048678.0,127509632.0
2022-03-07,3.347336798306194,3.3685560490086104,3.2783742335233406,3.2889838588745492,12606066.0,78834592.0
2022-03-08,3.2783742335233406,3.2836790461989454,3.1669731673356543,3.182887605362467,12887395.0,78021360.0
2022-03-09,3.1881924180380707,3.1988020433892794,2.965390285662698,3.055572101147968,16035353.0,93384296.0
2022-03-10,3.1192298532552174,3.140449103957634,3.0661817264991766,3.0767913518503844,10450563.0,61070004.0
2022-03-11,3.0343528504455515,3.140449103957634,2.9813047236895107,3.129839478606426,10885440.0,62921952.0
2022-03-14,3.1086202279040096,3.145753916633238,3.04496247579676,3.04496247579676,8812464.0,51450592.0
2022-03-15,3.055572101147968,3.0820961645259883,2.8380747814481992,2.843379594123804,13992826.0,77692448.0
2022-03-16,2.9017325335554487,2.922951784257865,2.7797218420165546,2.9017325335554487,11127506.0,60195860.0
2022-03-17,2.9600854729870942,2.970695098338302,2.9017325335554487,2.9123421589066574,10055967.0,55547884.0
2022-03-18,2.896427720879845,2.9866095363651146,2.885818095528637,2.970695098338302,8953388.0,49891084.0
2022-03-21,2.975999911013907,2.9972191617163233,2.922951784257865,2.965390285662698,8376488.0,46710484.0
2022-03-22,2.975999911013907,2.9866095363651146,2.933561409609074,2.975999911013907,6668788.0,37256148.0
2022-03-23,2.9866095363651146,3.002523974391927,2.9547806603114903,2.9972191617163233,8978955.0,50506180.0
2022-03-24,3.007828787067531,3.0290480377699476,2.9813047236895107,2.9813047236895107,9779132.0,55388676.0
2022-03-25,2.9813047236895107,3.013133599743135,2.9600854729870942,2.9866095363651146,8203622.0,46277596.0
2022-03-28,2.9600854729870942,3.0290480377699476,2.928256596933469,3.01843841241874,8547031.0,48144864.0
2022-03-29,3.007828787067531,3.0396576631211563,2.9813047236895107,3.002523974391927,6462570.0,36628460.0
2022-03-30,3.007828787067531,3.0396576631211563,2.9972191617163233,3.0343528504455515,6951213.0,39581040.0
2022-03-31,3.0343528504455515,3.087400977201593,3.01843841241874,3.060876913823572,7530281.0,43387596.0
2022-04-01,3.0237432250943437,3.1988020433892794,3.013133599743135,3.1616683546600504,20630984.0,122469304.0
2022-04-06,3.129839478606426,3.2253261067673,3.1245346659308213,3.220021294091696,16162587.0,97484992.0
2022-04-07,3.1988020433892794,3.2306309194429037,3.13514429128203,3.13514429128203,12935530.0,77476128.0
2022-04-08,3.1510587293088426,3.2253261067673,3.1086202279040096,3.1669731673356543,9763700.0,57974920.0
2022-04-11,3.1669731673356543,3.2041068560648833,3.092705789877197,3.103315415228405,9500300.0,56358112.0
2022-04-12,3.103315415228405,3.3579464236574026,3.055572101147968,3.299593484225757,33035974.0,202314064.0
2022-04-13,3.2783742335233406,3.3155079222525696,3.1934972307136746,3.220021294091696,26763100.0,163592928.0
2022-04-14,3.220021294091696,3.262459795496529,3.2094116687404872,3.2253261067673,15201600.0,92598584.0
2022-04-15,3.172277980011259,3.2253261067673,3.145753916633238,3.1669731673356543,12997902.0,77823400.0
2022-04-18,3.1669731673356543,3.177582792686863,3.0820961645259883,3.13514429128203,9374200.0,55560920.0
2022-04-19,3.1510587293088426,3.214716481416091,3.1245346659308213,3.1881924180380707,9694382.0,58024044.0
2022-04-20,3.182887605362467,3.214716481416091,3.129839478606426,3.145753916633238,10413608.0,62181876.0
2022-04-21,3.1245346659308213,3.145753916633238,3.007828787067531,3.01843841241874,12721280.0,73622440.0
2022-04-22,2.9919143490407185,3.092705789877197,2.9866095363651146,3.055572101147968,8056700.0,46227864.0
2022-04-25,3.013133599743135,3.013133599743135,2.7956362800433663,2.800941092718971,14616080.0,79584528.0
2022-04-26,2.800941092718971,2.8592940321506157,2.7001496518824926,2.7319785279361177,12247510.0,64241200.0
2022-04-27,2.758502591314138,2.800941092718971,2.6683207758288683,2.7956362800433663,14840400.0,76432072.0
2022-04-28,2.7956362800433663,2.8645988448262205,2.7319785279361177,2.7903314673677624,13001584.0,68646160.0
2022-04-29,2.806245905394575,2.8645988448262205,2.7903314673677624,2.853989219475012,10391773.0,55473760.0
2022-05-05,2.7956362800433663,2.806245905394575,2.716064089909305,2.7797218420165546,18055176.0,94100856.0
2022-05-06,2.721368902584909,2.721368902584909,2.6683207758288683,2.678930401180076,14950602.0,75822360.0
2022-05-09,2.68423521385568,2.7107592772337012,2.6524063378020557,2.6895400265312848,8457101.0,42826552.0
2022-05-10,2.6524063378020557,2.7001496518824926,2.6205774617484314,2.6948448392068887,10832141.0,54375960.0
2022-05-11,2.6948448392068887,2.7478929659629294,2.6895400265312848,2.721368902584909,13492435.0,69259720.0
2022-05-12,2.6948448392068887,2.7797218420165546,2.6895400265312848,2.7744170293409507,12740660.0,65653292.0
2022-05-13,2.7797218420165546,2.9866095363651146,2.753197778638534,2.933561409609074,34241108.0,185807984.0
2022-05-16,2.9123421589066574,3.2253261067673,2.9123421589066574,3.2253261067673,60300840.0,361638432.0
2022-05-17,3.4109945504134433,3.5330052419523383,3.13514429128203,3.1616683546600504,92234160.0,579761984.0
2022-05-18,3.1934972307136746,3.304898296901362,3.002523974391927,3.2094116687404872,57559508.0,346280320.0
2022-05-19,3.129839478606426,3.2730694208477367,3.1245346659308213,3.2094116687404872,34121040.0,206662944.0
2022-05-20,3.1988020433892794,3.2730694208477367,3.1616683546600504,3.177582792686863,27233656.0,163746048.0
2022-05-23,3.13514429128203,3.304898296901362,3.13514429128203,3.257154982820924,28673560.0,175900976.0
2022-05-24,3.262459795496529,3.2783742335233406,3.140449103957634,3.1881924180380707,30217064.0,183104464.0
2022-05-25,3.2041068560648833,3.34203198563059,3.1881924180380707,3.336727172954986,48203848.0,299993120.0
2022-05-26,3.3155079222525696,3.3632512363330065,3.2730694208477367,3.3155079222525696,29006224.0,180860816.0
2022-05-27,3.336727172954986,3.6072726194107956,3.2889838588745492,3.5330052419523383,77972512.0,507795552.0
2022-05-30,3.4375186137914646,3.4481282391426724,3.257154982820924,3.3208127349281735,50091544.0,316882784.0
2022-05-31,3.3208127349281735,3.4799571151962967,3.299593484225757,3.384470487035423,37228852.0,238237968.0
2022-06-01,3.379165674359819,3.511785991249922,3.336727172954986,3.421604175764652,33713428.0,218258624.0
2022-06-02,3.3950801123866317,3.426908988440256,3.304898296901362,3.3261175476037774,30100606.0,189230080.0
2022-06-06,3.299593484225757,3.3155079222525696,3.182887605362467,3.262459795496529,38712664.0,236455040.0
2022-06-07,3.2359357321185076,3.3526416109817987,3.214716481416091,3.3208127349281735,32991456.0,205097856.0
2022-06-08,3.294288671550153,3.373860861684215,3.2253261067673,3.2677646081721328,22848920.0,141399552.0
2022-06-09,3.25185017014532,3.2836790461989454,3.214716481416091,3.2253261067673,16460500.0,100604864.0
2022-06-10,3.2094116687404872,3.421604175764652,3.182887605362467,3.379165674359819,43617688.0,275140672.0
2022-06-13,3.336727172954986,3.416299363089048,3.262459795496529,3.2889838588745492,25836180.0,161445184.0
2022-06-14,3.262459795496529,3.3950801123866317,3.214716481416091,3.3632512363330065,27529424.0,172045040.0
2022-06-15,3.4428234264670685,3.4799571151962967,3.3261175476037774,3.3261175476037774,33906228.0,217219904.0
2022-06-16,3.3208127349281735,3.4003849250622356,3.294288671550153,3.304898296901362,20361334.0,128019512.0
2022-06-17,3.2889838588745492,3.331422360279382,3.2412405447941124,3.304898296901362,16183308.0,100261768.0
2022-06-20,3.2889838588745492,3.3579464236574026,3.2677646081721328,3.336727172954986,13500450.0,84651224.0
2022-06-21,3.3208127349281735,3.3632512363330065,3.299593484225757,3.34203198563059,12497000.0,78571424.0
2022-06-22,3.294288671550153,3.45873786449388,3.2836790461989454,3.331422360279382,26759812.0,170499184.0
2022-06-23,3.3208127349281735,3.4481282391426724,3.2783742335233406,3.416299363089048,29755408.0,189909968.0
2022-06-24,3.421604175764652,3.421604175764652,3.347336798306194,3.389775299711027,19788316.0,126016912.0
2022-06-27,3.4056897377378395,3.4958715532231093,3.384470487035423,3.4375186137914646,25755564.0,166293424.0
2022-06-28,3.4375186137914646,3.4481282391426724,3.3950801123866317,3.4428234264670685,16681882.0,107720576.0
2022-06-29,3.426908988440256,3.5383100546279422,3.3950801123866317,3.416299363089048,28410016.0,185523680.0
2022-06-30,3.421604175764652,3.4375186137914646,3.336727172954986,3.3685560490086104,21548200.0,137038176.0
2022-07-01,3.384470487035423,3.384470487035423,3.2253261067673,3.2359357321185076,29037542.0,178996272.0
2022-07-04,3.1988020433892794,3.2465453574697163,3.1881924180380707,3.2465453574697163,13111416.0,79684176.0
2022-07-05,3.2412405447941124,3.299593484225757,3.220021294091696,3.257154982820924,13160102.0,80638608.0
2022-07-06,3.262459795496529,3.262459795496529,3.1192298532552174,3.145753916633238,18360082.0,109647760.0
2022-07-07,3.145753916633238,3.182887605362467,3.1192298532552174,3.1616683546600504,8506820.0,50673804.0
2022-07-08,3.1563635419844465,3.2041068560648833,3.1563635419844465,3.1669731673356543,5840101.0,34958484.0
2022-07-11,3.1669731673356543,3.172277980011259,3.103315415228405,3.1669731673356543,8760707.0,51706520.0
2022-07-12,3.1510587293088426,3.182887605362467,3.140449103957634,3.140449103957634,6706072.0,39899992.0
2022-07-13,3.145753916633238,3.1881924180380707,3.140449103957634,3.182887605362467,8870218.0,53035968.0
2022-07-14,3.182887605362467,3.182887605362467,3.140449103957634,3.140449103957634,7081773.0,42124248.0
2022-07-15,3.129839478606426,3.13514429128203,2.9388662222846778,2.9600854729870942,29628852.0,168505904.0
2022-07-18,2.975999911013907,3.0714865391747805,2.965390285662698,3.0714865391747805,12406545.0,71037968.0
2022-07-19,3.0714865391747805,3.1245346659308213,3.050267288472364,3.103315415228405,9354600.0,54426752.0
2022-07-20,3.1192298532552174,3.145753916633238,3.1086202279040096,3.13514429128203,6236600.0,36814784.0
2022-07-21,3.13514429128203,3.1510587293088426,3.098010602552801,3.1086202279040096,6338440.0,37241224.0
2022-07-22,3.1139250405796135,3.140449103957634,3.0820961645259883,3.1192298532552174,6167000.0,36214992.0
2022-07-25,3.1192298532552174,3.145753916633238,3.092705789877197,3.103315415228405,5030600.0,29590652.0
2022-07-26,3.1192298532552174,3.145753916633238,3.0661817264991766,3.145753916633238,6797200.0,39864164.0
2022-07-27,3.8573727062170495,3.870673991410902,3.817468850635494,3.8374207784262713,6352600.0,36687432.0
2022-07-28,3.8374207784262713,3.8573727062170495,3.82411949323242,3.8374207784262713,5778779.0,33353082.0
2022-07-29,3.8374207784262713,3.8573727062170495,3.82411949323242,3.8374207784262713,5674900.0,32768132.0
2022-08-01,3.8440714210231977,3.870673991410902,3.8108182080385684,3.82411949323242,5981988.0,34482076.0
2022-08-02,3.8108182080385684,3.817468850635494,3.6112989301307894,3.664504070906197,11545780.0,63773816.0
2022-08-03,3.637901500518493,3.7177092116816044,3.6246002153246417,3.631250857921567,6424800.0,35519456.0
2022-08-04,3.664504070906197,3.677805356100049,3.617949572727716,3.671154713503123,5095700.0,27960160.0
2022-08-05,3.657853428309271,3.704407926487753,3.637901500518493,3.704407926487753,4292500.0,23709584.0
2022-08-08,3.6977572838908266,3.7177092116816044,3.664504070906197,3.6977572838908266,4312100.0,23957500.0
2022-08-09,3.6911066412939006,3.704407926487753,3.671154713503123,3.684455998696975,3669900.0,20338968.0
2022-08-10,3.684455998696975,3.7310104968754567,3.664504070906197,3.7177092116816044,5913737.0,32871614.0
2022-08-11,3.7376611394723827,3.8041675654416416,3.7243598542785303,3.797516922844716,6252008.0,35464872.0
2022-08-12,3.797516922844716,3.8440714210231977,3.777564995053938,3.82411949323242,7180802.0,41324916.0
2022-08-15,3.82411949323242,3.8374207784262713,3.7576130672631605,3.797516922844716,6305802.0,35881200.0
2022-08-16,3.79086628024779,3.8839752766047533,3.784215637650864,3.870673991410902,9644322.0,55927088.0
2022-08-17,3.870673991410902,3.870673991410902,3.8440714210231977,3.8573727062170495,6453922.0,37407412.0
2022-08-18,3.8573727062170495,3.8573727062170495,3.830770135829346,3.8440714210231977,4927238.0,28490410.0
2022-08-19,3.8573727062170495,3.9238791321863093,3.8374207784262713,3.8573727062170495,6658902.0,38826284.0
2022-08-22,3.8573727062170495,3.8972765617986056,3.82411949323242,3.8839752766047533,5953904.0,34688404.0
2022-08-23,3.8773246340078273,3.903927204395531,3.8573727062170495,3.8972765617986056,5482936.0,32048324.0
2022-08-24,3.8972765617986056,3.9238791321863093,3.797516922844716,3.8041675654416416,9104682.0,52719908.0
2022-08-25,3.830770135829346,4.183254193466421,3.8108182080385684,4.183254193466421,76428128.0,475835584.0
2022-08-26,4.449279897343459,4.582292749281978,4.056891984124828,4.103446482303309,116848560.0,760175680.0
2022-08-29,3.8041675654416416,3.997036200752494,3.8041675654416416,3.9305297747832353,64986472.0,381688352.0
2022-08-30,3.950481702574013,4.116747767497162,3.937180417380161,3.937180417380161,51249004.0,309367200.0
2022-08-31,3.9438310599770867,3.9704336303647905,3.750962424666234,3.7576130672631605,41297504.0,238372272.0
2022-09-01,3.784215637650864,3.8507220636201236,3.7576130672631605,3.7709143524570123,19824352.0,113134032.0
2022-09-02,3.777564995053938,3.82411949323242,3.7642637098600864,3.817468850635494,14934787.0,85490208.0
2022-09-05,3.817468850635494,3.9438310599770867,3.8041675654416416,3.9438310599770867,23288028.0,136580080.0
2022-09-06,3.983734915558643,3.9903855581555687,3.890625919201679,3.957132345170939,16243994.0,96081896.0
2022-09-07,3.9637829877678645,3.977084272961717,3.870673991410902,3.8839752766047533,13772300.0,80766288.0
2022-09-08,3.8972765617986056,3.917228489589383,3.864023348813975,3.8839752766047533,10544100.0,61624784.0
2022-09-09,3.8839752766047533,3.9903855581555687,3.8773246340078273,3.903927204395531,12348491.0,72577040.0
2022-09-13,3.903927204395531,3.9704336303647905,3.8972765617986056,3.9305297747832353,13612785.0,80527728.0
2022-09-14,3.8773246340078273,3.977084272961717,3.8374207784262713,3.917228489589383,14934178.0,88009560.0
2022-09-15,3.910577846992457,3.9637829877678645,3.817468850635494,3.870673991410902,13880160.0,80917632.0
2022-09-16,3.830770135829346,3.864023348813975,3.664504070906197,3.664504070906197,18656240.0,104703112.0
2022-09-19,3.664504070906197,3.684455998696975,3.5314912189676777,3.5780457171461597,18127500.0,98279656.0
2022-09-20,3.6046482875338635,3.657853428309271,3.5846963597430856,3.6112989301307894,12563840.0,68271216.0
2022-09-21,3.6112989301307894,3.750962424666234,3.5314912189676777,3.7376611394723827,18418728.0,101437472.0
2022-09-22,3.6977572838908266,3.7642637098600864,3.677805356100049,3.7243598542785303,13670100.0,76553488.0
2022-09-23,3.7243598542785303,3.7642637098600864,3.657853428309271,3.671154713503123,9129454.0,50923800.0
2022-09-26,3.6512027857123455,3.664504070906197,3.5181899337738263,3.524840576370752,11779500.0,63441536.0
2022-09-27,3.5181899337738263,3.5780457171461597,3.4782860781922706,3.5713950745492338,9371134.0,49754396.0
2022-09-28,3.551443146758456,3.5647444319523083,3.458334150401493,3.458334150401493,8343910.0,43954652.0
2022-09-29,3.4716354355953443,3.524840576370752,3.3984783670291594,3.4184302948199368,9369700.0,48604048.0
2022-09-30,3.4184302948199368,3.458334150401493,3.385177081835307,3.4051290096260853,8811500.0,45247368.0
2022-10-10,3.4051290096260853,3.4782860781922706,3.3785264392383816,3.3785264392383816,8648721.0,44579580.0
2022-10-11,3.385177081835307,3.438382222610715,3.3386225836568255,3.4184302948199368,5846186.0,29832922.0
2022-10-12,3.411779652223011,3.504888648579974,3.385177081835307,3.4982380059830485,8229754.0,42511812.0
2022-10-13,3.4649847929984188,3.538141861564604,3.458334150401493,3.504888648579974,8039200.0,42255444.0
2022-10-14,3.5181899337738263,3.5846963597430856,3.5115392911769003,3.54479250416153,7062405.0,37761276.0
2022-10-17,3.5181899337738263,3.5979976449369375,3.4649847929984188,3.5780457171461597,7965606.0,42560452.0
2022-10-18,3.5846963597430856,3.6246002153246417,3.5713950745492338,3.591347002340012,7500144.0,40540172.0
2022-10-19,3.5647444319523083,3.704407926487753,3.54479250416153,3.6512027857123455,15996905.0,87813944.0
2022-10-20,3.6512027857123455,3.6512027857123455,3.558093789355382,3.5780457171461597,10912705.0,58863940.0
2022-10-21,3.6046482875338635,3.617949572727716,3.551443146758456,3.5713950745492338,6169200.0,33246836.0
2022-10-24,3.5713950745492338,3.7642637098600864,3.54479250416153,3.6112989301307894,18280236.0,100349648.0
2022-10-25,3.5713950745492338,3.684455998696975,3.551443146758456,3.637901500518493,15481371.0,84533152.0
2022-10-26,3.6046482875338635,3.6911066412939006,3.5846963597430856,3.617949572727716,12754788.0,69729232.0
2022-10-27,3.6112989301307894,3.664504070906197,3.591347002340012,3.631250857921567,11703005.0,63850756.0
2022-10-28,3.617949572727716,3.6246002153246417,3.4849367207891966,3.504888648579974,10834633.0,57804624.0
2022-10-31,3.4849367207891966,3.524840576370752,3.4450328652076405,3.4915873633861225,7177700.0,37602312.0
2022-11-01,3.4782860781922706,3.558093789355382,3.4782860781922706,3.551443146758456,6390218.0,33815816.0
2022-11-02,3.5647444319523083,3.617949572727716,3.538141861564604,3.6046482875338635,8231087.0,44353932.0
2022-11-03,3.5979976449369375,3.6112989301307894,3.5647444319523083,3.5780457171461597,5123342.0,27621750.0
2022-11-04,3.591347002340012,3.671154713503123,3.5846963597430856,3.664504070906197,10777400.0,59121120.0
2022-11-07,3.684455998696975,3.830770135829346,3.6512027857123455,3.7576130672631605,14998040.0,84610080.0
2022-11-08,3.7376611394723827,3.8108182080385684,3.7310104968754567,3.7709143524570123,10417271.0,59078348.0
2022-11-09,3.784215637650864,3.82411949323242,3.7642637098600864,3.777564995053938,9275242.0,52858748.0
2022-11-10,3.7376611394723827,3.8108182080385684,3.7376611394723827,3.7709143524570123,7443900.0,42310176.0
2022-11-11,3.830770135829346,3.8573727062170495,3.777564995053938,3.777564995053938,10220500.0,58485352.0
2022-11-14,3.777564995053938,3.8507220636201236,3.7642637098600864,3.79086628024779,10240043.0,58748252.0
2022-11-15,3.784215637650864,3.8440714210231977,3.784215637650864,3.830770135829346,8185441.0,46972808.0
2022-11-16,3.8374207784262713,3.937180417380161,3.82411949323242,3.8573727062170495,14953200.0,87054976.0
2022-11-17,3.830770135829346,3.8839752766047533,3.797516922844716,3.8507220636201236,9178400.0,53104580.0
2022-11-18,3.8573727062170495,3.8773246340078273,3.79086628024779,3.8041675654416416,8690600.0,50060732.0
2022-11-21,3.8041675654416416,3.8440714210231977,3.7576130672631605,3.830770135829346,7561577.0,43203508.0
2022-11-22,3.8573727062170495,3.8972765617986056,3.8108182080385684,3.8507220636201236,9758419.0,56577228.0
2022-11-23,3.82411949323242,3.8507220636201236,3.79086628024779,3.8507220636201236,9154524.0,52706400.0
2022-11-24,3.8440714210231977,3.890625919201679,3.830770135829346,3.8440714210231977,6610002.0,38348124.0
2022-11-25,3.830770135829346,3.864023348813975,3.817468850635494,3.8573727062170495,7424600.0,42950120.0
2022-11-28,3.784215637650864,3.910577846992457,3.7709143524570123,3.8972765617986056,10446001.0,60509968.0
2022-11-29,3.890625919201679,3.957132345170939,3.8839752766047533,3.9305297747832353,13315158.0,78631744.0
2022-11-30,3.937180417380161,3.957132345170939,3.903927204395531,3.917228489589383,8549560.0,50528284.0
2022-12-01,3.9438310599770867,3.9438310599770867,3.864023348813975,3.870673991410902,11544200.0,67724512.0
2022-12-02,3.8573727062170495,3.9238791321863093,3.8507220636201236,3.864023348813975,9800200.0,57097732.0
2022-12-05,3.937180417380161,4.010337485946346,3.9238791321863093,3.9704336303647905,17571556.0,104699304.0
2022-12-06,3.9637829877678645,4.110097124900236,3.9438310599770867,4.0635426267217545,24002486.0,145840912.0
2022-12-07,4.0768439119156055,4.2298086916449025,4.056891984124828,4.130049052691013,34411588.0,214028752.0
2022-12-08,4.136699695287939,4.289664475017236,4.130049052691013,4.156651623078718,40120936.0,252992560.0
2022-12-09,4.163302265675643,4.2298086916449025,4.010337485946346,4.036940056334051,32347840.0,198482560.0
2022-12-12,4.043590698930976,4.07019326931868,3.9704336303647905,3.983734915558643,16640012.0,100169584.0
2022-12-13,3.997036200752494,4.056891984124828,3.983734915558643,4.010337485946346,11690700.0,70746672.0
2022-12-14,3.997036200752494,4.203206121257199,3.9704336303647905,4.036940056334051,26794412.0,164063840.0
2022-12-15,4.043590698930976,4.183254193466421,4.010337485946346,4.030289413737124,29617816.0,181943008.0
2022-12-16,4.023638771140198,4.0635426267217545,3.9704336303647905,4.010337485946346,15397824.0,92685632.0
2022-12-19,3.9903855581555687,4.00368684334942,3.8507220636201236,3.864023348813975,17654808.0,103234224.0
2022-12-20,3.8440714210231977,3.890625919201679,3.7709143524570123,3.8041675654416416,13640160.0,78511480.0
2022-12-21,3.8041675654416416,3.8440714210231977,3.7642637098600864,3.777564995053938,10534808.0,60187764.0
2022-12-22,3.79086628024779,3.8374207784262713,3.704407926487753,3.711058569084679,11889000.0,67139816.0
2022-12-23,3.6911066412939006,3.7310104968754567,3.657853428309271,3.684455998696975,8770600.0,48710392.0
2022-12-26,3.664504070906197,3.7310104968754567,3.6512027857123455,3.7310104968754567,8681826.0,48242752.0
2022-12-27,3.7243598542785303,3.8773246340078273,3.711058569084679,3.830770135829346,20331908.0,116745696.0
2022-12-28,3.8108182080385684,3.8440714210231977,3.7376611394723827,3.750962424666234,10726992.0,61022476.0
2022-12-29,3.750962424666234,3.750962424666234,3.657853428309271,3.664504070906197,10649700.0,58928692.0
2022-12-30,3.671154713503123,3.7310104968754567,3.6512027857123455,3.7310104968754567,9462500.0,52497012.0
2023-01-03,3.7177092116816044,3.7642637098600864,3.6911066412939006,3.7443117820693086,10100000.0,56747348.0
2023-01-04,3.7576130672631605,3.784215637650864,3.7243598542785303,3.784215637650864,9616968.0,54389704.0
2023-01-05,3.777564995053938,4.163302265675643,3.7443117820693086,4.010337485946346,68812184.0,415393280.0
2023-01-06,3.997036200752494,4.023638771140198,3.864023348813975,3.917228489589383,43845300.0,259505200.0
2023-01-09,3.910577846992457,3.983734915558643,3.870673991410902,3.8972765617986056,24587978.0,144513152.0
2023-01-10,3.910577846992457,3.9637829877678645,3.864023348813975,3.890625919201679,21072200.0,123604312.0
2023-01-11,3.8839752766047533,3.910577846992457,3.82411949323242,3.830770135829346,16083661.0,93176896.0
2023-01-12,3.8108182080385684,3.82411949323242,3.711058569084679,3.7243598542785303,19571500.0,110290400.0
2023-01-13,3.7310104968754567,3.7709143524570123,3.704407926487753,3.7642637098600864,13793302.0,77647816.0
2023-01-16,3.7576130672631605,3.82411949323242,3.7376611394723827,3.817468850635494,10668359.0,60926200.0
2023-01-17,3.817468850635494,3.830770135829346,3.777564995053938,3.784215637650864,7342301.0,41987460.0
2023-01-18,3.8041675654416416,3.8108182080385684,3.7709143524570123,3.784215637650864,5825800.0,33158122.0
2023-01-19,3.79086628024779,3.817468850635494,3.7576130672631605,3.8041675654416416,8394793.0,47841696.0
2023-01-20,3.797516922844716,3.8839752766047533,3.79086628024779,3.8773246340078273,14319146.0,82958856.0
2023-01-30,3.890625919201679,3.903927204395531,3.870673991410902,3.8972765617986056,15126621.0,88482408.0
2023-01-31,3.890625919201679,3.9238791321863093,3.864023348813975,3.9238791321863093,11226986.0,65887020.0
2023-02-01,3.937180417380161,3.950481702574013,3.8972765617986056,3.937180417380161,11654487.0,68640000.0
2023-02-02,3.9238791321863093,3.9305297747832353,3.890625919201679,3.903927204395531,10136506.0,59521628.0
2023-02-03,3.890625919201679,4.023638771140198,3.8507220636201236,3.9305297747832353,21530268.0,126724864.0
2023-02-06,3.910577846992457,4.00368684334942,3.910577846992457,3.950481702574013,24591846.0,146744864.0
2023-02-07,3.937180417380161,3.950481702574013,3.910577846992457,3.950481702574013,13203201.0,78034752.0
2023-02-08,3.9903855581555687,4.036940056334051,3.9305297747832353,3.957132345170939,19734382.0,117886928.0
2023-02-09,3.9438310599770867,3.9704336303647905,3.917228489589383,3.9704336303647905,13518407.0,80332904.0
2023-02-10,3.9704336303647905,4.00368684334942,3.957132345170939,3.9903855581555687,14826283.0,88812328.0
2023-02-13,3.983734915558643,4.010337485946346,3.9704336303647905,3.983734915558643,11772700.0,70533160.0
2023-02-14,3.983734915558643,3.9903855581555687,3.950481702574013,3.9637829877678645,8498013.0,50652544.0
2023-02-15,3.9637829877678645,3.9704336303647905,3.9238791321863093,3.9305297747832353,10308811.0,60983664.0
2023-02-16,3.9305297747832353,3.9637829877678645,3.82411949323242,3.8573727062170495,13946762.0,81991280.0
2023-02-17,3.903927204395531,3.917228489589383,3.8507220636201236,3.8573727062170495,8803000.0,51327248.0
2023-02-20,3.8573727062170495,3.903927204395531,3.8374207784262713,3.8972765617986056,8687840.0,50601280.0
2023-02-21,3.903927204395531,3.937180417380161,3.890625919201679,3.9305297747832353,9336545.0,54958116.0
2023-02-22,3.9238791321863093,3.9238791321863093,3.8972765617986056,3.917228489589383,5507900.0,32402308.0
2023-02-23,3.9305297747832353,3.9305297747832353,3.890625919201679,3.910577846992457,6905800.0,40598444.0
2023-02-24,4.0169881285432725,4.050241341527902,3.8972765617986056,3.917228489589383,24928640.0,148423200.0
2023-02-27,3.870673991410902,3.937180417380161,3.870673991410902,3.870673991410902,11628383.0,68043232.0
2023-02-28,3.870673991410902,3.8972765617986056,3.8573727062170495,3.890625919201679,7971702.0,46483480.0
2023-03-01,3.8773246340078273,3.917228489589383,3.870673991410902,3.917228489589383,9045963.0,53036236.0
2023-03-02,3.9238791321863093,3.9438310599770867,3.903927204395531,3.9438310599770867,11115721.0,65685368.0
2023-03-03,3.9438310599770867,3.977084272961717,3.9305297747832353,3.9704336303647905,11756468.0,69950896.0
2023-03-06,3.977084272961717,3.983734915558643,3.950481702574013,3.9637829877678645,8966216.0,53485468.0
2023-03-07,3.9637829877678645,3.977084272961717,3.8972765617986056,3.903927204395531,10390900.0,61549308.0
2023-03-08,3.903927204395531,3.9305297747832353,3.8773246340078273,3.9305297747832353,5714016.0,33592428.0
2023-03-09,3.9305297747832353,3.957132345170939,3.890625919201679,3.8972765617986056,7748100.0,45618136.0
2023-03-10,3.8839752766047533,3.8972765617986056,3.830770135829346,3.8374207784262713,8803500.0,51023312.0
2023-03-13,3.817468850635494,3.8507220636201236,3.777564995053938,3.8507220636201236,7245764.0,41602848.0
2023-03-14,3.8440714210231977,3.864023348813975,3.777564995053938,3.797516922844716,8182280.0,46919680.0
2023-03-15,3.817468850635494,3.903927204395531,3.8041675654416416,3.903927204395531,11186023.0,65047348.0
2023-03-16,3.8972765617986056,3.937180417380161,3.8507220636201236,3.870673991410902,9348200.0,54767860.0
2023-03-17,3.8972765617986056,3.910577846992457,3.870673991410902,3.8839752766047533,6632400.0,38802672.0
2023-03-20,3.8972765617986056,3.937180417380161,3.8440714210231977,3.8573727062170495,10157961.0,59394848.0
2023-03-21,3.864023348813975,3.8839752766047533,3.8374207784262713,3.8573727062170495,8745600.0,50680728.0
2023-03-22,3.870673991410902,3.890625919201679,3.8573727062170495,3.864023348813975,6810784.0,39646480.0
2023-03-23,3.870673991410902,3.870673991410902,3.8374207784262713,3.864023348813975,6803300.0,39417424.0
2023-03-24,3.8573727062170495,3.864023348813975,3.817468850635494,3.830770135829346,8022594.0,46232352.0
2023-03-27,3.830770135829346,3.8374207784262713,3.750962424666234,3.777564995053938,10473913.0,59478564.0
2023-03-28,3.79086628024779,3.8041675654416416,3.7243598542785303,3.7376611394723827,8465657.0,47609964.0
2023-03-29,3.7376611394723827,3.7576130672631605,3.6911066412939006,3.6977572838908266,6901369.0,38476220.0
2023-03-30,3.6977572838908266,3.7177092116816044,3.684455998696975,3.711058569084679,5993506.0,33333294.0
2023-03-31,3.704407926487753,3.7310104968754567,3.684455998696975,3.7177092116816044,5826300.0,32505234.0
2023-04-03,3.7177092116816044,3.7443117820693086,3.704407926487753,3.7376611394723827,6742000.0,37753608.0
2023-04-04,3.7376611394723827,3.7709143524570123,3.7310104968754567,3.750962424666234,9888465.0,55819972.0
2023-04-06,3.7376611394723827,3.750962424666234,3.704407926487753,3.7310104968754567,8205951.0,45942944.0
2023-04-07,3.7310104968754567,3.7443117820693086,3.711058569084679,3.7376611394723827,5439294.0,30529354.0
2023-04-10,3.7443117820693086,3.7443117820693086,3.684455998696975,3.6977572838908266,8161567.0,45370072.0
2023-04-11,3.7177092116816044,3.7177092116816044,3.657853428309271,3.6977572838908266,6544540.0,36194432.0
2023-04-12,3.711058569084679,3.7642637098600864,3.6911066412939006,3.7642637098600864,10742962.0,60410284.0
2023-04-13,3.750962424666234,3.784215637650864,3.7376611394723827,3.7709143524570123,7263737.0,41121040.0
2023-04-14,3.7709143524570123,3.784215637650864,3.7376611394723827,3.784215637650864,6189002.0,35068660.0
2023-04-17,3.784215637650864,3.8374207784262713,3.7709143524570123,3.82411949323242,11168566.0,64033376.0
2023-04-18,3.8374207784262713,3.8507220636201236,3.817468850635494,3.8374207784262713,7821140.0,45078636.0
2023-04-19,3.82411949323242,3.8573727062170495,3.8041675654416416,3.830770135829346,6425931.0,36967132.0
2023-04-20,3.817468850635494,3.830770135829346,3.7642637098600864,3.8108182080385684,6202400.0,35412152.0
2023-04-21,3.817468850635494,3.817468850635494,3.750962424666234,3.7576130672631605,7496500.0,42640636.0
2023-04-24,3.7443117820693086,3.7642637098600864,3.704407926487753,3.7177092116816044,6552400.0,36759100.0
2023-04-25,3.711058569084679,3.7576130672631605,3.657853428309271,3.711058569084679,7731526.0,43067652.0
2023-04-26,3.6911066412939006,3.711058569084679,3.657853428309271,3.704407926487753,8081617.0,44768048.0
2023-04-27,3.684455998696975,3.704407926487753,3.6445521431154195,3.6911066412939006,9391258.0,51797396.0
2023-04-28,3.684455998696975,3.79086628024779,3.671154713503123,3.784215637650864,10228915.0,57512780.0
2023-05-04,3.7576130672631605,3.8972765617986056,3.7443117820693086,3.864023348813975,14196895.0,81939128.0
2023-05-05,3.870673991410902,3.917228489589383,3.817468850635494,3.8839752766047533,11757216.0,68362960.0
2023-05-08,3.8773246340078273,3.957132345170939,3.864023348813975,3.917228489589383,16074860.0,94821848.0
2023-05-09,3.950481702574013,4.030289413737124,3.8573727062170495,3.8972765617986056,26263540.0,156467520.0
2023-05-10,3.864023348813975,3.937180417380161,3.864023348813975,3.903927204395531,11839400.0,69514952.0
2023-05-11,3.903927204395531,3.9305297747832353,3.8773246340078273,3.903927204395531,8476360.0,49782128.0
2023-05-12,3.890625919201679,3.950481702574013,3.8839752766047533,3.8972765617986056,6357922.0,37455520.0
2023-05-15,3.903927204395531,3.9305297747832353,3.8440714210231977,3.9305297747832353,8950262.0,52366304.0
2023-05-16,3.9305297747832353,3.950481702574013,3.870673991410902,3.8972765617986056,7194300.0,42336860.0
2023-05-17,3.870673991410902,3.910577846992457,3.8440714210231977,3.8839752766047533,6516186.0,37990864.0
2023-05-18,3.8773246340078273,3.903927204395531,3.8573727062170495,3.8573727062170495,6638502.0,38703020.0
2023-05-19,3.8573727062170495,3.870673991410902,3.79086628024779,3.817468850635494,7530641.0,43297492.0
2023-05-22,3.8108182080385684,3.8573727062170495,3.8041675654416416,3.817468850635494,5487262.0,31509254.0
2023-05-23,3.8041675654416416,3.82411949323242,3.7642637098600864,3.7642637098600864,6400368.0,36474944.0
2023-05-24,3.7443117820693086,3.7576130672631605,3.711058569084679,3.7177092116816044,7959455.0,44698156.0
2023-05-25,3.7177092116816044,3.7443117820693086,3.6911066412939006,3.7177092116816044,6559202.0,36646360.0
2023-05-26,3.7376611394723827,3.7443117820693086,3.6911066412939006,3.7310104968754567,4341600.0,24254718.0
2023-05-29,3.7243598542785303,3.79086628024779,3.7243598542785303,3.7576130672631605,6397616.0,36190228.0
2023-05-30,3.7443117820693086,3.7576130672631605,3.6977572838908266,3.750962424666234,5656834.0,31739516.0
2023-05-31,3.7376611394723827,3.7642637098600864,3.7243598542785303,3.750962424666234,4426400.0,24909822.0
2023-06-01,3.750962424666234,3.7709143524570123,3.7177092116816044,3.750962424666234,3949036.0,22273224.0
2023-06-02,3.7443117820693086,3.79086628024779,3.7443117820693086,3.777564995053938,4515346.0,25609666.0
2023-06-05,3.784215637650864,3.8041675654416416,3.7709143524570123,3.784215637650864,4949759.0,28156264.0
2023-06-06,3.777564995053938,3.79086628024779,3.7310104968754567,3.7376611394723827,3667391.0,20747248.0
2023-06-07,3.7576130672631605,3.79086628024779,3.7376611394723827,3.7709143524570123,3822232.0,21634622.0
2023-06-08,3.7709143524570123,3.830770135829346,3.7642637098600864,3.797516922844716,6713390.0,38279428.0
2023-06-09,3.784215637650864,3.8041675654416416,3.7709143524570123,3.784215637650864,7651711.0,43576000.0
2023-06-12,3.784215637650864,3.784215637650864,3.7243598542785303,3.7576130672631605,5778430.0,32589116.0
2023-06-13,3.750962424666234,3.7642637098600864,3.711058569084679,3.711058569084679,6679667.0,37443124.0
2023-06-14,3.711058569084679,3.7310104968754567,3.6977572838908266,3.711058569084679,5065560.0,28275198.0
2023-06-15,3.7177092116816044,3.7243598542785303,3.6911066412939006,3.7243598542785303,5696083.0,31723430.0
2023-06-16,3.7310104968754567,3.7576130672631605,3.7177092116816044,3.7576130672631605,5837900.0,32828172.0
2023-06-19,3.750962424666234,3.750962424666234,3.6911066412939006,3.704407926487753,6180300.0,34481968.0
2023-06-20,3.6911066412939006,3.711058569084679,3.664504070906197,3.671154713503123,5665292.0,31358512.0
2023-06-21,3.664504070906197,3.6911066412939006,3.6445521431154195,3.664504070906197,5879400.0,32417932.0
2023-06-26,3.657853428309271,3.657853428309271,3.5647444319523083,3.5846963597430856,8133800.0,44078792.0
2023-06-27,4.095840392542562,4.157086604019834,4.095840392542562,4.157086604019834,5450925.0,29443306.0
2023-06-28,4.157086604019834,4.195365486193129,4.126463498281198,4.18770970975847,4154096.0,22601770.0
2023-06-29,4.195365486193129,4.203021262627788,4.164742380454493,4.18770970975847,3350775.0,18331766.0
2023-06-30,4.203021262627788,4.2336443683664235,4.195365486193129,4.2336443683664235,3653555.0,20130086.0
2023-07-03,4.241300144801083,4.2642674741050595,4.218332815497106,4.2489559212357415,4923540.0,27287538.0
2023-07-04,4.2336443683664235,4.271923250539719,4.218332815497106,4.2336443683664235,4476826.0,24768034.0
2023-07-05,4.241300144801083,4.2489559212357415,4.210677039062447,4.225988591931764,3453089.0,19084214.0
2023-07-06,4.218332815497106,4.241300144801083,4.203021262627788,4.210677039062447,2829300.0,15593115.0
2023-07-07,4.203021262627788,4.241300144801083,4.203021262627788,4.225988591931764,4354400.0,24005538.0
2023-07-10,4.225988591931764,4.241300144801083,4.218332815497106,4.2336443683664235,3442994.0,19026124.0
2023-07-11,4.2336443683664235,4.2489559212357415,4.225988591931764,4.2489559212357415,4019582.0,22265428.0
2023-07-12,4.241300144801083,4.2566116976704,4.210677039062447,4.210677039062447,4122506.0,22783340.0
2023-07-13,4.218332815497106,4.2489559212357415,4.210677039062447,4.2489559212357415,4324002.0,23914592.0
2023-07-14,4.241300144801083,4.2642674741050595,4.2336443683664235,4.2489559212357415,4070691.0,22573312.0
2023-07-17,4.225988591931764,4.2489559212357415,4.210677039062447,4.2489559212357415,4769600.0,26327092.0
2023-07-18,4.2489559212357415,4.2642674741050595,4.218332815497106,4.2489559212357415,3976704.0,22050152.0
2023-07-19,4.2489559212357415,4.279579026974377,4.2336443683664235,4.279579026974377,5397427.0,30078604.0
2023-07-20,4.279579026974377,4.279579026974377,4.2336443683664235,4.2336443683664235,4265708.0,23724496.0
2023-07-21,4.2336443683664235,4.2642674741050595,4.225988591931764,4.2489559212357415,3736569.0,20764362.0
2023-07-24,4.2566116976704,4.279579026974377,4.2336443683664235,4.2642674741050595,4132055.0,23011500.0
2023-07-25,4.271923250539719,4.317857909147673,4.271923250539719,4.310202132713013,5235907.0,29385954.0
2023-07-26,4.310202132713013,4.325513685582332,4.294890579843696,4.325513685582332,4830901.0,27237692.0
2023-07-27,4.333169462016991,4.348481014886309,4.310202132713013,4.325513685582332,6024760.0,34086496.0
2023-07-28,4.333169462016991,4.371448344190285,4.317857909147673,4.371448344190285,7589060.0,43134856.0
2023-07-31,4.3944156734942625,4.402071449928922,4.363792567755627,4.379104120624945,7023000.0,40167608.0
2023-08-01,4.379104120624945,4.402071449928922,4.371448344190285,4.386759897059604,5331613.0,30539500.0
2023-08-02,4.386759897059604,4.402071449928922,4.371448344190285,4.386759897059604,5601470.0,32093486.0
2023-08-03,4.371448344190285,4.386759897059604,4.348481014886309,4.386759897059604,5419200.0,30936524.0
2023-08-04,4.386759897059604,4.402071449928922,4.348481014886309,4.356136791320968,5693750.0,32492822.0
2023-08-07,4.348481014886309,4.356136791320968,4.287234803409036,4.302546356278355,6536251.0,36784488.0
2023-08-08,4.333169462016991,4.340825238451649,4.2642674741050595,4.271923250539719,4505200.0,25213684.0
2023-08-09,4.271923250539719,4.279579026974377,4.2489559212357415,4.2566116976704,4110000.0,22880204.0
2023-08-10,4.2642674741050595,4.333169462016991,4.2566116976704,4.310202132713013,6862311.0,38535536.0
2023-08-11,4.317857909147673,4.325513685582332,4.2336443683664235,4.2336443683664235,5944403.0,33132162.0
2023-08-14,4.2336443683664235,4.2642674741050595,4.195365486193129,4.2566116976704,5211774.0,28782604.0
2023-08-15,4.2642674741050595,4.294890579843696,4.2336443683664235,4.287234803409036,5372165.0,29955948.0
2023-08-16,4.287234803409036,4.287234803409036,4.2336443683664235,4.2336443683664235,3857500.0,21393316.0
2023-08-17,4.241300144801083,4.2642674741050595,4.203021262627788,4.2566116976704,5567000.0,30712400.0
2023-08-18,4.2489559212357415,4.333169462016991,4.241300144801083,4.2642674741050595,8395944.0,47081936.0
2023-08-21,4.271923250539719,4.4097272263635805,4.2489559212357415,4.2566116976704,8303361.0,46632780.0
2023-08-22,4.2489559212357415,4.2642674741050595,4.141775051150516,4.195365486193129,8174843.0,44778976.0
2023-08-23,4.180053933323811,4.203021262627788,4.149430827585174,4.149430827585174,4196800.0,22865956.0
2023-08-24,4.141775051150516,4.164742380454493,4.095840392542562,4.11115194541188,5091600.0,27419940.0
2023-08-25,4.0881846161079025,4.172398156889152,4.065217286803925,4.11115194541188,5488074.0,29569168.0
2023-08-28,4.2489559212357415,4.271923250539719,4.172398156889152,4.180053933323811,12471778.0,69015640.0
2023-08-29,4.172398156889152,4.210677039062447,4.149430827585174,4.195365486193129,8711651.0,47534136.0
2023-08-30,4.241300144801083,4.279579026974377,4.195365486193129,4.210677039062447,10705379.0,59191260.0
2023-08-31,4.225988591931764,4.2336443683664235,4.141775051150516,4.149430827585174,8210408.0,44709004.0
2023-09-01,4.180053933323811,4.225988591931764,4.141775051150516,4.180053933323811,8247610.0,44992040.0
2023-09-04,4.18770970975847,4.2642674741050595,4.157086604019834,4.2566116976704,9423491.0,52068600.0
2023-09-05,4.2566116976704,4.287234803409036,4.195365486193129,4.2489559212357415,8253703.0,45676892.0
2023-09-06,4.2336443683664235,4.2489559212357415,4.210677039062447,4.225988591931764,5533040.0,30506428.0
2023-09-07,4.2336443683664235,4.2336443683664235,4.180053933323811,4.18770970975847,4026300.0,22094114.0
2023-09-08,4.172398156889152,4.195365486193129,4.149430827585174,4.164742380454493,4200900.0,22863780.0
2023-09-11,4.164742380454493,4.203021262627788,4.157086604019834,4.203021262627788,4139542.0,22637056.0
2023-09-12,4.195365486193129,4.218332815497106,4.180053933323811,4.210677039062447,4326585.0,23753556.0
2023-09-13,4.225988591931764,4.241300144801083,4.180053933323811,4.18770970975847,4144000.0,22791904.0
2023-09-14,4.195365486193129,4.218332815497106,4.180053933323811,4.210677039062447,4747326.0,26059672.0
2023-09-15,4.218332815497106,4.2642674741050595,4.203021262627788,4.241300144801083,5980723.0,33082142.0
2023-09-18,4.225988591931764,4.2489559212357415,4.195365486193129,4.2336443683664235,6190303.0,34114920.0
2023-09-19,4.225988591931764,4.2642674741050595,4.210677039062447,4.2489559212357415,5952253.0,33038690.0
2023-09-20,4.2489559212357415,4.2566116976704,4.210677039062447,4.225988591931764,6181200.0,34143244.0
2023-09-21,4.210677039062447,4.2489559212357415,4.210677039062447,4.218332815497106,4478900.0,24725662.0
2023-09-22,4.2336443683664235,4.2489559212357415,4.195365486193129,4.241300144801083,6794002.0,37454300.0
2023-09-25,4.2336443683664235,4.2489559212357415,4.218332815497106,4.2336443683664235,5515172.0,30509582.0
2023-09-26,4.2336443683664235,4.2566116976704,4.218332815497106,4.241300144801083,5306995.0,29400936.0
2023-09-27,4.241300144801083,4.2566116976704,4.203021262627788,4.203021262627788,5924170.0,32725316.0
2023-09-28,4.210677039062447,4.225988591931764,4.180053933323811,4.218332815497106,5533210.0,30377224.0
2023-10-09,4.210677039062447,4.210677039062447,4.149430827585174,4.157086604019834,6671299.0,36295912.0
2023-10-10,4.157086604019834,4.180053933323811,4.11115194541188,4.11115194541188,6285453.0,33894652.0
2023-10-11,4.134119274715857,4.134119274715857,4.0728730632385854,4.095840392542562,6016875.0,32228662.0
2023-10-12,4.11115194541188,4.141775051150516,4.103496168977221,4.126463498281198,4728161.0,25477414.0
2023-10-13,4.11115194541188,4.126463498281198,4.080528839673244,4.0881846161079025,3701300.0,19837854.0
2023-10-16,4.080528839673244,4.118807721846538,4.0728730632385854,4.095840392542562,5358295.0,28630610.0
2023-10-17,4.0881846161079025,4.11115194541188,4.057561510369267,4.080528839673244,4296507.0,22902018.0
2023-10-18,4.065217286803925,4.0728730632385854,3.9963152988919948,4.011626851761313,5011163.0,26312738.0
2023-10-19,3.988659522457336,4.011626851761313,3.9427248638493824,3.9580364167187,5007963.0,25998446.0
2023-10-20,3.9427248638493824,4.011626851761313,3.927413310980064,3.9580364167187,5222200.0,27146212.0
2023-10-23,3.9580364167187,3.9810037460226773,3.8661670995027917,3.8738228759374507,5109400.0,26064044.0
2023-10-24,3.88147865237211,3.9733479695880183,3.88147865237211,3.9580364167187,5443068.0,27934096.0
2023-10-25,3.9810037460226773,4.034594181065289,3.9810037460226773,4.019282628195972,5071106.0,26596060.0
2023-10-26,4.011626851761313,4.049905733934608,3.9963152988919948,4.042249957499949,4648416.0,24412008.0
2023-10-27,4.026938404630631,4.0881846161079025,4.011626851761313,4.065217286803925,5224301.0,27718812.0
2023-10-30,4.0728730632385854,4.103496168977221,4.049905733934608,4.065217286803925,4384385.0,23353020.0
2023-10-31,4.049905733934608,4.0881846161079025,4.042249957499949,4.0881846161079025,6168285.0,32785434.0
2023-11-01,4.0881846161079025,4.0881846161079025,4.042249957499949,4.0728730632385854,4960900.0,26335940.0
2023-11-02,4.080528839673244,4.0881846161079025,4.049905733934608,4.049905733934608,3019950.0,16063482.0
2023-11-03,4.057561510369267,4.0728730632385854,4.042249957499949,4.049905733934608,4237300.0,22462524.0
2023-11-06,4.057561510369267,4.103496168977221,4.042249957499949,4.103496168977221,6778048.0,36093260.0
2023-11-07,4.095840392542562,4.095840392542562,4.057561510369267,4.0881846161079025,4328700.0,23056036.0
2023-11-08,4.0728730632385854,4.0881846161079025,4.042249957499949,4.057561510369267,4217200.0,22379428.0
2023-11-09,4.049905733934608,4.065217286803925,4.019282628195972,4.026938404630631,5200979.0,27439340.0
2023-11-10,4.026938404630631,4.172398156889152,4.003971075326654,4.172398156889152,15439380.0,82722360.0
2023-11-13,4.134119274715857,4.164742380454493,4.0881846161079025,4.126463498281198,12977588.0,69713936.0
2023-11-14,4.11115194541188,4.149430827585174,4.11115194541188,4.134119274715857,7455306.0,40201956.0
2023-11-15,4.126463498281198,4.218332815497106,4.126463498281198,4.172398156889152,11219000.0,61180616.0
2023-11-16,4.164742380454493,4.241300144801083,4.149430827585174,4.218332815497106,10082193.0,55350204.0
2023-11-17,4.195365486193129,4.218332815497106,4.172398156889152,4.195365486193129,6069190.0,33204698.0
2023-11-20,4.195365486193129,4.210677039062447,4.164742380454493,4.18770970975847,5433688.0,29674058.0
2023-11-21,4.18770970975847,4.225988591931764,4.180053933323811,4.195365486193129,5836580.0,32047494.0
2023-11-22,4.203021262627788,4.241300144801083,4.18770970975847,4.203021262627788,6223700.0,34281940.0
2023-11-23,4.18770970975847,4.225988591931764,4.180053933323811,4.218332815497106,4408600.0,24230376.0
2023-11-24,4.225988591931764,4.2336443683664235,4.18770970975847,4.210677039062447,5552402.0,30557236.0
2023-11-27,4.225988591931764,4.2489559212357415,4.172398156889152,4.2336443683664235,7233660.0,39837704.0
2023-11-28,4.218332815497106,4.241300144801083,4.203021262627788,4.2336443683664235,4483400.0,24728342.0
2023-11-29,4.225988591931764,4.2489559212357415,4.218332815497106,4.2336443683664235,4254600.0,23526420.0
2023-11-30,4.225988591931764,4.2642674741050595,4.210677039062447,4.2336443683664235,5298366.0,29375840.0
2023-12-01,4.2336443683664235,4.271923250539719,4.225988591931764,4.2566116976704,4241512.0,23565366.0
2023-12-04,4.2566116976704,4.287234803409036,4.2489559212357415,4.287234803409036,5689602.0,31744328.0
2023-12-05,4.287234803409036,4.287234803409036,4.225988591931764,4.2336443683664235,7169402.0,39916008.0
2023-12-06,4.2336443683664235,4.271923250539719,4.218332815497106,4.2566116976704,5112072.0,28399504.0
2023-12-07,4.2642674741050595,4.294890579843696,4.2336443683664235,4.2489559212357415,5230502.0,29063656.0
2023-12-08,4.2489559212357415,4.2566116976704,4.172398156889152,4.180053933323811,6841680.0,37575692.0
2023-12-11,4.157086604019834,4.225988591931764,4.095840392542562,4.225988591931764,8383604.0,45622988.0
2023-12-12,4.218332815497106,4.2566116976704,4.195365486193129,4.2489559212357415,5545600.0,30573724.0
2023-12-13,4.2336443683664235,4.325513685582332,4.225988591931764,4.2566116976704,7850911.0,43808188.0
2023-12-14,4.317857909147673,4.348481014886309,4.2489559212357415,4.2642674741050595,14836180.0,83050200.0
2023-12-15,4.2489559212357415,4.2642674741050595,4.210677039062447,4.218332815497106,8952865.0,49482040.0
2023-12-18,4.210677039062447,4.2642674741050595,4.180053933323811,4.218332815497106,7590787.0,41771500.0
2023-12-19,4.218332815497106,4.218332815497106,4.11115194541188,4.149430827585174,7792436.0,42137732.0
2023-12-20,4.141775051150516,4.172398156889152,4.118807721846538,4.134119274715857,4986302.0,26973872.0
2023-12-21,4.0728730632385854,4.141775051150516,4.042249957499949,4.126463498281198,5554191.0,29695154.0
2023-12-22,4.134119274715857,4.164742380454493,4.103496168977221,4.118807721846538,5790200.0,31218646.0
2023-12-25,4.103496168977221,4.348481014886309,4.011626851761313,4.195365486193129,18070820.0,98565184.0
2023-12-26,4.134119274715857,4.210677039062447,3.9963152988919948,4.026938404630631,18204696.0,97345200.0
2023-12-27,4.026938404630631,4.057561510369267,3.9810037460226773,4.011626851761313,7103238.0,37220008.0
2023-12-28,4.003971075326654,4.0881846161079025,3.9733479695880183,4.057561510369267,7697500.0,40603632.0
2023-12-29,4.057561510369267,4.0728730632385854,4.019282628195972,4.026938404630631,8183500.0,43183892.0
2024-01-02,4.019282628195972,4.134119274715857,4.011626851761313,4.11115194541188,9492266.0,50786064.0
2024-01-03,4.11115194541188,4.149430827585174,4.095840392542562,4.141775051150516,5998231.0,32312836.0
2024-01-04,4.149430827585174,4.172398156889152,4.11115194541188,4.157086604019834,4631400.0,25019660.0
2024-01-05,4.149430827585174,4.18770970975847,4.080528839673244,4.126463498281198,6321295.0,34321096.0
2024-01-08,4.134119274715857,4.141775051150516,4.042249957499949,4.042249957499949,6159100.0,32810450.0
2024-01-09,4.049905733934608,4.103496168977221,4.011626851761313,4.0881846161079025,5089904.0,27085924.0
2024-01-10,4.080528839673244,4.095840392542562,4.034594181065289,4.0728730632385854,3884120.0,20667796.0
2024-01-11,4.065217286803925,4.095840392542562,4.042249957499949,4.065217286803925,4455100.0,23696062.0
2024-01-12,4.057561510369267,4.118807721846538,4.049905733934608,4.0881846161079025,5839600.0,31261098.0
2024-01-15,4.080528839673244,4.118807721846538,4.065217286803925,4.080528839673244,5815360.0,31042480.0
2024-01-16,4.065217286803925,4.080528839673244,4.003971075326654,4.080528839673244,6722800.0,35513592.0
2024-01-17,4.0728730632385854,4.080528839673244,3.9963152988919948,3.9963152988919948,5434000.0,28720756.0
2024-01-18,3.9580364167187,3.988659522457336,3.797265111590861,3.889134428806769,14174131.0,71569096.0
2024-01-19,3.88147865237211,3.919757534545405,3.8431997701988148,3.858511323068133,7129000.0,36138312.0
2024-01-22,3.8431997701988148,3.858511323068133,3.613526477159045,3.6364938064630223,10469600.0,51130792.0
2024-01-23,3.6288380300283634,3.65180535933234,3.544624489247114,3.6364938064630223,9031491.0,42525452.0
2024-01-24,3.6211822535937044,3.7896093351562024,3.6211822535937044,3.7819535587215434,10875098.0,52606960.0
2024-01-25,3.797265111590861,3.912101758110746,3.774297782286884,3.9044459816760866,8735271.0,44075528.0
2024-01-26,3.9044459816760866,4.034594181065289,3.889134428806769,4.026938404630631,10802550.0,56362680.0
2024-01-29,4.003971075326654,4.042249957499949,3.950380640284041,3.965692193153359,8206115.0,42763960.0
2024-01-30,4.363792567755627,4.363792567755627,3.9733479695880183,4.034594181065289,63514604.0,351906112.0
2024-01-31,3.7819535587215434,3.9044459816760866,3.72836312367893,3.743674676548248,44852040.0,223515248.0
2024-02-01,3.697740017940294,3.9044459816760866,3.697740017940294,3.7130515708096117,26456842.0,131051880.0
2024-02-02,3.7513304529829075,3.7896093351562024,3.460410948465865,3.5905591478550685,24491528.0,117316488.0
2024-02-05,3.5675918185510915,3.582903371420409,3.2613607611647315,3.3379185255113217,20933638.0,92744152.0
2024-02-06,3.3149511962073444,3.5982149242897274,3.1924587732528003,3.4680667249005244,16367276.0,71718376.0
2024-02-07,3.4450993955965474,3.4757225013351833,3.3761974076846166,3.4374436191618885,17233902.0,77199240.0
2024-02-08,3.4450993955965474,3.6211822535937044,3.4144762898579115,3.605870700724386,20503000.0,94383592.0
2024-02-19,3.674772688636317,3.72836312367893,3.6288380300283634,3.6594611357669993,17340148.0,83149552.0
2024-02-20,3.6288380300283634,3.6671169122016583,3.582903371420409,3.65180535933234,11459220.0,54222952.0
2024-02-21,3.613526477159045,3.736018900113589,3.605870700724386,3.6824284650709758,14961488.0,71923536.0
2024-02-22,3.674772688636317,3.7207073472442715,3.644149582897681,3.690084241505635,10871860.0,52260928.0
2024-02-23,3.690084241505635,3.7207073472442715,3.644149582897681,3.7207073472442715,10764176.0,51835032.0
2024-02-26,3.7207073472442715,3.80492088802552,3.705395794374953,3.758986229417566,13576362.0,66521120.0
2024-02-27,3.743674676548248,3.858511323068133,3.743674676548248,3.850855546633474,12276729.0,61071864.0
2024-02-28,3.835543993764156,3.88147865237211,3.7207073472442715,3.736018900113589,17175488.0,85231696.0
2024-02-29,3.736018900113589,3.835543993764156,3.7207073472442715,3.835543993764156,13092534.0,64491888.0
2024-03-01,3.8125766644601793,3.8278882173294972,3.736018900113589,3.7513304529829075,16327018.0,80192320.0
2024-03-04,3.72836312367893,3.7513304529829075,3.674772688636317,3.705395794374953,9555540.0,46187212.0
2024-03-05,3.697740017940294,3.697740017940294,3.6288380300283634,3.6364938064630223,7961434.0,37976472.0
2024-03-06,3.6288380300283634,3.6824284650709758,3.6211822535937044,3.6364938064630223,5832158.0,27787016.0
2024-03-07,3.6364938064630223,3.674772688636317,3.6288380300283634,3.6288380300283634,5991145.0,28554656.0
2024-03-08,3.6364938064630223,3.6594611357669993,3.6211822535937044,3.644149582897681,3782189.0,17981726.0
2024-03-11,3.6594611357669993,3.6824284650709758,3.6364938064630223,3.6824284650709758,7032058.0,33642364.0
2024-03-12,3.6824284650709758,3.7130515708096117,3.65180535933234,3.705395794374953,9104550.0,43751388.0
2024-03-13,3.705395794374953,3.7130515708096117,3.6594611357669993,3.674772688636317,6585110.0,31650746.0
2024-03-14,3.6671169122016583,4.042249957499949,3.6594611357669993,4.042249957499949,56217804.0,290318976.0
2024-03-15,3.9427248638493824,4.034594181065289,3.88147865237211,3.9427248638493824,58434048.0,302300480.0
2024-03-18,3.9044459816760866,3.9733479695880183,3.889134428806769,3.927413310980064,26725450.0,136841984.0
2024-03-19,3.927413310980064,3.927413310980064,3.858511323068133,3.8738228759374507,18957968.0,96213312.0
2024-03-20,3.858511323068133,3.8738228759374507,3.8431997701988148,3.8661670995027917,11828430.0,59630952.0
2024-03-21,3.8661670995027917,3.8738228759374507,3.8278882173294972,3.8431997701988148,12171522.0,61137168.0
2024-03-22,3.8278882173294972,3.835543993764156,3.766642005852225,3.7896093351562024,11022831.0,54637028.0
2024-03-25,3.766642005852225,3.858511323068133,3.758986229417566,3.80492088802552,13322271.0,66538428.0
2024-03-26,3.80492088802552,3.835543993764156,3.766642005852225,3.835543993764156,8782035.0,43591872.0
2024-03-27,3.8278882173294972,3.850855546633474,3.7513304529829075,3.758986229417566,8750100.0,43419772.0
2024-03-28,3.7819535587215434,3.8125766644601793,3.7513304529829075,3.7896093351562024,8000600.0,39550900.0
2024-03-29,3.7819535587215434,3.8431997701988148,3.774297782286884,3.8431997701988148,7503174.0,37350304.0
2024-04-01,3.8278882173294972,3.8661670995027917,3.8202324408948383,3.8661670995027917,9245611.0,46469944.0
2024-04-02,3.8661670995027917,3.8738228759374507,3.835543993764156,3.8661670995027917,9411840.0,47380744.0
2024-04-03,3.858511323068133,3.912101758110746,3.850855546633474,3.8738228759374507,9974096.0,50461528.0
2024-04-08,3.8661670995027917,3.896790205241428,3.8202324408948383,3.8278882173294972,9555505.0,48173008.0
2024-04-09,3.8278882173294972,3.8431997701988148,3.797265111590861,3.835543993764156,7302793.0,36469136.0
2024-04-10,3.8278882173294972,3.850855546633474,3.774297782286884,3.797265111590861,7563125.0,37630692.0
2024-04-11,3.766642005852225,3.858511323068133,3.7513304529829075,3.8278882173294972,7253900.0,36202428.0
2024-04-12,3.8202324408948383,3.889134428806769,3.8125766644601793,3.8202324408948383,11585000.0,58225976.0
2024-04-15,3.7896093351562024,3.850855546633474,3.674772688636317,3.797265111590861,13774905.0,68077568.0
2024-04-16,3.766642005852225,3.774297782286884,3.613526477159045,3.6211822535937044,13753580.0,66212368.0
2024-04-17,3.6211822535937044,3.743674676548248,3.6211822535937044,3.743674676548248,10212516.0,49374184.0
2024-04-18,3.736018900113589,3.7513304529829075,3.7130515708096117,3.7207073472442715,8005400.0,38996140.0
2024-04-19,3.697740017940294,3.7896093351562024,3.690084241505635,3.743674676548248,8374453.0,41063480.0
2024-04-22,3.7513304529829075,3.758986229417566,3.697740017940294,3.705395794374953,6227400.0,30287064.0
2024-04-23,3.705395794374953,3.72836312367893,3.690084241505635,3.7130515708096117,4129400.0,20001052.0
2024-04-24,3.7130515708096117,3.736018900113589,3.705395794374953,3.736018900113589,4304843.0,20946920.0
2024-04-25,3.7130515708096117,3.774297782286884,3.7130515708096117,3.758986229417566,5524200.0,27076500.0
2024-04-26,3.7513304529829075,3.7896093351562024,3.7207073472442715,3.7896093351562024,7896003.0,38714804.0
2024-04-29,3.7513304529829075,3.8202324408948383,3.736018900113589,3.8125766644601793,10756937.0,53162148.0
2024-04-30,3.797265111590861,3.80492088802552,3.736018900113589,3.766642005852225,9845432.0,48444212.0
2024-05-06,3.80492088802552,3.858511323068133,3.7819535587215434,3.8431997701988148,11699105.0,58373288.0
2024-05-07,3.8278882173294972,3.835543993764156,3.80492088802552,3.8278882173294972,5806002.0,28977542.0
2024-05-08,3.8202324408948383,3.850855546633474,3.80492088802552,3.8125766644601793,6950825.0,34780424.0
2024-05-09,3.8202324408948383,3.912101758110746,3.8125766644601793,3.8738228759374507,15324090.0,77551664.0
2024-05-10,3.858511323068133,3.8738228759374507,3.8202324408948383,3.858511323068133,7968700.0,40064020.0
2024-05-13,3.850855546633474,3.88147865237211,3.8125766644601793,3.88147865237211,9312327.0,46935000.0
2024-05-14,3.88147865237211,3.889134428806769,3.858511323068133,3.8738228759374507,6690268.0,33860636.0
2024-05-15,3.8738228759374507,3.8738228759374507,3.8202324408948383,3.8202324408948383,5797587.0,29112584.0
2024-05-16,3.835543993764156,3.858511323068133,3.8202324408948383,3.8278882173294972,5469093.0,27405122.0
2024-05-17,3.835543993764156,3.858511323068133,3.8125766644601793,3.850855546633474,5217100.0,26150332.0
2024-05-20,3.8278882173294972,3.8738228759374507,3.8202324408948383,3.8738228759374507,8440500.0,42548136.0
2024-05-21,3.8738228759374507,3.8738228759374507,3.8278882173294972,3.8431997701988148,4184900.0,21021424.0
2024-05-22,3.858511323068133,3.858511323068133,3.835543993764156,3.8431997701988148,4891716.0,24581388.0
2024-05-23,3.835543993764156,3.9350690874147225,3.7819535587215434,3.835543993764156,15131552.0,76019360.0
2024-05-24,3.774297782286884,3.8202324408948383,3.758986229417566,3.758986229417566,10083210.0,49905208.0
2024-05-27,3.766642005852225,3.80492088802552,3.766642005852225,3.797265111590861,5630630.0,27831856.0
2024-05-28,3.7896093351562024,3.797265111590861,3.766642005852225,3.7819535587215434,4640500.0,22920684.0
2024-05-29,3.8604173233517725,3.8839564533722104,3.8290318166578556,3.8525709466782936,4334602.0,21313294.0
2024-05-30,3.836878193331335,3.8682637000252518,3.813339063310898,3.8211854399843768,4699400.0,22979596.0
2024-05-31,3.813339063310898,3.836878193331335,3.813339063310898,3.8211854399843768,3812900.0,18566556.0
2024-06-03,3.78979993329046,3.797646309963939,3.68779703653523,3.711336166555668,9388072.0,44560900.0
2024-06-04,3.68779703653523,3.734875296576105,3.6485651531678345,3.7270289199026263,6551997.0,30867674.0
2024-06-05,3.7270289199026263,3.734875296576105,3.6407187764943547,3.6407187764943547,4774600.0,22412098.0
2024-06-06,3.6485651531678345,3.6721042831882715,3.515176749718688,3.546562256412604,8478593.0,38580296.0
2024-06-07,3.5544086330860836,3.6564115298413133,3.5544086330860836,3.6564115298413133,5391981.0,24821166.0
2024-06-11,3.6721042831882715,3.6721042831882715,3.5701013864330418,3.617179646473917,6146594.0,28194634.0
2024-06-12,3.6014868931269586,3.6328723998208754,3.5857941397800004,3.6250260231473965,3145628.0,14487838.0
2024-06-13,3.617179646473917,3.6250260231473965,3.5701013864330418,3.5857941397800004,2994700.0,13704814.0
2024-06-14,3.5701013864330418,3.5936405164534797,3.538715879739125,3.5701013864330418,4097735.0,18608098.0
2024-06-17,3.5544086330860836,3.562255009759563,3.515176749718688,3.538715879739125,3512221.0,15852432.0
2024-06-18,3.5308695030656456,3.5779477631065206,3.5230231263921667,3.5701013864330418,3402667.0,15408077.0
2024-06-19,3.5701013864330418,3.5701013864330418,3.538715879739125,3.538715879739125,1835367.0,8306058.0
2024-06-20,3.546562256412604,3.5544086330860836,3.468098489677812,3.4837912430247706,4510400.0,20104430.0
2024-06-21,3.499483996371729,3.5308695030656456,3.4759448663512913,3.49163761969825,2697453.0,12047404.0
2024-06-24,3.4759448663512913,3.4759448663512913,3.38963472294302,3.397481099616499,4877615.0,21283404.0
2024-06-25,3.421020229636937,3.4759448663512913,3.4053274762899783,3.436712982983895,3038900.0,13317833.0
2024-06-26,3.4288666063104163,3.4837912430247706,3.413173852963457,3.4759448663512913,2928485.0,12852773.0
2024-06-27,3.4759448663512913,3.49163761969825,3.436712982983895,3.444559359657374,2213602.0,9765546.0
2024-06-28,3.452405736330854,3.507330373045208,3.444559359657374,3.4759448663512913,2970234.0,13185828.0
2024-07-01,3.4837912430247706,3.5230231263921667,3.468098489677812,3.5230231263921667,2787660.0,12438050.0
2024-07-02,3.515176749718688,3.5779477631065206,3.507330373045208,3.5544086330860836,3683390.0,16693339.0
2024-07-03,3.562255009759563,3.5857941397800004,3.546562256412604,3.5544086330860836,2833290.0,12872521.0
2024-07-04,3.562255009759563,3.5701013864330418,3.4759448663512913,3.499483996371729,3629659.0,16240283.0
2024-07-05,3.507330373045208,3.5230231263921667,3.460252113004333,3.507330373045208,2266945.0,10105180.0
2024-07-08,3.499483996371729,3.515176749718688,3.444559359657374,3.444559359657374,2697581.0,11920869.0
2024-07-09,3.444559359657374,3.499483996371729,3.397481099616499,3.4837912430247706,3811624.0,16801248.0
2024-07-10,3.460252113004333,3.507330373045208,3.452405736330854,3.452405736330854,2990635.0,13232518.0
2024-07-11,3.49163761969825,3.5308695030656456,3.4837912430247706,3.5230231263921667,4178163.0,18685282.0
2024-07-12,3.5308695030656456,3.5544086330860836,3.515176749718688,3.538715879739125,3256702.0,14688754.0
2024-07-15,3.538715879739125,3.538715879739125,3.499483996371729,3.507330373045208,2545400.0,11404307.0
2024-07-16,3.507330373045208,3.515176749718688,3.49163761969825,3.515176749718688,1954900.0,8730670.0
2024-07-17,3.507330373045208,3.515176749718688,3.49163761969825,3.499483996371729,2033005.0,9068177.0
2024-07-18,3.4837912430247706,3.507330373045208,3.436712982983895,3.507330373045208,2673967.0,11821085.0
2024-07-19,3.49163761969825,3.515176749718688,3.460252113004333,3.499483996371729,2738284.0,12192604.0
2024-07-22,3.499483996371729,3.515176749718688,3.4759448663512913,3.499483996371729,2748540.0,12250605.0
2024-07-23,3.507330373045208,3.546562256412604,3.460252113004333,3.468098489677812,4218950.0,18908978.0
2024-07-24,3.468098489677812,3.515176749718688,3.452405736330854,3.4759448663512913,3091100.0,13719170.0
2024-07-25,3.4837912430247706,3.5308695030656456,3.460252113004333,3.515176749718688,3466220.0,15483654.0
2024-07-26,3.515176749718688,3.538715879739125,3.507330373045208,3.5308695030656456,2708900.0,12163358.0
2024-07-29,3.515176749718688,3.546562256412604,3.507330373045208,3.538715879739125,3153300.0,14209173.0
2024-07-30,3.538715879739125,3.5857941397800004,3.5230231263921667,3.5779477631065206,3648240.0,16535187.0
2024-07-31,3.5779477631065206,3.6407187764943547,3.5779477631065206,3.6407187764943547,7126326.0,32899976.0
2024-08-01,3.6407187764943547,3.664257906514792,3.617179646473917,3.6328723998208754,5142461.0,23798986.0
2024-08-02,3.617179646473917,3.664257906514792,3.6014868931269586,3.6407187764943547,5278439.0,24498578.0
2024-08-05,3.6328723998208754,3.6564115298413133,3.562255009759563,3.5857941397800004,4789316.0,22063940.0
2024-08-06,3.6093332698004374,3.6250260231473965,3.5701013864330418,3.6014868931269586,4588240.0,21048330.0
2024-08-07,3.5936405164534797,3.6014868931269586,3.562255009759563,3.562255009759563,3351380.0,15267694.0
2024-08-08,3.5544086330860836,3.5857941397800004,3.546562256412604,3.562255009759563,4239333.0,19281988.0
2024-08-09,3.5779477631065206,3.5936405164534797,3.546562256412604,3.5544086330860836,2547100.0,11585050.0
2024-08-12,3.562255009759563,3.5779477631065206,3.546562256412604,3.562255009759563,3276943.0,14863553.0
2024-08-13,3.5779477631065206,3.5779477631065206,3.538715879739125,3.562255009759563,3064035.0,13888865.0
2024-08-14,3.5701013864330418,3.5779477631065206,3.546562256412604,3.546562256412604,2359100.0,10701947.0
2024-08-15,3.546562256412604,3.5701013864330418,3.515176749718688,3.5544086330860836,3299698.0,14924982.0
2024-08-16,3.5701013864330418,3.5779477631065206,3.5230231263921667,3.5230231263921667,2852800.0,12906157.0
2024-08-19,3.5230231263921667,3.5779477631065206,3.515176749718688,3.546562256412604,3866900.0,17477126.0
2024-08-20,3.546562256412604,3.546562256412604,3.4759448663512913,3.4837912430247706,3190005.0,14219724.0
2024-08-21,3.49163761969825,3.49163761969825,3.452405736330854,3.468098489677812,2329300.0,10309028.0
2024-08-22,3.468098489677812,3.49163761969825,3.436712982983895,3.452405736330854,3103434.0,13701671.0
2024-08-23,3.452405736330854,3.452405736330854,3.397481099616499,3.413173852963457,4126700.0,17975996.0
2024-08-26,3.397481099616499,3.436712982983895,3.397481099616499,3.4288666063104163,3255440.0,14213586.0
2024-08-27,3.4288666063104163,3.452405736330854,3.4053274762899783,3.4288666063104163,2278800.0,9948457.0
2024-08-28,3.421020229636937,3.436712982983895,3.4053274762899783,3.413173852963457,2525404.0,10996132.0
2024-08-29,3.4053274762899783,3.413173852963457,3.3739419695960615,3.397481099616499,4085340.0,17644624.0
2024-08-30,3.3817883462695404,3.468098489677812,3.3817883462695404,3.436712982983895,5809600.0,25363728.0
2024-09-02,3.468098489677812,3.5857941397800004,3.468098489677812,3.499483996371729,12800257.0,57601396.0
2024-09-03,3.507330373045208,3.538715879739125,3.468098489677812,3.49163761969825,5121904.0,22788764.0
2024-09-04,3.4759448663512913,3.507330373045208,3.468098489677812,3.4759448663512913,3261921.0,14485581.0
2024-09-05,3.468098489677812,3.4837912430247706,3.460252113004333,3.4837912430247706,3346154.0,14810026.0
2024-09-06,3.4837912430247706,3.5230231263921667,3.4759448663512913,3.4837912430247706,2937205.0,13101908.0
2024-09-09,3.49163761969825,3.499483996371729,3.452405736330854,3.468098489677812,2354027.0,10418420.0
2024-09-10,3.5308695030656456,3.538715879739125,3.413173852963457,3.468098489677812,4481900.0,19728120.0
2024-09-11,3.452405736330854,3.452405736330854,3.4053274762899783,3.421020229636937,2761856.0,12061219.0
2024-09-12,3.421020229636937,3.468098489677812,3.421020229636937,3.460252113004333,3730516.0,16395454.0
2024-09-13,3.460252113004333,3.4759448663512913,3.436712982983895,3.444559359657374,2978601.0,13115245.0
2024-09-18,3.444559359657374,3.452405736330854,3.3582492162491033,3.4053274762899783,3615458.0,15630550.0
2024-09-19,3.4053274762899783,3.4759448663512913,3.3817883462695404,3.452405736330854,4600356.0,20157092.0
2024-09-20,3.460252113004333,3.4759448663512913,3.413173852963457,3.460252113004333,3464896.0,15231225.0
2024-09-23,3.460252113004333,3.49163761969825,3.444559359657374,3.4837912430247706,3602406.0,15944081.0
2024-09-24,3.49163761969825,3.562255009759563,3.49163761969825,3.5544086330860836,6882300.0,31041928.0
2024-09-25,3.5779477631065206,3.6485651531678345,3.5779477631065206,3.5936405164534797,9787250.0,45069476.0
2024-09-26,3.6093332698004374,3.6721042831882715,3.5779477631065206,3.664257906514792,7671489.0,35452612.0
2024-09-27,3.7034897898821884,3.797646309963939,3.68779703653523,3.758414426596543,15714820.0,74693360.0
2024-09-30,3.8604173233517725,4.056576740188753,3.805492686637418,4.0173448568213574,36105740.0,181231632.0
2024-10-08,4.409663690495318,4.409663690495318,4.001652103474398,4.1115013769031075,40309596.0,214051376.0
2024-10-09,4.056576740188753,4.056576740188753,3.813339063310898,3.8604173233517725,23014400.0,115037192.0
2024-10-10,3.8918028300456897,4.001652103474398,3.8211854399843768,3.9074955833926484,18352768.0,91630712.0
2024-10-11,3.9074955833926484,3.9545738434335234,3.8211854399843768,3.8447245700048147,11419297.0,56551892.0
2024-10-14,3.8604173233517725,3.8839564533722104,3.8290318166578556,3.8682637000252518,9574056.0,47085352.0
2024-10-15,3.8604173233517725,3.8839564533722104,3.813339063310898,3.8211854399843768,7718333.0,37909860.0
2024-10-16,3.78979993329046,3.8682637000252518,3.7819535566169806,3.836878193331335,8511637.0,41638284.0
2024-10-17,3.836878193331335,3.8604173233517725,3.7819535566169806,3.7819535566169806,7467949.0,36319656.0
2024-10-18,3.7819535566169806,3.8525709466782936,3.734875296576105,3.8290318166578556,11313927.0,54721392.0
2024-10-21,3.8290318166578556,3.8447245700048147,3.797646309963939,3.813339063310898,9545596.0,46449928.0
2024-10-22,3.805492686637418,3.8447245700048147,3.797646309963939,3.8447245700048147,7397200.0,36089080.0
2024-10-23,3.8525709466782936,3.8839564533722104,3.8290318166578556,3.8525709466782936,10345900.0,50897780.0
2024-10-24,3.836878193331335,3.8604173233517725,3.8211854399843768,3.8525709466782936,5691116.0,27869466.0
2024-10-25,3.8604173233517725,3.8839564533722104,3.8447245700048147,3.8761100766987315,10584265.0,52149428.0
2024-10-28,3.8839564533722104,3.9624202201070022,3.8604173233517725,3.9624202201070022,14485585.0,72292464.0
2024-10-29,3.9624202201070022,3.9702665967804815,3.8761100766987315,3.8996492067191686,11653824.0,58142836.0
2024-10-30,3.8918028300456897,3.9310347134130854,3.8761100766987315,3.9074955833926484,7007146.0,34839860.0
2024-10-31,3.9074955833926484,3.9545738434335234,3.8996492067191686,3.9231883367396065,12254381.0,61381248.0
2024-11-01,3.9153419600661272,3.9388810900865647,3.8682637000252518,3.8918028300456897,10214977.0,50854124.0
2024-11-04,3.8996492067191686,3.9074955833926484,3.8682637000252518,3.9074955833926484,8204800.0,40645784.0
2024-11-05,3.9153419600661272,3.9624202201070022,3.8839564533722104,3.9545738434335234,16213494.0,81347600.0
2024-11-06,3.9545738434335234,3.9702665967804815,3.9231883367396065,3.9624202201070022,14031044.0,70692264.0
2024-11-07,3.946727466760044,4.056576740188753,3.9310347134130854,4.056576740188753,21370666.0,109451520.0
2024-11-08,4.080115870209191,4.127194130250066,4.001652103474398,4.048730363515274,23327652.0,120379288.0
2024-11-11,4.025191233494836,4.103655000229629,4.0173448568213574,4.0644231168622325,13929551.0,71861816.0
2024-11-12,4.072269493535712,4.1115013769031075,4.0173448568213574,4.048730363515274,16658095.0,86362160.0
2024-11-13,4.033037610168315,4.072269493535712,3.993805726800919,4.040883986841795,9648462.0,49575456.0
2024-11-14,4.0173448568213574,4.040883986841795,3.9624202201070022,3.9781129734539613,7777780.0,39690548.0
2024-11-15,3.9781129734539613,4.0173448568213574,3.9310347134130854,3.9388810900865647,8901085.0,45120228.0
2024-11-18,3.9702665967804815,4.142886883597025,3.9702665967804815,4.033037610168315,26161148.0,135120160.0
2024-11-19,4.0173448568213574,4.048730363515274,3.946727466760044,4.009498480147878,16404208.0,83390952.0
2024-11-20,3.993805726800919,4.205657896984858,3.9702665967804815,4.127194130250066,31752540.0,165741280.0
2024-11-21,4.080115870209191,4.103655000229629,4.040883986841795,4.072269493535712,17854208.0,92484704.0
2024-11-22,4.072269493535712,4.1115013769031075,3.946727466760044,3.9624202201070022,15114100.0,77722248.0
2024-11-25,3.946727466760044,4.025191233494836,3.9310347134130854,4.001652103474398,12083767.0,61327980.0
2024-11-26,3.98595935012744,4.401817313821839,3.9781129734539613,4.1899651436379,61924728.0,337137792.0
2024-11-27,4.103655000229629,4.229197027005296,4.056576740188753,4.166426013617461,43212216.0,226973424.0
2024-11-28,4.1585796369439825,4.299814417066609,4.135040506923545,4.229197027005296,34606148.0,186063216.0
2024-11-29,4.229197027005296,4.307660793740088,4.1899651436379,4.221350650331816,25775616.0,139184752.0
2024-12-02,4.221350650331816,4.527359340597505,4.1585796369439825,4.3861245604748795,54391536.0,301731872.0
2024-12-03,4.441049197189234,4.69213325074057,4.433202820515755,4.464588327209673,54049804.0,312229056.0
2024-12-04,4.417510067168797,4.519512963924027,4.315507170413567,4.3390463004340045,31507260.0,175759456.0
2024-12-05,4.331199923760525,4.464588327209673,4.28412166371965,4.378278183801401,26280704.0,146431184.0
2024-12-06,4.378278183801401,4.456741950536193,4.346892677107484,4.401817313821839,21216850.0,119008800.0
2024-12-09,4.425356443842276,4.605823107332298,4.425356443842276,4.464588327209673,35648500.0,203708064.0
2024-12-10,4.527359340597505,4.590130353985339,4.456741950536193,4.472434703883152,37951384.0,219262816.0
2024-12-11,4.472434703883152,4.590130353985339,4.448895573862714,4.519512963924027,22788984.0,131303184.0
2024-12-12,4.503820210577068,4.676440497393611,4.488127457230109,4.621515860679256,36613040.0,214864656.0
2024-12-13,4.597976730658819,4.668594120720131,4.543052093944464,4.5665912239649025,30647904.0,179264064.0
2024-12-16,4.629362237352736,4.629362237352736,4.378278183801401,4.409663690495318,41852336.0,237247888.0
2024-12-17,4.3861245604748795,4.464588327209673,4.229197027005296,4.268428910372692,25867148.0,141940880.0
2024-12-18,4.28412166371965,4.299814417066609,4.221350650331816,4.2448897803522545,14031700.0,76261520.0
2024-12-19,4.1899651436379,4.260582533699212,4.1585796369439825,4.2448897803522545,17022310.0,91167888.0
2024-12-20,4.2448897803522545,4.268428910372692,4.142886883597025,4.150733260270504,18969580.0,101309920.0
2024-12-23,4.142886883597025,4.229197027005296,4.048730363515274,4.056576740188753,18719302.0,98039184.0
2024-12-24,4.080115870209191,4.1115013769031075,4.040883986841795,4.08796224688267,11448059.0,59487084.0
2024-12-25,4.080115870209191,4.08796224688267,4.009498480147878,4.040883986841795,9111039.0,46931652.0
2024-12-26,4.040883986841795,4.072269493535712,4.025191233494836,4.048730363515274,8242796.0,42519324.0
2024-12-27,4.048730363515274,4.119347753576586,4.040883986841795,4.1115013769031075,11440065.0,59631496.0
2024-12-30,4.08796224688267,4.1115013769031075,4.048730363515274,4.0644231168622325,9594400.0,49685100.0
2024-12-31,4.056576740188753,4.095808623556149,3.98595935012744,4.001652103474398,9672500.0,49847972.0
2025-01-02,4.009498480147878,4.033037610168315,3.8761100766987315,3.8996492067191686,13904134.0,70062560.0
2025-01-03,3.9074955833926484,3.9310347134130854,3.797646309963939,3.805492686637418,11245902.0,55372944.0
2025-01-06,3.797646309963939,3.8682637000252518,3.742721673249584,3.8525709466782936,9511882.0,46333164.0
2025-01-07,3.8604173233517725,3.8682637000252518,3.805492686637418,3.8604173233517725,7201780.0,35238760.0
2025-01-08,3.8525709466782936,3.8918028300456897,3.805492686637418,3.8918028300456897,8414094.0,41400544.0
2025-01-09,3.8525709466782936,3.8761100766987315,3.836878193331335,3.8604173233517725,4740848.0,23329780.0
2025-01-10,3.8682637000252518,3.8682637000252518,3.78979993329046,3.797646309963939,4986810.0,24295428.0
2025-01-13,3.78979993329046,3.805492686637418,3.7270289199026263,3.78979993329046,4230285.0,20322996.0
2025-01-14,3.805492686637418,3.8761100766987315,3.7819535566169806,3.8761100766987315,8385061.0,41133272.0
2025-01-15,3.8682637000252518,3.9545738434335234,3.8447245700048147,3.8996492067191686,9467527.0,47000424.0
2025-01-16,3.8918028300456897,3.9388810900865647,3.8761100766987315,3.9388810900865647,10026800.0,50059876.0
2025-01-17,3.8996492067191686,3.9388810900865647,3.8918028300456897,3.9231883367396065,5730900.0,28613890.0
2025-01-20,3.9388810900865647,3.946727466760044,3.8996492067191686,3.9231883367396065,5357700.0,26803310.0
2025-01-21,3.9310347134130854,3.9388810900865647,3.8682637000252518,3.8996492067191686,5238044.0,26022630.0
2025-01-22,3.8996492067191686,3.8996492067191686,3.8604173233517725,3.8761100766987315,4524027.0,22340682.0
2025-01-23,3.8918028300456897,3.946727466760044,3.8918028300456897,3.9074955833926484,8585607.0,42971296.0
2025-01-24,3.8839564533722104,3.9074955833926484,3.8604173233517725,3.8839564533722104,7697900.0,38065744.0
2025-01-27,3.8918028300456897,3.9624202201070022,3.8839564533722104,3.9231883367396065,8925641.0,44771276.0
2025-02-05,3.9388810900865647,3.946727466760044,3.8682637000252518,3.8839564533722104,8524333.0,42292824.0
2025-02-06,3.8682637000252518,3.8996492067191686,3.8525709466782936,3.8996492067191686,6991458.0,34599036.0
2025-02-07,3.8918028300456897,3.9545738434335234,3.8839564533722104,3.946727466760044,12281042.0,61528568.0
2025-02-10,3.946727466760044,3.9781129734539613,3.9388810900865647,3.9702665967804815,7269102.0,36696752.0
2025-02-11,3.9781129734539613,4.009498480147878,3.9624202201070022,3.98595935012744,7515482.0,38176180.0
2025-02-12,3.98595935012744,4.009498480147878,3.9388810900865647,3.98595935012744,6900120.0,34921944.0
2025-02-13,3.9781129734539613,4.001652103474398,3.9624202201070022,3.9781129734539613,5835979.0,29581618.0
2025-02-14,3.9702665967804815,3.9781129734539613,3.9310347134130854,3.9388810900865647,6408407.0,32237162.0
2025-02-17,3.9388810900865647,3.9781129734539613,3.9153419600661272,3.9702665967804815,7285209.0,36665180.0
2025-02-18,3.9624202201070022,3.9702665967804815,3.8761100766987315,3.8996492067191686,8058600.0,40279800.0
2025-02-19,3.8996492067191686,3.9153419600661272,3.8761100766987315,3.8996492067191686,6776788.0,33669632.0
2025-02-20,3.9074955833926484,3.9074955833926484,3.8761100766987315,3.8918028300456897,5652316.0,28029222.0
2025-02-21,3.8839564533722104,3.8918028300456897,3.836878193331335,3.8682637000252518,8961004.0,44072888.0
2025-02-24,3.8682637000252518,3.9153419600661272,3.8525709466782936,3.8996492067191686,7397196.0,36734896.0
2025-02-25,3.8839564533722104,3.8918028300456897,3.8604173233517725,3.8682637000252518,5180904.0,25572326.0
2025-02-26,3.8604173233517725,3.9074955833926484,3.8604173233517725,3.8996492067191686,6069105.0,30102226.0
2025-02-27,3.8918028300456897,3.9231883367396065,3.8604173233517725,3.8996492067191686,6392602.0,31663630.0
2025-02-28,3.8918028300456897,3.9074955833926484,3.8525709466782936,3.8604173233517725,6538544.0,32324874.0
2025-03-03,3.8604173233517725,3.8839564533722104,3.836878193331335,3.8447245700048147,6461100.0,31798262.0
2025-03-04,3.8447245700048147,3.8682637000252518,3.8211854399843768,3.8682637000252518,4346131.0,21324702.0
2025-03-05,3.8682637000252518,3.8682637000252518,3.8211854399843768,3.8525709466782936,4919258.0,24099310.0
2025-03-06,3.8447245700048147,3.8682637000252518,3.8290318166578556,3.8604173233517725,7201126.0,35338616.0
2025-03-07,3.8604173233517725,3.8682637000252518,3.8290318166578556,3.8447245700048147,7132923.0,35017492.0
2025-03-10,3.8447245700048147,3.8761100766987315,3.836878193331335,3.8604173233517725,6463763.0,31750996.0
2025-03-11,3.8447245700048147,3.8682637000252518,3.8290318166578556,3.8682637000252518,6537002.0,32082796.0
2025-03-12,3.8682637000252518,3.8918028300456897,3.8447245700048147,3.8839564533722104,9212391.0,45471584.0
2025-03-13,3.8682637000252518,3.8918028300456897,3.8447245700048147,3.8918028300456897,7485086.0,36915776.0
2025-03-14,3.8761100766987315,3.946727466760044,3.8761100766987315,3.9388810900865647,11755380.0,58724456.0
2025-03-17,3.946727466760044,3.9702665967804815,3.9310347134130854,3.9545738434335234,11133756.0,56044884.0
2025-03-18,3.9702665967804815,4.346892677107484,3.9388810900865647,4.346892677107484,57639184.0,315509088.0
2025-03-19,4.299814417066609,4.299814417066609,4.127194130250066,4.1585796369439825,76039504.0,406083136.0
2025-03-20,4.127194130250066,4.221350650331816,4.119347753576586,4.135040506923545,37695796.0,199721872.0
2025-03-21,4.119347753576586,4.268428910372692,4.119347753576586,4.229197027005296,53061924.0,284622112.0
2025-03-24,4.229197027005296,4.323353547087046,4.1585796369439825,4.323353547087046,56845152.0,307494848.0
2025-03-25,4.2919680403931295,4.472434703883152,4.213504273658337,4.252736157025733,56615100.0,311441664.0
2025-03-26,4.237043403678776,4.441049197189234,4.166426013617461,4.370431807127922,51528360.0,281953632.0
2025-03-27,4.299814417066609,4.370431807127922,4.237043403678776,4.237043403678776,33182684.0,181028976.0
2025-03-28,4.221350650331816,4.28412166371965,4.1115013769031075,4.182118766964421,29754888.0,158148400.0
2025-03-31,4.142886883597025,4.174272390290941,4.040883986841795,4.056576740188753,22738220.0,118542616.0
2025-04-01,4.056576740188753,4.1115013769031075,4.056576740188753,4.080115870209191,15112735.0,78631184.0
2025-04-02,4.095808623556149,4.095808623556149,4.033037610168315,4.040883986841795,14078368.0,72711808.0
2025-04-03,3.9781129734539613,4.142886883597025,3.9781129734539613,4.103655000229629,19486950.0,101256848.0
2025-04-07,3.8918028300456897,3.9624202201070022,3.695643413208709,3.695643413208709,24060450.0,116854368.0
2025-04-08,3.68779703653523,3.993805726800919,3.664257906514792,3.8761100766987315,31537332.0,152855808.0
2025-04-09,3.836878193331335,4.260582533699212,3.758414426596543,4.260582533699212,62689796.0,322292416.0
2025-04-10,4.1899651436379,4.331199923760525,4.119347753576586,4.2448897803522545,73190016.0,396032416.0
2025-04-11,4.197811520311379,4.550898470617943,4.197811520311379,4.362585430454442,88244592.0,491032320.0
2025-04-14,4.237043403678776,4.393970937148359,4.213504273658337,4.323353547087046,58730776.0,322634752.0
2025-04-15,4.323353547087046,4.323353547087046,4.1115013769031075,4.166426013617461,42982904.0,228995968.0
2025-04-16,4.150733260270504,4.456741950536193,4.135040506923545,4.3861245604748795,69757496.0,384556768.0
2025-04-17,4.346892677107484,4.527359340597505,4.307660793740088,4.417510067168797,64724376.0,362499264.0
2025-04-18,4.354739053780963,4.393970937148359,4.252736157025733,4.260582533699212,39025108.0,214168112.0
2025-04-21,4.299814417066609,4.307660793740088,4.166426013617461,4.221350650331816,34197712.0,183368800.0
2025-04-22,4.268428910372692,4.511666587250548,4.252736157025733,4.456741950536193,80028528.0,448866400.0
2025-04-23,4.370431807127922,4.378278183801401,4.268428910372692,4.299814417066609,51405700.0,282366336.0
2025-04-24,4.252736157025733,4.315507170413567,4.221350650331816,4.2919680403931295,28657640.0,155619536.0
2025-04-25,4.315507170413567,4.456741950536193,4.197811520311379,4.354739053780963,46696520.0,257698848.0
2025-04-28,4.409663690495318,4.472434703883152,4.307660793740088,4.370431807127922,49179604.0,275515776.0
2025-04-29,4.2919680403931295,4.307660793740088,4.205657896984858,4.260582533699212,27655092.0,149966656.0
2025-04-30,4.276275287046171,4.2919680403931295,4.127194130250066,4.127194130250066,28304276.0,151270640.0
2025-05-06,4.150733260270504,4.182118766964421,4.127194130250066,4.182118766964421,16851516.0,89532472.0
2025-05-07,4.205657896984858,4.229197027005296,4.166426013617461,4.1899651436379,18310872.0,97810472.0
2025-05-08,4.174272390290941,4.1899651436379,4.150733260270504,4.182118766964421,12745100.0,67854136.0
2025-05-09,4.174272390290941,4.182118766964421,4.127194130250066,4.135040506923545,11766400.0,62183032.0
2025-05-12,4.1585796369439825,4.166426013617461,4.135040506923545,4.1585796369439825,10723800.0,56723552.0
2025-05-13,4.213504273658337,4.464588327209673,4.205657896984858,4.425356443842276,70284040.0,387804256.0
2025-05-14,4.362585430454442,4.8412144075366745,4.331199923760525,4.621515860679256,127307832.0,744705920.0
2025-05-15,4.629362237352736,4.849060784210153,4.456741950536193,4.503820210577068,105059096.0,621510976.0
2025-05-16,4.543052093944464,4.605823107332298,4.370431807127922,4.393970937148359,73217608.0,414368128.0
2025-05-19,4.409663690495318,4.833368030863196,4.409663690495318,4.833368030863196,46594968.0,282865376.0
2025-05-20,5.021681071026697,5.1629158511493225,4.69213325074057,4.69213325074057,156982880.0,981283904.0
2025-05-21,4.621515860679256,4.927524550944946,4.495973833903589,4.809828900842757,108566208.0,655449664.0
2025-05-22,4.629362237352736,4.801982524169278,4.503820210577068,4.68428687406709,84924624.0,497046624.0
2025-05-23,4.5665912239649025,4.597976730658819,4.401817313821839,4.448895573862714,57559880.0,329374496.0
2025-05-26,4.417510067168797,4.464588327209673,4.323353547087046,4.346892677107484,38682376.0,215717472.0
2025-05-27,4.315507170413567,4.378278183801401,4.276275287046171,4.354739053780963,30202860.0,166523824.0
2025-05-28,4.323353547087046,4.362585430454442,4.28412166371965,4.299814417066609,26219814.0,144336400.0
2025-05-29,4.299814417066609,4.378278183801401,4.2919680403931295,4.3390463004340045,26505116.0,146421584.0
2025-05-30,4.315507170413567,4.401817313821839,4.28412166371965,4.2919680403931295,23822158.0,131552072.0
2025-06-03,4.268428910372692,4.299814417066609,4.237043403678776,4.28412166371965,19694202.0,107323208.0
2025-06-04,4.2919680403931295,4.354739053780963,4.268428910372692,4.354739053780963,20416002.0,112181928.0
2025-06-05,4.346892677107484,4.346892677107484,4.276275287046171,4.28412166371965,19525470.0,107108728.0
2025-06-06,4.28412166371965,4.323353547087046,4.276275287046171,4.299814417066609,15451700.0,84813296.0
2025-06-09,4.299814417066609,4.315507170413567,4.276275287046171,4.307660793740088,15567500.0,85195400.0
2025-06-10,4.307660793740088,4.6136694840057775,4.2919680403931295,4.590130353985339,80705384.0,459207904.0
2025-06-11,4.550898470617943,4.6607477440466525,4.417510067168797,4.488127457230109,68199376.0,391175968.0
2025-06-12,4.433202820515755,4.464588327209673,4.370431807127922,4.409663690495318,31136200.0,174602432.0
2025-06-13,4.401817313821839,4.519512963924027,4.370431807127922,4.417510067168797,36197824.0,205093824.0
2025-06-16,4.441049197189234,4.590130353985339,4.393970937148359,4.550898470617943,47706168.0,274554688.0
2025-06-17,4.503820210577068,4.535205717270985,4.417510067168797,4.503820210577068,35538500.0,202500720.0
2025-06-18,4.488127457230109,4.558744847291423,4.401817313821839,4.433202820515755,27927418.0,158656896.0
2025-06-19,4.393970937148359,4.417510067168797,4.229197027005296,4.2448897803522545,32274800.0,176504432.0
2025-06-20,4.79779556804764,4.940480938101102,4.762124225534275,4.851302581817689,26914542.0,146814240.0
2025-06-23,4.985070116242808,5.1723446644379765,4.985070116242808,5.101001979411246,58614744.0,333646208.0
2025-06-24,4.931563102472761,4.976152280614467,4.86022041744603,4.949398773729443,46108504.0,255335424.0
2025-06-25,4.949398773729443,4.967234444986126,4.895891759959395,4.931563102472761,25265730.0,139687264.0
2025-06-26,4.922645266844419,4.931563102472761,4.878056088702712,4.895891759959395,21169060.0,116339312.0
2025-06-27,4.886973924331054,4.913727431216078,4.869138253074371,4.895891759959395,14550540.0,79857504.0
2025-06-30,4.904809595587736,4.904809595587736,4.869138253074371,4.895891759959395,12630166.0,69206928.0
2025-07-01,4.886973924331054,4.940480938101102,4.886973924331054,4.931563102472761,18882560.0,104129016.0
2025-07-02,5.029659294384515,5.074248472526222,4.931563102472761,4.949398773729443,24768432.0,138300912.0
2025-07-03,4.931563102472761,4.958316609357784,4.913727431216078,4.958316609357784,14113941.0,78123760.0
2025-07-04,4.949398773729443,4.985070116242808,4.931563102472761,4.940480938101102,16846700.0,93782408.0
2025-07-07,4.931563102472761,4.949398773729443,4.886973924331054,4.940480938101102,12465911.0,68737592.0
2025-07-08,4.940480938101102,5.0029057874994916,4.922645266844419,4.99398795187115,21853976.0,121631768.0
2025-07-09,4.967234444986126,5.029659294384515,4.949398773729443,4.967234444986126,17792570.0,99478896.0
2025-07-10,4.949398773729443,5.011823623127833,4.949398773729443,5.0029057874994916,15362811.0,85945944.0
2025-07-11,4.99398795187115,5.020741458756174,4.958316609357784,5.0029057874994916,18217374.0,102008088.0
2025-07-14,5.011823623127833,5.06533063689788,4.99398795187115,5.029659294384515,19281872.0,108890952.0
2025-07-15,5.020741458756174,5.038577130012857,4.913727431216078,4.940480938101102,21938772.0,121934912.0
2025-07-16,4.931563102472761,4.958316609357784,4.886973924331054,4.922645266844419,12457886.0,68852928.0
2025-07-17,4.913727431216078,4.931563102472761,4.895891759959395,4.922645266844419,12393893.0,68322400.0
2025-07-18,4.922645266844419,4.931563102472761,4.895891759959395,4.913727431216078,9876186.0,54371072.0
2025-07-21,4.913727431216078,4.985070116242808,4.904809595587736,4.985070116242808,16864566.0,93658376.0
2025-07-22,4.985070116242808,5.038577130012857,4.949398773729443,5.029659294384515,25424454.0,142563792.0
2025-07-23,5.020741458756174,5.047494965641198,4.99398795187115,5.0029057874994916,19681792.0,110859904.0
2025-07-24,4.99398795187115,5.074248472526222,4.976152280614467,5.06533063689788,22458386.0,127041912.0
2025-07-25,5.06533063689788,5.074248472526222,5.011823623127833,5.020741458756174,16149800.0,91222984.0
2025-07-28,5.029659294384515,5.029659294384515,4.967234444986126,4.976152280614467,14522668.0,81134112.0
2025-07-29,4.967234444986126,4.976152280614467,4.895891759959395,4.940480938101102,16612900.0,91750392.0
2025-07-30,4.931563102472761,5.0029057874994916,4.922645266844419,4.967234444986126,15836442.0,88231552.0
2025-07-31,4.949398773729443,4.958316609357784,4.824549074932664,4.833466910561006,22377500.0,122228016.0
2025-08-01,4.842384746189347,4.895891759959395,4.842384746189347,4.869138253074371,9027024.0,49321708.0
2025-08-04,4.842384746189347,4.886973924331054,4.833466910561006,4.869138253074371,9867334.0,53814220.0
2025-08-05,4.86022041744603,4.913727431216078,4.86022041744603,4.913727431216078,11305334.0,62097260.0
2025-08-06,4.904809595587736,4.913727431216078,4.86022041744603,4.895891759959395,9031370.0,49466304.0
2025-08-07,4.895891759959395,4.931563102472761,4.878056088702712,4.922645266844419,10987605.0,60497532.0
2025-08-08,4.922645266844419,4.940480938101102,4.904809595587736,4.931563102472761,9906876.0,54689612.0
2025-08-11,4.922645266844419,5.2347695138363655,4.904809595587736,5.0831663081545635,43483536.0,246708608.0
2025-08-12,5.0831663081545635,5.1188376506679285,5.0029057874994916,5.038577130012857,36523200.0,206803072.0
2025-08-13,5.038577130012857,5.047494965641198,4.976152280614467,5.0029057874994916,22057440.0,123775224.0
2025-08-14,5.0029057874994916,5.06533063689788,4.940480938101102,4.958316609357784,21168528.0,118722200.0
2025-08-15,4.949398773729443,4.99398795187115,4.922645266844419,4.976152280614467,13625295.0,75878664.0
2025-08-18,4.976152280614467,5.0029057874994916,4.949398773729443,4.985070116242808,18328504.0,102283776.0
2025-08-19,4.976152280614467,4.99398795187115,4.949398773729443,4.99398795187115,13304173.0,74094968.0
2025-08-20,4.985070116242808,5.0029057874994916,4.949398773729443,5.0029057874994916,11074504.0,61788136.0
2025-08-21,5.0029057874994916,5.029659294384515,4.985070116242808,5.011823623127833,17899668.0,100584160.0
2025-08-22,5.011823623127833,5.029659294384515,4.958316609357784,4.99398795187115,13735589.0,76777752.0
2025-08-25,5.0029057874994916,5.047494965641198,4.985070116242808,5.038577130012857,20842994.0,117291232.0
2025-08-26,5.020741458756174,5.047494965641198,5.011823623127833,5.038577130012857,13976786.0,78868384.0
2025-08-27,5.038577130012857,5.047494965641198,4.940480938101102,4.940480938101102,17580152.0,98498544.0
2025-08-28,4.931563102472761,4.976152280614467,4.833466910561006,4.931563102472761,16243380.0,89441512.0
2025-08-29,4.931563102472761,4.958316609357784,4.904809595587736,4.922645266844419,10582300.0,58505832.0
2025-09-01,4.886973924331054,4.913727431216078,4.869138253074371,4.904809595587736,10529805.0,57769056.0
2025-09-02,4.904809595587736,4.922645266844419,4.851302581817689,4.886973924331054,10575918.0,57941932.0
2025-09-03,4.878056088702712,4.886973924331054,4.833466910561006,4.842384746189347,8688544.0,47278420.0
2025-09-04,4.824549074932664,4.86022041744603,4.79779556804764,4.824549074932664,12122475.0,65614328.0
2025-09-05,4.833466910561006,4.86022041744603,4.79779556804764,4.851302581817689,7781901.0,42186140.0
2025-09-08,4.851302581817689,4.913727431216078,4.833466910561006,4.904809595587736,10358959.0,56829716.0
2025-09-09,4.895891759959395,4.895891759959395,4.851302581817689,4.878056088702712,7268099.0,39720460.0
2025-09-10,4.86022041744603,4.878056088702712,4.833466910561006,4.869138253074371,5373906.0,29270880.0
2025-09-11,4.86022041744603,4.895891759959395,4.833466910561006,4.895891759959395,6596583.0,35976192.0
2025-09-12,4.895891759959395,4.913727431216078,4.878056088702712,4.904809595587736,8658405.0,47542700.0
2025-09-15,4.895891759959395,4.913727431216078,4.86022041744603,4.886973924331054,6163670.0,33730904.0
2025-09-16,4.895891759959395,4.931563102472761,4.869138253074371,4.922645266844419,13166968.0,72500304.0
2025-09-17,4.922645266844419,4.940480938101102,4.886973924331054,4.931563102472761,10221177.0,56404944.0
2025-09-18,4.922645266844419,4.931563102472761,4.815631239304323,4.842384746189347,12399128.0,67769680.0
2025-09-19,4.842384746189347,4.913727431216078,4.833466910561006,4.869138253074371,8585958.0,46847964.0
2025-09-22,4.842384746189347,4.86022041744603,4.771042061162616,4.788877732419299,9179700.0,49436008.0
2025-09-23,4.779959896790958,4.86022041744603,4.762124225534275,4.833466910561006,12674425.0,68453800.0
2025-09-24,4.788877732419299,4.886973924331054,4.771042061162616,4.842384746189347,8522656.0,46259520.0
2025-09-25,4.833466910561006,4.833466910561006,4.779959896790958,4.79779556804764,7463245.0,40164232.0
2025-09-26,4.788877732419299,4.806713403675981,4.779959896790958,4.788877732419299,5383143.0,28921798.0
2025-09-29,4.788877732419299,4.788877732419299,4.744288554277592,4.779959896790958,6182238.0,33075986.0
2025-09-30,4.779959896790958,4.788877732419299,4.753206389905934,4.762124225534275,5006100.0,26751662.0
2025-10-09,4.762124225534275,4.788877732419299,4.744288554277592,4.788877732419299,7392727.0,39493996.0
2025-10-10,4.779959896790958,4.851302581817689,4.771042061162616,4.842384746189347,12278287.0,66350436.0
2025-10-13,4.762124225534275,4.869138253074371,4.726452883020909,4.851302581817689,12353675.0,66655952.0
2025-10-14,4.86022041744603,4.931563102472761,4.833466910561006,4.904809595587736,19412560.0,106356240.0
2025-10-15,4.904809595587736,4.904809595587736,4.842384746189347,4.869138253074371,11037960.0,60226328.0
2025-10-16,4.86022041744603,4.922645266844419,4.833466910561006,4.886973924331054,13589903.0,74241680.0
2025-10-17,4.878056088702712,4.922645266844419,4.842384746189347,4.851302581817689,13786610.0,75548632.0
2025-10-20,4.869138253074371,4.895891759959395,4.833466910561006,4.886973924331054,9346294.0,50969520.0
2025-10-21,4.869138253074371,4.940480938101102,4.851302581817689,4.931563102472761,14234610.0,78456184.0
2025-10-22,4.922645266844419,4.967234444986126,4.913727431216078,4.940480938101102,13274222.0,73563752.0
2025-10-23,4.940480938101102,5.056412801269539,4.931563102472761,5.020741458756174,31841170.0,178567200.0
2025-10-24,5.020741458756174,5.020741458756174,4.931563102472761,4.940480938101102,21158772.0,117622904.0
2025-10-27,4.940480938101102,4.985070116242808,4.913727431216078,4.958316609357784,13004900.0,72199680.0
2025-10-28,4.940480938101102,5.011823623127833,4.931563102472761,4.99398795187115,13992344.0,78177456.0
2025-10-29,5.038577130012857,5.038577130012857,4.931563102472761,4.985070116242808,13192496.0,73562544.0
2025-10-30,4.976152280614467,5.020741458756174,4.958316609357784,4.985070116242808,15344131.0,85927000.0
2025-10-31,4.985070116242808,4.99398795187115,4.913727431216078,4.922645266844419,14427200.0,79796216.0
2025-11-03,4.913727431216078,4.967234444986126,4.913727431216078,4.940480938101102,9132600.0,50626896.0
2025-11-04,4.949398773729443,5.020741458756174,4.931563102472761,4.99398795187115,15836337.0,88652112.0
2025-11-05,4.958316609357784,5.029659294384515,4.958316609357784,5.011823623127833,15023512.0,84377760.0
2025-11-06,5.020741458756174,5.029659294384515,4.985070116242808,5.011823623127833,12056965.0,67747176.0
2025-11-07,5.038577130012857,5.047494965641198,5.0029057874994916,5.029659294384515,12273363.0,69179704.0
2025-11-10,5.038577130012857,5.056412801269539,5.0029057874994916,5.047494965641198,11114691.0,62774308.0
2025-11-11,5.047494965641198,5.074248472526222,5.029659294384515,5.06533063689788,12076797.0,68484488.0
2025-11-12,5.06533063689788,5.074248472526222,5.020741458756174,5.047494965641198,11191578.0,63250436.0
2025-11-13,5.047494965641198,5.0831663081545635,5.011823623127833,5.074248472526222,14676588.0,83004136.0
2025-11-14,5.047494965641198,5.1277554862962695,5.047494965641198,5.0920841437829045,18586150.0,106367184.0
2025-11-17,5.0831663081545635,5.1099198150395875,5.038577130012857,5.074248472526222,12391943.0,70405440.0
2025-11-18,5.047494965641198,5.074248472526222,4.931563102472761,4.958316609357784,13818538.0,77088232.0
2025-11-19,4.967234444986126,4.976152280614467,4.886973924331054,4.886973924331054,9997448.0,55087064.0
2025-11-20,4.904809595587736,4.949398773729443,4.886973924331054,4.922645266844419,11751700.0,64741260.0
2025-11-21,4.904809595587736,4.913727431216078,4.73537071864925,4.73537071864925,23281900.0,125449640.0
2025-11-24,4.753206389905934,4.779959896790958,4.690781540507544,4.726452883020909,16486570.0,87385584.0
2025-11-25,4.73537071864925,4.779959896790958,4.681863704879203,4.73537071864925,12990308.0,69041584.0
2025-11-26,4.73537071864925,4.771042061162616,4.708617211764227,4.726452883020909,8734142.0,46467668.0
2025-11-27,4.726452883020909,4.762124225534275,4.699699376135885,4.726452883020909,7836170.0,41550992.0
2025-11-28,4.726452883020909,4.753206389905934,4.699699376135885,4.744288554277592,6603713.0,34984372.0
2025-12-01,4.744288554277592,4.779959896790958,4.73537071864925,4.771042061162616,8742954.0,46737212.0
2025-12-02,4.762124225534275,4.788877732419299,4.726452883020909,4.779959896790958,8232576.0,43988104.0
2025-12-03,4.779959896790958,4.79779556804764,4.753206389905934,4.79779556804764,8322995.0,44610064.0
2025-12-04,4.79779556804764,4.815631239304323,4.744288554277592,4.744288554277592,8107500.0,43342268.0
2025-12-05,4.744288554277592,4.771042061162616,4.717535047392568,4.762124225534275,7577101.0,40283100.0
2025-12-08,4.762124225534275,4.79779556804764,4.753206389905934,4.779959896790958,8132027.0,43514812.0
2025-12-09,4.762124225534275,4.779959896790958,4.726452883020909,4.744288554277592,8424947.0,44894824.0
2025-12-10,4.726452883020909,4.788877732419299,4.726452883020909,4.788877732419299,9204366.0,49154316.0
2025-12-11,4.79779556804764,4.79779556804764,4.672945869250862,4.672945869250862,13077550.0,69142488.0
2025-12-12,4.672945869250862,4.708617211764227,4.655110197994178,4.655110197994178,7572602.0,39743256.0
2025-12-15,4.655110197994178,4.681863704879203,4.628356691109155,4.664028033622521,5447918.0,28457838.0
2025-12-16,4.664028033622521,4.664028033622521,4.59268534859579,4.610521019852472,6404180.0,33146292.0
2025-12-17,4.601603184224131,4.610521019852472,4.5302604991974,4.59268534859579,7385710.0,37885812.0
2025-12-18,4.574849677339107,4.628356691109155,4.565931841710765,4.619438855480813,5758550.0,29778884.0
2025-12-19,4.619438855480813,4.672945869250862,4.601603184224131,4.672945869250862,6048423.0,31562552.0
2025-12-22,4.655110197994178,4.744288554277592,4.655110197994178,4.744288554277592,8513633.0,44979484.0
2025-12-23,4.726452883020909,4.753206389905934,4.664028033622521,4.681863704879203,6233812.0,32836588.0
2025-12-24,4.664028033622521,4.699699376135885,4.655110197994178,4.699699376135885,4584600.0,24091566.0
2025-12-25,4.708617211764227,4.833466910561006,4.708617211764227,4.771042061162616,13731441.0,73300368.0
2025-12-26,4.762124225534275,4.806713403675981,4.744288554277592,4.744288554277592,7625860.0,40725924.0
2025-12-29,4.753206389905934,4.762124225534275,4.708617211764227,4.708617211764227,5998700.0,31767872.0
2025-12-30,4.699699376135885,4.708617211764227,4.637274526737496,4.646192362365837,8009900.0,41861548.0
2025-12-31,4.646192362365837,4.681863704879203,4.637274526737496,4.646192362365837,5391710.0,28164222.0
2026-01-05,4.646192362365837,4.681863704879203,4.637274526737496,4.655110197994178,6166642.0,32172268.0
2026-01-06,4.646192362365837,4.708617211764227,4.646192362365837,4.708617211764227,8848100.0,46451060.0
2026-01-07,4.699699376135885,4.726452883020909,4.672945869250862,4.708617211764227,8641978.0,45517144.0
2026-01-08,4.699699376135885,4.726452883020909,4.690781540507544,4.717535047392568,7860321.0,41499824.0
2026-01-09,4.708617211764227,4.73537071864925,4.699699376135885,4.73537071864925,9062858.0,48016256.0
2026-01-12,4.73537071864925,4.788877732419299,4.699699376135885,4.779959896790958,15131367.0,80505896.0
2026-01-13,4.762124225534275,4.779959896790958,4.73537071864925,4.762124225534275,11767307.0,62767144.0
2026-01-14,4.753206389905934,4.771042061162616,4.699699376135885,4.726452883020909,12703030.0,67569432.0
2026-01-15,4.73537071864925,4.753206389905934,4.708617211764227,4.726452883020909,7006117.0,37151240.0
2026-01-16,4.73537071864925,4.771042061162616,4.708617211764227,4.726452883020909,9905694.0,52584776.0
2026-01-19,4.717535047392568,4.771042061162616,4.699699376135885,4.771042061162616,11274702.0,60081768.0
2026-01-20,4.771042061162616,4.824549074932664,4.753206389905934,4.824549074932664,16487395.0,88706016.0
2026-01-21,4.824549074932664,4.833466910561006,4.771042061162616,4.824549074932664,11195532.0,60243272.0
2026-01-22,4.824549074932664,4.842384746189347,4.806713403675981,4.833466910561006,10377988.0,56145152.0
2026-01-23,4.833466910561006,4.886973924331054,4.833466910561006,4.886973924331054,15205083.0,82884904.0
2026-01-26,4.949398773729443,4.949398773729443,4.833466910561006,4.878056088702712,12511668.0,68396784.0
2026-01-27,4.851302581817689,4.99398795187115,4.833466910561006,4.949398773729443,29368372.0,162194768.0
2026-01-28,4.931563102472761,4.976152280614467,4.895891759959395,4.913727431216078,17444700.0,96379496.0
2026-01-29,4.886973924331054,4.949398773729443,4.869138253074371,4.904809595587736,16250368.0,89394144.0
2026-01-30,4.904809595587736,4.949398773729443,4.851302581817689,4.895891759959395,17296468.0,95079400.0
2026-02-02,4.869138253074371,4.895891759959395,4.779959896790958,4.79779556804764,14531224.0,78864512.0
2026-02-03,4.806713403675981,4.833466910561006,4.762124225534275,4.788877732419299,14022070.0,75236352.0
2026-02-04,4.788877732419299,4.913727431216078,4.788877732419299,4.895891759959395,20372968.0,111175744.0
2026-02-05,4.895891759959395,4.913727431216078,4.86022041744603,4.869138253074371,10511169.0,57545408.0
2026-02-06,4.869138253074371,4.895891759959395,4.833466910561006,4.851302581817689,9088340.0,49611500.0
2026-02-09,4.878056088702712,4.913727431216078,4.86022041744603,4.878056088702712,9352705.0,51222576.0
2026-02-10,4.904809595587736,4.904809595587736,4.842384746189347,4.869138253074371,7090860.0,38742824.0
2026-02-11,4.869138253074371,4.967234444986126,4.86022041744603,4.895891759959395,14049989.0,77334632.0
2026-02-12,4.904809595587736,4.976152280614467,4.878056088702712,4.886973924331054,14608700.0,80661880.0
2026-02-13,4.86022041744603,4.886973924331054,4.753206389905934,4.771042061162616,17275600.0,93084576.0
2026-02-24,4.79779556804764,4.904809595587736,4.788877732419299,4.895891759959395,16151540.0,88226200.0
2026-02-25,4.895891759959395,4.99398795187115,4.886973924331054,4.922645266844419,21083340.0,117026720.0
2026-02-26,4.922645266844419,4.967234444986126,4.895891759959395,4.949398773729443,10429162.0,57671876.0
2026-02-27,4.940480938101102,5.047494965641198,4.922645266844419,5.0029057874994916,23725874.0,132976560.0
2026-03-02,5.020741458756174,5.038577130012857,4.922645266844419,4.985070116242808,24799664.0,138750000.0
2026-03-03,5.0029057874994916,5.288276527606413,4.985070116242808,5.225851678208024,81938208.0,471880576.0
2026-03-04,5.047494965641198,5.047494965641198,4.869138253074371,4.922645266844419,56268576.0,311179808.0
2026-03-05,4.949398773729443,4.967234444986126,4.851302581817689,4.886973924331054,32886024.0,180783360.0
2026-03-06,4.878056088702712,5.011823623127833,4.851302581817689,4.99398795187115,30600260.0,169700160.0
2026-03-09,5.011823623127833,5.074248472526222,4.931563102472761,4.958316609357784,26714292.0,149000784.0
2026-03-10,4.940480938101102,5.020741458756174,4.922645266844419,4.985070116242808,19020012.0,106012240.0
2026-03-11,4.967234444986126,5.038577130012857,4.895891759959395,5.038577130012857,22918092.0,127832728.0
2026-03-12,5.1188376506679285,5.1812625000663175,5.074248472526222,5.145591157552952,48041312.0,276578336.0
2026-03-13,5.1723446644379765,5.1723446644379765,5.047494965641198,5.0831663081545635,30242072.0,173377792.0
2026-03-16,5.0920841437829045,5.1277554862962695,5.038577130012857,5.0831663081545635,21133380.0,120282768.0
2026-03-17,5.06533063689788,5.1099198150395875,5.0029057874994916,5.011823623127833,19003268.0,107883320.0
2026-03-18,5.011823623127833,5.1099198150395875,4.985070116242808,5.0920841437829045,19894564.0,113102696.0
2026-03-19,5.06533063689788,5.1188376506679285,5.020741458756174,5.038577130012857,22971500.0,130623400.0
2026-03-20,5.020741458756174,5.1277554862962695,5.0029057874994916,5.029659294384515,27396988.0,155496448.0
2026-03-23,4.967234444986126,4.967234444986126,4.744288554277592,4.788877732419299,30941704.0,168478464.0
2026-03-24,4.86022041744603,5.038577130012857,4.833466910561006,5.038577130012857,31332472.0,173376992.0
2026-03-25,5.038577130012857,5.252605185093048,5.0029057874994916,5.2169338425796825,53904000.0,313465856.0
2026-03-26,5.225851678208024,5.288276527606413,5.1545089931812935,5.252605185093048,51731440.0,303590720.0
2026-03-27,5.190180335694659,5.2436873494647065,5.1099198150395875,5.163426828809635,38306888.0,221746304.0
2026-03-30,5.1099198150395875,5.145591157552952,4.922645266844419,5.0920841437829045,34065248.0,191930192.0
2026-03-31,5.056412801269539,5.136673321924611,4.922645266844419,4.931563102472761,27466332.0,154479744.0
2026-04-01,4.99398795187115,5.136673321924611,4.949398773729443,4.99398795187115,25998460.0,146452624.0
2026-04-02,4.985070116242808,5.056412801269539,4.878056088702712,4.922645266844419,24244252.0,134636464.0
2026-04-03,4.931563102472761,4.976152280614467,4.708617211764227,4.708617211764227,31102976.0,166939872.0
2026-04-07,4.726452883020909,4.815631239304323,4.610521019852472,4.806713403675981,25159824.0,133302656.0
2026-04-08,4.833466910561006,4.904809595587736,4.806713403675981,4.904809595587736,19850028.0,108381952.0
2026-04-09,4.886973924331054,4.958316609357784,4.771042061162616,4.788877732419299,16225325.0,87910576.0
2026-04-10,4.815631239304323,4.842384746189347,4.762124225534275,4.771042061162616,13742975.0,73968208.0
2026-04-13,4.753206389905934,4.824549074932664,4.726452883020909,4.815631239304323,12163792.0,65194252.0
2026-04-14,4.815631239304323,4.824549074932664,4.753206389905934,4.788877732419299,11861563.0,63557108.0
2026-04-15,4.79779556804764,4.806713403675981,4.744288554277592,4.753206389905934,12020300.0,64229000.0
2026-04-16,4.753206389905934,4.762124225534275,4.699699376135885,4.744288554277592,15480100.0,82045232.0
2026-04-17,4.744288554277592,4.753206389905934,4.690781540507544,4.699699376135885,12704545.0,67046012.0
2026-04-20,4.690781540507544,4.708617211764227,4.655110197994178,4.699699376135885,10278000.0,54024248.0
2026-04-21,4.690781540507544,4.73537071864925,4.655110197994178,4.726452883020909,12980891.0,68350136.0
2026-04-22,4.699699376135885,4.717535047392568,4.672945869250862,4.681863704879203,10081600.0,52989988.0
2026-04-23,4.681863704879203,4.708617211764227,4.637274526737496,4.708617211764227,14799800.0,77638800.0
2026-04-24,4.690781540507544,4.690781540507544,4.583767512967448,4.619438855480813,17190312.0,89301168.0
2026-04-27,4.59268534859579,4.628356691109155,4.574849677339107,4.610521019852472,8007200.0,41319248.0
2026-04-28,4.59268534859579,4.646192362365837,4.59268534859579,4.637274526737496,8272398.0,42872528.0
2026-04-29,4.610521019852472,4.655110197994178,4.565931841710765,4.646192362365837,11817700.0,61232384.0
2026-04-30,4.619438855480813,4.646192362365837,4.601603184224131,4.628356691109155,11609010.0,60129248.0
2026-05-06,4.637274526737496,4.690781540507544,4.628356691109155,4.690781540507544,13383003.0,70028672.0
2026-05-07,4.690781540507544,4.726452883020909,4.664028033622521,4.681863704879203,11245800.0,59075424.0
2026-05-08,4.681863704879203,4.726452883020909,4.664028033622521,4.699699376135885,14193153.0,74866200.0
2026-05-11,4.699699376135885,4.717535047392568,4.664028033622521,4.708617211764227,13327306.0,70171248.0
2026-05-12,4.690781540507544,4.726452883020909,4.664028033622521,4.664028033622521,11339678.0,59712168.0
2026-05-13,4.690781540507544,4.753206389905934,4.672945869250862,4.73537071864925,17998468.0,95464296.0
2026-05-14,4.744288554277592,4.779959896790958,4.672945869250862,4.681863704879203,17154586.0,90765224.0
2026-05-15,4.681863704879203,4.690781540507544,4.583767512967448,4.628356691109155,13562155.0,70308664.0
2026-05-18,4.610521019852472,4.628356691109155,4.565931841710765,4.601603184224131,8446531.0,43462328.0
2026-05-19,4.601603184224131,4.904809595587736,4.583767512967448,4.815631239304323,34157520.0,182376400.0
2026-05-20,4.779959896790958,4.779959896790958,4.646192362365837,4.690781540507544,16283576.0,85734224.0
2026-05-21,4.681863704879203,4.708617211764227,4.583767512967448,4.628356691109155,14958822.0,78146216.0
2026-05-22,4.619438855480813,4.655110197994178,4.601603184224131,4.646192362365837,8014386.0,41594876.0
2026-05-25,4.655110197994178,4.681863704879203,4.601603184224131,4.628356691109155,13701729.0,71308528.0
2026-05-26,4.601603184224131,4.601603184224131,4.46783564979901,4.521342663569059,17003034.0,86039320.0
2026-05-27,4.503506992312376,4.512424827940717,4.441082142913987,4.458917814170669,8767785.0,43928144.0
2026-05-28,4.476753485427351,4.539178334825741,4.458917814170669,4.521342663569059,8009747.0,40487564.0
2026-05-29,4.521342663569059,4.637274526737496,4.494589156684035,4.574849677339107,13324811.0,68318696.0
2026-06-01,4.59268534859579,4.904809595587736,4.548096170454082,4.86022041744603,45041912.0,241549664.0
2026-06-02,4.79779556804764,4.79779556804764,4.664028033622521,4.699699376135885,21164008.0,111780592.0
2026-06-03,4.699699376135885,4.73537071864925,4.628356691109155,4.717535047392568,16030716.0,84357360.0
2026-06-04,4.690781540507544,4.73537071864925,4.619438855480813,4.681863704879203,14433236.0,75711552.0
2026-06-05,4.681863704879203,4.73537071864925,4.539178334825741,4.565931841710765,22589300.0,117314296.0
2026-06-08,4.476753485427351,4.5302604991974,4.334068115373891,4.396492964772279,21641742.0,107518088.0
2026-06-09,4.405410800400621,4.414328636028963,4.342985951002232,4.396492964772279,7486901.0,36725408.0
2026-06-10,4.369739457887256,4.378657293515597,4.244889759090477,4.289478937232183,11108966.0,53550096.0
2026-06-11,4.271643265975501,4.298396772860525,4.218136252205453,4.227054087833794,5796280.0,27579212.0
2026-06-12,4.244889759090477,4.325150279745549,4.244889759090477,4.307314608488866,6504514.0,31310152.0
2026-06-15,4.325150279745549,4.441082142913987,4.325150279745549,4.432164307285645,11571966.0,57061608.0
2026-06-16,4.423246471657304,4.423246471657304,4.360821622258914,4.387575129143938,6044808.0,29723542.0
2026-06-17,4.387575129143938,4.387575129143938,4.307314608488866,4.334068115373891,5848400.0,28480270.0
2026-06-18,4.325150279745549,4.325150279745549,4.218136252205453,4.235971923462135,6218716.0,29646832.0
2026-06-22,4.244889759090477,4.280561101603842,4.1022043890370155,4.271643265975501,8996227.0,42120016.0
2026-06-23,4.235971923462135,4.325150279745549,4.235971923462135,4.26272543034716,6793667.0,32625064.0
2026-06-24,4.26272543034716,4.476753485427351,4.20030058094877,4.369739457887256,14676614.0,71302440.0
2026-06-25,4.351903786630573,4.512424827940717,4.325150279745549,4.449999978542328,15430640.0,76578864.0
2026-06-26,4.94,5.07,4.87,4.91,13286814.0,65889412.0
2026-06-29,4.9,4.9,4.67,4.78,12899441.0,61275288.0
2026-06-30,4.73,4.75,4.65,4.68,9838549.0,46122924.0
2026-07-01,4.68,4.78,4.67,4.73,6884768.0,32566140.0
2026-07-02,4.72,4.79,4.7,4.74,6163300.0,29264034.0
2026-07-03,4.74,4.8,4.73,4.78,6138146.0,29302842.0
2026-07-06,4.78,4.81,4.75,4.77,5859000.0,27991518.0
2026-07-07,4.76,4.77,4.66,4.67,6122238.0,28758242.0
2026-07-08,4.71,4.71,4.65,4.68,3773642.0,17664102.0
2026-07-09,4.7,4.7,4.6,4.63,7198887.0,33377280.0
2026-07-10,4.6,4.7,4.58,4.65,5540280.0,25754534.0
2026-07-13,5.0,5.12,4.87,4.89,46544540.0,235325664.0
2026-07-14,4.8,4.96,4.75,4.84,34917488.0,169593024.0
2026-07-15,4.85,5.05,4.82,5.02,19120260.0,94992304.0
2026-07-16,4.98,5.0,4.92,4.95,10808600.0,53511560.0
2026-07-17,4.92,5.03,4.89,4.92,13427460.0,66715432.0
2026-07-20,4.92,5.0,4.86,4.92,14338980.0,70585816.0
2026-07-21,4.9,4.92,4.82,4.86,15984786.0,77554576.0
2026-07-22,4.87,4.87,4.79,4.84,10833600.0,52268196.0
2026-07-23,4.84,4.9,4.82,4.9,8537716.0,41556100.0
2026-07-24,4.87,4.92,4.82,4.83,7694800.0,37349080.0
2026-07-27,4.8,5.08,4.8,5.05,24291706.0,120839928.0
2026-07-28,4.98,5.02,4.91,4.96,11027186.0,54602316.0
2026-07-29,4.96,5.12,4.96,5.02,14544877.0,73317384.0
2026-07-30,5.0,5.08,4.97,5.05,11760300.0,59318072.0
2026-07-31,5.07,5.12,5.05,5.06,11842200.0,60170672.0
2026-08-03,5.06,5.11,5.05,5.08,10605300.0,53850480.0
2026-08-04,5.09,5.1,4.97,4.99,15202405.0,76106536.0
2026-08-05,4.97,5.0,4.94,4.99,8157500.0,40570536.0
2026-08-06,4.97,4.99,4.93,4.98,9078631.0,44980356.0
2026-08-07,4.99,5.01,4.95,4.98,7767774.0,38609264.0
2026-08-10,4.96,5.04,4.96,5.03,10230338.0,51301632.0
2026-08-11,5.02,5.02,4.97,4.99,6722500.0,33558952.0
2026-08-12,4.98,5.04,4.95,5.03,8891086.0,44349776.0
2026-08-13,5.04,5.1,4.96,4.96,7931700.0,39689376.0
2026-08-14,4.99,4.99,4.91,4.93,6853664.0,33801152.0
2026-08-17,4.92,4.98,4.89,4.97,6089800.0,30137854.0
2026-08-18,4.98,5.07,4.95,5.03,10974714.0,55052432.0
2026-08-19,5.01,5.06,4.94,4.96,12091401.0,60315640.0
2026-08-20,4.98,5.05,4.94,5.01,10791366.0,54115628.0
2026-08-21,5.02,5.02,4.93,4.95,9932572.0,49261456.0
2026-08-24,4.99,4.99,4.94,4.97,4950466.0,24549962.0
2026-08-25,4.95,5.02,4.95,5.0,7622439.0,38101496.0
2026-08-26,5.0,5.05,4.99,5.04,9167003.0,46193268.0
2026-08-27,5.02,5.05,4.99,5.03,7448368.0,37391952.0
2026-08-28,5.03,5.12,5.02,5.1,13520921.0,68653936.0
2026-08-31,5.07,5.11,5.06,5.09,7305580.0,37136304.0
2026-09-01,5.1,5.14,5.07,5.09,11358600.0,58006160.0
2026-09-02,5.08,5.1,5.03,5.06,9150427.0,46216844.0
2026-09-03,5.06,5.12,5.05,5.06,6696700.0,34036152.0
2026-09-04,5.08,5.11,5.04,5.07,8948492.0,45427476.0
