date,open,high,low,close,volume,amount
2015-01-05,0.025205684371463984,0.025341890411297772,0.024524654172295036,0.02496354030064836,9528524.0,312965632.0
2015-01-06,0.024955973298435366,0.026613146783079807,0.024585190189998943,0.026257497679069357,18092488.0,617855488.0
2015-01-07,0.026219662668004413,0.026257497679069357,0.02565213750203029,0.025780776539651093,8081097.0,276610560.0
2015-01-08,0.025947250588336836,0.026787187833978533,0.025848879559567984,0.026310466694560275,11832417.0,413991424.0
2015-01-09,0.026257497679069357,0.026999063895942206,0.025916982579484882,0.02601535360825373,9391641.0,329111104.0
2015-01-12,0.026022920610466717,0.02667368280078371,0.02587914756841994,0.02656017776758889,8282286.0,289219552.0
2015-01-13,0.026484507745459004,0.0271958059534799,0.026461806738820037,0.02714283693798898,10506272.0,373180736.0
2015-01-14,0.027089867922498064,0.02754388805527736,0.02656017776758889,0.02684772385168244,8029585.0,287049696.0
2015-01-15,0.026779620831765546,0.026779620831765546,0.026257497679069357,0.026401270721116133,6121623.0,213609536.0
2015-01-16,0.026476940743246018,0.02676448682733957,0.026257497679069357,0.026582878774227853,7108507.0,249500880.0
2015-01-19,0.02637100271226418,0.027619558077407246,0.02587914756841994,0.02623479667243039,14750087.0,524061216.0
2015-01-20,0.026083456628170625,0.027657393088472187,0.02606832262374465,0.027506053044212424,13339596.0,475990752.0
2015-01-21,0.027506053044212424,0.02845192832083596,0.027263908973396797,0.027997908188056662,11377513.0,421176992.0
2015-01-22,0.028073578210186544,0.02863353637394768,0.027861702148222874,0.027997908188056662,9022885.0,335453440.0
2015-01-23,0.028224918254446306,0.028376258298706075,0.027710362103963104,0.028247619261085273,9692336.0,359512192.0
2015-01-26,0.028376258298706075,0.02852003134075285,0.028073578210186544,0.028262753265511253,6732053.0,251646896.0
2015-01-27,0.02845192832083596,0.028527598342965844,0.027316877988887715,0.0276498260862592,9877646.0,362393184.0
2015-01-28,0.02781630013494494,0.02843679431640998,0.027687661097324144,0.027907104161500804,10321523.0,383671776.0
2015-01-29,0.027997908188056662,0.028467062325261933,0.027581723066342306,0.027823867137157933,9323952.0,345043904.0
2015-01-30,0.027854135146009883,0.028073578210186544,0.027271475975609784,0.027301743984461738,6635399.0,241982352.0
2015-02-02,0.02738498100880461,0.027581723066342306,0.026953661882664275,0.027226073962331853,4465305.0,161244688.0
2015-02-03,0.027506053044212424,0.02761199107519426,0.027226073962331853,0.02754388805527736,3859292.0,140003888.0
2015-02-04,0.02769522809953713,0.02769522809953713,0.026598012778653826,0.02663584778971877,8154210.0,291446688.0
2015-02-05,0.026862857856108417,0.027006630898155193,0.026416404725542107,0.026446672734394064,6105451.0,215964368.0
2015-02-06,0.026484507745459004,0.02692339387381232,0.026030487612679704,0.026196961661365446,5098200.0,178125840.0
2015-02-09,0.026196961661365446,0.026393703718903146,0.025954817590549822,0.02603805461489269,3634083.0,125277656.0
2015-02-10,0.026022920610466717,0.026378569714477166,0.025962384592762813,0.026333167701199235,3714709.0,128442800.0
2015-02-11,0.026393703718903146,0.02665854879635773,0.02631803369677326,0.026469373741033024,2897516.0,101283648.0
2015-02-12,0.026582878774227853,0.02663584778971877,0.026333167701199235,0.026514775754310955,4351989.0,152269504.0
2015-02-13,0.026976362889303242,0.027589290068555292,0.02667368280078371,0.027241207966757833,8272007.0,297319072.0
2015-02-16,0.02727904297782277,0.02734714599773967,0.026900692867173358,0.027180671949053926,6345101.0,227234592.0
2015-02-17,0.027506053044212424,0.02755145505749035,0.027052032911433124,0.02733957899552668,6355178.0,229568544.0
2015-02-25,0.027241207966757833,0.027422816019869553,0.02696122888487727,0.027014197900368186,5706038.0,204992560.0
2015-02-26,0.02696122888487727,0.02729417698224875,0.02685529085389543,0.027218506960118866,5845472.0,208764480.0
2015-02-27,0.026900692867173358,0.02714283693798898,0.02671908481406164,0.026877991860534398,8786482.0,312771904.0
2015-03-02,0.02696122888487727,0.0271958059534799,0.026605579780866813,0.0271958059534799,9899577.0,350843712.0
2015-03-03,0.027089867922498064,0.028058444205760567,0.026999063895942206,0.02768009409511115,14287509.0,522403584.0
2015-03-04,0.02768009409511115,0.02935996858639455,0.02755145505749035,0.028830278431485373,21730814.0,823146304.0
2015-03-05,0.02871677339829055,0.029624813663849142,0.028414093309771016,0.028754608409355488,14596432.0,559542272.0
2015-03-06,0.028754608409355488,0.029095123508939964,0.027997908188056662,0.02830058827657619,7689757.0,288230752.0
2015-03-09,0.027997908188056662,0.028504897336326877,0.027808733132731953,0.02845192832083596,7350632.0,273851776.0
2015-03-10,0.02843679431640998,0.028860546440337326,0.02830058827657619,0.028550299349604805,6335210.0,239778144.0
2015-03-11,0.028603268365095722,0.029132958520004904,0.02800547519026965,0.028103846219038497,6623842.0,249323888.0
2015-03-12,0.028103846219038497,0.028247619261085273,0.027619558077407246,0.027854135146009883,6234140.0,229023456.0
2015-03-13,0.027891970157074824,0.02879244342042043,0.02772549610838908,0.028512464338539864,8561242.0,319826272.0
2015-03-16,0.028754608409355488,0.030419348896212915,0.028754608409355488,0.030305843863018087,18546770.0,732945728.0
2015-03-17,0.030268008851953146,0.03051771992498176,0.029708050688192014,0.03019233882982326,12291462.0,490303712.0
2015-03-18,0.03026044184974016,0.03161493524586506,0.030048565787776486,0.0313273891617715,14215624.0,582165952.0
2015-03-19,0.031024709073251975,0.031857079316680685,0.030805266009075315,0.03146359520160529,10610071.0,440223424.0
2015-03-20,0.03146359520160529,0.03290889262428606,0.0313273891617715,0.03246243949371975,12544103.0,537642496.0
2015-03-23,0.032470006495932735,0.03351425280132512,0.031766275290124824,0.03200841936094045,14354626.0,617145088.0
2015-03-24,0.03201598636315344,0.03324184072165754,0.03076743099801037,0.03253810951584963,16659555.0,700423296.0
2015-03-25,0.03202355336536643,0.03226569743618205,0.03108524509095588,0.03170573927242092,11880815.0,497387712.0
2015-03-26,0.03146359520160529,0.03200841936094045,0.031115513099807833,0.03161493524586506,8117182.0,338893056.0
2015-03-27,0.03155439922816116,0.03188734732553264,0.03125171913964162,0.031683038265781956,7003562.0,292970528.0
2015-03-30,0.031683038265781956,0.03253810951584963,0.03147872920603127,0.031781409294550804,12786747.0,539883584.0
2015-03-31,0.031781409294550804,0.03271215056674836,0.03159980124143908,0.032099223387496316,11950036.0,506126560.0
2015-04-01,0.032099223387496316,0.033423448774769264,0.03206895537864436,0.0333326447482134,13369369.0,583873024.0
2015-04-02,0.033476417790260185,0.03427852002483694,0.03271971756896135,0.03306779967075882,12861555.0,566808192.0
2015-04-03,0.03329480973714846,0.033673159847797875,0.03272728457117434,0.033287242734935475,11333322.0,496238816.0
2015-04-07,0.03331751074378743,0.03395313892967844,0.03302996465969387,0.033824499892057644,13914618.0,614403072.0
2015-04-08,0.0338547679009096,0.03394557192746545,0.032182460411839184,0.03245487249150676,13052424.0,565375232.0
2015-04-09,0.03240190347601584,0.03245487249150676,0.030570688940472678,0.03140305918390139,12838024.0,530830368.0
2015-04-10,0.031176049117511744,0.03286349061100813,0.030986874062187038,0.032697016562322385,14099705.0,602539584.0
2015-04-13,0.03318130470395364,0.035965961518333325,0.03260621253576653,0.03524709630809944,27086368.0,1236234496.0
2015-04-14,0.035791920467434596,0.03722965088790237,0.03495955022400589,0.03528493131916438,21280444.0,1021522752.0
2015-04-15,0.03517142628596955,0.03517142628596955,0.03356722181681604,0.03389260291197454,10070063.0,455863264.0
2015-04-16,0.03388503590976155,0.035527075389980005,0.03356722181681604,0.03450553009122659,10890232.0,501301792.0
2015-04-17,0.03458120011335647,0.03525466331031243,0.03364289183894592,0.033862334903122585,13549788.0,611055552.0
2015-04-20,0.033862334903122585,0.034323922038114865,0.03265161454904446,0.03284078960436916,12344516.0,544919424.0
2015-04-21,0.03275755258002629,0.03611730156259309,0.032749985577813306,0.03574651845415667,17636100.0,811467392.0
2015-04-22,0.03715398086577249,0.037835011064941436,0.03632161062234378,0.03662429071086331,18596016.0,906957120.0
2015-04-23,0.03624594060021389,0.038584144284027275,0.035943260511694365,0.037608000998551785,17899680.0,892529920.0
2015-04-24,0.03741882594322708,0.04069533790145101,0.036942104803808815,0.03995377168457815,20679720.0,1060279360.0
2015-04-27,0.04199686228208499,0.042904902547643585,0.04008997772441194,0.040876945954562725,19596700.0,1071583936.0
2015-04-28,0.040876945954562725,0.0416033781670096,0.0390835664300845,0.0406348018837471,12173494.0,645049088.0
2015-04-29,0.04024131776867171,0.04155797615373167,0.039878101662448276,0.04023375076645872,7928993.0,424884928.0
2015-04-30,0.04085424494792376,0.04275356250338382,0.04028671978194964,0.04071047190587698,12019220.0,661093440.0
2015-05-04,0.04068777089923802,0.04068777089923802,0.038970061396889674,0.03913653544557542,10550955.0,550751744.0
2015-05-05,0.03925004047877024,0.043041108587477374,0.03812255714903499,0.04090721396341468,18548364.0,985930880.0
2015-05-06,0.040861811950136745,0.04426696294598148,0.04085424494792376,0.04228440836617855,18566648.0,1049635392.0
2015-05-07,0.04203469729314993,0.043041108587477374,0.04049102884170032,0.040861811950136745,11359107.0,616753088.0
2015-05-08,0.040861811950136745,0.04145960512496282,0.03861441229287923,0.04058939987046917,14748062.0,776253696.0
2015-05-11,0.040596966872682154,0.04212550131970579,0.039461916540733916,0.042042264295362924,13497993.0,734736704.0
2015-05-12,0.04176985221569535,0.04358593274681253,0.04075587391915491,0.04303354158526439,17699822.0,989690176.0
2015-05-13,0.04256438744805911,0.043131912614033235,0.041505007138240756,0.041716883200204426,12579449.0,702790784.0
2015-05-14,0.04184552223782522,0.04199686228208499,0.040786141928006864,0.041505007138240756,9124952.0,499103200.0
2015-05-15,0.041353667093980986,0.04464531305663089,0.04075587391915491,0.044168591917212625,18767780.0,1070665984.0
2015-05-18,0.043041108587477374,0.048587721209597784,0.04296543856534749,0.04733159884224173,25125536.0,1552251776.0
2015-05-19,0.04759644391969632,0.04880716427377445,0.04584089940628304,0.0479369590192808,14034134.0,877309824.0
2015-05-20,0.04801262904141068,0.05119833697307875,0.04648409459438704,0.04740726886437162,18435080.0,1177500800.0
2015-05-21,0.04792182501485482,0.04926118440655374,0.046537063609877964,0.04848935018082894,14861539.0,947490624.0
2015-05-22,0.05060811080046566,0.050668646818169565,0.0479369590192808,0.048708793245005606,11121242.0,718952128.0
2015-05-25,0.04820180409673539,0.04945035946187845,0.04763427893076127,0.04905687534680306,11622641.0,743691648.0
2015-05-26,0.049109844362293986,0.05098646091111507,0.04854988619853284,0.05054000778054877,13791816.0,912015488.0
2015-05-27,0.05063837880931762,0.05097889390890209,0.04843638116533803,0.050471904760631875,12384366.0,807890624.0
2015-05-28,0.05023732769202924,0.05023732769202924,0.04544741529120765,0.04578036338857913,15982943.0,1019875264.0
2015-05-29,0.04578036338857913,0.04714242378691703,0.04396428285746195,0.045946837437264874,12294332.0,743290624.0
2015-06-01,0.047679680944039196,0.04967736952826811,0.04767211394182621,0.04836827814542113,15254823.0,975930880.0
2015-06-02,0.04843638116533803,0.04991194659687073,0.04767211394182621,0.04880716427377445,14226514.0,914665920.0
2015-06-03,0.04939739044638754,0.04939739044638754,0.04606790947267269,0.04789912400821585,14913924.0,939796800.0
2015-06-04,0.047528340899779434,0.04789912400821585,0.04388861283533206,0.046938114727166344,14526408.0,881975488.0
2015-06-05,0.05195612842011167,0.05240012629277628,0.04928376386577184,0.050012590562409975,18677608.0,1128238720.0
2015-06-08,0.05008798642757944,0.05134458418040381,0.04807743002306045,0.048546559850781545,16034161.0,937986688.0
2015-06-09,0.048546559850781545,0.04940942364105427,0.04766694142380448,0.04839576812044262,12165862.0,702410112.0
2015-06-10,0.048496295940668566,0.0523749943377198,0.047993656839538816,0.0523749943377198,23782876.0,1428625536.0
2015-06-11,0.05359808281713551,0.05737625339396078,0.0532211034912882,0.055030604255355296,42814220.0,2828972544.0
2015-06-12,0.05513113207558125,0.05634584323664481,0.053857779686052557,0.05418449510178689,21171202.0,1382212608.0
2015-06-15,0.054218004375195535,0.054452569289056084,0.05037281525155296,0.0504314564800181,21642366.0,1339762688.0
2015-06-16,0.0494261782777586,0.04984504419536673,0.04708890645750527,0.0478847517009607,20089882.0,1154806912.0
2015-06-17,0.04792663829272152,0.0494261782777586,0.045245896420029526,0.04860520107924668,14754113.0,833542016.0
2015-06-18,0.04860520107924668,0.04860520107924668,0.045974723116667664,0.046033364345132805,10155259.0,576144256.0
2015-06-19,0.045488838652242236,0.04691298277210986,0.04405631721402246,0.04465110681702599,14096117.0,758871872.0
2015-06-23,0.044676238772082474,0.045455329378833585,0.04021112809037988,0.04377148839004893,12266824.0,632172736.0
2015-06-24,0.04407307185072678,0.04498619955111249,0.04242274013535077,0.04434952335634814,13346433.0,698914688.0
2015-06-25,0.04441654190316544,0.044466805813278415,0.04101535065218748,0.04155149902672588,9993377.0,515715808.0
2015-06-26,0.040629994007988,0.04162689489189533,0.03739634912405329,0.03741310376075761,17769072.0,830276032.0
2015-06-29,0.03882887056227307,0.0390885674311901,0.033668442457340984,0.033727083685806125,25575656.0,1079718528.0
2015-06-30,0.03367681977569315,0.0371031429817276,0.0331741806745634,0.0371031429817276,23334332.0,974650752.0
2015-07-01,0.03686020074951489,0.0401608641802669,0.03592194109407269,0.037279066667123016,21447200.0,991283584.0
2015-07-02,0.03729582130382734,0.038946153019203344,0.0338443661427364,0.036441334831906765,20006320.0,891031360.0
2015-07-03,0.035184737079082394,0.038527287101595226,0.0335092734086499,0.03610624209782027,20723548.0,897540672.0
2015-07-06,0.03971686630760229,0.03971686630760229,0.03367681977569315,0.036969105888093004,19938448.0,872109632.0
2015-07-07,0.035997336959242156,0.03600571427759432,0.03327470849478935,0.033308217768198,23688728.0,951840384.0
2015-07-13,0.03664239047235867,0.03664239047235867,0.03664239047235867,0.03664239047235867,1363376.0,59634068.0
2015-07-14,0.04030327859225367,0.04030327859225367,0.040051959041688796,0.04030327859225367,11146327.0,536189056.0
2015-07-15,0.04030327859225367,0.0403619198207188,0.03627378846486352,0.03627378846486352,19328928.0,873877056.0
2015-07-16,0.03627378846486352,0.03821732632256521,0.03376059295921477,0.037245557393714365,13428970.0,587206976.0
2015-07-17,0.037689555266378974,0.03980063949112392,0.037245557393714365,0.0396247158057285,15311421.0,708007168.0
2015-07-20,0.039457169438685255,0.04094833210537018,0.03884562519897739,0.03912207670459876,16769991.0,794194752.0
2015-07-21,0.03853566441994739,0.0403619198207188,0.038016270682113315,0.03991792194805419,15077969.0,715731584.0
2015-07-22,0.040629994007988,0.04232221231512483,0.040629994007988,0.041300179476161,17220116.0,850547776.0
2015-07-23,0.0416352722102475,0.04254002259228105,0.04064674864469233,0.04216304326643373,13260278.0,660264000.0
2015-07-24,0.04217979790313806,0.04244787209040726,0.03985928071958905,0.040529466187762056,15249635.0,757062656.0
2015-07-27,0.03979226217277176,0.04137557534133046,0.036474844105315415,0.036474844105315415,17229908.0,802409920.0
2015-07-28,0.03510096389556077,0.03741310376075761,0.03340874558842395,0.036424580195202436,18194210.0,765383168.0
2015-07-29,0.037279066667123016,0.038703210786990634,0.035436056629647265,0.03861943760346901,12811029.0,558535680.0
2015-07-30,0.03803302531881764,0.038937775700851184,0.03614812868958108,0.03660888119895002,10032715.0,456326304.0
2015-07-31,0.03606435550605945,0.03766442331132249,0.03587167718395972,0.037270689348770855,11590901.0,509041408.0
2015-08-03,0.03677642756599327,0.038703210786990634,0.03652510801542839,0.03866970151358198,12785159.0,577653312.0
2015-08-04,0.03866132419522982,0.04053784350611422,0.038292722187734676,0.040236260045436366,12303986.0,583503168.0
2015-08-05,0.04029490127390151,0.04146772584320425,0.039465546757037416,0.04033678786566232,12565676.0,611847232.0
2015-08-06,0.0396247158057285,0.04104048260724397,0.0393566416184593,0.04014410954356258,6540404.0,315140064.0
2015-08-07,0.04021950540873204,0.04113263310911775,0.040194373453675554,0.04080591769338342,9040153.0,439284736.0
2015-08-10,0.04117451970087856,0.04280809677955025,0.040629994007988,0.04216304326643373,12837201.0,639627392.0
2015-08-11,0.0423054576784205,0.04262379577580267,0.04088131355855287,0.040965086742074504,10906975.0,541883520.0
2015-08-12,0.04033678786566232,0.04087293624020071,0.03979226217277176,0.03981739412782825,6957717.0,334788704.0
2015-08-13,0.04020275077202772,0.04071376719150963,0.03949905603044607,0.04058810741622719,6928222.0,332271040.0
2015-08-14,0.04092320015031369,0.043687715206527304,0.04087293624020071,0.043185076105397555,19801484.0,1003191744.0
2015-08-17,0.042221684494898874,0.04565638501928549,0.041484480479908575,0.043721224479935955,18023128.0,936743232.0
2015-08-18,0.04506997273463411,0.04681245495188391,0.03934826430010714,0.04132531143121749,27757020.0,1469643392.0
2015-08-19,0.039708488989250126,0.042439494772055095,0.03773981917649195,0.04187821444246021,14994642.0,719365056.0
2015-08-20,0.040981841378778826,0.04146772584320425,0.03920584988812038,0.039281245753289847,9501509.0,457884704.0
2015-08-21,0.03857755101170819,0.03912207670459876,0.036231901873102705,0.036231901873102705,9839105.0,440621792.0
2015-08-24,0.03443077842738777,0.034682097977952644,0.03261290034496851,0.03261290034496851,14126664.0,555424320.0
2015-08-25,0.02941276473444245,0.03233644883934715,0.02935412350597731,0.0293792554610338,20024844.0,721025216.0
2015-08-26,0.02982325333369841,0.03182543241986524,0.028382354577126467,0.02965570696665516,12661752.0,458022080.0
2015-08-27,0.03032589243482816,0.03133117063708765,0.02982325333369841,0.03127252940862252,10140013.0,372372288.0
2015-08-28,0.03199297878690849,0.03376059295921477,0.03141494382060928,0.033216067266324215,11111937.0,431672064.0
2015-08-31,0.03267154157343365,0.03282233330377258,0.031498717004130906,0.03281395598542042,8422189.0,324356896.0
2015-09-01,0.03240346738616445,0.03257101375320771,0.029990799700741658,0.03151547164083523,10688651.0,398654208.0
2015-09-02,0.03016672338613707,0.03185894169327389,0.0298483852887549,0.03159086750600469,11543041.0,426762272.0
2015-09-07,0.0318338097382174,0.032922861123998524,0.03091230471947953,0.031247397453566028,6014425.0,230904528.0
2015-09-08,0.03151547164083523,0.03281395598542042,0.030493438801871407,0.03281395598542042,4858731.0,183466112.0
2015-09-09,0.033207689947972054,0.03365168782063666,0.03231969420264283,0.033450632180184764,8047179.0,318904960.0
2015-09-10,0.03282233330377258,0.03338361363336746,0.03256263643485554,0.03282233330377258,5167636.0,203330176.0
2015-09-11,0.032922861123998524,0.03314904871950691,0.0318338097382174,0.032478863251333916,5844908.0,226960416.0
2015-09-14,0.032638032300025,0.0329061064872942,0.02942114205279461,0.030351024389884643,7500940.0,276985600.0
2015-09-15,0.029404387416090288,0.030149968749432748,0.02860854217263485,0.02932061423256866,5986273.0,210194928.0
2015-09-16,0.029454651326203257,0.0318338097382174,0.02906929468200379,0.03133117063708765,6607438.0,239362688.0
2015-09-17,0.030996077903001157,0.031498717004130906,0.030074572884263285,0.030074572884263285,6708687.0,246265008.0
2015-09-18,0.03016672338613707,0.030476684165167085,0.029404387416090288,0.02983163065205057,4674324.0,166528768.0
2015-09-21,0.029731102831824625,0.030979323266296828,0.0289101256333127,0.030828531535957906,5743855.0,208022752.0
2015-09-22,0.030996077903001157,0.03128928404532685,0.030552080030336545,0.03094581399288818,5605520.0,206871136.0
2015-09-23,0.03059396662209736,0.030744758352436286,0.03009132752096761,0.0301164594760241,3633032.0,131785856.0
2015-09-24,0.03032589243482816,0.030811776899253584,0.03015834606778491,0.03034264707153248,4082946.0,148483440.0
2015-09-25,0.03015834606778491,0.030485061483519246,0.02906929468200379,0.02982325333369841,4300594.0,152576224.0
2015-09-28,0.029530047191372723,0.030149968749432748,0.02907767200035595,0.03012483679437626,2697294.0,95503480.0
2015-09-29,0.029714348195120296,0.029739480150176786,0.028968766861777837,0.02933736886927299,3845276.0,134526832.0
2015-09-30,0.029303859595864335,0.029521669873020562,0.029220086412342715,0.02941276473444245,2151358.0,75371896.0
2015-10-08,0.030744758352436286,0.031146869633340082,0.0301834780228414,0.03091230471947953,7680690.0,281927072.0
2015-10-09,0.03121388818015738,0.03191758292173903,0.030996077903001157,0.03160762214270901,8681037.0,327301728.0
2015-10-12,0.03205162001537363,0.03323282190302854,0.031666263371174154,0.03276369207530744,11293268.0,439194528.0
2015-10-13,0.03233644883934715,0.03333334972325449,0.03225267565582553,0.03254588179815122,6997171.0,273409184.0
2015-10-14,0.0325039952063904,0.032638032300025,0.031934337558443354,0.032202411745712554,5818151.0,223861600.0
2015-10-15,0.03191758292173903,0.03359304659217153,0.03189245096668254,0.03333334972325449,8389872.0,330897792.0
2015-10-16,0.0332411992213807,0.03407055373824479,0.03282233330377258,0.033877875416145044,9637106.0,384316896.0
2015-10-19,0.033978403236371,0.03401191250977965,0.03307365285433745,0.033257953858085026,8896559.0,355931264.0
2015-10-20,0.033257953858085026,0.034472665019148585,0.03296474771575934,0.034439155745739934,8082458.0,324359424.0
2015-10-21,0.034690475296304805,0.03484126702664374,0.032436976659573104,0.03246210861462959,9492064.0,381161024.0
2015-10-22,0.0327720693936596,0.03355116000041071,0.03208512928878228,0.0335092734086499,7698775.0,303745952.0
2015-10-23,0.0335092734086499,0.0348496443449959,0.0335092734086499,0.0342464774236402,10426150.0,426112480.0
2015-10-26,0.0345145516109094,0.03464021138619183,0.033257953858085026,0.03368519709404531,10096676.0,406613440.0
2015-10-27,0.03358466927381937,0.03430511865210534,0.03327470849478935,0.03405379910154046,8529258.0,343901632.0
2015-10-28,0.034179458876822895,0.03533552880942132,0.03382761150603208,0.0340454217831883,10284649.0,424298816.0
2015-10-29,0.03439726915397912,0.03450617429255723,0.033911384689553695,0.034221345468583714,5752104.0,234652640.0
2015-10-30,0.03437213719892263,0.034472665019148585,0.03346738681688909,0.03409568569330128,6539245.0,265187344.0
2015-11-02,0.03380247955097559,0.033953271281314513,0.03267154157343365,0.03275531475695528,5642994.0,224652960.0
2015-11-03,0.03280557866706825,0.03305689821763313,0.03215214783559958,0.0323699581127558,6332349.0,245223328.0
2015-11-04,0.03257939107155987,0.03383598882438424,0.0325039952063904,0.033718706367453964,7409863.0,293623328.0
2015-11-05,0.033718706367453964,0.03449779697420507,0.03351765072700206,0.03413757228506208,8563471.0,348087040.0
2015-11-06,0.03418783619517506,0.035184737079082394,0.03407055373824479,0.03480775775323508,9244348.0,384410624.0
2015-11-09,0.03504232266709563,0.03655023997048488,0.0348496443449959,0.036181637962989725,12066648.0,515374144.0
2015-11-10,0.035712508135268634,0.03660888119895002,0.03565386690680349,0.03587167718395972,8619457.0,371739296.0
2015-11-11,0.03608111014276378,0.0368350687944584,0.03585492254725539,0.036441334831906765,8550470.0,369984448.0
2015-11-12,0.03702774711655814,0.03706963370831895,0.035645489588451325,0.036248656509807034,8640497.0,373393024.0
2015-11-13,0.035988959640889995,0.0360308462326508,0.03510096389556077,0.035218246352491045,6347347.0,268739904.0
2015-11-16,0.03456481552102237,0.03556171640492971,0.03452292892926156,0.03551982981316889,5934875.0,249379392.0
2015-11-17,0.03577952668208593,0.0361648833262854,0.03500881339368698,0.03510096389556077,6923393.0,295423936.0
2015-11-18,0.03535228344612565,0.03538579271953429,0.034447533064092095,0.0345145516109094,4657421.0,194118064.0
2015-11-19,0.03453130624761372,0.03532715149106916,0.03453130624761372,0.035226623670843206,4046127.0,168448272.0
2015-11-20,0.035226623670843206,0.03541930199294294,0.03476587116147427,0.035167982442378065,4237857.0,177563504.0
2015-11-23,0.03513447316896942,0.03619001528134189,0.0347826257981786,0.03619001528134189,9453516.0,402671456.0
2015-11-24,0.03619001528134189,0.03631567505662433,0.035184737079082394,0.03585492254725539,6539828.0,278582048.0
2015-11-25,0.03577952668208593,0.03609786477946811,0.03561198031504268,0.035938695730777015,6238807.0,267420304.0
2015-11-26,0.03634080701168082,0.03634080701168082,0.03534390612777348,0.03534390612777348,5279426.0,226009504.0
2015-11-27,0.03530201953601267,0.035477943221408084,0.03233644883934715,0.032713428165194465,8071471.0,326604288.0
2015-11-30,0.03260452302661635,0.03327470849478935,0.03242859934122094,0.0331071621277461,6871763.0,269811200.0
2015-12-01,0.033257953858085026,0.03430511865210534,0.03278044671201177,0.03376059295921477,4834628.0,194140624.0
2015-12-02,0.03367681977569315,0.0342464774236402,0.03309040749104178,0.033936516644610185,4962709.0,200516576.0
2015-12-03,0.033970025918018835,0.034221345468583714,0.03329984044984584,0.0341124403300056,7747937.0,311846208.0
2015-12-04,0.033911384689553695,0.034414023790683444,0.033718706367453964,0.034120817648357754,5029069.0,204327872.0
2015-12-07,0.03401191250977965,0.03459832479443102,0.03365168782063666,0.034229722786935875,3425854.0,139939968.0
2015-12-08,0.03406217641989262,0.03406217641989262,0.033400368270071784,0.03340874558842395,3419592.0,137282208.0
2015-12-09,0.03346738681688909,0.03374383832251045,0.03309878480939394,0.03323282190302854,2124109.0,84621688.0
2015-12-10,0.033224444584676376,0.033961648599666674,0.03301501162587231,0.0335092734086499,3612830.0,145297792.0
2015-12-11,0.03334172704160665,0.03380247955097559,0.033157426037859074,0.03324957653973286,2170751.0,86639048.0
2015-12-14,0.03314067140115475,0.03401191250977965,0.03300663430752015,0.033877875416145044,3428782.0,136722704.0
2015-12-15,0.03412919496670992,0.034439155745739934,0.033693574412397474,0.034238100105288036,4679144.0,190822912.0
2015-12-16,0.03427160937869668,0.03445591038244426,0.033903007371201534,0.03391976200790586,3297887.0,134334512.0
2015-12-17,0.03409568569330128,0.03458994747607886,0.03405379910154046,0.03440564647233128,6169776.0,252896656.0
2015-12-18,0.0345145516109094,0.03533552880942132,0.03439726915397912,0.03488315361840454,8488932.0,352866848.0
2015-12-21,0.034891530936756704,0.036927219296332185,0.0348496443449959,0.03610624209782027,13424488.0,579365312.0
2015-12-22,0.03611461941617243,0.03639107092179379,0.035712508135268634,0.035988959640889995,6896592.0,295399872.0
2015-12-23,0.03602246891429864,0.037279066667123016,0.0358968091390162,0.036173260644637564,8851526.0,386739104.0
2015-12-24,0.036173260644637564,0.03702774711655814,0.03560360299669052,0.03680993683940191,8848809.0,386399552.0
2015-12-25,0.03677642756599327,0.03711152030007976,0.03628216578321568,0.03660050388059785,5965557.0,260806624.0
2015-12-28,0.036734540974232455,0.03783196967836573,0.03586329986560756,0.03592194109407269,9175991.0,405212256.0
2015-12-29,0.035955450367481344,0.037438235715814096,0.035955450367481344,0.03737959448734896,8975088.0,394736000.0
2015-12-30,0.03737959448734896,0.03886237983568172,0.037279066667123016,0.037781705768252766,11062558.0,504033952.0
2015-12-31,0.037697932584731135,0.038024648000465476,0.036717786337528126,0.03686020074951489,7666547.0,340122816.0
2016-01-04,0.036692654382471636,0.037186916165249224,0.033693574412397474,0.03383598882438424,5143600.0,218776736.0
2016-01-05,0.03430511865210534,0.034925040210165355,0.032721805483546626,0.033693574412397474,12054949.0,488176608.0
2016-01-06,0.03376059295921477,0.03450617429255723,0.033257953858085026,0.03430511865210534,7584329.0,306300992.0
2016-01-07,0.0335092734086499,0.03367681977569315,0.031004455221353318,0.03141494382060928,1845000.0,71712408.0
2016-01-08,0.03182543241986524,0.03287259721388555,0.03066098516891466,0.03227780761088202,9853463.0,377775360.0
2016-01-11,0.0318338097382174,0.03289772916894204,0.030300760479771673,0.030300760479771673,7268434.0,275060480.0
2016-01-12,0.03015834606778491,0.03145683041237009,0.029781366741937595,0.03130603868203117,6145509.0,227826144.0
2016-01-13,0.03141494382060928,0.03192596024009119,0.030828531535957906,0.03096256862959251,3857744.0,144766752.0
2016-01-14,0.03009132752096761,0.03195946951349984,0.029806498696994085,0.0318338097382174,4589698.0,170349072.0
2016-01-15,0.031666263371174154,0.03195946951349984,0.030242119251306536,0.030493438801871407,4230331.0,156861264.0
2016-01-18,0.029990799700741658,0.03180030046480876,0.02983163065205057,0.031473585049074417,4763384.0,176357680.0
2016-01-19,0.03133954795543981,0.03367681977569315,0.03130603868203117,0.03359304659217153,11400340.0,448534912.0
2016-01-20,0.033216067266324215,0.035930318412424854,0.033216067266324215,0.03443077842738777,14152397.0,585898048.0
2016-01-21,0.03374383832251045,0.03773981917649195,0.03360980122887585,0.03558684835998619,16966750.0,728307840.0
2016-01-22,0.035938695730777015,0.036432957513554604,0.03405379910154046,0.035402547356238614,8515982.0,357721824.0
2016-01-25,0.035687376180212144,0.03759740476450519,0.035184737079082394,0.036474844105315415,11650284.0,508173536.0
2016-01-26,0.035695753498564305,0.03632405237497649,0.03340874558842395,0.03352602804535423,10025529.0,414953440.0
2016-01-27,0.033911384689553695,0.035980582322537834,0.03300663430752015,0.03592194109407269,13380734.0,543611648.0
2016-01-28,0.03493341752851752,0.037279066667123016,0.03493341752851752,0.03613137405287676,16620253.0,723627072.0
2016-01-29,0.03528526489930834,0.037279066667123016,0.03401191250977965,0.0366340131540065,11357079.0,487968192.0
2016-02-01,0.03638269360344163,0.03934826430010714,0.0360308462326508,0.037731441858139786,14026775.0,639036864.0
2016-02-02,0.03773981917649195,0.038694833468638466,0.036960728569740836,0.03836811805290413,9547758.0,433577184.0
2016-02-03,0.037748196494844115,0.03902154888437281,0.03686857806786705,0.03773981917649195,9421664.0,428192352.0
2016-02-04,0.037731441858139786,0.03882887056227307,0.03726231203041869,0.03753876353604005,8236325.0,372209024.0
2016-02-05,0.03792412018023952,0.03792412018023952,0.036692654382471636,0.036734540974232455,5912161.0,261441008.0
2016-02-15,0.035930318412424854,0.037463367670870586,0.03562035763339485,0.03686020074951489,4967274.0,216824128.0
2016-02-16,0.03704450175326246,0.03868645615028631,0.0370361244349103,0.03848540050983441,8876581.0,402530208.0
2016-02-17,0.038451891236425756,0.03868645615028631,0.03736283985064464,0.03815868509410007,9497443.0,429796192.0
2016-02-18,0.03830109950608684,0.04104885992559613,0.03803302531881764,0.03942366016527661,17878096.0,844280448.0
2016-02-19,0.039038303521077136,0.03976713021771527,0.038770229333807936,0.03912207670459876,9160154.0,429727616.0
2016-02-22,0.03952418798550256,0.04018599613532339,0.038954530337555505,0.03912207670459876,9030667.0,425925792.0
2016-02-23,0.03913045402295092,0.03915558597800741,0.03736283985064464,0.03803302531881764,9262242.0,420537216.0
2016-02-24,0.03788223358847871,0.03842675928136927,0.037245557393714365,0.038284344869382515,7271845.0,328036160.0
2016-02-25,0.03811679850233926,0.038200571685860885,0.03449779697420507,0.03459832479443102,11103751.0,480518944.0
2016-02-26,0.03510096389556077,0.03611461941617243,0.034899908255108865,0.03537741540118213,8879780.0,375558368.0
2016-02-29,0.03476587116147427,0.03493341752851752,0.032638032300025,0.0338443661427364,8519968.0,341468672.0
2016-03-01,0.03352602804535423,0.03515122780567374,0.03300663430752015,0.034673720659600483,7648988.0,310226432.0
2016-03-02,0.034916662891813194,0.036684277064119475,0.03443077842738777,0.03600571427759432,7648369.0,327895296.0
2016-03-03,0.03607273282441162,0.037002615161501655,0.035754394727029445,0.03619001528134189,7032149.0,306061632.0
2016-03-04,0.03603922355100297,0.036407825558498114,0.03449779697420507,0.034891530936756704,5012527.0,211786048.0
2016-03-07,0.03501719071203914,0.03605597818770729,0.03418783619517506,0.03430511865210534,5972719.0,250335312.0
2016-03-08,0.03433862792551399,0.034656966022896155,0.032989879670815826,0.034656966022896155,6044703.0,243010064.0
2016-03-09,0.0335092734086499,0.03582141327384674,0.033425500225128274,0.035184737079082394,7660923.0,321980992.0
2016-03-10,0.03505907730379996,0.035436056629647265,0.03386112077944072,0.03426323206034452,5032353.0,206113760.0
2016-03-11,0.03401191250977965,0.03501719071203914,0.03359304659217153,0.034740739206417785,3866924.0,159981072.0
2016-03-14,0.03510934121391293,0.036231901873102705,0.03501719071203914,0.03553658444987322,5325439.0,226853616.0
2016-03-15,0.035394170037886453,0.03586329986560756,0.03502556803039131,0.035452811266351594,3011234.0,127387144.0
2016-03-16,0.035746017408677284,0.0358968091390162,0.03466534334124832,0.03510096389556077,2674527.0,112582752.0
2016-03-17,0.03508420925885645,0.03619001528134189,0.03504232266709563,0.03602246891429864,5411046.0,230949504.0
2016-03-18,0.03627378846486352,0.037279066667123016,0.03602246891429864,0.036499976060371905,11107700.0,486361056.0
2016-03-21,0.03686857806786705,0.03740472644240545,0.03588843182066404,0.036441334831906765,21979060.0,954940096.0
2016-03-22,0.03610624209782027,0.03681831415775408,0.035687376180212144,0.03660888119895002,12045196.0,520933472.0
2016-03-23,0.0365669946071892,0.036918841977980024,0.03556171640492971,0.03604760086935513,8972586.0,387854560.0
2016-03-24,0.03560360299669052,0.03629892041992,0.03535228344612565,0.035461188584703755,6617075.0,283332032.0
2016-03-25,0.035402547356238614,0.03606435550605945,0.035402547356238614,0.035687376180212144,3879159.0,165270864.0
2016-03-28,0.03584654522890323,0.03702774711655814,0.03580465863714242,0.03614812868958108,12501731.0,544447552.0
2016-03-29,0.03614812868958108,0.036927219296332185,0.035712508135268634,0.03684344611281056,9630481.0,419310560.0
2016-03-30,0.03709476566337544,0.037949252135296006,0.03652510801542839,0.03785710163342222,13521475.0,601594304.0
2016-03-31,0.03786547895177439,0.037932497498591684,0.03704450175326246,0.037186916165249224,8192684.0,365112000.0
2016-04-01,0.0371031429817276,0.03736283985064464,0.036441334831906765,0.036701031700823804,5141816.0,225558320.0
2016-04-05,0.036734540974232455,0.037706309903083296,0.03664239047235867,0.03759740476450519,6724692.0,299588256.0
2016-04-06,0.03741310376075761,0.037966006772000335,0.037245557393714365,0.037940874816943845,6031724.0,271049184.0
2016-04-07,0.037982761408704664,0.03808328922893061,0.036927219296332185,0.03693559661468435,5513488.0,246269504.0
2016-04-08,0.036742918292584616,0.03677642756599327,0.03619001528134189,0.036491598742019744,4311124.0,187898160.0
2016-04-11,0.03689371002292354,0.037454990352518425,0.03619001528134189,0.03631567505662433,20050180.0,876293184.0
2016-04-12,0.03652510801542839,0.03675129561093678,0.03634080701168082,0.036483221423667576,7409395.0,323312992.0
2016-04-13,0.03660050388059785,0.037195293483601385,0.03639107092179379,0.036701031700823804,10149818.0,446892256.0
2016-04-14,0.036742918292584616,0.03761415940120951,0.03661725851730218,0.0375722728094487,8286685.0,367151392.0
2016-04-15,0.03753876353604005,0.03762253671956167,0.03699423784314949,0.0373712171689968,6118045.0,272558432.0
2016-04-18,0.03717853884689706,0.03717853884689706,0.03628216578321568,0.03629892041992,6742219.0,293888704.0
2016-04-19,0.036483221423667576,0.037010992479853816,0.03600571427759432,0.036768050247641106,7653950.0,332914688.0
2016-04-20,0.03678480488434543,0.03756389549109654,0.035184737079082394,0.03633242969332865,13307380.0,583149248.0
2016-04-21,0.03613137405287676,0.03706125638996679,0.03603922355100297,0.036231901873102705,4812912.0,210530960.0
2016-04-22,0.03585492254725539,0.03675129561093678,0.035687376180212144,0.036726163655880294,2606136.0,112664336.0
2016-04-25,0.03677642756599327,0.03811679850233926,0.036742918292584616,0.03753876353604005,10408448.0,464538688.0
2016-04-26,0.037488499625927076,0.037991138727056825,0.03737959448734896,0.037748196494844115,5031724.0,226599568.0
2016-04-27,0.037781705768252766,0.038962907655907666,0.037781705768252766,0.03841838196301711,8111775.0,373285536.0
2016-04-28,0.038946153019203344,0.038954530337555505,0.037731441858139786,0.03841000464466495,7438739.0,340432672.0
2016-04-29,0.03860268296676468,0.03949905603044607,0.03846026855477792,0.039197472569768216,10122465.0,470594016.0
2016-05-03,0.038962907655907666,0.042137911311377244,0.03889588910909037,0.04186983712410805,16371132.0,801972864.0
2016-05-04,0.04173580003047345,0.042221684494898874,0.040797540375031256,0.04087293624020071,8945538.0,443578784.0
2016-05-05,0.040722144509861787,0.041710668075416964,0.04070538987315747,0.04113263310911775,6004991.0,294942016.0
2016-05-06,0.04104885992559613,0.04155149902672588,0.03916396329635957,0.03937339625516363,9214384.0,441776928.0
2016-05-09,0.03928962307164201,0.040504334232705566,0.038267590232678186,0.039448792120333094,10090607.0,476113056.0
2016-05-10,0.039448792120333094,0.041275047521104516,0.038954530337555505,0.04085618160349639,9237275.0,446553152.0
2016-05-11,0.04095670942372234,0.04336937710914514,0.0407640311016226,0.0423054576784205,12279160.0,621907648.0
2016-05-12,0.04172742271212129,0.0430426616934108,0.04104885992559613,0.04211277935632076,8714228.0,435855680.0
2016-05-13,0.04188659176081237,0.04247300404546375,0.04054622082446638,0.04071376719150963,10320203.0,508415840.0
2016-05-16,0.04030327859225367,0.04134206606792182,0.04030327859225367,0.04134206606792182,6581035.0,322163584.0
2016-05-17,0.04134206606792182,0.04244787209040726,0.040529466187762056,0.04153474439002155,8387490.0,414539264.0
2016-05-18,0.041208028974287214,0.041208028974287214,0.03979226217277176,0.04021112809037988,8147586.0,390655424.0
2016-05-19,0.039968185858167166,0.0407640311016226,0.039968185858167166,0.04004358172333663,4060232.0,195612800.0
2016-05-20,0.03979226217277176,0.04088131355855287,0.039482301393741745,0.04083942696679207,4763791.0,229698912.0
2016-05-23,0.04113263310911775,0.0423054576784205,0.04104885992559613,0.041928478352573184,6894660.0,342619456.0
2016-05-24,0.04186983712410805,0.04314318951363674,0.04155149902672588,0.04212115667467292,8668465.0,437516896.0
2016-05-25,0.041970364944334,0.04331911319903216,0.04164364952859966,0.04188659176081237,7981299.0,405140032.0
2016-05-26,0.04173580003047345,0.04309292560352377,0.04043731568588827,0.042967265828241334,6733792.0,334065984.0
2016-05-27,0.04255677722898537,0.04364582861476649,0.0423054576784205,0.04251489063722456,5808298.0,297088672.0
2016-05-30,0.041987119581038325,0.041987119581038325,0.04011060027015393,0.04034516518401448,13355181.0,649036032.0
2016-05-31,0.04033678786566232,0.04167715880200831,0.04021950540873204,0.04158500830013453,12897525.0,631027776.0
2016-06-01,0.04188659176081237,0.04280809677955025,0.04174417734882561,0.042431117453702934,9104624.0,459435360.0
2016-06-02,0.04247300404546375,0.0425735318656897,0.04138395265968262,0.041786063940586426,9117912.0,454167392.0
2016-06-03,0.04165202684695182,0.04212115667467292,0.04094833210537018,0.04182795053234724,8450037.0,418868800.0
2016-06-06,0.041978742262686164,0.04264055041250699,0.0416352722102475,0.04228032572336401,9389414.0,473060064.0
2016-06-07,0.19921885346218596,0.19921885346218596,0.19425111990398566,0.1960980977653678,9602562.0,295245664.0
2016-06-08,0.19616178665713963,0.1962254755489114,0.18960183080464435,0.19055716418122134,11404898.0,343962592.0
2016-06-13,0.18839174186098018,0.1922130753672881,0.18507991948884664,0.18629000843251084,11326526.0,335633344.0
2016-06-14,0.18565311951479285,0.18915600856224177,0.18565311951479285,0.1872453418090878,5225468.0,153559456.0
2016-06-15,0.1871179640255442,0.19316840874386507,0.18539836394770565,0.1914488086660265,10523428.0,315116896.0
2016-06-16,0.19106667531539573,0.19265889760969068,0.1872453418090878,0.188773875211611,10504969.0,312158112.0
2016-06-17,0.18858280853629558,0.19348685320272407,0.1871179640255442,0.19055716418122134,10637324.0,319991328.0
2016-06-20,0.18979289747995975,0.19055716418122134,0.18578049729833646,0.18699058624200063,10694139.0,314298496.0
2016-06-21,0.1878822307268058,0.18960183080464435,0.18406089722049787,0.18558943062302105,10965863.0,321949632.0
2016-06-22,0.18450671946290045,0.18845543075275198,0.18450671946290045,0.1876911640514904,8043499.0,236209536.0
2016-06-23,0.1878822307268058,0.19195831980020092,0.18673583067491342,0.19030240861413414,9938766.0,295606624.0
2016-06-24,0.19030240861413414,0.1923404531508317,0.18571680840656465,0.19100298642362393,10293066.0,307151296.0
2016-06-27,0.19030240861413414,0.19431480879575747,0.18902863077869816,0.19425111990398566,10086490.0,305392096.0
2016-06-28,0.19393267544512666,0.20278543140140667,0.1927225865014625,0.20030156462230653,18992112.0,593786880.0
2016-06-29,0.2008747646482527,0.20686152047480175,0.2006200090811655,0.2008110757564809,16978366.0,541359232.0
2016-06-30,0.20125689799888352,0.20450503147924523,0.19921885346218596,0.19998312016344752,9397483.0,298038432.0
2016-07-01,0.2007473868647091,0.2049508537216478,0.19998312016344752,0.20208485359191689,8788829.0,279586528.0
2016-07-04,0.2017027202412861,0.2099822761716199,0.20125689799888352,0.20788054274315054,12544853.0,409191040.0
2016-07-05,0.20781685385137877,0.2108102317646533,0.20380445366975544,0.2049508537216478,12112470.0,391946432.0
2016-07-06,0.20380445366975544,0.2088995650114993,0.2011932091071117,0.20845374276909673,12932213.0,416447392.0
2016-07-07,0.20698889825834538,0.2107465428728815,0.2060335648817684,0.20711627604188898,11063194.0,361371648.0
2016-07-08,0.20609725377354018,0.2075620982842916,0.20386814256152722,0.20418658702038625,6931273.0,223394400.0
2016-07-11,0.20348600921089643,0.20533298707227862,0.20125689799888352,0.2014479646741989,11417777.0,364112928.0
2016-07-12,0.2014479646741989,0.20788054274315054,0.19858196454446797,0.20749840939251976,13817510.0,441930784.0
2016-07-13,0.20947276503744552,0.2099822761716199,0.2047597870463324,0.2056514315311376,9996660.0,325160000.0
2016-07-14,0.2054603648558222,0.2143131208121022,0.20399552034507085,0.21246614295072005,19883756.0,658636160.0
2016-07-15,0.21221138738363285,0.214376809703874,0.2107465428728815,0.21291196519312264,8299192.0,276538080.0
2016-07-18,0.21208400960008925,0.22138258779877185,0.21093760954819687,0.21552320975576642,14260445.0,484999616.0
2016-07-19,0.21838920988549732,0.21838920988549732,0.21049178730579426,0.21291196519312264,9862483.0,330830688.0
2016-07-20,0.21291196519312264,0.21635116534879975,0.2114471206823713,0.21272089851780723,6641324.0,222801824.0
2016-07-21,0.2114471206823713,0.21584165421462537,0.21087392065642507,0.21373992078615603,6834492.0,229231216.0
2016-07-22,0.22870681035252866,0.23507569952970853,0.22163734336585902,0.22577712133102598,31797644.0,1137859840.0
2016-07-25,0.22545867687216695,0.24125352203157302,0.22373907679432842,0.23564889955565474,24018476.0,885647232.0
2016-07-26,0.23424774393667516,0.24233623319169356,0.23125436602340063,0.2413808998151166,17423552.0,647223232.0
2016-07-27,0.24125352203157302,0.24628494448154511,0.2329739661012392,0.23755956630880867,25954662.0,974987200.0
2016-07-28,0.23755956630880867,0.2535454781435301,0.23564889955565474,0.24902356682773244,29298726.0,1137531648.0
2016-07-29,0.24711290007457845,0.2494057001783632,0.24329156656827058,0.2446290332954783,13944420.0,538145664.0
2016-08-01,0.24265467765055257,0.24265467765055257,0.2331650327765546,0.23386561058604435,15094697.0,560001408.0
2016-08-02,0.23558521066388294,0.23966129973727807,0.2324644549670648,0.23775063298412408,12460091.0,461727072.0
2016-08-03,0.23755956630880867,0.2523353891998659,0.23488463285439315,0.2490872557195042,23583632.0,909759360.0
2016-08-04,0.2463486333733169,0.2506157891220274,0.2425909887587808,0.2450111666461091,14922200.0,576496640.0
2016-08-05,0.24348263324358593,0.2509342335808864,0.24348263324358593,0.24660338894040407,13406078.0,520790368.0
2016-08-08,0.24443796662016296,0.25157112249860436,0.23953392195373444,0.24851405569355806,17562612.0,682420736.0
2016-08-09,0.24851405569355806,0.25545614489668406,0.2459028111309143,0.2527812114422685,17188692.0,680098240.0
2016-08-10,0.2502973446631684,0.260869700697287,0.2488961890441888,0.25774894500046885,20197626.0,815275072.0
2016-08-11,0.25666623384034826,0.2597233006453946,0.2465397000486323,0.24679445561571947,16643897.0,659136320.0
2016-08-12,0.2459028111309143,0.24838667791001445,0.23997974419613702,0.24329156656827058,20061092.0,765158912.0
2016-08-15,0.24201778873283458,0.24622125558977326,0.2407440108973986,0.24488378886256554,19401274.0,742162880.0
2016-08-16,0.24443796662016296,0.2474313445334375,0.2424636109752372,0.24297312210941155,13882105.0,532060160.0
2016-08-17,0.24297312210941155,0.25048841133848376,0.24208147762460638,0.2467307667239477,17928206.0,694699840.0
2016-08-18,0.2450111666461091,0.2450111666461091,0.23755956630880867,0.23940654417019086,22442640.0,846351168.0
2016-08-19,0.2407440108973986,0.24310049989295518,0.2385148996853857,0.23902441081956005,11376919.0,429304160.0
2016-08-22,0.24042556643853963,0.24749503342520926,0.23800538855121126,0.24628494448154511,20354844.0,781503872.0
2016-08-23,0.2457117444555989,0.2502973446631684,0.24411952216130392,0.24717658896635028,14103696.0,548553856.0
2016-08-24,0.24615756669800148,0.24832298901824265,0.2407440108973986,0.24144458870688837,11048061.0,423457440.0
2016-08-25,0.24010712197968065,0.24010712197968065,0.2364131662569163,0.23870596636070104,7679111.0,287088224.0
2016-08-26,0.23947023306196266,0.2455206777802835,0.23838752190184206,0.240935077572714,9472500.0,360138208.0
2016-08-29,0.2455206777802835,0.25462818930365066,0.2455206777802835,0.2515074336068326,21756068.0,856526592.0
2016-08-30,0.24902356682773244,0.2547555670871943,0.2488961890441888,0.2509342335808864,10927817.0,430474880.0
2016-08-31,0.2508068557973428,0.2527812114422685,0.24902356682773244,0.2502973446631684,9333989.0,366977920.0
2016-09-01,0.2509342335808864,0.2522080114163224,0.24781347788406824,0.250106277987853,8950344.0,351894592.0
2016-09-02,0.24921463350304784,0.2498515224207658,0.23819645522652666,0.23883334414424465,24443420.0,925858944.0
2016-09-05,0.23978867752082164,0.2416993442739756,0.23755956630880867,0.23953392195373444,7944809.0,298575360.0
2016-09-06,0.23953392195373444,0.24125352203157302,0.23787801076766768,0.2404892553303114,6191068.0,232972896.0
2016-09-07,0.24010712197968065,0.24290943321763978,0.23730481074172147,0.23819645522652666,11264512.0,423411840.0
2016-09-08,0.23819645522652666,0.23819645522652666,0.23564889955565474,0.2371137440664061,8337078.0,309610720.0
2016-09-09,0.23787801076766768,0.24004343308790882,0.23698636628286252,0.23768694409235228,6959725.0,260130528.0
2016-09-12,0.2326555216423802,0.23539414398856753,0.22673245470760295,0.2271145880582337,16823004.0,609243520.0
2016-09-13,0.22928001037847487,0.23106329934808523,0.2280062325430389,0.22953476594556207,7055782.0,254090112.0
2016-09-14,0.22864312146075688,0.23023534375505184,0.22437596571204635,0.22577712133102598,7530668.0,268079696.0
2016-09-19,0.22577712133102598,0.23170018826580324,0.22577712133102598,0.23099961045631345,6311190.0,227127856.0
2016-09-20,0.23099961045631345,0.23488463285439315,0.2294073881620185,0.2329102772094674,5557733.0,203151568.0
2016-09-21,0.2313817438069442,0.23405667726135976,0.2311906771316288,0.2316364993740314,4513975.0,164870608.0
2016-09-22,0.2322733882917494,0.23768694409235228,0.2322733882917494,0.23450249950376237,9180218.0,339167264.0
2016-09-23,0.23437512172021874,0.2374321885252651,0.2332924105600982,0.2332924105600982,5573809.0,206239968.0
2016-09-26,0.23214601050820582,0.23437512172021874,0.2281972992183543,0.22934369927024667,6168103.0,222925232.0
2016-09-27,0.22934369927024667,0.22978952151264925,0.22545867687216695,0.22947107705379027,4400693.0,157254608.0
2016-09-28,0.22966214372910568,0.23093592156454162,0.22768778808417992,0.23093592156454162,3398889.0,122229088.0
2016-09-29,0.23074485488922622,0.2369226773910907,0.23042641043036724,0.2357125884474265,8099101.0,299158304.0
2016-09-30,0.23450249950376237,0.240298188654996,0.23450249950376237,0.23934285527841903,8576816.0,321295840.0
2016-10-10,0.24125352203157302,0.2413172109233448,0.23819645522652666,0.2406803220056268,9260881.0,348919328.0
2016-10-11,0.24010712197968065,0.24201778873283458,0.23800538855121126,0.24112614424802942,6245077.0,235301120.0
2016-10-12,0.24163565538220377,0.24450165551193473,0.24055294422208323,0.2413808998151166,6115773.0,232845248.0
2016-10-13,0.24163565538220377,0.24322787767649875,0.23768694409235228,0.23787801076766768,5437320.0,204218560.0
2016-10-14,0.23685898849931888,0.23997974419613702,0.2366042329322317,0.23927916638664726,3749156.0,140212128.0
2016-10-17,0.23915178860310363,0.24010712197968065,0.23373823280250078,0.23373823280250078,6502483.0,241355520.0
2016-10-18,0.23176387715757502,0.23545783288033934,0.23176387715757502,0.23501201063793672,5671629.0,208557104.0
2016-10-19,0.23482094396262132,0.23513938842148036,0.23074485488922622,0.2318912549411186,7945039.0,289829248.0
2016-10-20,0.23201863272466222,0.23361085501895718,0.22991689929619286,0.2311906771316288,6780234.0,246840704.0
2016-10-21,0.2311906771316288,0.23201863272466222,0.2285157436772133,0.23029903264682364,6900889.0,248824064.0
2016-10-24,0.22991689929619286,0.23794169965943948,0.22966214372910568,0.23794169965943948,11846022.0,437834080.0
2016-10-25,0.2374321885252651,0.23838752190184206,0.23533045509679576,0.2365405440404599,5351997.0,198683376.0
2016-10-26,0.23666792182400348,0.23921547749487546,0.23437512172021874,0.2370500551746343,5700842.0,212209680.0
2016-10-27,0.23564889955565474,0.23628578847337273,0.23055378821391087,0.23170018826580324,8112740.0,295912000.0
2016-10-28,0.23125436602340063,0.23303765499301102,0.23023534375505184,0.23023534375505184,4369927.0,158615232.0
2016-10-31,0.22991689929619286,0.23150912159048784,0.2288341881360723,0.23106329934808523,4842300.0,175064272.0
2016-11-01,0.23106329934808523,0.23475725507084955,0.22953476594556207,0.23405667726135976,5767421.0,210618624.0
2016-11-02,0.23437512172021874,0.23539414398856753,0.2311906771316288,0.232082321616434,5452098.0,199561200.0
2016-11-03,0.23087223267276985,0.2329102772094674,0.23049009932213904,0.23125436602340063,3512898.0,127751768.0
2016-11-04,0.23125436602340063,0.23335609945187,0.22998058818796466,0.23055378821391087,3810059.0,138471328.0
2016-11-07,0.23061747710568264,0.23099961045631345,0.22482178795444896,0.22526761019685154,10043661.0,357887776.0
2016-11-08,0.22673245470760295,0.22966214372910568,0.22609556578988493,0.2292163214867031,6781364.0,243785760.0
2016-11-09,0.22864312146075688,0.22991689929619286,0.22685983249114652,0.22877049924430048,3769033.0,135440384.0
2016-11-10,0.22991689929619286,0.2325918327506084,0.22991689929619286,0.232400766075293,5150235.0,187340112.0
2016-11-11,0.2322733882917494,0.23303765499301102,0.22806992143481072,0.22915263259493127,4996407.0,180149152.0
2016-11-14,0.22908894370315946,0.22908894370315946,0.22609556578988493,0.22698721027469013,6774259.0,241799904.0
2016-11-15,0.2270508991664619,0.2285157436772133,0.22577712133102598,0.22826098811012613,4201428.0,150123424.0
2016-11-16,0.22826098811012613,0.22991689929619286,0.22673245470760295,0.2274967214088645,5014353.0,179671344.0
2016-11-17,0.22756041030063628,0.2279425436512671,0.22545867687216695,0.22647769914051574,4086424.0,145325824.0
2016-11-18,0.22558605465571058,0.2273056547335491,0.22526761019685154,0.22577712133102598,4305237.0,152781216.0
2016-11-21,0.22577712133102598,0.22698721027469013,0.2242485879285028,0.22533129908862337,4925148.0,174380256.0
2016-11-22,0.22539498798039517,0.22571343243925412,0.22284743230952322,0.2239938323614156,8558284.0,301237280.0
2016-11-23,0.2239938323614156,0.22526761019685154,0.22291112120129503,0.22514023241330797,7387900.0,260015872.0
2016-11-24,0.22482178795444896,0.2248854768462208,0.22252898785066422,0.22342063233546938,6269952.0,219871344.0
2016-11-25,0.223548010119013,0.224184899036731,0.2194082321538461,0.2227837434177514,6118772.0,212225072.0
2016-11-28,0.2236753879025566,0.22864312146075688,0.22284743230952322,0.22756041030063628,11263828.0,400542816.0
2016-11-29,0.22736934362532094,0.23106329934808523,0.2264140102487439,0.2289615659196159,10346478.0,373346656.0
2016-11-30,0.22928001037847487,0.22978952151264925,0.22615925468165674,0.22673245470760295,4130460.0,147333696.0
2016-12-01,0.2285157436772133,0.2285157436772133,0.22501285462976436,0.22609556578988493,4444777.0,157663104.0
2016-12-02,0.22520392130507977,0.22603187689811316,0.22195578782471803,0.22221054339180524,4481108.0,157094016.0
2016-12-05,0.22100045444814106,0.22590449911456953,0.22036356553042308,0.22322956566015398,3543982.0,124621752.0
2016-12-06,0.22322956566015398,0.22590449911456953,0.22303849898483863,0.22514023241330797,2568625.0,90615432.0
2016-12-07,0.22514023241330797,0.22756041030063628,0.22393014346964377,0.22673245470760295,3441102.0,122260800.0
2016-12-08,0.22768778808417992,0.23004427707973643,0.2264140102487439,0.22787885475949532,5934295.0,212918640.0
2016-12-09,0.22787885475949532,0.22998058818796466,0.22545867687216695,0.22564974354748235,4860352.0,174163488.0
2016-12-12,0.22564974354748235,0.22577712133102598,0.2157779653228536,0.2181981432101819,8302867.0,285223488.0
2016-12-13,0.2166696098076588,0.2192171654785307,0.21622378756525618,0.2184528987772691,4427296.0,151477872.0
2016-12-14,0.21781600985955116,0.21934454326207428,0.2166696098076588,0.21775232096777933,2993305.0,102481224.0
2016-12-15,0.21692436537474596,0.21896240991144353,0.2157779653228536,0.21673329869943056,3075480.0,104858824.0
2016-12-16,0.21654223202411516,0.2232932545519258,0.21596903199816894,0.22291112120129503,4807472.0,166939552.0
2016-12-19,0.22291112120129503,0.2283246770018979,0.22170103225763085,0.22679614359937472,6154253.0,218895216.0
2016-12-20,0.22666876581583115,0.22692352138291835,0.22303849898483863,0.22685983249114652,3711303.0,131023880.0
2016-12-21,0.2273056547335491,0.2281336103265825,0.22520392130507977,0.22654138803228754,3105180.0,110323960.0
2016-12-22,0.22673245470760295,0.2277514769759517,0.2242485879285028,0.2272419658417773,3556238.0,126258248.0
2016-12-23,0.2272419658417773,0.2272419658417773,0.2236116990107848,0.2236753879025566,2131443.0,75216344.0
2016-12-26,0.2236753879025566,0.22864312146075688,0.22265636563420782,0.22768778808417992,4710148.0,167753984.0
2016-12-27,0.22679614359937472,0.22991689929619286,0.22482178795444896,0.22577712133102598,4927256.0,175853072.0
2016-12-28,0.22520392130507977,0.22622294357342856,0.22450334349558998,0.22475809906267716,2129124.0,75273032.0
2016-12-29,0.223548010119013,0.22514023241330797,0.22240161006712064,0.22291112120129503,2874625.0,100666440.0
2016-12-30,0.22252898785066422,0.22857943256898508,0.22252898785066422,0.22768778808417992,7103597.0,252773184.0
2017-01-03,0.22768778808417992,0.2290252548113877,0.22552236576393875,0.2280062325430389,5425985.0,193466656.0
2017-01-04,0.2279425436512671,0.23055378821391087,0.22603187689811316,0.2281972992183543,5807212.0,208311408.0
2017-01-05,0.2274330325170927,0.2315728104822596,0.2271145880582337,0.22928001037847487,6218995.0,224210128.0
2017-01-06,0.22915263259493127,0.23055378821391087,0.22609556578988493,0.2276240991924081,5599054.0,200626704.0
2017-01-09,0.22666876581583115,0.2279425436512671,0.22450334349558998,0.22545867687216695,4400105.0,156173696.0
2017-01-10,0.22545867687216695,0.22609556578988493,0.22475809906267716,0.22603187689811316,2755412.0,97552096.0
2017-01-11,0.22539498798039517,0.22590449911456953,0.22291112120129503,0.22291112120129503,3016437.0,105976624.0
2017-01-12,0.2229748100930668,0.22393014346964377,0.22042725442219488,0.22068200998928206,2936476.0,102247648.0
2017-01-13,0.22131889890700004,0.22201947671648983,0.21641485424057155,0.21654223202411516,3978501.0,136502848.0
2017-01-16,0.21609640978171257,0.21743387650892035,0.20985489838807633,0.21227507627540465,5849166.0,196006528.0
2017-01-17,0.21202032070831744,0.2155868986475382,0.21157449846591486,0.21354885411084062,3752762.0,125813840.0
2017-01-18,0.2136762318943842,0.215332143080451,0.21291196519312264,0.2129756540848944,3661682.0,123200552.0
2017-01-19,0.21138343179059946,0.2138672985696996,0.21131974289882768,0.21208400960008925,2962533.0,98736488.0
2017-01-20,0.21208400960008925,0.2151410764051356,0.21208400960008925,0.21444049859564582,2597116.0,87292832.0
2017-01-23,0.2145041874874176,0.21635116534879975,0.21418574302855864,0.2149500097298202,3628211.0,122607432.0
2017-01-24,0.2149500097298202,0.21552320975576642,0.21240245405894825,0.21380360967792783,2539273.0,85251864.0
2017-01-25,0.2143131208121022,0.21571427643108176,0.21342147632729702,0.21571427643108176,3456363.0,116590048.0
2017-01-26,0.21590534310639717,0.21947192104561788,0.2155868986475382,0.21896240991144353,4611927.0,157853840.0
2017-02-03,0.2186439654525845,0.2199177432880205,0.21724280983360494,0.2190260988032153,2446590.0,84004872.0
2017-02-06,0.2184528987772691,0.2239938323614156,0.21787969875132293,0.22291112120129503,5742023.0,200249760.0
2017-02-07,0.22291112120129503,0.22322956566015398,0.22087307666459746,0.22131889890700004,3512323.0,122446336.0
2017-02-08,0.22272005452597962,0.22373907679432842,0.22138258779877185,0.22240161006712064,2866757.0,100118424.0
2017-02-09,0.22240161006712064,0.22437596571204635,0.22170103225763085,0.2232932545519258,5794150.0,202970480.0
2017-02-10,0.224184899036731,0.224184899036731,0.21959929882916146,0.22093676555636924,4958971.0,172015712.0
2017-02-13,0.22150996558231545,0.2271145880582337,0.2202998766386513,0.22596818800634133,7387091.0,260120448.0
2017-02-14,0.22571343243925412,0.22584081022279776,0.2229748100930668,0.223866454577872,4660369.0,163867136.0
2017-02-15,0.2240575212531874,0.22966214372910568,0.223866454577872,0.22558605465571058,10503117.0,375268480.0
2017-02-16,0.22615925468165674,0.22915263259493127,0.22514023241330797,0.22685983249114652,6162755.0,219675424.0
2017-02-17,0.22603187689811316,0.22756041030063628,0.222274232283577,0.2233569434436976,4293996.0,151098944.0
2017-02-20,0.22310218787661043,0.22596818800634133,0.22310218787661043,0.22571343243925412,3747145.0,132078104.0
2017-02-21,0.22660507692405932,0.22673245470760295,0.224184899036731,0.22628663246520034,4367945.0,154470432.0
2017-02-22,0.22628663246520034,0.22864312146075688,0.2242485879285028,0.22463072127913358,5944229.0,210831392.0
2017-02-23,0.22463072127913358,0.22966214372910568,0.22201947671648983,0.22806992143481072,12923805.0,460239616.0
2017-02-24,0.22915263259493127,0.2374321885252651,0.22908894370315946,0.23201863272466222,16570312.0,608016192.0
2017-02-27,0.23106329934808523,0.23647685514868813,0.23023534375505184,0.23431143282844696,14589670.0,537715136.0
2017-02-28,0.23386561058604435,0.23539414398856753,0.2311906771316288,0.23361085501895718,5038134.0,183969856.0
2017-03-01,0.23252814385883658,0.23469356617907777,0.2318912549411186,0.2326555216423802,3832867.0,140232176.0
2017-03-02,0.2326555216423802,0.2364131662569163,0.2313817438069442,0.23533045509679576,7740010.0,284981792.0
2017-03-03,0.23456618839553414,0.2372411218499497,0.23399298836958798,0.23590365512274192,5993848.0,222089296.0
2017-03-06,0.23590365512274192,0.23628578847337273,0.23450249950376237,0.23583996623097014,4609461.0,170365312.0
2017-03-07,0.23564889955565474,0.23564889955565474,0.23220969939997763,0.23367454391072895,5914708.0,217203472.0
2017-03-08,0.2332924105600982,0.2332924105600982,0.23055378821391087,0.23214601050820582,4323097.0,157336848.0
2017-03-09,0.23182756604934682,0.23182756604934682,0.22915263259493127,0.22998058818796466,3760567.0,135910960.0
2017-03-10,0.22934369927024667,0.2316364993740314,0.22857943256898508,0.22870681035252866,5553689.0,200419376.0
2017-03-13,0.2292163214867031,0.23494832174616495,0.2288341881360723,0.23201863272466222,7547561.0,275408608.0
2017-03-14,0.2329739661012392,0.23303765499301102,0.22908894370315946,0.23150912159048784,5134567.0,185759632.0
2017-03-15,0.23170018826580324,0.23170018826580324,0.2281336103265825,0.22928001037847487,5339924.0,192267728.0
2017-03-16,0.2294073881620185,0.2311906771316288,0.22877049924430048,0.23068116599745445,3372644.0,121714408.0
2017-03-17,0.23023534375505184,0.23068116599745445,0.2270508991664619,0.2272419658417773,4096657.0,147331984.0
2017-03-20,0.2264140102487439,0.2329739661012392,0.22577712133102598,0.2326555216423802,7456473.0,269200160.0
2017-03-21,0.2324644549670648,0.23603103290628555,0.23150912159048784,0.23501201063793672,9648169.0,354887584.0
2017-03-22,0.2341840550449034,0.23628578847337273,0.23182756604934682,0.23488463285439315,7751664.0,284988832.0
2017-03-23,0.23628578847337273,0.240298188654996,0.23545783288033934,0.23590365512274192,12815012.0,478451232.0
2017-03-24,0.2366042329322317,0.24023449976322422,0.2366042329322317,0.23755956630880867,8786804.0,328674400.0
2017-03-27,0.23717743295817792,0.23717743295817792,0.23087223267276985,0.23106329934808523,8372325.0,306172576.0
2017-03-28,0.23061747710568264,0.23335609945187,0.22991689929619286,0.23061747710568264,3567357.0,129519112.0
2017-03-29,0.23150912159048784,0.2326555216423802,0.2289615659196159,0.23131805491517243,3530569.0,128122904.0
2017-03-30,0.23049009932213904,0.2324644549670648,0.22838836589366968,0.22857943256898508,4365782.0,157384576.0
2017-03-31,0.2281972992183543,0.22985321040442108,0.2270508991664619,0.2280062325430389,4875619.0,174647968.0
2017-04-05,0.2279425436512671,0.2324644549670648,0.22717827695000553,0.23093592156454162,6596953.0,238640816.0
2017-04-06,0.23055378821391087,0.232400766075293,0.2285157436772133,0.22966214372910568,6166542.0,222978432.0
2017-04-07,0.23099961045631345,0.23099961045631345,0.2264140102487439,0.22692352138291835,8773775.0,313287840.0
2017-04-10,0.2276240991924081,0.22953476594556207,0.22666876581583115,0.2279425436512671,6234475.0,223143968.0
2017-04-11,0.2281336103265825,0.22838836589366968,0.22252898785066422,0.22698721027469013,7618813.0,269404768.0
2017-04-12,0.22596818800634133,0.22870681035252866,0.22526761019685154,0.22685983249114652,3220954.0,115056840.0
2017-04-13,0.22685983249114652,0.2277514769759517,0.22584081022279776,0.22647769914051574,2571364.0,91545816.0
2017-04-14,0.2276240991924081,0.2276240991924081,0.22342063233546938,0.22450334349558998,3199603.0,112815064.0
2017-04-17,0.22456703238736175,0.22545867687216695,0.22291112120129503,0.22545867687216695,5047070.0,177545584.0
2017-04-18,0.22545867687216695,0.22915263259493127,0.223548010119013,0.22864312146075688,5641257.0,201451152.0
2017-04-19,0.2274330325170927,0.2289615659196159,0.224184899036731,0.22806992143481072,3892309.0,138926112.0
2017-04-20,0.2274330325170927,0.23494832174616495,0.2274330325170927,0.23220969939997763,12327932.0,448833728.0
2017-04-21,0.23278289942592378,0.23520307731325213,0.23087223267276985,0.23150912159048784,7001387.0,255722928.0
2017-04-24,0.2311906771316288,0.2311906771316288,0.22654138803228754,0.22915263259493127,5705014.0,204744992.0
2017-04-25,0.22787885475949532,0.23061747710568264,0.2276240991924081,0.22915263259493127,4288379.0,154155680.0
2017-04-26,0.22928001037847487,0.23392929947781615,0.22845205478544148,0.22991689929619286,7181277.0,260642288.0
2017-04-27,0.2313817438069442,0.2332924105600982,0.22928001037847487,0.22985321040442108,10173168.0,369300384.0
2017-04-28,0.22934369927024667,0.23373823280250078,0.22934369927024667,0.2331650327765546,8756104.0,319336416.0
2017-05-02,0.23252814385883658,0.23405667726135976,0.23029903264682364,0.2313817438069442,6073985.0,220602464.0
2017-05-03,0.23150912159048784,0.23303765499301102,0.22845205478544148,0.22953476594556207,5291358.0,191792512.0
2017-05-04,0.22928001037847487,0.23074485488922622,0.22736934362532094,0.2276240991924081,4961313.0,178306592.0
2017-05-05,0.22736934362532094,0.2285157436772133,0.22501285462976436,0.22768778808417992,4666975.0,166163712.0
2017-05-08,0.22768778808417992,0.2285157436772133,0.2240575212531874,0.22437596571204635,4050655.0,143575504.0
2017-05-09,0.223866454577872,0.22533129908862337,0.21775232096777933,0.22291112120129503,6515223.0,226452528.0
2017-05-10,0.22291112120129503,0.22291112120129503,0.2188350321278999,0.22042725442219488,8568392.0,297204544.0
2017-05-11,0.21934454326207428,0.21934454326207428,0.2147589430545048,0.21660592091588696,7355430.0,249994528.0
2017-05-12,0.21686067648297414,0.21807076542663834,0.2151410764051356,0.2157779653228536,3637373.0,123480064.0
2017-05-15,0.21641485424057155,0.21959929882916146,0.2149500097298202,0.2190897876949871,4615442.0,158009808.0
2017-05-16,0.2181981432101819,0.22450334349558998,0.21628747645702798,0.2240575212531874,5847757.0,202367248.0
2017-05-17,0.22342063233546938,0.22475809906267716,0.22163734336585902,0.22201947671648983,3641346.0,127546912.0
2017-05-18,0.22055463220573848,0.22322956566015398,0.22055463220573848,0.22189209893294626,2315140.0,80693344.0
2017-05-19,0.22246529895889242,0.22322956566015398,0.21915347658675888,0.2223379211753488,3191435.0,110770280.0
2017-05-22,0.22150996558231545,0.22393014346964377,0.22112783223168464,0.22176472114940265,3718802.0,129914184.0
2017-05-23,0.22176472114940265,0.22393014346964377,0.22055463220573848,0.22246529895889242,5278165.0,184515312.0
2017-05-24,0.22163734336585902,0.22342063233546938,0.21768863207600753,0.2220831656082616,3462706.0,119950208.0
2017-05-25,0.22214685450003344,0.22545867687216695,0.22170103225763085,0.22482178795444896,3992748.0,140376720.0
2017-05-26,0.22482178795444896,0.22787885475949532,0.22431227682027458,0.22533129908862337,3846619.0,136664768.0
2017-05-31,0.22806992143481072,0.2292163214867031,0.22514023241330797,0.22545867687216695,3309936.0,117706768.0
2017-06-01,0.22609556578988493,0.2277514769759517,0.22514023241330797,0.22609556578988493,4157232.0,148045984.0
2017-06-02,0.22590449911456953,0.22806992143481072,0.22080938777282566,0.2274967214088645,4992341.0,176245744.0
2017-06-05,0.2280062325430389,0.22959845483733385,0.22494916573799256,0.22609556578988493,3806577.0,135855120.0
2017-06-06,0.22660507692405932,0.2274330325170927,0.22545867687216695,0.22647769914051574,1864088.0,66216140.0
2017-06-07,0.2270508991664619,0.23093592156454162,0.22660507692405932,0.23093592156454162,5352697.0,192626144.0
2017-06-08,0.23004427707973643,0.2366042329322317,0.22991689929619286,0.23380192169427258,11368648.0,416926432.0
2017-06-09,0.23386561058604435,0.23539414398856753,0.2311906771316288,0.23412036615313156,6856636.0,251363568.0
2017-06-12,0.23412036615313156,0.23876965525247287,0.23106329934808523,0.23170018826580324,12550965.0,463832544.0
2017-06-13,0.25960725232499515,0.26246951530542506,0.25681654591907593,0.26103838381521005,9136284.0,330515104.0
2017-06-14,0.2604659312191241,0.26060904436814564,0.255957867024947,0.2563156498975007,5321454.0,191477248.0
2017-06-15,0.25552852757788247,0.25817612083478014,0.25481296183277496,0.25552852757788247,4751370.0,170015632.0
2017-06-16,0.25581475387592545,0.25667343277005444,0.25338183034256,0.25459829210924273,5380815.0,191795136.0
2017-06-19,0.2554569710033717,0.25753211166418344,0.25466984868375353,0.25724588536614046,5811922.0,208185536.0
2017-06-20,0.25746055508967264,0.25860546028184467,0.2554569710033717,0.25574319730141476,3652600.0,131027808.0
2017-06-21,0.2561725367484792,0.2583192339838017,0.25402583951315677,0.25767522481320493,6003085.0,214446592.0
2017-06-22,0.2576036682386942,0.26096682724069936,0.2561725367484792,0.25638720647201146,13407563.0,485039616.0
2017-06-23,0.2561725367484792,0.2579614511112479,0.25259470802294176,0.2558863104504362,6851952.0,243984496.0
2017-06-26,0.2568881024935867,0.26654824005253774,0.2554569710033717,0.2660473440309625,23652690.0,866037568.0
2017-06-27,0.266190457179984,0.2679793715427527,0.26246951530542506,0.26411531651917225,13047800.0,482991040.0
2017-06-28,0.2640437599446615,0.26790781496824195,0.2626126284544466,0.263328194199554,14341418.0,531614112.0
2017-06-29,0.26275574160346804,0.264759325689769,0.2589632431543984,0.26232640215640357,18062496.0,658643456.0
2017-06-30,0.26110994038972085,0.26211173243287134,0.2591063563034199,0.2611814969642316,12769896.0,464398848.0
2017-07-03,0.2614677232622746,0.2628272981779788,0.2573174419406512,0.2594641391759736,16307923.0,591021696.0
2017-07-04,0.25889168657988765,0.2589632431543984,0.2510920199582161,0.2523084817248988,26251876.0,932238208.0
2017-07-05,0.23763938395019538,0.23828339312079208,0.22704901092260463,0.22704901092260463,63297120.0,2033427200.0
2017-07-06,0.22411519136766395,0.22633344517749712,0.21703109049109984,0.22232627700489524,47057920.0,1460931712.0
2017-07-07,0.2205373626421265,0.22325651247353495,0.21982179689701903,0.22168226783429848,15923473.0,492397888.0
2017-07-10,0.22103825866370175,0.22232627700489524,0.21975024032250828,0.22075203236565877,12037059.0,371957280.0
2017-07-11,0.22003646662055126,0.22146759811076625,0.21653019446952462,0.2169595339165891,15380139.0,469949600.0
2017-07-12,0.21645863789501385,0.21796132595973958,0.21173590397730446,0.2141688275106699,16117613.0,482159776.0
2017-07-13,0.21381104463811615,0.21559995900088486,0.21345326176556242,0.2145981669577344,9839638.0,295299040.0
2017-07-14,0.2145981669577344,0.21517061955382039,0.21187901712632595,0.21366793148909466,7518260.0,224049248.0
2017-07-17,0.21187901712632595,0.21280925259496566,0.19685213647906882,0.2008593046516707,22037930.0,625076480.0
2017-07-18,0.2010024178006922,0.20293444531248242,0.19842638111830527,0.20071619150264922,10501945.0,294056352.0
2017-07-19,0.20035840863009546,0.20214732299286417,0.1981401548202623,0.20150331382226744,13031912.0,364320608.0
2017-07-20,0.20114553094971369,0.20486647282427262,0.199929069183031,0.20329222818503614,10863780.0,308393184.0
2017-07-21,0.2030775584615039,0.20436557680269737,0.20193265326933194,0.20286288873797167,5671268.0,161027008.0
2017-07-24,0.20293444531248242,0.20343534133405766,0.1997859560340095,0.20064463492813847,8146172.0,228786944.0
2017-07-25,0.20071619150264922,0.20565359514389084,0.20071619150264922,0.2032206716105254,11239102.0,320693056.0
2017-07-26,0.20336378475954692,0.20357845448307915,0.20007218233205248,0.20107397437520297,7419667.0,208771760.0
2017-07-27,0.20042996520460624,0.2036500110575899,0.19899883371439125,0.2036500110575899,8879789.0,250415696.0
2017-07-28,0.20372156763210064,0.20536736884584786,0.20286288873797167,0.20286288873797167,7357346.0,209841056.0
2017-07-31,0.20286288873797167,0.2037931242066114,0.20035840863009546,0.20357845448307915,7222589.0,203950352.0
2017-08-01,0.20214732299286417,0.2035068979085684,0.20164642697128893,0.20250510586541792,4765940.0,134730224.0
2017-08-02,0.20286288873797167,0.20393623735563288,0.20107397437520297,0.2012886440987352,5745794.0,162335920.0
2017-08-03,0.2010024178006922,0.20329222818503614,0.20035840863009546,0.20214732299286417,8186503.0,230875520.0
2017-08-04,0.20207576641835343,0.20393623735563288,0.2008593046516707,0.20229043614188566,7602641.0,214854288.0
2017-08-07,0.20450868995171886,0.21087722508317547,0.20393623735563288,0.21023321591257874,20304776.0,591757632.0
2017-08-08,0.21037632906160023,0.21037632906160023,0.20651227403801983,0.20751406608117032,10905172.0,316835360.0
2017-08-09,0.2085158581243208,0.21073411193415398,0.2076571792301918,0.20915986729491753,10054542.0,294374592.0
2017-08-10,0.20930298044393902,0.20980387646551427,0.2054389254203586,0.2064407174635091,7850099.0,227483520.0
2017-08-11,0.20579670829291236,0.20815807525176705,0.20429402022818663,0.2050095859732941,6674269.0,192586432.0
2017-08-14,0.20608293459095534,0.20687005691057359,0.20436557680269737,0.20658383061253058,6488696.0,186547488.0
2017-08-15,0.20608293459095534,0.20737095293214883,0.20436557680269737,0.2052958122713371,6179752.0,177457392.0
2017-08-16,0.20472335967525113,0.20715628320861657,0.20465180310074038,0.20665538718704132,5227669.0,150664560.0
2017-08-17,0.20687005691057359,0.2086589712733423,0.20687005691057359,0.2082296318262778,6606935.0,191876192.0
2017-08-18,0.20751406608117032,0.20801496210274556,0.20622604773997685,0.20701317005959508,4806630.0,138987184.0
2017-08-21,0.2050095859732941,0.2052958122713371,0.20071619150264922,0.20164642697128893,18038566.0,508855744.0
2017-08-22,0.20121708752422446,0.2015748703967782,0.20007218233205248,0.20071619150264922,7406417.0,207573344.0
2017-08-23,0.20071619150264922,0.2017179835457997,0.20035840863009546,0.20136020067324595,5027753.0,141322240.0
2017-08-24,0.2014317572477567,0.20150331382226744,0.20007218233205248,0.20021529548107397,3923908.0,109993048.0
2017-08-25,0.20035840863009546,0.2010024178006922,0.1997859560340095,0.20050152177911695,6039884.0,169132704.0
2017-08-28,0.20035840863009546,0.20207576641835343,0.20028685205558472,0.20200420984384268,7373595.0,207656400.0
2017-08-29,0.20236199271639643,0.20236199271639643,0.20014373890656323,0.20028685205558472,8312554.0,233369648.0
2017-08-30,0.20007218233205248,0.20221887956737494,0.199929069183031,0.2015748703967782,7249119.0,203651664.0
2017-08-31,0.2010024178006922,0.20221887956737494,0.20035840863009546,0.2018610966948212,5532027.0,155698160.0
2017-09-01,0.2018610966948212,0.20207576641835343,0.20035840863009546,0.20121708752422446,6057705.0,170252896.0
2017-09-04,0.20107397437520297,0.2017179835457997,0.20042996520460624,0.20121708752422446,5190140.0,145902864.0
2017-09-05,0.2014317572477567,0.20336378475954692,0.20064463492813847,0.20286288873797167,9280345.0,262496448.0
2017-09-06,0.20221887956737494,0.20243354929090718,0.2014317572477567,0.20207576641835343,5432819.0,153243024.0
2017-09-07,0.20221887956737494,0.2027913321634609,0.20121708752422446,0.20121708752422446,5440603.0,153606352.0
2017-09-08,0.20114553094971369,0.2037931242066114,0.20093086122618145,0.20200420984384268,10717742.0,303069216.0
2017-09-11,0.20286288873797167,0.20343534133405766,0.20136020067324595,0.20178954012031045,8462011.0,238677760.0
2017-09-12,0.20178954012031045,0.20236199271639643,0.19792548509673002,0.1983548245437945,17820458.0,496646624.0
2017-09-13,0.199929069183031,0.2008593046516707,0.19878416399085902,0.20021529548107397,9310575.0,259997744.0
2017-09-14,0.20028685205558472,0.20071619150264922,0.19899883371439125,0.1997859560340095,6487025.0,180992080.0
2017-09-15,0.2000006257575417,0.2000006257575417,0.19742458907515478,0.1983548245437945,8123735.0,225050000.0
2017-09-18,0.1983548245437945,0.198497937692816,0.19606501415945055,0.1971383627771118,12382916.0,341179328.0
2017-09-19,0.1971383627771118,0.19806859824575151,0.19678057990455805,0.19692369305357954,5698805.0,157167584.0
2017-09-20,0.19692369305357954,0.19763925879868705,0.19585034443591834,0.19756770222417627,6704146.0,184377312.0
2017-09-21,0.19749614564966556,0.19864105084183753,0.1967090233300473,0.1967090233300473,6087629.0,168092432.0
2017-09-22,0.1967090233300473,0.19749614564966556,0.19585034443591834,0.19606501415945055,5265490.0,144645824.0
2017-09-25,0.19620812730847206,0.199642842884988,0.19585034443591834,0.19871260741634825,10937186.0,302582144.0
2017-09-26,0.19864105084183753,0.19864105084183753,0.1962796838829828,0.1967090233300473,5305621.0,145921808.0
2017-09-27,0.19685213647906882,0.1979970416712408,0.19606501415945055,0.1962796838829828,6101420.0,167493600.0
2017-09-28,0.1962796838829828,0.19735303250064404,0.19527789183983232,0.1953494484143431,5929855.0,162519520.0
2017-09-29,0.19563567471238608,0.19606501415945055,0.1944907695202141,0.19470543924374636,6423892.0,175024800.0
2017-10-09,0.1955641181378753,0.1994997297359665,0.1955641181378753,0.198211711394773,11071278.0,305785216.0
2017-10-10,0.19792548509673002,0.2050095859732941,0.19749614564966556,0.20465180310074038,23440270.0,664089664.0
2017-10-11,0.20472335967525113,0.20801496210274556,0.20343534133405766,0.20386468078112213,18824240.0,540821504.0
2017-10-12,0.2040793505046544,0.2055820385693801,0.20257666243992867,0.20393623735563288,8533725.0,243255088.0
2017-10-13,0.20393623735563288,0.20486647282427262,0.20214732299286417,0.2036500110575899,7052240.0,200413520.0
2017-10-16,0.20465180310074038,0.2050095859732941,0.20007218233205248,0.20093086122618145,8159773.0,230473152.0
2017-10-17,0.20114553094971369,0.20243354929090718,0.19935661658694498,0.199929069183031,6575349.0,183934832.0
2017-10-18,0.2010024178006922,0.20579670829291236,0.19957128631047724,0.2057251517184016,13322953.0,378323392.0
2017-10-19,0.20479491624976187,0.2078002923792133,0.20415090707916514,0.20522425569682637,14021168.0,404383232.0
2017-10-20,0.20286288873797167,0.20687005691057359,0.20107397437520297,0.2052958122713371,10795992.0,307488096.0
2017-10-23,0.2054389254203586,0.20951765016747126,0.20536736884584786,0.20951765016747126,15918550.0,463334976.0
2017-10-24,0.2100185461890465,0.2130954788930087,0.2082296318262778,0.21216524342436893,19444312.0,573671040.0
2017-10-25,0.21066255535964323,0.2130954788930087,0.20980387646551427,0.2105909987851325,10143758.0,299340864.0
2017-10-26,0.21037632906160023,0.21173590397730446,0.20830118840078854,0.20915986729491753,10514179.0,308476864.0
2017-10-27,0.20858741469883152,0.21009010276355725,0.20787184895372404,0.20915986729491753,7072593.0,206466976.0
2017-10-30,0.20901675414589604,0.20901675414589604,0.20271977558895016,0.2030775584615039,9745708.0,278525600.0
2017-10-31,0.2030775584615039,0.20515269912231562,0.2014317572477567,0.20515269912231562,5641299.0,160208816.0
2017-11-01,0.20515269912231562,0.20515269912231562,0.20236199271639643,0.20236199271639643,4363315.0,124209240.0
2017-11-02,0.2018610966948212,0.20450868995171886,0.19985751260852022,0.20422246365367588,6372237.0,179394096.0
2017-11-03,0.2036500110575899,0.2064407174635091,0.20193265326933194,0.20214732299286417,5390827.0,153739952.0
2017-11-06,0.20236199271639643,0.20658383061253058,0.19985751260852022,0.2057251517184016,7943730.0,225301184.0
2017-11-07,0.2054389254203586,0.209589206741982,0.20436557680269737,0.20951765016747126,11466754.0,333736128.0
2017-11-08,0.21037632906160023,0.21159279082828297,0.2067985003360628,0.20715628320861657,9629692.0,281334816.0
2017-11-09,0.20744250950665954,0.20966076331649278,0.20715628320861657,0.20787184895372404,5723965.0,166623968.0
2017-11-10,0.20830118840078854,0.2116643474027937,0.20751406608117032,0.20966076331649278,10312543.0,302786176.0
2017-11-13,0.20894519757138527,0.21452661038322365,0.20830118840078854,0.21424038408518067,15050840.0,446060352.0
2017-11-14,0.21531373270284188,0.22168226783429848,0.2145981669577344,0.21896311800289006,28975628.0,888076800.0
2017-11-15,0.2190346745774008,0.2190346745774008,0.21552840242637414,0.21853377855582556,11306237.0,343815392.0
2017-11-16,0.21753198651267508,0.21896311800289006,0.21495594983028812,0.2168164207675676,8149471.0,246446272.0
2017-11-17,0.2181759956832718,0.2181759956832718,0.21102033823219696,0.21159279082828297,12797079.0,381879840.0
2017-11-20,0.21180746055181524,0.21366793148909466,0.20472335967525113,0.21338170519105168,8921798.0,262396624.0
2017-11-21,0.21245146972241197,0.21559995900088486,0.20980387646551427,0.21316703546751942,8516277.0,253710864.0
2017-11-22,0.2129523657439872,0.21853377855582556,0.2123799131479012,0.2181759956832718,13665565.0,413481664.0
2017-11-23,0.21796132595973958,0.2196071271734868,0.20966076331649278,0.2100185461890465,11334928.0,340604000.0
2017-11-24,0.20880208442236378,0.21288080916947644,0.20672694376155207,0.21259458287143346,8842787.0,259149664.0
2017-11-27,0.21252302629692268,0.21631552474599236,0.210447885636111,0.21359637491458394,6456203.0,192383056.0
2017-11-28,0.21202213027534744,0.21524217612833113,0.21094878165768624,0.21474128010675592,6433234.0,192340464.0
2017-11-29,0.21552840242637414,0.2158861852989279,0.2076571792301918,0.21023321591257874,6772630.0,200016480.0
2017-11-30,0.20908831072040676,0.21144967767926148,0.20629760431448757,0.20715628320861657,6231501.0,181554848.0
2017-12-01,0.20608293459095534,0.2086589712733423,0.20536736884584786,0.20608293459095534,5351348.0,154374320.0
2017-12-04,0.2058682648674231,0.2058682648674231,0.20035840863009546,0.20064463492813847,7154421.0,202396496.0
2017-12-05,0.20071619150264922,0.20429402022818663,0.1989272771398805,0.2032206716105254,8089654.0,228280640.0
2017-12-06,0.20271977558895016,0.20658383061253058,0.20178954012031045,0.20536736884584786,4691653.0,133455136.0
2017-12-07,0.20393623735563288,0.20729939635763805,0.2032206716105254,0.20458024652622964,3128131.0,89749408.0
2017-12-08,0.20493802939878336,0.20608293459095534,0.2037931242066114,0.20458024652622964,2829194.0,80964376.0
2017-12-11,0.20336378475954692,0.20551048199486935,0.20200420984384268,0.20465180310074038,5224683.0,148577648.0
2017-12-12,0.2040793505046544,0.20465180310074038,0.20150331382226744,0.20164642697128893,4488978.0,126954024.0
2017-12-13,0.20107397437520297,0.20271977558895016,0.20035840863009546,0.20236199271639643,2628171.0,74066656.0
2017-12-14,0.20393623735563288,0.20465180310074038,0.20042996520460624,0.20093086122618145,4110018.0,115877312.0
2017-12-15,0.20028685205558472,0.20164642697128893,0.1997859560340095,0.1997859560340095,3122611.0,87525448.0
2017-12-18,0.20057307835362773,0.2015748703967782,0.19971439945949873,0.20007218233205248,2260569.0,63341652.0
2017-12-19,0.2000006257575417,0.20107397437520297,0.19928506001243426,0.199929069183031,3694930.0,103371976.0
2017-12-20,0.2000006257575417,0.20050152177911695,0.1944907695202141,0.19456232609472487,7542220.0,207512064.0
2017-12-21,0.19413298664766035,0.19484855239276785,0.18969647902799397,0.19119916709271967,8408171.0,225530688.0
2017-12-22,0.1937752037751066,0.1964227970320043,0.19320275117902064,0.19527789183983232,6656420.0,181548912.0
2017-12-25,0.19570723128689685,0.19606501415945055,0.19327430775353138,0.19406143007314963,3856735.0,104841872.0
2017-12-26,0.1953494484143431,0.19570723128689685,0.1936320906260851,0.1946338826692356,3030636.0,82368680.0
2017-12-27,0.1952063352653216,0.19585034443591834,0.19348897747706362,0.19384676034961737,3974643.0,107986392.0
2017-12-28,0.19334586432804213,0.19413298664766035,0.18912402643190798,0.19041204477310145,8782582.0,234626064.0
2017-12-29,0.1907698276456552,0.19241562885940242,0.1903404881985907,0.19234407228489164,5149374.0,137795136.0
2018-01-02,0.19234407228489164,0.2018610966948212,0.19234407228489164,0.20107397437520297,11544536.0,320779296.0
2018-01-03,0.20107397437520297,0.2078002923792133,0.20107397437520297,0.2067985003360628,16076537.0,463337920.0
2018-01-04,0.20694161348508433,0.2076571792301918,0.2040793505046544,0.20744250950665954,9312635.0,268027536.0
2018-01-05,0.2067985003360628,0.2067985003360628,0.20372156763210064,0.20465180310074038,4808358.0,137513056.0
2018-01-08,0.2050095859732941,0.20665538718704132,0.20178954012031045,0.20372156763210064,5234436.0,148822320.0
2018-01-09,0.20386468078112213,0.2058682648674231,0.2032206716105254,0.20508114254780485,4221741.0,120693952.0
2018-01-10,0.20508114254780485,0.20651227403801983,0.20336378475954692,0.2060113780164446,6488324.0,185808624.0
2018-01-11,0.2054389254203586,0.20622604773997685,0.2037931242066114,0.2040793505046544,4969791.0,142177568.0
2018-01-12,0.20465180310074038,0.20479491624976187,0.2000006257575417,0.20035840863009546,5763329.0,162394272.0
2018-01-15,0.20114553094971369,0.20450868995171886,0.19749614564966556,0.1979970416712408,6915890.0,194652400.0
2018-01-16,0.19871260741634825,0.19871260741634825,0.1954925615633646,0.19592190101042906,5230679.0,143784704.0
2018-01-17,0.19599345758493983,0.1979970416712408,0.19391831692412811,0.19756770222417627,4359242.0,119370504.0
2018-01-18,0.19742458907515478,0.19749614564966556,0.19499166554178934,0.19620812730847206,5050721.0,138391584.0
2018-01-19,0.19678057990455805,0.1979970416712408,0.19470543924374636,0.19635124045749358,3849317.0,105659984.0
2018-01-22,0.19649435360651507,0.19735303250064404,0.1946338826692356,0.1954925615633646,6325020.0,172664464.0
2018-01-23,0.19678057990455805,0.19678057990455805,0.1944907695202141,0.1953494484143431,5783727.0,157817056.0
2018-01-24,0.1953494484143431,0.19577878786140757,0.19305963802999915,0.19492010896727857,10182948.0,275693760.0
2018-01-25,0.1944907695202141,0.1962796838829828,0.19370364720059588,0.1946338826692356,4331661.0,118171144.0
2018-01-26,0.19499166554178934,0.19792548509673002,0.1944907695202141,0.19663746675553656,5128837.0,140857184.0
2018-01-29,0.19935661658694498,0.2017179835457997,0.19678057990455805,0.19785392852221928,10318728.0,287697120.0
2018-01-30,0.19692369305357954,0.20057307835362773,0.19692369305357954,0.198497937692816,4022847.0,111909680.0
2018-01-31,0.19720991935162252,0.1981401548202623,0.1925587420084239,0.19334586432804213,6032885.0,163758560.0
2018-02-01,0.19334586432804213,0.19427609979668184,0.187692894941693,0.19026893162407996,8417920.0,224127520.0
2018-02-02,0.1900542619005477,0.1900542619005477,0.18661954632403177,0.18690577262207478,6600893.0,173527312.0
2018-02-05,0.18583242400441355,0.18583242400441355,0.1785336534043172,0.1817536992573009,7834303.0,198838112.0
2018-02-06,0.1786767665533387,0.18211148212985462,0.177460304786656,0.18153902953376866,6079755.0,153252848.0
2018-02-07,0.18318483074751588,0.1839719530671341,0.17788964423372047,0.18017945461806442,3699635.0,93499872.0
2018-02-08,0.18060879406512892,0.18196836898083313,0.17889143627687096,0.18096657693768264,2807117.0,70834968.0
2018-02-09,0.177460304786656,0.1818968124063224,0.17373936291209707,0.17839054025529572,6247896.0,155430272.0
2018-02-12,0.17946388887295692,0.18211148212985462,0.17810431395725274,0.1813243598102364,2593713.0,65539544.0
2018-02-13,0.18153902953376866,0.18289860444947287,0.18060879406512892,0.18103813351219342,2324038.0,58974128.0
2018-02-14,0.18196836898083313,0.1838288399181126,0.1813243598102364,0.18282704787496212,1986188.0,50700440.0
2018-02-22,0.18425817936517708,0.18518841483381682,0.18318483074751588,0.18332794389653737,2743834.0,70542592.0
2018-02-23,0.18440129251419857,0.18561775428088131,0.1829701610239836,0.18518841483381682,3623319.0,93282248.0
2018-02-26,0.18611865030245656,0.19019737504956918,0.18454440566322008,0.18919558300641873,4233996.0,111142176.0
2018-02-27,0.1903404881985907,0.19320275117902064,0.18862313041033274,0.19112761051820892,4693428.0,125688408.0
2018-02-28,0.19177161968880568,0.19341742090255287,0.1904836013476122,0.19220095913587015,4825341.0,129760432.0
2018-03-01,0.1907698276456552,0.1952063352653216,0.1907698276456552,0.1937752037751066,3936318.0,106377016.0
2018-03-02,0.19241562885940242,0.19663746675553656,0.1918431762633164,0.19527789183983232,6331690.0,172413008.0
2018-03-05,0.19570723128689685,0.20021529548107397,0.19570723128689685,0.19856949426732676,6830240.0,189523872.0
2018-03-06,0.2000006257575417,0.20372156763210064,0.198211711394773,0.20314911503601465,10971576.0,309613632.0
2018-03-07,0.20336378475954692,0.20429402022818663,0.19942817316145575,0.2000006257575417,6934875.0,195536368.0
2018-03-08,0.19914194686341274,0.20429402022818663,0.19914194686341274,0.20372156763210064,7075033.0,200727744.0
2018-03-09,0.20443713337720812,0.20443713337720812,0.2014317572477567,0.20329222818503614,3815145.0,108075784.0
2018-03-12,0.20393623735563288,0.2057251517184016,0.20286288873797167,0.2037931242066114,6581133.0,187438592.0
2018-03-13,0.2037931242066114,0.2037931242066114,0.199642842884988,0.19971439945949873,4882447.0,136915344.0
2018-03-14,0.20121708752422446,0.20343534133405766,0.2000006257575417,0.20200420984384268,6252582.0,176589712.0
2018-03-15,0.20200420984384268,0.20200420984384268,0.1953494484143431,0.19649435360651507,6106298.0,168441872.0
2018-03-16,0.19577878786140757,0.19914194686341274,0.19577878786140757,0.19620812730847206,5325381.0,146809872.0
2018-03-19,0.1972814759261333,0.20200420984384268,0.1955641181378753,0.20178954012031045,6063892.0,168855408.0
2018-03-20,0.2015748703967782,0.20515269912231562,0.199070390288902,0.20400779393014365,8074822.0,229604928.0
2018-03-21,0.20565359514389084,0.20565359514389084,0.20164642697128893,0.20178954012031045,6277501.0,178833584.0
2018-03-22,0.20178954012031045,0.20336378475954692,0.19878416399085902,0.1997859560340095,4199010.0,117806696.0
2018-03-23,0.19320275117902064,0.19985751260852022,0.19320275117902064,0.199642842884988,7508589.0,206315648.0
2018-03-26,0.19685213647906882,0.20493802939878336,0.19477699581825708,0.20479491624976187,7197687.0,203115824.0
2018-03-27,0.2072278397831273,0.2158861852989279,0.20672694376155207,0.21466972353224514,22632072.0,674212032.0
2018-03-28,0.2130954788930087,0.21846222198131482,0.21216524342436893,0.21481283668126663,15080507.0,455427424.0
2018-03-29,0.21466972353224514,0.2161008550224601,0.20966076331649278,0.21073411193415398,8503454.0,252343024.0
2018-03-30,0.21051944221062174,0.21581462872441712,0.21037632906160023,0.21517061955382039,7885118.0,235328560.0
2018-04-02,0.21445505380871288,0.2166733076185461,0.21123500795572922,0.21273769602045495,8401130.0,251409664.0
2018-04-03,0.21109189480670773,0.21953557059897605,0.21023321591257874,0.2145981669577344,9839849.0,297093152.0
2018-04-04,0.21824755225778256,0.21932090087544379,0.21338170519105168,0.21424038408518067,8204200.0,247257712.0
2018-04-09,0.2141688275106699,0.21967868374799754,0.209589206741982,0.21967868374799754,11413308.0,344784960.0
2018-04-10,0.22025113634408353,0.22025113634408353,0.21481283668126663,0.21753198651267508,6625320.0,200859232.0
2018-04-11,0.21788976938522883,0.2231849558990242,0.21617241159697087,0.21967868374799754,8770291.0,270495424.0
2018-04-12,0.22025113634408353,0.2261187754539649,0.21896311800289006,0.22311339932451346,9199739.0,288118912.0
2018-04-13,0.22397207821864243,0.22883792528537333,0.21896311800289006,0.22039424949310502,8626717.0,269211296.0
2018-04-16,0.21982179689701903,0.2236142953460887,0.2166733076185461,0.2187484482793578,7463674.0,229088720.0
2018-04-17,0.2188915614283793,0.22003646662055126,0.21266613944594417,0.21424038408518067,5828737.0,175916656.0
2018-04-18,0.21524217612833113,0.21660175104403534,0.210447885636111,0.2158861852989279,4349184.0,130299464.0
2018-04-19,0.21466972353224514,0.220966702089191,0.2130954788930087,0.21753198651267508,4645248.0,141515040.0
2018-04-20,0.21688797734207835,0.2186053351303363,0.21216524342436893,0.21452661038322365,5027408.0,150745024.0
2018-04-23,0.2132385920420302,0.21359637491458394,0.19749614564966556,0.19856949426732676,18247336.0,516002496.0
2018-04-24,0.19928506001243426,0.2032206716105254,0.19928506001243426,0.20136020067324595,7740162.0,217899520.0
2018-04-25,0.20121708752422446,0.2085158581243208,0.2000006257575417,0.20744250950665954,8182950.0,235089792.0
2018-04-26,0.20729939635763805,0.21209368684985822,0.2032206716105254,0.20665538718704132,7553894.0,219723472.0
2018-04-27,0.19678057990455805,0.20615449116546608,0.19334586432804213,0.20450868995171886,9949475.0,280654368.0
2018-05-02,0.20608293459095534,0.21187901712632595,0.20465180310074038,0.21180746055181524,7905236.0,231497680.0
2018-05-03,0.21180746055181524,0.21180746055181524,0.20329222818503614,0.20894519757138527,9499780.0,275871968.0
2018-05-04,0.20873052784785304,0.21452661038322365,0.20715628320861657,0.2141688275106699,8297112.0,245440096.0
2018-05-07,0.21531373270284188,0.21896311800289006,0.2143119406596914,0.21509906297930964,8490716.0,256954912.0
2018-05-08,0.21538528927735265,0.22003646662055126,0.21538528927735265,0.21653019446952462,6624295.0,201589776.0
2018-05-09,0.21581462872441712,0.22204005070685223,0.21466972353224514,0.2219684941323415,9600088.0,294341824.0
2018-05-10,0.22261250330293822,0.2415034389737758,0.22261250330293822,0.23670914848155564,28513892.0,931786496.0
2018-05-11,0.2401438640580716,0.2510204633837053,0.23592202616193741,0.23835494969530288,33689776.0,1142373632.0
2018-05-14,0.24200433499535104,0.25059112393664085,0.23828339312079208,0.25023334106408707,30020936.0,1028021632.0
2018-05-15,0.24901687929740435,0.25366805664060305,0.2455106071463777,0.25180758570332357,19928620.0,697117888.0
2018-05-16,0.2611814969642316,0.2646162125407475,0.2524515948739203,0.25331027376804927,29952928.0,1080211584.0
2018-05-17,0.25610098017396843,0.26075215751716707,0.25073423708566234,0.2524515948739203,16236109.0,580427328.0
2018-05-18,0.2511635765327268,0.25653031962103295,0.24572527686990997,0.2521653685758773,15659695.0,546907968.0
2018-05-21,0.25459829210924273,0.2551707447053287,0.24687018206208192,0.24973244504251185,17484468.0,609981952.0
2018-05-22,0.2474426346581679,0.26769314524470966,0.2474426346581679,0.26468776911525826,27178706.0,988604288.0
2018-05-23,0.26275574160346804,0.26769314524470966,0.25788989453673716,0.26175394956031756,13329923.0,489185088.0
2018-05-24,0.26182550613482836,0.26661979662704843,0.2587485734308661,0.26025126149559186,11088621.0,405186016.0
2018-05-25,0.2597503654740166,0.26805092811726344,0.2576036682386942,0.2628272981779788,14119143.0,520834048.0
2018-05-28,0.2646162125407475,0.2689096070113924,0.25653031962103295,0.263328194199554,13929030.0,511415584.0
2018-05-29,0.2618970627093391,0.26941050303296765,0.24322079676203376,0.24622617289148516,26177340.0,935910208.0
2018-05-30,0.242576787591437,0.25459829210924273,0.24100254295220055,0.2484444267013184,22411000.0,779058752.0
2018-05-31,0.2538827263641352,0.26096682724069936,0.2484444267013184,0.25824767740929094,15454080.0,552874432.0
2018-06-01,0.2598219220485274,0.2622548455818928,0.24772886095621088,0.2511635765327268,14006401.0,496943360.0
2018-06-04,0.25094890680919457,0.25309560404451703,0.243721692783609,0.2508773502346838,11296021.0,392910816.0
2018-06-05,0.25295249089549554,0.2628988547524896,0.2528809343209848,0.2591063563034199,13971893.0,506053312.0
2018-06-06,0.25746055508967264,0.26132461011325314,0.255099188130818,0.25903479972890914,9950347.0,359119424.0
2018-06-07,0.26032281807010266,0.26082371409167787,0.25073423708566234,0.25094890680919457,10863467.0,385150144.0
2018-06-08,0.24901687929740435,0.253954282938646,0.24772886095621088,0.2510204633837053,9145370.0,319976832.0
2018-06-11,0.25144980283076984,0.2517360291288128,0.24579683344442071,0.2484444267013184,8145970.0,283161152.0
2018-06-12,0.25466984868375353,0.2567449893445652,0.2455106071463777,0.25195069885234506,14315451.0,500720064.0
2018-06-13,0.2554569710033717,0.2556000841523932,0.2391420720149211,0.23949985488747483,17293308.0,591532480.0
2018-06-14,0.23670914848155564,0.2397145246110071,0.23398999865014722,0.23585046958742667,13526638.0,447599296.0
2018-06-15,0.23656603533253417,0.23935674173845337,0.22976816075401305,0.23184330141482476,9767651.0,318823584.0
2018-06-19,0.22905259500890557,0.23892740229138884,0.22576099258141116,0.2304121699246098,16777400.0,544842112.0
2018-06-20,0.23076995279716353,0.23613669588546965,0.22382896506962094,0.2351349038423192,11615347.0,375338816.0
2018-06-21,0.2352064604168299,0.23864117599334586,0.22826547268928732,0.22898103843439482,11513382.0,375603456.0
2018-06-22,0.2262618886029864,0.23119929224422803,0.22182538098332,0.2295534910304808,6890632.0,218606336.0
2018-06-25,0.2304121699246098,0.233202876330529,0.22633344517749712,0.23048372649912055,7000095.0,225360144.0
2018-06-26,0.22754990694417987,0.23255886715993224,0.2254032097088574,0.23048372649912055,5147335.0,164769344.0
2018-06-27,0.2517093760808608,0.2579429311624871,0.2436609885071154,0.2481586168571496,10241211.0,324864000.0
2018-06-28,0.24736955925188045,0.2486320514203111,0.24381880002816922,0.2441344230702769,6400209.0,199781360.0
2018-06-29,0.2446078576334384,0.2554968525861528,0.2446078576334384,0.25376092585456056,6106423.0,193915824.0
2018-07-02,0.2547867007414105,0.2607835385414561,0.25036797815190326,0.25234062216507613,7011126.0,227624096.0
2018-07-03,0.25234062216507613,0.2579429311624871,0.24539691523870755,0.2573905908387987,8605290.0,275099616.0
2018-07-04,0.2593632348519716,0.27664359640736613,0.25746949659932566,0.273013931423128,19602944.0,668486400.0
2018-07-05,0.2703311355652129,0.27522329271788165,0.2638608632020058,0.26898973763625533,8951396.0,305107360.0
2018-07-06,0.26867411459414764,0.273013931423128,0.2577851196414333,0.26393976896253274,8531764.0,286155392.0
2018-07-09,0.2638608632020058,0.27766937129421604,0.2614147846256714,0.27593344456262386,9880316.0,341889312.0
2018-07-10,0.27538110423893547,0.27916858074422746,0.2712780046915359,0.2744342351126125,7320992.0,254657712.0
2018-07-11,0.2698577010020514,0.27372408326787023,0.2655967899335979,0.27285611990207415,5131904.0,175605904.0
2018-07-12,0.27403970630997787,0.2822459054047772,0.27285611990207415,0.2761701618442046,11523493.0,407330336.0
2018-07-13,0.27538110423893547,0.2815357535600349,0.27364517750734335,0.27624906760473156,10508035.0,369442368.0
2018-07-16,0.2768803136889469,0.29258256003380306,0.27380298902839717,0.2891107065706188,17074840.0,619291328.0
2018-07-17,0.295423167412772,0.2966067538206758,0.27853733466001207,0.2825615284468848,16233301.0,584572224.0
2018-07-18,0.28271933996793863,0.28445526669953075,0.2764068791257854,0.2789318634626467,8034223.0,285687744.0
2018-07-19,0.2770381252100007,0.2790107692231736,0.2653600726520172,0.2726983083810204,13150692.0,452366528.0
2018-07-20,0.27317174294418184,0.27593344456262386,0.27072566436784745,0.2743553293520856,5343779.0,185757056.0
2018-07-23,0.248710957180838,0.26338742863884435,0.24689612468871894,0.2471328419702997,48872984.0,1557139584.0
2018-07-24,0.24855314565978417,0.2628350883151559,0.24847423989925724,0.2558124756282604,40602468.0,1310646400.0
2018-07-25,0.2586530830072294,0.28137794203898103,0.2573905908387987,0.28137794203898103,31154820.0,1077036800.0
2018-07-26,0.2840607378968962,0.2914778793864262,0.2801154498705504,0.28634900495217674,29668870.0,1072716160.0
2018-07-27,0.28682243951533826,0.2879271201627151,0.27546000999946235,0.27972092106791585,18100742.0,644147520.0
2018-07-30,0.27972092106791585,0.28137794203898103,0.2662280360178133,0.272067062296805,20843122.0,716858496.0
2018-07-31,0.27159362773364354,0.274907669675774,0.26117806734409066,0.26449210928622113,15050811.0,511678784.0
2018-08-01,0.2659124129757056,0.26812177427045925,0.2593632348519716,0.2603890097388215,11732314.0,390860512.0
2018-08-02,0.2595210463730254,0.26670147058097476,0.25249843368612995,0.2663069417783402,18564024.0,612336576.0
2018-08-03,0.2629928998362097,0.2635452401598981,0.24697503044924587,0.25092031847559165,16718555.0,543840576.0
2018-08-06,0.24855314565978417,0.25092031847559165,0.23726962190443524,0.2380586795097044,18042638.0,556048320.0
2018-08-07,0.2410570984097272,0.2502890723913763,0.23734852766496214,0.24894767446241875,13348438.0,412542080.0
2018-08-08,0.2451601979571268,0.24902658022294566,0.24050475808603877,0.2410570984097272,8619115.0,266891392.0
2018-08-09,0.23987351200182344,0.2590476118098639,0.2390844543965543,0.25447107769930283,13057554.0,417683872.0
2018-08-10,0.25423436041772207,0.26378195744147886,0.25376092585456056,0.2560491929098412,13868072.0,454410752.0
2018-08-13,0.2520249991229685,0.26157259614672523,0.2520249991229685,0.25991557517566,9217991.0,301938464.0
2018-08-14,0.25881089452828315,0.2648866380888557,0.2572327793177449,0.26259837103357514,7817454.0,258394992.0
2018-08-15,0.2617304076677791,0.2628350883151559,0.24934220326505335,0.25115703575717235,8813146.0,284112128.0
2018-08-16,0.2472117477308266,0.2592054233309178,0.24594925556239597,0.25249843368612995,7403822.0,237456096.0
2018-08-17,0.2531296797703453,0.25565466410720655,0.2426352136202655,0.2446078576334384,10466073.0,326886144.0
2018-08-20,0.24437114035185764,0.2451601979571268,0.22014707187009455,0.23198293594913189,24769956.0,720329536.0
2018-08-21,0.2295368573727975,0.2446078576334384,0.229063422809636,0.24381880002816922,13815979.0,417408896.0
2018-08-22,0.24231959057815786,0.24784299381504193,0.24129381569130792,0.24334536546500773,7237397.0,224509488.0
2018-08-23,0.24295083666237316,0.24697503044924587,0.24026804080445802,0.2435820827465885,5360285.0,166072144.0
2018-08-24,0.24295083666237316,0.2624405595125213,0.24295083666237316,0.25881089452828315,14814150.0,480408608.0
2018-08-27,0.2583374599651217,0.2846919839811115,0.2562859101914219,0.2846919839811115,25727270.0,896491520.0
2018-08-28,0.28287715148899245,0.2860333819100691,0.2751443869573547,0.28027326139160424,18043548.0,639095040.0
2018-08-29,0.2809045074758196,0.2820880938837233,0.2761701618442046,0.2809045074758196,9853572.0,348875712.0
2018-08-30,0.28058888443371194,0.2834294918126809,0.27419751783103175,0.2764068791257854,9555986.0,335669184.0
2018-08-31,0.27372408326787023,0.27735374825210835,0.26772724546782467,0.2688319261152015,10509305.0,360603808.0
2018-09-03,0.2704889470862667,0.2822459054047772,0.26969988948099755,0.27916858074422746,13026684.0,456391808.0
2018-09-04,0.27869514618106594,0.2801154498705504,0.2685163030730938,0.2749865754363009,12999997.0,451005280.0
2018-09-05,0.27419751783103175,0.2775904655336891,0.26859520883362076,0.2709623816494282,9697518.0,335999072.0
2018-09-06,0.26827958579151306,0.277748277054743,0.2667803763415017,0.2734084602257626,9677754.0,334838592.0
2018-09-07,0.2734084602257626,0.28287715148899245,0.2734084602257626,0.27822171161790443,13224765.0,466775968.0
2018-09-10,0.2840607378968962,0.2864279107127036,0.2745920466336663,0.27814280585737755,12224568.0,433304064.0
2018-09-11,0.2765646906468392,0.28366620909426166,0.27175143925469736,0.2760123503231508,10191218.0,357431776.0
2018-09-12,0.277748277054743,0.28548104158638066,0.27538110423893547,0.2775115597731622,14720344.0,523971840.0
2018-09-13,0.28027326139160424,0.2820880938837233,0.25092031847559165,0.26725381090466316,25252866.0,843294784.0
2018-09-14,0.26322961711779047,0.2694631721994168,0.26149369038619835,0.26464992080727495,9029995.0,303859872.0
2018-09-17,0.2635452401598981,0.2654389784125441,0.25802183692301406,0.25991557517566,5077599.0,167953952.0
2018-09-18,0.2573116850782718,0.26843739731256694,0.2573116850782718,0.26788505698887854,7567071.0,254041536.0
2018-09-19,0.26827958579151306,0.27419751783103175,0.2659124129757056,0.2715147219731166,9026477.0,309639296.0
2018-09-20,0.2704889470862667,0.2748287639152471,0.26843739731256694,0.27143581621258966,6171773.0,212375216.0
2018-09-21,0.2734873659862895,0.2775904655336891,0.2709623816494282,0.2775904655336891,9376664.0,327072352.0
2018-09-25,0.27553891575998934,0.2771959367310546,0.2724615910994396,0.27538110423893547,6466422.0,225322576.0
2018-09-26,0.2753021984784086,0.2815357535600349,0.2713569104520628,0.2768803136889469,11984617.0,420526336.0
2018-09-27,0.2769592194494738,0.30142000521281764,0.2753021984784086,0.29723799990489114,27763152.0,1030198080.0
2018-09-28,0.29589660197593354,0.3006309476075485,0.29360833492065297,0.29905283239701014,16363216.0,617206464.0
2018-10-08,0.2936872406811799,0.2988161151154294,0.2891896123311457,0.2911622563443186,12709176.0,473821888.0
2018-10-09,0.2911622563443186,0.3051285759575827,0.2911622563443186,0.29550207317329896,16653818.0,628825408.0
2018-10-10,0.2960544134969874,0.2966856595812027,0.27538110423893547,0.28287715148899245,15620249.0,562830528.0
2018-10-11,0.26827958579151306,0.28548104158638066,0.2643342977651673,0.27609125608367774,15155500.0,532746336.0
2018-10-12,0.2769592194494738,0.2852443243047999,0.2753021984784086,0.2809045074758196,12614222.0,449116064.0
2018-10-15,0.2824826226863579,0.2943184867653952,0.2824826226863579,0.28366620909426166,12342106.0,450656832.0
2018-10-16,0.2824826226863579,0.2943184867653952,0.26709599938360934,0.2790107692231736,15781764.0,563614656.0
2018-10-17,0.28563885310743453,0.2871380625574459,0.26275618255462896,0.2698577010020514,15565803.0,534738336.0
2018-10-18,0.26472882656780183,0.2663069417783402,0.2548656065019374,0.257153873557218,11680818.0,385278912.0
2018-10-19,0.2501312608703225,0.28185137660214254,0.24934220326505335,0.27924748650475434,15459578.0,525862880.0
2018-10-22,0.2840607378968962,0.3024457800996675,0.2825615284468848,0.2991317381575371,22990680.0,855054848.0
2018-10-23,0.2977114344680526,0.3104941676734129,0.2961333192575143,0.3018934397759791,23700852.0,910212352.0
2018-10-24,0.3006309476075485,0.30268249738124825,0.2911622563443186,0.29550207317329896,14495801.0,545152960.0
2018-10-25,0.2905310102601033,0.2968434711022565,0.2833505860521539,0.29274037155485694,20449376.0,751467008.0
2018-10-26,0.2959755077364604,0.30410280107073273,0.28587557038901523,0.2891896123311457,16875126.0,629970112.0
2018-10-29,0.2840607378968962,0.2840607378968962,0.2623616537519944,0.2768803136889469,16169043.0,561170112.0
2018-10-30,0.27222487381785887,0.27222487381785887,0.24918439174399948,0.26102025582303684,37463832.0,1223094784.0
2018-10-31,0.26023119821776763,0.27088347588890127,0.25802183692301406,0.26922645491783603,17435416.0,587597632.0
2018-11-01,0.2719881565362781,0.27916858074422746,0.2698577010020514,0.2724615910994396,17210486.0,598537728.0
2018-11-02,0.2779060885757968,0.29084663330221094,0.2761701618442046,0.2896630468943072,19148784.0,687388992.0
2018-11-05,0.28840055472587656,0.2951075443706644,0.27972092106791585,0.2911622563443186,18516608.0,677773568.0
2018-11-06,0.29195131394958773,0.29518645013119127,0.2860333819100691,0.29463410980750293,15370375.0,567321216.0
2018-11-07,0.29400286372328754,0.29400286372328754,0.2864279107127036,0.2864279107127036,14016915.0,513994400.0
2018-11-08,0.28887398928903807,0.2935294291601261,0.28492870126269226,0.28563885310743453,13677210.0,502201120.0
2018-11-09,0.2809045074758196,0.2885583662469304,0.27538110423893547,0.2840607378968962,12631429.0,451694304.0
2018-11-12,0.28563885310743453,0.29329271187854533,0.27916858074422746,0.29313490035749146,16202441.0,591843520.0
2018-11-13,0.2891896123311457,0.2997629842417524,0.28879508352851113,0.29463410980750293,18737284.0,700864000.0
2018-11-14,0.2943184867653952,0.30299812042335594,0.29084663330221094,0.2999207957628062,17213584.0,648741312.0
2018-11-15,0.298263774791741,0.3005520418470216,0.2940817694838145,0.30031532456544086,10952925.0,413024256.0
2018-11-16,0.2988161151154294,0.2997629842417524,0.28508651278374614,0.28997866993641486,22232860.0,818202560.0
2018-11-19,0.28950523537325334,0.2941606752443414,0.288006025923242,0.28895289504956495,11930306.0,439977248.0
2018-11-20,0.28816383744429586,0.30031532456544086,0.2876114971206074,0.29550207317329896,17490900.0,656095296.0
2018-11-21,0.28997866993641486,0.31294024624974726,0.2864279107127036,0.30923167550498226,29133432.0,1118843136.0
2018-11-22,0.3078902775760247,0.3108097907155206,0.30213015705755986,0.30867933518129387,15674545.0,609190144.0
2018-11-23,0.30607544508390566,0.31215118864447816,0.2999207957628062,0.30402389531020585,15268716.0,593463232.0
2018-11-26,0.30402389531020585,0.3091527697444554,0.2966856595812027,0.3027614031417752,12693937.0,488672416.0
2018-11-27,0.3069434084497017,0.3083637121391862,0.29447629828644906,0.30157781673387146,12656306.0,480889440.0
2018-11-28,0.29984189000227934,0.3037871780286251,0.2966067538206758,0.302919214662829,10400234.0,396918848.0
2018-11-29,0.3049707644365288,0.3074168430128632,0.29392395796276066,0.2941606752443414,13987644.0,533551584.0
2018-11-30,0.29195131394958773,0.29944736119964477,0.28958414113378034,0.29810596327068717,9317885.0,348832320.0
2018-12-03,0.3044184241128404,0.3127035289681666,0.2991317381575371,0.31025745039183217,18680336.0,726482880.0
2018-12-04,0.3078113718154978,0.31443945569975873,0.30678559692864793,0.31294024624974726,15844139.0,623625664.0
2018-12-05,0.309468392786563,0.3195683301340082,0.3081269948576054,0.3184636494866314,15804014.0,630680576.0
2018-12-06,0.3149917960234471,0.31964723589453514,0.3018934397759791,0.3032348377049367,21328264.0,836698048.0
2018-12-07,0.30536529323916345,0.3058387278023249,0.2911622563443186,0.29810596327068717,17013896.0,641751424.0
2018-12-10,0.29487082708908363,0.30102547641018307,0.2911622563443186,0.2978692459891064,11890359.0,447653728.0
2018-12-11,0.2988950208759564,0.30142000521281764,0.29187240818906085,0.2986583035943756,9220616.0,346825920.0
2018-12-12,0.2988161151154294,0.30023641880491386,0.29274037155485694,0.2959755077364604,7554671.0,283861536.0
2018-12-13,0.29637003653909505,0.30110438217070995,0.2921880312311685,0.30031532456544086,12080334.0,454930432.0
2018-12-14,0.2974747171864719,0.2974747171864719,0.27025222980468594,0.27025222980468594,48022772.0,1700609280.0
2018-12-17,0.26512335537043646,0.26867411459414764,0.25959995213355236,0.26457101504674807,20469860.0,686506816.0
2018-12-18,0.26464992080727495,0.2698577010020514,0.2635452401598981,0.2649655438493826,11272169.0,380087104.0
2018-12-19,0.26709599938360934,0.2675694339467708,0.2531296797703453,0.25565466410720655,17475464.0,569555904.0
2018-12-20,0.25565466410720655,0.2586530830072294,0.2526562452071838,0.2547867007414105,10750331.0,348130080.0
2018-12-21,0.2546288892203567,0.2563648159519488,0.24997344934926866,0.2536820200940337,10101051.0,324230624.0
2018-12-24,0.25257733944665683,0.26117806734409066,0.25099922423611853,0.26015229245724075,9668642.0,316430208.0
2018-12-25,0.2563648159519488,0.26157259614672523,0.2554968525861528,0.26117806734409066,9452742.0,310512960.0
2018-12-26,0.25999448093618693,0.2648077323283288,0.25999448093618693,0.2623616537519944,8862816.0,295502880.0
2018-12-27,0.26551788417307104,0.26670147058097476,0.25881089452828315,0.25881089452828315,8173225.0,271221600.0
2018-12-28,0.25881089452828315,0.26117806734409066,0.25644372171247576,0.25881089452828315,5990803.0,196326480.0
2019-01-02,0.2572327793177449,0.25991557517566,0.23363995692019712,0.23584931821495075,27392812.0,833377792.0
2019-01-03,0.23529697789126236,0.241214909930781,0.23490244908862776,0.2375852449465429,11566440.0,350143904.0
2019-01-04,0.2375852449465429,0.24697503044924587,0.2375852449465429,0.24673831316766512,10937578.0,338027712.0
2019-01-07,0.24942110902558023,0.24957892054663408,0.24287193090184625,0.24602816132292288,8692403.0,269963488.0
2019-01-08,0.2461859728439767,0.2508414127150647,0.24381880002816922,0.24784299381504193,6906162.0,217033440.0
2019-01-09,0.24902658022294566,0.252419527925603,0.24634378436503052,0.24705393620977276,8538007.0,269480000.0
2019-01-10,0.24760627653346118,0.24768518229398812,0.23876883135444665,0.24160943873341562,9679509.0,296292544.0
2019-01-11,0.24295083666237316,0.24500238643607297,0.24066256960709262,0.24389770578869616,5884987.0,180907024.0
2019-01-14,0.24389770578869616,0.2520249991229685,0.2394789831991889,0.2411360041702541,12731330.0,396883840.0
2019-01-15,0.24160943873341562,0.24886876870189184,0.23671728158074684,0.24800080533609575,8558756.0,265375152.0
2019-01-16,0.247764088054515,0.25770621388090637,0.2455547267597614,0.25612809867036807,14311522.0,458638464.0
2019-01-17,0.2540765488966683,0.2577851196414333,0.2534453028124529,0.2546288892203567,7032156.0,227663184.0
2019-01-18,0.2546288892203567,0.2603101039782946,0.2518671876019146,0.25888980028881015,9534816.0,311065088.0
2019-01-21,0.2610991615835638,0.27017332404415906,0.2604679154993484,0.2659124129757056,13580987.0,459015840.0
2019-01-22,0.26607022449675943,0.26670147058097476,0.26007338669671387,0.2631507113572636,6360151.0,211627600.0
2019-01-23,0.26275618255462896,0.2654389784125441,0.25967885789407924,0.2631507113572636,4217731.0,140066656.0
2019-01-24,0.2631507113572636,0.26409758048358656,0.25873198876775627,0.26330852287831735,5025922.0,166743904.0
2019-01-25,0.26275618255462896,0.26867411459414764,0.2603890097388215,0.2658335072151787,6018804.0,202810496.0
2019-01-28,0.26654365905992095,0.2693842664388899,0.26204603070988675,0.26520226113096335,4895007.0,165400240.0
2019-01-29,0.26393976896253274,0.26962098372047066,0.26393976896253274,0.26646475329939406,4331635.0,146434704.0
2019-01-30,0.2653600726520172,0.2690686433967822,0.25810074268354094,0.258968706049337,6465837.0,215989536.0
2019-01-31,0.25881089452828315,0.26788505698887854,0.25873198876775627,0.26520226113096335,6838608.0,229460832.0
2019-02-01,0.26599131873623255,0.2734873659862895,0.26472882656780183,0.27222487381785887,7674643.0,262774256.0
2019-02-11,0.2650444496099096,0.27285611990207415,0.26291399407568283,0.27285611990207415,16542653.0,561849152.0
2019-02-12,0.2719881565362781,0.28579666462848835,0.2700155125231052,0.2848497955021654,17766276.0,632903424.0
2019-02-13,0.2831138687705732,0.2921880312311685,0.28177247084161566,0.28895289504956495,14915521.0,542349760.0
2019-02-14,0.2872958740784997,0.28879508352851113,0.2840607378968962,0.2866646279942844,6961876.0,252777152.0
2019-02-15,0.2865857222337575,0.2884794604864035,0.2821669996442502,0.28303496301004627,6004289.0,216292928.0
2019-02-18,0.283271680291627,0.2923458427522223,0.28240371692583094,0.29076772754168406,9558644.0,349243296.0
2019-02-19,0.2925036542732762,0.29274037155485694,0.27727484249158146,0.27940529802580816,16156824.0,578953216.0
2019-02-20,0.2769592194494738,0.28185137660214254,0.27419751783103175,0.28145684779950797,10777237.0,380672448.0
2019-02-21,0.2784584288994852,0.2854021358258538,0.2783795231389583,0.27995763834949655,8520542.0,304175616.0
2019-02-22,0.27956310954686203,0.2801154498705504,0.27222487381785887,0.2800365441100235,12270138.0,430529568.0
2019-02-25,0.27940529802580816,0.29076772754168406,0.27680140792841995,0.29037319873904943,18490580.0,666497600.0
2019-02-26,0.3069434084497017,0.3194105186129544,0.3006309476075485,0.30260359162072137,37995832.0,1494703360.0
2019-02-27,0.302919214662829,0.3082059006181324,0.29494973284961057,0.2991317381575371,16823052.0,642014912.0
2019-02-28,0.29810596327068717,0.3087582409418208,0.2978692459891064,0.30544419899969033,15054768.0,581314816.0
2019-03-01,0.3074168430128632,0.3077324660549709,0.29905283239701014,0.3063910681260133,8879979.0,342515456.0
2019-03-04,0.3062332566049595,0.3140449268971241,0.3049707644365288,0.3069434084497017,18386398.0,719289408.0
2019-03-05,0.3055231047602172,0.31009963887077835,0.30457623563389424,0.30938948702603614,9392869.0,366492448.0
2019-03-06,0.31065197919446674,0.31246681168658585,0.3018934397759791,0.3069434084497017,11101606.0,431227648.0
2019-03-07,0.30702231421022863,0.30710121997075557,0.2988950208759564,0.3014989109733446,12619108.0,482880032.0
2019-03-08,0.298263774791741,0.3136503980944895,0.29589660197593354,0.302051251297033,16959542.0,659276736.0
2019-03-11,0.30142000521281764,0.32745890618669976,0.3013410994522907,0.3254862621735269,25385696.0,1018733952.0
2019-03-12,0.3287213983551304,0.32935264443934575,0.31562304210766245,0.3205151992603312,18089940.0,738057984.0
2019-03-13,0.3195683301340082,0.3426877179683945,0.31877927252873905,0.3362963513657143,25135564.0,1059838784.0
2019-03-14,0.33140419421304557,0.34055726243416773,0.3286424925946035,0.3349549534367568,12442475.0,525805312.0
2019-03-15,0.3349549534367568,0.3523931265132051,0.3330612151841108,0.34734315783948255,14373849.0,630014592.0
2019-03-18,0.3508150113026668,0.3620196292974888,0.34813221544475165,0.3560227914974432,15435667.0,697193408.0
2019-03-19,0.3566540375816586,0.3620196292974888,0.34639628871315953,0.3508150113026668,13055430.0,579801984.0
2019-03-20,0.34813221544475165,0.3509728228237206,0.3367697859288758,0.3452127023052558,11957969.0,521775744.0
2019-03-21,0.34324005829208293,0.34324005829208293,0.3306940423683033,0.33771665505519877,26632050.0,1129560064.0
2019-03-22,0.3344026131130684,0.34126741427891,0.3326666863814762,0.3402416393920601,13985466.0,598333824.0
2019-03-25,0.33424480159201453,0.33771665505519877,0.3299049847630342,0.3306151366077764,11367978.0,480363968.0
2019-03-26,0.33282449790253005,0.3379533723367795,0.3298260790025072,0.3334557439867454,12728877.0,539302528.0
2019-03-27,0.33692759744992967,0.34608066567105183,0.33456042463412217,0.338505712660468,20446536.0,882947136.0
2019-03-28,0.34150413156049075,0.3493158018526554,0.33771665505519877,0.3469486290368479,18303884.0,796414720.0
2019-03-29,0.3471853463184287,0.3563384145395509,0.339373676026264,0.35507592237112023,23584926.0,1044770112.0
2019-04-01,0.35452358204743184,0.36438680211329627,0.3527876553158397,0.35815324703166995,20353906.0,922569152.0
2019-04-02,0.35728528366587387,0.35728528366587387,0.3471064405579018,0.34915799033160155,14521977.0,646127616.0
2019-04-03,0.3493158018526554,0.3561806030184971,0.3492368960921285,0.3542868647658511,11136405.0,499054624.0
2019-04-04,0.35507592237112023,0.3564962260606047,0.3471853463184287,0.3530243725974205,9645652.0,430669120.0
2019-04-08,0.35191969195004363,0.35886339887641217,0.3471853463184287,0.35002595369739764,10410521.0,464917216.0
2019-04-09,0.34876346152896703,0.36612272884488845,0.3471853463184287,0.36391336755013476,13422970.0,611252992.0
2019-04-10,0.36422899059224245,0.37030473415281495,0.3585477758343045,0.36659616340804996,13041690.0,602737984.0
2019-04-11,0.36770084405542675,0.36896333622385735,0.34363458709471745,0.34442364469998665,18491516.0,823757248.0
2019-04-12,0.3456072311078904,0.3511306343447745,0.338505712660468,0.34592285414999807,8435054.0,369215584.0
2019-04-15,0.3501048594579245,0.3509728228237206,0.3347971419157029,0.3349549534367568,11019980.0,477499840.0
2019-04-16,0.3370854089709835,0.3424510006868137,0.3324299690998955,0.3416619430815446,7772124.0,332941984.0
2019-04-17,0.3416619430815446,0.3451337965447289,0.339373676026264,0.3417408488420715,5853681.0,253618112.0
2019-04-18,0.34229318916575996,0.34237209492628684,0.3346393303946491,0.33842680689994104,5250580.0,224316224.0
2019-04-19,0.33700650321045655,0.3446603619815674,0.33700650321045655,0.34308224677102905,5869013.0,253531136.0
2019-04-22,0.34284552948944835,0.34955251913423613,0.3400838278710063,0.3456072311078904,8005068.0,350067904.0
2019-04-23,0.34426583317893283,0.34639628871315953,0.338505712660468,0.34339786981313675,6343502.0,275497248.0
2019-04-24,0.3440291158973521,0.34639628871315953,0.33542838799991825,0.3424510006868137,6031326.0,260274736.0
2019-04-25,0.34324005829208293,0.34955251913423613,0.34189866036312533,0.3437923986157713,9705691.0,426242656.0
2019-04-26,0.3353494822393913,0.3381111838578334,0.32524954489194613,0.3294315501998727,9977673.0,421180128.0
2019-04-29,0.3298260790025072,0.3440291158973521,0.3298260790025072,0.33732212625256425,11165165.0,481445440.0
2019-04-30,0.33921586450521024,0.34324005829208293,0.3321932518183147,0.336611974407822,5833878.0,249146928.0
2019-05-06,0.32588079097616146,0.3324299690998955,0.30765356029444396,0.3145183614602856,12208789.0,493203904.0
2019-05-07,0.3152285133050279,0.32690656586301137,0.315070701783974,0.32430267576562316,9997839.0,407487008.0
2019-05-08,0.31862146100768524,0.3298260790025072,0.31609647667082397,0.3273800004261729,8369670.0,344612992.0
2019-05-09,0.32706437738406524,0.32706437738406524,0.31743787459978146,0.32019957621822354,6733948.0,274084416.0
2019-05-10,0.32193550294981566,0.3340080843104338,0.3202784819787505,0.3340080843104338,8271780.0,345302656.0
2019-05-13,0.3306151366077764,0.33913695874468325,0.3295104559603996,0.3325877806209493,6395973.0,271945728.0
2019-05-14,0.3312463826919917,0.33740103201309113,0.3298260790025072,0.33329793246569156,4585989.0,194068896.0
2019-05-15,0.33598072832360665,0.347816592402644,0.3344815188735953,0.3464751944736864,8466962.0,367476576.0
2019-05-16,0.3464751944736864,0.34907908457107467,0.34324005829208293,0.34789549816317095,4923728.0,215924112.0
2019-05-17,0.347816592402644,0.351525163147409,0.3388213357025756,0.3396892990683717,6378267.0,278865824.0
2019-05-20,0.34103069699732924,0.34150413156049075,0.3316409114946263,0.338505712660468,4930318.0,209910528.0
2019-05-21,0.3366908801683489,0.35002595369739764,0.3362963513657143,0.34608066567105183,7766515.0,339821536.0
2019-05-22,0.34544941958683656,0.34955251913423613,0.339373676026264,0.3476587808815902,5767427.0,253228672.0
2019-05-23,0.3462384771921057,0.3462384771921057,0.3324299690998955,0.33456042463412217,6525580.0,280122816.0
2019-05-24,0.3344026131130684,0.3376377492946719,0.3235925239208809,0.32887920987618424,7001441.0,291582016.0
2019-05-27,0.3287213983551304,0.3363752571262413,0.3259596967366884,0.3335346497472723,5927675.0,249667728.0
2019-05-28,0.33195653453673396,0.33771665505519877,0.3318776287762071,0.3351916707183375,4509299.0,191717136.0
2019-05-29,0.33227215757884165,0.33511276495781056,0.3275378119472267,0.3306151366077764,4997470.0,209605056.0
2019-05-30,0.3285635868340766,0.3331401209446377,0.32311908935771944,0.3320354402972609,5428386.0,225622976.0
2019-05-31,0.3321932518183147,0.3349549534367568,0.3290370213972381,0.33274559214200317,3723216.0,157131248.0
2019-06-03,0.3325877806209493,0.3421353776447061,0.33211434605778783,0.33874242994204873,6978509.0,299282368.0
2019-06-04,0.33913695874468325,0.3415830373210177,0.3279323407498613,0.3292737386788188,5866729.0,247522624.0
2019-06-05,0.3289581156367112,0.3304573250867226,0.3108097907155206,0.3140449268971241,11666685.0,468013984.0
2019-06-06,0.3128613404892204,0.313176963531328,0.30615435084443254,0.30796918333655166,5447383.0,213197728.0
2019-06-10,0.3108886964760475,0.31562304210766245,0.3050496701970557,0.3134925865734357,5618481.0,222252800.0
2019-06-11,0.3134925865734357,0.32690656586301137,0.3127035289681666,0.3249339218498385,6688116.0,273169376.0
2019-06-12,0.3249339218498385,0.32824796379196897,0.3213042568656004,0.326354225539323,3715693.0,153257792.0
2019-06-13,0.32643313129984985,0.3276956234682805,0.32154097414718114,0.32588079097616146,3396505.0,139957776.0
2019-06-14,0.32588079097616146,0.33329793246569156,0.32438158152615004,0.3298260790025072,6896886.0,288284512.0
2019-06-17,1.4423346788125515,1.4569936156571073,1.4130168051234395,1.4344816769315392,7168721.0,195507392.0
2019-06-18,1.4344816769315392,1.4836938220525484,1.4276757419679955,1.4711290190429291,8120635.0,227213344.0
2019-06-19,1.497305691979636,1.5119646288241917,1.4774114205477387,1.5030645600257115,9362943.0,267544688.0
2019-06-20,1.497305691979636,1.5329059671735574,1.485787955887485,1.5187705637877358,8948846.0,259120352.0
2019-06-21,1.5187705637877358,1.5517531716879864,1.4993998258145724,1.5077763611543187,12692413.0,368258912.0
2019-06-24,1.5077763611543187,1.547041370559379,1.4920703573922947,1.5318589002560892,9905525.0,288858144.0
2019-06-25,1.532382433714823,1.5386648352196328,1.500970426190775,1.5344765675497596,7628011.0,221648144.0
2019-06-26,1.5219117645401405,1.5601297070277327,1.5219117645401405,1.5528002386054547,9179355.0,270971520.0
2019-06-27,1.5590826401102644,1.5679827089087446,1.5381413017608987,1.565365041615074,8161704.0,242605616.0
2019-06-28,1.581071045377098,1.6109124525249439,1.5706003762024152,1.596253515680388,12741505.0,387526176.0
2019-07-01,1.6308067239568411,1.667977599526965,1.6114359859836782,1.6585539972697505,14924201.0,467139872.0
2019-07-02,1.6585539972697505,1.7323722149512644,1.641277393131524,1.6805424025365845,17063564.0,550847872.0
2019-07-03,1.6700717333619015,1.691013071711267,1.6213831216996266,1.6480833280950677,13495455.0,427671648.0
2019-07-04,1.6632657983983579,1.6690246664444333,1.607247718313805,1.6245243224520316,10482551.0,327529856.0
2019-07-05,1.649130395012536,1.7328957484099983,1.633424391250512,1.7328957484099983,18881236.0,611587520.0
2019-07-08,1.7287074807401253,1.7381310829973398,1.6538421961411434,1.6554127965173457,17147132.0,549980608.0
2019-07-09,1.6496539284712703,1.6726894006555724,1.633424391250512,1.6569833968935481,9971583.0,314482912.0
2019-07-10,1.6585539972697505,1.6852542036651914,1.6166713205710195,1.6575069303522822,10376935.0,327012896.0
2019-07-11,1.6590775307284849,1.6648363987745602,1.6313302574155755,1.6360420585441826,6347221.0,199794816.0
2019-07-12,1.6355185250854485,1.6883954044175964,1.6271419897457022,1.6737364675730406,8986832.0,286489600.0
2019-07-15,1.6554127965173457,1.683160069830255,1.6281890566631707,1.6596010641872188,8923835.0,281850208.0
2019-07-16,1.663789331857092,1.6800188690778504,1.6109124525249439,1.6329008577917778,9732308.0,304383136.0
2019-07-17,1.641800926590258,1.6648363987745602,1.6234772555345633,1.6344714581679802,8099792.0,254326480.0
2019-07-18,1.6402303262140556,1.6569833968935481,1.6250478559107657,1.6360420585441826,5415478.0,169396832.0
2019-07-19,1.6349949916267144,1.6632657983983579,1.6281890566631707,1.6423244600489924,7227799.0,227616352.0
2019-07-22,1.6538421961411434,1.6538421961411434,1.6161477871122854,1.6329008577917778,7440990.0,232329680.0
2019-07-23,1.629236123580639,1.633424391250512,1.6009653168089952,1.61928898786469,8733890.0,269495456.0
2019-07-24,1.633424391250512,1.6486068615538019,1.6177183874884877,1.6318537908743096,7849978.0,244973840.0
2019-07-25,1.633424391250512,1.6360420585441826,1.6114359859836782,1.6229537220758292,6982629.0,216432080.0
2019-07-26,1.621906655158361,1.6318537908743096,1.599394716432793,1.6229537220758292,8108005.0,250689312.0
2019-07-29,1.6360420585441826,1.6391832592965874,1.6062006513963367,1.615100720194817,5399732.0,167254784.0
2019-07-30,1.6109124525249439,1.6355185250854485,1.6109124525249439,1.6161477871122854,7125727.0,220828976.0
2019-07-31,1.61038891906621,1.6208595882408927,1.5685062423674787,1.569553309284947,12192703.0,368804256.0
2019-08-01,1.5685062423674787,1.5789769115421615,1.5302882998798866,1.5386648352196328,17541512.0,516319840.0
2019-08-02,1.51301169574166,1.5344765675497596,1.5035880934844454,1.5302882998798866,10238115.0,297877216.0
2019-08-05,1.52819416604495,1.5627473743214033,1.5035880934844454,1.5313353667973548,13443299.0,395782784.0
2019-08-06,1.5082998946130528,1.5548943724403912,1.5035880934844454,1.5486119709355814,12608590.0,370600000.0
2019-08-07,1.5606532404864666,1.588400513799376,1.5302882998798866,1.5726945100373517,11297586.0,336709792.0
2019-08-08,1.570076842743681,1.5967770491391222,1.5601297070277327,1.5904946476343125,8860079.0,267920896.0
2019-08-09,1.5910181810930468,1.641277393131524,1.5904946476343125,1.6135301198186147,11769228.0,363451072.0
2019-08-12,1.6088183186900074,1.7328957484099983,1.5925887814692492,1.6821130029127869,17393810.0,553706048.0
2019-08-13,1.6632657983983579,1.709336742766962,1.6522715957649408,1.6716423337381041,9797539.0,313625984.0
2019-08-14,1.691013071711267,1.723995679611518,1.6721658671968382,1.70148374088595,12681606.0,410852704.0
2019-08-15,1.6747835344905089,1.7255662799877203,1.667454066068231,1.7067190754732915,11176521.0,363175840.0
2019-08-16,1.7082896758494939,1.7538370867593638,1.6915366051700014,1.7344663487862009,14718982.0,486914368.0
2019-08-19,1.7433664175846808,1.7512194194656932,1.6894424713350649,1.7260898134464544,17961312.0,589216448.0
2019-08-20,1.7260898134464544,1.7266133469051883,1.6915366051700014,1.71666621118924,11286656.0,367426880.0
2019-08-21,1.7067190754732915,1.7271368803639229,1.6967719397573424,1.7067190754732915,7287463.0,237761280.0
2019-08-22,1.7182368115654423,1.7622136220991098,1.6920601386287355,1.7606430217229077,13420919.0,442668608.0
2019-08-23,1.7590724213467053,1.8637791130935328,1.7475546852545543,1.8093316333851825,20491020.0,709128384.0
2019-08-26,1.7821078935310073,1.829749438275814,1.7747784251087293,1.7988609642104996,11719755.0,403551040.0
2019-08-27,1.7983374307517657,1.8292259048170796,1.7904844288707535,1.8025256984216387,9400941.0,325697408.0
2019-08-28,1.7800137596960708,1.7800137596960708,1.7161426777305058,1.7276604138226568,18212406.0,608122240.0
2019-08-29,1.7349898822449348,1.7517429529244273,1.6962484062986085,1.7109073431431645,16437902.0,538527872.0
2019-08-30,1.687348337500128,1.7779196258611343,1.678448268701648,1.7067190754732915,23278872.0,768750208.0
2019-09-02,1.705148475097089,1.735513415703669,1.667454066068231,1.713525010436835,17135436.0,557934144.0
2019-09-03,1.7082896758494939,1.7407487502910104,1.6852542036651914,1.6952013393811405,12542498.0,408093824.0
2019-09-04,1.7067190754732915,1.7360369491624028,1.6889189378763305,1.713001476978101,13479522.0,440346048.0
2019-09-05,1.7271368803639229,1.7318486814925298,1.694154272463672,1.7035778747208865,19815580.0,644265088.0
2019-09-06,1.6988660735922794,1.7250427465289864,1.6805424025365845,1.7150956108130375,14448517.0,469951968.0
2019-09-09,1.723995679611518,1.7260898134464544,1.687348337500128,1.7124779435193669,18023912.0,585888576.0
2019-09-10,1.7067190754732915,1.7700666239801222,1.6925836720874694,1.7684960236039198,24063530.0,796318464.0
2019-09-11,1.7695430905213878,1.7794902262373367,1.728183947281391,1.7402252168322763,13416936.0,447316480.0
2019-09-12,1.717189744647974,1.7459840848783517,1.694154272463672,1.7308016145750618,14564993.0,478279744.0
2019-09-16,1.7276604138226568,1.7370840160798713,1.7161426777305058,1.7224250792353153,7283778.0,239710720.0
2019-09-17,1.7156191442717719,1.7417958172084786,1.7114308766018984,1.7250427465289864,9280218.0,306087168.0
2019-09-18,1.7250427465289864,1.7412722837497443,1.7061955420145574,1.7308016145750618,11313615.0,372818880.0
2019-09-19,1.7276604138226568,1.7370840160798713,1.6952013393811405,1.7114308766018984,11327825.0,370277472.0
2019-09-20,1.7103838096844304,1.7260898134464544,1.6920601386287355,1.7260898134464544,9314021.0,304672480.0
2019-09-23,1.7119544100606328,1.7161426777305058,1.675307067949243,1.689966004793799,7270454.0,235141808.0
2019-09-24,1.6936307390049379,1.7768725589436658,1.689966004793799,1.7606430217229077,20606362.0,687468928.0
2019-09-25,1.7643077559340468,1.789437361953285,1.7444134845021493,1.7643077559340468,10964031.0,370574880.0
2019-09-26,1.7831549604484755,1.811425767220119,1.7459840848783517,1.7705901574388563,16127702.0,551804992.0
2019-09-27,1.7711136908975902,1.7972903638342972,1.7370840160798713,1.7674489566864513,8916180.0,299714656.0
2019-09-30,1.7690195570626537,1.8103787003026506,1.7533135533006297,1.7957197634580946,8840876.0,301647680.0
2019-10-08,1.8177081687249286,1.8548790442950525,1.8061904326327776,1.8177081687249286,11230320.0,391283712.0
2019-10-09,1.815614034889992,1.8177081687249286,1.7512194194656932,1.7805372931548047,11076692.0,376171648.0
2019-10-10,1.7957197634580946,1.9166559924256807,1.7862961612008803,1.9009499886636567,22048114.0,787352512.0
2019-10-11,1.9098500574621369,1.9302678623527683,1.87477331572695,1.9025205890398593,11681087.0,424768288.0
2019-10-14,1.9177030593431492,1.9800035409325116,1.8889087191127714,1.9051382563335297,16512737.0,606964480.0
2019-10-15,1.9197971931780857,1.9365502638575782,1.8868145852778349,1.9004264552049224,10861978.0,395960352.0
2019-10-16,1.9150853920494784,1.9878565428135235,1.9135147916732758,1.9590622025831461,14164906.0,531537600.0
2019-10-17,1.9616798698768168,2.0171744165026353,1.8983323213699859,1.9182265928018833,14179105.0,523510080.0
2019-10-18,1.9292207954353002,1.9868094758960555,1.9046147228747958,1.9260795946828952,10701245.0,397324288.0
2019-10-21,1.9266031281416294,1.9632504702530191,1.8732027153507473,1.9145618585907442,13095247.0,476368608.0
2019-10-22,1.9187501262606173,1.9234619273892248,1.8847204514428983,1.9161324589669468,8437360.0,307273216.0
2019-10-23,1.9140383251320103,1.9224148604717564,1.864826180011001,1.8768674495618864,9224697.0,332380608.0
2019-10-24,1.8978087879112517,1.9203207266368199,1.8847204514428983,1.8983323213699859,8118321.0,294955040.0
2019-10-25,1.9030441224985932,1.9606328029593485,1.8941440537001129,1.9527798010783362,8993472.0,333284000.0
2019-10-28,2.0103684815390914,2.015603816126433,1.9072323901684662,1.9266031281416294,21243792.0,786848960.0
2019-10-29,1.9250325277654272,1.9344561300226417,1.894667587158847,1.8993793882874543,12752694.0,465389184.0
2019-10-30,1.8889087191127714,1.9187501262606173,1.837078906698092,1.8470260424140406,19129966.0,680122432.0
2019-10-31,1.8548790442950525,1.9004264552049224,1.8512143100839136,1.887338118736569,15865067.0,569849408.0
2019-11-01,1.8951911206175813,1.9271266616003637,1.8763439161031523,1.9145618585907442,12067070.0,438609056.0
2019-11-04,1.9245089943066929,1.9449267991973243,1.8925734533239105,1.9108971243796053,13793337.0,505151968.0
2019-11-05,1.9239854608479587,1.9323619961877048,1.8925734533239105,1.9171795258844149,10194240.0,373046944.0
2019-11-06,1.9145618585907442,1.9313149292702367,1.9004264552049224,1.921367793554288,9359585.0,342665760.0
2019-11-07,1.9355031969401097,1.9360267303988439,1.8847204514428983,1.9030441224985932,12109861.0,440156928.0
2019-11-08,1.9177030593431492,1.9203207266368199,1.8732027153507473,1.8794851168555569,10270483.0,370661888.0
2019-11-11,1.867443847304672,1.8836733845254299,1.8323671055694846,1.837078906698092,10630526.0,376800288.0
2019-11-12,1.8480731093315086,1.8679673807634058,1.8182317021836627,1.864826180011001,8639808.0,305085024.0
2019-11-13,1.871632114974545,1.9182265928018833,1.8554025777537866,1.9161324589669468,14992091.0,543222016.0
2019-11-14,1.921367793554288,1.9595857360418802,1.9088029905446688,1.9423091319036536,14768614.0,547264448.0
2019-11-15,1.9480679999497292,1.9574916022069437,1.9203207266368199,1.9229383939304903,8261984.0,305701600.0
2019-11-18,1.9370737973163121,1.9517327341608681,1.87477331572695,1.9082794570859347,11430474.0,415272896.0
2019-11-19,1.9203207266368199,1.977385873638841,1.9114206578383393,1.9763388067213725,18018060.0,672924864.0
2019-11-20,1.9763388067213725,1.9878565428135235,1.954873934913273,1.9580151356656776,9687327.0,364218848.0
2019-11-21,1.9622034033355507,1.9622034033355507,1.9161324589669468,1.9292207954353002,9663636.0,356080608.0
2019-11-22,1.9365502638575782,1.9391679311512486,1.831320038652016,1.837602440156826,23303688.0,829332096.0
2019-11-25,1.837602440156826,1.8475495758727745,1.7559312205943003,1.7815843600722732,20805324.0,707713152.0
2019-11-26,1.7957197634580946,1.810902233761385,1.7669254232277172,1.810902233761385,17546364.0,599461376.0
2019-11-27,1.785249094283412,1.785249094283412,1.754360620218098,1.7684960236039198,11580540.0,391205728.0
2019-11-28,1.7747784251087293,1.7836784939072097,1.7616900886403757,1.7726842912737928,7349615.0,248744752.0
2019-11-29,1.7695430905213878,1.7695430905213878,1.7156191442717719,1.7517429529244273,17398668.0,577607744.0
2019-12-02,1.7480782187132882,1.7590724213467053,1.7234721461527838,1.7276604138226568,9755522.0,323289664.0
2019-12-03,1.7250427465289864,1.7308016145750618,1.6847306702064575,1.7292310141988594,12524552.0,408523360.0
2019-12-04,1.7198074119416449,1.7480782187132882,1.7109073431431645,1.7292310141988594,10394889.0,344128320.0
2019-12-05,1.7412722837497443,1.7580253544292368,1.731325148033796,1.74703115179582,10411804.0,347166016.0
2019-12-06,1.7506958860069588,1.7548841536768323,1.7391781499148078,1.7486017521720223,5959370.0,198741472.0
2019-12-09,1.7486017521720223,1.7554076871355662,1.697295473216077,1.7009602074272159,13903394.0,454725184.0
2019-12-10,1.698342540133545,1.735513415703669,1.694154272463672,1.7349898822449348,10782996.0,354851360.0
2019-12-11,1.7349898822449348,1.7601194882641733,1.709860276225696,1.7486017521720223,10140726.0,337714496.0
2019-12-12,1.7433664175846808,1.7564547540530344,1.7365604826211374,1.7433664175846808,6221358.0,207150400.0
2019-12-13,1.7554076871355662,1.7789666927786023,1.7412722837497443,1.7747784251087293,11491749.0,387735104.0
2019-12-16,1.7695430905213878,1.7862961612008803,1.7480782187132882,1.7794902262373367,11758937.0,398237376.0
2019-12-17,1.7878667615770827,1.789437361953285,1.7711136908975902,1.7805372931548047,12203681.0,414982752.0
2019-12-18,1.7836784939072097,1.7836784939072097,1.7538370867593638,1.7590724213467053,11216393.0,378167456.0
2019-12-19,1.7637842224753122,1.7658783563102487,1.7276604138226568,1.7370840160798713,10129866.0,336343168.0
2019-12-20,1.7302780811163274,1.7465076183370858,1.7203309454003788,1.7381310829973398,7478209.0,247529072.0
2019-12-23,1.7276604138226568,1.7669254232277172,1.7266133469051883,1.7386546164560739,8227710.0,275023104.0
2019-12-24,1.7407487502910104,1.7669254232277172,1.7407487502910104,1.7658783563102487,7563400.0,253981344.0
2019-12-25,1.7658783563102487,1.7705901574388563,1.7433664175846808,1.754360620218098,6268216.0,209597184.0
2019-12-26,1.7538370867593638,1.819802302559865,1.7491252856307564,1.811425767220119,18176616.0,623318464.0
2019-12-27,1.815614034889992,1.815614034889992,1.7643077559340468,1.7700666239801222,14053682.0,480156704.0
2019-12-30,1.7575018209705027,1.7695430905213878,1.7339428153274663,1.7580253544292368,12928234.0,431709984.0
2019-12-31,1.7637842224753122,1.9030441224985932,1.7601194882641733,1.8402201074504965,28915692.0,1013505408.0
2020-01-02,1.8323671055694846,1.8522613770013818,1.7978138972930315,1.8438848416616356,19510756.0,679275200.0
2020-01-03,1.834984772863155,1.855926111212521,1.82294350331227,1.830796505193282,9378732.0,328597408.0
2020-01-06,1.8292259048170796,1.837078906698092,1.6585539972697505,1.6847306702064575,46628380.0,1533706368.0
2020-01-07,1.6726894006555724,1.691013071711267,1.6585539972697505,1.691013071711267,37093648.0,1184115968.0
2020-01-08,1.6779247352429136,1.7041014081796204,1.675307067949243,1.683683603288989,15445418.0,497894656.0
2020-01-09,1.6988660735922794,1.7370840160798713,1.689966004793799,1.7219015457765814,21872154.0,716035264.0
2020-01-10,1.7292310141988594,1.7512194194656932,1.7114308766018984,1.7402252168322763,16033636.0,531721888.0
2020-01-13,1.7402252168322763,1.7983374307517657,1.7402252168322763,1.7957197634580946,19633308.0,666948160.0
2020-01-14,1.7946726965406266,1.8093316333851825,1.7721607578150587,1.7826314269897412,14001134.0,478993984.0
2020-01-15,1.7826314269897412,1.800955098045436,1.7695430905213878,1.7941491630818927,8603219.0,294147424.0
2020-01-16,1.79257856270569,1.805143365715309,1.7753019585674632,1.7857726277421462,8012050.0,273163904.0
2020-01-17,1.7857726277421462,1.7972903638342972,1.7669254232277172,1.7842020273659438,9007021.0,306876448.0
2020-01-20,1.8663967803872035,1.883149851066696,1.811425767220119,1.8580202450474574,31610002.0,1117039360.0
2020-01-21,1.9108971243796053,1.985762408978587,1.9056617897922639,1.9386443976925147,39311936.0,1459905920.0
2020-01-22,1.9642975371704876,1.9642975371704876,1.8585437785061913,1.883149851066696,28635876.0,1033420480.0
2020-01-23,1.9239854608479587,1.9517327341608681,1.8517378435426475,1.8894322525715057,34362836.0,1250598912.0
2020-02-03,1.9915212770246626,2.060104160118835,1.8135199010550556,1.9470209330322608,53356316.0,1994430720.0
2020-02-04,1.9108971243796053,1.9449267991973243,1.8328906390282185,1.9161324589669468,41549976.0,1506827136.0
2020-02-05,1.966915204464158,2.0977985691476926,1.9229383939304903,2.0480628905679494,61474032.0,2329787392.0
2020-02-06,2.0627218274125054,2.2527644729329976,2.0627218274125054,2.2527644729329976,69359488.0,2890210816.0
2020-02-07,2.2569527406028707,2.3124472872286894,2.1082692383223756,2.151722515397309,51510660.0,2165710336.0
2020-02-10,2.205122928188191,2.2511938725567955,2.0936103014778196,2.20878766239933,50220652.0,2089025664.0
2020-02-11,2.166904985700599,2.177899188334016,2.118739907497058,2.138634178928956,26029228.0,1067066176.0
2020-02-12,2.1873227905912302,2.2040758612707227,2.1464871808099675,2.155387249608448,21229972.0,878569472.0
2020-02-13,2.155910783067182,2.200934660518318,2.094657368395288,2.1684755860768017,29989020.0,1229204096.0
2020-02-14,2.385218437992735,2.385218437992735,2.230776067666164,2.250670339098061,53554312.0,2353743104.0
2020-02-17,2.1988405266833815,2.2428173372170495,2.1449165804337653,2.2150700639041396,32628500.0,1363085312.0
2020-02-18,2.2150700639041396,2.2176877311978105,2.147010714268702,2.155910783067182,25437492.0,1053444800.0
2020-02-19,2.1648108518656626,2.1721403202879404,2.079474898091998,2.0815690319269344,26842396.0,1076887680.0
2020-02-20,2.0705748292935175,2.112981039450983,2.070051295834783,2.0977985691476926,18865968.0,754434752.0
2020-02-21,2.095704435312756,2.143869513516297,2.079998431550732,2.1307811770479437,23277292.0,945763520.0
2020-02-24,2.1988405266833815,2.2250171996200883,2.14805778118617,2.155910783067182,23705644.0,982159616.0
2020-02-25,2.1543401826909796,2.249099738721859,2.1239752420844,2.2297290007486956,31968732.0,1348827264.0
2020-02-26,2.1988405266833815,2.216117130821608,2.1360165116352845,2.1585284503608526,25306776.0,1051133952.0
2020-02-27,2.177899188334016,2.2019817274357862,2.132351777424146,2.185752190215028,18457242.0,765505856.0
2020-02-28,2.1360165116352845,2.227634866913759,2.134445911259083,2.1726638537466747,21058432.0,882562304.0
2020-03-02,2.175281521040345,2.2381055360884416,2.100939769900098,2.2150700639041396,21745464.0,912361344.0
2020-03-03,2.249099738721859,2.390453772580076,2.23025253420743,2.318729688733499,34067348.0,1509532544.0
2020-03-04,2.3297238913669163,2.3543299639274204,2.2375820026297077,2.2878412146681852,18819416.0,821695360.0
2020-03-05,2.303547218430209,2.38207723724033,2.291505948879324,2.3569476312210913,20094342.0,901035008.0
2020-03-06,2.326059157155777,2.3757948357355203,2.3150649545223603,2.329200357908182,14852596.0,663520640.0
2020-03-09,2.329200357908182,2.3757948357355203,2.2585233409790733,2.2679469432362875,18481380.0,819102976.0
2020-03-10,2.219258331574013,2.2988354173016017,2.1464871808099675,2.241246736840847,21806356.0,924992640.0
2020-03-11,2.241246736840847,2.2815588131633753,2.2150700639041396,2.23025253420743,11729593.0,502424064.0
2020-03-12,2.212975930069203,2.2182112646565444,2.1307811770479437,2.1407283127638923,18460340.0,760067776.0
2020-03-13,1.9266031281416294,2.1684755860768017,1.9266031281416294,2.0977985691476926,23460826.0,917100608.0
2020-03-16,2.1396812458464236,2.159575517278321,2.027121552218584,2.072668963128454,19250812.0,775464320.0
2020-03-17,2.1004162364413634,2.261664541731478,2.030262752970989,2.2381055360884416,33061008.0,1368225408.0
2020-03-18,2.303547218430209,2.3339121590367893,2.201458193977052,2.20878766239933,23505868.0,1017357760.0
2020-03-19,2.2103582627755323,2.2333937349598343,2.083663165761871,2.142822446598829,20415410.0,839047296.0
2020-03-20,2.1606225841957896,2.302500151512741,2.099369169523895,2.261664541731478,24504706.0,1032444672.0
2020-03-23,2.2072170620231275,2.322917956403372,2.1983169932246476,2.2904588819618557,26635252.0,1155363584.0
2020-03-24,2.311400220311221,2.3381004267066623,2.22397013270262,2.2977883503841334,23530640.0,1024623360.0
2020-03-25,2.314017887604892,2.4538013210869067,2.2679469432362875,2.4271011146914656,27265890.0,1234110464.0
2020-03-26,2.401971508672227,2.536519607566901,2.3873125718276715,2.5129606019238646,27251882.0,1289288704.0
2020-03-27,2.5548432786225956,2.5726434162195564,2.3915008394975446,2.4538013210869067,27857660.0,1316751104.0
2020-03-30,2.419771646269188,2.518195936511206,2.360088831973496,2.4082539101770366,20683886.0,954609536.0
2020-03-31,2.3768419026529886,2.511913535006396,2.366371233478306,2.5087723342539916,19271276.0,901881216.0
2020-04-01,2.5019663992904477,2.6229026282580334,2.48207212785855,2.5333784068144958,24559592.0,1201016832.0
2020-04-02,2.5318078064382936,2.5621727470448734,2.4794544605648796,2.5543197451638613,15325325.0,739249920.0
2020-04-03,2.5914906207339854,2.68572664330613,2.551702077870191,2.5689786820084173,19781200.0,988904256.0
2020-04-07,2.5763081504306955,2.7050973812792933,2.548560877117786,2.680491308718789,22249984.0,1125895680.0
2020-04-08,2.617667293670692,2.628137962845375,2.507201733877789,2.522384204181079,39067644.0,1914827008.0
2020-04-09,2.5391372748605714,2.5878258865228463,2.4616543229679193,2.54908441057652,24017912.0,1161907712.0
2020-04-10,2.536519607566901,2.6401792323962603,2.5129606019238646,2.5433255425304444,19603964.0,964373504.0
2020-04-13,2.5171488695937376,2.5804964181005685,2.459036655674248,2.472124992142602,18787748.0,901053696.0
2020-04-14,2.50353699966665,2.5721198827608225,2.450660120334502,2.5626962805036078,26951340.0,1299947520.0
2020-04-15,2.565313947797278,2.639655698937526,2.5391372748605714,2.595155354945124,22833888.0,1128696704.0
2020-04-16,2.604055423743605,2.7213269185000515,2.5914906207339854,2.6726383068377766,24639514.0,1250500992.0
2020-04-17,2.666355905332967,2.666355905332967,2.541754942154242,2.5532726782463935,26757828.0,1316632320.0
2020-04-20,2.555890345540064,2.60981429178968,2.511913535006396,2.5501314774939883,21781800.0,1064070784.0
2020-04-21,2.5914906207339854,2.643843966607399,2.5276195387684206,2.5574609459162665,19991524.0,984091648.0
2020-04-22,2.5171488695937376,2.5721198827608225,2.4606072560504506,2.56426688087981,16506409.0,795087424.0
2020-04-23,2.5982965556975293,2.7098091824079003,2.5768316838894294,2.6710677064615744,31396374.0,1589293312.0
2020-04-24,2.681538375636257,2.7050973812792933,2.5715963493020877,2.5794493511831003,20121314.0,1014481792.0
2020-04-27,8.701866686827547,9.33319645954919,8.485345645641424,9.007275313342712,34282480.0,1346166528.0
2020-04-28,8.97764611823303,9.242029705365558,8.786195934447406,9.239750536510968,34128244.0,1362332928.0
2020-04-29,9.18505048400079,9.299008926730329,8.995879469069756,9.075650378980434,21478872.0,858878592.0
2020-04-30,9.03690450845239,9.071092041271251,8.683633335990821,8.85912933779431,31021480.0,1201180800.0
2020-05-06,8.740612557355592,8.870525182067265,8.649445803171961,8.786195934447406,29202776.0,1120651392.0
2020-05-07,8.77024175246527,8.820383467266268,8.656283309735732,8.667679154008686,25634080.0,981382208.0
2020-05-08,8.683633335990821,8.804429285284133,8.544604035860786,8.67451666057246,27047728.0,1031645760.0
2020-05-11,8.729216713082636,8.786195934447406,8.416970580003701,8.487624814496016,30844606.0,1159394944.0
2020-05-12,8.505858165332741,8.71098336224591,8.457995619386335,8.71098336224591,26418640.0,1000180672.0
2020-05-13,8.660841647444913,8.80215011642954,8.569674893261283,8.724658375373455,22288148.0,850776192.0
2020-05-14,8.654004140881142,8.697308349118366,8.560558217842921,8.565116555552102,17097324.0,645917056.0
2020-05-15,8.546883204715375,8.615258270353097,8.32580382582007,8.401016398021566,25842694.0,954870272.0
2020-05-18,8.401016398021566,8.724658375373455,8.316687150401709,8.672237491717867,27876008.0,1049856896.0
2020-05-19,8.850012662375947,9.299008926730329,8.779358427883635,9.230633861092606,54326536.0,2153112576.0
2020-05-20,9.232913029947197,9.369663161222642,9.06425453470748,9.141746275763566,30823724.0,1242950016.0
2020-05-21,9.253425549638514,9.684188463156168,9.046021183870753,9.280775575893601,40308188.0,1656624000.0
2020-05-22,9.351429810385916,9.675071787737807,9.264821393911467,9.381059005495596,38085780.0,1579394176.0
2020-05-25,9.458550746551682,9.588463371263355,9.260263056202286,9.385617343204778,27926884.0,1152130560.0
2020-05-26,9.385617343204778,9.645442592628125,9.230633861092606,9.57478835813581,28003504.0,1169139328.0
2020-05-27,9.595300877827128,9.798146905885707,9.42208404487823,9.522367474480223,25508552.0,1076205312.0
2020-05-28,9.378779836641005,9.433479889151183,8.957133598541713,9.116675418363068,36581964.0,1467108736.0
2020-05-29,9.071092041271251,9.469946590824636,9.018671157615664,9.385617343204778,23445122.0,957911744.0
2020-06-01,9.387896512059369,9.499575785934315,9.248867211929332,9.458550746551682,26499244.0,1091327616.0
2020-06-02,9.39017568091396,9.408409031750686,9.048300352725345,9.175933808582426,31874482.0,1280423424.0
2020-06-03,9.137187938054385,9.292171420166557,9.082487885544205,9.134908769199793,22442308.0,904600640.0
2020-06-04,9.162258795454884,9.467667421970045,9.132629600345203,9.412967369459865,28838870.0,1177331968.0
2020-06-05,9.378779836641005,9.510971630207269,9.314963108712464,9.374221498931824,18711478.0,771616000.0
2020-06-08,9.567950851572038,9.681909294301576,9.09616289867175,9.173654639727836,26942032.0,1095643008.0
2020-06-09,9.118954587217658,9.317242277567056,9.06653370356207,9.253425549638514,19391428.0,784842432.0
2020-06-10,9.194167159419154,9.526925812189404,9.194167159419154,9.417525707169048,27929984.0,1153161728.0
2020-06-11,9.469946590824636,9.504134123643498,9.173654639727836,9.276217238184422,24285460.0,995733632.0
2020-06-12,9.144025444618157,9.458550746551682,9.116675418363068,9.406129862896096,30536144.0,1250023808.0
2020-06-15,9.549717500735312,9.836892776413748,9.48362160395218,9.775355217339799,40069588.0,1704618368.0
2020-06-16,9.745726022230118,10.005551271653466,9.643163423773535,9.937176206015744,30099832.0,1300098560.0
2020-06-17,10.087601350418733,10.930893826617318,10.087601350418733,10.930893826617318,50988456.0,2383519744.0
2020-06-18,10.94001050203568,11.254535803969206,10.64143938208429,10.860239592125003,44608072.0,2128517376.0
2020-06-19,10.723489460849557,11.12234401040294,10.570785147591977,10.94228967089027,30116610.0,1442809728.0
2020-06-22,10.944568839744862,11.395844272953834,10.839727072433687,11.08815647758408,30657960.0,1489025408.0
2020-06-23,11.074481464456536,11.286444167933478,10.876193774107138,11.12234401040294,23143480.0,1125662336.0
2020-06-24,11.156531543221805,11.361656740134972,10.814656215033189,10.946848008599453,25801672.0,1240136192.0
2020-06-29,10.94001050203568,11.459661000882376,10.894427124943865,11.389006766390061,37904468.0,1872700928.0
2020-06-30,11.3798900909717,11.566781937048141,11.186160738331482,11.420915130354333,26867024.0,1343253632.0
2020-07-01,11.541711079647643,11.543990248502233,10.554830965609842,10.933172995471908,44106068.0,2128190848.0
2020-07-02,10.803260370760235,11.022060580800948,10.616368524683791,10.826052059306143,38165716.0,1808033536.0
2020-07-03,10.709814447722014,10.928614657762727,10.536597614773115,10.798702033051054,29788432.0,1402893696.0
2020-07-06,10.798702033051054,10.798702033051054,10.495572575390481,10.575343485301158,65543496.0,3040245248.0
2020-07-07,10.484176731117527,10.892147956089275,10.324634911296172,10.725768629704149,57364584.0,2676206080.0
2020-07-08,10.734885305122512,10.798702033051054,10.57990182301034,10.645997719793472,35679088.0,1666656128.0
2020-07-09,10.55255179675525,11.115506503839171,10.500130913099662,10.965081359436178,58471764.0,2781203200.0
2020-07-10,10.967360528290769,11.202114920313619,10.832889565869914,11.08587730872949,48369852.0,2345381376.0
2020-07-13,11.094993984147854,12.193553372060602,11.094993984147854,12.193553372060602,69335520.0,3602571264.0
2020-07-14,12.307511814790141,12.763345585708294,11.965636486601525,12.649387142978755,67510944.0,3672545280.0
2020-07-15,12.626595454432847,13.187270992662176,12.312070152499324,12.624316285578258,51964580.0,2896824832.0
2020-07-16,12.54682454452217,12.585570415050213,11.361656740134972,11.393565104099244,52300572.0,2731466240.0
2020-07-17,11.464219338591557,11.908657265236757,11.288723336788069,11.623761158412911,33747476.0,1716000384.0
2020-07-20,11.874469732417895,11.920053109509709,11.167927387494757,11.59185279444864,31590884.0,1594331136.0
2020-07-21,11.509802715683373,12.535428700249218,11.395844272953834,12.348536854172774,47751268.0,2534257408.0
2020-07-22,12.170761683514694,12.890979041565377,11.942844798055617,12.574174570777261,43541948.0,2398837504.0
2020-07-23,12.42147025751968,13.19638766808054,12.330303503336049,13.19638766808054,55537392.0,3138121216.0
2020-07-24,12.847674833328151,13.027729172840822,12.157086670387152,12.280161788535052,43334964.0,2393237248.0
2020-07-27,12.318907659063093,13.191829330371359,12.307511814790141,13.025450003986231,48417120.0,2717433088.0
2020-07-28,13.150804290988725,13.150804290988725,12.348536854172774,12.790695611963383,36503736.0,2030820480.0
2020-07-29,12.788416443108792,13.9713050786414,12.713203870907297,13.636267257016558,48946020.0,2896146432.0
2020-07-30,13.743388193182323,14.95134768611543,13.627150581598194,13.898371675294495,63230276.0,3939819776.0
2020-07-31,13.6750131275446,14.942231010697068,13.49267961917734,14.79864337285785,56691400.0,3534724096.0
2020-08-03,15.04251444029906,16.277823959487257,14.433976356123326,16.277823959487257,58911224.0,3981053696.0
2020-08-04,15.954181982135367,17.321683294889826,15.179264571574505,15.607748316237572,71901552.0,5092254208.0
2020-08-05,15.243081299503046,16.302894816887754,14.816876723694577,15.992927852663412,53313572.0,3634298624.0
2020-08-06,15.733102603240063,16.061302918301134,14.723430800656352,14.95134768611543,56455128.0,3763116544.0
2020-08-07,14.95134768611543,15.170147896156145,13.670454789835418,14.130846898462755,72643184.0,4502987776.0
2020-08-10,13.978142585205171,14.053355157406667,13.269321071427443,13.836834116220546,48590536.0,2925761792.0
2020-08-11,13.6750131275446,14.071588508243394,13.563333853669652,13.629429750452784,35977540.0,2176034048.0
2020-08-12,13.64082559472574,13.720596504636417,12.346257685318184,12.622037116723668,57663844.0,3259082496.0
2020-08-13,12.763345585708294,12.804370625090927,12.043128227657613,12.316628490208503,46356640.0,2519013632.0
2020-08-14,12.321186827917685,12.553662051085944,12.113782462149926,12.501241167430356,33217204.0,1801409152.0
2020-08-17,12.535428700249218,13.49951712574111,12.291557632808006,13.46305042406766,62877288.0,3574460160.0
2020-08-18,13.219179356626448,13.855067467057271,13.191829330371359,13.451654579794706,46676292.0,2763788032.0
2020-08-19,13.453933748649296,13.88013832445777,12.957074938348509,13.009495822004096,50392784.0,2951945472.0
2020-08-20,12.649387142978755,12.950237431784737,12.42147025751968,12.845395664473562,23911468.0,1339130624.0
2020-08-21,12.854512339891924,13.020891666277052,12.50807867399413,12.656224649542528,22272756.0,1250214144.0
2020-08-24,12.681295506943027,12.815766469363881,12.193553372060602,12.615199610159895,22598686.0,1242510720.0
2020-08-25,12.763345585708294,12.979866626894417,12.694970520070571,12.756508079144522,21228964.0,1192395520.0
2020-08-26,12.72459971518025,13.260204396009081,12.626595454432847,12.831720651346016,24492896.0,1390812672.0
2020-08-27,12.89781654812915,13.01861249742246,12.451099452629359,13.01861249742246,22112596.0,1242815232.0
2020-08-28,12.99126247116737,13.447096242085523,12.90009571698374,13.381000345302391,30734098.0,1782480768.0
2020-08-31,13.365046163320256,13.481283774904385,13.128012602442817,13.128012602442817,20849104.0,1213220736.0
2020-09-01,13.071033381078047,13.155362628697906,12.676737169233844,12.740553897162386,19837712.0,1115069952.0
2020-09-02,12.704087195488935,12.884141535001605,12.603803765886939,12.790695611963383,13794016.0,771102528.0
2020-09-03,12.747391403726159,12.959354107203099,12.535428700249218,12.54682454452217,19325918.0,1079781504.0
2020-09-04,12.353095191881957,12.83855815790979,12.177599190078467,12.783858105399611,21884694.0,1197094272.0
2020-09-07,12.763345585708294,13.014054159713279,12.485286985448221,12.50807867399413,18592496.0,1038541248.0
2020-09-08,12.514916180557899,12.751949741435341,12.234578411443236,12.353095191881957,14676971.0,798393408.0
2020-09-09,12.15480750153256,12.15480750153256,11.170206556349347,11.256814972823797,37949968.0,1901794688.0
2020-09-10,11.322910869606929,11.434590143481877,10.981035541418315,10.981035541418315,26164996.0,1287216640.0
2020-09-11,10.978756372563724,11.183881569476892,10.933172995471908,11.0835981398749,16951352.0,823823936.0
2020-09-14,11.304677518770204,11.47561518286451,11.001548061109633,11.136019023530487,19844706.0,979169472.0
2020-09-15,11.145135698948849,11.416356792645152,11.024339749655539,11.402681779517607,20869792.0,1030886400.0
2020-09-16,11.418635961499742,11.53259440422928,11.099552321857034,11.156531543221805,17273268.0,852754624.0
2020-09-17,11.010664736527994,11.11778567269376,10.630043537811336,10.85340208556123,27857916.0,1320253440.0
2020-09-18,10.990152216836677,11.133739854675897,10.712093616576604,11.076760633311126,22669028.0,1093216768.0
2020-09-21,11.099552321857034,11.350260895862018,11.051689775910628,11.0835981398749,18798328.0,921436736.0
2020-09-22,11.001548061109633,11.64655284695882,11.001548061109633,11.281885830224295,34367060.0,1716829696.0
2020-09-23,11.432310974627285,12.168482514660104,11.288723336788069,11.981590668583662,45575472.0,2362358272.0
2020-09-24,11.838003030744442,12.537707869103807,11.785582147088855,12.33486184104523,47679272.0,2563013632.0
2020-09-25,12.341699347609001,13.112058420460682,12.12973664413206,12.524032855976264,42369216.0,2354718208.0
2020-09-28,12.672178831524663,12.877304028437832,12.193553372060602,12.298395139371777,29549780.0,1614096896.0
2020-09-29,12.307511814790141,12.788416443108792,11.920053109509709,12.637991298705803,30812472.0,1677106816.0
2020-09-30,12.658503818397119,13.01633332856787,12.464774465756904,12.98898330231278,34685640.0,1952825856.0
2020-10-09,13.561054684815062,14.212896977228022,13.333137799355987,13.982700922914354,46926744.0,2829608192.0
2020-10-12,14.062471832825032,14.313180406830014,13.747946530891506,14.121730223044391,39330716.0,2413520640.0
2020-10-13,13.937117545822538,14.814597554839985,13.829996609656773,14.251642847756065,42229872.0,2667905536.0
2020-10-14,14.167313600136206,14.381555472467738,13.606638061906878,13.661338114417056,46166920.0,2828843520.0
2020-10-15,13.857346635911862,13.900650844149087,13.46077125521307,13.55421717825129,31642308.0,1898345088.0
2020-10-16,13.690967309526735,13.857346635911862,13.469887930631431,13.766179881728231,26259376.0,1577378432.0
2020-10-19,13.777575726001185,13.845950791638908,12.909212392402104,13.059637536805093,46545692.0,2706227456.0
2020-10-20,13.05052086138673,13.112058420460682,12.774741429981248,13.023170835131642,22985224.0,1303916160.0
2020-10-21,13.212341850062675,13.394675358429938,12.918329067820466,12.993541640021961,30479920.0,1757175936.0
2020-10-22,12.879583197292423,12.893258210419967,12.21634506060651,12.223182567170284,37924368.0,2061917056.0
2020-10-23,12.307511814790141,12.350816023027365,11.53259440422928,11.685298717486862,33531624.0,1746169856.0
2020-10-26,11.626040327267502,12.079594929331064,11.44142765004565,11.831165524180669,22847110.0,1183773568.0
2020-10-27,11.698973730614405,12.0704782539127,11.64883201581341,12.018057370257113,21607950.0,1133168768.0
2020-10-28,12.03856988994843,12.075036591621881,11.657948691231772,11.924611447218892,15514132.0,808475904.0
2020-10-29,11.835723861889852,12.378166049282456,11.785582147088855,12.223182567170284,32517492.0,1732582784.0
2020-10-30,12.207228385188147,12.211786722897328,11.578177781321095,11.669344535504727,29788440.0,1542508672.0
2020-11-02,11.395844272953834,11.395844272953834,10.502410081954253,10.502410081954253,69443664.0,3247887360.0
2020-11-03,10.484176731117527,10.737164473977103,10.092159688127916,10.648276888648063,45633260.0,2103073280.0
2020-11-04,10.58218099186493,10.70297694115824,10.370218288387989,10.536597614773115,29365402.0,1353724032.0
2020-11-05,10.575343485301158,10.666510239484788,10.411243327770622,10.591297667283293,25718006.0,1189208320.0
2020-11-06,10.529760108209343,10.532039277063934,10.142301402928911,10.290447378477312,32389506.0,1457217152.0
2020-11-09,10.322355742441582,10.598135173847066,10.22663065054877,10.545714290191478,34766468.0,1595519232.0
2020-11-10,10.894427124943865,11.12006484154835,10.142301402928911,10.265376521076814,52335228.0,2422163712.0
2020-11-11,10.144580571783502,10.155976416056458,9.704700982847484,9.786751061612753,47710272.0,2071199488.0
2020-11-12,9.855126127250475,10.201559793148272,9.855126127250475,10.103555532400868,30264736.0,1333249408.0
2020-11-13,10.096718025837097,10.233468157112542,9.916663686324426,10.171930598038593,18907724.0,838056896.0
2020-11-16,10.142301402928911,10.247143170240088,9.932617868306561,10.16281392262023,18125192.0,805707648.0
2020-11-17,10.13318472751055,10.142301402928911,9.741167684520939,9.937176206015744,23362392.0,1013506368.0
2020-11-18,9.982759583107558,10.048855479890692,9.850567789541294,9.884755322360155,13728154.0,597962560.0
2020-11-19,9.843730282977521,9.98503875196215,9.74800519108471,9.934897037161154,11860302.0,515581856.0
2020-11-20,9.948572050288696,9.98959708967133,9.84145111412293,9.846009451832114,13489118.0,586005248.0
2020-11-23,9.859684464959656,9.914384517469836,9.526925812189404,9.686467632010759,32301642.0,1370262144.0
2020-11-24,9.65911760575567,9.72293433368421,9.526925812189404,9.647721761482716,14594881.0,616579008.0
2020-11-25,9.647721761482716,9.672792618883214,9.39473401862314,9.403850694041504,23259874.0,969119296.0
2020-11-26,9.424363213732821,9.515529967916452,9.187329652855382,9.230633861092606,19903808.0,812131776.0
2020-11-27,9.287613082457375,9.608975890954673,9.18505048400079,9.495017448225134,24253042.0,1006066880.0
2020-11-30,9.606696722100082,9.964526232270833,9.44943407113332,9.809542750158661,34783544.0,1490494336.0
2020-12-01,9.857405296105066,10.119509714383005,9.857405296105066,10.083043012709552,34380404.0,1514501504.0
2020-12-02,10.026063791344784,10.07392633729119,9.84145111412293,9.994155427380512,23266236.0,1016200640.0
2020-12-03,10.035180466763146,10.677906083757742,9.959967894561652,10.43403501631653,52904004.0,2416320768.0
2020-12-04,10.484176731117527,10.661951901775607,10.372497457242579,10.500130913099662,28603740.0,1318170368.0
2020-12-07,10.320076573586991,10.55027262790066,10.069367999582008,10.295005716186495,30176886.0,1363514112.0
2020-12-08,10.272214027640587,10.34742659984208,9.948572050288696,9.966805401125422,29757638.0,1312347904.0
2020-12-09,10.019226284781011,10.16509309147482,9.789030230467343,9.825496932140796,18619660.0,809292032.0
2020-12-10,9.798146905885707,9.846009451832114,9.57250918928122,9.634046748355171,20282720.0,861764288.0
2020-12-11,9.65911760575567,9.800426074740297,9.299008926730329,9.497296617079726,35384752.0,1481692928.0
2020-12-14,9.551996669589903,9.914384517469836,9.492738279370544,9.825496932140796,27334910.0,1165918080.0
2020-12-15,9.827776100995386,10.370218288387989,9.784471892758162,10.290447378477312,38680596.0,1730294272.0
2020-12-16,10.290447378477312,10.322355742441582,9.982759583107558,10.098997194691687,22360984.0,992101696.0
2020-12-17,10.25625984565845,10.356543275260444,10.030622129053965,10.144580571783502,26126312.0,1168983040.0
2020-12-18,10.112672207819232,10.295005716186495,9.937176206015744,10.126347220946776,22253824.0,988473152.0
2020-12-21,10.119509714383005,10.212955637421226,9.773076048485208,10.094438856982507,25336592.0,1111990528.0
2020-12-22,10.098997194691687,10.497851744245072,10.098997194691687,10.25625984565845,43564296.0,1975680896.0
2020-12-23,10.238026494821725,10.238026494821725,9.95540955685247,10.039738804472327,29128620.0,1280951936.0
2020-12-24,10.051134648745283,10.060251324163644,9.581625864699584,9.595300877827128,26099196.0,1120076416.0
2020-12-25,9.593021708972538,9.702421813992894,9.48362160395218,9.65911760575567,17142460.0,720972928.0
2020-12-28,9.68874680086535,9.789030230467343,9.504134123643498,9.53832165646236,17934810.0,758721024.0
2020-12-29,9.53832165646236,9.595300877827128,9.301288095584919,9.321800615276237,21569172.0,885953664.0
2020-12-30,9.312683939857873,9.476784097388409,9.237471367656378,9.39701318747773,19692944.0,808638400.0
2020-12-31,9.369663161222642,9.686467632010759,9.346871472676733,9.6272092417914,24637148.0,1034071040.0
2021-01-04,9.618092566373036,9.675071787737807,9.42208404487823,9.53832165646236,27738220.0,1156706688.0
2021-01-05,9.506413292498088,10.094438856982507,9.476784097388409,10.092159688127916,45853488.0,1976599168.0
2021-01-06,10.25625984565845,10.472780886844575,10.035180466763146,10.40440582120685,53386872.0,2406904576.0
2021-01-07,10.406684990061441,10.930893826617318,10.306401560459447,10.81921455274237,60443184.0,2827427328.0
2021-01-08,10.851122916706641,11.491569364846647,10.771352006795963,11.484731858282874,66300424.0,3249837568.0
2021-01-11,11.500686040265009,11.879028070127076,10.965081359436178,11.38444842868088,62861960.0,3138444544.0
2021-01-12,11.23630245313248,12.15480750153256,11.170206556349347,12.07275742276729,52314268.0,2702893568.0
2021-01-13,12.07275742276729,12.168482514660104,11.623761158412911,11.91321560294594,38941576.0,2023546752.0
2021-01-14,11.91321560294594,11.979311499729071,11.056248113619809,11.607806976430775,52148292.0,2621960704.0
2021-01-15,11.44142765004565,11.493848533701238,11.074481464456536,11.243139959696252,34150904.0,1690253184.0
2021-01-18,11.167927387494757,11.730882094578677,11.099552321857034,11.578177781321095,27961676.0,1414893056.0
2021-01-19,11.575898612466505,11.961078148892343,11.512081884537963,11.669344535504727,31096620.0,1605294720.0
2021-01-20,11.67846121092309,11.749115445415402,11.313794194188567,11.336585882734475,24022124.0,1207598336.0
2021-01-21,11.327469207316112,11.64883201581341,11.188439907186075,11.2066732580228,27771484.0,1381275648.0
2021-01-22,11.23630245313248,11.714927912596542,11.056248113619809,11.714927912596542,40762964.0,2045045888.0
2021-01-25,11.726323756869496,11.8243280176169,11.23630245313248,11.243139959696252,35490656.0,1770897408.0
2021-01-26,11.220348271150344,11.439148481191058,11.094993984147854,11.29784001220643,22943440.0,1134827264.0
2021-01-27,11.17248572520394,11.224906608859527,10.675626914903152,10.887589618380094,27782970.0,1329957120.0
2021-01-28,10.714372785431195,11.012943905382585,10.472780886844575,10.481897562262937,27703932.0,1296903296.0
2021-01-29,10.532039277063934,10.6391602132297,10.25853901451304,10.481897562262937,22147764.0,1017977728.0
2021-02-01,10.484176731117527,10.75767699366842,10.40440582120685,10.648276888648063,15992295.0,747712832.0
2021-02-02,10.643718550938882,10.889868787234684,10.46366421142621,10.871635436397959,17659004.0,832280640.0
2021-02-03,10.812377046178597,10.962802190581588,10.604972680410839,10.655114395211834,16452389.0,779028480.0
2021-02-04,10.541155952482296,10.798702033051054,10.370218288387989,10.500130913099662,14616689.0,678840512.0
2021-02-05,10.547993459046069,11.546269417356823,10.484176731117527,11.395844272953834,43923816.0,2167719680.0
2021-02-08,11.373052584407926,11.664786197795545,11.222627440004937,11.514361053392555,33158644.0,1665547648.0
2021-02-09,11.44370681890024,11.689857055196043,11.136019023530487,11.585015287884866,31532220.0,1584114304.0
2021-02-10,11.637436171540456,12.42147025751968,11.464219338591557,12.302953477080958,46789272.0,2478393344.0
2021-02-18,12.378166049282456,12.398678568973772,11.304677518770204,11.318352531897746,50028384.0,2567740416.0
2021-02-19,11.053968944765218,11.17476489405853,10.634601875520517,10.955964684017816,32971416.0,1574713472.0
2021-02-22,10.864797929834186,10.985593879127496,10.666510239484788,10.737164473977103,22764040.0,1080552192.0
2021-02-23,10.664231070630198,10.967360528290769,10.6391602132297,10.855681254415822,17043902.0,809468224.0
2021-02-24,10.848843747852051,10.851122916706641,10.07848467500037,10.16509309147482,35987112.0,1642864000.0
2021-02-25,10.187884780020728,10.238026494821725,9.624930072936808,9.66367594346485,32625040.0,1414271232.0
2021-02-26,9.57023002042663,9.884755322360155,9.412967369459865,9.7502843599393,21829200.0,928467520.0
2021-03-01,9.798146905885707,9.84145111412293,9.645442592628125,9.800426074740297,16587718.0,708833088.0
2021-03-02,9.800426074740297,9.800426074740297,9.57250918928122,9.618092566373036,16416016.0,695279360.0
2021-03-03,9.57478835813581,9.734330177957165,9.54060082531695,9.734330177957165,12127592.0,513683936.0
2021-03-04,9.618092566373036,9.66139677461026,9.417525707169048,9.48362160395218,15845623.0,661162304.0
2021-03-05,9.321800615276237,9.53832165646236,9.289892251311965,9.44715490227873,11954565.0,494945472.0
2021-03-08,9.492738279370544,9.565671682717449,9.014112819906481,9.014112819906481,22568272.0,916266688.0
2021-03-09,9.014112819906481,9.048300352725345,8.198170369962988,8.603862426080145,27150032.0,1020645440.0
2021-03-10,8.726937544228045,8.747450063919363,8.416970580003701,8.510416503041924,18138826.0,678632832.0
2021-03-11,8.991321131360575,9.235192198801787,8.76568341475609,9.12579209378143,30646012.0,1212345984.0
2021-03-12,9.09388372981716,9.21467967911047,8.879641857485627,9.105279574090114,18492948.0,734545216.0
2021-03-15,9.077929547835025,9.077929547835025,8.729216713082636,8.80215011642954,15143650.0,590290752.0
2021-03-16,8.934341909995807,9.06653370356207,8.879641857485627,8.984483624796804,15417909.0,607514944.0
2021-03-17,8.959412767396305,9.223796354528833,8.927504403432033,9.018671157615664,13344665.0,530641248.0
2021-03-18,9.025508664179437,9.162258795454884,8.957133598541713,9.075650378980434,12238467.0,487138624.0
2021-03-19,8.934341909995807,9.016391988761074,8.742891726210182,8.829500142684632,13502185.0,525476864.0
2021-03-22,8.829500142684632,9.068812872416661,8.79759177872036,8.979925287087621,11074238.0,434836768.0
2021-03-23,9.034625339597799,9.103000405235521,8.820383467266268,8.936621078850397,10485822.0,412353376.0
2021-03-24,8.843175155812174,8.97764611823303,8.701866686827547,8.733775050791818,9289760.0,359260608.0
2021-03-25,8.758845908192317,8.831779311539222,8.599304088370962,8.783916765592815,7802186.0,299750656.0
2021-03-26,8.786195934447406,9.116675418363068,8.786195934447406,9.059696196998297,15196188.0,600464576.0
2021-03-29,9.116675418363068,9.276217238184422,9.048300352725345,9.146304613472747,15319675.0,615209472.0
2021-03-30,9.166817133164065,9.310404771003283,9.105279574090114,9.285333913602784,16171687.0,655533184.0
2021-03-31,9.255704718493103,9.321800615276237,8.979925287087621,9.059696196998297,17959208.0,716335872.0
2021-04-01,9.03234617074321,9.175933808582426,9.025508664179437,9.144025444618157,11257615.0,450552576.0
2021-04-02,9.166817133164065,9.194167159419154,8.982204455942211,9.18049214629161,15147322.0,604708672.0
2021-04-06,9.203283834837517,9.48134243509759,9.150862951181928,9.406129862896096,19700468.0,809469888.0
2021-04-07,9.340033966112962,9.406129862896096,9.09616289867175,9.365104823513462,17762480.0,719284160.0
2021-04-08,9.292171420166557,9.823217763286205,9.257983887347693,9.741167684520939,32392988.0,1375999744.0
2021-04-09,9.775355217339799,9.775355217339799,9.415246538314458,9.506413292498088,18735304.0,783126016.0
2021-04-12,9.435759058005774,9.57250918928122,9.276217238184422,9.33319645954919,12688195.0,523319488.0
2021-04-13,9.24430887422015,9.565671682717449,9.232913029947197,9.385617343204778,13218057.0,547062592.0
2021-04-14,9.415246538314458,9.679630125446986,9.39245484976855,9.622650904082217,20207944.0,852224960.0
2021-04-15,9.613534228663854,9.773076048485208,9.551996669589903,9.757121866503073,15088304.0,641114368.0
2021-04-16,9.757121866503073,9.850567789541294,9.547438331880722,9.7502843599393,12116242.0,515397568.0
2021-04-19,9.880196984650974,10.22207231283959,9.745726022230118,10.057972155309054,25023222.0,1099517824.0
2021-04-20,10.438593354025711,10.484176731117527,10.062530493018235,10.114951376673824,25069540.0,1126904320.0
2021-04-21,10.000992933944286,10.381614132660943,9.959967894561652,10.08076384385496,27939628.0,1248257792.0
2021-04-22,10.149138909492684,10.158255584911048,9.754842697648481,9.843730282977521,27069782.0,1171465472.0
2021-04-23,9.889313660069337,9.996434596235103,9.782192723903572,9.871080309232612,23913040.0,1037230656.0
2021-04-26,10.07848467500037,10.456826704862438,10.04429714218151,10.119509714383005,41836360.0,1879577216.0
2021-04-27,10.13774306521973,10.322355742441582,9.991876258525922,10.22663065054877,26536748.0,1190836224.0
2021-04-28,10.16509309147482,10.301843222750266,9.907547010906063,10.203838962002864,31494176.0,1392293760.0
2021-04-29,10.10583470125546,10.178768104602364,9.81182191901325,9.814101087867842,27565634.0,1200281728.0
2021-04-30,9.558834176153676,9.795867737031115,9.36282565465887,9.590742540117946,33815388.0,1423510272.0
2021-05-06,9.504134123643498,9.504134123643498,9.002716975633529,9.050579521579936,36895328.0,1479706752.0
2021-05-07,9.059696196998297,9.139467106908976,8.717820868809683,8.717820868809683,25751960.0,1005583872.0
2021-05-10,8.79759177872036,8.989041962505985,8.701866686827547,8.820383467266268,22604760.0,876183104.0
2021-05-11,8.747450063919363,8.843175155812174,8.615258270353097,8.808987622993314,18623072.0,712069760.0
2021-05-12,8.836337649248403,8.927504403432033,8.667679154008686,8.918387728013672,19716486.0,759894400.0
2021-05-13,8.806708454138723,9.03690450845239,8.774800090174452,8.941179416559578,21231020.0,831134720.0
2021-05-14,8.94801692312335,9.276217238184422,8.820383467266268,9.173654639727836,28564878.0,1144433152.0
2021-05-17,9.198725497128335,9.410688200605275,9.139467106908976,9.203283834837517,26797684.0,1089385984.0
2021-05-18,9.203283834837517,9.230633861092606,8.950296091977942,9.020950326470254,19765364.0,782577216.0
2021-05-19,8.998158637924346,8.998158637924346,8.843175155812174,8.911550221449899,19320726.0,754755072.0
2021-05-20,8.863687675503492,9.091604560962569,8.861408506648901,8.989041962505985,18508546.0,730032256.0
2021-05-21,9.043742015016162,9.06653370356207,8.7634042459015,8.79531260986577,20849586.0,811373888.0
2021-05-24,8.813545960702495,9.009554482197302,8.635770790044415,8.938900247704987,17440108.0,674990464.0
2021-05-25,9.084767054398796,9.262542225056876,9.050579521579936,9.251146380783924,30217028.0,1215834624.0
2021-05-26,9.251146380783924,9.344592303822143,9.134908769199793,9.150862951181928,22218652.0,898538624.0
2021-05-27,9.1827713151462,9.301288095584919,9.050579521579936,9.301288095584919,19926008.0,803878080.0
2021-05-28,9.312683939857873,9.328638121840008,9.050579521579936,9.098442067526342,18878760.0,758558528.0
2021-05-31,9.100721236380931,9.374221498931824,9.100721236380931,9.207842172546698,22359436.0,907584768.0
2021-06-01,9.230633861092606,9.369663161222642,9.052858690434526,9.12807126263602,22844196.0,916154752.0
2021-06-02,9.144025444618157,9.159979626600292,8.806708454138723,8.843175155812174,27618828.0,1079438336.0
2021-06-03,8.843175155812174,8.922946065722853,8.749729232773953,8.758845908192317,15864086.0,613141056.0
2021-06-04,8.7634042459015,8.900154377176944,8.729216713082636,8.840895986957584,11838715.0,458288032.0
2021-06-07,8.8864793640494,8.893316870613173,8.779358427883635,8.85457100008513,10541416.0,408386624.0
2021-06-08,8.875083519776446,8.89103770175858,8.7132625311005,8.749729232773953,13138418.0,506513792.0
2021-06-09,8.752008401628544,8.79759177872036,8.692750011409185,8.779358427883635,9180075.0,353018496.0
2021-06-10,8.781637596738225,8.836337649248403,8.717820868809683,8.724658375373455,12725548.0,488314560.0
2021-06-11,8.729216713082636,8.742891726210182,8.405574735730749,8.432924761985838,27917204.0,1042829760.0
2021-06-15,8.435203930840428,8.633491621189826,8.3189663192563,8.451158112822563,16257328.0,603263296.0
2021-06-16,8.480787307932243,8.49674148991438,8.3189663192563,8.38278304718484,12316074.0,452431584.0
2021-06-17,8.38278304718484,8.446599775113382,8.330362163529252,8.362270527493523,8181488.0,300624512.0
2021-06-18,8.359991358638933,8.359991358638933,8.216403720799713,8.23691624049103,12404992.0,449357920.0
2021-06-21,8.20500787652676,8.608420763789328,8.125236966616082,8.567395724406692,17472070.0,644186688.0
2021-06-22,8.581070737534237,8.5901874129526,8.457995619386335,8.508137334187332,10017577.0,373957728.0
2021-06-23,9.239247300276835,9.239247300276835,9.036023513092633,9.088068629322734,11388540.0,418068768.0
2021-06-24,9.045936868565034,9.070720257246034,8.954238330445333,8.981500057994435,8639612.0,313468800.0
2021-06-25,8.981500057994435,9.209507233859634,8.949281652709134,9.154983778761434,13099387.0,482627456.0
2021-06-28,9.169853811970034,9.328467499528434,9.058328562905533,9.266509027825935,16210749.0,601417088.0
2021-06-29,9.221898928200135,9.330945838396534,9.145070423289035,9.174810489706235,11655219.0,434281024.0
2021-06-30,9.172332150838134,9.241725639144935,9.045936868565034,9.090546968190834,12107212.0,445296512.0
2021-07-01,9.090546968190834,9.291292416506936,9.023631818752133,9.187202184046734,16165846.0,598702336.0
2021-07-02,9.169853811970034,9.256595672353535,9.050893546301234,9.058328562905533,17266440.0,637077440.0
2021-07-05,9.021153479884033,9.511864575767836,8.936889958368635,9.264030688957835,24472792.0,916806848.0
2021-07-06,9.246682316881135,9.437514409724836,9.045936868565034,9.219420589332035,18610760.0,689656960.0
2021-07-07,9.140113745552835,9.169853811970034,8.996370091203033,9.070720257246034,15446738.0,565737856.0
2021-07-08,9.058328562905533,9.095503645927035,8.805537998359334,8.817929692699833,21029092.0,754131712.0
2021-07-09,8.798102981755033,8.941846636104833,8.778276270810233,8.899714875347133,12903019.0,461509056.0
2021-07-12,8.969108363653934,9.516821253504036,8.872453147798032,9.417687698780036,44634948.0,1675480192.0
2021-07-13,9.492037864823034,9.504429559163537,9.313597466319834,9.397860987835235,20786156.0,787882688.0
2021-07-14,9.410252682175734,9.715088362952038,9.348294210473235,9.541604642185035,38823036.0,1500992256.0
2021-07-15,9.546561319921237,9.553996336525536,9.244203978013035,9.358207565945635,21058048.0,793861696.0
2021-07-16,9.358207565945635,9.375555938022336,9.145070423289035,9.177288828574335,17245980.0,641551808.0
2021-07-19,9.135157067816634,9.335902516132736,9.038501851960733,9.273944044430236,15701127.0,585418944.0
2021-07-20,9.268987366694034,9.829091950884637,9.239247300276835,9.794395206731238,48979728.0,1914854656.0
2021-07-21,9.665521585590037,9.886093744850937,9.653129891249536,9.814221917676036,36737728.0,1450666112.0
2021-07-22,9.784481851258835,9.784481851258835,9.566388030866037,9.640738196909036,23682746.0,920642368.0
2021-07-23,9.566388030866037,9.725001718424437,9.368120921418035,9.447427765197235,22259454.0,853488128.0
2021-07-26,9.462297798405835,9.541604642185035,8.974065041390134,9.036023513092633,26528952.0,984641024.0
2021-07-27,8.971586702522034,9.169853811970034,8.832799725908433,8.894758197610933,22521660.0,815482112.0
2021-07-28,8.922019925160033,9.157462117629535,8.800581320623133,9.145070423289035,20319760.0,740000000.0
2021-07-29,9.207028894991534,9.278900722166433,9.023631818752133,9.117808695739933,19573492.0,720216192.0
2021-07-30,9.055850224037433,9.229333944804436,8.847669759117034,9.117808695739933,20254772.0,736649408.0
2021-08-02,9.167375473101934,9.330945838396534,9.011240124411634,9.268987366694034,23000874.0,854901056.0
2021-08-03,9.264030688957835,9.752263445973536,9.194637200651036,9.663043246721937,39846892.0,1537856128.0
2021-08-04,9.670478263326237,9.675434941062436,9.382990954626635,9.581258064074635,28914346.0,1113165824.0
2021-08-05,9.504429559163537,9.826613612016537,9.479646170482535,9.581258064074635,26529928.0,1033517056.0
2021-08-06,9.442471087461035,9.469732815010136,9.182245506310533,9.261552350089735,22358976.0,839490240.0
2021-08-09,9.164897134233833,9.586214741810837,9.120287034608033,9.442471087461035,18237096.0,690946240.0
2021-08-10,9.420166037648135,9.462297798405835,9.301205771979335,9.439992748592937,14862115.0,562986048.0
2021-08-11,9.437514409724836,9.573823047470336,9.239247300276835,9.261552350089735,17321704.0,653675328.0
2021-08-12,9.172332150838134,9.311119127451734,9.142592084420935,9.157462117629535,13528361.0,501254016.0
2021-08-13,9.145070423289035,9.234290622540634,9.120287034608033,9.189680522914834,11339598.0,419401600.0
2021-08-16,9.172332150838134,9.259074011221635,9.120287034608033,9.120287034608033,11369311.0,420444640.0
2021-08-17,9.102938662531333,9.169853811970034,8.922019925160033,8.936889958368635,13828950.0,503208800.0
2021-08-18,9.043458529696935,9.043458529696935,8.892279858742834,8.983978396862534,8780644.0,317462720.0
2021-08-19,9.023631818752133,9.130200390080436,8.956716669313433,9.021153479884033,9510487.0,346781888.0
2021-08-20,8.983978396862534,8.993891752334934,8.790667965150734,8.872453147798032,13851521.0,496050272.0
2021-08-23,8.855104775721333,8.956716669313433,8.820408031567935,8.946803313841034,9088894.0,327103296.0
2021-08-24,8.936889958368635,9.038501851960733,8.869974808929934,9.018675141015933,12914049.0,466716256.0
2021-08-25,9.021153479884033,9.090546968190834,8.924498264028133,8.944324974972934,10742020.0,389888992.0
2021-08-26,9.006283446675434,9.013718463279734,8.798102981755033,8.825364709304132,14006013.0,499261536.0
2021-08-27,8.798102981755033,8.872453147798032,7.943076072260529,7.943076072260529,32166030.0,1071198592.0
2021-08-30,7.214444445039127,7.534150159024028,7.150007634468527,7.184704378621927,56071672.0,1639574144.0
2021-08-31,7.221879461643427,7.308621322026927,7.122745906919427,7.293751288818327,24495754.0,715108416.0
2021-09-01,7.291272949950228,7.477148365057729,7.189661056358127,7.402798199014728,18409928.0,544839296.0
2021-09-02,7.385449826938028,7.553976869968828,7.338361388444127,7.407754876750928,16914528.0,507713920.0
2021-09-03,7.385449826938028,7.472191687321527,7.298707966554527,7.363144777125128,12236001.0,365035872.0
2021-09-06,7.454843315244828,7.633283713748029,7.432538265431927,7.516801786947328,16769307.0,510402976.0
2021-09-07,7.583716936386029,7.598586969594629,7.439973282036227,7.467235009585328,14442857.0,435496704.0
2021-09-08,7.467235009585328,7.5093667703430285,7.385449826938028,7.390406504674228,14617314.0,437917376.0
2021-09-09,7.405276537882828,7.457321654112928,7.355709760520828,7.373058132597528,12635373.0,377371712.0
2021-09-10,7.343318066180327,7.407754876750928,7.2764029167416275,7.286316272214027,17545528.0,519104960.0
2021-09-13,7.301186305422628,7.375536471465628,7.187182717490027,7.202052750698627,15772565.0,461629408.0
2021-09-14,7.202052750698627,7.278881255609727,7.1153108903151265,7.137615940128027,17150508.0,496624896.0
2021-09-15,7.137615940128027,7.1549643122047275,6.840215275956026,6.887303714449926,24787954.0,691897216.0
2021-09-16,6.9021737476585265,7.001307302382526,6.840215275956026,6.884825375581826,17799080.0,496499136.0
2021-09-17,6.864998664637025,7.080614146161727,6.666731555189025,6.996350624646326,27281172.0,755466944.0
2021-09-22,6.9145654419990255,6.917043780867126,6.753473415572525,6.830301920483626,15378418.0,423805760.0
2021-09-23,6.840215275956026,7.028569029931626,6.837736937087926,6.9839589303058265,23032160.0,646133120.0
2021-09-24,6.998828963514426,7.063265774085027,6.912087103130926,6.981480591437727,19032150.0,537880704.0
2021-09-27,6.991393946910127,7.122745906919427,6.941827169548127,7.018655674459226,17185422.0,487107584.0
2021-09-28,6.964132219361026,7.001307302382526,6.827823581615526,6.966610558229126,11270171.0,314989056.0
2021-09-29,6.907130425394726,6.971567235965326,6.8426936148241255,6.860041986900826,9780522.0,271740064.0
2021-09-30,6.926957136339526,7.021134013327326,6.882347036713726,6.9145654419990255,9407876.0,263558752.0
2021-10-08,6.917043780867126,7.100440857106526,6.917043780867126,7.0756574684255265,17779860.0,505189984.0
2021-10-11,7.1153108903151265,7.283837933345928,7.045917402008326,7.1252242457875266,17034326.0,490869888.0
2021-10-12,7.127702584655627,7.308621322026927,7.068222451821226,7.259054544664927,26660924.0,777178496.0
2021-10-13,7.224357800511527,7.529193481287828,7.157442651072826,7.526715142419729,27385436.0,814495040.0
2021-10-14,7.781984045834029,7.92572770018383,7.4374949431681285,7.583716936386029,30226076.0,937172416.0
2021-10-15,7.454843315244828,7.551498531100728,7.345796405048428,7.385449826938028,19894464.0,595663744.0
2021-10-18,7.333404710707928,7.4374949431681285,7.199574411830527,7.278881255609727,12352314.0,363560800.0
2021-10-19,7.2565762057968275,7.484583381662028,7.249141189192527,7.395363182410428,12012837.0,358204032.0
2021-10-20,7.360666438257027,7.457321654112928,7.261532883533027,7.4374949431681285,9978318.0,296679616.0
2021-10-21,7.442451620904328,7.457321654112928,7.340839727312228,7.340839727312228,6383424.0,190105200.0
2021-10-22,7.330926371839827,7.5093667703430285,7.286316272214027,7.415189893355229,11390652.0,341520416.0
2021-10-25,7.405276537882828,7.484583381662028,7.224357800511527,7.286316272214027,12283864.0,362541472.0
2021-10-26,7.271446239005427,7.365623115993228,7.110354212578927,7.122745906919427,13620391.0,396628896.0
2021-10-27,7.112832551447027,7.184704378621927,6.909608764262826,6.926957136339526,14872172.0,419839840.0
2021-10-28,6.864998664637025,7.224357800511527,6.860041986900826,7.157442651072826,16125334.0,462761248.0
2021-10-29,7.159920989940927,7.422624909959528,7.093005840502227,7.360666438257027,16559368.0,487325376.0
2021-11-01,7.576281919781729,7.675415474505728,7.3780148103337275,7.561411886573128,31706250.0,965753984.0
2021-11-02,7.553976869968828,7.734895607340129,7.462278331849128,7.514323448079228,21298552.0,653422912.0
2021-11-03,7.529193481287828,7.744808962812529,7.529193481287828,7.601065308462729,15043283.0,463896800.0
2021-11-04,7.603543647330828,7.700198863186729,7.541585175628328,7.643197069220428,12650621.0,389725664.0
2021-11-05,7.638240391484229,7.838985839800329,7.6208920194075285,7.717547235263429,17162144.0,536514016.0
2021-11-08,7.715068896395329,7.715068896395329,7.3978415212785285,7.4895400593982275,17727384.0,535495680.0
2021-11-09,7.467235009585328,7.531671820155928,7.330926371839827,7.340839727312228,16100418.0,479709440.0
2021-11-10,7.338361388444127,7.452364976376728,7.211966106171028,7.385449826938028,17754126.0,526045728.0
2021-11-11,7.338361388444127,7.546541853364528,7.286316272214027,7.420146571091428,13565723.0,406192064.0
2021-11-12,7.405276537882828,7.417668232223328,7.268967900137327,7.323491355235528,11200316.0,331517472.0
2021-11-15,7.281359594477827,7.442451620904328,7.278881255609727,7.412711554487128,13116413.0,390844992.0
2021-11-16,7.412711554487128,7.536628497892129,7.370579793729427,7.477148365057729,17493286.0,527464480.0
2021-11-17,7.496975076002528,7.576281919781729,7.323491355235528,7.4895400593982275,15961202.0,480639392.0
2021-11-18,7.479626703925828,7.4895400593982275,7.199574411830527,7.2070094284348265,20009768.0,589848960.0
2021-11-19,7.194617734094328,7.249141189192527,7.152485973336627,7.216922783907227,10994401.0,319607584.0
2021-11-22,7.236749494852027,7.246662850324427,7.083092485029826,7.110354212578927,20581034.0,591889408.0
2021-11-23,7.112832551447027,7.172312684281427,7.088049162766027,7.130180923523727,10015080.0,288008480.0
2021-11-24,7.132659262391827,7.167356006545227,7.070700790689327,7.150007634468527,9885735.0,284387840.0
2021-11-25,7.162399328809027,7.261532883533027,7.132659262391827,7.224357800511527,12711267.0,369916800.0
2021-11-26,7.224357800511527,7.259054544664927,7.112832551447027,7.145050956732327,9336822.0,269623424.0
2021-11-29,7.330926371839827,7.459799992981028,7.189661056358127,7.234271155983928,24504710.0,721805824.0
2021-11-30,7.162399328809027,7.199574411830527,7.088049162766027,7.162399328809027,19324566.0,555793536.0
2021-12-01,7.137615940128027,7.164877667677127,7.028569029931626,7.065744112953127,15156501.0,432725632.0
2021-12-02,7.038482385404026,7.122745906919427,7.008742318986827,7.016177335591126,12159975.0,346160064.0
2021-12-03,7.018655674459226,7.050874079744526,6.971567235965326,7.050874079744526,9093105.0,257648480.0
2021-12-06,7.0136989967230265,7.043439063140227,6.941827169548127,6.949262186152426,12390721.0,348935808.0
2021-12-07,6.964132219361026,6.996350624646326,6.922000458603326,6.976523913701526,8909783.0,250128672.0
2021-12-08,6.979002252569626,7.036004046535926,6.941827169548127,7.036004046535926,8696579.0,245989776.0
2021-12-09,7.038482385404026,7.216922783907227,7.021134013327326,7.214444445039127,21307316.0,615468480.0
2021-12-10,7.216922783907227,7.283837933345928,7.097962518238427,7.157442651072826,19115092.0,553119552.0
2021-12-13,7.157442651072826,7.259054544664927,7.137615940128027,7.172312684281427,13926052.0,404694304.0
2021-12-14,7.174791023149527,7.306142983158828,7.159920989940927,7.2565762057968275,16244887.0,475758464.0
2021-12-15,7.2565762057968275,7.271446239005427,7.107875873710826,7.120267568051327,13365346.0,386234880.0
2021-12-16,7.120267568051327,7.167356006545227,7.018655674459226,7.040960724272127,14214573.0,405059680.0
2021-12-17,7.043439063140227,7.0756574684255265,6.991393946910127,7.021134013327326,10734858.0,304240160.0
2021-12-20,7.0136989967230265,7.100440857106526,6.969088897097226,6.991393946910127,11286567.0,320600736.0
2021-12-21,6.993872285778226,7.063265774085027,6.993872285778226,7.033525707667827,7820433.0,221725424.0
2021-12-22,7.036004046535926,7.0954841793703265,7.006263980118726,7.058309096348826,8192746.0,233102960.0
2021-12-23,7.060787435216926,7.070700790689327,6.976523913701526,6.988915608042026,9829660.0,277736800.0
2021-12-24,6.9839589303058265,7.088049162766027,6.951740525020527,7.036004046535926,12577702.0,356911040.0
2021-12-27,7.053352418612627,7.2070094284348265,7.038482385404026,7.1970960729624265,17914152.0,515893792.0
2021-12-28,7.214444445039127,7.2764029167416275,7.1252242457875266,7.184704378621927,13656720.0,395641216.0
2021-12-29,7.1970960729624265,7.241706172588227,7.150007634468527,7.177269362017627,12133164.0,352423776.0
2021-12-30,7.177269362017627,7.209487767302927,7.117789229183226,7.187182717490027,12667190.0,366163008.0
2021-12-31,7.187182717490027,7.236749494852027,7.162399328809027,7.221879461643427,13700211.0,398617312.0
2022-01-04,7.231792817115827,7.3482747439165275,7.229314478247727,7.306142983158828,21268292.0,626424960.0
2022-01-05,7.345796405048428,7.3482747439165275,7.187182717490027,7.2070094284348265,15759015.0,460317600.0
2022-01-06,7.179747700885727,7.2565762057968275,7.1252242457875266,7.226836139379627,12171096.0,352658336.0
2022-01-07,7.234271155983928,7.405276537882828,7.214444445039127,7.296229627686428,22630252.0,669449792.0
2022-01-10,7.323491355235528,7.459799992981028,7.261532883533027,7.420146571091428,20362112.0,607193216.0
2022-01-11,7.392884843542327,7.420146571091428,7.313577999763128,7.375536471465628,16234619.0,482452960.0
2022-01-12,7.360666438257027,7.452364976376728,7.288794611082127,7.417668232223328,17973952.0,536417920.0
2022-01-13,7.477148365057729,7.563890225441228,7.224357800511527,7.226836139379627,25454142.0,756110336.0
2022-01-14,7.167356006545227,7.625848697143729,7.157442651072826,7.596108630726528,45840304.0,1382985728.0
2022-01-17,7.635762052616128,7.737373946208229,7.5093667703430285,7.680372152241929,39617684.0,1221708416.0
2022-01-18,7.5490201922326285,7.608500325067029,7.335883049576028,7.392884843542327,26585600.0,797936256.0
2022-01-19,7.385449826938028,7.425103248827628,6.798083515198326,6.976523913701526,46605912.0,1324351872.0
2022-01-20,6.912087103130926,7.001307302382526,6.817910226143126,6.872433681241326,22949284.0,637059456.0
2022-01-21,6.874912020109425,6.894738731054226,6.542814611784024,6.542814611784024,33447780.0,893464320.0
2022-01-24,6.495726173290125,6.649383183112325,6.483334478949624,6.604773083486524,11046714.0,293212576.0
2022-01-25,6.567598000465025,6.607251422354625,6.443681057060024,6.4486377347962245,10736523.0,281579936.0
2022-01-26,6.453594412532424,6.537857934047825,6.394114279698024,6.503161189894424,8823295.0,230373776.0
2022-01-27,6.461029429136724,6.493247834422024,6.215673881194823,6.262762319688723,14573613.0,371212512.0
2022-01-28,6.309850758182624,6.3668525521489245,6.247892286480123,6.250370625348223,8396588.0,213191296.0
2022-02-07,6.394114279698024,6.431289362719524,6.302415741578324,6.384200924225625,6689972.0,171772208.0
2022-02-08,6.416419329510925,6.565119661596924,6.356939196676524,6.522987900839224,10997897.0,288552352.0
2022-02-09,6.567598000465025,6.567598000465025,6.4684644457410245,6.522987900839224,9958385.0,261338464.0
2022-02-10,6.522987900839224,6.552727967256425,6.4684644457410245,6.505639528762525,6854698.0,179797008.0
2022-02-11,6.488291156685825,6.498204512158224,6.3073724193145235,6.337112485731724,10082002.0,259728304.0
2022-02-14,6.339590824599823,6.4188976683790235,6.2875457083697235,6.376765907621324,7323187.0,188130576.0
2022-02-15,6.3792442464894235,6.535379595179725,6.361895874412724,6.518031223103025,9834696.0,256290272.0
2022-02-16,6.463507768004824,6.5502496283883245,6.463507768004824,6.498204512158224,7135929.0,187230736.0
2022-02-17,6.500682851026324,6.535379595179725,6.480856140081524,6.525466239707324,7737931.0,203299104.0
2022-02-18,6.493247834422024,6.505639528762525,6.396592618566124,6.4684644457410245,7042787.0,183431280.0
2022-02-21,6.4387243793238245,6.532901256311624,6.406505974038525,6.503161189894424,7702869.0,201770864.0
2022-02-22,6.465986106872924,6.465986106872924,6.314807435918824,6.332155807995524,10102856.0,259242208.0
2022-02-23,6.319764113655023,6.399070957434224,6.3172857747869235,6.394114279698024,7656660.0,196813792.0
2022-02-24,6.3792442464894235,6.389157601961824,6.146280392888023,6.1859338147776235,14435952.0,363933856.0
2022-02-25,6.210717203458623,6.359417535544624,6.210717203458623,6.324720791391224,11854851.0,301309184.0
2022-02-28,6.347025841204124,6.4089843129066235,6.272675675161123,6.369330891017023,9819244.0,251814784.0
2022-03-01,6.406505974038525,6.461029429136724,6.3668525521489245,6.404027635170424,7519408.0,194380528.0
2022-03-02,6.359417535544624,6.3792442464894235,6.252848964216324,6.349504180072224,10330163.0,262985680.0
2022-03-03,6.344547502336024,6.389157601961824,6.294980724974024,6.309850758182624,6758040.0,172433632.0
2022-03-04,6.2776323528973235,6.364374213280824,6.245413947612024,6.250370625348223,9234465.0,234586272.0
2022-03-07,6.247892286480123,6.265240658556824,5.982710027593423,5.997580060802022,15036996.0,368662208.0
2022-03-08,5.997580060802022,6.022363449483023,5.749746173992022,5.789399595881622,12682434.0,300449888.0
2022-03-09,5.789399595881622,5.836488034375522,5.35073361622792,5.576262453225021,19770790.0,446181408.0
2022-03-10,5.682831024553321,5.720006107574821,5.618394213982722,5.648134280399921,13107206.0,299527456.0
2022-03-11,5.578740792093122,5.898446506078022,5.529174014731121,5.8934898283418224,23167852.0,541597632.0
2022-03-14,5.8934898283418224,5.977753349857223,5.742311157387722,5.767094546068722,19852790.0,470057152.0
2022-03-15,5.670439330212821,5.729919463047222,5.44491049321572,5.447388832083821,17627650.0,398969152.0
2022-03-16,5.57378411435692,5.596089164169821,5.26894843358062,5.549000725675921,17555880.0,384890304.0
2022-03-17,5.558914081148321,5.7621378683325215,5.536609031335421,5.603524180774121,21734560.0,494256096.0
2022-03-18,5.563870758884521,5.687787702289521,5.54156570907162,5.667960991344722,13448362.0,305416672.0
2022-03-21,5.672917669080921,5.779486240409222,5.643177602663721,5.7522245128601215,15386587.0,354220928.0
2022-03-22,5.700179396630022,5.702657735498121,5.608480858510321,5.608480858510321,12563414.0,285810688.0
2022-03-23,5.625829230587021,5.715049429838621,5.576262453225021,5.665482652476621,10188922.0,232452816.0
2022-03-24,5.628307569455122,5.742311157387722,5.561392420016421,5.695222718893821,13106319.0,299846144.0
2022-03-25,5.675396007949021,5.707614413234322,5.5390873702035215,5.5390873702035215,12160898.0,275596960.0
2022-03-28,5.50191228718202,5.568827436620721,5.464737204160521,5.519260659258721,9569927.0,213049504.0
2022-03-29,5.53413069246732,5.608480858510321,5.4895205928415205,5.5093473037863205,8843737.0,197858144.0
2022-03-30,5.34329859962362,5.353211955096021,4.971547769408619,5.127683118098919,47793892.0,982904064.0
2022-03-31,5.058289629792119,5.147509829043719,5.021114546770619,5.033506241111119,24215540.0,495992320.0
2022-04-01,5.026071224506819,5.048376274319719,4.907110958838018,5.008722852430119,19472048.0,391163072.0
2022-04-06,5.001287835825819,5.080594679605019,4.946764380727619,5.008722852430119,18808448.0,379594944.0
2022-04-07,4.993852819221519,5.033506241111119,4.867457536948418,4.869935875816518,20904536.0,416086048.0
2022-04-08,4.869935875816518,4.899675942233718,4.738583915807218,4.820369098454518,18558344.0,360268736.0
2022-04-11,4.753453949015817,4.778237337696818,4.612188633534117,4.644407038819417,21311872.0,402354304.0
2022-04-12,4.629537005610818,4.713800527126217,4.555186839567817,4.703887171653818,15446262.0,289183648.0
2022-04-13,4.6716687663685175,4.6716687663685175,4.545273484095417,4.545273484095417,13892312.0,257805584.0
2022-04-14,4.560143517304017,4.636972022215118,4.560143517304017,4.592361922589317,11356605.0,210758160.0
2022-04-15,4.572535211644517,4.646885377687518,4.547751822963518,4.597318600325518,10365880.0,192437856.0
2022-04-18,4.577491889380717,4.659277072028018,4.480836673524816,4.592361922589317,11957355.0,219941216.0
2022-04-19,4.584926905985017,4.607231955797917,4.394094813141317,4.441183251635217,27449996.0,495055264.0
2022-04-20,4.396573152009416,4.515533417678217,4.364354746724116,4.386659796537017,26816594.0,480104704.0
2022-04-21,4.374268102196516,4.416399862954217,4.240437803319116,4.255307836527717,22307556.0,389682560.0
2022-04-22,4.210697736901915,4.270177869736316,4.133869231990816,4.198306042561416,15977430.0,270877088.0
2022-04-25,4.114042521046016,4.158652620671816,3.918253750466115,3.918253750466115,23983684.0,390753376.0
2022-04-26,3.965342188960015,4.002517271981515,3.8686869731041145,3.8761219897084147,20859412.0,331507552.0
2022-04-27,3.821598534610214,3.9430371391471146,3.7199866410181137,3.9430371391471146,26523642.0,410762048.0
2022-04-28,3.925688767070415,3.955428833487615,3.8042501625335143,3.851338601027414,20849136.0,325992992.0
2022-04-29,3.965342188960015,4.151217604067516,3.9331237836747146,4.1363475708589155,29000398.0,476632256.0
2022-05-05,4.141304248595116,4.265221192000117,4.066954082552115,4.223089431242416,23262510.0,394656832.0
2022-05-06,4.123955876518416,4.195827703693316,4.104129165573615,4.148739265199415,12668425.0,212051408.0
2022-05-09,4.131390893122716,4.218132753506215,4.116520859914115,4.188392687089015,11703772.0,197372992.0
2022-05-10,4.151217604067516,4.195827703693316,4.104129165573615,4.171044315012315,14153360.0,237226144.0
2022-05-11,4.180957670484716,4.302396275021616,4.180957670484716,4.210697736901915,20652936.0,354916832.0
2022-05-12,4.163609298408016,4.262742853132016,4.141304248595116,4.225567770110516,13593730.0,231197312.0
2022-05-13,4.250351158791515,4.3172663082302165,4.141304248595116,4.198306042561416,13855696.0,234846416.0
2022-05-16,4.213176075770016,4.262742853132016,4.101650826705516,4.131390893122716,16021005.0,269586752.0
2022-05-17,4.1363475708589155,4.138825909727015,4.0149089663220145,4.061997404815916,14972195.0,245027520.0
2022-05-18,4.106607504441715,4.203262720297616,4.061997404815916,4.128912554254615,17687974.0,296329184.0
2022-05-19,4.076867438024515,4.109085843309815,4.002517271981515,4.099172487837415,15498261.0,253389936.0
2022-05-20,4.151217604067516,4.384181457668917,4.151217604067516,4.272656208604416,32564828.0,562510720.0
2022-05-23,4.361876407856017,4.461009962580016,4.272656208604416,4.332136341438816,43411104.0,764040192.0
2022-05-24,4.401529829745617,4.765845643356318,4.342049696911216,4.765845643356318,99748056.0,1846902656.0
2022-05-25,4.8327607927950185,5.130161456967019,4.760888965620118,5.065724646396419,118631696.0,2386770688.0
2022-05-26,4.956677736200018,5.006244513562018,4.743540593543418,4.793107370905418,68117880.0,1330914432.0
2022-05-27,4.775758998828718,4.8030207263778175,4.607231955797917,4.646885377687518,55032640.0,1041013056.0
2022-05-30,4.624580327874617,4.713800527126217,4.535360128623017,4.6914954773133175,38546440.0,720465728.0
2022-05-31,4.634493683347017,4.644407038819417,4.5105767399420165,4.634493683347017,35039236.0,647822080.0
2022-06-01,4.639450361083217,4.693973816181418,4.562621856172117,4.584926905985017,26350836.0,491159232.0
2022-06-02,4.597318600325518,4.641928699951317,4.485793351261017,4.582448567116916,26982820.0,495173024.0
2022-06-06,4.535360128623017,4.649363716555618,4.525446773150617,4.646885377687518,25822488.0,480112064.0
2022-06-07,4.649363716555618,4.693973816181418,4.562621856172117,4.6617554108961174,30383102.0,569060096.0
2022-06-08,4.6716687663685175,4.931894347519018,4.639450361083217,4.931894347519018,56366616.0,1096194816.0
2022-06-09,4.882327570157019,4.998809496957719,4.758410626752018,4.778237337696818,36916752.0,723792640.0
2022-06-10,4.726192221466718,4.820369098454518,4.6914954773133175,4.775758998828718,24308156.0,465812704.0
2022-06-13,4.708843849390018,4.8327607927950185,4.708843849390018,4.780715676564918,20866512.0,400301856.0
2022-06-14,4.733627238071018,4.758410626752018,4.609710294666018,4.743540593543418,22991672.0,434652448.0
2022-06-15,4.882327570157019,5.12272644036272,4.857544181476019,5.028549563374919,69565320.0,1405087104.0
2022-06-16,5.594914358375049,6.010065251797472,5.578418296384753,5.828608569904227,68314912.0,1449428864.0
2022-06-17,5.814861851578981,5.927584941845996,5.65265057534108,5.872598068545013,44668956.0,941612224.0
2022-06-20,5.952329034831439,6.323490429613076,5.946830347501341,6.284999618302388,55097528.0,1235615744.0
2022-06-21,6.295996992962585,6.295996992962585,5.869848724879965,5.913838223520751,53127952.0,1169835392.0
2022-06-22,5.88359544320521,6.0760494997586525,5.864350037549865,5.927584941845996,32025212.0,693967552.0
2022-06-23,5.902840848860555,6.026561313787767,5.81761119524403,5.993569189807177,21045278.0,454705664.0
2022-06-24,6.054054750438258,6.153031122380028,5.952329034831439,5.996318533472226,24125648.0,530679744.0
2022-06-27,5.955078378496489,6.414218770559699,5.955078378496489,6.345485178933469,43296744.0,984154304.0
2022-06-28,6.263004868981995,6.367479928253863,6.18052455903052,6.320741085948027,25517580.0,582706816.0
2022-06-29,6.317991742282978,6.543437922817009,6.219015370341209,6.224514057671307,36022312.0,836813632.0
2022-06-30,6.2465088069917,6.367479928253863,6.161279153375176,6.268503556312093,21403844.0,488162624.0
2022-07-01,6.268503556312093,6.372978615583961,6.166777840705274,6.364730584588814,22937164.0,524572128.0
2022-07-04,6.378477302914059,6.691902480729665,6.345485178933469,6.6506623257539275,35734048.0,849361472.0
2022-07-05,6.603923483448091,6.625918232768485,6.41146942689465,6.5764300467976,23985014.0,569265408.0
2022-07-06,6.493949736846125,6.656161013084025,6.378477302914059,6.44446155087524,21069420.0,499127936.0
2022-07-07,6.4279654888849445,6.488451049516026,6.208017995681011,6.27675158730724,21445350.0,490366688.0
2022-07-08,6.293247649297536,6.378477302914059,6.235511432331503,6.257506181651897,14447368.0,330713856.0
2022-07-11,6.230012745001405,6.301495680292684,6.007315908132423,6.144783091384881,23108472.0,515556480.0
2022-07-12,6.1392844040547825,6.1392844040547825,5.952329034831439,5.999067877137275,21308600.0,466118496.0
2022-07-13,6.131036373059636,6.293247649297536,5.955078378496489,5.979822471481931,28446916.0,628501376.0
2022-07-14,5.938582316506194,6.158529809710126,5.913838223520751,5.996318533472226,17888648.0,392598624.0
2022-07-15,5.996318533472226,6.065052125098455,5.856102006554719,5.858851350219767,15810372.0,343257248.0
2022-07-18,5.911088879855702,5.974323784151833,5.78736841492849,5.9633264094916365,12313411.0,264005792.0
2022-07-19,5.91933691085085,6.043057375778062,5.889094130535309,5.949579691166391,11669077.0,252546912.0
2022-07-20,5.996318533472226,6.0815481870887504,5.977073127816881,6.032060001117865,14595305.0,319995936.0
2022-07-21,6.065052125098455,6.070550812428553,5.867099381214915,5.88359544320521,13387561.0,289157952.0
2022-07-22,5.913838223520751,5.955078378496489,5.636154513350785,5.65539991900613,28137688.0,586148928.0
2022-07-25,5.691141386651768,5.743378916287703,5.608661076700294,5.660898606336228,13684682.0,281958816.0
2022-07-26,5.704888104977015,5.718634823302261,5.542676828739114,5.633405169685736,10174401.0,207931472.0
2022-07-27,5.62240779502554,5.6801440119915725,5.597663702040097,5.647151888010982,8553735.0,175305056.0
2022-07-28,5.674645324661474,5.677394668326523,5.589415671044949,5.594914358375049,11921989.0,243951760.0
2022-07-29,5.636154513350785,5.638903857015835,5.460196518787639,5.498687330098328,13276484.0,266972032.0
2022-08-01,5.471193893447835,5.498687330098328,5.3942122708264595,5.471193893447835,9595480.0,190357680.0
2022-08-02,5.418956363811902,5.427204394807049,5.196259526942919,5.2787398368943945,18222180.0,351168224.0
2022-08-03,5.2787398368943945,5.369468177841017,5.242998369248755,5.25949443123905,12572553.0,242343280.0
2022-08-04,5.303483929879836,5.3887135834963615,5.2842385242244925,5.377716208836164,11427512.0,222618912.0
2022-08-05,5.377716208836164,5.575668952719704,5.377716208836164,5.575668952719704,18588210.0,372667968.0
2022-08-08,5.608661076700294,5.693890730316818,5.526180766748819,5.575668952719704,13192156.0,268386256.0
2022-08-09,5.55642354706436,5.55642354706436,5.479441924442983,5.528930110413868,9189553.0,183981808.0
2022-08-10,5.52343142308377,5.575668952719704,5.487689955438131,5.495937986433278,9452089.0,190016144.0
2022-08-11,5.526180766748819,5.636154513350785,5.501436673763377,5.62240779502554,11008667.0,223737104.0
2022-08-12,5.62240779502554,5.696640073981867,5.589415671044949,5.649901231676032,10969638.0,225575840.0
2022-08-15,5.6279064823556375,5.6279064823556375,5.534428797743966,5.550924859734262,9205656.0,186425072.0
2022-08-16,5.570170265389606,5.589415671044949,5.512434048423573,5.550924859734262,8172296.0,164739344.0
2022-08-17,5.545426172404164,5.553674203399311,5.413457676481804,5.539927485074064,12007075.0,239489360.0
2022-08-18,5.515183392088622,5.515183392088622,5.39146292716141,5.427204394807049,12528591.0,247466224.0
2022-08-19,5.473943237112885,5.479441924442983,5.380465552501214,5.3969616144915085,9933009.0,195760064.0
2022-08-22,5.383214896166262,5.4546978314575405,5.306233273544886,5.385964239831312,14256482.0,279321952.0
2022-08-23,5.473943237112885,5.658149262671179,5.473943237112885,5.5069353610934755,24403716.0,491332896.0
2022-08-24,5.498687330098328,5.5674209217245565,5.361220146845869,5.369468177841017,14285252.0,283634784.0
2022-08-25,5.377716208836164,5.432703082137148,5.2842385242244925,5.407958989151705,9232436.0,180371520.0
2022-08-26,5.39146292716141,5.509684704758524,5.39146292716141,5.4546978314575405,8742182.0,173799040.0
2022-08-29,5.383214896166262,5.416207020146852,5.29248655521964,5.325478679200231,11209568.0,217662816.0
2022-08-30,5.308982617209935,5.383214896166262,5.2814891805594435,5.355721459515771,6615862.0,128173328.0
2022-08-31,5.339225397525476,5.471193893447835,5.333726710195378,5.432703082137148,11806684.0,232623232.0
2022-09-01,5.435452425802197,5.6801440119915725,5.405209645486656,5.625157138690589,25903182.0,529304640.0
2022-09-02,5.625157138690589,5.641653200680884,5.462945862452688,5.512434048423573,18788314.0,377287040.0
2022-09-05,5.498687330098328,5.559172890729409,5.4519484877924915,5.517932735753671,10385509.0,207790368.0
2022-09-06,5.534428797743966,5.553674203399311,5.429953738472098,5.479441924442983,11338801.0,225416032.0
2022-09-07,5.473943237112885,5.473943237112885,5.3887135834963615,5.413457676481804,10384252.0,204476928.0
2022-09-08,5.42170570747695,5.438201769467246,5.363969490510919,5.363969490510919,6636439.0,130374760.0
2022-09-09,5.374966865171115,5.446449800462393,5.374966865171115,5.443700456797345,8053903.0,158927408.0
2022-09-13,5.4491991441274426,5.553674203399311,5.4491991441274426,5.465695206117737,9294203.0,185711648.0
2022-09-14,5.39146292716141,5.413457676481804,5.29523589888469,5.3969616144915085,8011698.0,156282000.0
2022-09-15,5.3969616144915085,5.498687330098328,5.311731960874984,5.347473428520623,8967869.0,176250944.0
2022-09-16,5.306233273544886,5.355721459515771,4.973562690073937,4.9983067830593795,20655080.0,383597216.0
2022-09-19,5.003805470389477,5.039546938035117,4.924074504103053,4.970813346408888,7589733.0,137322576.0
2022-09-20,4.9983067830593795,5.045045625365216,4.976312033738987,5.003805470389477,4765174.0,86828320.0
2022-09-21,5.003805470389477,5.003805470389477,4.893831723787511,4.957066628083642,6803804.0,122058488.0
2022-09-22,4.948818597088494,5.014802845049674,4.907578442112758,4.954317284418593,5887150.0,106515552.0
2022-09-23,4.962565315413741,5.012053501384625,4.841594194151577,4.965314659078789,7947565.0,143015712.0
2022-09-26,4.918575816772954,4.959815971748691,4.8278474758263314,4.833346163156429,7462367.0,132871304.0
2022-09-27,4.838844850486528,5.034048250705019,4.838844850486528,5.034048250705019,9754941.0,175389344.0
2022-09-28,4.979061377404036,5.078037749345805,4.910327785777806,4.935071878763249,7661372.0,138803136.0
2022-09-29,4.9983067830593795,5.083536436675903,4.9405705660933465,4.981810721069085,10875908.0,198450400.0
2022-09-30,4.979061377404036,5.0505443126953145,4.954317284418593,4.9928080957292815,7031050.0,128124208.0
2022-10-10,4.9928080957292815,5.0532936563603625,4.86633828713702,4.871836974467118,8394947.0,150938048.0
2022-10-11,4.89658106745256,4.915826473107905,4.759113884200102,4.805852726505938,7509224.0,131110904.0
2022-10-12,4.822348788496233,4.943319909758396,4.701377667234071,4.9323225350982,8278231.0,144741088.0
2022-10-13,4.89658106745256,5.108280529661346,4.888333036457413,5.078037749345805,13031045.0,239169024.0
2022-10-14,5.141272653641936,5.416207020146852,5.086285780340953,5.380465552501214,24444988.0,472951680.0
2022-10-17,5.328228022865279,5.52068207941872,5.314481304540033,5.4519484877924915,18537660.0,366531040.0
2022-10-18,5.443700456797345,5.592165014709999,5.363969490510919,5.539927485074064,20657736.0,414304320.0
2022-10-19,5.553674203399311,5.553674203399311,5.405209645486656,5.429953738472098,13760772.0,272990976.0
2022-10-20,5.413457676481804,5.548175516069212,5.383214896166262,5.471193893447835,13903645.0,277669248.0
2022-10-21,5.4546978314575405,5.52343142308377,5.427204394807049,5.465695206117737,8694010.0,172963296.0
2022-10-24,5.471193893447835,5.553674203399311,5.333726710195378,5.352972115850721,12695840.0,250503712.0
2022-10-25,5.325478679200231,5.377716208836164,5.157768715632232,5.215504932598264,15006137.0,285929184.0
2022-10-26,5.248497056578853,5.52068207941872,5.245747712913804,5.493188642768229,17792844.0,352066400.0
2022-10-27,5.493188642768229,5.677394668326523,5.42170570747695,5.647151888010982,24373706.0,495055520.0
2022-10-28,5.581167640049802,5.633405169685736,5.413457676481804,5.416207020146852,15726879.0,315063104.0
2022-10-31,5.146771340972034,5.146771340972034,4.874586318132168,4.874586318132168,35276492.0,631487616.0
2022-11-01,4.86633828713702,4.915826473107905,4.676633574248628,4.849842225146725,44386248.0,769688640.0
2022-11-02,4.814100757501086,5.135773966311838,4.781108633520496,4.984560064734134,38306916.0,695364352.0
2022-11-03,4.902079754782658,4.976312033738987,4.86633828713702,4.951567940753544,16310284.0,291987552.0
2022-11-04,4.946069253423445,5.100032498666199,4.935071878763249,5.0532936563603625,22039204.0,402083072.0
2022-11-07,5.017552188714724,5.12752593531669,5.009304157719576,5.078037749345805,16025969.0,296087488.0
2022-11-08,5.075288405680756,5.075288405680756,4.976312033738987,5.009304157719576,12924388.0,235700592.0
2022-11-09,4.9983067830593795,5.06429103102056,4.970813346408888,5.017552188714724,10756560.0,196399200.0
2022-11-10,4.976312033738987,5.12752593531669,4.965314659078789,5.0505443126953145,19212044.0,354632032.0
2022-11-11,5.157768715632232,5.190760839612821,5.020301532379773,5.03129890703997,27812974.0,517698848.0
2022-11-14,5.006554814054527,5.264993118569148,4.951567940753544,5.242998369248755,29642928.0,556113984.0
2022-11-15,5.273241149564296,5.29248655521964,5.146771340972034,5.28973721155459,24402958.0,464130880.0
2022-11-16,5.286987867889542,5.399710958156557,5.245747712913804,5.300734586214788,19829724.0,383676576.0
2022-11-17,5.2787398368943945,5.410708332816754,5.248497056578853,5.369468177841017,19256410.0,374730688.0
2022-11-18,5.347473428520623,5.905590192525604,5.339225397525476,5.905590192525604,68195904.0,1424357376.0
2022-11-21,5.9633264094916365,6.0210626264576685,5.779120383933342,5.880846099540161,67259856.0,1440594304.0
2022-11-22,5.806613820583834,5.955078378496489,5.608661076700294,5.677394668326523,40067992.0,838694848.0
2022-11-23,5.641653200680884,5.677394668326523,5.443700456797345,5.539927485074064,27261384.0,546749696.0
2022-11-24,5.52068207941872,5.608661076700294,5.501436673763377,5.5674209217245565,22189080.0,448573280.0
2022-11-25,5.482191268108033,5.616909107695442,5.402460301821606,5.592165014709999,22081508.0,442450560.0
2022-11-28,5.498687330098328,5.647151888010982,5.446449800462393,5.495937986433278,18581868.0,373561504.0
2022-11-29,5.512434048423573,5.770872352938194,5.493188642768229,5.759874978277998,29564520.0,608169344.0
2022-11-30,5.757125634612949,5.757125634612949,5.603162389370195,5.625157138690589,20459472.0,422682368.0
2022-12-01,5.693890730316818,5.754376290947899,5.542676828739114,5.638903857015835,22529656.0,462114400.0
2022-12-02,5.636154513350785,5.68839204298672,5.597663702040097,5.647151888010982,10790878.0,221549360.0
2022-12-05,5.666397293666326,5.7406295726226535,5.583916983714851,5.715885479637211,16461039.0,340286752.0
2022-12-06,5.707637448642064,5.759874978277998,5.597663702040097,5.619658451360491,16258339.0,335790464.0
2022-12-07,5.592165014709999,5.7461282599527514,5.542676828739114,5.729632197962458,16639955.0,342957696.0
2022-12-08,5.726882854297408,5.834107257234325,5.660898606336228,5.696640073981867,18469638.0,385478912.0
2022-12-09,5.663647950001278,5.765373665608096,5.641653200680884,5.693890730316818,17878504.0,370763808.0
2022-12-12,5.718634823302261,5.993569189807177,5.718634823302261,5.911088879855702,34673588.0,744617344.0
2022-12-13,5.9083395361906526,6.488451049516026,5.798365789588686,6.287748961967438,58627316.0,1317696512.0
2022-12-14,6.298746336627634,6.304245023957733,6.012814595462522,6.04855606310816,31104570.0,692705920.0
2022-12-15,6.0760494997586525,6.188772590025668,5.988070502477079,6.034809344782914,22480722.0,497414368.0
2022-12-16,6.0210626264576685,6.243759463326651,5.9660757531566855,6.243759463326651,27999648.0,625559808.0
2022-12-19,6.375727959249011,6.375727959249011,5.9660757531566855,5.996318533472226,28246982.0,627642496.0
2022-12-20,5.902840848860555,5.993569189807177,5.724133510632359,5.726882854297408,17458384.0,367901408.0
2022-12-21,5.7461282599527514,5.872598068545013,5.693890730316818,5.762624321943047,11980881.0,251413648.0
2022-12-22,5.779120383933342,5.897342161530456,5.718634823302261,5.757125634612949,13325416.0,281092608.0
2022-12-23,5.704888104977015,5.773621696603244,5.608661076700294,5.693890730316818,14876942.0,307775584.0
2022-12-26,5.751626947282851,5.790117758593539,5.581167640049802,5.608661076700294,14893064.0,307088736.0
2022-12-27,5.660898606336228,5.7406295726226535,5.512434048423573,5.710386792307113,15454359.0,316854656.0
2022-12-28,5.798365789588686,5.812112507913932,5.68839204298672,5.710386792307113,12512116.0,261010544.0
2022-12-29,5.768123009273146,6.191521933690717,5.743378916287703,6.095294905413996,46300604.0,1019934976.0
2022-12-30,6.1365350603897335,6.287748961967438,6.059553437768357,6.221764714006257,33282228.0,750282240.0
2023-01-03,6.433464176215042,6.559933984807304,6.326239773278126,6.460957612865535,47244200.0,1109535872.0
2023-01-04,6.447210894540289,6.447210894540289,6.224514057671307,6.252007494321798,32814116.0,752540032.0
2023-01-05,6.3097437112878305,6.4197174578897975,6.210767339346061,6.328989116943175,31391766.0,722090112.0
2023-01-06,6.257506181651897,6.290498305632486,6.155780466045078,6.175025871700422,24214590.0,545497024.0
2023-01-09,6.188772590025668,6.257506181651897,6.103542936409143,6.21351668301111,20573672.0,463484800.0
2023-01-10,6.252007494321798,6.458208269200485,6.169527184370324,6.378477302914059,26585488.0,614601024.0
2023-01-11,6.323490429613076,6.449960238205338,6.2547568379868475,6.271252899977142,16190242.0,373426304.0
2023-01-12,6.243759463326651,6.342735835268421,6.172276528035372,6.21351668301111,11759737.0,266759488.0
2023-01-13,6.210767339346061,6.364730584588814,6.177775215365471,6.342735835268421,15810211.0,362521408.0
2023-01-16,6.345485178933469,6.491200393181075,6.326239773278126,6.364730584588814,22446972.0,523613600.0
2023-01-17,6.405970739564552,6.4829523621859275,6.326239773278126,6.386725333909207,17515504.0,407482464.0
2023-01-18,6.386725333909207,6.449960238205338,6.353733209928617,6.414218770559699,10396395.0,242260864.0
2023-01-19,6.397722708569404,6.496699080511173,6.326239773278126,6.458208269200485,13234726.0,309761856.0
2023-01-20,6.449960238205338,6.504947111506321,6.345485178933469,6.378477302914059,13115475.0,305838304.0
2023-01-30,6.4197174578897975,6.455458925535437,6.227263401336355,6.241010119661602,19307184.0,442833312.0
2023-01-31,6.2547568379868475,6.287748961967438,6.095294905413996,6.131036373059636,14179093.0,318298528.0
2023-02-01,6.131036373059636,6.18052455903052,6.054054750438258,6.166777840705274,15753273.0,351083200.0
2023-02-02,6.169527184370324,6.295996992962585,6.133785716724684,6.194271277355766,14403995.0,325896160.0
2023-02-03,6.191521933690717,6.260255525316945,6.098044249079045,6.169527184370324,12909067.0,289659200.0
2023-02-06,6.128287029394586,6.169527184370324,6.04855606310816,6.0815481870887504,10337851.0,229209760.0
2023-02-07,6.084297530753799,6.1392844040547825,6.010065251797472,6.05130540677321,9955699.0,219425120.0
2023-02-08,6.056804094103308,6.117289654734389,6.034809344782914,6.043057375778062,7328012.0,161924256.0
2023-02-09,6.043057375778062,6.111790967404291,5.9660757531566855,6.109041623739241,13231630.0,291118592.0
2023-02-10,6.095294905413996,6.150281778714979,6.0760494997586525,6.128287029394586,9630345.0,214088576.0
2023-02-13,6.131036373059636,6.175025871700422,6.087046874418848,6.122788342064488,12658942.0,282327840.0
2023-02-14,6.131036373059636,6.153031122380028,6.026561313787767,6.089796218083897,11915579.0,263089648.0
2023-02-15,6.089796218083897,6.103542936409143,5.988070502477079,6.001817220802324,10178747.0,222852592.0
2023-02-16,6.004566564467374,6.0760494997586525,5.839605944564424,5.924835598180948,13120971.0,285465376.0
2023-02-17,5.913838223520751,5.996318533472226,5.88634478687026,5.930334285511046,10152989.0,219552560.0
2023-02-20,5.971574440486783,6.070550812428553,5.889094130535309,6.062302781433406,11101893.0,242182432.0
2023-02-21,6.062302781433406,6.120038998399439,6.01831328279262,6.089796218083897,9085807.0,200576576.0
2023-02-22,6.062302781433406,6.224514057671307,6.04580671944311,6.158529809710126,16091344.0,361282304.0
2023-02-23,6.175025871700422,6.21351668301111,6.084297530753799,6.133785716724684,8318906.0,185679728.0
2023-02-24,6.133785716724684,6.144783091384881,6.037558688447964,6.0815481870887504,7242195.0,160223888.0
2023-02-27,6.284999618302388,6.295996992962585,5.9660757531566855,5.979822471481931,17118488.0,378740224.0
2023-02-28,5.979822471481931,6.131036373059636,5.9688250968217345,6.100793592744095,11520116.0,254076352.0
2023-03-01,6.125537685729537,6.153031122380028,6.034809344782914,6.1392844040547825,10387542.0,230860864.0
2023-03-02,6.125537685729537,6.205268652015962,6.092545561748947,6.11454031106934,7749906.0,172589200.0
2023-03-03,6.128287029394586,6.144783091384881,6.034809344782914,6.078798843423701,8357564.0,185000256.0
2023-03-06,6.095294905413996,6.230012745001405,6.0815481870887504,6.1970206210208145,16491379.0,370798816.0
2023-03-07,6.1970206210208145,6.2492581506567495,6.062302781433406,6.098044249079045,12336058.0,275717760.0
2023-03-08,6.062302781433406,6.087046874418848,5.971574440486783,6.0238119701227175,9481610.0,207450208.0
2023-03-09,6.0210626264576685,6.169527184370324,6.007315908132423,6.150281778714979,14061802.0,312815168.0
2023-03-10,6.111790967404291,6.199769964685864,6.05130540677321,6.161279153375176,12541756.0,279806208.0
2023-03-13,6.155780466045078,6.158529809710126,6.004566564467374,6.078798843423701,12053756.0,266001520.0
2023-03-14,6.070550812428553,6.191521933690717,6.026561313787767,6.078798843423701,10367413.0,230286720.0
2023-03-15,6.103542936409143,6.238260775996553,6.089796218083897,6.128287029394586,13565289.0,303551584.0
2023-03-16,6.0760494997586525,6.1392844040547825,6.012814595462522,6.043057375778062,9234407.0,203588432.0
2023-03-17,6.059553437768357,6.117289654734389,5.949579691166391,5.9688250968217345,13007967.0,285159168.0
2023-03-20,5.911088879855702,5.911088879855702,5.691141386651768,5.710386792307113,17316936.0,363167520.0
2023-03-21,5.715885479637211,5.894592817865408,5.699389417646916,5.872598068545013,14312704.0,302733344.0
2023-03-22,5.9165875671858,6.21351668301111,5.9165875671858,6.087046874418848,23190448.0,515249440.0
2023-03-23,6.059553437768357,6.186023246360619,6.029310657452816,6.164028497040226,14343519.0,320685536.0
2023-03-24,6.169527184370324,6.232762088666455,6.062302781433406,6.078798843423701,8881733.0,197520816.0
2023-03-27,6.0815481870887504,6.14753243504993,6.0210626264576685,6.089796218083897,8392478.0,185940208.0
2023-03-28,6.092545561748947,6.11454031106934,6.001817220802324,6.026561313787767,7293238.0,160412192.0
2023-03-29,5.993569189807177,6.0238119701227175,5.913838223520751,5.938582316506194,7526690.0,163032272.0
2023-03-30,5.88359544320521,5.894592817865408,5.649901231676032,5.806613820583834,24042246.0,501041056.0
2023-03-31,5.801115133253735,6.032060001117865,5.779120383933342,6.001817220802324,15807428.0,341096032.0
2023-04-03,5.993569189807177,6.070550812428553,5.946830347501341,6.026561313787767,11399418.0,249262144.0
2023-04-04,6.029310657452816,6.41146942689465,6.012814595462522,6.326239773278126,44243852.0,1013171264.0
2023-04-06,6.359231897258716,6.502197767841272,6.328989116943175,6.44171220721019,28057556.0,659187008.0
2023-04-07,6.44446155087524,6.565432672137403,6.44446155087524,6.518693829831568,22298592.0,528665984.0
2023-04-10,6.513195142501469,6.851364413302517,6.504947111506321,6.768884103351041,36564224.0,901528640.0
2023-04-11,6.738641323035501,6.826620320317073,6.678155762404418,6.746889354030648,28977220.0,711140480.0
2023-04-12,6.746889354030648,6.782630821676287,6.653411669418976,6.694651824394714,16850204.0,410943616.0
2023-04-13,6.694651824394714,6.829369663982122,6.686403793399566,6.7633854160209435,20243174.0,498880256.0
2023-04-14,6.752388041360746,6.898103255608352,6.686403793399566,6.752388041360746,12073419.0,297187008.0
2023-04-17,6.752388041360746,6.80462557099668,6.653411669418976,6.790878852671434,13032232.0,319245888.0
2023-04-18,6.790878852671434,6.840367038642319,6.724894604710255,6.7661347596859915,9606770.0,236040480.0
2023-04-19,6.7661347596859915,6.777132134346188,6.5984247961179925,6.631416920098583,15657749.0,378974560.0
2023-04-20,6.64241429475878,6.67540641873937,6.529691204491764,6.584678077792747,10467902.0,250830752.0
2023-04-21,6.579179390462649,6.667158387744222,6.474704331190781,6.485701705850977,10338799.0,246779888.0
2023-04-24,6.584678077792747,6.716646573715107,6.474704331190781,6.504947111506321,16722368.0,400715168.0
2023-04-25,6.5406885791519604,6.543437922817009,6.3097437112878305,6.392224021239306,14568724.0,338502912.0
2023-04-26,6.414218770559699,6.469205643860683,6.31249305495288,6.350983866263569,10153478.0,235764736.0
2023-04-27,6.356482553593667,6.41146942689465,6.27950093097229,6.345485178933469,13135482.0,302606816.0
2023-04-28,6.345485178933469,6.460957612865535,6.28225027463734,6.400472052234454,11911131.0,276409344.0
2023-05-04,6.389474677574256,6.44171220721019,6.295996992962585,6.403221395899502,14042040.0,325695968.0
2023-05-05,6.4087200832296,6.4252161452198955,6.155780466045078,6.1970206210208145,16165956.0,366157824.0
2023-05-08,6.21351668301111,6.268503556312093,6.133785716724684,6.164028497040226,10846364.0,243725136.0
2023-05-09,6.153031122380028,6.205268652015962,6.092545561748947,6.111790967404291,10043138.0,224521952.0
2023-05-10,6.11454031106934,6.150281778714979,5.999067877137275,6.05130540677321,11177568.0,246481104.0
2023-05-11,6.067801468763505,6.169527184370324,6.0210626264576685,6.034809344782914,9065836.0,200761184.0
2023-05-12,6.037558688447964,6.131036373059636,6.010065251797472,6.026561313787767,7233248.0,159469904.0
2023-05-15,6.007315908132423,6.062302781433406,5.930334285511046,6.034809344782914,9053991.0,197383680.0
2023-05-16,6.054054750438258,6.133785716724684,6.034809344782914,6.0815481870887504,11172128.0,247016912.0
2023-05-17,6.070550812428553,6.109041623739241,6.05130540677321,6.092545561748947,6165345.0,136431520.0
2023-05-18,6.089796218083897,6.221764714006257,6.0210626264576685,6.05130540677321,11195177.0,248634560.0
2023-05-19,6.010065251797472,6.122788342064488,5.993569189807177,6.111790967404291,7190754.0,159151264.0
2023-05-22,6.111790967404291,6.199769964685864,6.106292280074193,6.158529809710126,9594502.0,214639600.0
2023-05-23,6.158529809710126,6.320741085948027,6.153031122380028,6.238260775996553,15503923.0,352991040.0
2023-05-24,6.27675158730724,6.364730584588814,6.100793592744095,6.117289654734389,10813300.0,242419072.0
2023-05-25,6.0815481870887504,6.106292280074193,6.012814595462522,6.056804094103308,8209805.0,180593312.0
2023-05-26,6.05130540677321,6.202519308350913,6.029310657452816,6.166777840705274,8235851.0,183759312.0
2023-05-29,6.172276528035372,6.257506181651897,6.125537685729537,6.1970206210208145,8433091.0,189810048.0
2023-05-30,6.221764714006257,6.268503556312093,6.087046874418848,6.199769964685864,7989937.0,179685664.0
2023-05-31,6.172276528035372,6.252007494321798,6.161279153375176,6.194271277355766,8330190.0,187910560.0
2023-06-01,6.188772590025668,6.1970206210208145,6.007315908132423,6.04580671944311,11766206.0,260621120.0
2023-06-02,6.059553437768357,6.089796218083897,6.007315908132423,6.062302781433406,6084804.0,133974584.0
2023-06-05,6.070550812428553,6.111790967404291,6.0210626264576685,6.103542936409143,7727402.0,170466016.0
2023-06-06,6.087046874418848,6.11454031106934,5.924835598180948,5.935832972841144,9630425.0,210162176.0
2023-06-07,5.938582316506194,6.0210626264576685,5.935832972841144,5.944081003836292,5738503.0,124285552.0
2023-06-08,5.91933691085085,5.949579691166391,5.842355288229473,5.856102006554719,6913660.0,147772144.0
2023-06-09,5.869848724879965,6.032060001117865,5.8478539755595715,5.993569189807177,11066585.0,239137568.0
2023-06-12,5.996318533472226,6.199769964685864,5.9660757531566855,6.103542936409143,14617862.0,324933376.0
2023-06-13,6.089796218083897,6.128287029394586,6.062302781433406,6.089796218083897,5371986.0,118913968.0
2023-06-14,6.999290587990943,7.139212798745873,6.919789331880188,7.09151204507942,11224734.0,249917232.0
2023-06-15,7.139212798745873,7.174193351434606,7.027911040190816,7.10105219581271,5817172.0,129513704.0
2023-06-16,7.085151944590559,7.142392848990304,7.059711542635117,7.0787918441016995,6097141.0,135817616.0
2023-06-19,7.0787918441016995,7.132852698257013,7.043811291412966,7.072431743612838,5187593.0,115573200.0
2023-06-20,7.072431743612838,7.107412296301572,7.027911040190816,7.053351442146257,4023931.0,89284656.0
2023-06-21,7.066071643123977,7.08833199483499,6.95794993481335,6.967490085546641,5352440.0,117825008.0
2023-06-26,6.900709030413606,6.989750437257652,6.795767372347409,6.900709030413606,6122878.0,132775320.0
2023-06-27,6.907069130902466,6.980210286524361,6.868908527969304,6.95794993481335,3865194.0,84262976.0
2023-06-28,6.95476988456892,6.961129985057781,6.881628728947025,6.95476988456892,5187140.0,113110296.0
2023-06-29,6.942049683591199,7.183733502167897,6.942049683591199,7.110592346546001,11309565.0,252027584.0
2023-06-30,7.123312547523722,7.209173904123339,7.097872145568281,7.126492597768152,6555784.0,147557872.0
2023-07-03,7.136032748501443,7.148752949479164,7.043811291412966,7.09151204507942,5397546.0,120234216.0
2023-07-04,7.085151944590559,7.1646532007013155,7.043811291412966,7.132852698257013,6187584.0,138268624.0
2023-07-05,7.116952447034861,7.171013301190176,7.027911040190816,7.069251693368408,5362084.0,119459464.0
2023-07-06,7.059711542635117,7.059711542635117,6.983390336768792,6.996110537746513,5136544.0,113243856.0
2023-07-07,7.012010788968664,7.031091090435245,6.96431003530221,6.970670135791072,4584555.0,100859088.0
2023-07-10,6.980210286524361,7.056531492390688,6.96431003530221,6.996110537746513,3417493.0,75263968.0
2023-07-11,6.977030236279932,7.012010788968664,6.9325095328579085,7.002470638235373,3826494.0,83963128.0
2023-07-12,6.999290587990943,7.034271140679676,6.9325095328579085,6.938869633346768,4103230.0,90035496.0
2023-07-13,6.948409784080059,7.027911040190816,6.942049683591199,6.992930487502082,6536102.0,143669184.0
2023-07-14,7.005650688479804,7.005650688479804,6.881628728947025,6.881628728947025,8471187.0,184168272.0
2023-07-17,6.900709030413606,7.053351442146257,6.900709030413606,6.961129985057781,8368813.0,183984192.0
2023-07-18,6.989750437257652,6.992930487502082,6.881628728947025,6.900709030413606,5716294.0,124293016.0
2023-07-19,6.881628728947025,6.916609281635757,6.849828226502722,6.891168879680316,3555070.0,76950712.0
2023-07-20,6.891168879680316,6.95158983432449,6.891168879680316,6.907069130902466,3691830.0,80345368.0
2023-07-21,6.897528980169176,7.155113049968024,6.884808779191454,7.120132497279292,17846078.0,397718688.0
2023-07-24,7.097872145568281,7.158293100212455,7.066071643123977,7.139212798745873,8004348.0,179190960.0
2023-07-25,7.171013301190176,7.183733502167897,7.072431743612838,7.155113049968024,7754047.0,173573552.0
2023-07-26,7.155113049968024,7.342736014389408,7.142392848990304,7.282315059745233,14842832.0,339754336.0
2023-07-27,7.285495109989664,7.314115562189536,7.221894105101059,7.279135009500804,8914486.0,203823424.0
2023-07-28,7.256874657789792,7.371356466589281,7.237794356323211,7.3618163158559895,11668142.0,269091872.0
2023-07-31,7.3618163158559895,7.399976918789152,7.275954959256373,7.323655712922827,11604676.0,267537200.0
2023-08-01,7.314115562189536,7.380896617322572,7.231434255834349,7.279135009500804,8924997.0,204554896.0
2023-08-02,7.272774909011943,7.301395361211815,7.212353954367768,7.237794356323211,8169758.0,186369360.0
2023-08-03,7.22507415534549,7.333195863656117,7.221894105101059,7.310935511945106,5800782.0,133178136.0
2023-08-04,7.393616818300292,7.498558476366489,7.282315059745233,7.298215310967385,7191624.0,165949536.0
2023-08-07,7.282315059745233,7.339555964144977,7.027911040190816,7.129672648012583,14680329.0,329294016.0
2023-08-08,7.113772396790432,7.171013301190176,7.075611793857268,7.126492597768152,6011434.0,134747312.0
2023-08-09,7.107412296301572,7.2409744065676405,7.09151204507942,7.183733502167897,7061901.0,159522976.0
2023-08-10,7.136032748501443,7.199633753390048,7.123312547523722,7.174193351434606,3886421.0,87455440.0
2023-08-11,7.186913552412327,7.196453703145617,7.053351442146257,7.056531492390688,5317695.0,118767512.0
2023-08-14,7.021550939701954,7.072431743612838,6.970670135791072,7.066071643123977,5172562.0,114126320.0
2023-08-15,7.059711542635117,7.123312547523722,7.005650688479804,7.09151204507942,3837753.0,85366832.0
2023-08-16,7.075611793857268,7.171013301190176,7.046991341657397,7.069251693368408,3734342.0,83556848.0
2023-08-17,7.034271140679676,7.129672648012583,6.996110537746513,7.1042322460571405,3378229.0,75160320.0
2023-08-18,7.081971894346129,7.123312547523722,6.916609281635757,6.935689583102338,6073794.0,133481488.0
2023-08-21,6.900709030413606,7.0088307387242335,6.837108025525001,6.891168879680316,4861807.0,105779680.0
2023-08-22,6.891168879680316,6.95158983432449,6.805307523080699,6.897528980169176,5978111.0,129195544.0
2023-08-23,6.881628728947025,6.913429231391326,6.687645664036781,6.69718581477007,6400770.0,136204224.0
2023-08-24,6.5191030010819775,6.633584809881466,6.102516419061618,6.550903503526281,31225052.0,621896192.0
2023-08-25,6.487302498637675,6.7099060157477926,6.42370149374907,6.633584809881466,11610656.0,241160848.0
2023-08-28,6.919789331880188,6.945229733835629,6.566803754748431,6.595424206948303,8437366.0,178634368.0
2023-08-29,6.595424206948303,6.767146920147536,6.573163855237293,6.732166367458804,6291995.0,132789696.0
2023-08-30,6.713086065992222,6.805307523080699,6.69718581477007,6.7607868196586764,4322066.0,91905000.0
2023-08-31,6.757606769414245,6.789407271858548,6.719446166481082,6.751246668925385,3233137.0,68625056.0
2023-09-01,6.754426719169815,6.805307523080699,6.722626216725513,6.783047171369686,3056745.0,65052460.0
2023-09-04,6.7766870708808264,6.843468126013861,6.7607868196586764,6.82120777430285,3643995.0,78018072.0
2023-09-05,6.82120777430285,6.9325095328579085,6.8116676235695595,6.856188326991582,4574875.0,98877096.0
2023-09-06,6.82120777430285,6.900709030413606,6.770326970391966,6.798947422591838,3714305.0,79507112.0
2023-09-07,6.783047171369686,6.81484767381399,6.694005764525641,6.722626216725513,4300616.0,91005512.0
2023-09-08,6.68128556354792,6.738526467947664,6.643124960614757,6.674925463059059,3041862.0,63919960.0
2023-09-11,6.668565362570199,6.83392797528057,6.668565362570199,6.805307523080699,5704025.0,121856056.0
2023-09-12,6.7766870708808264,6.849828226502722,6.763966869903106,6.798947422591838,2895010.0,62017416.0
2023-09-13,6.7766870708808264,6.8116676235695595,6.716266116236652,6.7862272216141175,3368845.0,71675664.0
2023-09-14,6.757606769414245,6.795767372347409,6.703545915258931,6.789407271858548,3023634.0,64252496.0
2023-09-15,6.798947422591838,6.919789331880188,6.773507020636397,6.853008276747152,7311562.0,157932752.0
2023-09-18,6.856188326991582,6.973850186035501,6.81802772405842,6.913429231391326,6707492.0,146021760.0
2023-09-19,6.95794993481335,7.148752949479164,6.913429231391326,7.027911040190816,13361218.0,294803968.0
2023-09-20,6.989750437257652,6.989750437257652,6.881628728947025,6.929329482613477,6291647.0,137082000.0
2023-09-21,6.926149432369048,6.942049683591199,6.868908527969304,6.887988829435885,4316533.0,93663720.0
2023-09-22,6.878448678702594,6.942049683591199,6.82756787479171,6.913429231391326,5160438.0,111681776.0
2023-09-25,6.903889080658036,7.024730989946385,6.8720885782137335,6.996110537746513,8377229.0,183874912.0
2023-09-26,6.996110537746513,7.053351442146257,6.973850186035501,6.992930487502082,4460650.0,98423208.0
2023-09-27,7.040631241168536,7.0946920953238495,6.996110537746513,7.062891592879548,6005634.0,133410264.0
2023-09-28,7.066071643123977,7.107412296301572,7.027911040190816,7.059711542635117,5965800.0,132372872.0
2023-10-09,7.031091090435245,7.196453703145617,7.031091090435245,7.177373401679036,10156592.0,228439024.0
2023-10-10,7.190093602656757,7.275954959256373,7.155113049968024,7.193273652901188,10341312.0,234776608.0
2023-10-11,7.202813803634477,7.37771656707814,7.155113049968024,7.158293100212455,15273288.0,347724448.0
2023-10-12,7.161473150456885,7.272774909011943,7.075611793857268,7.136032748501443,8265083.0,185582032.0
2023-10-13,7.161473150456885,7.215534004612199,7.097872145568281,7.1805534519234655,7379071.0,166421264.0
2023-10-16,7.1805534519234655,7.218714054856629,7.09151204507942,7.129672648012583,6609025.0,148305984.0
2023-10-17,7.129672648012583,7.1805534519234655,7.043811291412966,7.136032748501443,4815245.0,107459336.0
2023-10-18,7.116952447034861,7.139212798745873,7.0088307387242335,7.027911040190816,3996763.0,88729112.0
2023-10-19,7.002470638235373,7.050171391901827,6.938869633346768,6.967490085546641,5911885.0,130039448.0
2023-10-20,6.938869633346768,7.005650688479804,6.887988829435885,6.900709030413606,4535765.0,98632472.0
2023-10-23,6.8720885782137335,6.95794993481335,6.770326970391966,6.919789331880188,5025400.0,108412336.0
2023-10-24,6.900709030413606,6.977030236279932,6.69082571428121,6.935689583102338,7930442.0,171432672.0
2023-10-25,6.996110537746513,6.999290587990943,6.837108025525001,6.849828226502722,5187695.0,112720848.0
2023-10-26,6.789407271858548,6.9325095328579085,6.779867121125257,6.887988829435885,4235610.0,91488688.0
2023-10-27,6.856188326991582,7.126492597768152,6.837108025525001,7.1042322460571405,8105947.0,179207824.0
2023-10-30,7.171013301190176,7.489018325633199,7.1042322460571405,7.393616818300292,22431462.0,521898112.0
2023-10-31,7.393616818300292,7.552619330521804,7.393616818300292,7.463577923677756,13909930.0,326139616.0
2023-11-01,7.463577923677756,7.523998878321931,7.4126971197668725,7.495378426122059,10478589.0,246332816.0
2023-11-02,7.495378426122059,7.546259230032943,7.450857722700036,7.450857722700036,7694546.0,181036208.0
2023-11-03,7.441317571966745,7.520818828077501,7.37771656707814,7.3872567178114315,9564323.0,223772320.0
2023-11-06,7.460397873433327,7.5176387778330716,7.380896617322572,7.425417320744595,10615188.0,248310848.0
2023-11-07,7.406337019278013,7.425417320744595,7.2505145573009315,7.269594858767513,14358960.0,329944672.0
2023-11-08,7.260054708034222,7.371356466589281,7.221894105101059,7.285495109989664,9975986.0,229216368.0
2023-11-09,7.3363759139005476,7.406337019278013,7.244154456812072,7.275954959256373,7963618.0,183009040.0
2023-11-10,7.237794356323211,7.3872567178114315,7.22507415534549,7.314115562189536,6714606.0,154550928.0
2023-11-13,7.3363759139005476,7.345916064633839,7.237794356323211,7.301395361211815,6881506.0,157428208.0
2023-11-14,7.301395361211815,7.390436768055861,7.288675160234095,7.371356466589281,7988979.0,184650288.0
2023-11-15,7.4126971197668725,7.460397873433327,7.36499636610042,7.434957471477885,7296630.0,170191616.0
2023-11-16,7.431777421233455,7.574879682232815,7.3268357631672565,7.36817641634485,8995432.0,209808800.0
2023-11-17,7.339555964144977,7.393616818300292,7.320475662678397,7.358636265611559,5942354.0,137357952.0
2023-11-20,7.358636265611559,7.454037772944467,7.355456215367129,7.434957471477885,8024325.0,187118160.0
2023-11-21,7.434957471477885,7.485838275388768,7.374536516833711,7.3872567178114315,8546544.0,199322944.0
2023-11-22,7.36817641634485,7.399976918789152,7.333195863656117,7.333195863656117,5171066.0,119707344.0
2023-11-23,7.339555964144977,7.3967968685447225,7.323655712922827,7.3872567178114315,5540780.0,128231928.0
2023-11-24,7.399976918789152,7.450857722700036,7.36499636610042,7.441317571966745,8952924.0,208902096.0
2023-11-27,7.51445872758864,7.565339531499524,7.310935511945106,7.434957471477885,12562741.0,292981056.0
2023-11-28,7.3967968685447225,7.466757973922188,7.339555964144977,7.431777421233455,9917180.0,231293472.0
2023-11-29,7.4731180744110475,7.489018325633199,7.36499636610042,7.390436768055861,6312278.0,147163392.0
2023-11-30,7.37771656707814,7.791123098854071,7.37771656707814,7.686181440787874,33395288.0,807459712.0
2023-12-01,7.689361491032304,7.807023350076222,7.64484078761028,7.77204279738749,17812600.0,432840032.0
2023-12-04,7.791123098854071,7.8006632495873625,7.523998878321931,7.616220335410408,13506304.0,324052640.0
2023-12-05,7.587599883210536,7.670281189565722,7.511278677344211,7.549439280277372,12467783.0,297563392.0
2023-12-06,7.520818828077501,7.743422345187618,7.4826582251443385,7.603500134432688,13188342.0,314860640.0
2023-12-07,7.603500134432688,7.6639210890768625,7.50491857685535,7.5176387778330716,9046125.0,214636912.0
2023-12-08,7.50491857685535,7.622580435899269,7.444497622211176,7.565339531499524,10911144.0,258814016.0
2023-12-11,7.600320084188256,7.63212058663256,7.520818828077501,7.600320084188256,11497139.0,274050144.0
2023-12-12,7.571699631988385,7.600320084188256,7.212353954367768,7.3872567178114315,26996762.0,625940032.0
2023-12-13,7.3872567178114315,7.450857722700036,7.330015813411688,7.339555964144977,10417768.0,242089808.0
2023-12-14,7.358636265611559,7.399976918789152,7.291855210478524,7.307755461700676,8985100.0,207379168.0
2023-12-15,7.298215310967385,7.310935511945106,7.062891592879548,7.069251693368408,15949009.0,358739520.0
2023-12-18,7.059711542635117,7.234614306078781,7.002470638235373,7.1805534519234655,10269209.0,231705968.0
2023-12-19,7.158293100212455,7.177373401679036,7.072431743612838,7.113772396790432,7505620.0,168090880.0
2023-12-20,7.155113049968024,7.177373401679036,7.015190839213094,7.024730989946385,5197285.0,115803240.0
2023-12-21,6.999290587990943,7.024730989946385,6.9325095328579085,6.980210286524361,7899215.0,173150960.0
2023-12-22,6.992930487502082,7.0183708894575245,6.935689583102338,6.973850186035501,6670843.0,146311872.0
2023-12-25,6.95794993481335,7.027911040190816,6.938869633346768,7.0183708894575245,5567560.0,122343816.0
2023-12-26,7.002470638235373,7.0787918441016995,6.95476988456892,6.967490085546641,4778880.0,105368208.0
2023-12-27,6.967490085546641,7.015190839213094,6.910249181146897,7.005650688479804,5048057.0,110458008.0
2023-12-28,6.989750437257652,7.027911040190816,6.95158983432449,7.002470638235373,12459666.0,273944192.0
2023-12-29,6.996110537746513,7.09151204507942,6.983390336768792,7.037451190924106,10876403.0,240840576.0
2024-01-02,7.081971894346129,7.081971894346129,6.907069130902466,6.907069130902466,12070684.0,264131952.0
2024-01-03,6.900709030413606,7.034271140679676,6.881628728947025,6.948409784080059,10986180.0,240075936.0
2024-01-04,6.900709030413606,6.942049683591199,6.82756787479171,6.903889080658036,8273476.0,178889824.0
2024-01-05,6.894348929924745,6.907069130902466,6.744886568436525,6.767146920147536,8051487.0,172720240.0
2024-01-08,6.748066618680954,6.82120777430285,6.620864608903745,6.649485061103618,8274362.0,174496192.0
2024-01-09,6.646305010859186,6.694005764525641,6.544543403037419,6.601784307437164,9799312.0,203559440.0
2024-01-10,6.601784307437164,6.6145045084148855,6.487302498637675,6.5191030010819775,7041180.0,144878960.0
2024-01-11,6.471402247415525,6.512742900593118,6.395081041549199,6.4777623479043855,10533902.0,214167760.0
2024-01-12,6.461862096682234,6.487302498637675,6.347380287882745,6.353740388371606,9202195.0,185489120.0
2024-01-15,6.337840137149454,6.391900991304769,6.264698981527559,6.2964994839718615,8919210.0,177484592.0
2024-01-16,6.293319433727431,6.3219398859273035,6.166117423950222,6.248798730305408,10015431.0,196032256.0
2024-01-17,6.236078529327687,6.261518931283129,6.032555313684152,6.035735363928582,11152169.0,214886832.0
2024-01-18,5.994394710750989,6.01029496197314,5.790871495107455,6.007114911728711,16462473.0,304849312.0
2024-01-19,5.9784944595288385,6.127956821017059,5.959414158062256,6.0548156653951635,12482232.0,237878816.0
2024-01-22,6.019835112706431,6.019835112706431,5.717730339485559,5.765431093152012,13738720.0,254348944.0
2024-01-23,5.7463507916854315,5.905353303906943,5.695469987774548,5.876732851707071,10523033.0,192417168.0
2024-01-24,5.9085333541513725,5.930793705862384,5.714550289241129,5.8926331029292225,8552678.0,156817072.0
2024-01-25,5.883092952195931,6.0643558161284545,5.8322121482850475,6.032555313684152,10671280.0,201068016.0
2024-01-26,6.007114911728711,6.089796218083896,5.9784944595288385,5.994394710750989,10251510.0,194172592.0
2024-01-29,6.00075481123985,6.042095464417443,5.886273002440362,5.911713404395803,7359942.0,137863904.0
2024-01-30,5.86083260048492,5.933973756106815,5.762251042907582,5.762251042907582,7227312.0,132699864.0
2024-01-31,5.733630590707711,5.765431093152012,5.584168229219489,5.596888430197211,9282428.0,164835296.0
2024-02-01,5.577808128730629,5.749530841929861,5.552367726775187,5.647769234108094,9695344.0,172551936.0
2024-02-02,5.692289937530116,5.755890942418723,5.402905365286966,5.6064285809305,11985122.0,210704192.0
2024-02-05,5.555547777019616,5.705010138507839,5.250262953554316,5.596888430197211,17493256.0,301845120.0
2024-02-06,5.574628078486199,5.924433605373524,5.507847023353164,5.9180735048846635,17838642.0,325463552.0
2024-02-07,5.930793705862384,6.067535866372884,5.87355280146264,6.007114911728711,17884768.0,336721408.0
2024-02-08,6.00393486148428,6.089796218083896,5.933973756106815,6.035735363928582,15938897.0,301899264.0
2024-02-19,6.096156318572757,6.099336368817187,5.984854560017699,6.067535866372884,11773524.0,223761264.0
2024-02-20,6.019835112706431,6.182017675172373,5.994394710750989,6.118416670283768,10236591.0,197037024.0
2024-02-21,6.086616167839466,6.223358328349966,6.057995715639595,6.13113687126149,10115284.0,195736320.0
2024-02-22,6.099336368817187,6.2106381273722455,6.092976268328327,6.2106381273722455,8129838.0,157690736.0
2024-02-23,6.216998227861106,6.245618680060978,6.13113687126149,6.2106381273722455,8124810.0,158040800.0
2024-02-26,6.172477524439082,6.27423913226085,6.112056569794908,6.2010979766389545,9089289.0,177059120.0
2024-02-27,6.191557825905663,6.261518931283129,6.159757323461362,6.261518931283129,7129420.0,139266432.0
2024-02-28,6.280599232749711,6.426881543993502,6.172477524439082,6.172477524439082,14885086.0,295850112.0
2024-02-29,6.089796218083896,6.299679534216291,6.089796218083896,6.27423913226085,10069941.0,197806080.0
2024-03-01,6.27423913226085,6.337840137149454,6.236078529327687,6.299679534216291,10413684.0,205917216.0
2024-03-04,6.280599232749711,6.455501996193373,6.248798730305408,6.331480036660595,11810970.0,235074640.0
2024-03-05,6.3219398859273035,6.325119936171734,6.213818177616675,6.290139383483002,8625530.0,169713680.0
2024-03-06,6.283779282994141,6.299679534216291,6.169297474194652,6.245618680060978,7769869.0,152124192.0
2024-03-07,6.236078529327687,6.255158830794269,6.118416670283768,6.121596720528199,6802383.0,132142544.0
2024-03-08,6.13113687126149,6.182017675172373,6.102516419061618,6.153397222972502,6796817.0,131106880.0
2024-03-11,6.153397222972502,6.395081041549199,6.13749697175035,6.356920438616036,12636095.0,251112112.0
2024-03-12,6.382360840571478,6.659025211836909,6.363280539104897,6.630404759637036,19115752.0,391390432.0
2024-03-13,6.608144407926025,6.7099060157477926,6.550903503526281,6.592244156703873,16574184.0,345645600.0
2024-03-14,6.668565362570199,6.706725965503361,6.484122448393245,6.496842649370966,11934074.0,246341696.0
2024-03-15,6.496842649370966,6.54136335279299,6.366460589349327,6.509562850348686,8904911.0,180802944.0
2024-03-18,6.480942398148815,6.531823202059699,6.40462119228249,6.490482548882106,11604766.0,235572336.0
2024-03-19,6.493662599126536,6.512742900593118,6.417341393260211,6.420521443504641,9110019.0,185046736.0
2024-03-20,6.414161343015781,6.439601744971222,6.360100488860466,6.395081041549199,7683128.0,154416624.0
2024-03-21,6.388720941060338,6.439601744971222,6.328299986416163,6.334660086905025,8417069.0,168568800.0
2024-03-22,6.325119936171734,6.331480036660595,6.169297474194652,6.232898479083257,10171374.0,199303552.0
2024-03-25,6.220178278105536,6.3219398859273035,6.197917926394524,6.216998227861106,6344485.0,124991112.0
2024-03-26,6.2106381273722455,6.255158830794269,6.175657574683513,6.239258579572118,5618497.0,109844336.0
2024-03-27,6.232898479083257,6.264698981527559,6.153397222972502,6.159757323461362,6719305.0,131261712.0
2024-03-28,6.13749697175035,6.3219398859273035,6.121596720528199,6.299679534216291,8106604.0,159564368.0
2024-03-29,6.293319433727431,6.42370149374907,6.293319433727431,6.414161343015781,8804716.0,176334560.0
2024-04-01,6.503202749859827,6.503202749859827,6.232898479083257,6.331480036660595,25983014.0,515235360.0
2024-04-02,6.337840137149454,6.337840137149454,6.242438629816547,6.255158830794269,12407576.0,244842160.0
2024-04-03,6.239258579572118,6.2869593332385705,6.162937373705791,6.182017675172373,13636402.0,266108576.0
2024-04-08,6.169297474194652,6.169297474194652,5.962594208306687,5.962594208306687,20529298.0,388722816.0
2024-04-09,5.946693957084536,6.0548156653951635,5.921253555129094,6.029375263439722,12048766.0,227236176.0
2024-04-10,6.00075481123985,6.026195213195291,5.905353303906943,5.937153806351246,8732522.0,163467728.0
2024-04-11,5.9085333541513725,5.984854560017699,5.895813153173652,5.9180735048846635,6963636.0,130014512.0
2024-04-12,5.946693957084536,6.045275514661873,5.937153806351246,5.975314409284408,10048976.0,189438512.0
2024-04-15,5.972134359039978,6.070715916617315,5.921253555129094,6.029375263439722,10039676.0,189914480.0
2024-04-16,6.029375263439722,6.175657574683513,5.984854560017699,5.99757476099542,12397589.0,237161008.0
2024-04-17,6.01029496197314,6.073895966861746,5.953054057573396,6.0643558161284545,12631364.0,239770336.0
2024-04-18,6.032555313684152,6.150217172728071,5.981674509773268,6.019835112706431,13649721.0,260204224.0
2024-04-19,5.988034610262129,6.070715916617315,5.949874007328966,6.051635615150734,9085039.0,172051488.0
2024-04-22,5.99757476099542,6.172477524439082,5.99757476099542,6.118416670283768,11775995.0,226674784.0
2024-04-23,6.092976268328327,6.1247767707726295,5.9784944595288385,6.067535866372884,12525359.0,237729248.0
2024-04-24,6.026195213195291,6.073895966861746,5.99757476099542,6.070715916617315,6772608.0,128541736.0
2024-04-25,6.038915414173013,6.150217172728071,6.013475012217571,6.0548156653951635,9198212.0,175724336.0
2024-04-26,5.72409043997442,5.914893454640234,5.692289937530116,5.895813153173652,25598016.0,467559168.0
2024-04-29,5.8926331029292225,6.197917926394524,5.870372751218211,6.188377775661234,25110580.0,480583712.0
2024-04-30,6.172477524439082,6.236078529327687,6.156577273216931,6.191557825905663,10060119.0,195987776.0
2024-05-06,6.232898479083257,6.360100488860466,6.188377775661234,6.302859584460722,14047718.0,278010816.0
2024-05-07,6.283779282994141,6.2964994839718615,6.216998227861106,6.264698981527559,8978003.0,176608496.0
2024-05-08,6.293319433727431,6.325119936171734,6.188377775661234,6.2106381273722455,10238455.0,200636496.0
2024-05-09,6.197917926394524,6.3219398859273035,6.169297474194652,6.290139383483002,10857277.0,214200304.0
2024-05-10,6.312399735194013,6.449141895704513,6.2964994839718615,6.356920438616036,17333860.0,347455200.0
2024-05-13,6.356920438616036,6.369640639593757,6.239258579572118,6.258338881038699,9040638.0,178926800.0
2024-05-14,6.251978780549838,6.439601744971222,6.251978780549838,6.417341393260211,14933543.0,299615296.0
2024-05-15,6.395081041549199,6.398261091793629,6.299679534216291,6.302859584460722,8787100.0,174901200.0
2024-05-16,6.290139383483002,6.334660086905025,6.223358328349966,6.232898479083257,8334000.0,164313632.0
2024-05-17,6.223358328349966,6.27105908201642,6.178837624927943,6.248798730305408,7156733.0,139838720.0
2024-05-20,6.251978780549838,6.41098129277135,6.236078529327687,6.382360840571478,12306601.0,246099728.0
2024-05-21,6.366460589349327,6.366460589349327,6.0548156653951635,6.073895966861746,19658108.0,379661952.0
2024-05-22,6.118416670283768,6.118416670283768,5.984854560017699,6.061175765884024,9500100.0,180633280.0
2024-05-23,6.048455564906304,6.057995715639595,5.9784944595288385,5.984854560017699,5798863.0,109483592.0
2024-05-24,5.930793705862384,6.007114911728711,5.886273002440362,5.886273002440362,8495820.0,158618128.0
2024-05-27,5.895813153173652,5.9784944595288385,5.739990691196571,5.851292449751629,9768336.0,178386560.0
2024-05-28,5.851292449751629,5.914893454640234,5.813131846818466,5.883092952195931,6665795.0,123216784.0
2024-05-29,5.883092952195931,5.914893454640234,5.809951796574036,5.838572248773907,5213359.0,95901632.0
2024-05-30,5.816311897062896,6.016655062462002,5.784511394618594,5.953054057573396,10287147.0,192090160.0
2024-05-31,5.965774258551118,6.00075481123985,5.759070992663152,5.778151294129734,15401961.0,281868896.0
2024-06-03,5.743170741441,5.816311897062896,5.698650038018978,5.7463507916854315,10201613.0,184321616.0
2024-06-04,5.720910389729989,5.825852047796187,5.692289937530116,5.803591696085175,7885237.0,143494352.0
2024-06-05,5.790871495107455,5.9689543087955474,5.784511394618594,5.838572248773907,10793003.0,199841280.0
2024-06-06,5.816311897062896,5.86719270097378,5.72727049021885,5.733630590707711,11001843.0,200228368.0
2024-06-07,5.743170741441,5.790871495107455,5.603248530686071,5.657309384841384,10551399.0,188204416.0
2024-06-11,5.631868982885943,5.698650038018978,5.5905283297083495,5.666849535574675,7781663.0,138323744.0
2024-06-12,5.631868982885943,5.705010138507839,5.609608631174932,5.635049033130373,9585600.0,170297056.0
2024-06-13,5.612788681419361,5.638229083374803,5.517387174086455,5.520567224330884,13297666.0,232365072.0
2024-06-14,6.593156538807428,6.6316006002582,6.508579603615729,6.570090101936965,11156111.0,190295056.0
2024-06-17,6.516268415905884,6.577778914227119,6.481668760600189,6.5662456957918875,8353523.0,142004368.0
2024-06-18,6.550868071211578,6.593156538807428,6.3278925147971,6.420158262278953,18292690.0,306920064.0
2024-06-19,6.400936231553567,6.43938029300434,6.324048108652023,6.381714200828182,11026326.0,182736864.0
2024-06-20,6.362492170102795,6.462446729874802,6.312514890216792,6.324048108652023,9610257.0,159331536.0
2024-06-21,6.304826077926636,6.431691480714186,6.304826077926636,6.366336576247872,9174310.0,152267936.0
2024-06-24,6.34327013937741,6.362492170102795,6.189493893574321,6.204871518154629,9326395.0,151605472.0
2024-06-25,6.204871518154629,6.258693204185711,6.104916958382622,6.154894238268626,9297208.0,149240240.0
2024-06-26,6.154894238268626,6.312514890216792,6.139516613688317,6.304826077926636,7369494.0,119333624.0
2024-06-27,6.285604047201251,6.30098167178156,6.1587386444137024,6.166427456703857,5982423.0,96563824.0
2024-06-28,6.166427456703857,6.216404736589862,6.054939678496618,6.070317303076926,10386514.0,165874992.0
2024-07-01,6.074161709222004,6.116450176817853,5.939607494144301,6.104916958382622,8915608.0,139834400.0
2024-07-02,6.085694927657236,6.085694927657236,5.95498511872461,5.958829524869687,10298393.0,160755312.0
2024-07-03,5.939607494144301,5.966518337159842,5.851186152807526,5.851186152807526,11206068.0,171963136.0
2024-07-04,5.851186152807526,5.878096995823065,5.751231593035518,5.770453623760903,9364729.0,141350336.0
2024-07-05,5.766609217615827,5.916541057273839,5.7320095623101315,5.897319026548452,11979502.0,181702960.0
2024-07-08,5.8819414019681435,5.912696651128761,5.728165156165055,5.751231593035518,9700849.0,145864192.0
2024-07-09,5.781986842196135,5.835808528227217,5.712787531584746,5.824275309791985,10069018.0,151439360.0
2024-07-10,5.801208872921522,5.978051555595074,5.785831248341212,5.924229869563993,10806613.0,165977120.0
2024-07-11,6.012651210900769,6.3086704840717145,5.985740367885228,6.277915234911096,20803760.0,334078880.0
2024-07-12,6.258693204185711,6.3278925147971,6.227937955025093,6.304826077926636,11300717.0,184804928.0
2024-07-15,6.281759641056174,6.374025388538026,6.251004391895557,6.281759641056174,10963704.0,179951648.0
2024-07-16,6.201027112009552,6.400936231553567,6.201027112009552,6.377869794683104,10047069.0,165884528.0
2024-07-17,6.381714200828182,6.527801634341116,6.354803357812641,6.497046385180497,12102136.0,203707504.0
2024-07-18,6.477824354455112,6.550868071211578,6.416313856133876,6.504735197470653,12484599.0,210839184.0
2024-07-19,6.477824354455112,6.5662456957918875,6.443224699149417,6.527801634341116,8037933.0,136139456.0
2024-07-22,6.504735197470653,6.608534163387738,6.500890791325575,6.5393348527763475,7942360.0,135578352.0
2024-07-23,6.527801634341116,6.53549044663127,6.285604047201251,6.293292859491406,9971725.0,165845408.0
2024-07-24,6.304826077926636,6.3355813270872545,6.239471173460324,6.285604047201251,9546405.0,155951232.0
2024-07-25,6.266382016475865,6.416313856133876,6.227937955025093,6.293292859491406,7842165.0,128928536.0
2024-07-26,6.285604047201251,6.34327013937741,6.258693204185711,6.262537610330787,6069614.0,99247992.0
2024-07-29,6.289448453346328,6.297137265636482,6.13567220754324,6.151049832123548,7211341.0,116118048.0
2024-07-30,6.1126057706727766,6.13567220754324,5.985740367885228,6.012651210900769,9149575.0,143256944.0
2024-07-31,6.008806804755691,6.34327013937741,5.989584774030305,6.339425733232331,12148545.0,196019776.0
2024-08-01,6.3355813270872545,6.412469449988799,6.224093548880016,6.23178236117017,9761162.0,159555376.0
2024-08-02,6.216404736589862,6.381714200828182,6.201027112009552,6.254848798040633,9218529.0,151335760.0
2024-08-05,6.227937955025093,6.358647763957718,6.16258305055878,6.166427456703857,9173929.0,149078960.0
2024-08-06,6.239471173460324,6.30098167178156,6.170271862848935,6.289448453346328,6820217.0,110898160.0
2024-08-07,6.270226422620942,6.277915234911096,6.154894238268626,6.1933382997193975,5900877.0,95381424.0
2024-08-08,6.189493893574321,6.274070828766019,6.16258305055878,6.239471173460324,5973716.0,96707960.0
2024-08-09,6.239471173460324,6.297137265636482,6.0780061153670815,6.081850521512158,8722985.0,139611920.0
2024-08-12,6.097228146092467,6.289448453346328,6.058784084641695,6.185649487429243,10116287.0,163107600.0
2024-08-13,6.170271862848935,6.189493893574321,6.03956205391631,6.104916958382622,7467420.0,118167896.0
2024-08-14,6.104916958382622,6.108761364527699,6.004962398610614,6.031873241626155,4841413.0,76159496.0
2024-08-15,6.035717647771231,6.120294582962931,6.001117992465536,6.03956205391631,6052445.0,95345776.0
2024-08-16,6.024184429336,6.066472896931849,5.970362743304919,6.03956205391631,5193947.0,81319192.0
2024-08-19,6.03956205391631,6.120294582962931,6.012651210900769,6.020340023190923,5691150.0,89645720.0
2024-08-20,6.008806804755691,6.0164956170458455,5.912696651128761,5.947296306434456,5564900.0,86102112.0
2024-08-21,5.928074275709069,5.978051555595074,5.847341746662448,5.855030558952603,5099736.0,78148024.0
2024-08-22,5.855030558952603,5.889630214258298,5.766609217615827,5.766609217615827,5499287.0,83005832.0
2024-08-23,5.751231593035518,5.801208872921522,5.7204763438749,5.758920405325672,4491447.0,67401760.0
2024-08-26,5.778142436051058,5.7935200606313675,5.65127703326351,5.670499063988896,7511419.0,111258088.0
2024-08-27,5.6781878762790505,5.843497340517371,5.620521784102892,5.739698374600286,16121275.0,241022624.0
2024-08-28,5.682032282424127,5.724320750019977,5.559011285781657,5.697409907004436,10363796.0,152169216.0
2024-08-29,5.724320750019977,5.828119715937062,5.674343470133973,5.785831248341212,8291418.0,124686808.0
2024-08-30,5.770453623760903,5.8819414019681435,5.7204763438749,5.7935200606313675,11989626.0,181391088.0
2024-09-02,5.808897685211676,5.816586497501831,5.7320095623101315,5.7320095623101315,9106990.0,136739264.0
2024-09-03,5.716631937729822,5.831964122082139,5.6781878762790505,5.781986842196135,6227334.0,93521248.0
2024-09-04,5.766609217615827,5.824275309791985,5.735853968455209,5.778142436051058,4687300.0,70546912.0
2024-09-05,5.766609217615827,5.878096995823065,5.766609217615827,5.839652934372293,5721395.0,86851384.0
2024-09-06,5.855030558952603,5.870408183532911,5.739698374600286,5.743542780745363,3922104.0,58978504.0
2024-09-09,5.708943125439668,5.774298029905981,5.662810251698742,5.689721094714282,5138618.0,76316464.0
2024-09-10,5.697409907004436,5.708943125439668,5.5897665349422745,5.655121439408587,5328925.0,78153592.0
2024-09-11,5.632055002538124,5.666654657843819,5.593610941087352,5.605144159522584,4728302.0,69178488.0
2024-09-12,5.601299753377506,5.666654657843819,5.489811975170267,5.489811975170267,7708890.0,111600328.0
2024-09-13,5.497500787460422,5.51287841204073,5.316813698641792,5.320658104786869,10605498.0,148540368.0
2024-09-18,5.320658104786869,5.3667909785277965,5.274525231045943,5.343724541657333,5717337.0,79111344.0
2024-09-19,5.378324196963027,5.559011285781657,5.370635384672873,5.474434350589958,8189255.0,116345680.0
2024-09-20,5.478278756735035,5.485967569025189,5.378324196963027,5.439834695284263,7635832.0,107489560.0
2024-09-23,5.439834695284263,5.485967569025189,5.409079446123646,5.420612664558877,4034321.0,57054152.0
2024-09-24,5.439834695284263,5.658965845553665,5.420612664558877,5.658965845553665,11565739.0,167270720.0
2024-09-25,5.689721094714282,5.831964122082139,5.682032282424127,5.705098719294591,12988396.0,194522096.0
2024-09-26,5.697409907004436,5.985740367885228,5.658965845553665,5.985740367885228,15053533.0,228841104.0
2024-09-27,6.0780061153670815,6.404780637698645,6.058784084641695,6.3086704840717145,24146068.0,391193888.0
2024-09-30,6.53549044663127,6.90839784270376,6.516268415905884,6.885331405833297,44015436.0,768446016.0
2024-10-08,7.569635699657042,7.573480105802118,6.889175811978375,7.1890394912943965,56794396.0,1069809216.0
2024-10-09,7.07370730694208,7.07370730694208,6.562401289646811,6.562401289646811,37984372.0,672185408.0
2024-10-10,6.562401289646811,6.796910064496521,6.408625043843722,6.497046385180497,25338424.0,432276864.0
2024-10-11,6.497046385180497,6.516268415905884,6.1933382997193975,6.2471599857504785,18005752.0,295208800.0
2024-10-14,6.227937955025093,6.297137265636482,6.085694927657236,6.262537610330787,18475296.0,297720768.0
2024-10-15,6.254848798040633,6.30098167178156,6.1126057706727766,6.116450176817853,16029357.0,258496208.0
2024-10-16,6.035717647771231,6.170271862848935,6.035717647771231,6.108761364527699,11503320.0,182445984.0
2024-10-17,6.154894238268626,6.189493893574321,6.03956205391631,6.03956205391631,10531035.0,167290944.0
2024-10-18,6.043406460061386,6.331736920942177,6.0164956170458455,6.2471599857504785,19163186.0,307479456.0
2024-10-21,6.266382016475865,6.30098167178156,6.16258305055878,6.2202491427349385,19061814.0,308772064.0
2024-10-22,6.2202491427349385,6.316359296361869,6.189493893574321,6.251004391895557,15964898.0,259286032.0
2024-10-23,6.258693204185711,6.347114545522487,6.227937955025093,6.297137265636482,18926176.0,310106592.0
2024-10-24,6.331736920942177,6.485513166745267,6.331736920942177,6.366336576247872,28229984.0,470565728.0
2024-10-25,6.320203702506946,6.473979948310035,6.2471599857504785,6.4240026684240314,20121456.0,333911008.0
2024-10-28,6.4240026684240314,6.547023665066503,6.385558606973258,6.5393348527763475,17396996.0,292895200.0
2024-10-29,6.5662456957918875,6.573934508082043,6.362492170102795,6.37018098239295,18622284.0,311866304.0
2024-10-30,6.366336576247872,6.504735197470653,6.3086704840717145,6.377869794683104,14630280.0,243779728.0
2024-10-31,6.350958951667564,6.400936231553567,6.304826077926636,6.3355813270872545,17052996.0,281400000.0
2024-11-01,6.304826077926636,6.3970918254084905,6.258693204185711,6.312514890216792,13243834.0,218107584.0
2024-11-04,6.3278925147971,6.431691480714186,6.304826077926636,6.431691480714186,13746426.0,228595408.0
2024-11-05,6.43938029300434,6.6316006002582,6.404780637698645,6.627756194113123,23291460.0,397408448.0
2024-11-06,6.650822630983587,6.723866347740053,6.585467726517273,6.616222975677892,19283634.0,333548960.0
2024-11-07,6.6008453510975835,6.766154815335904,6.554712477356657,6.766154815335904,20258154.0,353342912.0
2024-11-08,6.862264968962834,6.873798187398065,6.681577880144204,6.746932784610517,18819638.0,331435808.0
2024-11-11,6.704644317014668,6.816132095221907,6.6738890678540495,6.812287689076829,17961240.0,315077728.0
2024-11-12,6.804598876786675,7.016041214765922,6.796910064496521,6.843042938237447,27214050.0,489916864.0
2024-11-13,6.785376846061289,6.896864624268529,6.716177535449899,6.781532439916212,13851336.0,244157984.0
2024-11-14,6.785376846061289,6.819976501366984,6.593156538807428,6.608534163387738,11861097.0,206340464.0
2024-11-15,6.597000944952506,6.646978224838509,6.508579603615729,6.5124240097608075,10770676.0,184603568.0
2024-11-18,6.516268415905884,6.570090101936965,6.4240026684240314,6.443224699149417,11659475.0,197083216.0
2024-11-19,6.473979948310035,6.554712477356657,6.443224699149417,6.547023665066503,9739966.0,164989792.0
2024-11-20,6.547023665066503,6.639289412548354,6.53549044663127,6.6008453510975835,10472232.0,179861984.0
2024-11-21,6.6008453510975835,6.723866347740053,6.53549044663127,6.685422286289282,15450199.0,266558128.0
2024-11-22,6.685422286289282,6.685422286289282,6.404780637698645,6.412469449988799,18489498.0,312644928.0
2024-11-25,6.377869794683104,6.454757917584648,6.3086704840717145,6.324048108652023,11194337.0,185652080.0
2024-11-26,6.381714200828182,6.477824354455112,6.3278925147971,6.3355813270872545,8416320.0,140017392.0
2024-11-27,6.3355813270872545,6.4240026684240314,6.266382016475865,6.4240026684240314,9114270.0,150439536.0
2024-11-28,6.431691480714186,6.4509135114395715,6.385558606973258,6.389403013118336,6450976.0,107726352.0
2024-11-29,6.393247419263413,6.5124240097608075,6.381714200828182,6.481668760600189,9762535.0,164219888.0
2024-12-02,6.497046385180497,6.562401289646811,6.458602323729726,6.5393348527763475,9361772.0,158919024.0
2024-12-03,6.520112822050962,6.5662456957918875,6.481668760600189,6.543179258921424,9706870.0,164781488.0
2024-12-04,6.520112822050962,6.5393348527763475,6.420158262278953,6.443224699149417,7657252.0,129111008.0
2024-12-05,6.420158262278953,6.462446729874802,6.400936231553567,6.431691480714186,5955667.0,99559832.0
2024-12-06,6.416313856133876,6.527801634341116,6.408625043843722,6.500890791325575,9296140.0,156559776.0
2024-12-09,6.570090101936965,6.677733473999128,6.504735197470653,6.5393348527763475,11605217.0,197973584.0
2024-12-10,6.689266692434358,6.7084887231597445,6.5393348527763475,6.573934508082043,13759844.0,237226912.0
2024-12-11,6.554712477356657,6.623911787968046,6.543179258921424,6.608534163387738,7202062.0,123529136.0
2024-12-12,6.60468975724266,6.670044661708973,6.573934508082043,6.666200255563895,9466047.0,163317072.0
2024-12-13,6.662355849418818,6.662355849418818,6.53549044663127,6.547023665066503,11318567.0,193671872.0
2024-12-16,6.508579603615729,6.581623320372197,6.508579603615729,6.577778914227119,9198715.0,156717152.0
2024-12-17,6.5662456957918875,6.6008453510975835,6.489357572890343,6.520112822050962,9510310.0,161902080.0
2024-12-18,6.523957228196038,6.74308837846544,6.520112822050962,6.712333129304822,20449866.0,354321632.0
2024-12-19,6.654667037128664,6.712333129304822,6.5585568835017325,6.681577880144204,13010796.0,224346672.0
2024-12-20,6.662355849418818,6.893020218123451,6.654667037128664,6.850731750527602,25444468.0,451835136.0
2024-12-23,6.835354125947293,6.835354125947293,6.662355849418818,6.689266692434358,15369973.0,269769536.0
2024-12-24,6.685422286289282,6.827665313657139,6.685422286289282,6.808443282931753,15030810.0,265153776.0
2024-12-25,6.808443282931753,6.889175811978375,6.70079991086959,6.827665313657139,14102046.0,249382112.0
2024-12-26,6.8238209075120615,6.866109375107911,6.7084887231597445,6.731555160030209,13325503.0,234919472.0
2024-12-27,6.727710753885131,6.754621596900671,6.666200255563895,6.689266692434358,9767767.0,170431504.0
2024-12-30,6.6738890678540495,6.727710753885131,6.6200673818229685,6.6316006002582,8172860.0,141627344.0
2024-12-31,6.639289412548354,6.650822630983587,6.46629113601988,6.477824354455112,11260497.0,191696608.0
2025-01-02,6.462446729874802,6.516268415905884,6.201027112009552,6.23178236117017,14873787.0,244969792.0
2025-01-03,6.23178236117017,6.297137265636482,6.1587386444137024,6.181805081284165,8526317.0,138307408.0
2025-01-06,6.212560330444783,6.412469449988799,6.212560330444783,6.316359296361869,12697162.0,208464448.0
2025-01-07,6.316359296361869,6.316359296361869,6.151049832123548,6.266382016475865,9248312.0,149612080.0
2025-01-08,6.258693204185711,6.354803357812641,6.174116268994011,6.262537610330787,9324893.0,151950016.0
2025-01-09,6.227937955025093,6.277915234911096,6.189493893574321,6.1933382997193975,5659763.0,91591280.0
2025-01-10,6.185649487429243,6.227937955025093,6.070317303076926,6.070317303076926,7464376.0,119115792.0
2025-01-13,6.035717647771231,6.054939678496618,5.958829524869687,5.989584774030305,7779339.0,121388296.0
2025-01-14,5.993429180175382,6.139516613688317,5.9626739310147645,6.124138989108007,9229428.0,145730192.0
2025-01-15,6.104916958382622,6.13567220754324,6.0510952723515405,6.120294582962931,6223974.0,98770320.0
2025-01-16,6.127983395253085,6.204871518154629,6.070317303076926,6.097228146092467,6456225.0,102922352.0
2025-01-17,6.054939678496618,6.108761364527699,6.004962398610614,6.066472896931849,5081319.0,80234824.0
2025-01-20,6.108761364527699,6.147205425978471,6.054939678496618,6.058784084641695,5320503.0,84326384.0
2025-01-21,6.1318278013981615,6.212560330444783,6.062628490786772,6.108761364527699,5770295.0,91796472.0
2025-01-22,6.081850521512158,6.108761364527699,6.028028835481077,6.09338373994739,4819939.0,76083768.0
2025-01-23,6.139516613688317,6.166427456703857,6.058784084641695,6.058784084641695,6456143.0,102559792.0
2025-01-24,6.035717647771231,6.0780061153670815,6.020340023190923,6.054939678496618,5759395.0,90736864.0
2025-01-27,6.054939678496618,6.139516613688317,6.054939678496618,6.0780061153670815,5826024.0,92351576.0
2025-02-05,6.170271862848935,6.30098167178156,6.104916958382622,6.297137265636482,13926808.0,224933088.0
2025-02-06,6.297137265636482,6.324048108652023,6.224093548880016,6.266382016475865,9537435.0,155168384.0
2025-02-07,6.270226422620942,6.304826077926636,6.224093548880016,6.262537610330787,10909898.0,177850464.0
2025-02-10,6.266382016475865,6.400936231553567,6.266382016475865,6.381714200828182,11586167.0,191175600.0
2025-02-11,6.381714200828182,6.381714200828182,6.293292859491406,6.3278925147971,8574127.0,141093280.0
2025-02-12,6.324048108652023,6.34327013937741,6.208715924299706,6.251004391895557,12984736.0,211259312.0
2025-02-13,6.2471599857504785,6.258693204185711,6.1933382997193975,6.216404736589862,8725049.0,141291680.0
2025-02-14,6.208715924299706,6.427847074569107,6.197182705864475,6.354803357812641,15466960.0,255314336.0
2025-02-17,6.354803357812641,6.454757917584648,6.304826077926636,6.393247419263413,12474557.0,207489504.0
2025-02-18,6.374025388538026,6.374025388538026,6.2471599857504785,6.266382016475865,8260672.0,135726480.0
2025-02-19,6.2471599857504785,6.312514890216792,6.2202491427349385,6.297137265636482,7614298.0,124109856.0
2025-02-20,6.285604047201251,6.3970918254084905,6.266382016475865,6.3086704840717145,9121405.0,150183920.0
2025-02-21,6.312514890216792,6.374025388538026,6.235626767315247,6.297137265636482,9893037.0,161741872.0
2025-02-24,6.293292859491406,6.304826077926636,6.2202491427349385,6.235626767315247,11037768.0,179584912.0
2025-02-25,6.1933382997193975,6.1933382997193975,6.09338373994739,6.101072552237544,12447722.0,198216704.0
2025-02-26,6.108761364527699,6.170271862848935,6.09338373994739,6.1587386444137024,8699034.0,138662512.0
2025-02-27,6.154894238268626,6.212560330444783,6.1126057706727766,6.170271862848935,8556235.0,137150912.0
2025-02-28,6.170271862848935,6.204871518154629,6.058784084641695,6.070317303076926,10464272.0,166309376.0
2025-03-03,6.070317303076926,6.174116268994011,6.062628490786772,6.09338373994739,7982415.0,127131992.0
2025-03-04,6.074161709222004,6.1587386444137024,6.066472896931849,6.124138989108007,6080160.0,96741960.0
2025-03-05,6.143361019833394,6.147205425978471,6.062628490786772,6.0780061153670815,6806810.0,107700240.0
2025-03-06,6.104916958382622,6.170271862848935,6.070317303076926,6.151049832123548,9044810.0,144257888.0
2025-03-07,6.147205425978471,6.147205425978471,6.085694927657236,6.104916958382622,6965601.0,110732112.0
2025-03-10,6.139516613688317,6.174116268994011,6.104916958382622,6.151049832123548,7001397.0,111683648.0
2025-03-11,6.097228146092467,6.154894238268626,6.09338373994739,6.154894238268626,6636551.0,105767216.0
2025-03-12,6.177960675139089,6.177960675139089,6.124138989108007,6.127983395253085,6052209.0,96623592.0
2025-03-13,6.13567220754324,6.143361019833394,6.085694927657236,6.116450176817853,6121772.0,97237448.0
2025-03-14,6.09338373994739,6.197182705864475,6.09338373994739,6.1933382997193975,11454334.0,183597872.0
2025-03-17,6.2202491427349385,6.3086704840717145,6.197182705864475,6.293292859491406,13899375.0,226617088.0
2025-03-18,6.30098167178156,6.339425733232331,6.2471599857504785,6.293292859491406,8226295.0,134694112.0
2025-03-19,6.285604047201251,6.304826077926636,6.23178236117017,6.239471173460324,7326453.0,119367232.0
2025-03-20,6.235626767315247,6.262537610330787,6.181805081284165,6.189493893574321,7655940.0,123705792.0
2025-03-21,6.189493893574321,6.2202491427349385,6.116450176817853,6.127983395253085,7839248.0,125649360.0
2025-03-24,6.147205425978471,6.170271862848935,6.066472896931849,6.127983395253085,7312268.0,116321792.0
2025-03-25,6.116450176817853,6.185649487429243,6.09338373994739,6.177960675139089,6067152.0,97059528.0
2025-03-26,6.170271862848935,6.1933382997193975,6.13567220754324,6.151049832123548,5162946.0,82691984.0
2025-03-27,6.1318278013981615,6.185649487429243,6.104916958382622,6.181805081284165,7047133.0,112946344.0
2025-03-28,6.1587386444137024,6.254848798040633,6.1587386444137024,6.16258305055878,9776510.0,157763936.0
2025-03-31,6.101072552237544,6.1126057706727766,5.928074275709069,5.970362743304919,16013142.0,249962096.0
2025-04-01,5.985740367885228,6.243315579605401,5.978051555595074,6.2202491427349385,22889680.0,367511648.0
2025-04-02,6.208715924299706,6.2202491427349385,6.127983395253085,6.154894238268626,8233964.0,132010104.0
2025-04-03,6.116450176817853,6.2471599857504785,6.104916958382622,6.2471599857504785,11136392.0,179633680.0
2025-04-07,6.43938029300434,6.689266692434358,6.166427456703857,6.324048108652023,72746968.0,1224630656.0
2025-04-08,6.324048108652023,6.46629113601988,6.1318278013981615,6.447069105294494,45999736.0,758466176.0
2025-04-09,6.447069105294494,6.643133818693433,6.3355813270872545,6.5662456957918875,44105704.0,748152576.0
2025-04-10,6.508579603615729,6.616222975677892,6.443224699149417,6.458602323729726,32125606.0,544898560.0
2025-04-11,6.458602323729726,6.53549044663127,6.34327013937741,6.362492170102795,20980156.0,349752800.0
2025-04-14,6.354803357812641,6.458602323729726,6.316359296361869,6.362492170102795,16932864.0,280786848.0
2025-04-15,6.362492170102795,6.37018098239295,6.258693204185711,6.324048108652023,13997886.0,229393040.0
2025-04-16,6.266382016475865,6.289448453346328,6.139516613688317,6.227937955025093,14944623.0,241472976.0
2025-04-17,6.1933382997193975,6.254848798040633,6.181805081284165,6.212560330444783,8332458.0,134897968.0
2025-04-18,6.212560330444783,6.274070828766019,6.174116268994011,6.1933382997193975,7611606.0,122852680.0
2025-04-21,6.201027112009552,6.289448453346328,6.147205425978471,6.274070828766019,10797991.0,175049664.0
2025-04-22,6.277915234911096,6.34327013937741,6.254848798040633,6.285604047201251,11177725.0,183242064.0
2025-04-23,6.285604047201251,6.304826077926636,6.170271862848935,6.1933382997193975,11360889.0,183424592.0
2025-04-24,6.204871518154629,6.331736920942177,6.177960675139089,6.293292859491406,13366596.0,217832544.0
2025-04-25,6.3086704840717145,6.354803357812641,6.235626767315247,6.251004391895557,11796314.0,192954096.0
2025-04-28,6.3355813270872545,6.458602323729726,6.254848798040633,6.293292859491406,15150943.0,249350064.0
2025-04-29,6.281759641056174,6.3355813270872545,6.266382016475865,6.285604047201251,8037535.0,131662928.0
2025-04-30,6.285604047201251,6.320203702506946,6.277915234911096,6.297137265636482,7360590.0,120567584.0
2025-05-06,6.324048108652023,6.3355813270872545,6.251004391895557,6.3355813270872545,13241981.0,216986608.0
2025-05-07,6.37018098239295,6.393247419263413,6.3086704840717145,6.34327013937741,10801552.0,177966224.0
2025-05-08,6.312514890216792,6.339425733232331,6.3086704840717145,6.324048108652023,7188818.0,118222368.0
2025-05-09,6.331736920942177,6.34327013937741,6.289448453346328,6.304826077926636,6427220.0,105567112.0
2025-05-12,6.30098167178156,6.304826077926636,6.2471599857504785,6.289448453346328,9214367.0,150284496.0
2025-05-13,6.293292859491406,6.324048108652023,6.281759641056174,6.312514890216792,7705149.0,126268224.0
2025-05-14,6.297137265636482,6.304826077926636,6.235626767315247,6.270226422620942,9026433.0,147002336.0
2025-05-15,6.258693204185711,6.281759641056174,6.2202491427349385,6.2202491427349385,7004860.0,113822920.0
2025-05-16,6.204871518154629,6.254848798040633,6.151049832123548,6.2471599857504785,10196085.0,164344480.0
2025-05-19,6.243315579605401,6.2471599857504785,6.1933382997193975,6.201027112009552,5677075.0,91721288.0
2025-05-20,6.204871518154629,6.289448453346328,6.204871518154629,6.281759641056174,9352128.0,152318608.0
2025-05-21,6.274070828766019,6.350958951667564,6.258693204185711,6.274070828766019,11028789.0,180733616.0
2025-05-22,6.270226422620942,6.274070828766019,6.177960675139089,6.185649487429243,8192234.0,132415856.0
2025-05-23,6.189493893574321,6.2202491427349385,6.101072552237544,6.101072552237544,10828844.0,173683584.0
2025-05-26,6.085694927657236,6.120294582962931,6.043406460061386,6.09338373994739,7956602.0,125942200.0
2025-05-27,6.089539333802313,6.16258305055878,6.0780061153670815,6.13567220754324,6332723.0,100937584.0
2025-05-28,6.120294582962931,6.143361019833394,6.101072552237544,6.116450176817853,3624595.0,57681108.0
2025-05-29,6.124138989108007,6.208715924299706,6.09338373994739,6.208715924299706,7804393.0,125326336.0
2025-05-30,6.197182705864475,6.235626767315247,6.181805081284165,6.1933382997193975,7330645.0,118389296.0
2025-06-03,6.154894238268626,6.243315579605401,6.151049832123548,6.243315579605401,10833758.0,174862704.0
2025-06-04,6.243315579605401,6.262537610330787,6.204871518154629,6.254848798040633,10514162.0,170359568.0
2025-06-05,6.266382016475865,6.285604047201251,6.208715924299706,6.23178236117017,8641020.0,140334448.0
2025-06-06,6.235626767315247,6.281759641056174,6.197182705864475,6.212560330444783,13702077.0,222189040.0
2025-06-09,6.227937955025093,6.304826077926636,6.201027112009552,6.277915234911096,18164480.0,296042048.0
2025-06-10,6.277915234911096,6.293292859491406,6.216404736589862,6.262537610330787,15534061.0,252852560.0
2025-06-11,6.262537610330787,6.331736920942177,6.254848798040633,6.304826077926636,17998034.0,295322176.0
2025-06-12,6.289448453346328,6.37018098239295,6.277915234911096,6.350958951667564,20052404.0,330326016.0
2025-06-13,6.34327013937741,6.504735197470653,6.166427456703857,6.197182705864475,63299596.0,1037314112.0
2025-06-16,6.16258305055878,6.181805081284165,6.09338373994739,6.108761364527699,27105124.0,432214432.0
2025-06-17,6.948771026604582,7.098301542366959,6.904791463145059,6.948771026604582,21259454.0,337046688.0
2025-06-18,6.939975113912677,6.939975113912677,6.816832336226014,6.860811899685536,14159744.0,220951888.0
2025-06-19,6.8652098560314885,6.8915975941072025,6.799240510842205,6.816832336226014,12683064.0,197124144.0
2025-06-20,6.821230292571966,6.84761803064768,6.799240510842205,6.821230292571966,7465740.0,115867960.0
2025-06-23,6.803638467188157,6.838822117955775,6.720077296615064,6.825628248917918,12461034.0,191877520.0
2025-06-24,6.838822117955775,6.909189419491011,6.825628248917918,6.900393506799107,11176990.0,174849424.0
2025-06-25,6.913587375836964,6.948771026604582,6.874005768723394,6.939975113912677,10039292.0,157702496.0
2025-06-26,6.931179201220773,6.931179201220773,6.88719963776125,6.900393506799107,7921991.0,124451736.0
2025-06-27,6.895995550453154,6.944373070258629,6.88719963776125,6.8915975941072025,8838004.0,138869312.0
2025-06-30,6.904791463145059,6.917985332182916,6.8652098560314885,6.8915975941072025,9293971.0,145489520.0
2025-07-01,6.8915975941072025,6.957566939296487,6.882801681415298,6.935577157566724,10941005.0,172137936.0
2025-07-02,6.935577157566724,6.948771026604582,6.882801681415298,6.917985332182916,9556527.0,150163504.0
2025-07-03,6.917985332182916,7.014740371793866,6.900393506799107,6.9839546773722,14254869.0,226043680.0
2025-07-04,6.9883526337181525,7.001546502756009,6.948771026604582,6.966362851988391,8976820.0,142279472.0
2025-07-07,6.970760808334343,7.032332197177675,6.953168982950534,6.957566939296487,8655976.0,137461984.0
2025-07-08,6.939975113912677,7.014740371793866,6.939975113912677,6.9751587646802955,9126927.0,144949376.0
2025-07-09,6.9883526337181525,7.001546502756009,6.92678124487482,6.944373070258629,13452004.0,212977488.0
2025-07-10,6.922383288528868,6.979556721026247,6.917985332182916,6.970760808334343,13726867.0,217029584.0
2025-07-11,6.970760808334343,7.04112810986958,6.948771026604582,7.010342415447913,18580672.0,296317920.0
2025-07-14,6.997148546410057,7.093903586021006,6.997148546410057,7.06311789159934,12826794.0,205888960.0
2025-07-15,7.06311789159934,7.080709716983151,6.9839546773722,7.014740371793866,12165392.0,194304352.0
2025-07-16,7.032332197177675,7.080709716983151,7.014740371793866,7.076311760637197,13356792.0,214452096.0
2025-07-17,7.076311760637197,7.142281105826481,7.049924022561484,7.133485193134576,15940618.0,257470080.0
2025-07-18,7.133485193134576,7.151077018518387,7.10269949871291,7.146679062172434,10877266.0,176190400.0
2025-07-21,7.13788314948053,7.199454538323861,7.129087236788625,7.1686688439021955,12625091.0,205773584.0
2025-07-22,7.159872931210291,7.261025927167194,7.1554749748643385,7.2390361454374315,15051760.0,247393712.0
2025-07-23,7.225842276399574,7.287413665242906,7.190658625631957,7.195056581977909,15724211.0,258753472.0
2025-07-24,7.199454538323861,7.494117613502662,7.199454538323861,7.441342137351237,37591256.0,629930688.0
2025-07-25,7.388566661199809,7.516107395232424,7.370974835816,7.388566661199809,23445830.0,396186304.0
2025-07-28,7.388566661199809,7.432546224659331,7.3357911850483815,7.35338301043219,15619802.0,261876864.0
2025-07-29,7.366576879470047,7.397362573891713,7.25662797082124,7.397362573891713,18678580.0,311232032.0
2025-07-30,7.370974835816,7.476525788118853,7.3225973160105235,7.388566661199809,19453568.0,328113792.0
2025-07-31,7.375372792161952,7.39296461754576,7.247832058129336,7.291811621588858,17609900.0,293035072.0
2025-08-01,7.274219796205049,7.436944181005283,7.269821839859098,7.318199359664573,16002022.0,267405136.0
2025-08-04,7.269821839859098,7.476525788118853,7.190658625631957,7.340189141394334,29487042.0,491289792.0
2025-08-05,7.35338301043219,7.485321700810758,7.3357911850483815,7.375372792161952,22370160.0,376138112.0
2025-08-06,7.39296461754576,7.511709438886471,7.326995272356477,7.370974835816,18061330.0,302791648.0
2025-08-07,7.362178923124094,7.428148268313379,7.313801403318619,7.3225973160105235,13125627.0,219525360.0
2025-08-08,7.3225973160105235,7.375372792161952,7.261025927167194,7.305005490626715,11068350.0,184037344.0
2025-08-11,7.29620957793481,7.379770748507904,7.283015708896953,7.375372792161952,14224561.0,237305136.0
2025-08-12,7.379770748507904,7.714015430800276,7.379770748507904,7.5029135261945665,36570780.0,629537664.0
2025-08-13,7.520505351578377,7.538097176962186,7.39296461754576,7.472127831772901,21472246.0,363760320.0
2025-08-14,7.5293012642702815,7.538097176962186,7.3489850540862385,7.3489850540862385,17638864.0,297819392.0
2025-08-15,7.344587097740286,7.406158486583617,7.309403446972668,7.379770748507904,16831850.0,281992544.0
2025-08-18,7.406158486583617,7.476525788118853,7.35338301043219,7.384168704853856,25495740.0,428783520.0
2025-08-19,7.384168704853856,7.498515569848616,7.370974835816,7.401760530237665,23912908.0,404058688.0
2025-08-20,7.401760530237665,7.428148268313379,7.340189141394334,7.428148268313379,16431247.0,275852832.0
2025-08-21,7.450138050043141,7.542495133308137,7.428148268313379,7.467729875426949,21172540.0,360111072.0
2025-08-22,7.476525788118853,7.489719657156711,7.388566661199809,7.463331919080996,16816228.0,283964320.0
2025-08-25,7.480923744464807,7.674433823686705,7.480923744464807,7.634852216573135,34755920.0,599694144.0
2025-08-26,7.6392501729190885,7.894331640984319,7.608464478497422,7.7931786450274165,41074596.0,727336128.0
2025-08-27,7.828362295795036,8.08784172020622,7.709617474454324,7.74040316887599,48123672.0,859581376.0
2025-08-28,7.837158208486939,7.854750033870748,7.454536006389092,7.621658347535278,49286900.0,854529280.0
2025-08-29,7.634852216573135,7.687627692724563,7.50731148254052,7.520505351578377,32500198.0,560192576.0
2025-09-01,7.524903307924329,7.630454260227184,7.520505351578377,7.555689002345995,30255184.0,520736128.0
2025-09-02,7.551291046000043,7.599668565805517,7.397362573891713,7.472127831772901,27076140.0,461064992.0
2025-09-03,7.4589339627350455,7.5029135261945665,7.33139322870243,7.357780966778143,21070426.0,354212320.0
2025-09-04,7.384168704853856,7.401760530237665,7.1686688439021955,7.25662797082124,23512480.0,388919680.0
2025-09-05,7.252230014475288,7.401760530237665,7.199454538323861,7.401760530237665,18328714.0,304612384.0
2025-09-08,7.379770748507904,7.489719657156711,7.375372792161952,7.445740093697188,23958574.0,405552064.0
2025-09-09,7.445740093697188,7.485321700810758,7.366576879470047,7.428148268313379,17136580.0,288845216.0
2025-09-10,7.388566661199809,7.428148268313379,7.326995272356477,7.3357911850483815,11791078.0,197339728.0
2025-09-11,7.344587097740286,7.441342137351237,7.25662797082124,7.436944181005283,18227268.0,305405056.0
2025-09-12,7.436944181005283,7.467729875426949,7.35338301043219,7.379770748507904,16418992.0,276293664.0
2025-09-15,7.366576879470047,7.406158486583617,7.313801403318619,7.33139322870243,14921704.0,249385472.0
2025-09-16,7.3357911850483815,7.357780966778143,7.287413665242906,7.357780966778143,14962052.0,249332176.0
2025-09-17,7.379770748507904,7.41055644292957,7.278617752551002,7.278617752551002,26013912.0,432306816.0
2025-09-18,7.274219796205049,7.29620957793481,7.129087236788625,7.186260669286004,31007780.0,509251008.0
2025-09-19,7.164270887556243,7.190658625631957,7.115893367750767,7.133485193134576,16174176.0,262569312.0
2025-09-22,7.133485193134576,7.186260669286004,7.0455260662155315,7.089505629675055,15309251.0,246643664.0
2025-09-23,7.093903586021006,7.093903586021006,6.9619648956424385,7.04112810986958,14015124.0,223425936.0
2025-09-24,7.036730153523627,7.111495411404817,7.014740371793866,7.111495411404817,10659591.0,171628672.0
2025-09-25,7.124689280442672,7.124689280442672,7.049924022561484,7.06311789159934,9591419.0,154442752.0
2025-09-26,7.054321978907436,7.080709716983151,7.001546502756009,7.0587199352533885,9115806.0,146034064.0
2025-09-29,7.06311789159934,7.067515847945293,6.979556721026247,7.014740371793866,16474117.0,262652432.0
2025-09-30,7.019138328139818,7.032332197177675,6.979556721026247,7.001546502756009,14101600.0,224586800.0
2025-10-09,7.010342415447913,7.133485193134576,7.005944459101961,7.124689280442672,17329452.0,278534464.0
2025-10-10,7.107097455058863,7.186260669286004,7.089505629675055,7.164270887556243,15655722.0,254717440.0
2025-10-13,7.071913804291245,7.164270887556243,7.04112810986958,7.159872931210291,16695215.0,269713408.0
2025-10-14,7.159872931210291,7.230240232745527,7.120291324096721,7.146679062172434,17905392.0,291788992.0
2025-10-15,7.146679062172434,7.221444320053623,7.129087236788625,7.21704636370767,13016679.0,212839280.0
2025-10-16,7.212648407361717,7.225842276399574,7.1686688439021955,7.199454538323861,9374893.0,153377312.0
2025-10-17,7.203852494669813,7.287413665242906,7.173066800248146,7.186260669286004,20991724.0,344828608.0
2025-10-20,7.234638189091479,7.35338301043219,7.181862712940051,7.29620957793481,19174938.0,316107936.0
2025-10-21,7.305005490626715,7.423750311967426,7.283015708896953,7.370974835816,21460108.0,358827136.0
2025-10-22,7.344587097740286,7.516107395232424,7.305005490626715,7.463331919080996,28324680.0,479346240.0
2025-10-23,7.445740093697188,7.485321700810758,7.300607534280764,7.357780966778143,21578468.0,361239968.0
2025-10-24,7.344587097740286,7.397362573891713,7.313801403318619,7.35338301043219,14651585.0,244691632.0
2025-10-27,10.252071535022356,10.252071535022356,10.088941877794337,10.126587183308496,19517896.0,315333856.0
2025-10-28,10.126587183308496,10.170506706408347,10.088941877794337,10.088941877794337,13366604.0,215745936.0
2025-10-29,10.09521609538003,10.132861400894187,10.019925484351715,10.120312965722801,12124535.0,194650912.0
2025-10-30,9.950909090909091,9.98855439642325,9.88189269746647,9.92581222056632,21989906.0,348267904.0
2025-10-31,9.950909090909091,10.126587183308496,9.944634873323398,10.11403874813711,16671106.0,267313088.0
2025-11-03,10.126587183308496,10.189329359165425,10.082667660208644,10.132861400894187,13937813.0,225040960.0
2025-11-04,10.139135618479882,10.402652757078986,10.088941877794337,10.28344262295082,28552328.0,466136352.0
2025-11-05,10.201877794336813,10.308539493293592,10.183055141579732,10.226974664679584,15507209.0,252971328.0
2025-11-06,10.226974664679584,10.23952309985097,10.170506706408347,10.233248882265276,13857715.0,225608880.0
2025-11-07,10.245797317436661,10.415201192250374,10.233248882265276,10.327362146050673,18735184.0,308327232.0
2025-11-10,10.396378539493295,10.5720566318927,10.396378539493295,10.55323397913562,29214766.0,489502560.0
2025-11-11,10.540685543964234,10.609701937406856,10.415201192250374,10.55950819672131,23567316.0,395060800.0
2025-11-12,10.609701937406856,10.641073025335322,10.477943368107303,10.509314456035769,18098664.0,304089120.0
2025-11-13,10.509314456035769,10.528137108792848,10.377555886736214,10.521862891207155,16862940.0,281190688.0
2025-11-14,10.440298062593145,10.666169895678093,10.440298062593145,10.55950819672131,25740964.0,435062336.0
2025-11-17,10.666169895678093,10.666169895678093,10.277168405365128,10.302265275707901,27671642.0,457842912.0
2025-11-18,10.302265275707901,10.371281669150523,10.11403874813711,10.164232488822654,21974740.0,357879488.0
2025-11-19,10.151684053651268,10.151684053651268,9.938360655737705,9.976005961251865,20271506.0,323674912.0
2025-11-20,10.05129657228018,10.070119225037258,9.888166915052162,9.900715350223548,16097530.0,255789408.0
2025-11-21,9.856795827123698,9.919538002980627,9.706214605067066,9.718763040238452,18833828.0,293719648.0
2025-11-24,9.75640834575261,9.812876304023845,9.668569299552907,9.668569299552907,22763292.0,352746848.0
2025-11-25,9.725037257824145,9.831698956780924,9.693666169895678,9.794053651266767,15756045.0,245574912.0
2025-11-26,9.787779433681074,9.994828614008943,9.768956780923995,9.787779433681074,18197024.0,286437088.0
2025-11-27,9.825424739195231,9.856795827123698,9.743859910581222,9.794053651266767,11904682.0,185863904.0
2025-11-28,9.80032786885246,9.825424739195231,9.699940387481373,9.768956780923995,9878042.0,153399872.0
2025-12-01,9.787779433681074,9.850521609538003,9.78150521609538,9.850521609538003,10498169.0,164283824.0
2025-12-02,9.856795827123698,9.86307004470939,9.73758569299553,9.743859910581222,8982777.0,139859760.0
2025-12-03,9.750134128166914,9.825424739195231,9.687391952309985,9.78150521609538,11451889.0,177956064.0
2025-12-04,9.75640834575261,9.787779433681074,9.637198211624442,9.668569299552907,11400252.0,175862688.0
2025-12-05,9.643472429210135,9.712488822652759,9.543084947839047,9.699940387481373,11784247.0,180650448.0
2025-12-08,9.712488822652759,9.73758569299553,9.662295081967214,9.681117734724292,9208799.0,142292800.0
2025-12-09,9.668569299552907,9.681117734724292,9.54935916542474,9.54935916542474,10052145.0,153836144.0
2025-12-10,9.53053651266766,9.618375558867363,9.474068554396423,9.587004470938897,11271585.0,171138784.0
2025-12-11,9.574456035767511,9.59327868852459,9.461520119225039,9.480342771982116,9888969.0,149623424.0
2025-12-12,9.474068554396423,9.605827123695978,9.430149031296573,9.587004470938897,12706368.0,192961216.0
2025-12-15,9.568181818181818,9.643472429210135,9.517988077496275,9.587004470938897,8069215.0,123335304.0
2025-12-16,9.574456035767511,9.587004470938897,9.474068554396423,9.53053651266766,7361645.0,111673048.0
2025-12-17,9.517988077496275,9.605827123695978,9.480342771982116,9.59327868852459,7616910.0,115794480.0
2025-12-18,9.587004470938897,9.624649776453056,9.561907600596125,9.59327868852459,6004575.0,91872592.0
2025-12-19,9.618375558867363,9.662295081967214,9.568181818181818,9.649746646795828,7404863.0,113713232.0
2025-12-22,9.649746646795828,9.662295081967214,9.61210134128167,9.618375558867363,7271080.0,111648792.0
2025-12-23,9.63092399403875,9.643472429210135,9.524262295081968,9.53053651266766,7261785.0,110638920.0
2025-12-24,9.536810730253354,9.61210134128167,9.511713859910582,9.587004470938897,6352308.0,97015448.0
2025-12-25,9.599552906110285,9.624649776453056,9.555633383010433,9.599552906110285,5979853.0,91443536.0
2025-12-26,9.599552906110285,9.637198211624442,9.568181818181818,9.61210134128167,7299496.0,111752064.0
2025-12-29,9.61210134128167,9.618375558867363,9.517988077496275,9.53053651266766,8243733.0,125434328.0
2025-12-30,9.499165424739196,9.561907600596125,9.499165424739196,9.53053651266766,5863956.0,89101656.0
2025-12-31,9.53053651266766,9.54935916542474,9.492891207153503,9.492891207153503,6222632.0,94281920.0
2026-01-05,9.50543964232489,9.649746646795828,9.492891207153503,9.643472429210135,13051029.0,199612080.0
2026-01-06,9.662295081967214,9.712488822652759,9.637198211624442,9.712488822652759,12666570.0,195348352.0
2026-01-07,9.712488822652759,9.73758569299553,9.662295081967214,9.668569299552907,10971874.0,169467040.0
2026-01-08,9.6748435171386,9.78150521609538,9.65602086438152,9.750134128166914,12384072.0,192087968.0
2026-01-09,9.762682563338302,9.856795827123698,9.762682563338302,9.819150521609538,14578232.0,227906752.0
2026-01-12,9.819150521609538,9.825424739195231,9.693666169895678,9.775230998509688,21425412.0,332632608.0
2026-01-13,9.794053651266767,9.963457526080479,9.75640834575261,9.850521609538003,23205106.0,364983008.0
2026-01-14,9.825424739195231,9.944634873323398,9.73758569299553,9.80032786885246,24590124.0,386758880.0
2026-01-15,9.768956780923995,9.812876304023845,9.687391952309985,9.712488822652759,13488236.0,209179280.0
2026-01-16,9.718763040238452,9.75640834575261,9.568181818181818,9.580730253353204,17067606.0,262099008.0
2026-01-19,9.54935916542474,9.699940387481373,9.54935916542474,9.6748435171386,11204009.0,172278336.0
2026-01-20,9.668569299552907,9.706214605067066,9.587004470938897,9.618375558867363,12843551.0,196945072.0
2026-01-21,9.568181818181818,9.662295081967214,9.543084947839047,9.605827123695978,10261791.0,157166096.0
2026-01-22,9.668569299552907,9.712488822652759,9.618375558867363,9.662295081967214,8391119.0,129082568.0
2026-01-23,9.662295081967214,9.806602086438152,9.662295081967214,9.794053651266767,17296220.0,268870784.0
2026-01-26,9.856795827123698,10.653621460506708,9.80032786885246,10.477943368107303,87023456.0,1421992960.0
2026-01-27,10.477943368107303,10.484217585692997,10.013651266766022,10.15795827123696,57040216.0,922916800.0
2026-01-28,10.076393442622951,10.11403874813711,9.88189269746647,9.913263785394934,36724992.0,583258688.0
2026-01-29,9.850521609538003,9.932086438152012,9.750134128166914,9.900715350223548,25417960.0,398994912.0
2026-01-30,9.88189269746647,9.994828614008943,9.75640834575261,9.806602086438152,18807720.0,295240608.0
2026-02-02,9.762682563338302,9.825424739195231,9.587004470938897,9.59327868852459,19310088.0,298770880.0
2026-02-03,9.643472429210135,9.712488822652759,9.599552906110285,9.693666169895678,12166365.0,187220288.0
2026-02-04,9.75640834575261,9.806602086438152,9.662295081967214,9.80032786885246,14308916.0,221959760.0
2026-02-05,9.768956780923995,9.88189269746647,9.731311475409838,9.75640834575261,14568345.0,227304960.0
2026-02-06,9.699940387481373,9.825424739195231,9.681117734724292,9.712488822652759,11391786.0,177243840.0
2026-02-09,9.75640834575261,9.806602086438152,9.725037257824145,9.80032786885246,11979793.0,186721664.0
2026-02-10,9.819150521609538,9.819150521609538,9.750134128166914,9.762682563338302,8174831.0,127379304.0
2026-02-11,9.75640834575261,9.775230998509688,9.706214605067066,9.712488822652759,8782863.0,136331392.0
2026-02-12,9.725037257824145,9.73758569299553,9.61210134128167,9.6748435171386,8429490.0,129854864.0
2026-02-13,9.65602086438152,9.687391952309985,9.59327868852459,9.605827123695978,9161400.0,140741856.0
2026-02-24,9.637198211624442,9.693666169895678,9.63092399403875,9.668569299552907,7587886.0,116890256.0
2026-02-25,9.662295081967214,9.775230998509688,9.65602086438152,9.718763040238452,11878615.0,184319136.0
2026-02-26,9.750134128166914,9.768956780923995,9.687391952309985,9.712488822652759,9330473.0,144485728.0
2026-02-27,9.712488822652759,9.718763040238452,9.681117734724292,9.706214605067066,7822647.0,120908752.0
2026-03-02,9.605827123695978,9.6748435171386,9.54935916542474,9.605827123695978,13803595.0,211242880.0
2026-03-03,9.599552906110285,9.649746646795828,9.511713859910582,9.524262295081968,15238507.0,232377328.0
2026-03-04,9.467794336810732,9.524262295081968,9.373681073025336,9.398777943368108,13377438.0,201262256.0
2026-03-05,9.486616989567809,9.499165424739196,9.37995529061103,9.430149031296573,8406226.0,126630856.0
2026-03-06,9.411326378539494,9.59327868852459,9.373681073025336,9.587004470938897,10000595.0,152132176.0
2026-03-09,9.536810730253354,9.624649776453056,9.480342771982116,9.599552906110285,10888714.0,166058736.0
2026-03-10,9.624649776453056,9.668569299552907,9.580730253353204,9.637198211624442,8200480.0,125772584.0
2026-03-11,9.637198211624442,9.65602086438152,9.568181818181818,9.59327868852459,7497510.0,114653696.0
2026-03-12,9.587004470938897,9.59327868852459,9.536810730253354,9.568181818181818,8027293.0,122325592.0
2026-03-13,9.555633383010433,9.618375558867363,9.536810730253354,9.574456035767511,7609234.0,116210040.0
2026-03-16,9.561907600596125,9.637198211624442,9.524262295081968,9.605827123695978,8674234.0,132512408.0
2026-03-17,9.605827123695978,9.662295081967214,9.54935916542474,9.555633383010433,9656196.0,147977440.0
2026-03-18,9.561907600596125,9.574456035767511,9.461520119225039,9.517988077496275,8500128.0,128803216.0
2026-03-19,9.480342771982116,9.536810730253354,9.373681073025336,9.386229508196722,12791279.0,192317136.0
2026-03-20,9.354858420268258,9.455245901639346,9.285842026825634,9.292116244411327,11368287.0,169355328.0
2026-03-23,9.210551415797317,9.273293591654248,8.871743666169897,8.909388971684054,16759990.0,240843408.0
2026-03-24,9.009776453055142,9.053695976154993,8.915663189269749,9.028599105812221,7425610.0,106268536.0
2026-03-25,9.034873323397914,9.097615499254845,9.00350223546945,9.0474217585693,7178082.0,103610776.0
2026-03-26,9.059970193740686,9.103889716840538,8.978405365126678,8.997228017883756,5878955.0,84703584.0
2026-03-27,8.915663189269749,9.160357675111774,8.909388971684054,9.122712369597616,9512470.0,137400352.0
2026-03-30,9.085067064083459,9.223099850968703,9.041147540983607,9.210551415797317,10824281.0,158211600.0
2026-03-31,9.204277198211624,9.317213114754098,9.17290611028316,9.19172876304024,8842980.0,130245392.0
2026-04-01,9.248196721311476,9.392503725782415,9.19172876304024,9.392503725782415,13191984.0,195791520.0
2026-04-02,9.348584202682565,9.405052160953801,9.285842026825634,9.323487332339791,10843699.0,161355552.0
2026-04-03,9.342309985096872,9.348584202682565,9.160357675111774,9.166631892697467,7675570.0,112845936.0
2026-04-07,9.260745156482862,9.29839046199702,9.135260804769002,9.260745156482862,6395505.0,94170592.0
2026-04-08,9.354858420268258,9.405052160953801,9.317213114754098,9.37995529061103,11382225.0,169976336.0
2026-04-09,9.342309985096872,9.405052160953801,9.229374068554398,9.229374068554398,8907220.0,131942968.0
2026-04-10,9.273293591654248,9.392503725782415,9.248196721311476,9.354858420268258,8992715.0,134014088.0
2026-04-13,9.342309985096872,9.405052160953801,9.273293591654248,9.273293591654248,7594700.0,112847520.0
2026-04-14,9.292116244411327,9.392503725782415,9.210551415797317,9.373681073025336,14461134.0,214493312.0
2026-04-15,9.398777943368108,9.455245901639346,9.354858420268258,9.42387481371088,9612177.0,144138848.0
2026-04-16,9.42387481371088,9.486616989567809,9.354858420268258,9.455245901639346,9969731.0,149962000.0
2026-04-17,9.417600596125187,9.455245901639346,9.342309985096872,9.436423248882265,8273334.0,123862256.0
2026-04-20,9.392503725782415,9.436423248882265,9.367406855439643,9.373681073025336,6165193.0,92333872.0
2026-04-21,9.354858420268258,9.436423248882265,9.354858420268258,9.367406855439643,5678366.0,84881024.0
2026-04-22,9.348584202682565,9.386229508196722,9.317213114754098,9.342309985096872,5172163.0,77010448.0
2026-04-23,9.342309985096872,9.342309985096872,9.229374068554398,9.241922503725783,7494340.0,110731480.0
2026-04-24,9.241922503725783,9.273293591654248,9.122712369597616,9.166631892697467,7180630.0,104925424.0
2026-04-27,9.097615499254845,9.103889716840538,8.972131147540985,9.072518628912073,9373430.0,135290960.0
2026-04-28,9.0474217585693,9.17290611028316,9.034873323397914,9.078792846497766,7871928.0,114148576.0
2026-04-29,9.059970193740686,9.147809239940388,9.0474217585693,9.122712369597616,5575407.0,81041104.0
2026-04-30,9.103889716840538,9.135260804769002,9.028599105812221,9.0474217585693,7299064.0,105601000.0
2026-05-06,9.041147540983607,9.141535022354695,9.041147540983607,9.072518628912073,9337260.0,135094720.0
2026-05-07,9.097615499254845,9.11016393442623,9.041147540983607,9.0474217585693,8456967.0,122043936.0
2026-05-08,9.066244411326378,9.210551415797317,9.053695976154993,9.122712369597616,11511882.0,167706752.0
2026-05-11,9.135260804769002,9.436423248882265,9.078792846497766,9.37995529061103,31011920.0,458747168.0
2026-05-12,9.310938897168406,9.310938897168406,9.147809239940388,9.179180327868854,16867880.0,247551136.0
2026-05-13,9.160357675111774,9.204277198211624,9.066244411326378,9.078792846497766,13017382.0,188740272.0
2026-05-14,9.091341281669152,9.097615499254845,8.959582712369597,8.972131147540985,11773749.0,168880752.0
2026-05-15,8.959582712369597,9.016050670640835,8.871743666169897,8.903114754098361,10816007.0,154113296.0
2026-05-18,8.903114754098361,8.934485842026826,8.758807749627422,8.790178837555887,10419885.0,146520752.0
2026-05-19,8.771356184798808,8.834098360655739,8.765081967213115,8.827824143070046,6492818.0,91048392.0
2026-05-20,8.821549925484353,8.827824143070046,8.664694485842027,8.702339791356184,7904455.0,109742840.0
2026-05-21,8.696065573770491,8.85919523099851,8.689791356184799,8.739985096870344,10112027.0,141048416.0
2026-05-22,8.73371087928465,8.739985096870344,8.639597615499255,8.696065573770491,7704457.0,106645152.0
2026-05-25,8.689791356184799,8.714888226527572,8.589403874813712,8.60822652757079,7626212.0,105031032.0
2026-05-26,8.595678092399405,8.595678092399405,8.48274217585693,8.532935916542474,8795314.0,119461776.0
2026-05-27,8.495290611028317,8.551758569299555,8.350983606557378,8.470193740685545,10875012.0,146232608.0
2026-05-28,8.445096870342773,8.470193740685545,8.3321609538003,8.35725782414307,8165251.0,109268872.0
2026-05-29,8.350983606557378,8.689791356184799,8.344709388971685,8.620774962742177,16425191.0,223897520.0
2026-06-01,8.58312965722802,8.87801788375559,8.56430700447094,8.790178837555887,14549346.0,202967200.0
2026-06-02,8.802727272727273,8.840372578241432,8.683517138599106,8.702339791356184,8718916.0,121781024.0
2026-06-03,8.702339791356184,8.702339791356184,8.489016393442624,8.520387481371088,9463934.0,128979096.0
2026-06-04,8.507839046199702,8.576855439642326,8.363532041728764,8.39490312965723,6295065.0,84570320.0
2026-06-05,8.39490312965723,8.489016393442624,8.37608047690015,8.438822652757079,5878492.0,79038240.0
2026-06-08,8.388628912071535,8.476467958271238,8.23177347242921,8.275692995529061,8626362.0,114653432.0
2026-06-09,8.294515648286142,8.37608047690015,8.256870342771983,8.275692995529061,8637452.0,114574888.0
2026-06-10,8.401177347242921,8.407451564828614,8.225499254843518,8.382354694485842,8523220.0,112732056.0
2026-06-11,8.350983606557378,8.382354694485842,8.238047690014904,8.275692995529061,6865423.0,90850704.0
2026-06-12,8.33843517138599,8.432548435171386,8.23177347242921,8.42,14210955.0,189036064.0
2026-06-15,12.99,13.16,12.82,13.13,12278585.0,160577728.0
2026-06-16,13.11,13.12,12.85,12.89,8340971.0,107738984.0
2026-06-17,12.87,12.91,12.74,12.83,6621108.0,84798936.0
2026-06-18,12.82,13.04,12.66,12.84,7969720.0,102827992.0
2026-06-22,12.82,12.82,12.39,12.65,14436573.0,180933184.0
2026-06-23,12.6,13.09,12.58,12.95,12594158.0,163104176.0
2026-06-24,12.93,13.12,12.76,12.78,11131768.0,143675824.0
2026-06-25,12.68,12.72,12.38,12.63,12177533.0,152675632.0
2026-06-26,12.52,12.73,12.1,12.12,12598724.0,154650192.0
2026-06-29,12.08,12.69,11.72,12.68,21395934.0,263473200.0
2026-06-30,12.6,12.6,12.16,12.19,12781447.0,156891632.0
2026-07-01,12.16,12.64,12.12,12.6,16515083.0,205787184.0
2026-07-02,12.6,12.84,12.54,12.74,14924189.0,189867104.0
2026-07-03,12.79,13.03,12.74,12.88,13159199.0,169927280.0
2026-07-06,12.9,13.14,12.76,13.1,12753110.0,166170864.0
2026-07-07,13.01,13.02,12.66,12.68,10341400.0,132093272.0
2026-07-08,12.7,12.96,12.57,12.75,9382739.0,119980568.0
2026-07-09,12.62,12.87,12.55,12.63,9804989.0,124214936.0
2026-07-10,12.63,12.96,12.42,12.8,12973152.0,165351712.0
2026-07-13,12.8,12.98,12.75,12.92,12900598.0,166457200.0
2026-07-14,12.86,13.23,12.77,13.1,16330421.0,214090448.0
2026-07-15,13.02,13.45,12.99,13.32,18323236.0,243566640.0
2026-07-16,13.25,13.71,13.15,13.66,23509660.0,317361120.0
2026-07-17,13.59,13.73,13.16,13.18,19884084.0,266603616.0
2026-07-20,13.14,13.36,13.05,13.33,17903600.0,236755584.0
2026-07-21,13.22,13.61,13.17,13.2,19297984.0,258221424.0
2026-07-22,13.16,13.28,13.02,13.19,14693262.0,193122624.0
2026-07-23,13.08,13.14,12.9,13.1,12124136.0,157955520.0
2026-07-24,13.09,13.15,12.75,12.75,9856200.0,127168960.0
2026-07-27,12.71,13.02,12.65,12.94,10010255.0,129425024.0
2026-07-28,12.91,13.04,12.78,12.97,11191227.0,144440400.0
2026-07-29,13.03,13.32,12.96,13.26,14080400.0,186389040.0
2026-07-30,13.22,13.54,13.22,13.48,14770370.0,197912544.0
2026-07-31,13.43,13.73,13.4,13.44,19009632.0,257961744.0
2026-08-03,13.52,13.78,13.52,13.68,11296479.0,154667248.0
2026-08-04,13.72,13.75,13.49,13.49,10607900.0,143988448.0
2026-08-05,13.5,13.53,13.27,13.3,10380082.0,138545072.0
2026-08-06,13.39,13.4,13.06,13.12,11450500.0,150497536.0
2026-08-07,13.16,13.47,13.05,13.43,15632784.0,207858672.0
2026-08-10,13.53,13.63,13.38,13.4,14377697.0,194168448.0
2026-08-11,13.37,13.54,13.3,13.37,11554067.0,155230544.0
2026-08-12,13.36,13.45,13.18,13.25,11062336.0,146710912.0
2026-08-13,13.27,13.52,13.1,13.41,17042736.0,227685776.0
2026-08-14,13.36,13.51,13.2,13.27,11477362.0,153015744.0
2026-08-17,13.28,13.28,12.98,13.18,12178278.0,159825328.0
2026-08-18,13.16,13.25,13.07,13.12,9108390.0,119715384.0
2026-08-19,13.11,13.18,12.98,13.04,9228892.0,120448304.0
2026-08-20,13.57,13.97,13.5,13.54,42773680.0,587748352.0
2026-08-21,13.37,13.57,13.11,13.17,29210444.0,388184000.0
2026-08-24,13.1,13.14,12.81,12.84,20161500.0,260662400.0
2026-08-25,12.8,13.14,12.79,13.13,11223193.0,145945888.0
2026-08-26,13.19,13.45,13.15,13.27,13685484.0,182269504.0
2026-08-27,13.23,13.28,13.03,13.28,10994308.0,144566336.0
2026-08-28,13.21,13.21,13.09,13.15,6954011.0,91411520.0
2026-08-31,13.09,13.18,13.03,13.08,9483714.0,124125368.0
2026-09-01,13.05,13.15,13.02,13.09,8839960.0,115624888.0
2026-09-02,13.09,13.12,12.86,12.96,10344651.0,133789368.0
2026-09-03,12.92,13.03,12.91,12.95,5531721.0,71785864.0
2026-09-04,12.95,13.13,12.94,13.04,7884976.0,102757928.0
