date,open,high,low,close,volume,amount
2015-01-05,10.078557733989939,10.57701475099065,9.969140340014174,10.108951454538763,6401374.0,106835568.0
2015-01-06,10.011691548782528,10.431124892356296,9.853644201928645,10.33386498660006,3970885.0,66410876.0
2015-01-07,10.339943730709825,10.449361124685591,10.24268382495359,10.34602247481959,2055566.0,34932552.0
2015-01-08,10.370337451258647,10.394652427697707,10.139345175087588,10.151502663307117,1963333.0,33036746.0
2015-01-09,10.18189638385594,10.260920057282883,10.036006525221588,10.090715222209472,1341619.0,22477504.0
2015-01-12,10.090715222209472,10.090715222209472,9.786778016721234,9.792856760830997,2162409.0,35127812.0
2015-01-13,9.902274154806763,10.157581407416883,9.725990575623586,10.157581407416883,2441849.0,40327928.0
2015-01-14,10.230526336734059,10.485833589344178,10.078557733989939,10.32170749838053,3041605.0,51528948.0
2015-01-15,10.370337451258647,10.443282380575825,9.981297828233705,10.11503019864853,2156986.0,36101620.0
2015-01-16,10.121108942758292,10.637802192088296,10.11503019864853,10.528384798112532,5805916.0,99816688.0
2015-01-19,10.406809915917238,10.917424421137476,10.18189638385594,10.455439868795354,7727435.0,135319264.0
2015-01-20,10.625644703868767,10.917424421137476,10.443282380575825,10.91134567702771,7332205.0,129896968.0
2015-01-21,10.972133118125358,11.087629256210887,10.765455818393356,10.893109444698418,8791685.0,158185856.0
2015-01-22,10.850558235930064,10.880951956478885,10.516227309893003,10.765455818393356,7906535.0,138782496.0
2015-01-23,10.698589633185945,11.786684828833833,10.68035340085665,11.762369852394775,15721662.0,293965152.0
2015-01-26,11.628637481979949,11.780606084724068,11.355093997040536,11.719818643626422,9441040.0,180298288.0
2015-01-27,11.586086273211595,12.230433148846659,11.561771296772537,11.883944734590068,11336835.0,224396672.0
2015-01-28,11.902180966919362,12.145330731309953,11.38548771758936,11.421960182247949,7013021.0,135139584.0
2015-01-29,11.276070323613595,12.339850542822425,11.276070323613595,12.248669381175953,7564555.0,147159264.0
2015-01-30,12.260826869395483,12.309456822273601,11.883944734590068,11.902180966919362,5347439.0,106440288.0
2015-02-02,11.713739899516655,12.084543290212304,11.531377576223713,11.950810919797481,2274406.0,44223184.0
2015-04-28,13.148323509421134,13.148323509421134,13.148323509421134,13.148323509421134,66261.0,1433225.375
2015-04-29,14.461332237130318,14.461332237130318,14.461332237130318,14.461332237130318,98924.0,2353402.0
2015-04-30,15.908073335254329,15.908073335254329,15.908073335254329,15.908073335254329,214348.0,5609487.0
2015-05-04,17.50070429201269,17.50070429201269,16.838121184048333,17.50070429201269,25240126.0,720015168.0
2015-05-05,17.62835791831775,19.251382595624936,17.19068834241469,19.251382595624936,24932028.0,757894592.0
2015-05-06,19.70728840385729,20.971667178688357,18.613114464099638,18.63135069642893,17191522.0,553473472.0
2015-05-07,18.114657447098928,19.385114966039758,17.993082564903634,18.418594652587167,10707768.0,323952832.0
2015-05-08,18.619193208209403,19.816705797833055,18.023476285452457,19.45198115124717,11527387.0,359736608.0
2015-05-11,19.178437666307758,20.36379276771188,18.66782316108752,19.634343474540113,13328846.0,427759360.0
2015-05-12,19.445902407137407,20.98382466690789,19.30001254850305,20.98382466690789,13626084.0,449876544.0
2015-05-13,20.594785043882943,20.844013552383295,20.06593430633341,20.16927295619941,7514726.0,251405216.0
2015-05-14,20.108485515101762,20.57654881155365,19.184516410417523,19.93828068002835,7904526.0,256982768.0
2015-05-15,19.968674400577175,20.904800993480944,19.379036221929994,20.108485515101762,8766531.0,293276256.0
2015-05-18,20.059855562223646,20.36379276771188,19.3607999896007,19.3607999896007,8731670.0,282162976.0
2015-05-19,19.391193710149523,19.847099518381878,18.479382093684812,19.810627053723294,10485304.0,327936864.0
2015-05-20,19.755918356735407,21.792297633506596,19.51276859234482,21.792297633506596,11513299.0,401125088.0
2015-05-21,22.4123295327026,23.214723755191546,21.57954158966483,22.582534367776013,8691567.0,321326976.0
2015-05-22,23.220802499301314,23.530818448899314,21.82269135405542,21.883478795153067,8014634.0,295510176.0
2015-05-25,21.5673841014453,23.69494453986296,21.342470569384005,23.634157098765314,16754856.0,633630336.0
2015-05-26,23.52473970478955,25.779953769512264,23.445716031362608,25.512489028682616,13565286.0,561342784.0
2015-05-27,25.226788055523674,27.293561052843685,25.032268244011203,25.798190001841558,9478707.0,408457888.0
2015-05-28,25.542882749231442,27.020017567904276,23.220802499301314,23.378849846155195,9037159.0,375302176.0
2015-05-29,24.302818950839434,25.159921870316264,22.80744789983731,24.58851992399838,11716979.0,467578176.0
2015-06-01,25.512489028682616,26.442536877476623,24.86206340893779,26.442536877476623,5448701.0,231567888.0
2015-06-02,26.74647408296486,29.086790565224288,26.74647408296486,29.086790565224288,6790808.0,318600128.0
2015-06-03,29.238759167968404,31.998508993801597,29.17797172687076,30.278224410738176,7994791.0,403186016.0
2015-06-04,30.393720548823705,30.68550026609241,27.47592337613663,29.542696373456643,6982390.0,331244896.0
2015-06-05,29.579168838115226,31.427107047483712,28.326947551503693,29.111105541663346,6450510.0,313336864.0
2015-06-08,29.165814238651226,29.27523163262699,27.159828682428863,28.077719043003338,5944168.0,275378560.0
2015-06-09,27.725151884636983,29.165814238651226,27.482002120246396,27.931829184368986,5665733.0,260957968.0
2015-06-10,27.84064802272251,29.17797172687076,26.97746635913592,29.147578006321936,6317766.0,291579840.0
2015-06-11,29.232680423858643,29.238759167968404,28.071640298893573,28.326947551503693,5518206.0,258813568.0
2015-06-12,28.326947551503693,28.53970359534546,27.506317096685454,27.816333046283454,4003705.0,183190864.0
2015-06-15,28.27223885451581,28.4120499690404,27.111198729550747,27.518474584904986,4299384.0,195250112.0
2015-06-16,27.409057190929218,28.807168336175106,26.74647408296486,27.93790792847875,8075002.0,371294560.0
2015-06-17,28.38773499260134,28.418128713150164,26.442536877476623,27.84064802272251,4152056.0,185140464.0
2015-06-18,27.871041743271338,28.570097315894284,27.171986170648395,27.719073140527218,6342635.0,293770304.0
2015-06-19,26.807261524062508,26.868048965160156,24.947165826474496,24.947165826474496,6175608.0,261238720.0
2015-06-23,24.947165826474496,24.947165826474496,22.45488074147095,23.95025179247308,6335002.0,245892096.0
2015-06-24,24.314976439058963,25.664457631426735,22.789211667508017,23.8955430954852,7646176.0,300959872.0
2015-06-25,23.877306863155905,24.716173550303434,21.585620333774592,22.126628559543658,5657918.0,218601264.0
2015-06-26,21.214816943078944,22.24820344173895,19.91396570358929,19.999068121125998,11176363.0,379860864.0
2015-06-29,21.1540295019813,21.57954158966483,17.9991613090134,18.60095697588011,19709720.0,630989248.0
2015-06-30,18.70429562574611,20.461052673468117,18.69213813752658,20.461052673468117,9318171.0,298356352.0
2015-07-01,21.883478795153067,22.509589438458836,21.214816943078944,22.369778323934245,16871800.0,619043840.0
2015-07-02,22.187416000641306,24.357527647827318,21.275604384176592,23.093148872996252,15729791.0,590657472.0
2015-07-03,21.883478795153067,24.922850850035438,20.783226111285646,23.536897193009075,13848895.0,513366464.0
2015-07-06,25.621906422658384,25.889371163488033,21.184423222530125,21.184423222530125,12603991.0,476595264.0
2015-07-07,19.09333524877105,20.971667178688357,19.069020272331993,19.069020272331993,5770456.0,181932256.0
2015-07-21,20.97774592279812,20.97774592279812,20.97774592279812,20.97774592279812,856109.0,29544322.0
2015-07-22,21.032454619786005,23.07491264066696,21.032454619786005,23.07491264066696,13703428.0,515767360.0
2015-07-23,24.239417282982565,25.758336381655102,23.54324602942432,24.865971411184987,13257712.0,518163648.0
2015-07-24,24.859642581607186,25.252030015430922,23.733110916758385,23.79639921253641,7185320.0,279045056.0
2015-07-27,23.416669437868276,24.36599387453861,21.41675929128277,21.42308812086057,7989221.0,292111424.0
2015-07-28,19.70164647569836,21.828133213839916,19.290272553141218,19.625700520764735,9083495.0,287065248.0
2015-07-29,20.258583478544956,20.56236729827947,18.100452592514397,20.3788312405232,8448368.0,254385008.0
2015-07-30,19.95479965881045,20.923110584214196,18.92952926720649,18.98648873340671,6287989.0,201153552.0
2015-07-31,18.859912141850664,19.264957234830007,17.40428133895615,17.91058770518033,6010879.0,175778656.0
2015-08-03,17.847299409402307,18.530813003804948,16.119528934662295,16.15750191212911,9784377.0,260900672.0
2015-08-04,15.885362240283614,17.771353454468677,15.492974806459875,17.752366965735273,8274201.0,216340832.0
2015-08-05,17.594146226290217,19.518110417942097,17.10049751922164,18.859912141850664,10451115.0,311338272.0
2015-08-06,18.30297513900407,20.682615060257707,17.91691653475813,19.505452758786493,6364459.0,194134416.0
2015-08-07,19.435835633430667,20.88513760674738,19.435835633430667,20.821849310969355,5417359.0,175342800.0
2015-08-10,21.10664664197046,22.847074775866073,21.10664664197046,22.771128820932443,7140772.0,253012144.0
2015-08-11,22.973651367422114,23.06858381108915,21.75851608848409,22.340768409641893,6202459.0,220377408.0
2015-08-12,22.169890011041236,23.97360644071487,21.840790872995516,22.935678389955306,6439532.0,235558688.0
2015-08-13,22.9103630716441,23.40401177871267,22.467345001197938,23.214146891378604,4044249.0,146428592.0
2015-08-14,23.45464241533509,23.83437219000322,22.657209888532005,22.78378648008805,3418030.0,124364112.0
2015-08-17,22.752142332199043,23.663493791402562,21.89775033919574,23.54324602942432,5983863.0,216817520.0
2015-08-18,24.23308845340476,24.99887683231883,22.15090352230783,22.847074775866073,9217094.0,348837888.0
2015-08-19,21.20157908563749,23.416669437868276,21.20157908563749,22.77745765051025,5776075.0,201241936.0
2015-08-20,22.657209888532005,22.657209888532005,20.499079002501443,20.834506970124963,3810281.0,129750256.0
2015-08-21,20.44211953630122,20.815520481391555,18.752322039028027,18.752322039028027,4338803.0,133462216.0
2015-08-24,17.151128155844063,17.771353454468677,16.878988483998565,16.878988483998565,4473894.0,119800936.0
2015-08-25,15.189190986725368,16.866330824842958,15.189190986725368,15.189190986725368,9589685.0,235324576.0
2015-08-26,15.518290124771083,16.58153349384186,14.239866550055032,15.695497352949547,10287353.0,249107552.0
2015-08-27,15.25247928250339,17.024551564288014,15.25247928250339,17.024551564288014,6270898.0,161850432.0
2015-08-28,18.353605775626484,18.353605775626484,17.024551564288014,18.227029184070442,4120078.0,115956848.0
2015-08-31,18.21437152491484,18.21437152491484,17.09416868964384,17.163785814999667,4597879.0,126356864.0
2015-09-01,17.277704747400104,17.277704747400104,15.448672999415258,15.448672999415258,4320602.0,108393928.0
2015-09-02,14.809461212057233,15.885362240283614,14.056330492298768,14.967681951502287,4957478.0,119032664.0
2015-09-07,15.34108289659262,16.011938831839657,14.967681951502287,15.17020449799196,2834355.0,68937832.0
2015-09-08,14.872749507835255,16.58153349384186,14.670226961345584,16.53090285721944,2896801.0,70929808.0
2015-09-09,16.765069551598124,17.594146226290217,16.473943391019223,17.277704747400104,4086276.0,110999352.0
2015-09-10,17.087839860066037,17.727051647424066,16.651150619197683,17.195429962888678,2977209.0,81605056.0
2015-09-11,17.195429962888678,17.397952509378346,16.7081100853979,17.024551564288014,1961728.0,52793516.0
2015-09-14,17.157456985421863,17.423267827689557,15.322096407859215,15.347411726170423,3265149.0,83404872.0
2015-09-15,14.398087289500088,16.06889829803988,13.815834968342282,13.822163797920084,5187040.0,117570608.0
2015-09-16,13.986713366942944,15.201848645880972,13.613312421852612,15.182862157147564,3785743.0,85846128.0
2015-09-17,15.125902690947344,16.36002445861878,14.701871109234595,15.505632465615479,5297388.0,130538792.0
2015-09-18,15.543605443082292,16.16383074170691,15.315767578281411,15.581578420549107,2748483.0,68425944.0
2015-09-21,15.581578420549107,16.822029017798343,15.062614395169323,16.651150619197683,4954382.0,126139120.0
2015-09-22,16.822029017798343,16.95493443893219,16.258763185373947,16.486601050174826,3096124.0,81020336.0
2015-09-23,16.33470914030757,16.454956902285815,15.568920761393501,15.834731603661195,2789775.0,70427056.0
2015-09-24,16.32838031072977,16.7081100853979,15.771443307883175,15.935992876906031,3093723.0,79136928.0
2015-09-25,15.885362240283614,16.32838031072977,15.303109919125808,15.473988317726468,2336170.0,58423800.0
2015-09-28,15.473988317726468,15.771443307883175,15.062614395169323,15.505632465615479,1504705.0,36761464.0
2015-09-29,15.379055874059434,15.499303636037675,15.062614395169323,15.125902690947344,1319086.0,31790984.0
2015-09-30,15.467659488148666,15.467659488148666,14.442389096544703,15.11324503179174,2584891.0,60976992.0
2015-10-08,15.790429796616579,16.10054244592889,15.322096407859215,15.625880227593722,3035710.0,75869912.0
2015-10-09,15.625880227593722,16.454956902285815,15.543605443082292,16.056240638884272,3149371.0,80110728.0
2015-10-12,16.138515423395702,17.663763351646043,16.138515423395702,17.57515973755681,5418967.0,146485824.0
2015-10-13,17.151128155844063,17.752366965735273,17.087839860066037,17.277704747400104,3465795.0,95548224.0
2015-10-14,17.03720922344362,17.467569634734172,16.83468667695395,16.885317313576365,4009606.0,108363496.0
2015-10-15,16.89164614315417,18.011848978425164,16.771398381175928,17.771353454468677,3651040.0,100978072.0
2015-10-16,18.22070035449264,18.22070035449264,17.581488567134613,17.80299760235769,2549204.0,71807000.0
2015-10-19,17.80299760235769,18.132096740403405,17.62579037417923,17.980204830536152,5031933.0,142105712.0
2015-10-20,17.980204830536152,19.49279509963089,17.758695795313074,18.98648873340671,3902320.0,113797368.0
2015-10-21,18.745993209450223,18.910542778473083,17.40428133895615,18.48018236718253,7801293.0,224029280.0
2015-10-22,18.29031747984846,19.334574360185833,17.784011113624285,18.84725448269506,4777483.0,138880336.0
2015-10-23,18.973831074251105,19.575069884142316,18.859912141850664,19.04977702918473,2941758.0,89152896.0
2015-10-26,19.113065324962754,19.859867215143417,18.11311025167,18.397907582671102,3668052.0,107553600.0
2015-10-27,18.28398865027066,18.28398865027066,17.087839860066037,17.834641750246703,6007508.0,166116112.0
2015-10-28,17.530857930512195,17.68907866995725,17.056195712177026,17.087839860066037,4385339.0,120117024.0
2015-10-29,17.056195712177026,17.562502078401206,16.777727210753728,17.467569634734172,3042009.0,82982224.0
2015-10-30,17.372637191067138,17.56883090797901,16.948605609354388,17.163785814999667,2136490.0,58187880.0
2015-11-02,17.087839860066037,17.372637191067138,16.689123596664498,16.853673165687354,1979936.0,53199292.0
2015-11-03,16.860001995265158,17.087839860066037,16.72709657413131,16.847344336109554,1069867.0,28529504.0
2015-11-04,17.075182200910433,18.037164296736375,16.796713699487135,17.91058770518033,3875833.0,107732184.0
2015-11-05,17.85995706855791,18.19538503618143,17.530857930512195,17.866285898135715,4799481.0,135897008.0
2015-11-06,17.87894355729132,18.70802023198341,17.790339943202085,18.524484174227144,6049972.0,175609712.0
2015-11-09,18.189056206603627,18.670047254516597,18.100452592514397,18.37259226435989,4198887.0,121468632.0
2015-11-10,18.29031747984846,18.45486704887132,17.847299409402307,18.163740888292416,3828914.0,109995496.0
2015-11-11,18.151083229136812,19.935813170077044,17.784011113624285,19.61937169118693,6785641.0,200772016.0
2015-11-12,19.606714032031327,19.606714032031327,18.76497969818363,19.125722984118358,5572032.0,168699680.0
2015-11-13,19.043448199606928,19.043448199606928,18.227029184070442,18.227029184070442,3823321.0,111605608.0
2015-11-16,17.91058770518033,18.227029184070442,16.771398381175928,18.19538503618143,3408666.0,96036056.0
2015-11-17,18.36626343478209,18.638403106627585,17.372637191067138,17.556173248823402,6403396.0,182189552.0
2015-11-18,17.600475055868017,17.840970579824504,16.87265965442076,16.95493443893219,6552249.0,176641264.0
2015-11-19,16.961263268509995,17.18277230373307,16.80937135864274,17.18277230373307,5201820.0,139509536.0
2015-11-20,17.18277230373307,17.644776862912636,17.056195712177026,17.5435155896678,6865028.0,187810752.0
2015-11-23,17.594146226290217,17.821984091091096,17.024551564288014,17.2713759178223,7536572.0,207377984.0
2015-11-24,17.246060599511093,17.246060599511093,16.83468667695395,17.14479932626626,5133485.0,137980848.0
2015-11-25,17.220745281199886,17.784011113624285,17.113155178377248,17.720722817846262,8668555.0,238867072.0
2015-11-26,17.720722817846262,17.891601216446922,17.087839860066037,17.170114644577467,6818097.0,188205616.0
2015-11-27,17.201758792466478,17.201758792466478,15.473988317726468,15.746127989571963,9638525.0,250933712.0
2015-11-30,15.670182034638339,15.790429796616579,14.372771971188879,15.347411726170423,6894349.0,165590880.0
2015-12-01,15.473988317726468,15.505632465615479,15.068943224747123,15.22716396419218,3917409.0,94502048.0
2015-12-02,15.163875668414159,15.917006388172624,15.119573861369544,15.436015340259654,4249631.0,104179160.0
2015-12-03,15.25880811208119,16.201803719173725,15.25880811208119,15.87903341070581,3056558.0,76273192.0
2015-12-04,15.885362240283614,15.973965854372844,15.442344169837456,15.663853205060535,3220877.0,79686872.0
2015-12-07,15.663853205060535,15.885362240283614,15.505632465615479,15.657524375482732,3290281.0,81333936.0
2015-12-08,15.651195545904931,15.720812671260754,14.967681951502287,15.005654928969102,3502621.0,84398992.0
2015-12-09,14.879078337413059,15.379055874059434,14.714528768390199,15.189190986725368,3523023.0,83476072.0
2015-12-10,15.094258543058334,15.568920761393501,15.018312588124708,15.36639821490383,3834001.0,93026504.0
2015-12-11,15.575249590971303,16.904303802309773,15.385384703637236,16.904303802309773,4984921.0,131256920.0
2015-12-14,16.904303802309773,17.594146226290217,16.391668606507793,17.04353805302142,9355157.0,251358832.0
2015-12-15,17.277704747400104,17.340993043178127,16.644821789619883,16.777727210753728,4662228.0,124974456.0
2015-12-16,17.01189390513241,17.087839860066037,16.568875834686253,16.7017812558201,3611353.0,95707448.0
2015-12-17,16.87265965442076,17.391623679800546,16.61317764173087,17.277704747400104,6900309.0,187452000.0
2015-12-18,17.087839860066037,17.252389429088897,16.83468667695395,17.12581283753285,4107482.0,110634592.0
2015-12-21,17.138470496688456,17.372637191067138,16.885317313576365,17.056195712177026,3293455.0,88847736.0
2015-12-22,17.087839860066037,17.14479932626626,16.739754233286913,16.942276779776588,3635310.0,96987080.0
2015-12-23,16.80937135864274,17.594146226290217,16.771398381175928,16.853673165687354,6995755.0,190555312.0
2015-12-24,16.746083062864717,17.024551564288014,16.252434355796144,16.866330824842958,4949904.0,129610208.0
2015-12-25,16.83468667695395,16.942276779776588,16.58153349384186,16.695452426242298,2895244.0,76586288.0
2015-12-28,16.885317313576365,17.06885337133263,16.397997436085593,16.746083062864717,5005420.0,132391424.0
2015-12-29,16.619506471308675,16.771398381175928,16.454956902285815,16.7081100853979,3117733.0,82090784.0
2015-12-30,16.714438914975705,17.97387600095835,16.644821789619883,17.60680388544582,8980415.0,246948512.0
2015-12-31,17.60680388544582,18.037164296736375,17.195429962888678,17.56883090797901,6958833.0,193317584.0
2016-01-04,17.594146226290217,17.62579037417923,15.809416285349986,15.809416285349986,3848750.0,100260648.0
2016-01-05,14.556308028945143,15.758785648727567,14.556308028945143,15.379055874059434,5140695.0,123586768.0
2016-01-06,15.328425237437015,15.5625919318157,14.872749507835255,15.309438748703611,4983782.0,119212928.0
2016-01-07,15.030970247280312,15.030970247280312,13.777861990875468,13.815834968342282,1643003.0,37199408.0
2016-01-08,14.303154845833054,14.543650369789539,13.005744782383596,13.644956569741622,6467364.0,142156288.0
2016-01-11,13.284213283806894,13.600654762697005,12.277929380936337,12.277929380936337,4980181.0,99663400.0
2016-01-12,12.524753734470625,12.815879895049529,12.157681618958096,12.385519483758976,4497224.0,89484328.0
2016-01-13,12.56905554151524,12.84752404293854,11.391893240044025,11.676690571045125,3203060.0,62713392.0
2016-01-14,11.366577921732818,11.898199606268205,11.138740056931937,11.834911310490181,10116947.0,183128784.0
2016-01-15,11.702005889356334,11.815924821756777,10.967861658331275,11.075451761153914,7081316.0,127114312.0
2016-01-18,10.822298578041824,11.486825683711057,10.777996770997209,11.214686011865561,4653557.0,82109272.0
2016-01-19,11.170384204820946,11.63238876400051,11.018492294953694,11.556442809066885,8263797.0,148603568.0
2016-01-20,11.550113979489081,11.739978866823149,11.138740056931937,11.3222761146882,6888162.0,124585784.0
2016-01-21,10.777996770997209,11.277974307643586,10.638762520285558,10.689393156907977,7218489.0,125068968.0
2016-01-22,10.796983259730615,10.885586873819847,9.822343504749071,10.429911144218085,11985635.0,193661984.0
2016-01-25,10.480541780840502,11.474168024555453,10.315992211817646,11.474168024555453,22280396.0,390238528.0
2016-01-26,11.474168024555453,12.341217676714361,11.341262603421608,11.708334718934138,25234442.0,468801440.0
2016-01-27,11.613402275267104,11.708334718934138,10.600789542818745,11.391893240044025,16959860.0,299463712.0
2016-01-28,11.024821124531497,11.221014841443365,10.259032745617425,10.303334552662042,11771673.0,201388512.0
2016-01-29,10.126127324483578,10.885586873819847,9.910947118838303,10.632433690707758,8960073.0,148679808.0
2016-02-01,10.372951678017866,10.550158906196328,9.569190321636981,9.59450563994819,9991663.0,157207152.0
2016-02-02,9.619820958259398,10.1894156202616,9.619820958259398,9.974235414616324,7872593.0,124151664.0
2016-02-03,9.93626243714951,10.195744449839403,9.626149787837202,10.151442642794786,6731308.0,105060520.0
2016-02-04,10.151442642794786,10.569145394929734,10.132456154061382,10.410924655484678,10353207.0,170022960.0
2016-02-05,10.537501247040723,10.569145394929734,10.113469665327974,10.309663382239842,4456350.0,72368648.0
2016-02-15,9.784370527282258,10.303334552662042,9.632478617415003,10.119798494905776,4903233.0,77492920.0
2016-02-16,10.22105976815061,10.822298578041824,10.202073279417206,10.66407783859677,6141691.0,102194480.0
2016-02-17,10.66407783859677,11.043807613264901,10.391938166751274,10.923559851286662,7951938.0,133904576.0
2016-02-18,11.01216346537589,11.043807613264901,10.765339111841605,10.771667941419405,7726968.0,132927584.0
2016-02-19,10.581803054085338,10.822298578041824,10.505857099151713,10.740023793530394,6115907.0,103079264.0
2016-02-22,10.885586873819847,11.296960796376993,10.796983259730615,11.100767079465122,9842165.0,171990032.0
2016-02-23,11.075451761153914,12.208312255580513,11.024821124531497,11.822253651334577,14104829.0,262058864.0
2016-02-24,11.651375252733917,12.239956403469526,11.467839194977653,11.708334718934138,14615299.0,271837600.0
2016-02-25,11.569100468222489,11.702005889356334,10.562816565351934,10.67040666817457,14644512.0,251959184.0
2016-02-26,10.759010282263802,10.822298578041824,10.050181369549952,10.366622848440063,6143887.0,101594608.0
2016-02-29,10.32864987097325,10.32864987097325,9.328694797680496,9.328694797680496,8739029.0,130619488.0
2016-03-01,9.081870444146208,9.505902025858958,8.873019068078735,9.360338945569508,7024614.0,102216744.0
2016-03-02,9.360338945569508,9.898289459682697,9.240091183591264,9.809685845593465,8459126.0,128097368.0
2016-03-03,9.79069935686006,10.233717427306217,9.746397549815445,10.10081200617237,10277849.0,163760672.0
2016-03-04,9.999550732927533,10.107140835750172,9.259077672324672,9.36666777514731,7458979.0,113326248.0
2016-03-07,9.455271389236541,9.797028186437862,9.39831192303632,9.543875003325772,4824050.0,73363240.0
2016-03-08,9.702095742770828,10.44256880337369,9.176802887813242,10.1894156202616,8420329.0,129878400.0
2016-03-09,9.993221903349731,9.993221903349731,9.676780424459619,9.784370527282258,5166407.0,80119112.0
2016-03-10,9.727411061082037,9.885631800527092,9.48058670754775,9.486915537125553,4792337.0,73329536.0
2016-03-11,9.486915537125553,9.518559685014562,9.290721820213683,9.455271389236541,3577680.0,53244140.0
2016-03-14,9.588176810370388,9.993221903349731,9.486915537125553,9.81601467517127,5745254.0,89158320.0
2016-03-15,9.860316482215884,9.872974141371488,9.556532662481377,9.619820958259398,4254168.0,65307224.0
2016-03-16,9.714753401926432,9.809685845593465,9.379325434302915,9.474257877969949,3850709.0,58211016.0
2016-03-17,9.569190321636981,9.929933607571709,9.461600218814343,9.803357016015664,6121173.0,93872928.0
2016-03-18,9.853987652638082,10.784325600575011,9.822343504749071,10.784325600575011,15255685.0,251511136.0
2016-03-21,10.809640918886219,11.233672500598969,10.803312089308417,11.208357182287761,16180089.0,281966464.0
2016-03-22,10.885586873819847,11.15139771608754,10.885586873819847,10.929888680864462,8720172.0,151439568.0
2016-03-23,10.872929214664241,11.233672500598969,10.872929214664241,11.183041863976552,12045163.0,210763328.0
2016-03-24,10.955203999175671,11.094438249887322,10.759010282263802,10.790654430152813,10609856.0,183550544.0
2016-03-25,10.746352623108198,10.879258044242045,10.543830076618526,10.784325600575011,6462785.0,109283704.0
2016-03-28,10.822298578041824,11.06912293157611,10.632433690707758,10.714708475219187,6688094.0,115153648.0
2016-03-29,10.575474224507538,10.714708475219187,10.170429131528193,10.284348063928634,8414659.0,138347616.0
2016-03-30,10.404595825906878,10.759010282263802,10.334978700551051,10.708379645641385,6612043.0,110057048.0
2016-03-31,10.759010282263802,11.00583463579809,10.657749009018966,10.803312089308417,7596022.0,130327120.0
2016-04-01,10.759010282263802,10.866600385086441,10.391938166751274,10.632433690707758,6144329.0,102630424.0
2016-04-05,10.740023793530394,11.309618455532597,10.702050816063581,11.240001330176772,11518015.0,201757712.0
2016-04-06,11.227343671021167,11.227343671021167,10.955203999175671,11.145068886509737,9865416.0,173064928.0
2016-04-07,11.202028352709958,12.258942892202933,11.170384204820946,12.233627573891722,30087318.0,569078016.0
2016-04-08,11.86022662880139,12.195654596424909,11.828582480912381,11.961487902046226,13617566.0,258393392.0
2016-04-11,11.993132049935237,12.543740223204033,11.993132049935237,12.11337981191348,14103583.0,272053984.0
2016-04-12,12.100722152757877,12.157681618958096,11.423537387933036,11.68934823020073,10367236.0,191027312.0
2016-04-13,11.512141002022268,12.069078004868866,11.391893240044025,11.550113979489081,14344009.0,267272016.0
2016-04-14,11.607073445689302,12.442478949959197,11.569100468222489,12.385519483758976,13518412.0,257352784.0
2016-04-15,12.42349246122579,12.42349246122579,12.062749175291062,12.246285233047328,6805595.0,131493456.0
2016-04-18,12.037433856979852,12.195654596424909,11.708334718934138,11.955159072468424,6818432.0,128148800.0
2016-04-19,12.088064493602273,12.334888847136558,11.8855419471126,12.182996937269305,6579046.0,125774688.0
2016-04-20,12.201983426002712,12.30957352882535,11.018492294953694,11.45518153582205,9674355.0,177977392.0
2016-04-21,11.51846983160007,11.638717593578313,11.126082397776331,11.145068886509737,5318499.0,95748624.0
2016-04-22,11.01216346537589,11.62605993442271,10.929888680864462,11.613402275267104,5580136.0,99492744.0
2016-04-25,11.581758127378093,11.581758127378093,11.3222761146882,11.341262603421608,4227728.0,76356776.0
2016-04-26,11.334933773843805,11.49315451328886,11.031149954109297,11.328604944266003,4120295.0,73104472.0
2016-04-27,11.410879728777433,11.695677059778532,11.315947285110397,11.410879728777433,4467391.0,81322584.0
2016-04-28,11.328604944266003,11.676690571045125,11.037478783687101,11.562771638644685,5277419.0,94850056.0
2016-04-29,11.448852706244246,11.68934823020073,11.341262603421608,11.638717593578313,3423979.0,62337980.0
2016-05-03,11.68934823020073,12.018447368246445,11.581758127378093,11.936172583735017,5119727.0,96224504.0
2016-05-04,11.904528435846006,12.088064493602273,11.74630769640095,11.828582480912381,3952232.0,74424760.0
2016-05-05,11.758965355556555,11.8855419471126,11.442523876666442,11.575429297800289,6129472.0,112120768.0
2016-05-06,11.556442809066885,11.62605993442271,10.569145394929734,10.626104861129955,8831514.0,154485680.0
2016-05-09,10.493199439996106,10.493199439996106,9.613492128681596,9.759055208971049,8091908.0,128193992.0
2016-05-10,9.493244366703355,9.872974141371488,9.493244366703355,9.73373989065984,3645785.0,56222124.0
2016-05-11,9.809685845593465,9.917275948416105,9.695766913193026,9.73373989065984,3300618.0,51066356.0
2016-05-12,9.486915537125553,9.689438083615224,9.303379479369287,9.676780424459619,3030723.0,45582460.0
2016-05-13,9.588176810370388,9.835001163904675,9.385654263880717,9.493244366703355,4409116.0,67087416.0
2016-05-16,9.429956070925332,9.613492128681596,9.328694797680496,9.607163299103794,3357937.0,50447760.0
2016-05-17,9.607163299103794,9.740068720237643,9.543875003325772,9.632478617415003,3123930.0,47553236.0
2016-05-18,9.569190321636981,9.569190321636981,8.948965023012363,9.113514592035221,4851102.0,70745888.0
2016-05-19,9.113514592035221,9.467929048392145,9.113514592035221,9.233762354013463,3171848.0,46624852.0
2016-05-20,9.151487569502034,9.42362724134753,9.050226296257199,9.335023627258298,2439177.0,35898652.0
2016-05-23,9.36666777514731,9.493244366703355,9.36666777514731,9.404640752614123,2508451.0,37405492.0
2016-05-24,9.410969582191925,10.1894156202616,9.404640752614123,9.872974141371488,6877751.0,106183576.0
2016-05-25,9.841329993482478,9.872974141371488,9.651465106148411,9.721082231504235,3327559.0,51141184.0
2016-05-26,9.714753401926432,9.759055208971049,9.316037138524893,9.645136276570609,3164242.0,47577240.0
2016-05-27,9.664122765304015,9.676780424459619,9.461600218814343,9.518559685014562,3062282.0,46217632.0
2016-05-30,9.429956070925332,9.683109254037422,9.379325434302915,9.51223085543676,2863900.0,43225504.0
2016-05-31,9.51223085543676,10.050181369549952,9.51223085543676,9.98689307377193,5446418.0,84915912.0
2016-06-01,9.93626243714951,10.265361575195227,9.923604777993907,10.126127324483578,4457282.0,71364272.0
2016-06-02,10.132456154061382,10.297005723084238,10.062839028705556,10.15777147237259,3529798.0,56747740.0
2016-06-03,10.252703916039623,10.259032745617425,10.07549668786116,10.138784983639182,2416532.0,38793532.0
2016-06-06,10.126127324483578,10.1894156202616,9.948920096305116,10.050181369549952,3169109.0,50377812.0
2016-06-07,10.031194880816544,10.094483176594567,9.891960630104895,10.012208392083139,2867353.0,45203100.0
2016-06-08,10.005879562505337,10.126127324483578,9.860316482215884,10.113469665327974,3075773.0,48405328.0
2016-06-13,9.9046182892605,9.9046182892605,9.240091183591264,9.27806416105808,5172574.0,78728408.0
2016-06-14,9.240091183591264,9.347681286413902,9.037568637101593,9.297050649791485,3272953.0,47565768.0
2016-06-15,9.240091183591264,9.657793935726213,9.151487569502034,9.531217344170168,3123838.0,46823812.0
2016-06-16,9.556532662481377,9.657793935726213,9.467929048392145,9.493244366703355,2585986.0,39075356.0
2016-06-17,9.531217344170168,9.771712868126652,9.505902025858958,9.600834469525992,2727002.0,41670228.0
2016-06-20,9.59450563994819,9.695766913193026,9.417298411769728,9.664122765304015,2301329.0,34717268.0
2016-06-21,9.676780424459619,9.76538403854885,9.429956070925332,9.474257877969949,2356524.0,35846384.0
2016-06-22,9.36666777514731,9.664122765304015,9.3413524568361,9.664122765304015,3368437.0,50770056.0
2016-06-23,9.702095742770828,9.872974141371488,9.59450563994819,9.778041697704454,5551103.0,85482056.0
2016-06-24,9.740068720237643,9.872974141371488,9.290721820213683,9.53754617374797,5763752.0,87366272.0
2016-06-27,9.48058670754775,9.81601467517127,9.429956070925332,9.809685845593465,4169762.0,63871316.0
2016-06-28,9.740068720237643,10.176757961105995,9.683109254037422,10.043852539972148,5895971.0,92755400.0
2016-06-29,10.050181369549952,10.315992211817646,10.050181369549952,10.21473093857281,6224860.0,100460304.0
2016-06-30,10.21473093857281,10.429911144218085,10.195744449839403,10.240046256884018,4053560.0,65831632.0
2016-07-01,10.284348063928634,10.436239973795887,10.132456154061382,10.27169040477303,4068674.0,65733740.0
2016-07-04,10.252703916039623,10.550158906196328,10.132456154061382,10.467884121684898,3874010.0,63431256.0
2016-07-05,10.505857099151713,10.702050816063581,10.44256880337369,10.461555292107098,4335027.0,72415496.0
2016-07-06,10.505857099151713,10.645091349863362,10.341307530128853,10.467884121684898,3614946.0,59995308.0
2016-07-07,10.645091349863362,10.645091349863362,10.315992211817646,10.398266996329074,3505771.0,57939896.0
2016-07-08,10.639783555565845,10.802970419915015,10.581036284400145,10.607146182696011,2695601.0,44187804.0
2016-07-11,10.678948403009645,10.829080318210881,10.522289013234444,10.620201131843945,5292678.0,86731704.0
2016-07-12,10.685475877583613,10.75075062332328,10.457014267494776,10.705058301305511,4193304.0,68189072.0
2016-07-13,10.966157284264185,11.33822333498029,10.770333047045181,11.15545404690922,9748070.0,166272624.0
2016-07-14,11.148926572335252,11.148926572335252,10.900882538524515,10.966157284264185,4849474.0,81566080.0
2016-07-15,11.423080504441858,12.062773012690602,11.103234250317486,11.129344148613354,11314996.0,198889472.0
2016-07-18,11.09670677574352,11.142399097761286,10.574508809826177,10.65283850471378,12476387.0,205944512.0
2016-07-19,10.67242092843568,10.757278097897247,10.541871436956342,10.731168199601381,4410044.0,71973056.0
2016-07-20,10.718113250453447,10.920464962246417,10.626728606417911,10.783387996193113,5123429.0,84613360.0
2016-07-21,10.757278097897247,10.920464962246417,10.698530826731547,10.816025369062949,4495204.0,74489568.0
2016-07-22,10.920464962246417,11.083651826595586,10.848662741932783,10.855190216506749,5481233.0,92042232.0
2016-07-25,10.770333047045181,10.868245165654681,10.639783555565845,10.809497894488981,3564929.0,58673032.0
2016-07-26,10.718113250453447,10.887827589376583,10.718113250453447,10.881300114802617,3085540.0,51228816.0
2016-07-27,10.946574860542283,10.959629809690217,10.117585589648503,10.248135081127838,5494198.0,88613744.0
2016-07-28,10.254662555701806,10.352574674311306,10.006618521891069,10.156750437092304,3193235.0,49751280.0
2016-07-29,10.12411306422247,10.195915284536104,10.052310843908835,10.156750437092304,1802462.0,27929540.0
2016-08-01,10.150222962518336,10.150222962518336,9.830376708393965,9.954398725299333,1777247.0,26999378.0
2016-08-02,9.902178928707599,10.065365793056769,9.876069030411733,10.065365793056769,1497319.0,22923272.0
2016-08-03,10.045783369334869,10.045783369334869,9.902178928707599,9.954398725299333,3049905.0,46500860.0
2016-08-04,9.967453674447267,10.013145996465035,9.876069030411733,9.9805086235952,2157810.0,32901712.0
2016-08-05,9.987036098169169,10.013145996465035,9.889123979559667,9.921761352429499,1985235.0,30257660.0
2016-08-08,9.921761352429499,10.0000910473171,9.725937115210497,10.0000910473171,2382287.0,36015028.0
2016-08-09,9.987036098169169,10.150222962518336,9.973981149021233,10.150222962518336,2648020.0,40854828.0
2016-08-10,10.117585589648503,10.176332860814204,10.039255894760903,10.084948216778669,2327911.0,36014476.0
2016-08-11,10.078420742204703,10.091475691352636,9.928288827003467,9.928288827003467,2098688.0,32114134.0
2016-08-12,9.928288827003467,10.039255894760903,9.889123979559667,10.019673471039,1307118.0,19950378.0
2016-08-15,10.019673471039,10.313409826867506,9.967453674447267,10.274244979423706,3014434.0,46998492.0
2016-08-16,10.248135081127838,10.483124165790642,10.130640538796436,10.365629623459242,2726039.0,43146428.0
2016-08-17,10.365629623459242,10.633256080991877,10.261190030275772,10.470069216642708,3022391.0,48372976.0
2016-08-18,10.424376894624942,10.476596691216676,10.306882352293538,10.332992250589406,2406914.0,38251688.0
2016-08-19,10.32646477601544,11.207673843500956,10.319937301441474,10.835607792784849,11598155.0,191962800.0
2016-08-22,10.67242092843568,11.064069402873685,10.639783555565845,10.69200335215758,7874902.0,130539832.0
2016-08-23,10.639783555565845,10.776860521619149,10.58756375897411,10.718113250453447,3690378.0,60353348.0
2016-08-24,10.770333047045181,11.122816674039386,10.678948403009645,10.966157284264185,10620854.0,177993824.0
2016-08-25,10.93351991139435,11.494882724755492,10.724640725027413,11.35780575870219,14454276.0,247443056.0
2016-08-26,11.344750809554256,11.775564131436063,11.305585962110456,11.468772826459626,15476864.0,274808320.0
2016-08-29,11.429607979015826,11.436135453589792,11.233783741796822,11.325168385832358,7627282.0,132404312.0
2016-08-30,11.370860707850126,11.586267368791027,11.168508996057154,11.240311216370788,7638437.0,132783816.0
2016-08-31,11.246838690944756,11.351278284128224,11.09670677574352,11.214201318074922,3954999.0,67819200.0
2016-09-01,11.214201318074922,11.527520097625327,11.175036470631122,11.240311216370788,5403170.0,94104808.0
2016-09-02,11.227256267222854,11.286003538388556,10.966157284264185,11.044486979151786,3919370.0,66731560.0
2016-09-05,11.044486979151786,11.286003538388556,11.011849606281952,11.051014453725752,3101533.0,53014496.0
2016-09-06,10.966157284264185,11.723344334844331,10.881300114802617,11.658069589104661,8714810.0,152202512.0
2016-09-07,11.70376191112243,12.598025927755879,11.677652012826563,12.010553216098867,17461532.0,326675936.0
2016-09-08,12.030135639820768,12.336926944797206,11.873476250045567,12.193322504169938,6513775.0,120641440.0
2016-09-09,12.075827961838536,12.258597249909606,11.958333419507134,12.023608165246802,4580615.0,85059200.0
2016-09-12,11.749454233140197,11.814728978879865,11.364333233276158,11.449190402737726,6180854.0,109659216.0
2016-09-13,11.494882724755492,12.591498453181911,11.494882724755492,12.591498453181911,11991429.0,223072064.0
2016-09-14,12.460948961702575,12.624135826051745,11.984443317803,12.376091792241008,10854703.0,203201248.0
2016-09-19,12.323871995649272,12.500113809146375,12.173740080448036,12.382619266814974,5943184.0,112310848.0
2016-09-20,12.323871995649272,12.565388554886043,11.866948775471599,12.036663114394736,6058711.0,113444320.0
2016-09-21,12.088882910986468,12.27165219905754,11.801674029731931,11.919168572063334,5502936.0,100422224.0
2016-09-22,11.971388368655067,12.121520283856304,11.755981707714165,12.030135639820768,6401010.0,116790192.0
2016-09-23,12.030135639820768,12.030135639820768,11.494882724755492,11.527520097625327,9145470.0,163626688.0
2016-09-26,11.488355250181527,11.488355250181527,11.064069402873685,11.090179301169552,6622488.0,113495056.0
2016-09-27,11.090179301169552,11.305585962110456,11.083651826595586,11.259893640092688,3690327.0,63289208.0
2016-09-28,11.259893640092688,11.488355250181527,11.161981521483188,11.370860707850126,3980771.0,69179368.0
2016-09-29,11.37738818242409,11.612377267086893,11.227256267222854,11.50141019932946,4053956.0,71255744.0
2016-09-30,11.52099262305136,11.566684945069127,11.292531012962524,11.423080504441858,2631772.0,45918496.0
2016-10-10,11.403498080719958,11.66459706367863,11.403498080719958,11.488355250181527,5131605.0,90652960.0
2016-10-11,11.50141019932946,11.573212419643093,11.331695860406324,11.44266292816376,2489144.0,43559224.0
2016-10-12,11.383915656998058,11.74292675856623,11.331695860406324,11.729871809418295,6267634.0,111182016.0
2016-10-13,11.70376191112243,12.27165219905754,11.573212419643093,12.088882910986468,9129493.0,167507408.0
2016-10-14,12.043190588968702,12.36956431766704,11.984443317803,12.336926944797206,7376380.0,138517760.0
2016-10-17,12.258597249909606,12.36956431766704,11.880003724619533,11.964860894081099,3828322.0,71316992.0
2016-10-18,12.075827961838536,12.252069775335638,11.977915843229034,12.095410385560436,3614381.0,66973052.0
2016-10-19,12.173740080448036,12.565388554886043,12.043190588968702,12.317344521075308,6502448.0,122735224.0
2016-10-20,12.31081704650134,12.460948961702575,12.121520283856304,12.180267555022004,5334972.0,100526344.0
2016-10-21,12.180267555022004,12.252069775335638,11.873476250045567,12.160685131300104,4329613.0,79672536.0
2016-10-24,12.095410385560436,12.10846533470837,11.723344334844331,11.977915843229034,4612252.0,83926264.0
2016-10-25,11.951805944933167,12.082355436412504,11.847366351749697,11.997498266950934,3358503.0,61506192.0
2016-10-26,12.036663114394736,12.043190588968702,11.599322317938961,11.618904741660861,4557840.0,81827904.0
2016-10-27,11.618904741660861,11.710289385696397,11.50141019932946,11.618904741660861,2362866.0,42059524.0
2016-10-28,11.638487165382761,11.716816860270363,11.35780575870219,11.35780575870219,4033506.0,70809320.0
2016-10-31,11.351278284128224,11.560157470495161,11.325168385832358,11.514465148477393,2703307.0,47406424.0
2016-11-01,11.52099262305136,11.697234436548463,11.455717877311692,11.599322317938961,1944518.0,34572984.0
2016-11-02,11.599322317938961,12.258597249909606,11.599322317938961,12.069300487264568,10336530.0,189905920.0
2016-11-03,11.951805944933167,12.239014826187706,11.9452784703592,12.082355436412504,5883303.0,109163672.0
2016-11-04,12.075827961838536,12.382619266814974,11.977915843229034,12.323871995649272,8526892.0,159068448.0
2016-11-07,12.323871995649272,12.323871995649272,11.814728978879865,12.101937860134402,5271268.0,96884728.0
2016-11-08,12.017080690672834,12.154157656726138,11.873476250045567,12.010553216098867,4212980.0,77518088.0
2016-11-09,12.010553216098867,12.010553216098867,11.60584979251293,11.782091606010031,5014123.0,90564744.0
2016-11-10,11.9452784703592,12.336926944797206,11.827783928027799,12.336926944797206,7585429.0,140542928.0
2016-11-11,12.36956431766704,12.722047944661245,12.363036843093075,12.604553402329843,10494749.0,201809568.0
2016-11-14,12.467476436276543,13.688114181608329,12.389146741388942,13.244245910578588,14017331.0,280743872.0
2016-11-15,13.107168944525286,13.348685503762058,12.943982080176117,13.146333791969088,6402650.0,128287040.0
2016-11-16,13.172443690264954,13.564092164702961,12.924399656454217,13.028839249637686,5941562.0,120215904.0
2016-11-17,13.002729351341818,13.152861266543052,12.722047944661245,13.028839249637686,4602911.0,91123360.0
2016-11-18,13.028839249637686,13.054949147933552,12.806905114122815,12.891762283584383,3523425.0,69562744.0
2016-11-21,12.826487537844715,13.12022389367322,12.826487537844715,12.989674402193884,3294158.0,65411296.0
2016-11-22,13.113696419099254,13.498817418963293,13.002729351341818,13.342158029188091,6256222.0,127421904.0
2016-11-23,13.348685503762058,13.479234995241391,13.068004097081486,13.133278842821154,3430509.0,69458088.0
2016-11-24,13.133278842821154,13.15938874111702,12.859124910714549,12.97661945304595,2751054.0,54619736.0
2016-11-25,12.97661945304595,13.068004097081486,12.539278656590177,12.878707334436449,2342051.0,45858980.0
2016-11-28,13.022311775063718,13.211608537708754,12.846069961566615,12.97661945304595,2960703.0,59141232.0
2016-11-29,12.89828975815835,13.022311775063718,12.73510289380918,12.852597436140583,4793595.0,94451744.0
2016-11-30,12.852597436140583,12.878707334436449,12.467476436276543,12.500113809146375,4203299.0,81280320.0
2016-12-01,12.571916029460011,12.571916029460011,12.186795029595972,12.27165219905754,4595871.0,86707176.0
2016-12-02,12.173740080448036,12.500113809146375,12.075827961838536,12.075827961838536,2612644.0,49082868.0
2016-12-05,11.749454233140197,12.27165219905754,10.868245165654681,11.755981707714165,2835672.0,51303800.0
2016-12-06,11.880003724619533,11.906113622915399,11.651542114530697,11.66459706367863,1995797.0,35910684.0
2016-12-07,11.736399283992263,11.9452784703592,11.534047572199295,11.938750995785233,2218213.0,40073656.0
2016-12-08,11.984443317803,11.984443317803,11.834311402601765,11.899586148341433,1078561.0,19644550.0
2016-12-09,11.971388368655067,11.971388368655067,11.736399283992263,11.808201504305899,1818376.0,32882564.0
2016-12-12,11.847366351749697,11.847366351749697,10.770333047045181,10.835607792784849,4604736.0,79039896.0
2016-12-13,10.835607792784849,11.11628919946542,10.770333047045181,11.077124352021618,2736212.0,45988520.0
2016-12-14,11.090179301169552,11.122816674039386,10.89435506395055,10.946574860542283,1350381.0,22713662.0
2016-12-15,11.03143203000385,11.083651826595586,10.900882538524515,10.979212233412117,1553597.0,26188386.0
2016-12-16,11.064069402873685,11.64501463995673,10.99226718256005,11.488355250181527,3361797.0,58577304.0
2016-12-19,11.651542114530697,11.723344334844331,11.286003538388556,11.364333233276158,3164500.0,55519048.0
2016-12-20,11.272948589240622,11.52099262305136,11.018377080855917,11.175036470631122,2850362.0,48689556.0
2016-12-21,11.175036470631122,11.331695860406324,11.161981521483188,11.305585962110456,1603612.0,27581492.0
2016-12-22,11.403498080719958,11.403498080719958,11.11628919946542,11.175036470631122,1918073.0,32899706.0
2016-12-23,11.214201318074922,11.214201318074922,11.03143203000385,11.109761724891452,1423752.0,24179708.0
2016-12-26,11.09670677574352,11.09670677574352,10.900882538524515,11.05754192829972,2256774.0,37943668.0
2016-12-27,11.05754192829972,11.240311216370788,11.05754192829972,11.142399097761286,1289160.0,22074580.0
2016-12-28,11.161981521483188,11.390443131572024,11.129344148613354,11.364333233276158,1879271.0,32383524.0
2016-12-29,11.423080504441858,11.423080504441858,11.122816674039386,11.129344148613354,2148571.0,36791144.0
2016-12-30,11.129344148613354,11.41655302986789,11.09670677574352,11.175036470631122,1702234.0,29103474.0
2017-01-03,11.168508996057154,11.455717877311692,11.103234250317486,11.383915656998058,4682770.0,81073464.0
2017-01-04,11.31864091125839,11.618904741660861,11.27947606381459,11.527520097625327,4765608.0,83754336.0
2017-01-05,11.527520097625327,11.70376191112243,11.423080504441858,11.60584979251293,3360371.0,59699216.0
2017-01-06,11.592794843364995,11.814728978879865,11.390443131572024,11.423080504441858,5034964.0,89314136.0
2017-01-09,11.494882724755492,11.66459706367863,11.364333233276158,11.651542114530697,3828284.0,67760352.0
2017-01-10,11.68417948740053,11.847366351749697,11.494882724755492,11.658069589104661,3447266.0,61772032.0
2017-01-11,11.68417948740053,11.70376191112243,11.423080504441858,11.429607979015826,2826409.0,50008852.0
2017-01-12,11.429607979015826,11.475300301033592,11.168508996057154,11.246838690944756,1380253.0,23952400.0
2017-01-13,11.175036470631122,11.25336616551872,10.770333047045181,10.842135267358815,2890611.0,48759616.0
2017-01-16,10.848662741932783,10.874772640228649,10.169805386240236,10.54839891153031,4684678.0,75060920.0
2017-01-17,10.443959318346842,10.554926386104277,10.215497708258004,10.522289013234444,1723509.0,27467286.0
2017-01-18,10.52881648780841,10.581036284400145,10.372157098033208,10.437431843772876,1143376.0,18389180.0
2017-01-19,10.378684572607174,10.48965164036461,10.241607606553872,10.365629623459242,1372827.0,21726652.0
2017-01-20,10.359102148885274,10.574508809826177,10.359102148885274,10.54839891153031,1750600.0,28123366.0
2017-01-23,10.54839891153031,10.737695674175347,10.522289013234444,10.600618708122044,1412871.0,23027738.0
2017-01-24,10.54839891153031,10.659365979287744,10.522289013234444,10.574508809826177,970804.0,15756545.0
2017-01-25,10.54839891153031,11.631959690808795,10.50923406408651,11.631959690808795,6547711.0,115965440.0
2017-01-26,11.618904741660861,11.618904741660861,11.103234250317486,11.15545404690922,7839686.0,135374112.0
2017-02-03,11.15545404690922,11.292531012962524,10.985739707986083,11.051014453725752,3604776.0,61314388.0
2017-02-06,11.037959504577818,11.227256267222854,10.985739707986083,11.227256267222854,5627741.0,95407512.0
2017-02-07,11.109761724891452,11.181563945205086,10.940047385968318,11.05754192829972,3919244.0,66334064.0
2017-02-08,11.005322131707985,11.41655302986789,10.966157284264185,11.25336616551872,5418830.0,93065664.0
2017-02-09,11.214201318074922,11.383915656998058,11.168508996057154,11.33822333498029,4864944.0,84216256.0
2017-02-10,11.331695860406324,11.475300301033592,11.246838690944756,11.266421114666656,4635124.0,80589272.0
2017-02-13,11.246838690944756,11.932223521211267,11.246838690944756,11.50141019932946,9549829.0,170249840.0
2017-02-14,11.64501463995673,11.827783928027799,11.488355250181527,11.736399283992263,5410674.0,96740736.0
2017-02-15,11.736399283992263,11.880003724619533,11.429607979015826,11.48182777560756,3751297.0,66629660.0
2017-02-16,11.390443131572024,11.74292675856623,11.325168385832358,11.651542114530697,5119322.0,91178024.0
2017-02-17,11.618904741660861,11.873476250045567,11.31864091125839,11.48182777560756,5505465.0,97401528.0
2017-02-20,11.37738818242409,11.625432216234827,11.351278284128224,11.50141019932946,3044071.0,53611820.0
2017-02-21,11.44266292816376,11.716816860270363,11.44266292816376,11.631959690808795,3562109.0,63193664.0
2017-02-22,11.599322317938961,11.716816860270363,11.514465148477393,11.716816860270363,3255527.0,57984256.0
2017-02-23,11.723344334844331,11.984443317803,11.494882724755492,11.671124538252595,6217557.0,111961992.0
2017-02-24,11.573212419643093,11.671124538252595,11.527520097625327,11.66459706367863,2941523.0,52249576.0
2017-02-27,11.638487165382761,11.840838877175733,11.631959690808795,11.74292675856623,4375735.0,78834952.0
2017-02-28,11.64501463995673,11.808201504305899,11.52099262305136,11.625432216234827,2704355.0,48017016.0
2017-03-01,11.638487165382761,11.651542114530697,11.50141019932946,11.507937673903426,3796582.0,67045932.0
2017-03-02,11.514465148477393,11.534047572199295,11.286003538388556,11.286003538388556,3720196.0,64841100.0
2017-03-03,11.27947606381459,11.351278284128224,11.19461889435302,11.325168385832358,1670581.0,28879436.0
2017-03-06,11.286003538388556,11.573212419643093,11.272948589240622,11.54057504677326,3211395.0,56426052.0
2017-03-07,11.573212419643093,11.573212419643093,11.403498080719958,11.48182777560756,1963190.0,34491056.0
2017-03-08,11.48182777560756,11.618904741660861,11.390443131572024,11.475300301033592,2352771.0,41519004.0
2017-03-09,11.37738818242409,11.455717877311692,11.044486979151786,11.077124352021618,4736127.0,81349312.0
2017-03-10,11.077124352021618,11.175036470631122,10.979212233412117,11.03143203000385,2164169.0,36687628.0
2017-03-13,11.03143203000385,11.129344148613354,10.95310233511625,11.070596877447652,3907741.0,66053380.0
2017-03-14,11.070596877447652,11.148926572335252,10.99226718256005,11.083651826595586,1949125.0,33075044.0
2017-03-15,11.05754192829972,11.09670677574352,10.985739707986083,10.998794657134018,1722196.0,29068170.0
2017-03-16,11.024904555429885,11.19461889435302,11.024904555429885,11.168508996057154,2594370.0,44215656.0
2017-03-17,11.207673843500956,11.227256267222854,11.03143203000385,11.03143203000385,2067200.0,35348656.0
2017-03-20,11.03143203000385,11.129344148613354,10.959629809690217,11.129344148613354,1889827.0,31967944.0
2017-03-21,11.129344148613354,11.175036470631122,11.03143203000385,11.15545404690922,1502617.0,25613100.0
2017-03-22,11.103234250317486,11.175036470631122,11.044486979151786,11.129344148613354,1561695.0,26571994.0
2017-03-23,11.129344148613354,11.201146368926988,10.926992436820383,11.090179301169552,2581355.0,43810600.0
2017-03-24,11.037959504577818,11.09670677574352,10.97268475883815,11.051014453725752,1499316.0,25314048.0
2017-03-27,11.070596877447652,11.090179301169552,10.770333047045181,10.776860521619149,3337329.0,55676692.0
2017-03-28,10.835607792784849,11.161981521483188,10.835607792784849,10.998794657134018,3531974.0,59661600.0
2017-03-29,10.920464962246417,11.011849606281952,10.822552843636913,10.887827589376583,2077007.0,34737432.0
2017-03-30,10.900882538524515,10.907410013098483,10.496179114938576,10.522289013234444,3429210.0,55936216.0
2017-03-31,10.52881648780841,10.71158577587948,10.443959318346842,10.574508809826177,1853472.0,30057438.0
2017-04-05,10.561453860678244,10.998794657134018,10.561453860678244,10.874772640228649,3357000.0,55795560.0
2017-04-06,10.887827589376583,10.95310233511625,10.718113250453447,10.881300114802617,1834242.0,30528980.0
2017-04-07,10.881300114802617,10.998794657134018,10.816025369062949,10.940047385968318,2036332.0,34103880.0
2017-04-10,10.966157284264185,11.201146368926988,10.881300114802617,11.051014453725752,2411181.0,40734032.0
2017-04-11,11.135871623187318,11.135871623187318,10.789915470767081,10.95310233511625,2715185.0,45402584.0
2017-04-12,10.966157284264185,11.011849606281952,10.69200335215758,10.69200335215758,2862715.0,47370236.0
2017-04-13,10.69200335215758,10.776860521619149,10.58756375897411,10.698530826731547,2325911.0,38113328.0
2017-04-14,10.75075062332328,11.024904555429885,10.522289013234444,10.998794657134018,3860011.0,63557656.0
2017-04-17,10.887827589376583,10.887827589376583,10.411321945477008,10.561453860678244,4318279.0,69964312.0
2017-04-18,10.470069216642708,10.594091233548077,10.319937301441474,10.319937301441474,2999687.0,47911272.0
2017-04-19,10.332992250589406,10.332992250589406,9.791211860950163,9.9413437761514,3443357.0,52852592.0
2017-04-20,9.9413437761514,10.0000910473171,9.791211860950163,9.817321759246031,2878307.0,43420480.0
2017-04-21,9.817321759246031,9.987036098169169,9.791211860950163,9.921761352429499,1976766.0,29877500.0
2017-04-24,9.921761352429499,9.9609261998733,9.53664035256546,9.543167827139426,2176923.0,32298352.0
2017-04-25,9.569277725435294,9.654134894896861,9.484420555973726,9.562750250861328,1480120.0,21681906.0
2017-04-26,9.490948030547692,9.53664035256546,9.35387106449439,9.412618335660092,3476268.0,50250356.0
2017-04-27,9.412618335660092,9.412618335660092,8.531409268174576,9.034024810370019,8894327.0,121505392.0
2017-04-28,8.942640166334483,9.060134708665887,8.877365420594815,8.981805013778283,4203347.0,57627944.0
2017-05-02,8.96875006463035,9.053607234091919,8.851255522298949,8.903475318890683,3088336.0,42336424.0
2017-05-03,8.936112691760517,8.94916764090845,8.655431285079946,8.694596132523746,5028619.0,67624152.0
2017-05-04,8.701123607097713,8.896947844316717,8.583629064766312,8.785980776559281,4481209.0,60113704.0
2017-05-05,8.792508251133247,8.864310471446881,8.68806865794978,8.799035725707215,2982158.0,40218504.0
2017-05-08,8.779453301985313,8.792508251133247,8.635848861358046,8.661958759653912,2875458.0,38403276.0
2017-05-09,8.609738963062178,8.74681592911548,8.433497149565074,8.655431285079946,2974675.0,39293968.0
2017-05-10,8.681541183375813,8.733760979967547,8.36169492925144,8.36169492925144,3020292.0,39783980.0
2017-05-11,8.270310285215904,8.348639980103506,7.7676947430204635,8.15934321745847,4462234.0,55170992.0
2017-05-12,8.041848675127069,8.205035539476238,8.035321200553101,8.126705844588637,1516266.0,18924452.0
2017-05-15,8.15934321745847,8.276837759789872,8.120178370014669,8.17892564118037,2048807.0,25738298.0
2017-05-16,8.15934321745847,8.387804827547306,8.126705844588637,8.355167454677474,2139398.0,27047326.0
2017-05-17,8.34211250552954,8.675013708801846,8.335585030955572,8.492244420730776,2753284.0,35993876.0
2017-05-18,8.420442200417142,8.812090674855147,8.329057556381606,8.531409268174576,3278164.0,43229464.0
2017-05-19,8.557519166470444,8.583629064766312,8.387804827547306,8.511826844452676,1833834.0,23815372.0
2017-05-22,8.518354319026644,8.603211488488212,8.34211250552954,8.387804827547306,2440612.0,31419518.0
2017-05-23,8.348639980103506,8.355167454677474,8.17892564118037,8.205035539476238,2588908.0,32623740.0
2017-05-24,8.17892564118037,8.472661997008876,7.891716759925832,8.374749878399374,1922460.0,24033934.0
2017-05-25,8.224617963198138,8.440024624139042,8.165870692032437,8.420442200417142,4450495.0,56347316.0
2017-05-26,8.413914725843174,8.453079573286974,8.36169492925144,8.433497149565074,1317018.0,16956404.0
2017-05-31,8.518354319026644,8.609738963062178,8.283365234363838,8.283365234363838,1885331.0,24475494.0
2017-06-01,8.283365234363838,8.283365234363838,7.846024437908064,7.846024437908064,3882030.0,47907652.0
2017-06-02,7.7676947430204635,8.191980590328305,7.7220024210026965,8.094068471718803,2759758.0,33687724.0
2017-06-05,8.054903624275001,8.205035539476238,8.054903624275001,8.13976079373657,1014104.0,12636163.0
2017-06-06,8.13976079373657,8.250727861494005,8.094068471718803,8.211563014050205,1367234.0,17126790.0
2017-06-07,8.263782810641938,8.40085977669524,8.211563014050205,8.335585030955572,2209348.0,28186090.0
2017-06-08,8.34211250552954,8.46613452243491,8.335585030955572,8.426969674991108,2925995.0,37677752.0
2017-06-09,8.426969674991108,8.46613452243491,8.32253008180764,8.426969674991108,1777188.0,22817424.0
2017-06-12,8.30294765808574,8.407387251269208,8.126705844588637,8.146288268310537,1780962.0,22547828.0
2017-06-13,7.976573929387401,8.296420183511772,7.976573929387401,8.263782810641938,1859171.0,23374346.0
2017-06-14,8.19850806490227,8.446552098713008,8.172398166606403,8.394332302121274,2551974.0,32665638.0
2017-06-15,8.32253008180764,8.635848861358046,8.32253008180764,8.537936742748544,2914505.0,38035092.0
2017-06-16,8.505299369878708,8.622793912210112,8.446552098713008,8.56404664104441,3193432.0,41812912.0
2017-06-19,8.518354319026644,8.733760979967547,8.492244420730776,8.681541183375813,3064211.0,40596532.0
2017-06-20,8.681541183375813,8.701123607097713,8.583629064766312,8.622793912210112,2189485.0,28985508.0
2017-06-21,8.959358862210658,8.97955275896996,8.717032101099024,8.86512067733391,1559706.0,20490264.0
2017-06-22,8.858389378414143,8.885314574093213,8.629525215142046,8.649719111901348,1920461.0,24999412.0
2017-06-23,8.844926780574609,9.093984840606009,8.717032101099024,8.918971068692052,7285383.0,96503152.0
2017-06-26,8.858389378414143,9.046865748167637,8.770882492457165,9.046865748167637,3567054.0,47305036.0
2017-06-27,9.04013444924787,9.248804715760665,8.939164965451354,9.168029128723452,4169742.0,56327740.0
2017-06-28,9.154566530883917,9.154566530883917,8.939164965451354,9.0132092535688,2923826.0,39221120.0
2017-06-29,8.993015356809495,9.12091003628508,8.972821460050193,8.999746655729263,2021667.0,27149788.0
2017-06-30,8.999746655729263,9.255536014680432,8.986284057889728,9.100716139525776,2917145.0,39523584.0
2017-07-03,9.154566530883917,9.228610819001362,9.0132092535688,9.228610819001362,3142916.0,42592412.0
2017-07-04,9.188223025482756,9.23534211792113,9.100716139525776,9.154566530883917,1857334.0,25259646.0
2017-07-05,9.161297829803685,9.336311601717641,9.127641335204848,9.322849003878106,3396370.0,46655884.0
2017-07-06,9.322849003878106,9.383430694156015,9.174760427643221,9.349774199557178,3003458.0,41461924.0
2017-07-07,9.302655107118804,9.349774199557178,9.221879520081593,9.322849003878106,2419865.0,33391556.0
2017-07-10,9.322849003878106,9.349774199557178,9.12091003628508,9.141103933044382,2876644.0,39393936.0
2017-07-11,9.168029128723452,9.168029128723452,8.952627563290891,8.986284057889728,2592002.0,34902492.0
2017-07-12,8.986284057889728,9.019940552488567,8.67664430758042,8.86512067733391,3504427.0,45891628.0
2017-07-13,8.892045873012982,9.753652134743232,8.824732883815306,9.470937580112995,12173988.0,169674096.0
2017-07-14,9.336311601717641,9.410355889835087,9.12091003628508,9.349774199557178,7456722.0,102680216.0
2017-07-17,9.221879520081593,9.255536014680432,8.414123649709483,8.92570236761182,6463654.0,86435616.0
2017-07-18,8.770882492457165,8.966090161130426,8.770882492457165,8.878583275173446,2749221.0,36232796.0
2017-07-19,8.892045873012982,9.255536014680432,8.797807688136237,9.242073416840897,3722513.0,49959432.0
2017-07-20,9.242073416840897,9.336311601717641,9.134372634124615,9.302655107118804,4370620.0,59922384.0
2017-07-21,9.390161993075782,9.423818487674621,9.208416922242058,9.36996809631648,3549692.0,49103348.0
2017-07-24,9.316117704958339,9.571907063909508,9.23534211792113,9.558444466069972,4795767.0,67165904.0
2017-07-25,9.558444466069972,9.558444466069972,9.2622673136002,9.275729911439734,3833724.0,53288464.0
2017-07-26,9.275729911439734,9.295923808199037,8.952627563290891,9.087253541686241,4566735.0,61618028.0
2017-07-27,9.067059644926939,9.558444466069972,9.019940552488567,9.524787971471135,5638209.0,78164352.0
2017-07-28,9.437281085514156,9.544981868230437,9.383430694156015,9.423818487674621,3928900.0,55291820.0
2017-07-31,9.430549786594389,9.59210096066881,9.302655107118804,9.531519270390902,3891969.0,54550080.0
2017-08-01,9.524787971471135,9.53825056931067,9.390161993075782,9.5113253736316,3077414.0,43233648.0
2017-08-02,9.45747498227346,9.92866590665719,9.45747498227346,9.491131476872297,6629860.0,95292032.0
2017-08-03,9.423818487674621,9.524787971471135,9.295923808199037,9.329580302797874,3227708.0,44925168.0
2017-08-04,9.295923808199037,9.645951352026952,9.28919250927927,9.396893291995552,3566757.0,50141868.0
2017-08-07,9.309386406038572,9.524787971471135,9.309386406038572,9.423818487674621,1971274.0,27557832.0
2017-08-08,9.423818487674621,9.45747498227346,9.309386406038572,9.390161993075782,1854918.0,25842778.0
2017-08-09,9.356505498476945,9.48440017795253,9.100716139525776,9.188223025482756,2670551.0,36932536.0
2017-08-10,9.194954324402524,9.349774199557178,8.993015356809495,9.329580302797874,4154294.0,56610296.0
2017-08-11,9.255536014680432,9.255536014680432,9.019940552488567,9.033403150328102,2678600.0,36238184.0
2017-08-14,9.080522242766474,9.221879520081593,9.019940552488567,9.208416922242058,1920186.0,26146664.0
2017-08-15,9.174760427643221,9.248804715760665,9.12091003628508,9.208416922242058,1161996.0,15841943.0
2017-08-16,9.019940552488567,9.242073416840897,9.019940552488567,9.208416922242058,1907421.0,25980946.0
2017-08-17,9.228610819001362,9.322849003878106,9.161297829803685,9.309386406038572,2637360.0,36288460.0
2017-08-18,9.194954324402524,9.477668879032763,9.194954324402524,9.363236797396713,2505506.0,34754072.0
2017-08-21,9.396893291995552,9.518056672551367,9.36996809631648,9.470937580112995,2579701.0,36218332.0
2017-08-22,10.298887347244408,10.420050727800223,10.150798771009521,10.420050727800223,22650848.0,350020736.0
2017-08-23,10.09694837965138,10.26523085264557,9.713264341224628,9.767114732582767,21485316.0,317064256.0
2017-08-24,9.67960784662579,9.861352917459515,9.531519270390902,9.62575745526765,9624040.0,138271632.0
2017-08-25,9.558444466069972,9.753652134743232,9.558444466069972,9.645951352026952,7045324.0,101151504.0
2017-08-28,9.632488754187417,9.740189536903697,9.578638362829276,9.719995640144395,6566189.0,94389080.0
2017-08-29,9.713264341224628,9.713264341224628,9.491131476872297,9.524787971471135,6216478.0,88464448.0
2017-08-30,9.53825056931067,9.632488754187417,9.504594074711832,9.56517576498974,3468966.0,49266536.0
2017-08-31,9.585369661749043,9.612294857428113,9.497862775792065,9.544981868230437,3129501.0,44309824.0
2017-09-01,9.544981868230437,9.585369661749043,9.491131476872297,9.558444466069972,3705510.0,52494860.0
2017-09-04,9.544981868230437,9.693070444465326,9.53825056931067,9.645951352026952,5199379.0,74464080.0
2017-09-05,9.65268265094672,9.746920835823465,9.524787971471135,9.544981868230437,3833687.0,54652296.0
2017-09-06,9.524787971471135,9.524787971471135,9.34304290063741,9.430549786594389,5266294.0,73705632.0
2017-09-07,9.423818487674621,9.464206281193228,9.322849003878106,9.349774199557178,3817904.0,53272124.0
2017-09-08,9.34304290063741,9.437281085514156,9.322849003878106,9.430549786594389,4066201.0,56634864.0
2017-09-11,9.477668879032763,9.477668879032763,9.356505498476945,9.423818487674621,3310889.0,46311784.0
2017-09-12,9.423818487674621,9.464206281193228,9.356505498476945,9.390161993075782,3758997.0,52550152.0
2017-09-13,9.376699395236248,9.477668879032763,9.363236797396713,9.477668879032763,2635650.0,36955984.0
2017-09-14,9.477668879032763,9.491131476872297,9.363236797396713,9.383430694156015,2675099.0,37353240.0
2017-09-15,9.356505498476945,9.464206281193228,9.356505498476945,9.390161993075782,2169835.0,30298730.0
2017-09-18,9.390161993075782,9.450743683353691,9.363236797396713,9.437281085514156,1903097.0,26631610.0
2017-09-19,9.437281085514156,9.437281085514156,9.356505498476945,9.36996809631648,2080349.0,29038016.0
2017-09-20,9.450743683353691,9.65268265094672,9.444012384433924,9.639220053107184,8412299.0,119583640.0
2017-09-21,9.62575745526765,9.62575745526765,9.48440017795253,9.48440017795253,3983876.0,56419844.0
2017-09-22,9.48440017795253,9.53825056931067,9.208416922242058,9.28919250927927,5194770.0,71860080.0
2017-09-25,9.221879520081593,9.36996809631648,9.154566530883917,9.188223025482756,2333167.0,32091430.0
2017-09-26,9.161297829803685,9.221879520081593,8.932433666531587,8.993015356809495,3313900.0,44569640.0
2017-09-27,9.0132092535688,9.073790943846706,8.97955275896996,9.026671851408334,2602761.0,34841180.0
2017-09-28,9.019940552488567,9.046865748167637,8.97955275896996,9.006477954649032,1482603.0,19835582.0
2017-09-29,9.0132092535688,9.067059644926939,8.993015356809495,9.053597047087404,1592300.0,21357732.0
2017-10-09,9.154566530883917,9.208416922242058,9.073790943846706,9.134372634124615,2271706.0,30790160.0
2017-10-10,9.12091003628508,9.255536014680432,9.100716139525776,9.248804715760665,2309133.0,31562046.0
2017-10-11,9.23534211792113,9.275729911439734,9.154566530883917,9.194954324402524,3128700.0,42818096.0
2017-10-12,9.181491726562989,9.23534211792113,9.073790943846706,9.154566530883917,2106273.0,28708204.0
2017-10-13,9.154566530883917,9.228610819001362,9.127641335204848,9.228610819001362,1720252.0,23520852.0
2017-10-16,9.228610819001362,9.329580302797874,9.087253541686241,9.093984840606009,2949700.0,40521748.0
2017-10-17,9.093984840606009,9.12091003628508,8.959358862210658,9.019940552488567,1971861.0,26475886.0
2017-10-18,9.019940552488567,9.080522242766474,8.804538987056004,8.838195481654841,1975548.0,26238004.0
2017-10-19,8.838195481654841,8.878583275173446,8.629525215142046,8.656450410821115,1999070.0,25891898.0
2017-10-20,8.656450410821115,8.851658079494376,8.636256514061813,8.696838204339722,1537976.0,19990520.0
2017-10-23,8.717032101099024,8.811270285975771,8.690106905419954,8.79107638921647,1347176.0,17546298.0
2017-10-24,8.804538987056004,8.838195481654841,8.602600019462976,8.683375606500187,2419551.0,31274104.0
2017-10-25,8.669913008660652,8.777613791376933,8.629525215142046,8.696838204339722,2334200.0,30171606.0
2017-10-26,8.696838204339722,8.764151193537398,8.636256514061813,8.750688595697863,4140900.0,53470784.0
2017-10-27,8.743957296778095,8.743957296778095,8.602600019462976,8.609331318382743,3486202.0,44811788.0
2017-10-30,8.61606261730251,8.64298781298158,8.124677796159476,8.185259486437385,5800631.0,71239736.0
2017-10-31,8.185259486437385,8.259303774554828,8.17179688859785,8.218915981036224,2518901.0,30760928.0
2017-11-01,8.225647279955991,8.299691568073435,8.191990785357152,8.259303774554828,3849397.0,47132300.0
2017-11-02,8.266035073474596,8.266035073474596,8.131409095079245,8.151602991838548,3786374.0,46162308.0
2017-11-03,8.14487169291878,8.232378578875759,8.138140393999013,8.178528187517617,1733900.0,21088374.0
2017-11-06,8.19872208427692,8.218915981036224,8.111215198319941,8.14487169291878,2727552.0,33083630.0
2017-11-07,8.14487169291878,8.17179688859785,8.117946497239709,8.17179688859785,2472339.0,29909034.0
2017-11-08,8.185259486437385,8.279497671314132,8.151602991838548,8.191990785357152,3540749.0,43314044.0
2017-11-09,8.191990785357152,8.245841176715293,8.191990785357152,8.239109877795526,2139384.0,26148602.0
2017-11-10,8.245841176715293,8.447780144308322,8.19872208427692,8.407392350789715,4269171.0,53025768.0
2017-11-13,8.205453383196687,8.212184682116455,8.023708312362963,8.077558703721104,8476733.0,101999280.0
2017-11-14,8.037170910202498,8.070827404801337,7.916007529646682,7.94966402424552,4271692.0,50669184.0
2017-11-15,7.94966402424552,7.969857921004822,7.848694540449006,7.969857921004822,2578194.0,30288948.0
2017-11-16,7.916007529646682,7.983320518844358,7.909276230726914,7.909276230726914,1208672.0,14273724.0
2017-11-17,7.895813632887379,7.922738828566449,7.411160110664112,7.471741800942021,4689477.0,53453668.0
2017-11-20,7.438085306343184,7.4650105020222535,7.2496089365896905,7.438085306343184,3062862.0,33478488.0
2017-11-21,7.438085306343184,7.512129594460626,7.404428811744345,7.451547904182719,2309567.0,25614860.0
2017-11-22,7.451547904182719,7.525592192300161,7.451547904182719,7.525592192300161,1713067.0,19086776.0
2018-03-12,8.272766372394363,8.279497671314132,8.09102130156064,8.279497671314132,8151426.0,100069304.0
2018-03-13,8.333348062672272,8.656450410821115,8.131409095079245,8.131409095079245,15853290.0,197309392.0
2018-03-14,8.070827404801337,8.111215198319941,7.841963241529238,8.043902209122265,7665539.0,90551968.0
2018-03-15,7.9631266220850545,8.19872208427692,7.909276230726914,8.104483899400174,5421469.0,64573344.0
2018-03-16,8.104483899400174,8.104483899400174,7.942932725325752,7.9631266220850545,3153805.0,37561064.0
2018-03-19,7.936201426405984,8.03043961128273,7.889082333967612,7.956395323165287,2319708.0,27457424.0
2018-03-20,7.94966402424552,7.956395323165287,7.747725056652492,7.767918953411795,3783193.0,43770236.0
2018-03-21,7.875619736128076,8.097752600480407,7.841963241529238,7.922738828566449,5067805.0,60148256.0
2018-03-22,7.875619736128076,7.97658921992459,7.8083067469304,7.916007529646682,2673779.0,31390410.0
2018-03-23,7.61309907825714,7.734262458812957,7.276534132268761,7.606367779337373,7515436.0,83787064.0
2018-03-26,7.451547904182719,8.010245714523428,7.330384523626902,7.942932725325752,5446801.0,62213284.0
2018-03-27,7.9294701274862165,8.097752600480407,7.889082333967612,8.043902209122265,5540817.0,66149748.0
2018-03-28,7.942932725325752,8.19872208427692,7.895813632887379,8.19872208427692,5135046.0,61526380.0
2018-03-29,8.19872208427692,8.326616763752504,8.111215198319941,8.212184682116455,5148116.0,62911360.0
2018-03-30,8.191990785357152,8.39392975295018,8.14487169291878,8.306422866993202,4848881.0,59673132.0
2018-04-02,8.306422866993202,8.319885464832737,8.104483899400174,8.117946497239709,3393291.0,41291868.0
2018-04-03,8.016977013443196,8.19872208427692,7.990051817764125,8.03043961128273,2206327.0,26447050.0
2018-04-04,8.050633508042035,8.191990785357152,8.016977013443196,8.185259486437385,2302214.0,27707612.0
2018-04-09,8.084290002640872,8.212184682116455,8.06409610588157,8.124677796159476,1627993.0,19642532.0
2018-04-10,8.111215198319941,8.266035073474596,8.09102130156064,8.212184682116455,2020702.0,24598702.0
2018-04-11,8.205453383196687,8.266035073474596,8.09102130156064,8.124677796159476,2095802.0,25460252.0
2018-04-12,8.138140393999013,8.138140393999013,7.9294701274862165,7.97658921992459,2119800.0,25243188.0
2018-04-13,7.94966402424552,8.03043961128273,7.875619736128076,7.8823510350478445,1676013.0,19774880.0
2018-04-16,7.875619736128076,7.8823510350478445,7.592905181497837,7.700605964214119,3179675.0,36416596.0
2018-04-17,7.700605964214119,7.734262458812957,7.525592192300161,7.552517387979233,1864450.0,21100654.0
2018-04-18,7.6467555728559775,7.6467555728559775,7.41789140958388,7.518860893380394,2401927.0,26807406.0
2018-04-19,7.552517387979233,7.579442583658302,7.491935697701324,7.4986669966210915,2572054.0,28771152.0
2018-04-20,7.525592192300161,7.525592192300161,7.276534132268761,7.276534132268761,2951559.0,32362158.0
2018-04-23,7.276534132268761,7.296728029028063,7.061132566836198,7.222683740910621,1888873.0,20115266.0
2018-04-24,7.222683740910621,7.404428811744345,7.215952441990853,7.39096621390481,1483644.0,16171995.0
2018-04-25,7.350578420386205,7.424622708503647,7.256340235509458,7.397697512824577,1347156.0,14682731.0
2018-04-26,7.411160110664112,7.438085306343184,7.155370751712945,7.155370751712945,1385400.0,15063754.0
2018-04-27,7.195758545231549,7.357309719305972,7.16883334955248,7.2832654311885285,1255185.0,13570389.0
2018-05-02,7.357309719305972,7.458279203102486,7.323653224707135,7.364041018225739,1708734.0,18718432.0
2018-05-03,7.343847121466437,7.478473099861788,7.343847121466437,7.438085306343184,2011301.0,22152420.0
2018-05-04,7.444816605262951,7.4986669966210915,7.404428811744345,7.451547904182719,1470710.0,16279667.0
2018-05-07,7.471741800942021,7.525592192300161,7.411160110664112,7.512129594460626,1654201.0,18349294.0
2018-05-08,7.491935697701324,7.545786089059465,7.444816605262951,7.458279203102486,1915720.0,21287112.0
2018-05-09,7.4650105020222535,7.491935697701324,7.41789140958388,7.424622708503647,1518300.0,16778840.0
2018-05-10,7.41789140958388,7.505398295540859,7.41789140958388,7.431354007423415,1635303.0,18092270.0
2018-05-11,7.444816605262951,7.478473099861788,7.350578420386205,7.424622708503647,1550679.0,17042334.0
2018-05-14,7.411160110664112,7.458279203102486,7.377503616065275,7.41789140958388,1507000.0,16613966.0
2018-05-15,7.377503616065275,7.451547904182719,7.357309719305972,7.431354007423415,1337602.0,14687754.0
2018-05-16,7.431354007423415,7.431354007423415,7.195758545231549,7.209221143071086,2982928.0,32283368.0
2018-05-17,7.189027246311782,7.236146338750156,7.061132566836198,7.1015203603548045,2712129.0,28713340.0
2018-05-18,7.108251659274572,7.229415039830388,7.067863865755966,7.155370751712945,2371029.0,25186438.0
2018-05-21,7.1822959473920145,7.2832654311885285,7.1822959473920145,7.269802833348994,2807001.0,30134268.0
2018-05-22,7.2832654311885285,7.303459327947831,7.222683740910621,7.269802833348994,1956964.0,21107732.0
2018-05-23,7.2832654311885285,7.2832654311885285,7.16883334955248,7.16883334955248,1646000.0,17653402.0
2018-05-24,7.155370751712945,7.195758545231549,7.0813264635955,7.108251659274572,1787103.0,18914958.0
2018-05-25,7.040938670076896,7.128445556033874,7.007282175478058,7.054401267916431,1974576.0,20655756.0
2018-05-28,6.953431784119917,7.047669968996663,6.812074506804797,6.838999702483868,1905776.0,19647898.0
2018-05-29,6.845731001403635,6.872656197082707,6.6841798273292135,6.697642425168748,2379287.0,23903058.0
2018-05-30,6.697642425168748,6.731298919767586,6.24664539754432,6.307227087822228,3593901.0,34447360.0
2018-05-31,6.3206896856617645,6.394733973779207,6.280301892143158,6.334152283501299,2205912.0,20757504.0
2018-06-01,6.3206896856617645,6.340883582421067,6.1860637072664115,6.280301892143158,2059508.0,19181460.0
2018-06-04,6.280301892143158,6.334152283501299,6.233182799704785,6.266839294303623,1677176.0,15661519.0
2018-06-05,6.293764489982693,6.408196571618742,6.260107995383856,6.327420984581532,2250229.0,21151434.0
2018-06-06,6.327420984581532,6.347614881340834,6.260107995383856,6.313958386741997,2309248.0,21619844.0
2018-06-07,6.313958386741997,6.334152283501299,6.233182799704785,6.30049578890246,1939800.0,18118424.0
2018-06-08,6.293764489982693,6.334152283501299,6.266839294303623,6.327420984581532,2829600.0,26469684.0
2018-06-11,6.347614881340834,6.347614881340834,6.226451500785018,6.313958386741997,1824540.0,17073694.0
2018-06-12,6.327420984581532,6.354346180260602,6.253376696464088,6.354346180260602,2807390.0,26337236.0
2018-06-13,6.381271375939672,6.529359952174558,6.313958386741997,6.435121767297813,4251202.0,40652128.0
2018-06-14,6.462046962976883,6.61013553921177,6.394733973779207,6.5024347564954885,4831994.0,46836488.0
2018-06-15,6.515897354335023,6.515897354335023,6.206257604025716,6.428390468378046,5884992.0,55986228.0
2018-06-19,6.663985930569911,6.663985930569911,5.795648369919892,6.031243832111758,12688036.0,119626696.0
2018-06-20,5.7216040818024485,5.836036163438497,5.459083423931513,5.7889170710001245,7001305.0,59036400.0
2018-06-21,5.708141483962914,5.82930486451873,5.459083423931513,5.459083423931513,4162700.0,34870420.0
2018-06-22,5.358113940134999,5.459083423931513,5.028280293066387,5.411964331493139,2647942.0,20966880.0
2018-06-25,5.762276420735209,5.783724099720576,5.512053499239263,5.5406504045530856,2531724.0,19932508.0
2018-06-26,5.483456593925441,5.547799630881541,5.361919746341696,5.5406504045530856,2769928.0,21149310.0
2018-06-27,5.53350117822463,5.583545762523819,5.462008914940074,5.490605820253896,1670987.0,12932304.0
2018-06-28,5.512053499239263,5.919559399961232,5.462008914940074,5.640739573151464,3913911.0,31005974.0
2018-06-29,5.612142667837642,5.876664041990499,5.562098083538452,5.805171778705942,3487115.0,27963954.0
2018-07-02,5.783724099720576,5.790873326049032,5.662187252136831,5.690784157450653,2021800.0,16203956.0
2018-07-03,5.676485704793742,5.805171778705942,5.655038025808375,5.7765748733921205,1739524.0,13957218.0
2018-07-04,5.819470231362854,5.819470231362854,5.626441120494553,5.655038025808375,1358700.0,10854625.0
2018-07-05,5.669336478465286,5.676485704793742,5.454859688611618,5.462008914940074,1630100.0,12668301.0
2018-07-06,5.447710462283164,5.576396536195364,5.340472067356329,5.519202725567719,1650330.0,12664704.0
2018-07-09,5.562098083538452,5.590694988852275,5.5049042729108075,5.53350117822463,3248700.0,25133078.0
2018-07-10,5.569247309866908,5.690784157450653,5.519202725567719,5.53350117822463,3310780.0,25813794.0
2018-07-11,5.462008914940074,5.462008914940074,5.147442956488028,5.276129030400229,3506202.0,25980968.0
2018-07-12,5.29042748305714,5.490605820253896,5.233233672429495,5.454859688611618,2781119.0,21008952.0
2018-07-13,5.46915814126853,5.547799630881541,5.454859688611618,5.53350117822463,1709918.0,13164241.0
2018-07-16,5.5406504045530856,5.905260947304321,5.447710462283164,5.640739573151464,3131472.0,24751422.0
2018-07-17,5.590694988852275,5.619291894166097,5.46915814126853,5.547799630881541,2218013.0,17144576.0
2018-07-18,5.526351951896175,5.640739573151464,5.512053499239263,5.526351951896175,1774796.0,13791473.0
2018-07-19,5.547799630881541,5.547799630881541,5.4334120096262515,5.5049042729108075,1418800.0,10868564.0
2018-07-20,5.5049042729108075,5.655038025808375,5.383367425327063,5.640739573151464,3409833.0,26516750.0
2018-07-23,5.554948857209997,5.755127194406755,5.554948857209997,5.690784157450653,1705330.0,13509590.0
2018-07-24,5.690784157450653,6.0696931528588,5.655038025808375,5.969603984260421,5271747.0,43540224.0
2018-07-25,5.933857852618144,6.026797794888066,5.898111720975866,5.955305531603511,2536370.0,21123986.0
2018-07-26,5.898111720975866,6.026797794888066,5.898111720975866,6.0053501159027,2545900.0,21288882.0
2018-07-27,6.033947021216521,6.434303695610035,6.033947021216521,6.384259111310846,8705228.0,76463432.0
2018-07-30,6.319916074354746,6.319916074354746,6.148334642471811,6.18408077411409,2954900.0,25662880.0
2018-07-31,6.162633095128722,6.2126776794279115,6.055394700201889,6.18408077411409,2496136.0,21334096.0
2018-08-01,6.169782321457179,6.205528453099456,6.0053501159027,6.0053501159027,2365700.0,20182264.0
2018-08-02,5.948156305275055,5.991051663245789,5.655038025808375,5.862365589333587,3004600.0,24338468.0
2018-08-03,5.833768684019765,5.962454757931966,5.740828741749842,5.7765748733921205,1574048.0,12833656.0
2018-08-06,5.769425647063665,5.840917910348221,5.669336478465286,5.669336478465286,1661900.0,13378571.0
2018-08-07,5.662187252136831,5.82661945769131,5.662187252136831,5.82661945769131,2784730.0,22484296.0
2018-08-08,5.8123210050343985,5.883813268318955,5.669336478465286,5.726530289092931,3055700.0,24597640.0
2018-08-09,5.733679515421387,5.898111720975866,5.690784157450653,5.833768684019765,2802021.0,22831868.0
2018-08-10,5.8480671366766765,5.969603984260421,5.798022552377486,5.962454757931966,2367200.0,19545936.0
2018-08-13,5.8480671366766765,6.169782321457179,5.8480671366766765,6.076842379187255,4480800.0,37844744.0
2018-08-14,5.991051663245789,6.0696931528588,5.905260947304321,5.962454757931966,2001100.0,16735073.0
2018-08-15,5.962454757931966,5.998200889574244,5.733679515421387,5.769425647063665,2536100.0,20740628.0
2018-08-16,5.762276420735209,5.783724099720576,5.619291894166097,5.64788879947992,2163100.0,17228192.0
2018-08-17,5.683634931122198,5.7765748733921205,5.526351951896175,5.547799630881541,2050000.0,16107657.0
2018-08-20,5.5406504045530856,5.59784421518073,5.447710462283164,5.562098083538452,1377500.0,10665381.0
2018-08-21,5.554948857209997,5.726530289092931,5.554948857209997,5.655038025808375,1699400.0,13454707.0
2018-08-22,5.733679515421387,5.798022552377486,5.64788879947992,5.683634931122198,2728714.0,21809144.0
2018-08-23,5.626441120494553,5.7050826101075645,5.626441120494553,5.683634931122198,1305596.0,10350310.0
2018-08-24,5.619291894166097,5.719381062764476,5.619291894166097,5.669336478465286,1067261.0,8454507.0
2018-08-27,5.676485704793742,5.7765748733921205,5.655038025808375,5.769425647063665,1856261.0,14883236.0
2018-08-28,5.755127194406755,5.855216363005131,5.733679515421387,5.855216363005131,2046082.0,16623766.0
2018-08-29,5.855216363005131,5.919559399961232,5.71223183643602,5.833768684019765,3228140.0,26194928.0
2018-08-30,5.8480671366766765,5.862365589333587,5.740828741749842,5.740828741749842,1551680.0,12555753.0
2018-08-31,5.740828741749842,5.840917910348221,5.697933383779109,5.755127194406755,1519040.0,12241205.0
2018-09-03,5.7765748733921205,5.798022552377486,5.626441120494553,5.71223183643602,1390899.0,11080887.0
2018-09-04,5.71223183643602,5.8480671366766765,5.690784157450653,5.840917910348221,1800896.0,14575085.0
2018-09-05,5.862365589333587,5.876664041990499,5.783724099720576,5.790873326049032,1411640.0,11504256.0
2018-09-06,5.71223183643602,5.805171778705942,5.669336478465286,5.683634931122198,1687200.0,13549549.0
2018-09-07,5.683634931122198,5.8123210050343985,5.64788879947992,5.747977968078297,1193000.0,9583061.0
2018-09-10,5.747977968078297,5.783724099720576,5.604993441509186,5.626441120494553,1090201.0,8657588.0
2018-09-11,5.59784421518073,5.726530289092931,5.53350117822463,5.669336478465286,923500.0,7307680.0
2018-09-12,5.690784157450653,5.7765748733921205,5.662187252136831,5.733679515421387,1047926.0,8389016.0
2018-09-13,5.7765748733921205,5.855216363005131,5.733679515421387,5.805171778705942,1969489.0,15957787.0
2018-09-14,5.862365589333587,5.876664041990499,5.747977968078297,5.7765748733921205,1335626.0,10846283.0
2018-09-17,5.697933383779109,5.769425647063665,5.604993441509186,5.619291894166097,1346823.0,10685260.0
2018-09-18,5.612142667837642,5.941007078946599,5.576396536195364,5.883813268318955,4440526.0,36063232.0
2018-09-19,5.762276420735209,6.470049827252313,5.747977968078297,6.0053501159027,8568000.0,72285176.0
2018-09-20,6.026797794888066,6.105439284501077,5.89096249464741,5.905260947304321,4057186.0,33787600.0
2018-09-21,5.89096249464741,5.983902436917332,5.869514815662043,5.983902436917332,2557500.0,21254164.0
2018-09-25,5.919559399961232,6.076842379187255,5.905260947304321,5.919559399961232,2443100.0,20446318.0
2018-09-26,5.969603984260421,5.969603984260421,5.833768684019765,5.862365589333587,2079500.0,17129308.0
2018-09-27,5.876664041990499,5.876664041990499,5.719381062764476,5.719381062764476,2248900.0,18196300.0
2018-09-28,5.719381062764476,5.840917910348221,5.612142667837642,5.8123210050343985,1813900.0,14600697.0
2018-10-08,5.733679515421387,5.762276420735209,5.612142667837642,5.612142667837642,2064601.0,16373286.0
2018-10-09,5.612142667837642,5.690784157450653,5.612142667837642,5.662187252136831,858896.0,6790183.5
2018-10-10,5.662187252136831,5.719381062764476,5.633590346823008,5.64788879947992,1020300.0,8092272.0
2018-10-11,5.454859688611618,5.719381062764476,5.104547598517295,5.176039861801851,4607325.0,35059252.0
2018-10-12,5.176039861801851,5.176039861801851,4.797130866393704,5.161741409144939,4294285.0,30129338.0
2018-10-15,5.133144503831117,5.168890635473395,5.004458429918916,5.011607656247372,1963681.0,13931910.0
2018-10-16,5.04735378788965,5.090249145860383,4.840026224364437,4.854324677021348,1496764.0,10349271.0
2018-10-17,4.961563071948183,4.975861524605094,4.797130866393704,4.882921582335171,1590500.0,10840837.0
2018-10-18,4.890070808663626,4.890070808663626,4.754235508422971,4.761384734751426,1259981.0,8470280.0
2018-10-19,4.739937055766059,4.9258169403059044,4.646997113496137,4.911518487648993,1564031.0,10533430.0
2018-10-22,4.897220034992082,5.326173614699418,4.897220034992082,5.218935219772584,4902430.0,35094820.0
2018-10-23,5.176039861801851,5.211785993444129,5.011607656247372,5.04735378788965,2644902.0,18937094.0
2018-10-24,5.04735378788965,5.140293730159573,5.011607656247372,5.097398372188839,1600800.0,11370088.0
2018-10-25,4.825727771707526,5.040204561561194,4.825727771707526,5.040204561561194,1836010.0,12716056.0
2018-10-26,5.075950693203472,5.11169682484575,5.040204561561194,5.104547598517295,1100122.0,7805286.0
2018-10-29,5.083099919531928,5.11169682484575,5.004458429918916,5.040204561561194,1041200.0,7364948.0
2018-10-30,5.025906108904283,5.118846051174206,5.004458429918916,5.104547598517295,1339270.0,9527504.0
2018-11-08,5.519202725567719,5.612142667837642,5.376218198998607,5.612142667837642,18568270.0,145274016.0
2018-11-09,5.554948857209997,5.554948857209997,5.340472067356329,5.369068972670151,10994390.0,83431656.0
2018-11-12,5.361919746341696,5.462008914940074,5.311875162042506,5.447710462283164,7289655.0,55112740.0
2018-11-13,5.361919746341696,5.755127194406755,5.297576709385596,5.633590346823008,10574828.0,81956336.0
2018-11-14,5.633590346823008,5.683634931122198,5.526351951896175,5.554948857209997,5429625.0,42397084.0
2018-11-15,5.53350117822463,5.633590346823008,5.512053499239263,5.633590346823008,5948495.0,46520236.0
2018-11-16,5.640739573151464,5.998200889574244,5.626441120494553,5.790873326049032,9581553.0,77798736.0
2018-11-19,5.82661945769131,5.962454757931966,5.697933383779109,5.962454757931966,6152833.0,50331212.0
2018-11-20,5.912410173632776,6.105439284501077,5.8123210050343985,5.919559399961232,8011461.0,66843880.0
2018-11-21,5.755127194406755,6.026797794888066,5.755127194406755,6.0124993422311555,4888550.0,40371940.0
2018-11-22,6.041096247544977,6.277020716384012,6.01964856855961,6.098290058172622,5409458.0,46532004.0
2018-11-23,6.105439284501077,6.176931547785634,5.790873326049032,5.805171778705942,4277553.0,35441016.0
2018-11-26,5.855216363005131,6.041096247544977,5.805171778705942,6.026797794888066,4132028.0,34300960.0
2018-11-27,6.1411854161433554,6.198379226771,5.8123210050343985,5.862365589333587,4001595.0,33490408.0
2018-11-28,5.862365589333587,5.912410173632776,5.719381062764476,5.869514815662043,2716369.0,22072422.0
2018-11-29,5.948156305275055,5.948156305275055,5.733679515421387,5.798022552377486,2051310.0,16787676.0
2018-11-30,5.719381062764476,5.933857852618144,5.719381062764476,5.898111720975866,1664945.0,13580884.0
2018-12-03,5.998200889574244,6.176931547785634,5.998200889574244,6.105439284501077,4119542.0,35164348.0
2018-12-04,6.148334642471811,6.291319169040924,6.112588510829534,6.2126776794279115,3286735.0,28580268.0
2018-12-05,6.076842379187255,6.334214527011657,6.01964856855961,6.291319169040924,3304231.0,28814720.0
2018-12-06,6.291319169040924,6.319916074354746,6.062543926530345,6.062543926530345,2355300.0,20229912.0
2018-12-07,6.076842379187255,6.18408077411409,6.026797794888066,6.105439284501077,1244400.0,10592566.0
2018-12-10,5.991051663245789,6.062543926530345,5.933857852618144,5.969603984260421,1140172.0,9528541.0
2018-12-11,5.9767532105888765,6.105439284501077,5.962454757931966,6.062543926530345,1077500.0,9078830.0
2018-12-12,6.033947021216521,6.1197377371579895,6.033947021216521,6.098290058172622,821000.0,6987787.0
2018-12-13,6.112588510829534,6.18408077411409,6.062543926530345,6.098290058172622,1435200.0,12286657.0
2018-12-14,6.1197377371579895,6.1197377371579895,5.862365589333587,5.898111720975866,1279300.0,10711976.0
2018-12-17,5.898111720975866,6.105439284501077,5.840917910348221,6.0696931528588,1442650.0,12060007.0
2018-12-18,6.041096247544977,6.105439284501077,5.933857852618144,5.983902436917332,885100.0,7468824.0
2018-12-19,6.055394700201889,6.083991605515711,5.962454757931966,5.9767532105888765,943503.0,7937906.0
2018-12-20,6.0053501159027,6.0053501159027,5.862365589333587,5.905260947304321,868971.0,7184458.0
2018-12-21,5.876664041990499,5.89096249464741,5.690784157450653,5.755127194406755,1204800.0,9717489.0
2018-12-24,5.747977968078297,5.840917910348221,5.719381062764476,5.762276420735209,821782.0,6628353.0
2018-12-25,5.7050826101075645,5.769425647063665,5.53350117822463,5.719381062764476,1714200.0,13586400.0
2018-12-26,5.655038025808375,5.948156305275055,5.64788879947992,5.733679515421387,781282.0,6262260.0
2018-12-27,5.8480671366766765,5.862365589333587,5.59784421518073,5.633590346823008,992782.0,7964629.5
2018-12-28,5.633590346823008,5.790873326049032,5.619291894166097,5.7765748733921205,1478778.0,11809035.0
2019-01-02,5.7765748733921205,5.7765748733921205,5.690784157450653,5.7765748733921205,832100.0,6673425.0
2019-01-03,5.7765748733921205,5.876664041990499,5.740828741749842,5.755127194406755,1349000.0,10984133.0
2019-01-04,5.7050826101075645,6.0053501159027,5.64788879947992,6.0053501159027,1964278.0,16112790.0
2019-01-07,6.0053501159027,6.205528453099456,5.948156305275055,6.155483868800267,2602878.0,22265990.0
2019-01-08,6.1340361898149,6.162633095128722,6.083991605515711,6.148334642471811,1538200.0,13176403.0
2019-01-09,6.148334642471811,6.277020716384012,6.0053501159027,6.01964856855961,2066700.0,17648752.0
2019-01-10,6.0696931528588,6.098290058172622,5.983902436917332,6.0053501159027,1365700.0,11527460.0
2019-01-11,6.098290058172622,6.18408077411409,6.01964856855961,6.1197377371579895,1684074.0,14376203.0
2019-01-14,6.083991605515711,6.18408077411409,6.033947021216521,6.1197377371579895,1129216.0,9671656.0
2019-01-15,6.1340361898149,6.277020716384012,6.055394700201889,6.269871490055556,2168300.0,18843976.0
2019-01-16,6.269871490055556,6.277020716384012,6.1340361898149,6.162633095128722,1604600.0,13864360.0
2019-01-17,6.191230000442545,6.191230000442545,5.962454757931966,6.01964856855961,1413901.0,11952699.0
2019-01-18,6.01964856855961,6.112588510829534,5.933857852618144,6.083991605515711,1722677.0,14504264.0
2019-01-21,6.055394700201889,6.176931547785634,6.0053501159027,6.091140831844166,967258.0,8234040.5
2019-01-22,6.055394700201889,6.148334642471811,6.0124993422311555,6.041096247544977,1060057.0,9014756.0
2019-01-23,6.055394700201889,6.241274584741735,6.01964856855961,6.241274584741735,1881600.0,16190273.0
2019-01-24,6.169782321457179,6.348512979668569,6.1197377371579895,6.255573037398645,2947200.0,25861940.0
2019-01-25,6.277020716384012,6.284169942712467,6.148334642471811,6.169782321457179,1540596.0,13364389.0
2019-01-28,6.169782321457179,6.2126776794279115,6.105439284501077,6.1340361898149,1040700.0,8955275.0
2019-01-29,6.112588510829534,6.169782321457179,5.898111720975866,6.026797794888066,2086466.0,17529512.0
2019-01-30,6.0053501159027,6.055394700201889,5.905260947304321,5.912410173632776,1325900.0,11065149.0
2019-01-31,6.0053501159027,6.405706790296214,5.941007078946599,6.148334642471811,3644200.0,31254574.0
2019-02-01,6.1340361898149,6.2484238110701895,6.0053501159027,6.148334642471811,3935400.0,33840404.0
2019-02-11,6.18408077411409,6.398557563967756,6.126886963486445,6.398557563967756,6304205.0,55222204.0
2019-02-12,6.398557563967756,6.420005242953124,6.305617621697834,6.369960658653935,3808146.0,33866612.0
2019-02-13,6.334214527011657,6.663078938120615,6.319916074354746,6.570138995850691,6766804.0,61771864.0
2019-02-14,6.541542090536869,6.60588512749297,6.462900600923857,6.570138995850691,3313822.0,30269486.0
2019-02-15,6.541542090536869,6.577288222179146,6.50579595889459,6.5558405431937805,2175956.0,19887556.0
2019-02-18,6.5558405431937805,6.720272748748259,6.548691316865325,6.720272748748259,4152313.0,38637164.0
2019-02-19,6.713123522419804,6.727421975076715,6.448602148266946,6.520094411551502,5182566.0,47703340.0
2019-02-20,6.520094411551502,6.627332806478336,6.455751374595401,6.577288222179146,2796933.0,25606548.0
2019-02-21,6.562989769522235,6.67022816444907,6.498646732566136,6.541542090536869,3173233.0,29101360.0
2019-02-22,6.748869654062081,6.970495670244205,6.5915866748360585,6.691675843434436,7370519.0,69027152.0
2019-02-25,6.691675843434436,7.0491371598572155,6.627332806478336,6.991943349229571,8862149.0,84585632.0
2019-02-26,6.963346443915749,6.970495670244205,6.770317333047449,6.841809596332004,8491530.0,81524456.0
2019-02-27,6.791765012032815,6.899003406959649,6.584437448507603,6.663078938120615,5793873.0,54915584.0
2019-02-28,6.691675843434436,6.770317333047449,6.663078938120615,6.7560188803905366,2921716.0,27468628.0
2019-03-01,6.784615785704359,6.791765012032815,6.663078938120615,6.705974296091348,2839437.0,26706326.0
2019-03-04,6.770317333047449,7.034838707200305,6.705974296091348,6.863257275317371,6847571.0,65878960.0
2019-03-05,6.934749538601927,7.413747702608451,6.934749538601927,7.22071859174015,12861725.0,128495736.0
2019-03-06,7.277912402367795,7.28506162869625,7.077734065171039,7.177823233769416,7033011.0,70305384.0
2019-03-07,7.142077102127139,7.277912402367795,7.084883291499494,7.27076317603934,8143414.0,81994832.0
2019-03-08,7.099181744156406,7.184972460097873,6.7560188803905366,6.791765012032815,8007491.0,78327288.0
2019-03-11,6.720272748748259,7.006241801886484,6.720272748748259,7.006241801886484,5538054.0,53288404.0
2019-03-12,7.034838707200305,7.227867818068606,7.006241801886484,7.192121686426328,7381916.0,73801776.0
2019-03-13,7.192121686426328,7.306509307681618,7.070584838842583,7.142077102127139,7815772.0,78553976.0
2019-03-14,7.063435612514128,7.227867818068606,6.806063464689726,6.91330185961656,4706419.0,46081856.0
2019-03-15,6.97764489657266,7.041987933528761,6.848958822660459,6.970495670244205,3500100.0,34065384.0
2019-03-18,6.991943349229571,7.313658534010074,6.91330185961656,7.2636139497108845,5759220.0,57547024.0
2019-03-19,7.2636139497108845,7.2636139497108845,7.099181744156406,7.170674007440961,4963783.0,49694268.0
2019-03-20,7.20642013908324,7.478090739564553,7.163524781112505,7.435195381593819,10100993.0,103388848.0
2019-03-21,7.4995384185499185,7.4995384185499185,7.33510621299544,7.363703118309263,6725444.0,69545208.0
2019-03-22,7.342255439323895,7.506687644878374,7.327956986666984,7.492389192221464,6654009.0,69169688.0
2019-03-25,7.39944924995154,7.449493834250729,7.277912402367795,7.277912402367795,5837441.0,60174148.0
2019-03-26,7.277912402367795,7.3565538919808064,7.077734065171039,7.099181744156406,5477529.0,55220672.0
2019-03-27,7.134927875798684,7.163524781112505,6.949047991258839,7.120629423141772,4150687.0,40874128.0
2019-03-28,7.149226328455595,7.320807760338529,7.020540254543394,7.2636139497108845,5585271.0,56294884.0
2019-03-29,6.97764489657266,7.020540254543394,6.5558405431937805,6.856108048988915,11545192.0,109843288.0
2019-04-01,6.813212691018181,7.013391028214938,6.770317333047449,6.999092575558026,8922620.0,86466280.0
2019-04-02,7.056286386185671,7.199270912754784,6.934749538601927,7.127778649470228,7883295.0,78253264.0
2019-04-03,7.120629423141772,7.170674007440961,6.999092575558026,7.063435612514128,8018600.0,79370696.0
2019-04-04,7.063435612514128,7.149226328455595,6.941898764930383,6.999092575558026,7883119.0,77712224.0
2019-04-08,7.09203251782795,7.57817990816293,7.070584838842583,7.542433776520653,23805152.0,243568432.0
2019-04-09,7.442344607922274,7.4995384185499185,7.20642013908324,7.313658534010074,14948264.0,152584768.0
2019-04-10,7.235017044397061,7.277912402367795,7.120629423141772,7.199270912754784,7519457.0,75622392.0
2019-04-11,7.199270912754784,7.249315497053973,7.013391028214938,7.0276894808718495,6434243.0,64069104.0
2019-04-12,6.999092575558026,7.077734065171039,6.9561972175872935,7.041987933528761,3865432.0,37916900.0
2019-04-15,7.10633097048486,7.170674007440961,6.91330185961656,6.91330185961656,4929150.0,48641392.0
2019-04-16,6.870406501645826,7.09203251782795,6.79891423836127,7.070584838842583,5206607.0,50369004.0
2019-04-17,7.034838707200305,7.120629423141772,6.984794122901116,7.0491371598572155,4987000.0,49187028.0
2019-04-18,7.0491371598572155,7.0491371598572155,6.927600312273471,6.934749538601927,3936770.0,38465828.0
2019-04-19,6.970495670244205,7.020540254543394,6.863257275317371,7.020540254543394,3486670.0,33920948.0
2019-04-22,7.056286386185671,7.056286386185671,6.949047991258839,6.949047991258839,4020875.0,39366012.0
2019-04-23,6.949047991258839,6.949047991258839,6.834660370003549,6.834660370003549,3050940.0,29358044.0
2019-04-24,6.8275111436750935,6.870406501645826,6.634482032806791,6.7560188803905366,4229470.0,39681576.0
2019-04-25,6.73457120140517,6.73457120140517,6.391408337639302,6.405706790296214,4905400.0,44879484.0
2019-04-26,6.384259111310846,6.434303695610035,6.234125358413279,6.234125358413279,3083760.0,27406004.0
2019-04-29,6.234125358413279,6.291319169040924,5.755127194406755,5.819470231362854,6515900.0,54411048.0
2019-04-30,5.8123210050343985,5.955305531603511,5.8123210050343985,5.898111720975866,2999158.0,24688168.0
2019-05-06,5.726530289092931,5.798022552377486,5.376218198998607,5.46915814126853,4087398.0,31988706.0
2019-05-07,5.490605820253896,5.626441120494553,5.4334120096262515,5.53350117822463,3071877.0,23775278.0
2019-05-08,5.4334120096262515,5.633590346823008,5.383367425327063,5.5049042729108075,2098842.0,16209768.0
2019-05-09,5.46915814126853,5.526351951896175,5.447710462283164,5.476307367596985,1568100.0,12038299.0
2019-05-10,5.526351951896175,5.676485704793742,5.462008914940074,5.633590346823008,2988651.0,23410456.0
2019-05-13,5.619291894166097,5.676485704793742,5.562098083538452,5.640739573151464,1717304.0,13505704.0
2019-05-14,5.583545762523819,5.669336478465286,5.547799630881541,5.626441120494553,1804102.0,14214148.0
2019-05-15,5.662187252136831,5.726530289092931,5.64788879947992,5.7050826101075645,1671422.0,13310154.0
2019-05-16,5.7050826101075645,5.740828741749842,5.662187252136831,5.719381062764476,1853720.0,14798645.0
2019-05-17,5.8123210050343985,5.8123210050343985,5.497755046582353,5.5049042729108075,2763767.0,21786472.0
2019-05-20,5.53350117822463,5.554948857209997,5.369068972670151,5.512053499239263,1621700.0,12384172.0
2019-05-21,5.547799630881541,5.633590346823008,5.490605820253896,5.583545762523819,2084304.0,16222885.0
2019-05-22,5.612142667837642,5.64788879947992,5.53350117822463,5.569247309866908,1687300.0,13195404.0
2019-05-23,5.719381062764476,5.719381062764476,5.462008914940074,5.483456593925441,2105321.0,16356406.0
2019-05-24,5.462008914940074,5.526351951896175,5.404815104312429,5.4334120096262515,1223582.0,9325432.0
2019-05-27,5.483456593925441,5.5406504045530856,5.383367425327063,5.526351951896175,1897200.0,14545341.0
2019-05-28,5.519202725567719,5.59784421518073,5.440561235954708,5.490605820253896,2405200.0,18650256.0
2019-05-29,5.454859688611618,5.53350117822463,5.419113556969341,5.497755046582353,1496202.0,11522871.0
2019-05-30,5.476307367596985,5.497755046582353,5.369068972670151,5.426262783297796,2037193.0,15436962.0
2019-05-31,5.419113556969341,5.46915814126853,5.383367425327063,5.404815104312429,1037878.0,7881852.0
2019-06-03,5.419113556969341,5.440561235954708,5.276129030400229,5.297576709385596,2052084.0,15321701.0
2019-06-04,5.283278256728684,5.297576709385596,5.147442956488028,5.161741409144939,2057024.0,14971123.0
2019-06-05,5.211785993444129,5.276129030400229,5.147442956488028,5.176039861801851,1289633.0,9385477.0
2019-06-06,5.183189088130306,5.183189088130306,5.054503014218105,5.0688014668750165,1517588.0,10856040.0
2019-06-10,5.097398372188839,5.147442956488028,5.083099919531928,5.11169682484575,1121302.0,8028055.5
2019-06-11,5.097398372188839,5.283278256728684,5.083099919531928,5.276129030400229,2356801.0,17212030.0
2019-06-12,5.283278256728684,5.326173614699418,5.247532125086407,5.297576709385596,1864646.0,13776343.0
2019-06-13,5.297576709385596,5.369068972670151,5.254681351414861,5.361919746341696,1529111.0,11411442.0
2019-06-14,5.354770520013241,5.383367425327063,5.233233672429495,5.254681351414861,1312456.0,9718734.0
2019-06-17,5.319024388370963,5.369068972670151,5.233233672429495,5.297576709385596,1653857.0,12214843.0
2019-06-18,5.276129030400229,5.361919746341696,5.247532125086407,5.297576709385596,1276555.0,9431652.0
2019-06-19,5.361919746341696,5.419113556969341,5.347621293684785,5.361919746341696,1695634.0,12755164.0
2019-06-20,5.369068972670151,5.483456593925441,5.3047259357140515,5.476307367596985,2691722.0,20451834.0
2019-06-21,5.476307367596985,5.554948857209997,5.454859688611618,5.512053499239263,2285417.0,17605338.0
2019-06-24,5.512053499239263,5.59784421518073,5.476307367596985,5.569247309866908,1763858.0,13650225.0
2019-06-25,5.512053499239263,5.612142667837642,5.512053499239263,5.612142667837642,2190516.0,17051396.0
2019-06-26,5.633590346823008,5.633590346823008,5.53350117822463,5.5406504045530856,1192262.0,9284360.0
2019-06-27,5.562098083538452,5.633590346823008,5.53350117822463,5.569247309866908,1783810.0,13914838.0
2019-06-28,5.562098083538452,5.569247309866908,5.4334120096262515,5.46915814126853,1450300.0,11139761.0
2019-07-01,5.547799630881541,5.640739573151464,5.53350117822463,5.604993441509186,1745268.0,13681069.0
2019-07-02,5.626441120494553,5.640739573151464,5.569247309866908,5.604993441509186,1216900.0,9558371.0
2019-07-03,5.612142667837642,5.633590346823008,5.526351951896175,5.590694988852275,1308500.0,10195709.0
2019-07-04,5.5406504045530856,5.619291894166097,5.5049042729108075,5.5406504045530856,1062900.0,8253820.0
2019-07-05,5.576396536195364,5.676485704793742,5.554948857209997,5.633590346823008,1365340.0,10724218.0
2019-07-08,5.633590346823008,6.198379226771,5.390516651655519,6.198379226771,12220581.0,103954176.0
2019-07-09,6.148334642471811,6.5558405431937805,5.991051663245789,6.384259111310846,19518632.0,171602192.0
2019-07-10,6.083991605515711,6.219826905756367,5.876664041990499,5.905260947304321,10476577.0,88741280.0
2019-07-11,5.905260947304321,6.033947021216521,5.740828741749842,6.026797794888066,8543274.0,70619048.0
2019-07-12,5.941007078946599,6.148334642471811,5.912410173632776,6.01964856855961,6842632.0,57584504.0
2019-07-15,5.862365589333587,5.983902436917332,5.762276420735209,5.933857852618144,5146902.0,42289312.0
2019-07-16,5.876664041990499,5.919559399961232,5.8123210050343985,5.898111720975866,3910454.0,32046966.0
2019-07-17,5.89096249464741,6.18408077411409,5.883813268318955,6.1411854161433554,9483109.0,80594648.0
2019-07-18,6.041096247544977,6.0696931528588,5.833768684019765,5.8480671366766765,6549800.0,54310512.0
2019-07-19,5.82661945769131,5.926708626289687,5.726530289092931,5.755127194406755,3952369.0,32206786.0
2019-07-22,5.755127194406755,5.790873326049032,5.411964330640886,5.4334120096262515,3877167.0,29931746.0
2019-07-23,5.440561235954708,5.490605820253896,5.390516651655519,5.490605820253896,1482556.0,11307552.0
2019-07-24,5.483456593925441,5.569247309866908,5.454859688611618,5.554948857209997,2227764.0,17239872.0
2019-07-25,5.512053499239263,5.562098083538452,5.476307367596985,5.483456593925441,1854501.0,14281777.0
2019-07-26,5.46915814126853,5.512053499239263,5.440561235954708,5.490605820253896,1506000.0,11539066.0
2019-07-29,5.476307367596985,5.519202725567719,5.440561235954708,5.46915814126853,1135000.0,8688085.0
2019-07-30,5.476307367596985,5.576396536195364,5.440561235954708,5.526351951896175,1596100.0,12288117.0
2019-07-31,5.483456593925441,5.526351951896175,5.440561235954708,5.476307367596985,1095658.0,8389653.0
2019-08-01,5.3976658779839735,5.3976658779839735,5.218935219772584,5.254681351414861,3524279.0,25997320.0
2019-08-02,5.118846051174206,5.240382898757951,5.118846051174206,5.161741409144939,2049068.0,14765233.0
2019-08-05,5.161741409144939,5.183189088130306,5.104547598517295,5.11169682484575,1231700.0,8844315.0
2019-08-06,4.9973092035904605,5.004458429918916,4.782832413736793,4.882921582335171,3304285.0,22631952.0
2019-08-07,4.882921582335171,4.961563071948183,4.825727771707526,4.832876998035982,1611200.0,10992016.0
2019-08-08,4.832876998035982,4.947264619291271,4.797130866393704,4.940115392962816,2034513.0,13928908.0
2019-08-09,4.940115392962816,4.968712298276638,4.832876998035982,4.86862312967826,1372616.0,9410582.0
2019-08-12,4.918667713977449,4.940115392962816,4.825727771707526,4.940115392962816,882213.0,6057894.5
2019-08-13,4.940115392962816,4.940115392962816,4.847175450692894,4.86862312967826,1012780.0,6905690.5
2019-08-14,4.9043692613205385,4.947264619291271,4.832876998035982,4.890070808663626,1108900.0,7602547.0
2019-08-15,4.725638603109148,5.0330553352327385,4.661295566153047,4.975861524605094,2320800.0,15720750.0
2019-08-16,4.947264619291271,4.9973092035904605,4.9258169403059044,4.932966166634361,1347414.0,9349761.0
2019-08-19,4.961563071948183,5.075950693203472,4.940115392962816,5.061652240546561,1442521.0,10150201.0
2019-08-20,5.075950693203472,5.133144503831117,5.040204561561194,5.04735378788965,1359500.0,9654080.0
2019-08-21,5.04735378788965,5.118846051174206,5.011607656247372,5.075950693203472,1109900.0,7879623.0
2019-08-22,5.11169682484575,5.118846051174206,4.975861524605094,5.118846051174206,1455104.0,10351380.0
2019-08-23,5.612420648184538,5.723872973113026,5.612420648184538,5.636303289240643,1346400.0,9564193.0
2019-08-26,5.56465536607233,5.938816742617965,5.461163921495877,5.771638255225234,3353741.0,24235044.0
2019-08-27,5.7477556141691295,5.843286178393547,5.699990332056921,5.819403537337442,2587000.0,18812212.0
2019-08-28,5.827364417689478,5.8353252980415125,5.7477556141691295,5.7636773748731995,1464401.0,10616839.0
2019-08-29,5.7636773748731995,5.819403537337442,5.692029451704887,5.7636773748731995,1663300.0,12042280.0
2019-08-30,5.803481776633373,5.827364417689478,5.636303289240643,5.71591209276099,1824200.0,13170918.0
2019-09-02,5.692029451704887,5.859207939097617,5.596498887480469,5.8512470587455825,2139640.0,15596361.0
2019-09-03,5.970660264026105,5.970660264026105,5.8353252980415125,5.883090580153722,1991600.0,14673001.0
2019-09-04,5.8512470587455825,5.906973221209826,5.8353252980415125,5.883090580153722,1601200.0,11808067.0
2019-09-05,5.899012340857792,5.986582024730174,5.891051460505756,5.906973221209826,2594141.0,19353792.0
2019-09-06,5.978621144378139,5.978621144378139,5.883090580153722,5.906973221209826,1641900.0,12195006.0
2019-09-09,5.9547385033220355,6.0423081871944175,5.938816742617965,6.034347306842383,2854100.0,21478236.0
2019-09-10,6.026386426490348,6.090073469306627,5.978621144378139,6.074151708602557,2177941.0,16539574.0
2019-09-11,6.066190828250522,6.090073469306627,5.994542905082209,6.026386426490348,2004500.0,15182886.0
2019-09-12,6.034347306842383,6.066190828250522,5.938816742617965,6.058229947898488,2266601.0,17118336.0
2019-09-16,6.066190828250522,6.090073469306627,5.9547385033220355,6.002503785434244,1936506.0,14678072.0
2019-09-17,6.002503785434244,6.010464665786278,5.787560015929303,5.827364417689478,2915203.0,21548606.0
2019-09-18,5.843286178393547,5.891051460505756,5.811442656985408,5.8512470587455825,1577100.0,11584790.0
2019-09-19,5.8512470587455825,5.930855862265931,5.843286178393547,5.914934101561861,1157400.0,8559278.0
2019-09-20,5.914934101561861,5.978621144378139,5.875129699801687,5.9547385033220355,1899504.0,14150347.0
2019-09-23,5.96269938367407,5.96269938367407,5.755716494521165,5.8353252980415125,2552502.0,18685242.0
2019-09-24,5.8353252980415125,5.859207939097617,5.692029451704887,5.739794733817095,2830800.0,20549764.0
2019-09-25,5.755716494521165,5.755716494521165,5.580577126776399,5.604459767832504,2260295.0,16015339.0
2019-09-26,5.612420648184538,5.660185930296747,5.477085682199946,5.477085682199946,1960100.0,13644061.0
2019-09-27,5.485046562551981,5.668146810648782,5.4532030411438415,5.636303289240643,1672845.0,11779138.0
2019-09-30,5.620381528536573,5.684068571352851,5.588538007128434,5.604459767832504,871000.0,6164638.0
2019-10-08,5.604459767832504,5.7636773748731995,5.596498887480469,5.676107691000817,1335400.0,9524993.0
2019-10-09,5.668146810648782,5.676107691000817,5.5726162464243645,5.652225049944712,1296500.0,9159682.0
2019-10-10,5.707951212408956,5.795520896281339,5.636303289240643,5.779599135577269,2098902.0,15173279.0
2019-10-11,5.811442656985408,5.819403537337442,5.73183385346506,5.787560015929303,1530103.0,11102893.0
2019-10-14,5.795520896281339,5.914934101561861,5.787560015929303,5.8512470587455825,1487950.0,10938872.0
2019-10-15,5.859207939097617,5.867168819449652,5.7636773748731995,5.771638255225234,1116985.0,8120716.0
2019-10-16,5.795520896281339,5.899012340857792,5.787560015929303,5.827364417689478,2140075.0,15765012.0
2019-10-17,5.811442656985408,5.906973221209826,5.779599135577269,5.803481776633373,862200.0,6313811.0
2019-10-18,5.811442656985408,5.8512470587455825,5.692029451704887,5.73183385346506,1028900.0,7465973.0
2019-10-21,5.596498887480469,5.723872973113026,5.596498887480469,5.660185930296747,1144324.0,8126917.5
2019-10-22,5.71591209276099,5.819403537337442,5.612420648184538,5.803481776633373,2833800.0,20422600.0
2019-10-23,5.787560015929303,5.795520896281339,5.652225049944712,5.668146810648782,1629701.0,11701959.0
2019-10-24,5.71591209276099,5.71591209276099,5.636303289240643,5.668146810648782,1079240.0,7695862.0
2019-10-25,5.660185930296747,5.739794733817095,5.652225049944712,5.692029451704887,916458.0,6555033.0
2019-10-28,5.71591209276099,5.811442656985408,5.707951212408956,5.803481776633373,1280700.0,9289507.0
2019-10-29,5.819403537337442,5.875129699801687,5.755716494521165,5.7636773748731995,1671100.0,12203747.0
2019-10-30,5.73183385346506,5.771638255225234,5.660185930296747,5.676107691000817,1621500.0,11582665.0
2019-10-31,5.652225049944712,5.71591209276099,5.604459767832504,5.604459767832504,1279800.0,9067140.0
2019-11-01,5.620381528536573,5.636303289240643,5.54873360536826,5.596498887480469,1245783.0,8757254.0
2019-11-04,5.588538007128434,5.620381528536573,5.5566944857202945,5.56465536607233,1625057.0,11385518.0
2019-11-05,5.54873360536826,5.5726162464243645,5.500968323256051,5.53281184466419,1425798.0,9914588.0
2019-11-06,5.53281184466419,5.56465536607233,5.477085682199946,5.500968323256051,1100041.0,7619139.5
2019-11-07,5.500968323256051,5.524850964312155,5.4691248018479115,5.516890083960121,966400.0,6677024.0
2019-11-08,5.524850964312155,5.692029451704887,5.516890083960121,5.5566944857202945,1480900.0,10388234.0
2019-11-11,5.524850964312155,5.53281184466419,5.421359519735702,5.4532030411438415,1741509.0,11927650.0
2019-11-12,5.4691248018479115,5.4691248018479115,5.341750716215355,5.405437759031633,1145200.0,7760732.5
2019-11-13,5.405437759031633,5.405437759031633,5.357672476919425,5.397476878679599,628035.0,4241164.0
2019-11-14,5.365633357271459,5.421359519735702,5.341750716215355,5.3815551179755285,756644.0,5106288.0
2019-11-15,5.373594237623494,5.771638255225234,5.349711596567389,5.437281280439772,3528941.0,24660808.0
2019-11-18,5.437281280439772,5.54873360536826,5.413398639383668,5.477085682199946,1623126.0,11167505.0
2019-11-19,5.4532030411438415,5.516890083960121,5.429320400087738,5.508929203608085,1205342.0,8300497.5
2019-11-20,5.516890083960121,5.5566944857202945,5.4691248018479115,5.53281184466419,1653598.0,11456015.0
2019-11-21,5.500968323256051,5.54873360536826,5.493007442904016,5.516890083960121,989100.0,6858374.0
2019-11-22,5.508929203608085,5.5726162464243645,5.429320400087738,5.485046562551981,1320500.0,9120533.0
2019-11-25,5.485046562551981,5.516890083960121,5.421359519735702,5.508929203608085,674600.0,4646937.0
2019-11-26,5.53281184466419,5.580577126776399,5.493007442904016,5.508929203608085,905600.0,6288094.0
2019-11-27,5.508929203608085,5.53281184466419,5.445242160791807,5.461163921495877,762000.0,5249580.0
2019-11-28,5.4691248018479115,5.500968323256051,5.397476878679599,5.429320400087738,686300.0,4684852.0
2019-11-29,5.405437759031633,5.461163921495877,5.365633357271459,5.429320400087738,746100.0,5058563.0
2019-12-02,5.413398639383668,5.485046562551981,5.405437759031633,5.4532030411438415,701206.0,4804166.0
2019-12-03,5.4691248018479115,5.5566944857202945,5.301946314455181,5.413398639383668,7788506.0,52695300.0
2019-12-04,5.31786807515925,5.31786807515925,5.198454869878728,5.254181032342972,6897580.0,45413720.0
2019-12-05,5.238259271638903,5.2780636733990764,5.222337510934833,5.254181032342972,2843380.0,18766752.0
2019-12-06,5.254181032342972,5.325828955511286,5.238259271638903,5.31786807515925,2290221.0,15219047.0
2019-12-09,5.31786807515925,5.3815551179755285,5.301946314455181,5.373594237623494,2001247.0,13441820.0
2019-12-10,5.365633357271459,5.373594237623494,5.33378983586332,5.341750716215355,1625000.0,10914213.0
2019-12-11,5.33378983586332,5.373594237623494,5.325828955511286,5.325828955511286,1062647.0,7138600.5
2019-12-12,5.31786807515925,5.341750716215355,5.270102793047042,5.270102793047042,1339100.0,8922119.0
2019-12-13,5.2939854341031465,5.365633357271459,5.2939854341031465,5.365633357271459,1449725.0,9698544.0
2019-12-16,5.3815551179755285,5.397476878679599,5.341750716215355,5.389515998327563,3042747.0,20563886.0
2019-12-17,5.389515998327563,5.508929203608085,5.3815551179755285,5.477085682199946,2890401.0,19820182.0
2019-12-18,5.485046562551981,5.516890083960121,5.437281280439772,5.4691248018479115,1985100.0,13646288.0
2019-12-19,5.485046562551981,5.56465536607233,5.445242160791807,5.5566944857202945,2816242.0,19530668.0
2019-12-20,5.5566944857202945,5.628342408888608,5.508929203608085,5.508929203608085,2019890.0,14116102.0
2019-12-23,5.477085682199946,5.524850964312155,5.397476878679599,5.413398639383668,1899931.0,13014978.0
2019-12-24,5.413398639383668,5.500968323256051,5.405437759031633,5.4691248018479115,1431384.0,9813332.0
2019-12-25,5.461163921495877,5.477085682199946,5.437281280439772,5.461163921495877,1522500.0,10432214.0
2019-12-26,5.4532030411438415,5.516890083960121,5.421359519735702,5.485046562551981,1616253.0,11121236.0
2019-12-27,5.508929203608085,5.516890083960121,5.429320400087738,5.437281280439772,3460253.0,23826904.0
2019-12-30,5.437281280439772,5.445242160791807,5.33378983586332,5.389515998327563,4290113.0,29023398.0
2019-12-31,5.389515998327563,5.524850964312155,5.389515998327563,5.485046562551981,2872900.0,19717652.0
2020-01-02,5.620381528536573,5.692029451704887,5.56465536607233,5.652225049944712,5246813.0,37153496.0
2020-01-03,5.652225049944712,5.668146810648782,5.596498887480469,5.644264169592677,3294413.0,23342514.0
2020-01-06,5.636303289240643,5.73183385346506,5.604459767832504,5.684068571352851,3017067.0,21532780.0
2020-01-07,5.723872973113026,5.914934101561861,5.699990332056921,5.819403537337442,4807260.0,35175724.0
2020-01-08,5.811442656985408,5.8512470587455825,5.755716494521165,5.779599135577269,2869500.0,20915716.0
2020-01-09,5.811442656985408,5.883090580153722,5.7477556141691295,5.803481776633373,3187977.0,23220974.0
2020-01-10,5.811442656985408,5.8512470587455825,5.723872973113026,5.7636773748731995,1757800.0,12725842.0
2020-01-13,5.755716494521165,5.771638255225234,5.684068571352851,5.73183385346506,2787419.0,20034862.0
2020-01-14,5.7477556141691295,5.771638255225234,5.723872973113026,5.723872973113026,2229402.0,16086153.0
2020-01-15,5.707951212408956,5.73183385346506,5.636303289240643,5.684068571352851,1758811.0,12532044.0
2020-01-16,5.660185930296747,5.723872973113026,5.636303289240643,5.652225049944712,2637800.0,18803172.0
2020-01-17,5.684068571352851,5.7477556141691295,5.644264169592677,5.723872973113026,2520105.0,18081284.0
2020-01-20,5.723872973113026,5.787560015929303,5.699990332056921,5.779599135577269,2162790.0,15652062.0
2020-01-21,5.7636773748731995,5.7636773748731995,5.620381528536573,5.628342408888608,2376000.0,16949676.0
2020-01-22,5.596498887480469,5.644264169592677,5.516890083960121,5.596498887480469,2768600.0,19366596.0
2020-01-23,5.596498887480469,5.596498887480469,5.357672476919425,5.413398639383668,3418631.0,23423886.0
2020-02-03,4.895941416501406,4.951667578965649,4.872058775445302,4.872058775445302,2811900.0,17225264.0
2020-02-04,4.577506202420014,4.856137014741232,4.577506202420014,4.728762929108675,4938719.0,29454100.0
2020-02-05,4.696919407700536,4.864097895093266,4.696919407700536,4.832254373685127,3251094.0,19668650.0
2020-02-06,4.840215254037162,4.9277849379095455,4.784489091572918,4.872058775445302,3358001.0,20495226.0
2020-02-07,4.856137014741232,4.91982405755751,4.824293493333092,4.887980536149371,2608358.0,15979811.0
2020-02-10,4.856137014741232,4.991471980725823,4.856137014741232,4.951667578965649,4668770.0,28929898.0
2020-02-11,4.959628459317685,4.975550220021754,4.91982405755751,4.943706698613615,2739271.0,17016848.0
2020-02-12,4.93574581826158,4.9994328610778584,4.9118631772054755,4.983511100373788,2996180.0,18653590.0
2020-02-13,4.991471980725823,5.031276382485998,4.880019655797336,4.887980536149371,3957464.0,24595214.0
2020-02-14,4.895941416501406,4.93574581826158,4.856137014741232,4.864097895093266,3765124.0,23123244.0
2020-02-17,4.887980536149371,5.023315502133962,4.864097895093266,5.015354621781928,5029298.0,31351458.0
2020-02-18,5.007393741429893,5.1029243056543105,4.9994328610778584,5.071080784246171,4559826.0,28948420.0
2020-02-19,5.071080784246171,5.1029243056543105,5.031276382485998,5.055159023542101,4467700.0,28453034.0
2020-02-20,5.063119903894137,5.31786807515925,5.063119903894137,5.2064157502307635,7590117.0,49511692.0
2020-02-21,5.238259271638903,5.238259271638903,5.142728707414484,5.198454869878728,5114601.0,33331316.0
2020-02-24,5.1745722288226235,5.214376630582798,5.142728707414484,5.2064157502307635,4009016.0,26094576.0
2020-02-25,5.126806946710415,5.142728707414484,4.983511100373788,5.1029243056543105,5593961.0,35710040.0
2020-02-26,5.079041664598206,5.222337510934833,4.983511100373788,5.13476782706245,5311119.0,34126204.0
2020-02-27,5.150689587766519,5.214376630582798,5.079041664598206,5.110885186006345,3428998.0,22095282.0
2020-02-28,4.959628459317685,5.015354621781928,4.840215254037162,4.848176134389196,5011618.0,31033066.0
2020-03-02,4.880019655797336,5.110885186006345,4.880019655797336,5.0870025449502405,4419607.0,27881316.0
2020-03-03,5.1745722288226235,5.198454869878728,5.071080784246171,5.0870025449502405,4456156.0,28741682.0
2020-03-04,4.9994328610778584,5.166611348470589,4.9994328610778584,5.166611348470589,3612656.0,23192048.0
2020-03-05,5.1904939895266935,5.2939854341031465,5.1745722288226235,5.262141912695007,4623443.0,30469126.0
2020-03-06,5.214376630582798,5.373594237623494,5.1904939895266935,5.2780636733990764,5228153.0,34725992.0
2020-03-09,5.238259271638903,5.325828955511286,5.13476782706245,5.142728707414484,4593700.0,30090490.0
2020-03-10,5.039237262838032,5.222337510934833,5.015354621781928,5.214376630582798,4223350.0,27243710.0
2020-03-11,5.238259271638903,5.309907194807216,5.182533109174659,5.182533109174659,4058671.0,26779446.0
2020-03-12,5.047198143190067,5.150689587766519,5.039237262838032,5.094963425302276,3231570.0,20656742.0
2020-03-13,4.91982405755751,5.1029243056543105,4.856137014741232,5.071080784246171,3692000.0,22971596.0
2020-03-16,5.047198143190067,5.1745722288226235,4.895941416501406,4.91982405755751,4498260.0,28689202.0
2020-03-17,5.015354621781928,5.079041664598206,4.9277849379095455,4.991471980725823,3359540.0,21087848.0
2020-03-18,4.9994328610778584,5.110885186006345,4.880019655797336,4.895941416501406,3047403.0,19076744.0
2020-03-19,4.856137014741232,4.93574581826158,4.784489091572918,4.887980536149371,3066627.0,18736956.0
2020-03-20,4.887980536149371,4.951667578965649,4.864097895093266,4.943706698613615,2503170.0,15443852.0
2020-03-23,4.864097895093266,4.983511100373788,4.8083717326290225,4.91982405755751,3447860.0,21171610.0
2020-03-24,4.91982405755751,5.222337510934833,4.91982405755751,5.2064157502307635,8680667.0,55839912.0
2020-03-25,5.1745722288226235,5.254181032342972,5.110885186006345,5.13476782706245,6233059.0,40333724.0
2020-03-26,5.110885186006345,5.166611348470589,5.0870025449502405,5.0870025449502405,3051560.0,19620166.0
2020-03-27,5.13476782706245,5.150689587766519,5.055159023542101,5.055159023542101,2603701.0,16681429.0
2020-03-30,5.031276382485998,5.039237262838032,4.9118631772054755,4.93574581826158,2325402.0,14496233.0
2020-03-31,4.983511100373788,5.015354621781928,4.943706698613615,4.9994328610778584,2168837.0,13581436.0
2020-04-01,4.983511100373788,5.389515998327563,4.943706698613615,5.349711596567389,11966673.0,78881272.0
2020-04-02,5.301946314455181,5.429320400087738,5.1904939895266935,5.397476878679599,12712350.0,85204752.0
2020-04-03,5.397476878679599,5.644264169592677,5.309907194807216,5.485046562551981,13874125.0,95375672.0
2020-04-07,5.508929203608085,5.636303289240643,5.397476878679599,5.493007442904016,14494499.0,99713720.0
2020-04-08,5.445242160791807,5.445242160791807,5.341750716215355,5.357672476919425,8410794.0,56930896.0
2020-04-09,5.3815551179755285,5.405437759031633,5.270102793047042,5.301946314455181,7850115.0,52605840.0
2020-04-10,5.309907194807216,5.349711596567389,5.1904939895266935,5.214376630582798,5588479.0,36936648.0
2020-04-13,5.214376630582798,5.365633357271459,5.150689587766519,5.349711596567389,5398941.0,35856512.0
2020-04-14,5.33378983586332,5.357672476919425,5.2780636733990764,5.33378983586332,3618191.0,24131496.0
2020-04-15,5.254181032342972,5.254181032342972,5.031276382485998,5.071080784246171,8555629.0,54993920.0
2020-04-16,5.039237262838032,5.055159023542101,4.983511100373788,5.039237262838032,2964400.0,18690468.0
2020-04-17,5.063119903894137,5.071080784246171,4.9994328610778584,5.063119903894137,3246400.0,20519150.0
2020-04-20,5.055159023542101,5.063119903894137,4.9994328610778584,5.023315502133962,2254158.0,14207695.0
2020-04-21,5.007393741429893,5.007393741429893,4.9118631772054755,4.959628459317685,3278862.0,20375116.0
2020-04-22,4.9277849379095455,4.975550220021754,4.895941416501406,4.967589339669719,1952900.0,12139934.0
2020-04-23,4.983511100373788,5.055159023542101,4.91982405755751,4.959628459317685,2612400.0,16385299.0
2020-04-24,4.951667578965649,4.9994328610778584,4.903902296853441,4.93574581826158,2031500.0,12621683.0
2020-04-27,4.903902296853441,4.951667578965649,4.856137014741232,4.864097895093266,2008402.0,12376489.0
2020-04-28,4.872058775445302,4.895941416501406,4.72080204875664,4.760606450516814,2593801.0,15623261.0
2020-04-29,4.73672380946071,4.7924499719249525,4.72080204875664,4.760606450516814,1259313.0,7540342.5
2020-04-30,4.776528211220883,4.840215254037162,4.776528211220883,4.840215254037162,1576400.0,9539802.0
2020-05-06,4.8083717326290225,4.903902296853441,4.6173106041801875,4.903902296853441,1758464.0,10739554.0
2020-05-07,4.880019655797336,4.91982405755751,4.856137014741232,4.895941416501406,1444757.0,8894247.0
2020-05-08,4.887980536149371,4.93574581826158,4.887980536149371,4.9118631772054755,1311900.0,8084274.5
2020-05-11,4.91982405755751,4.951667578965649,4.864097895093266,4.93574581826158,2065703.0,12787162.0
2020-05-12,4.951667578965649,4.967589339669719,4.903902296853441,4.93574581826158,1638283.0,10166958.0
2020-05-13,4.93574581826158,4.93574581826158,4.880019655797336,4.903902296853441,1570300.0,9655471.0
2020-05-14,4.880019655797336,4.895941416501406,4.832254373685127,4.848176134389196,2073315.0,12685554.0
2020-05-15,4.848176134389196,4.887980536149371,4.816332612981057,4.848176134389196,1785700.0,10871277.0
2020-05-18,4.967589339669719,4.967589339669719,4.848176134389196,4.880019655797336,2007100.0,12355415.0
2020-05-19,4.887980536149371,4.91982405755751,4.848176134389196,4.880019655797336,1451023.0,8882933.0
2020-05-20,4.872058775445302,4.887980536149371,4.840215254037162,4.848176134389196,1354100.0,8256399.0
2020-05-21,4.880019655797336,4.887980536149371,4.816332612981057,4.832254373685127,1089200.0,6635954.0
2020-05-22,4.824293493333092,4.824293493333092,4.73672380946071,4.776528211220883,1536701.0,9226406.0
2020-05-25,4.752645570164779,4.903902296853441,4.72080204875664,4.840215254037162,1591002.0,9613918.0
2020-05-26,4.903902296853441,4.903902296853441,4.816332612981057,4.864097895093266,1609900.0,9808539.0
2020-05-27,4.887980536149371,4.887980536149371,4.816332612981057,4.816332612981057,1325316.0,8049091.0
2020-05-28,4.824293493333092,4.856137014741232,4.752645570164779,4.816332612981057,1645944.0,9935054.0
2020-05-29,4.816332612981057,4.975550220021754,4.7924499719249525,4.91982405755751,3344456.0,20622128.0
2020-06-01,4.91982405755751,4.975550220021754,4.903902296853441,4.967589339669719,1956116.0,12174009.0
2020-06-02,4.967589339669719,4.975550220021754,4.93574581826158,4.951667578965649,1953628.0,12167730.0
2020-06-03,4.983511100373788,5.094963425302276,4.943706698613615,5.094963425302276,4971828.0,31279770.0
2020-06-04,5.055159023542101,5.2064157502307635,5.039237262838032,5.1029243056543105,4066700.0,26083772.0
2020-06-05,5.1745722288226235,5.1904939895266935,5.0870025449502405,5.1904939895266935,3987548.0,25776228.0
2020-06-08,5.2064157502307635,5.325828955511286,5.1904939895266935,5.270102793047042,4903500.0,32424976.0
2020-06-09,5.262141912695007,5.3815551179755285,5.182533109174659,5.2780636733990764,3886407.0,25706572.0
2020-06-10,5.230298391286868,5.3815551179755285,5.230298391286868,5.33378983586332,4646462.0,30975094.0
2020-06-11,5.33378983586332,5.3815551179755285,5.254181032342972,5.349711596567389,4422267.0,29555602.0
2020-06-12,5.262141912695007,5.429320400087738,5.238259271638903,5.421359519735702,3601312.0,24273480.0
2020-06-15,5.373594237623494,5.644264169592677,5.373594237623494,5.508929203608085,8366036.0,58377612.0
2020-06-16,5.516890083960121,5.771638255225234,5.477085682199946,5.71591209276099,8545762.0,60710440.0
2020-06-17,5.73183385346506,5.795520896281339,5.4691248018479115,5.485046562551981,11903300.0,83808024.0
2020-06-18,5.485046562551981,5.516890083960121,5.33378983586332,5.445242160791807,6510301.0,44353460.0
2020-06-19,5.437281280439772,5.461163921495877,5.309907194807216,5.33378983586332,4196087.0,28285644.0
2020-06-22,5.373594237623494,5.405437759031633,5.2780636733990764,5.309907194807216,2728701.0,18277856.0
2020-06-23,5.309907194807216,5.397476878679599,5.254181032342972,5.2780636733990764,3958664.0,26436422.0
2020-06-24,5.2780636733990764,5.397476878679599,5.1745722288226235,5.309907194807216,5169247.0,34441796.0
2020-06-29,5.262141912695007,5.286024553751111,5.13476782706245,5.166611348470589,3099900.0,20219854.0
2020-06-30,5.182533109174659,5.238259271638903,5.150689587766519,5.2064157502307635,1856500.0,12119339.0
2020-07-01,5.214376630582798,5.309907194807216,5.2064157502307635,5.301946314455181,2295140.0,15132887.0
2020-07-02,5.2939854341031465,5.429320400087738,5.262141912695007,5.389515998327563,3246178.0,21870072.0
2020-07-03,5.397476878679599,5.4532030411438415,5.325828955511286,5.389515998327563,3384903.0,22813554.0
2020-07-06,5.3815551179755285,5.620381528536573,5.3815551179755285,5.516890083960121,7554505.0,52375180.0
2020-07-07,5.54873360536826,5.580577126776399,5.4532030411438415,5.493007442904016,5948500.0,41104268.0
2020-07-08,5.4691248018479115,5.699990332056921,5.4532030411438415,5.660185930296747,7576774.0,53367448.0
2020-07-09,5.676107691000817,5.707951212408956,5.604459767832504,5.660185930296747,5800115.0,41200060.0
2020-07-10,5.644264169592677,5.707951212408956,5.508929203608085,5.508929203608085,5967911.0,42031720.0
2020-07-13,5.516890083960121,5.676107691000817,5.508929203608085,5.652225049944712,5528253.0,39014596.0
2020-07-14,5.652225049944712,5.7636773748731995,5.53281184466419,5.620381528536573,9055652.0,63934472.0
2020-07-15,5.71591209276099,5.8353252980415125,5.54873360536826,5.580577126776399,7676846.0,55038040.0
2020-07-16,5.636303289240643,5.676107691000817,5.421359519735702,5.437281280439772,5866805.0,40992856.0
2020-07-17,5.437281280439772,5.493007442904016,5.373594237623494,5.413398639383668,4554396.0,31017450.0
2020-07-20,5.928544661735907,6.417496798786291,5.928544661735907,6.373840357978222,10333423.0,74345544.0
2020-07-21,6.356377781654994,6.65324157914987,6.199214594745942,6.452421951432748,11805610.0,87800696.0
2020-07-22,6.4349593751095195,6.5484661212105015,6.330183917170152,6.34764649349338,5779411.0,42578472.0
2020-07-23,6.4087655106246775,6.5746599856953445,6.242871035554012,6.539734833048888,7602556.0,55776064.0
2020-07-24,6.56592869753373,6.6619728673114835,6.286527476362082,6.330183917170152,7311001.0,54244260.0
2020-07-27,6.277796188200468,6.557197409372116,6.277796188200468,6.452421951432748,4964860.0,36424388.0
2020-07-28,6.47861581591759,6.6881667317963265,6.443690663271134,6.539734833048888,5534740.0,41695032.0
2020-07-29,6.487347104079204,6.6095851383418,6.373840357978222,6.583391273856958,5604767.0,41867388.0
2020-07-30,6.592122562018572,6.810404766058922,6.557197409372116,6.670704155473097,7337588.0,56288424.0
2020-07-31,6.627047714665028,6.74055446076601,6.513540968564046,6.670704155473097,4913345.0,37215152.0
2020-08-03,6.723091884442782,7.115999851715412,6.679435443634712,7.0461495464225,10040454.0,79580312.0
2020-08-04,7.0286869700992725,7.238237885978007,6.985030529291202,7.081074699068956,9150140.0,74382576.0
2020-08-05,7.063612122745728,7.334282055755763,6.993761817452816,7.246969174139623,7442026.0,61345604.0
2020-08-06,7.290625614947692,7.316819479432535,7.107268563553799,7.238237885978007,6927455.0,57285780.0
2020-08-07,7.212044021493166,7.30808819127092,6.967567952967975,7.011224393776043,7810037.0,63460092.0
2020-08-10,6.993761817452816,7.273163038624464,6.897717647675062,6.976299241129588,7253323.0,58339780.0
2020-08-11,7.0286869700992725,7.037418258260886,6.801673477897308,6.819136054220536,6264041.0,49543452.0
2020-08-12,6.810404766058922,6.897717647675062,6.618316426503414,6.7754796134124655,5738272.0,44121068.0
2020-08-13,6.766748325250852,6.836598630543764,6.731823172604396,6.7754796134124655,2955825.0,22950388.0
2020-08-14,6.7754796134124655,6.819136054220536,6.679435443634712,6.784210901574079,2794248.0,21551078.0
2020-08-17,6.784210901574079,6.993761817452816,6.758017037089238,6.932642800321519,4189855.0,33046106.0
2020-08-18,7.019955681937657,7.3954010728870605,6.950105376644746,7.360475920240604,10629786.0,88535112.0
2020-08-19,7.447788801856744,7.753383887513235,7.325550767594149,7.508907818988042,10692413.0,92449472.0
2020-08-20,7.508907818988042,7.648608429573866,7.35174463207899,7.386669784725447,5948900.0,51113480.0
2020-08-21,7.4565200900183575,7.543832971634498,7.13346242803864,7.159656292523482,5535999.0,46116356.0
2020-08-24,7.1683875806850965,7.316819479432535,7.072343410907342,7.203312733331552,3809158.0,31417996.0
2020-08-25,7.2295065978163935,7.281894326786078,7.0286869700992725,7.037418258260886,3783800.0,30810880.0
2020-08-26,7.081074699068956,7.115999851715412,6.8278673423821505,6.8278673423821505,3933600.0,31292590.0
2020-08-27,6.862792495028606,6.967567952967975,6.819136054220536,6.95883666480636,1766700.0,13974735.0
2020-08-28,6.95883666480636,7.072343410907342,6.87152378319022,7.037418258260886,2280488.0,18215300.0
2020-08-31,7.115999851715412,7.238237885978007,6.862792495028606,6.8889863595134475,4160841.0,33339640.0
2020-09-01,6.897717647675062,6.897717647675062,6.69689801995794,6.7754796134124655,3565483.0,27717516.0
2020-09-02,6.801673477897308,6.862792495028606,6.679435443634712,6.731823172604396,2513960.0,19418956.0
2020-09-03,6.723091884442782,6.836598630543764,6.69689801995794,6.731823172604396,1874245.0,14445019.0
2020-09-04,6.6881667317963265,6.792942189735694,6.557197409372116,6.758017037089238,2179794.0,16696657.0
2020-09-07,6.8889863595134475,6.923911512159904,6.6095851383418,6.731823172604396,3369222.0,26192414.0
2020-09-08,6.723091884442782,6.8278673423821505,6.6881667317963265,6.792942189735694,2312040.0,17887268.0
2020-09-09,6.723091884442782,6.792942189735694,6.592122562018572,6.592122562018572,2536490.0,19377206.0
2020-09-10,6.618316426503414,6.69689801995794,6.356377781654994,6.356377781654994,3858966.0,28634492.0
2020-09-11,6.365109069816608,6.47861581591759,6.199214594745942,6.4611532395943625,1866426.0,13651689.0
2020-09-14,6.5484661212105015,6.5484661212105015,6.312721340846924,6.426228086947906,2724587.0,20036306.0
2020-09-15,6.4349593751095195,6.504809680402432,6.2952587645236955,6.4611532395943625,2006468.0,14731978.0
2020-09-16,6.469884527755976,6.513540968564046,6.356377781654994,6.400034222463064,1614424.0,11885785.0
2020-09-17,6.4349593751095195,6.504809680402432,6.312721340846924,6.400034222463064,2101600.0,15442462.0
2020-09-18,6.373840357978222,6.47861581591759,6.312721340846924,6.4611532395943625,1989500.0,14618112.0
2020-09-21,6.39130293430145,6.487347104079204,6.39130293430145,6.452421951432748,1769200.0,13055665.0
2020-09-22,6.443690663271134,6.443690663271134,6.269064900038853,6.303990052685309,2304547.0,16769013.0
2020-09-23,6.34764649349338,6.400034222463064,6.21667717106917,6.21667717106917,2071747.0,14868862.0
2020-09-24,6.2079458829075564,6.2079458829075564,5.980932390705592,6.024588831513662,2289957.0,15918713.0
2020-09-25,6.024588831513662,6.103170424968188,5.99839496702882,6.0682452723217315,1389800.0,9626581.0
2020-09-28,6.0682452723217315,6.0944391368065745,5.937275949897521,5.946007238059136,1636600.0,11271495.0
2020-09-29,5.946007238059136,6.103170424968188,5.919813373574294,6.042051407836889,1628764.0,11276549.0
2020-09-30,6.033320119675276,6.103170424968188,5.937275949897521,5.980932390705592,1317764.0,9074575.0
2020-10-09,6.024588831513662,6.225408459230784,6.024588831513662,6.225408459230784,1776353.0,12534532.0
2020-10-12,6.164289442099485,6.330183917170152,6.164289442099485,6.321452629008538,1970450.0,14177165.0
2020-10-13,6.251602323715626,6.321452629008538,6.234139747392398,6.277796188200468,1805347.0,12982223.0
2020-10-14,6.2952587645236955,6.382571646139835,6.21667717106917,6.26033361187724,2245900.0,16185615.0
2020-10-15,6.251602323715626,6.269064900038853,6.1817520184227135,6.2079458829075564,1605200.0,11432436.0
2020-10-16,6.242871035554012,6.242871035554012,6.103170424968188,6.164289442099485,2170000.0,15289141.0
2020-10-19,6.155558153937871,6.234139747392398,6.024588831513662,6.042051407836889,2379800.0,16630899.0
2020-10-20,6.050782695998503,6.199214594745942,6.007126255190434,6.199214594745942,1904901.0,13343071.0
2020-10-21,6.1730207302611,6.234139747392398,6.033320119675276,6.0682452723217315,2275501.0,15816476.0
2020-10-22,6.08570784864496,6.120633001291416,6.007126255190434,6.042051407836889,1636500.0,11337092.0
2020-10-23,6.0682452723217315,6.0682452723217315,5.937275949897521,5.95473852622075,1486433.0,10224204.0
2020-10-26,5.95473852622075,5.989663678867206,5.884888220927838,5.95473852622075,1450733.0,9883636.0
2020-10-27,5.928544661735907,6.08570784864496,5.919813373574294,6.0682452723217315,1803753.0,12458326.0
2020-10-28,6.024588831513662,6.0944391368065745,5.937275949897521,6.050782695998503,1272400.0,8765623.0
2020-10-29,6.024588831513662,6.286527476362082,5.95473852622075,6.21667717106917,3517080.0,24966924.0
2020-10-30,6.1817520184227135,6.234139747392398,5.989663678867206,6.007126255190434,2532247.0,17701572.0
2020-11-02,5.99839496702882,6.199214594745942,5.902350797251065,6.129364289453029,2616507.0,18222402.0
2020-11-03,6.146826865776258,6.338915205331766,6.138095577614644,6.286527476362082,3253260.0,23327102.0
2020-11-04,6.286527476362082,6.330183917170152,6.1817520184227135,6.225408459230784,1605600.0,11443667.0
2020-11-05,6.225408459230784,6.4087655106246775,6.225408459230784,6.356377781654994,2600572.0,18892740.0
2020-11-06,6.303990052685309,6.417496798786291,6.2952587645236955,6.356377781654994,2279600.0,16615415.0
2020-11-09,6.39130293430145,6.513540968564046,6.356377781654994,6.417496798786291,2658600.0,19596668.0
2020-11-10,6.504809680402432,6.539734833048888,6.34764649349338,6.365109069816608,2483200.0,18231586.0
2020-11-11,6.365109069816608,6.5222722567256595,6.365109069816608,6.400034222463064,2437100.0,17934838.0
2020-11-12,6.4087655106246775,6.539734833048888,6.400034222463064,6.443690663271134,2177800.0,16110978.0
2020-11-13,6.469884527755976,6.504809680402432,6.2952587645236955,6.452421951432748,2267000.0,16692952.0
2020-11-16,6.47861581591759,6.74055446076601,6.47861581591759,6.705629308119554,4561560.0,34824540.0
2020-11-17,6.6881667317963265,6.731823172604396,6.583391273856958,6.705629308119554,2644700.0,20167184.0
2020-11-18,6.69689801995794,6.758017037089238,6.618316426503414,6.679435443634712,2593414.0,19869654.0
2020-11-19,6.6619728673114835,6.749285748927624,6.627047714665028,6.74055446076601,2921712.0,22409494.0
2020-11-20,6.749285748927624,6.792942189735694,6.679435443634712,6.705629308119554,3179250.0,24482912.0
2020-11-23,6.69689801995794,6.87152378319022,6.6881667317963265,6.801673477897308,3883494.0,30163028.0
2020-11-24,6.7754796134124655,6.836598630543764,6.74055446076601,6.792942189735694,2288900.0,17783100.0
2020-11-25,6.758017037089238,6.836598630543764,6.583391273856958,6.6095851383418,3290800.0,25162944.0
2020-11-26,6.6095851383418,6.670704155473097,6.539734833048888,6.56592869753373,2040024.0,15416555.0
2020-11-27,6.557197409372116,6.705629308119554,6.47861581591759,6.5746599856953445,1856275.0,13947268.0
2020-11-30,6.5484661212105015,6.6881667317963265,6.504809680402432,6.513540968564046,2258300.0,17061548.0
2020-12-01,6.47861581591759,6.670704155473097,6.47861581591759,6.644510290988256,1879948.0,14236468.0
2020-12-02,6.644510290988256,6.758017037089238,6.6357790028266415,6.670704155473097,1784070.0,13669901.0
2020-12-03,6.679435443634712,6.810404766058922,6.6619728673114835,6.6881667317963265,2534610.0,19492366.0
2020-12-04,6.6881667317963265,6.731823172604396,6.583391273856958,6.731823172604396,2366202.0,18034910.0
2020-12-07,6.731823172604396,6.7754796134124655,6.6095851383418,6.6357790028266415,2155001.0,16463391.0
2020-12-08,6.6095851383418,6.6619728673114835,6.557197409372116,6.5746599856953445,1722600.0,13006174.0
2020-12-09,6.557197409372116,6.6095851383418,6.330183917170152,6.34764649349338,2672600.0,19752732.0
2020-12-10,6.400034222463064,6.4611532395943625,6.312721340846924,6.330183917170152,1649108.0,12040170.0
2020-12-11,6.321452629008538,6.4611532395943625,6.164289442099485,6.225408459230784,1986900.0,14174329.0
2020-12-14,6.1817520184227135,6.251602323715626,6.129364289453029,6.199214594745942,1565523.0,11114334.0
2020-12-15,6.199214594745942,6.234139747392398,6.111901713129802,6.155558153937871,1963900.0,13860305.0
2020-12-16,6.146826865776258,6.1817520184227135,6.103170424968188,6.111901713129802,1529600.0,10737200.0
2020-12-17,6.111901713129802,6.1730207302611,6.050782695998503,6.129364289453029,2023900.0,14168561.0
2020-12-18,6.120633001291416,6.190483306584328,6.076976560483346,6.103170424968188,2395133.0,16818448.0
2020-12-21,6.103170424968188,6.111901713129802,6.024588831513662,6.059513984160118,2770500.0,19225994.0
2020-12-22,6.0682452723217315,6.0682452723217315,5.7277250340187855,5.797575339311697,4682700.0,31629116.0
2020-12-23,5.797575339311697,5.902350797251065,5.771381474826856,5.832500491958154,2967759.0,19828566.0
2020-12-24,5.832500491958154,5.858694356442996,5.684068593210715,5.69279988137233,2491977.0,16352183.0
2020-12-25,5.675337305049101,5.806306627473312,5.657874728725874,5.7364563221804,2675580.0,17589976.0
2020-12-28,5.745187610342014,5.771381474826856,5.657874728725874,5.69279988137233,2678322.0,17528446.0
2020-12-29,5.684068593210715,5.797575339311697,5.684068593210715,5.7277250340187855,1498366.0,9869509.0
2020-12-30,5.745187610342014,5.753918898503628,5.649143440564259,5.666606016887488,3136346.0,20362212.0
2020-12-31,5.675337305049101,5.7277250340187855,5.649143440564259,5.69279988137233,2864780.0,18666454.0
2021-01-04,5.753918898503628,5.806306627473312,5.684068593210715,5.78011276298847,3796623.0,24988358.0
2021-01-05,5.718993745857172,5.82376920379654,5.718993745857172,5.788844051150083,2566467.0,16964486.0
2021-01-06,5.788844051150083,5.788844051150083,5.622949576079418,5.675337305049101,3190517.0,20806844.0
2021-01-07,5.649143440564259,5.684068593210715,5.378473507554226,5.413398660200682,3794408.0,23851320.0
2021-01-08,5.413398660200682,5.526905406301664,5.2736980496148576,5.457055101008752,2377147.0,14740984.0
2021-01-11,5.4745176773319795,5.4745176773319795,5.203847744321945,5.2736980496148576,3807467.0,23115746.0
2021-01-12,5.2736980496148576,5.3610109312309975,5.2475041851300155,5.308623202261313,2221321.0,13489137.0
2021-01-13,5.308623202261313,5.3610109312309975,5.151460015352262,5.21257903248356,2556419.0,15290041.0
2021-01-14,5.2475041851300155,5.395936083877453,5.203847744321945,5.317354490422927,2134504.0,12967926.0
2021-01-15,5.291160625938085,5.4745176773319795,5.282429337776471,5.430861236523909,2435202.0,15040694.0
2021-01-18,5.430861236523909,5.570561847109733,5.413398660200682,5.465786389170366,2496767.0,15709456.0
2021-01-19,5.430861236523909,5.588024423432962,5.430861236523909,5.553099270786506,2640515.0,16776736.0
2021-01-20,5.588024423432962,5.631680864241032,5.491980253655208,5.526905406301664,2076622.0,13181034.0
2021-01-21,5.526905406301664,5.588024423432962,5.4745176773319795,5.51817411814005,1822822.0,11521756.0
2021-01-22,5.526905406301664,5.535636694463277,5.413398660200682,5.457055101008752,1691652.0,10587805.0
2021-01-25,5.483248965493594,5.483248965493594,5.291160625938085,5.308623202261313,2160500.0,13197971.0
2021-01-26,5.256235473291629,5.457055101008752,5.256235473291629,5.352279643069384,2181705.0,13428700.0
2021-01-27,5.369742219392612,5.544367982624891,5.2998919140997,5.422129948362295,2924255.0,18261222.0
2021-01-28,5.413398660200682,5.465786389170366,5.352279643069384,5.422129948362295,1560886.0,9693694.0
2021-01-29,5.448323812847137,5.4745176773319795,5.308623202261313,5.378473507554226,2406826.0,14841372.0
2021-02-01,5.3872047957158395,5.395936083877453,5.264966761453244,5.282429337776471,2269715.0,13823857.0
2021-02-02,5.326085778584542,5.3610109312309975,5.264966761453244,5.282429337776471,2336200.0,14193236.0
2021-02-03,5.291160625938085,5.308623202261313,5.099072286382578,5.099072286382578,3296899.0,19539736.0
2021-02-04,5.081609710059349,5.230041608806788,5.0204906929280515,5.055415845574507,3067800.0,17990536.0
2021-02-05,5.046684557412894,5.160191303513876,4.994296828443209,5.037953269251279,1927793.0,11151108.0
2021-02-08,5.037953269251279,5.221310320645174,4.985565540281596,5.142728727190647,1781693.0,10420812.0
2021-02-09,5.1339974390290335,5.221310320645174,5.072878421897735,5.186385167998718,1944341.0,11448096.0
2021-02-10,5.203847744321945,5.256235473291629,5.186385167998718,5.238772896968402,1268855.0,7595607.0
2021-02-18,5.256235473291629,5.369742219392612,5.256235473291629,5.352279643069384,1567702.0,9573591.0
2021-02-19,5.326085778584542,5.596755711594576,5.326085778584542,5.570561847109733,2699368.0,16991650.0
2021-02-22,5.561830558948119,5.788844051150083,5.553099270786506,5.69279988137233,4678069.0,30561144.0
2021-02-23,5.6142182879178035,5.753918898503628,5.544367982624891,5.675337305049101,3436118.0,22214702.0
2021-02-24,5.675337305049101,5.753918898503628,5.596755711594576,5.657874728725874,2959402.0,19243178.0
2021-02-25,5.684068593210715,5.7015311695339435,5.60548699975619,5.6142182879178035,2140300.0,13829414.0
2021-02-26,5.544367982624891,5.6142182879178035,5.4745176773319795,5.553099270786506,1954056.0,12427907.0
2021-03-01,5.579293135271348,5.684068593210715,5.51817411814005,5.675337305049101,3377490.0,21604090.0
2021-03-02,5.631680864241032,5.666606016887488,5.526905406301664,5.579293135271348,3001401.0,19136560.0
2021-03-03,5.544367982624891,5.60548699975619,5.544367982624891,5.596755711594576,2382901.0,15247005.0
2021-03-04,5.596755711594576,5.631680864241032,5.553099270786506,5.553099270786506,2498021.0,16004971.0
2021-03-05,5.561830558948119,5.675337305049101,5.535636694463277,5.631680864241032,3135911.0,20128648.0
2021-03-08,5.675337305049101,5.69279988137233,5.553099270786506,5.553099270786506,2822100.0,18174576.0
2021-03-09,5.570561847109733,5.7277250340187855,5.457055101008752,5.579293135271348,3709200.0,23702124.0
2021-03-10,5.60548699975619,5.631680864241032,5.395936083877453,5.430861236523909,3698500.0,23169812.0
2021-03-11,5.457055101008752,5.51817411814005,5.413398660200682,5.491980253655208,1878800.0,11783373.0
2021-03-12,5.509442829978435,5.561830558948119,5.413398660200682,5.509442829978435,2152438.0,13510740.0
2021-03-15,5.51817411814005,5.60548699975619,5.4745176773319795,5.596755711594576,2477717.0,15719391.0
2021-03-16,5.60548699975619,5.666606016887488,5.570561847109733,5.622949576079418,2115000.0,13613214.0
2021-03-17,5.640412152402646,5.684068593210715,5.570561847109733,5.640412152402646,2544736.0,16453004.0
2021-03-18,5.666606016887488,5.718993745857172,5.60548699975619,5.640412152402646,1983572.0,12851119.0
2021-03-19,5.60548699975619,5.7277250340187855,5.553099270786506,5.69279988137233,2628500.0,17087268.0
2021-03-22,5.666606016887488,5.7364563221804,5.649143440564259,5.7277250340187855,2040286.0,13335244.0
2021-03-23,5.7015311695339435,5.7015311695339435,5.588024423432962,5.631680864241032,2325800.0,14972553.0
2021-03-24,5.6142182879178035,5.657874728725874,5.570561847109733,5.6142182879178035,2100959.0,13523381.0
2021-03-25,5.6142182879178035,5.640412152402646,5.5007115418168215,5.553099270786506,2119701.0,13529338.0
2021-03-26,5.544367982624891,5.649143440564259,5.526905406301664,5.631680864241032,1956226.0,12565446.0
2021-03-29,5.631680864241032,5.69279988137233,5.596755711594576,5.649143440564259,2313959.0,14980864.0
2021-03-30,5.640412152402646,5.893619509089452,5.544367982624891,5.78011276298847,5887077.0,38767848.0
2021-03-31,5.771381474826856,5.78011276298847,5.640412152402646,5.745187610342014,3417498.0,22387460.0
2021-04-01,5.893619509089452,5.928544661735907,5.710262457695558,5.710262457695558,3694801.0,24521688.0
2021-04-02,5.7015311695339435,5.745187610342014,5.622949576079418,5.622949576079418,2592200.0,16798140.0
2021-04-06,5.60548699975619,5.666606016887488,5.60548699975619,5.6142182879178035,1720634.0,11106675.0
2021-04-07,5.622949576079418,5.7364563221804,5.60548699975619,5.7015311695339435,3154700.0,20535488.0
2021-04-08,5.7015311695339435,5.7015311695339435,5.60548699975619,5.6142182879178035,2521500.0,16301039.0
2021-04-09,5.596755711594576,5.675337305049101,5.596755711594576,5.657874728725874,1805500.0,11672672.0
2021-04-12,5.657874728725874,5.657874728725874,5.51817411814005,5.544367982624891,3344700.0,21338802.0
2021-04-13,5.526905406301664,5.588024423432962,5.491980253655208,5.544367982624891,1926878.0,12231047.0
2021-04-14,5.544367982624891,5.640412152402646,5.51817411814005,5.6142182879178035,1961583.0,12513511.0
2021-04-15,5.60548699975619,5.60548699975619,5.51817411814005,5.579293135271348,2326976.0,14796730.0
2021-04-16,5.596755711594576,5.675337305049101,5.579293135271348,5.666606016887488,2285012.0,14769413.0
2021-04-19,5.649143440564259,5.718993745857172,5.640412152402646,5.666606016887488,1887364.0,12278192.0
2021-04-20,5.666606016887488,5.718993745857172,5.640412152402646,5.666606016887488,1780300.0,11578757.0
2021-04-21,5.666606016887488,5.753918898503628,5.6142182879178035,5.745187610342014,2447683.0,15969179.0
2021-04-22,5.718993745857172,5.753918898503628,5.666606016887488,5.675337305049101,1682800.0,10999876.0
2021-04-23,5.657874728725874,5.710262457695558,5.526905406301664,5.544367982624891,2540657.0,16277760.0
2021-04-26,5.544367982624891,5.570561847109733,5.491980253655208,5.5007115418168215,1787605.0,11296671.0
2021-04-27,5.491980253655208,5.509442829978435,5.404667372039068,5.457055101008752,2122875.0,13217856.0
2021-04-28,5.457055101008752,5.465786389170366,5.395936083877453,5.404667372039068,1391706.0,8638070.0
2021-04-29,5.404667372039068,5.465786389170366,5.3610109312309975,5.439592524685524,1613370.0,10033379.0
2021-04-30,5.439592524685524,5.465786389170366,5.378473507554226,5.378473507554226,1490073.0,9263023.0
2021-05-06,5.3872047957158395,5.439592524685524,5.34354835490777,5.413398660200682,1165200.0,7213005.0
2021-05-07,5.413398660200682,5.457055101008752,5.3872047957158395,5.430861236523909,1178571.0,7310062.5
2021-05-10,5.422129948362295,5.483248965493594,5.413398660200682,5.430861236523909,1244900.0,7765242.5
2021-05-11,5.457055101008752,5.4745176773319795,5.404667372039068,5.457055101008752,1086826.0,6776897.5
2021-05-12,5.448323812847137,5.483248965493594,5.430861236523909,5.4745176773319795,1706555.0,10662264.0
2021-05-13,5.457055101008752,5.491980253655208,5.430861236523909,5.457055101008752,1791810.0,11203216.0
2021-05-14,5.457055101008752,5.483248965493594,5.430861236523909,5.483248965493594,1461101.0,9144545.0
2021-05-17,5.483248965493594,5.491980253655208,5.3872047957158395,5.3872047957158395,2084100.0,12943655.0
2021-05-18,5.378473507554226,5.404667372039068,5.352279643069384,5.3872047957158395,1493000.0,9193823.0
2021-05-19,5.378473507554226,5.378473507554226,5.326085778584542,5.334817066746155,1562600.0,9565519.0
2021-05-20,5.3610109312309975,5.3610109312309975,5.221310320645174,5.2475041851300155,2547808.0,15355893.0
2021-05-21,5.256235473291629,5.308623202261313,5.230041608806788,5.282429337776471,1442296.0,8710092.0
2021-05-24,5.308623202261313,5.317354490422927,5.256235473291629,5.2736980496148576,1392800.0,8439363.0
2021-05-25,5.291160625938085,5.326085778584542,5.256235473291629,5.291160625938085,1709800.0,10366249.0
2021-05-26,5.308623202261313,5.369742219392612,5.282429337776471,5.352279643069384,1719635.0,10517131.0
2021-05-27,5.3610109312309975,5.430861236523909,5.34354835490777,5.395936083877453,1666100.0,10289766.0
2021-05-28,5.404667372039068,5.430861236523909,5.34354835490777,5.378473507554226,1074361.0,6612296.5
2021-05-31,5.395936083877453,5.439592524685524,5.369742219392612,5.395936083877453,2153371.0,13323360.0
2021-06-01,5.422129948362295,5.430861236523909,5.3610109312309975,5.395936083877453,1840900.0,11341438.0
2021-06-02,5.369742219392612,5.430861236523909,5.369742219392612,5.378473507554226,1973971.0,12190645.0
2021-06-03,5.395936083877453,5.430861236523909,5.369742219392612,5.404667372039068,1680215.0,10408647.0
2021-06-04,5.3872047957158395,5.422129948362295,5.378473507554226,5.413398660200682,1326420.0,8204778.5
2021-06-07,5.395936083877453,5.430861236523909,5.3610109312309975,5.430861236523909,1907845.0,11804982.0
2021-06-08,5.430861236523909,5.448323812847137,5.3872047957158395,5.413398660200682,1369609.0,8486253.0
2021-06-09,5.404667372039068,5.448323812847137,5.3872047957158395,5.422129948362295,1721800.0,10697903.0
2021-06-10,5.439592524685524,5.439592524685524,5.378473507554226,5.413398660200682,1179500.0,7315519.0
2021-06-11,5.422129948362295,5.439592524685524,5.3610109312309975,5.369742219392612,2812900.0,17388334.0
2021-06-15,5.369742219392612,5.369742219392612,5.238772896968402,5.264966761453244,3231900.0,19575118.0
2021-06-16,5.256235473291629,5.282429337776471,5.21257903248356,5.230041608806788,1920120.0,11515194.0
2021-06-17,5.21257903248356,5.238772896968402,5.21257903248356,5.21257903248356,1268309.0,7584726.5
2021-06-18,5.238772896968402,5.238772896968402,5.195116456160331,5.230041608806788,1459106.0,8704143.0
2021-06-21,5.221310320645174,5.256235473291629,5.203847744321945,5.2475041851300155,1375200.0,8245208.0
2021-06-22,5.238772896968402,5.2736980496148576,5.238772896968402,5.264966761453244,1528700.0,9200840.0
2021-06-23,5.2736980496148576,5.2736980496148576,5.230041608806788,5.238772896968402,1476300.0,8873745.0
2021-06-24,5.256235473291629,5.256235473291629,5.203847744321945,5.2475041851300155,1465090.0,8780223.0
2021-06-25,5.2475041851300155,5.256235473291629,5.230041608806788,5.238772896968402,1654300.0,9934934.0
2021-06-28,5.264966761453244,5.264966761453244,5.21257903248356,5.230041608806788,1474600.0,8824441.0
2021-06-29,5.230041608806788,5.2475041851300155,5.195116456160331,5.195116456160331,1429500.0,8525214.0
2021-06-30,5.203847744321945,5.221310320645174,5.177653879837103,5.21257903248356,1185633.0,7063343.5
2021-07-01,5.221310320645174,5.230041608806788,5.186385167998718,5.195116456160331,1325021.0,7913684.5
2021-07-02,5.195116456160331,5.2998919140997,5.186385167998718,5.264966761453244,3496871.0,20981678.0
2021-07-05,5.2736980496148576,5.291160625938085,5.238772896968402,5.282429337776471,1798000.0,10826873.0
2021-07-06,5.308623202261313,5.3872047957158395,5.282429337776471,5.3872047957158395,2406553.0,14716308.0
2021-07-07,5.3610109312309975,5.413398660200682,5.334817066746155,5.3610109312309975,2044427.0,12577595.0
2021-07-08,5.34354835490777,5.378473507554226,5.291160625938085,5.3610109312309975,2181722.0,13299019.0
2021-07-09,5.334817066746155,5.369742219392612,5.2998919140997,5.352279643069384,1710900.0,10479602.0
2021-07-12,5.369742219392612,5.439592524685524,5.3610109312309975,5.404667372039068,3014207.0,18669678.0
2021-07-13,5.657874728725874,5.718993745857172,5.4745176773319795,5.553099270786506,7660863.0,48834484.0
2021-07-14,5.483248965493594,5.622949576079418,5.483248965493594,5.544367982624891,3428800.0,21827292.0
2021-07-15,5.5007115418168215,5.535636694463277,5.395936083877453,5.430861236523909,3026700.0,18900432.0
2021-07-16,5.413398660200682,5.491980253655208,5.404667372039068,5.430861236523909,2046700.0,12776074.0
2021-07-19,5.439592524685524,5.491980253655208,5.404667372039068,5.457055101008752,2476148.0,15470250.0
2021-07-20,5.404667372039068,5.439592524685524,5.352279643069384,5.404667372039068,1988863.0,12268974.0
2021-07-21,5.404667372039068,5.457055101008752,5.378473507554226,5.439592524685524,2101789.0,13049280.0
2021-07-22,5.915914092024518,6.030231272546731,5.887334796893964,6.001651977416177,3710915.0,23301168.0
2021-07-23,6.001651977416177,6.125495589648574,5.973072682285624,6.001651977416177,3374922.0,21453342.0
2021-07-26,6.001651977416177,6.058810567677284,5.915914092024518,5.992125545705993,2503384.0,15730736.0
2021-07-27,5.973072682285624,6.106442726228206,5.868281933473596,5.87780836518378,2186149.0,13638442.0
2021-07-28,5.87780836518378,5.87780836518378,5.677753299269908,5.696806162690277,3405574.0,20538532.0
2021-07-29,5.725385457820829,5.7920704797921205,5.658700435849539,5.734911889531014,2063600.0,12428239.0
2021-07-30,5.734911889531014,5.782544048081936,5.677753299269908,5.734911889531014,1497444.0,9021500.0
2021-08-02,5.753964752951383,5.820649774922674,5.658700435849539,5.801596911502305,2909905.0,17496264.0
2021-08-03,5.782544048081936,5.868281933473596,5.763491184661567,5.7920704797921205,1820184.0,11121835.0
2021-08-04,5.782544048081936,5.954019818865255,5.773017616371751,5.954019818865255,2435122.0,14984532.0
2021-08-05,5.915914092024518,5.944493387155071,5.87780836518378,5.896861228604149,1394683.0,8645143.0
2021-08-06,5.887334796893964,5.896861228604149,5.7920704797921205,5.858755501763412,1993800.0,12238145.0
2021-08-09,5.87780836518378,6.0207048408365464,5.858755501763412,6.0207048408365464,2764300.0,17198092.0
2021-08-10,6.011178409126361,6.058810567677284,5.954019818865255,6.0207048408365464,2373100.0,14969548.0
2021-08-11,6.001651977416177,6.096916294518022,6.001651977416177,6.039757704256915,2666190.0,16926236.0
2021-08-12,6.0778634310976525,6.0778634310976525,5.973072682285624,6.039757704256915,1868164.0,11803663.0
2021-08-13,6.0207048408365464,6.144548453068944,6.001651977416177,6.144548453068944,3140651.0,20087198.0
2021-08-16,6.163601316489312,6.163601316489312,6.0778634310976525,6.096916294518022,2145160.0,13772523.0
2021-08-17,6.096916294518022,6.135022021358759,5.934966955444887,5.982599113995809,2730146.0,17261032.0
2021-08-18,6.0207048408365464,6.230286338460603,5.9635462505754395,6.220759906750419,4623291.0,29766814.0
2021-08-19,6.20170704333005,6.20170704333005,6.106442726228206,6.125495589648574,2432500.0,15671091.0
2021-08-20,6.125495589648574,6.154074884779128,6.0207048408365464,6.154074884779128,1709748.0,10945373.0
2021-08-23,6.135022021358759,6.220759906750419,6.125495589648574,6.173127748199497,2479800.0,16090641.0
2021-08-24,6.20170704333005,6.239812770170787,6.154074884779128,6.163601316489312,1722500.0,11173736.0
2021-08-25,6.163601316489312,6.20170704333005,6.11596915793839,6.182654179909681,2003100.0,12986475.0
2021-08-26,6.192180611619865,6.392235677533738,6.163601316489312,6.344603518982816,4508933.0,29853492.0
2021-08-27,6.2493392018809715,6.325550655562447,6.135022021358759,6.211233475040234,4078300.0,26544724.0
2021-08-30,6.220759906750419,6.401762109243922,6.20170704333005,6.306497792142078,4538793.0,30061596.0
2021-08-31,6.268392065301341,6.458920699505029,6.2588656335911566,6.449394267794844,4718600.0,31639020.0
2021-09-01,6.449394267794844,6.497026426345767,6.287444928721709,6.382709245823554,4376966.0,29317844.0
2021-09-02,6.354129950693,6.497026426345767,6.306497792142078,6.458920699505029,3807647.0,25755784.0
2021-09-03,6.468447131215213,6.516079289766135,6.401762109243922,6.43986783608466,3900262.0,26402392.0
2021-09-06,6.43986783608466,6.582764311737426,6.392235677533738,6.4303414043744755,4348360.0,29437318.0
2021-09-07,6.43986783608466,6.506552858055951,6.401762109243922,6.487499994635582,4280088.0,29034844.0
2021-09-08,6.497026426345767,6.725660787390193,6.477973562925397,6.639922901998532,5475859.0,38011132.0
2021-09-09,6.630396470288348,6.8971365581735125,6.61134360686798,6.8399779679124055,5850975.0,41674820.0
2021-09-10,6.849504399622591,6.906662989883697,6.69708149225964,6.773292945941115,4358501.0,31092518.0
2021-09-13,6.801872241071668,6.992400875275356,6.76376651423093,6.982874443565172,5690716.0,41219868.0
2021-09-14,6.9542951484346185,6.992400875275356,6.754240082520746,6.76376651423093,5556591.0,40040616.0
2021-09-15,6.754240082520746,7.440143165654023,6.725660787390193,7.440143165654023,16890088.0,129414288.0
2021-09-16,7.5925660730169735,7.5925660730169735,7.144823782638307,7.211508804609598,14260327.0,109782376.0
2021-09-17,7.17340307776886,7.354405280262363,7.011453738695725,7.106718055797569,8538547.0,64370260.0
2021-09-22,7.040033033826278,7.221035236319782,7.011453738695725,7.116244487507753,6469160.0,48142344.0
2021-09-23,7.135297350928123,7.297246690001257,7.087665192377201,7.182929509479044,5078901.0,38322964.0
2021-09-24,7.154350214348491,7.182929509479044,6.887610126463328,6.9542951484346185,6367885.0,46685328.0
2021-09-27,6.878083694753143,6.944768716724434,6.487499994635582,6.582764311737426,6792700.0,47571760.0
2021-09-28,6.6685021971290865,6.678028628839271,6.43986783608466,6.620870038578164,4473839.0,30871080.0
2021-09-29,6.573237880027242,6.639922901998532,6.3731828141133695,6.3731828141133695,3955416.0,26819970.0
2021-09-30,6.401762109243922,6.458920699505029,6.344603518982816,6.420814972664291,3799705.0,25532682.0
2021-10-08,6.449394267794844,6.535132153186504,6.4303414043744755,6.516079289766135,3438980.0,23408614.0
2021-10-11,6.525605721476319,6.563711448317057,6.392235677533738,6.411288540954107,2642100.0,17838362.0
2021-10-12,6.43986783608466,6.43986783608466,6.230286338460603,6.287444928721709,3467145.0,22918140.0
2021-10-13,6.277918497011525,6.335077087272632,6.230286338460603,6.306497792142078,2074400.0,13684384.0
2021-10-14,6.306497792142078,6.316024223852263,6.154074884779128,6.277918497011525,3114638.0,20374116.0
2021-10-15,6.287444928721709,6.411288540954107,6.192180611619865,6.220759906750419,2454200.0,16108873.0
2021-10-18,6.220759906750419,6.344603518982816,6.163601316489312,6.316024223852263,1699200.0,11220560.0
2021-10-19,6.325550655562447,6.363656382403184,6.2588656335911566,6.335077087272632,1527044.0,10120024.0
2021-10-20,6.335077087272632,6.335077087272632,6.230286338460603,6.2493392018809715,1629000.0,10719161.0
2021-10-21,6.239812770170787,6.344603518982816,6.239812770170787,6.335077087272632,1884171.0,12447158.0
2021-10-22,6.344603518982816,6.344603518982816,6.192180611619865,6.211233475040234,2370800.0,15537590.0
2021-10-25,6.2493392018809715,6.2493392018809715,6.11596915793839,6.211233475040234,1480000.0,9610388.0
2021-10-26,6.192180611619865,6.2588656335911566,6.163601316489312,6.20170704333005,1421600.0,9265602.0
2021-10-27,6.20170704333005,6.20170704333005,5.982599113995809,6.0207048408365464,2250000.0,14305917.0
2021-10-28,6.030231272546731,6.030231272546731,5.830176206632858,5.868281933473596,1776500.0,11028620.0
2021-10-29,5.868281933473596,5.9635462505754395,5.839702638343042,5.925440523734702,1348800.0,8373842.0
2021-11-01,5.973072682285624,5.992125545705993,5.868281933473596,5.9635462505754395,1561800.0,9750207.0
2021-11-02,5.9635462505754395,5.992125545705993,5.734911889531014,5.7920704797921205,3046500.0,18669556.0
2021-11-03,5.7920704797921205,5.925440523734702,5.782544048081936,5.887334796893964,2292200.0,14095472.0
2021-11-04,5.858755501763412,5.954019818865255,5.849229070053227,5.934966955444887,1555433.0,9643823.0
2021-11-05,5.934966955444887,5.944493387155071,5.849229070053227,5.868281933473596,1390800.0,8598804.0
2021-11-08,5.87780836518378,5.915914092024518,5.849229070053227,5.896861228604149,1476199.0,9132241.0
2021-11-09,5.896861228604149,6.030231272546731,5.896861228604149,6.030231272546731,2347200.0,14723939.0
2021-11-10,6.0207048408365464,6.630396470288348,5.973072682285624,6.630396470288348,11171647.0,74934688.0
2021-11-11,6.630396470288348,6.859030831332775,6.573237880027242,6.687555060549455,13880458.0,97874080.0
2021-11-12,6.630396470288348,6.706607923969824,6.497026426345767,6.554185016606873,7882572.0,54374064.0
2021-11-15,6.573237880027242,6.620870038578164,6.477973562925397,6.573237880027242,4220500.0,28989518.0
2021-11-16,6.59229074344761,6.59229074344761,6.392235677533738,6.401762109243922,4648239.0,31495812.0
2021-11-17,6.449394267794844,6.497026426345767,6.363656382403184,6.4303414043744755,3016871.0,20313176.0
2021-11-18,6.4303414043744755,6.497026426345767,6.382709245823554,6.401762109243922,3061700.0,20692822.0
2021-11-19,6.4303414043744755,6.649449333708717,6.287444928721709,6.649449333708717,6503743.0,44521620.0
2021-11-22,6.6018171751577945,6.801872241071668,6.563711448317057,6.716134355680008,7397461.0,52157208.0
2021-11-23,6.678028628839271,6.735187219100378,6.61134360686798,6.69708149225964,3721401.0,26089810.0
2021-11-24,6.744713650810562,6.744713650810562,6.620870038578164,6.649449333708717,2836301.0,19836140.0
2021-11-25,6.649449333708717,6.906662989883697,6.620870038578164,6.849504399622591,5482187.0,39066268.0
2021-11-26,6.859030831332775,7.516354619335498,6.76376651423093,6.76376651423093,11606990.0,84695608.0
2021-11-29,6.620870038578164,6.716134355680008,6.535132153186504,6.573237880027242,6432100.0,44563992.0
2021-11-30,6.6018171751577945,6.887610126463328,6.59229074344761,6.716134355680008,5015901.0,35554604.0
2021-12-01,6.716134355680008,6.878083694753143,6.678028628839271,6.820925104492037,3491601.0,24940584.0
2021-12-02,6.820925104492037,6.868557263042959,6.735187219100378,6.744713650810562,2498935.0,17795798.0
2021-12-03,6.754240082520746,6.868557263042959,6.706607923969824,6.8399779679124055,2723980.0,19438174.0
2021-12-06,6.8399779679124055,6.906662989883697,6.76376651423093,6.792345809361484,3144935.0,22490590.0
2021-12-07,6.963821580144803,6.973348011854988,6.639922901998532,6.735187219100378,4218300.0,29990256.0
2021-12-08,6.735187219100378,6.878083694753143,6.6685021971290865,6.820925104492037,3379330.0,24132714.0
2021-12-09,6.830451536202221,6.887610126463328,6.76376651423093,6.773292945941115,3315950.0,23727576.0
2021-12-10,6.76376651423093,6.801872241071668,6.69708149225964,6.754240082520746,2346300.0,16664867.0
2021-12-13,6.754240082520746,6.859030831332775,6.725660787390193,6.754240082520746,2751430.0,19537886.0
2021-12-14,6.811398672781853,6.811398672781853,6.69708149225964,6.754240082520746,2211880.0,15637608.0
2021-12-15,6.754240082520746,6.859030831332775,6.716134355680008,6.801872241071668,3122930.0,22284906.0
2021-12-16,6.792345809361484,6.8399779679124055,6.744713650810562,6.830451536202221,2586060.0,18473010.0
2021-12-17,6.868557263042959,7.221035236319782,6.830451536202221,7.078138760667016,6974254.0,51544416.0
2021-12-20,7.030506602116094,7.41156387052347,7.02098017040591,7.049559465536463,6582563.0,49582884.0
2021-12-21,7.040033033826278,7.41156387052347,6.982874443565172,7.325825985131811,7705304.0,58463812.0
2021-12-22,7.373458143682733,7.792621138930846,7.201982372899413,7.49730175591513,8977384.0,70548184.0
2021-12-23,7.468722460784576,7.611618936437343,7.344878848552179,7.354405280262363,6657832.0,51982592.0
2021-12-24,7.402037438813285,7.41156387052347,7.211508804609598,7.3067731217114416,5349000.0,40891096.0
2021-12-27,7.24008809974015,7.3639317119725485,7.201982372899413,7.24008809974015,3714400.0,28337468.0
2021-12-28,7.25914096316052,7.3067731217114416,7.192455941189229,7.221035236319782,2462708.0,18671164.0
2021-12-29,7.24008809974015,7.468722460784576,7.154350214348491,7.354405280262363,4762008.0,36751304.0
2021-12-30,7.344878848552179,7.430616733943839,7.25914096316052,7.382984575392917,4345835.0,33512700.0
2021-12-31,7.4210903022336545,7.792621138930846,7.41156387052347,7.678303958408634,10079769.0,81147816.0
2022-01-04,7.66877752669845,8.373733473252095,7.630671799857711,8.154625543917854,18132324.0,155158960.0
2022-01-05,8.19273127075859,8.60236783429652,8.002202636554903,8.1260462487873,13778744.0,119742416.0
2022-01-06,7.8783590243225055,8.19273127075859,7.868832592612321,7.964096909714165,7535827.0,63627804.0
2022-01-07,7.983149773134535,8.116519817077116,7.80214757064103,7.80214757064103,6188277.0,51754280.0
2022-01-10,7.80214757064103,7.973623341424349,7.754515412090109,7.783094707220662,5728759.0,47201976.0
2022-01-11,7.792621138930846,7.983149773134535,7.783094707220662,7.840253297481769,4371603.0,36116348.0
2022-01-12,7.840253297481769,8.04030836339564,7.840253297481769,7.964096909714165,3388163.0,28254880.0
2022-01-13,7.964096909714165,8.030781931685457,7.725936116959555,7.725936116959555,5022300.0,41450568.0
2022-01-14,7.697356821829002,7.811674002351214,7.554460346176236,7.602092504727159,5017900.0,40431168.0
2022-01-17,7.563986777886421,7.792621138930846,7.563986777886421,7.678303958408634,2801495.0,22581088.0
2022-01-18,7.678303958408634,8.202257702468776,7.5925660730169735,7.88788545603269,8131650.0,67457472.0
2022-01-19,7.868832592612321,7.925991182873428,7.687830390118818,7.754515412090109,4113996.0,33603164.0
2022-01-20,7.754515412090109,7.80214757064103,7.230561668029966,7.25914096316052,7179899.0,56171928.0
2022-01-21,7.287720258291073,7.983149773134535,7.230561668029966,7.983149773134535,11645721.0,95770272.0
2022-01-24,8.1260462487873,8.335627746411358,7.516354619335498,7.5925660730169735,19149818.0,157159120.0
2022-01-25,7.630671799857711,8.354680609831727,7.554460346176236,7.973623341424349,30757544.0,264270096.0
2022-01-26,7.583039641306789,8.773843605079842,7.583039641306789,8.773843605079842,33091352.0,282781440.0
2022-01-27,9.650275322416807,9.650275322416807,8.954845807573344,9.650275322416807,38996892.0,391247456.0
2022-01-28,10.612444925145432,10.612444925145432,10.402863427521375,10.612444925145432,34225112.0,381203200.0
2022-02-07,11.669878844975901,11.669878844975901,11.669878844975901,11.669878844975901,4779420.0,58547896.0
2022-02-08,12.841629945328583,12.841629945328583,12.841629945328583,12.841629945328583,5478586.0,73851336.0
2022-02-09,14.127698226203478,14.127698226203478,14.127698226203478,14.127698226203478,2671602.0,39619856.0
2022-02-10,15.53761011931077,15.53761011931077,15.53761011931077,15.53761011931077,8400811.0,137017232.0
2022-02-11,16.194933907313494,17.09041848807083,16.194933907313494,17.09041848807083,145659296.0,2564800000.0
2022-02-14,17.13805064662175,18.290748883554063,16.2520924975746,16.261618929284786,133224264.0,2407564288.0
2022-02-15,16.671255492822716,17.166629941752305,15.623348004702429,16.699834787953268,103374528.0,1780570240.0
2022-02-16,16.928469148997692,18.36696033723554,16.33783038296626,18.36696033723554,129300296.0,2382718208.0
2022-02-17,17.242841395433782,17.43337002963747,16.52835901716995,16.52835901716995,85904456.0,1506369024.0
2022-02-18,14.880286331308046,16.147301748762573,14.880286331308046,14.966024216699706,107736032.0,1710613376.0
2022-02-21,15.127973555772842,15.92819381942833,14.67070483368399,15.48997796075985,84596344.0,1365671552.0
2022-02-22,15.432819370498741,17.042786329519906,15.261343599715422,17.042786329519906,125480128.0,2201790464.0
2022-02-23,15.766244480355198,16.13777531705239,15.3375550533969,15.3375550533969,111788376.0,1818137856.0
2022-02-24,14.127698226203478,14.56591408487196,13.803799548057208,13.803799548057208,56266488.0,820417152.0
2022-02-25,13.013105716111902,13.498953733331307,12.431993381790654,12.527257698892498,71546256.0,963719040.0
2022-02-28,12.622522015994342,12.8321035136184,12.16525329390549,12.727312764806369,49419564.0,650291264.0
2022-03-01,12.81305065019803,12.955947125850795,12.289096906137887,12.565363425733235,39731724.0,524436352.0
2022-03-02,12.38436122323973,12.698733469675817,12.31767620126844,12.479625540341575,39874848.0,523143424.0
2022-03-03,12.451046245211023,12.527257698892498,11.698458140106453,11.812775320628667,55504160.0,697932992.0
2022-03-04,11.822301752338852,11.860407479179589,11.27929514485834,11.336453735119447,44307200.0,535529472.0
2022-03-07,11.250715849727786,11.565088096163873,11.145925100915758,11.222136554597233,31126634.0,371407296.0
2022-03-08,11.250715849727786,11.498403074192582,10.812499991059303,11.288821576568523,44164544.0,517605472.0
2022-03-09,11.145925100915758,11.326927303409262,10.745814969088013,11.326927303409262,37594380.0,438536480.0
2022-03-10,11.498403074192582,12.241464747586965,11.203083691176865,11.660352413265716,57249496.0,704349632.0
2022-03-11,11.060187215524097,11.34598016682963,10.641024220275984,11.336453735119447,47753664.0,551407424.0
2022-03-14,11.145925100915758,12.250991179297149,11.069713647234282,11.43171805222129,55923360.0,683237504.0
2022-03-15,11.288821576568523,12.336729064688809,11.269768713148155,11.822301752338852,72566944.0,899417600.0
2022-03-16,11.43171805222129,13.003579284401718,11.222136554597233,12.565363425733235,84965784.0,1079195008.0
2022-03-17,12.193832589036044,12.622522015994342,11.974724659701803,12.23193831587678,66055472.0,852072768.0
2022-03-18,12.127147567064753,12.536784130602681,11.774669593787928,12.098568271934198,47795796.0,608607872.0
2022-03-21,11.888986774310142,12.755892059936924,11.774669593787928,12.527257698892498,57199568.0,729225792.0
2022-03-22,12.270044042717519,12.48915197205176,11.955671796281434,11.984251091411986,40673200.0,520820096.0
2022-03-23,11.90803963773051,12.365308359819362,11.669878844975901,11.746090298657377,32976106.0,415140736.0
2022-03-24,11.698458140106453,11.736563866947192,11.12687223749539,11.250715849727786,34046748.0,403666016.0
2022-03-25,11.155451532625943,12.374834791529548,11.155451532625943,12.374834791529548,30491858.0,384653472.0
2022-03-28,12.412940518370284,12.536784130602681,11.774669593787928,11.793722457208299,53628872.0,683661120.0
2022-03-29,11.641299549845348,11.90803963773051,11.27929514485834,11.526982369323134,33276396.0,403110880.0
2022-03-30,11.53650880103332,12.089041840224015,11.43171805222129,11.698458140106453,30362990.0,374080416.0
2022-03-31,11.679405276686085,12.38436122323973,11.679405276686085,12.35578192810918,52751528.0,671309824.0
2022-04-01,12.098568271934198,12.803524218487844,11.90803963773051,11.974724659701803,43658236.0,561558400.0
2022-04-06,11.574614527874058,12.974999989271163,11.546035232743503,12.50820483547213,48054632.0,618283712.0
2022-04-07,12.38436122323973,13.203634350315589,12.127147567064753,12.660627742835079,56416880.0,752195008.0
2022-04-08,12.660627742835079,13.927643160289605,12.612995584284157,13.927643160289605,89131528.0,1269929088.0
2022-04-11,13.337004394258173,15.032709238670996,13.003579284401718,13.241740077156328,80902992.0,1166697344.0
2022-04-12,12.946420694140611,12.946420694140611,11.917566069440696,11.917566069440696,56477492.0,720391040.0
2022-04-13,11.317400871699078,11.393612325380554,10.726762105667644,10.726762105667644,27991900.0,319042080.0
2022-04-14,9.764592502939019,10.71723567395746,9.669328185837175,10.098017612795473,56221436.0,589035200.0
2022-04-15,9.907488978591786,9.907488978591786,9.193006600327955,9.288270917429799,45926772.0,456529504.0
2022-04-18,9.18348016861777,9.383535234531642,9.01200439783445,9.250165190589062,23312684.0,226011312.0
2022-04-19,9.374008802821457,9.5931167321557,9.202533032038138,9.459746688213118,25344008.0,250045136.0
2022-04-20,9.374008802821457,9.478799551633486,8.878634353891869,8.935792944152976,28602912.0,273662784.0
2022-04-21,8.94531937586316,9.040583692965004,8.46899779035394,8.51662994890486,26315108.0,241121280.0
2022-04-22,8.440418495223385,8.526156380615046,8.16415197562804,8.23083699759933,20913102.0,183160688.0
2022-04-25,8.19273127075859,8.373733473252095,7.659251094988264,7.7068832535391865,26224800.0,219986064.0
2022-04-26,7.7068832535391865,8.021255499975272,7.621145368147527,7.744988980379925,28378280.0,232302160.0
2022-04-27,7.764041843800293,8.478524222064124,7.764041843800293,8.430892063513202,41626000.0,356499840.0
2022-04-28,8.19273127075859,8.297522019570621,7.90693831945306,8.097466953656747,30430200.0,258921968.0
2022-04-29,8.14509911220767,8.611894266006704,8.030781931685457,8.430892063513202,32682864.0,286130560.0
2022-05-05,8.278469156150251,8.8595814904715,8.249889861019698,8.697632151398366,35345920.0,318622656.0
2022-05-06,8.36420704154191,8.64047356113726,8.23083699759933,8.345154178121541,27936198.0,246749952.0
2022-05-09,8.345154178121541,8.811949331920578,8.345154178121541,8.745264309949286,27508468.0,250276256.0
2022-05-10,8.526156380615046,9.431167393082564,8.430892063513202,9.059636556385373,44562284.0,416489728.0
2022-05-11,9.059636556385373,9.278744485719614,8.764317173369655,8.764317173369655,46292168.0,437464480.0
2022-05-12,8.669052856267811,9.383535234531642,8.592841402586336,9.097742283226111,51844100.0,494414880.0
2022-05-13,9.526431710184408,9.526431710184408,8.697632151398366,8.764317173369655,42361292.0,400969600.0
2022-05-16,8.735737878239103,8.8595814904715,8.478524222064124,8.554735675745599,28299314.0,256018960.0
2022-05-17,8.53568281232523,8.649999992847443,8.240363429309514,8.478524222064124,22798130.0,200913440.0
2022-05-18,8.697632151398366,9.326376644270535,8.68810571968818,9.326376644270535,60105880.0,575954304.0
2022-05-19,9.11679514664648,9.42164096137238,9.002477966124266,9.078689419805741,56223364.0,541538752.0
2022-05-20,9.107268714936295,9.173953736907587,8.92626651244279,9.03105726125482,26064864.0,246563552.0
2022-05-23,8.983425102703897,9.231112327168692,8.964372239283529,9.145374441777031,24880468.0,237940224.0
2022-05-24,9.221585895458507,9.221585895458507,8.430892063513202,8.430892063513202,29939000.0,275168960.0
2022-05-25,8.38325990496228,8.764317173369655,8.354680609831727,8.68810571968818,18390912.0,166536704.0
2022-05-26,8.659526424557628,8.878634353891869,8.592841402586336,8.773843605079842,17433400.0,159963008.0
2022-05-27,8.773843605079842,9.374008802821457,8.773843605079842,9.145374441777031,44328800.0,427354080.0
2022-05-30,9.135848010066848,9.993226863983445,9.002477966124266,9.640748890706622,59735300.0,594903936.0
2022-05-31,9.526431710184408,9.574063868735331,9.259691622299245,9.345429507690906,34241696.0,336488256.0
2022-06-01,9.33590307598072,9.383535234531642,8.99295153441408,9.259691622299245,25654700.0,247409088.0
2022-06-02,9.135848010066848,9.221585895458507,8.973898670993712,9.088215851515924,17478804.0,166622624.0
2022-06-06,9.088215851515924,9.288270917429799,9.01200439783445,9.221585895458507,19615042.0,189345280.0
2022-06-07,9.240638758878875,9.26921805400943,8.888160785602054,9.021530829544636,19256900.0,182686800.0
2022-06-08,9.097742283226111,9.221585895458507,8.783370036790025,9.002477966124266,22089200.0,208458768.0
2022-06-09,8.954845807573344,8.964372239283529,8.697632151398366,8.697632151398366,16344652.0,150966368.0
2022-06-10,8.697632151398366,8.92626651244279,8.697632151398366,8.811949331920578,13900000.0,128968216.0
2022-06-13,8.745264309949286,8.84052862705113,8.583314970876152,8.745264309949286,13888496.0,126874904.0
2022-06-14,8.764317173369655,8.764317173369655,8.31657488299099,8.70715858310855,19945200.0,178827680.0
2022-06-15,8.669052856267811,8.764317173369655,8.526156380615046,8.53568281232523,18198272.0,165026544.0
2022-06-16,8.554735675745599,8.659526424557628,8.478524222064124,8.621420697716891,12392233.0,111641472.0
2022-06-17,8.573788539165967,8.630947129427074,8.402312768382648,8.554735675745599,11666228.0,104248256.0
2022-06-20,8.554735675745599,8.821475763630762,8.554735675745599,8.754790741659471,15401929.0,141144272.0
2022-06-21,8.79289646850021,8.79289646850021,8.53568281232523,8.649999992847443,11885302.0,108054816.0
2022-06-22,8.678579287977996,8.678579287977996,8.497577085484492,8.526156380615046,9485001.0,85363288.0
2022-06-23,8.497577085484492,8.630947129427074,8.402312768382648,8.573788539165967,10643401.0,95320568.0
2022-06-24,8.573788539165967,8.811949331920578,8.507103517194677,8.726211446528918,14851220.0,135013520.0
2022-06-27,8.773843605079842,9.50737884676404,8.726211446528918,9.240638758878875,39506268.0,379301056.0
2022-06-28,9.097742283226111,9.259691622299245,8.954845807573344,9.069162988095556,22765802.0,217197504.0
2022-06-29,9.021530829544636,9.050110124675188,8.745264309949286,8.745264309949286,18497966.0,172828384.0
2022-06-30,8.811949331920578,9.278744485719614,8.745264309949286,9.088215851515924,24301850.0,229595312.0
2022-07-01,9.078689419805741,9.50737884676404,8.973898670993712,9.288270917429799,32571796.0,319236608.0
2022-07-04,9.107268714936295,9.11679514664648,8.754790741659471,8.878634353891869,24082480.0,225180768.0
2022-07-05,8.783370036790025,8.8595814904715,8.526156380615046,8.60236783429652,20514132.0,186424192.0
2022-07-06,8.488050653774309,8.611894266006704,8.440418495223385,8.497577085484492,11246500.0,100360440.0
2022-07-07,8.507103517194677,8.554735675745599,8.326101314701173,8.345154178121541,13026325.0,114986448.0
2022-07-08,8.345154178121541,8.497577085484492,8.335627746411358,8.392786336672465,7468695.0,65915404.0
2022-07-11,8.392786336672465,8.459471358643755,8.097466953656747,8.14509911220767,11693900.0,100541312.0
2022-07-12,8.078414090236379,8.735737878239103,8.021255499975272,8.53568281232523,20261192.0,179260896.0
2022-07-13,8.573788539165967,8.64047356113726,8.430892063513202,8.44994492693357,10020454.0,89353824.0
2022-07-14,8.440418495223385,8.440418495223385,8.221310565889146,8.249889861019698,8984161.0,78220424.0
2022-07-15,8.14509911220767,8.202257702468776,8.002202636554903,8.002202636554903,9069008.0,76978016.0
2022-07-18,8.002202636554903,8.16415197562804,7.983149773134535,8.135572680497484,6139984.0,52347532.0
2022-07-19,8.183204839048408,8.60236783429652,8.087940521946564,8.402312768382648,15004884.0,131665288.0
2022-07-20,8.411839200092833,8.84052862705113,8.287995587860435,8.754790741659471,26246652.0,237002320.0
2022-07-21,9.631222458996437,9.631222458996437,9.631222458996437,9.631222458996437,19137196.0,193477040.0
2022-07-22,10.593392061725062,10.593392061725062,10.593392061725062,10.593392061725062,5770500.0,64167960.0
2022-07-25,11.069713647234282,11.069713647234282,9.535958141894593,9.67885461754736,75476864.0,806193024.0
2022-07-26,9.478799551633486,10.088491181085288,9.231112327168692,9.802698229779756,45184528.0,460727360.0
2022-07-27,9.669328185837175,9.993226863983445,9.478799551633486,9.516905278474225,35099568.0,357040640.0
2022-07-28,9.526431710184408,9.793171798069572,9.469273119923301,9.535958141894593,29730640.0,300452512.0
2022-07-29,9.478799551633486,9.5931167321557,9.1644273051974,9.221585895458507,25777700.0,253491856.0
2022-08-01,9.1644273051974,9.33590307598072,8.983425102703897,9.145374441777031,19860420.0,189601152.0
2022-08-02,9.03105726125482,9.107268714936295,8.373733473252095,8.459471358643755,24848180.0,223733152.0
2022-08-03,8.526156380615046,8.84052862705113,8.411839200092833,8.526156380615046,19459066.0,177140656.0
2022-08-04,8.526156380615046,8.79289646850021,8.526156380615046,8.659526424557628,12757500.0,115623992.0
2022-08-05,8.745264309949286,8.764317173369655,8.497577085484492,8.611894266006704,10878700.0,97922848.0
2022-08-08,8.60236783429652,8.850055058761315,8.497577085484492,8.79289646850021,13819641.0,126559216.0
2022-08-09,8.764317173369655,8.888160785602054,8.70715858310855,8.745264309949286,10034700.0,92570208.0
2022-08-10,8.716685014818735,8.773843605079842,8.592841402586336,8.649999992847443,10337000.0,94112440.0
2022-08-11,9.09,9.43,9.05,9.23,17869864.0,165478864.0
2022-08-12,9.19,9.44,9.14,9.33,17389036.0,161378688.0
2022-08-15,9.26,9.49,9.13,9.38,17062820.0,158699776.0
2022-08-16,9.34,9.44,9.26,9.33,10407925.0,96964928.0
2022-08-17,9.33,10.11,9.3,9.65,28827722.0,280118880.0
2022-08-18,9.48,9.63,9.43,9.44,15704091.0,149023968.0
2022-08-19,9.49,9.6,9.26,9.41,14052808.0,132471624.0
2022-08-22,9.4,10.35,9.4,10.35,23588424.0,238351120.0
2022-08-23,10.5,11.07,10.3,10.61,53004208.0,564175232.0
2022-08-24,10.7,10.82,10.09,10.12,35584804.0,369623456.0
2022-08-25,10.31,11.13,10.12,11.13,29999264.0,322678656.0
2022-08-26,11.5,11.76,10.63,10.77,58681608.0,653626880.0
2022-08-29,10.32,11.06,10.32,10.85,36406040.0,389568896.0
2022-08-30,10.74,11.94,10.58,11.94,37243820.0,420404448.0
2022-08-31,11.94,13.13,11.38,13.13,83684536.0,1039768576.0
2022-09-01,13.56,14.44,13.56,14.44,41705900.0,588440448.0
2022-09-02,14.5,15.88,13.42,15.16,115696832.0,1727902848.0
2022-09-05,15.04,15.55,13.85,14.58,84035728.0,1236503424.0
2022-09-06,14.0,14.81,13.53,13.9,71100424.0,1002503872.0
2022-09-07,13.9,14.36,13.31,14.36,63198200.0,883868672.0
2022-09-08,14.14,15.7,13.49,14.87,85133080.0,1233864576.0
2022-09-09,14.53,16.36,14.53,15.3,97441704.0,1544618880.0
2022-09-13,14.43,14.89,13.77,13.77,67996320.0,958747200.0
2022-09-14,13.0,14.2,12.78,13.08,58529644.0,782949440.0
2022-09-15,13.35,13.88,12.75,13.67,51273440.0,676358848.0
2022-09-16,13.14,14.22,13.0,13.44,46978452.0,636955392.0
2022-09-19,13.2,13.9,12.1,12.18,52197888.0,677992064.0
2022-09-20,12.47,13.19,12.12,12.64,55225612.0,704342464.0
2022-09-21,12.85,13.48,12.25,12.86,36952760.0,475787296.0
2022-09-22,12.88,13.43,12.52,12.61,37770332.0,490417216.0
2022-09-23,12.55,12.85,12.24,12.73,34338368.0,431553216.0
2022-09-26,12.5,13.05,12.26,12.44,31992500.0,405794912.0
2022-09-27,12.51,12.65,11.53,12.34,34775804.0,418971712.0
2022-09-28,12.14,12.55,11.74,11.87,28858862.0,347725984.0
2022-09-29,12.0,12.02,11.25,11.3,31972248.0,368845568.0
2022-09-30,11.7,11.77,11.23,11.3,27142548.0,310854592.0
2022-10-10,10.74,11.49,10.74,10.9,20272900.0,225405584.0
2022-10-11,10.95,11.73,10.6,11.58,36935528.0,409847360.0
2022-10-12,11.37,11.68,10.91,11.55,35649828.0,402264672.0
2022-10-13,11.46,12.16,11.14,12.05,39765476.0,469400288.0
2022-10-14,12.21,12.28,11.53,11.82,41283500.0,485941568.0
2022-10-17,11.6,11.83,11.55,11.61,21851690.0,254642608.0
2022-10-18,11.66,12.15,11.61,11.76,35659400.0,425055296.0
2022-10-19,11.51,11.81,11.11,11.21,26604188.0,304213376.0
2022-10-20,11.09,11.16,10.71,11.05,20876776.0,228645440.0
2022-10-21,11.0,11.49,10.99,11.08,18736408.0,210120800.0
2022-10-24,11.03,11.17,10.54,10.62,19105000.0,207112624.0
2022-10-25,10.52,11.08,10.3,11.01,20455652.0,220177936.0
2022-10-26,11.02,11.37,11.02,11.13,17694684.0,198141632.0
2022-10-27,11.03,11.16,10.77,10.8,15151600.0,165157584.0
2022-10-28,10.7,10.71,10.16,10.22,14794634.0,154123488.0
2022-10-31,9.2,9.75,9.2,9.23,27434788.0,257956368.0
2022-11-01,9.43,9.84,9.37,9.59,18949624.0,180776208.0
2022-11-02,9.6,9.88,9.47,9.79,18402822.0,178985968.0
2022-11-03,9.7,10.37,9.66,10.19,19966018.0,201624704.0
2022-11-04,10.19,10.57,10.11,10.56,19517260.0,202592400.0
2022-11-07,10.5,10.69,10.39,10.65,14179966.0,149593040.0
2022-11-08,10.64,11.44,10.55,11.32,29469664.0,325802784.0
2022-11-09,11.21,12.1,11.08,11.56,33472452.0,387305472.0
2022-11-10,11.5,11.55,11.09,11.14,20877152.0,234329232.0
2022-11-11,11.42,11.49,11.18,11.19,15490135.0,174991728.0
2022-11-14,11.2,11.54,10.97,11.02,14285976.0,160147456.0
2022-11-15,10.89,11.21,10.89,11.16,12428702.0,137908112.0
2022-11-16,11.19,11.38,11.07,11.18,12079063.0,135485456.0
2022-11-17,11.07,11.24,11.0,11.13,9643615.0,107008120.0
2022-11-18,11.13,11.4,10.91,10.91,12596680.0,140099504.0
2022-11-21,10.83,11.14,10.81,10.93,11448419.0,125521448.0
2022-11-22,10.86,11.1,10.64,10.71,14299068.0,154267776.0
2022-11-23,10.71,11.17,10.68,10.94,20969762.0,230531200.0
2022-11-24,10.82,11.29,10.82,11.13,18064438.0,200959072.0
2022-11-25,11.05,11.23,10.85,10.88,13372609.0,147050640.0
2022-11-28,10.71,10.9,10.51,10.73,11217000.0,120165840.0
2022-11-29,10.75,11.29,10.74,11.19,20839876.0,230514336.0
2022-11-30,11.21,11.27,10.89,11.03,15949003.0,175944656.0
2022-12-01,10.99,11.28,10.99,11.15,14413938.0,160920400.0
2022-12-02,11.15,11.15,10.85,10.89,13553270.0,148323680.0
2022-12-05,10.99,11.47,10.96,11.32,23867464.0,267939168.0
2022-12-06,11.42,12.12,11.06,11.88,45496716.0,526076064.0
2022-12-07,11.65,11.88,11.3,11.38,30379408.0,350576576.0
2022-12-08,11.38,12.52,11.17,12.52,32305668.0,391391584.0
2022-12-09,12.52,13.38,12.05,12.22,62637208.0,790610944.0
2022-12-12,12.21,13.44,11.93,12.82,56749288.0,720399616.0
2022-12-13,12.74,13.05,12.31,12.51,38289800.0,482031232.0
2022-12-14,12.32,12.65,11.94,11.97,30046888.0,367482848.0
2022-12-15,11.97,12.05,11.71,11.82,20332152.0,240903952.0
2022-12-16,11.7,12.15,11.68,12.1,22201200.0,265118016.0
2022-12-19,11.95,13.2,11.8,12.66,39249904.0,489123520.0
2022-12-20,12.56,12.99,12.29,12.29,24396276.0,305682304.0
2022-12-21,12.48,13.3,12.4,12.91,39713632.0,510069184.0
2022-12-22,12.85,13.2,12.5,12.53,33498560.0,428244256.0
2022-12-23,12.07,12.15,11.28,11.41,32653554.0,377925472.0
2022-12-26,11.19,11.88,10.85,11.78,23219232.0,266594368.0
2022-12-27,11.91,12.16,11.48,12.09,25913680.0,308178304.0
2022-12-28,11.9,12.34,11.87,12.03,21143716.0,256681600.0
2022-12-29,12.0,12.15,11.79,11.82,14683273.0,175951360.0
2022-12-30,11.9,12.1,11.45,11.53,18894940.0,221559968.0
2023-01-03,11.64,12.23,11.6,12.1,27148080.0,326297856.0
2023-01-04,12.18,12.45,11.95,12.29,28673812.0,350103296.0
2023-01-05,12.3,12.42,12.04,12.11,18994548.0,230969616.0
2023-01-06,12.12,12.52,12.03,12.32,29951504.0,368854336.0
2023-01-09,12.3,12.3,12.0,12.05,18783328.0,227369152.0
2023-01-10,11.9,11.91,11.6,11.68,18738672.0,219456288.0
2023-01-11,11.55,11.69,11.37,11.44,11570000.0,133270592.0
2023-01-12,11.32,11.49,11.23,11.26,9883825.0,112467408.0
2023-01-13,11.32,11.55,11.21,11.4,10111356.0,115232880.0
2023-01-16,11.4,11.57,11.35,11.41,9066851.0,103909552.0
2023-01-17,11.45,12.55,11.23,12.55,43053096.0,528747968.0
2023-01-18,12.57,12.98,12.28,12.43,41600844.0,520592896.0
2023-01-19,12.44,12.52,12.16,12.18,21476606.0,263730528.0
2023-01-20,12.25,12.38,12.16,12.17,13789893.0,168790736.0
2023-01-30,10.98,11.52,10.98,11.5,27459828.0,312739904.0
2023-01-31,11.43,11.5,11.25,11.35,14884988.0,168940160.0
2023-02-01,11.35,11.65,11.33,11.65,18231356.0,209588016.0
2023-02-02,11.75,11.96,11.5,11.7,19300056.0,227454416.0
2023-02-03,11.71,12.05,11.56,11.96,21375104.0,252847216.0
2023-02-06,11.95,12.12,11.75,11.75,16797524.0,199721520.0
2023-02-07,11.76,11.8,11.44,11.65,13928338.0,161547552.0
2023-02-08,11.65,11.77,11.37,11.41,12354103.0,142860320.0
2023-02-09,11.38,11.52,11.34,11.51,9865856.0,113006488.0
2023-02-10,11.46,11.7,11.4,11.62,12844569.0,148416288.0
2023-02-13,11.6,11.98,11.51,11.8,17480784.0,205556688.0
2023-02-14,11.8,11.93,11.65,11.69,10590503.0,124323920.0
2023-02-15,11.78,12.0,11.55,11.86,23012744.0,271953216.0
2023-02-16,11.85,11.94,11.36,11.48,18743422.0,219396928.0
2023-02-17,11.38,11.66,11.33,11.39,13410262.0,153671536.0
2023-02-20,11.37,11.37,11.0,11.24,11926554.0,133234904.0
2023-02-21,11.23,11.37,11.18,11.3,7609434.0,85818928.0
2023-02-22,11.27,11.28,11.02,11.19,9208500.0,102687096.0
2023-02-23,11.19,11.27,11.11,11.13,6759918.0,75576192.0
2023-02-24,11.14,11.2,11.01,11.06,5861060.0,64921492.0
2023-02-27,10.99,11.03,10.72,10.74,10674288.0,115768040.0
2023-02-28,10.75,10.93,10.72,10.92,6875700.0,74468504.0
2023-03-01,10.92,11.04,10.9,11.03,6197800.0,68105776.0
2023-03-02,11.0,11.11,10.93,10.95,6766800.0,74574736.0
2023-03-03,10.95,11.17,10.92,11.15,9358461.0,103837928.0
2023-03-06,11.2,11.21,11.03,11.08,5603843.0,62177760.0
2023-03-07,11.09,11.3,10.95,10.96,10666095.0,118777424.0
2023-03-08,10.89,11.01,10.76,10.86,7237692.0,78528616.0
2023-03-09,10.82,10.88,10.51,10.6,10246588.0,109383344.0
2023-03-10,10.51,10.58,10.35,10.39,7203419.0,75072560.0
2023-03-13,10.25,10.45,10.25,10.36,5621220.0,58061392.0
2023-03-14,10.31,10.42,10.01,10.13,6977219.0,70903056.0
2023-03-15,10.13,10.38,10.13,10.32,6217099.0,64027008.0
2023-03-16,10.32,10.46,10.07,10.07,8087300.0,82857488.0
2023-03-17,10.15,10.21,10.1,10.19,5745938.0,58380796.0
2023-03-20,10.24,10.3,10.12,10.13,5983997.0,60961336.0
2023-03-21,10.13,10.23,10.12,10.23,5040205.0,51257612.0
2023-03-22,10.23,10.3,10.17,10.23,4095700.0,41886900.0
2023-03-23,10.22,10.27,10.11,10.14,4994700.0,50729808.0
2023-03-24,10.1,10.14,9.95,10.01,8586693.0,86033576.0
2023-03-27,9.96,10.01,9.83,9.95,7042700.0,69689240.0
2023-03-28,9.98,10.21,9.87,10.09,11210891.0,112796792.0
2023-03-29,9.98,10.0,9.68,9.7,9446588.0,92872664.0
2023-03-30,9.64,9.68,9.51,9.66,6390588.0,61452344.0
2023-03-31,9.72,9.85,9.69,9.79,5769384.0,56409392.0
2023-04-03,9.81,9.81,9.63,9.71,5604969.0,54337536.0
2023-04-04,9.7,9.78,9.51,9.59,6551370.0,63001404.0
2023-04-06,9.55,9.73,9.48,9.66,6544535.0,62862976.0
2023-04-07,9.62,9.96,9.62,9.88,8900924.0,87528488.0
2023-04-10,9.88,9.88,9.52,9.55,9261914.0,89109536.0
2023-04-11,9.55,9.6,9.35,9.42,5748131.0,54156456.0
2023-04-12,9.33,9.5,9.28,9.42,7244816.0,68122416.0
2023-04-13,9.4,10.28,9.37,10.03,31233256.0,310932096.0
2023-04-14,9.95,10.23,9.7,9.73,19854088.0,196792592.0
2023-04-17,9.69,10.05,9.64,9.87,15138200.0,149561808.0
2023-04-18,9.83,9.86,9.58,9.59,10107610.0,97631272.0
2023-04-19,9.53,9.6,9.37,9.42,7439100.0,70310120.0
2023-04-20,9.38,9.4,9.08,9.14,10268978.0,94137728.0
2023-04-21,9.09,9.16,8.85,8.85,9172214.0,82359336.0
2023-04-24,8.85,8.92,8.7,8.83,4482500.0,39534116.0
2023-04-25,8.78,8.82,8.38,8.5,8237724.0,70382888.0
2023-04-26,8.5,8.73,8.46,8.66,5527232.0,47813908.0
2023-04-27,8.61,8.78,8.57,8.6,5225980.0,45179692.0
2023-04-28,8.7,9.03,8.68,8.97,8134197.0,72393912.0
2023-05-04,8.9,9.31,8.9,9.22,8026220.0,73662072.0
2023-05-05,9.22,9.25,9.02,9.15,4758434.0,43422976.0
2023-05-08,9.13,9.23,9.04,9.13,4585761.0,41753504.0
2023-05-09,9.12,9.33,9.07,9.16,8864599.0,81671672.0
2023-05-10,9.1,9.21,9.03,9.07,5489414.0,49972476.0
2023-05-11,9.06,9.15,8.72,9.1,7443089.0,67025044.0
2023-05-12,9.14,9.14,8.9,8.9,5042500.0,45321668.0
2023-05-15,8.9,8.95,8.8,8.91,3704497.0,32897886.0
2023-05-16,8.99,8.99,8.74,8.76,4398216.0,38725616.0
2023-05-17,8.7,8.95,8.59,8.94,3989919.0,35318852.0
2023-05-18,8.94,9.07,8.91,8.96,3589400.0,32144904.0
2023-05-19,8.94,8.95,8.8,8.85,2974800.0,26327622.0
2023-05-22,8.81,8.96,8.78,8.87,2805286.0,24867806.0
2023-05-23,8.87,9.08,8.81,8.9,5426572.0,48546232.0
2023-05-24,8.85,8.89,8.62,8.76,4417386.0,38619344.0
2023-05-25,8.75,8.81,8.58,8.69,4422414.0,38358012.0
2023-05-26,8.75,8.83,8.6,8.69,2851914.0,24731758.0
2023-05-29,8.67,8.72,8.44,8.49,4869460.0,41630864.0
2023-05-30,8.48,8.51,8.29,8.49,4881435.0,41072320.0
2023-05-31,8.48,8.78,8.43,8.43,7152026.0,61349940.0
2023-06-01,8.35,8.58,8.35,8.48,5381627.0,45678852.0
2023-06-02,8.42,8.76,8.42,8.72,6666387.0,57747448.0
2023-06-05,8.77,8.78,8.61,8.62,3911196.0,33882744.0
2023-06-06,8.62,8.66,8.32,8.34,5725703.0,48347020.0
2023-06-07,8.3,8.42,8.27,8.32,3683100.0,30664842.0
2023-06-08,8.32,8.33,8.21,8.26,3679216.0,30410996.0
2023-06-09,8.26,8.31,8.22,8.3,3180916.0,26304720.0
2023-06-12,8.32,8.5,8.23,8.45,4303120.0,36062048.0
2023-06-13,8.44,8.48,8.31,8.33,4466400.0,37384988.0
2023-06-14,8.3,8.39,8.25,8.36,3302445.0,27504034.0
2023-06-15,8.38,8.39,8.3,8.39,3807980.0,31791130.0
2023-06-16,8.4,9.09,8.4,8.76,18951108.0,167104144.0
2023-06-19,8.85,8.85,8.63,8.71,10514204.0,91711520.0
2023-06-20,8.79,8.79,8.49,8.51,7466269.0,63890688.0
2023-06-21,8.47,8.7,8.42,8.51,7288612.0,62557756.0
2023-06-26,8.47,8.6,8.37,8.37,6431776.0,54634104.0
2023-06-27,8.45,8.68,8.41,8.66,7662576.0,66016956.0
2023-06-28,8.66,8.71,8.5,8.62,4317333.0,37043416.0
2023-06-29,8.61,8.74,8.59,8.69,4929095.0,42828240.0
2023-06-30,8.66,8.88,8.65,8.85,5861692.0,51751040.0
2023-07-03,9.74,9.74,9.74,9.74,11292513.0,109989080.0
2023-07-04,10.21,10.21,9.72,9.76,52629848.0,522999392.0
2023-07-05,9.54,9.71,9.42,9.44,26786248.0,255975520.0
2023-07-06,9.45,9.6,9.41,9.46,14328910.0,136011376.0
2023-07-07,9.37,9.56,9.3,9.39,10738448.0,101305336.0
2023-07-10,9.58,9.88,9.55,9.73,26036810.0,252931712.0
2023-07-11,9.63,9.68,9.47,9.55,14362123.0,137246944.0
2023-07-12,9.63,9.7,9.48,9.63,13605582.0,130806856.0
2023-07-13,9.7,9.73,9.46,9.53,12179975.0,116237168.0
2023-07-14,9.5,9.55,9.36,9.4,12080825.0,113587720.0
2023-07-17,9.34,9.55,9.26,9.53,9265508.0,87708240.0
2023-07-18,9.47,9.53,9.38,9.48,6571800.0,62084596.0
2023-07-19,9.42,9.54,9.4,9.46,4538203.0,42882816.0
2023-07-20,9.43,9.51,9.33,9.34,5891400.0,55512480.0
2023-07-21,9.31,9.49,9.3,9.46,5992552.0,56562740.0
2023-07-24,9.45,9.54,9.31,9.36,5575579.0,52346332.0
2023-07-25,9.41,9.64,9.41,9.61,11416842.0,109041432.0
2023-07-26,9.58,9.67,9.54,9.58,6651600.0,63782184.0
2023-07-27,9.6,9.68,9.51,9.6,8819229.0,84872864.0
2023-07-28,9.55,9.65,9.36,9.53,8741228.0,82868480.0
2023-07-31,9.5,9.73,9.49,9.66,8635378.0,83268984.0
2023-08-01,9.65,9.7,9.52,9.59,6690286.0,64254136.0
2023-08-02,9.58,9.66,9.52,9.6,5071400.0,48685776.0
2023-08-03,9.6,9.6,9.47,9.56,5057487.0,48128740.0
2023-08-04,9.56,9.65,9.52,9.55,5843702.0,56063108.0
2023-08-07,9.52,9.54,9.31,9.32,7177032.0,67286960.0
2023-08-08,9.34,9.5,9.31,9.46,5666026.0,53407344.0
2023-08-09,9.44,9.57,9.37,9.45,4114955.0,38997372.0
2023-08-10,9.46,9.5,9.34,9.37,4360500.0,40896348.0
2023-08-11,9.34,9.41,9.19,9.2,4583864.0,42582000.0
2023-08-14,9.18,9.3,9.1,9.3,5128200.0,47167736.0
2023-08-15,9.29,9.32,9.16,9.21,3560400.0,32789920.0
2023-08-16,9.23,9.38,9.08,9.26,4580729.0,42416508.0
2023-08-17,9.28,9.51,9.07,9.5,7316589.0,68112456.0
2023-08-18,9.5,9.55,9.35,9.37,6046745.0,57232012.0
2023-08-21,9.32,9.49,9.31,9.31,4533171.0,42640032.0
2023-08-22,9.39,9.43,8.99,9.13,7994902.0,72950912.0
2023-08-23,9.1,9.13,8.92,8.95,4838491.0,43605016.0
2023-08-24,8.92,9.12,8.88,9.0,4116683.0,37061680.0
2023-08-25,8.99,9.27,8.95,9.06,7923402.0,72180896.0
2023-08-28,9.57,9.78,9.4,9.44,21812926.0,209589632.0
2023-08-29,9.55,9.58,9.37,9.55,10392400.0,98589928.0
2023-08-30,9.48,9.62,9.38,9.42,7634771.0,72230440.0
2023-08-31,9.38,9.4,9.03,9.04,10957818.0,99900016.0
2023-09-01,9.1,9.18,8.99,9.11,6400390.0,58298152.0
2023-09-04,9.14,9.4,9.14,9.4,9057578.0,84277376.0
2023-09-05,9.44,9.46,9.31,9.42,5359500.0,50317296.0
2023-09-06,9.34,9.58,9.3,9.55,7102312.0,67437568.0
2023-09-07,9.53,9.55,9.31,9.32,6072299.0,57181092.0
2023-09-08,9.37,9.46,9.24,9.28,4811023.0,44861168.0
2023-09-11,9.27,9.35,9.16,9.32,4913572.0,45532536.0
2023-09-12,9.31,9.42,9.2,9.35,4275884.0,39860820.0
2023-09-13,9.31,9.45,9.25,9.3,4808300.0,44950856.0
2023-09-14,9.36,9.43,9.16,9.21,3675400.0,33881272.0
2023-09-15,9.2,9.28,9.1,9.17,4001700.0,36612552.0
2023-09-18,9.18,9.18,9.02,9.13,3000800.0,27360366.0
2023-09-19,9.17,9.18,9.04,9.07,4909818.0,44610500.0
2023-09-20,9.07,9.08,8.96,8.97,4167087.0,37507012.0
2023-09-21,8.94,9.03,8.8,8.86,4494328.0,40131500.0
2023-09-22,8.86,8.97,8.84,8.96,3541610.0,31555082.0
2023-09-25,8.98,9.1,8.85,8.85,4156902.0,37076572.0
2023-09-26,8.88,8.93,8.83,8.85,3127200.0,27762994.0
2023-09-27,8.91,8.98,8.83,8.94,3741500.0,33399592.0
2023-09-28,8.96,9.05,8.89,9.04,4676200.0,41991016.0
2023-10-09,9.04,9.1,8.83,8.84,8103400.0,72337768.0
2023-10-10,8.86,8.98,8.69,8.7,7604871.0,66867516.0
2023-10-11,8.76,8.84,8.68,8.77,5412600.0,47386284.0
2023-10-12,8.79,8.8,8.68,8.78,4687480.0,40950888.0
2023-10-13,8.77,8.8,8.57,8.63,7544200.0,65548112.0
2023-10-16,8.6,9.02,8.5,8.78,12791212.0,112024568.0
2023-10-17,8.7,8.76,8.47,8.54,9808882.0,83867504.0
2023-10-18,8.59,8.59,8.33,8.35,7311775.0,61346200.0
2023-10-19,8.31,8.45,8.25,8.31,4294956.0,35811224.0
2023-10-20,8.31,8.39,8.26,8.31,4085600.0,33990216.0
2023-10-23,8.3,8.3,8.0,8.06,6106971.0,49609072.0
2023-10-24,8.08,8.44,8.08,8.42,8958569.0,74528720.0
2023-10-25,8.69,8.95,8.63,8.88,14528781.0,128551056.0
2023-10-26,8.82,9.02,8.71,9.01,10716589.0,95264128.0
2023-10-27,8.97,9.29,8.95,9.22,12181300.0,111999664.0
2023-10-30,9.17,9.25,9.05,9.1,12431104.0,113596536.0
2023-10-31,9.0,9.04,8.82,8.86,8805500.0,78277456.0
2023-11-01,8.84,8.94,8.6,8.67,7594684.0,66123676.0
2023-11-02,8.66,8.71,8.42,8.47,8170100.0,69535360.0
2023-11-03,8.45,8.53,8.42,8.49,7331600.0,62239152.0
2023-11-06,8.55,8.63,8.51,8.62,6585855.0,56573384.0
2023-11-07,8.6,8.65,8.52,8.62,5536500.0,47533248.0
2023-11-08,8.64,8.64,8.48,8.54,6713200.0,57326132.0
2023-11-09,8.53,8.6,8.5,8.54,4296700.0,36716176.0
2023-11-10,8.52,8.52,8.44,8.49,4016357.0,34038564.0
2023-11-13,8.49,8.59,8.42,8.55,6142100.0,52133056.0
2023-11-14,8.55,8.8,8.5,8.8,10218900.0,88901912.0
2023-11-15,8.82,9.05,8.73,8.92,9254370.0,82001936.0
2023-11-16,8.92,8.93,8.72,8.75,6396133.0,56182412.0
2023-11-17,8.74,8.84,8.67,8.83,3851644.0,33798060.0
2023-11-20,8.8,8.9,8.78,8.89,5805000.0,51391488.0
2023-11-21,8.98,9.01,8.88,8.89,5847690.0,52322200.0
2023-11-22,8.87,8.95,8.78,8.83,5608739.0,49748608.0
2023-11-23,8.79,8.88,8.77,8.85,4030707.0,35578280.0
2023-11-24,8.85,8.85,8.66,8.66,5400568.0,47142568.0
2023-11-27,8.66,8.69,8.52,8.62,7075568.0,60827492.0
2023-11-28,8.63,8.68,8.55,8.63,3606700.0,31103874.0
2023-11-29,8.61,8.69,8.55,8.56,4121500.0,35506404.0
2023-11-30,8.62,8.62,8.39,8.46,5738407.0,48547472.0
2023-12-01,8.48,8.53,8.4,8.48,3532700.0,29884084.0
2023-12-04,8.48,8.65,8.44,8.5,4648583.0,39702640.0
2023-12-05,8.48,8.49,8.32,8.35,4762300.0,40005200.0
2023-12-06,8.32,8.47,8.28,8.41,4034600.0,33920400.0
2023-12-07,8.43,8.43,8.34,8.38,3873100.0,32438488.0
2023-12-08,8.4,8.44,8.18,8.2,6610100.0,54638024.0
2023-12-11,8.25,8.25,8.09,8.21,6897779.0,56344156.0
2023-12-12,8.2,8.32,8.17,8.32,6482692.0,53651680.0
2023-12-13,8.33,8.44,8.28,8.35,5522868.0,46249852.0
2023-12-14,8.45,8.48,8.33,8.45,5683858.0,47841964.0
2023-12-15,8.45,8.46,8.32,8.36,3930230.0,32867604.0
2023-12-18,8.34,8.34,8.12,8.13,5423300.0,44498364.0
2023-12-19,8.1,8.19,7.99,8.05,4688800.0,37768800.0
2023-12-20,8.08,8.13,7.94,7.95,4137500.0,33243344.0
2023-12-21,7.93,8.04,7.83,8.02,4202296.0,33326636.0
2023-12-22,8.03,8.12,7.92,8.01,4732291.0,37872312.0
2023-12-25,8.0,8.0,7.83,7.87,3908660.0,30755974.0
2023-12-26,7.88,7.89,7.73,7.75,3727689.0,29065766.0
2023-12-27,7.8,8.0,7.73,8.0,4360102.0,34249392.0
2023-12-28,8.3,8.68,8.07,8.48,28686148.0,240420416.0
2023-12-29,8.36,8.87,8.36,8.61,28722990.0,247926112.0
2024-01-02,8.59,8.64,8.31,8.5,17157490.0,145603888.0
2024-01-03,8.49,8.63,8.35,8.5,13794700.0,116976688.0
2024-01-04,8.5,8.63,8.36,8.4,11251464.0,95256072.0
2024-01-05,8.28,8.46,8.08,8.12,10800100.0,88829312.0
2024-01-08,8.1,8.19,8.03,8.03,5527569.0,44820336.0
2024-01-09,8.01,8.18,7.98,8.07,6440387.0,52016028.0
2024-01-10,8.01,8.15,7.9,8.0,5308089.0,42702380.0
2024-01-11,7.98,8.11,7.95,8.05,4552100.0,36504452.0
2024-01-12,8.08,8.18,8.02,8.05,5449785.0,44099808.0
2024-01-15,8.06,8.06,7.94,7.98,4050600.0,32356502.0
2024-01-16,7.97,8.02,7.79,7.92,5231342.0,41260560.0
2024-01-17,7.93,7.93,7.68,7.69,5171700.0,40191232.0
2024-01-18,7.62,7.66,7.21,7.43,10385764.0,76596312.0
2024-01-19,7.39,7.48,7.34,7.36,4474700.0,33131508.0
2024-01-22,7.33,7.4,6.72,6.8,8651715.0,60946972.0
2024-01-23,6.76,6.84,6.65,6.79,5547767.0,37433964.0
2024-01-24,6.83,7.1,6.77,7.1,7419020.0,51448364.0
2024-01-25,7.12,7.58,7.05,7.55,12481883.0,92253856.0
2024-01-26,7.54,7.7,7.47,7.6,9450031.0,71939688.0
2024-01-29,7.6,7.62,7.33,7.33,5972700.0,44471308.0
2024-01-30,7.28,7.36,7.07,7.09,5166962.0,37271100.0
2024-01-31,6.95,6.99,6.39,6.52,11697220.0,78248680.0
2024-02-01,6.43,6.51,6.16,6.26,8085868.0,50939200.0
2024-02-02,6.28,6.4,5.63,5.85,10526285.0,62707560.0
2024-02-05,5.81,5.82,5.27,5.27,11506465.0,61552892.0
2024-02-06,4.81,5.26,4.74,5.05,19217208.0,94068592.0
2024-02-07,5.09,5.17,4.68,4.81,16949884.0,82556144.0
2024-02-08,4.79,5.29,4.72,5.29,16468300.0,83561912.0
2024-02-19,5.4,5.7,5.3,5.54,14345101.0,79164112.0
2024-02-20,5.5,5.69,5.36,5.63,10856693.0,60242884.0
2024-02-21,5.58,6.02,5.55,5.87,15312339.0,90299648.0
2024-02-22,5.88,6.07,5.75,6.03,11382330.0,67634176.0
2024-02-23,6.03,6.19,6.01,6.18,11166450.0,68147664.0
2024-02-26,6.26,6.48,6.15,6.33,10930200.0,68905272.0
2024-02-27,6.29,6.44,6.22,6.4,11239101.0,71265888.0
2024-02-28,6.45,6.53,5.92,5.94,15799009.0,98797352.0
2024-02-29,5.85,6.11,5.8,6.08,11309600.0,67853624.0
2024-03-01,6.1,6.19,6.0,6.15,8618074.0,52568220.0
2024-03-04,6.11,6.2,6.0,6.14,6989433.0,42585148.0
2024-03-05,6.11,6.12,5.98,6.01,6111933.0,36843520.0
2024-03-06,5.93,6.3,5.93,6.25,10019700.0,61164368.0
2024-03-07,6.17,6.24,6.07,6.08,9844163.0,60601332.0
2024-03-08,6.03,6.2,6.01,6.09,6827853.0,41603108.0
2024-03-11,6.1,6.19,6.08,6.18,6070800.0,37191896.0
2024-03-12,6.15,6.36,6.12,6.32,9666791.0,60290568.0
2024-03-13,6.33,6.34,6.25,6.27,5340900.0,33569224.0
2024-03-14,6.26,6.31,6.14,6.22,5826030.0,36331828.0
2024-03-15,6.22,6.42,6.2,6.38,7968982.0,50306148.0
2024-03-18,6.37,6.45,6.32,6.45,6810062.0,43574052.0
2024-03-19,6.46,6.6,6.44,6.49,9032350.0,58849180.0
2024-03-20,6.44,6.62,6.44,6.6,7399350.0,48354448.0
2024-03-21,6.61,6.93,6.6,6.78,13715087.0,92301664.0
2024-03-22,6.77,6.8,6.55,6.59,9560600.0,63436416.0
2024-03-25,6.51,6.62,6.39,6.4,7852215.0,51158004.0
2024-03-26,6.34,6.5,6.28,6.4,5811542.0,37080260.0
2024-03-27,6.46,6.46,6.15,6.15,6047951.0,38111688.0
2024-03-28,6.16,6.38,6.16,6.33,6163400.0,38868108.0
2024-03-29,6.34,6.55,6.27,6.49,6492428.0,41933024.0
2024-04-01,6.49,6.59,6.48,6.55,4449562.0,29110846.0
2024-04-02,6.52,6.63,6.52,6.63,5768021.0,38028152.0
2024-04-03,6.6,6.66,6.51,6.58,4861985.0,31929006.0
2024-04-08,6.56,6.62,6.32,6.32,5070226.0,32649224.0
2024-04-09,6.35,6.55,6.35,6.54,5639436.0,36444044.0
2024-04-10,6.54,6.55,6.3,6.38,4992831.0,31978272.0
2024-04-11,6.34,6.47,6.3,6.39,4039661.0,25885428.0
2024-04-12,6.42,6.46,6.29,6.29,5102281.0,32423338.0
2024-04-15,6.33,6.33,5.75,5.86,10996223.0,65425564.0
2024-04-16,5.76,5.8,5.27,5.27,14080075.0,75968512.0
2024-04-17,5.37,5.59,5.35,5.53,11692201.0,64157304.0
2024-04-18,5.61,5.63,5.43,5.5,7867181.0,43537084.0
2024-04-19,5.43,5.58,5.37,5.45,7692900.0,41995216.0
2024-04-22,5.45,5.5,5.18,5.27,6510000.0,34530208.0
2024-04-23,5.29,5.48,5.26,5.38,7178100.0,38712020.0
2024-04-24,5.41,5.56,5.41,5.54,6950900.0,38164704.0
2024-04-25,5.51,5.65,5.48,5.59,5402991.0,30185764.0
2024-04-26,5.41,5.65,5.41,5.63,8475906.0,47208936.0
2024-04-29,5.5,5.74,5.5,5.74,8917602.0,50596692.0
2024-04-30,5.71,5.79,5.48,5.56,9553388.0,53473188.0
2024-05-06,5.64,6.12,5.64,6.12,15528778.0,91963288.0
2024-05-07,6.12,6.73,6.0,6.73,36941352.0,238413520.0
2024-05-08,6.93,7.11,6.44,6.56,40468876.0,270015232.0
2024-05-09,6.5,6.64,6.35,6.42,20622140.0,133239512.0
2024-05-10,6.43,6.57,6.32,6.35,14080710.0,90398160.0
2024-05-13,6.28,6.32,5.94,6.0,16530700.0,100478224.0
2024-05-14,6.06,6.6,5.99,6.6,37758744.0,242316240.0
2024-05-15,6.72,6.94,6.7,6.75,44520092.0,302821088.0
2024-05-16,6.73,6.79,6.5,6.55,28844988.0,191504320.0
2024-05-17,6.5,7.21,6.5,7.21,27901180.0,194238896.0
2024-05-20,7.21,7.93,7.21,7.93,45967236.0,354594144.0
2024-05-21,8.04,8.58,7.42,7.51,70713984.0,563356480.0
2024-05-22,7.6,8.03,7.6,7.75,49838380.0,387770272.0
2024-05-23,7.39,7.47,7.21,7.26,33034240.0,241936432.0
2024-05-24,7.25,7.49,7.1,7.13,24289836.0,176703424.0
2024-05-27,7.13,7.25,6.91,7.05,17926100.0,126337856.0
2024-05-28,6.99,6.99,6.74,6.78,18263800.0,124555640.0
2024-05-29,6.79,6.86,6.72,6.75,10961601.0,74415280.0
2024-05-30,6.7,6.71,6.38,6.43,17491700.0,113094680.0
2024-05-31,6.48,7.07,6.42,7.05,34345224.0,233126976.0
2024-06-03,6.8,6.85,6.54,6.62,24024376.0,160692240.0
2024-06-04,6.55,7.28,6.55,7.0,34612496.0,241058144.0
2024-06-05,7.02,7.35,6.88,6.93,27600900.0,195653344.0
2024-06-06,6.87,6.94,6.37,6.55,23926708.0,158127808.0
2024-06-07,6.58,6.68,6.18,6.44,19067886.0,122052304.0
2024-06-11,6.4,7.08,6.25,6.82,25883212.0,177038544.0
2024-06-12,6.68,7.26,6.68,7.1,23944868.0,167650592.0
2024-06-13,7.07,7.12,6.8,6.92,18904724.0,130053208.0
2024-06-14,6.81,7.19,6.81,7.1,19770392.0,139643584.0
2024-06-17,6.98,7.1,6.86,6.87,12186456.0,84385072.0
2024-06-18,6.82,6.9,6.65,6.66,12373605.0,82898144.0
2024-06-19,6.69,7.33,6.59,7.33,28421796.0,201050176.0
2024-06-20,7.35,7.96,7.25,7.44,41585648.0,313227744.0
2024-06-21,7.3,8.1,7.2,7.76,38367748.0,295568640.0
2024-06-24,7.5,7.63,7.21,7.37,26908952.0,198662976.0
2024-06-25,7.26,7.88,7.05,7.65,30720052.0,227793520.0
2024-06-26,7.46,7.46,7.16,7.39,20023502.0,146444432.0
2024-06-27,7.36,7.69,7.26,7.28,18226352.0,135676848.0
2024-06-28,7.1,7.35,6.98,7.05,18829500.0,134945888.0
2024-07-01,6.96,7.47,6.85,7.27,19087400.0,138446208.0
2024-07-02,7.26,7.48,7.16,7.2,18595500.0,135658032.0
2024-07-03,7.2,7.24,7.01,7.01,12115401.0,85965344.0
2024-07-04,7.0,7.22,6.84,6.88,12514415.0,88083296.0
2024-07-05,6.81,6.88,6.68,6.81,10514100.0,71108760.0
2024-07-08,6.73,6.8,6.34,6.43,15378400.0,100243360.0
2024-07-09,6.38,6.5,6.19,6.42,11962600.0,76117712.0
2024-07-10,6.31,6.77,6.31,6.46,14164035.0,93064560.0
2024-07-11,6.43,6.61,6.26,6.47,14493235.0,93018888.0
2024-07-12,6.45,6.52,6.28,6.3,10390800.0,66186612.0
2024-07-15,6.25,6.25,6.05,6.06,10292950.0,63046260.0
2024-07-16,6.01,6.1,5.9,5.97,7718250.0,46093432.0
2024-07-17,5.96,6.15,5.81,6.01,10461700.0,62649880.0
2024-07-18,5.96,5.98,5.84,5.85,8309000.0,48936832.0
2024-07-19,5.82,5.91,5.76,5.86,5080002.0,29710468.0
2024-07-22,5.87,6.08,5.83,6.05,8692602.0,52233736.0
2024-07-23,6.01,6.05,5.8,5.81,6960700.0,41430904.0
2024-07-24,5.79,5.85,5.62,5.67,6718600.0,38443464.0
2024-07-25,5.67,5.77,5.61,5.7,4364300.0,24811154.0
2024-07-26,5.72,5.83,5.72,5.82,4175800.0,24202972.0
2024-07-29,5.8,5.9,5.75,5.86,4379400.0,25543032.0
2024-07-30,5.87,6.08,5.86,5.99,7240401.0,43303684.0
2024-07-31,5.96,6.14,5.9,6.11,9656100.0,58492788.0
2024-08-01,6.09,6.13,6.05,6.1,6438020.0,39269292.0
2024-08-02,6.07,6.21,6.02,6.05,6658822.0,40683992.0
2024-08-05,5.96,6.15,5.87,5.87,8769700.0,52663264.0
2024-08-06,5.88,6.01,5.88,5.99,5467000.0,32588416.0
2024-08-07,5.95,6.59,5.95,6.59,20720620.0,133778616.0
2024-08-08,6.59,6.83,6.35,6.54,27889656.0,182745008.0
2024-08-09,6.49,6.78,6.42,6.64,21173920.0,140590768.0
2024-08-12,7.11,7.13,6.49,6.58,22969446.0,156687488.0
2024-08-13,6.58,7.24,6.58,7.24,31339100.0,219136576.0
2024-08-14,7.66,7.96,7.65,7.96,47502744.0,375458016.0
2024-08-15,7.6,8.27,7.17,7.38,71547760.0,547479168.0
2024-08-16,7.05,8.1,6.91,7.59,61637600.0,466129728.0
2024-08-19,7.4,8.35,7.2,8.23,79935568.0,644880064.0
2024-08-20,7.9,8.35,7.46,7.79,60600600.0,480122208.0
2024-08-21,7.5,7.97,7.36,7.57,37977440.0,290686592.0
2024-08-22,7.43,7.5,6.81,6.81,42018908.0,297556448.0
2024-08-23,6.8,7.15,6.52,7.09,35311608.0,239116592.0
2024-08-26,6.9,7.07,6.8,6.84,25912800.0,179151072.0
2024-08-27,6.69,6.88,6.55,6.55,18275900.0,122035864.0
2024-08-28,6.53,6.7,6.43,6.57,15992200.0,105056216.0
2024-08-29,6.68,7.08,6.59,6.93,26489360.0,182489376.0
2024-08-30,6.93,7.08,6.8,6.93,22114640.0,153673840.0
2024-09-02,6.9,7.02,6.73,6.76,16942500.0,116472488.0
2024-09-03,6.65,6.83,6.62,6.7,11863000.0,79407448.0
2024-09-04,6.6,6.94,6.53,6.72,19125596.0,128711328.0
2024-09-05,6.69,6.72,6.58,6.66,11431900.0,75945352.0
2024-09-06,6.6,7.05,6.6,6.72,24902400.0,170535264.0
2024-09-09,6.64,6.98,6.5,6.8,17709096.0,119696936.0
2024-09-10,6.78,6.88,6.5,6.61,16664044.0,110507064.0
2024-09-11,6.52,6.58,6.41,6.44,9999897.0,64821484.0
2024-09-12,6.43,6.6,6.43,6.45,9473491.0,61725376.0
2024-09-13,6.46,6.66,6.46,6.5,11703700.0,76815936.0
2024-09-18,6.45,6.66,6.39,6.5,11445200.0,74436568.0
2024-09-19,6.47,6.86,6.45,6.83,22250000.0,149977776.0
2024-09-20,6.82,6.86,6.73,6.77,11094700.0,75283648.0
2024-09-23,6.71,6.99,6.61,6.87,13976797.0,95373192.0
2024-09-24,6.88,7.05,6.81,7.02,15816566.0,109937832.0
2024-09-25,7.04,7.18,6.93,7.0,20207766.0,142742368.0
2024-09-26,6.91,7.15,6.91,7.12,16664899.0,117434600.0
2024-09-27,7.21,7.52,7.14,7.41,22010196.0,161038352.0
2024-09-30,7.73,8.08,7.45,8.02,33897604.0,264135776.0
2024-10-08,8.81,8.81,7.94,8.45,40651568.0,340783744.0
2024-10-09,8.3,8.33,7.61,7.61,24410400.0,192075360.0
2024-10-10,7.58,8.16,7.44,7.89,26221336.0,205693392.0
2024-10-11,7.9,7.9,7.44,7.55,17223302.0,131121976.0
2024-10-14,7.61,8.28,7.6,8.2,38002296.0,305657440.0
2024-10-15,8.02,8.41,7.98,8.33,41000440.0,336737056.0
2024-10-16,8.19,8.67,8.13,8.25,40954764.0,342692224.0
2024-10-17,8.28,8.28,7.78,7.82,30130070.0,239397792.0
2024-10-18,7.81,8.03,7.65,7.92,22347864.0,175736416.0
2024-10-21,7.91,8.7,7.91,8.29,33668164.0,281723680.0
2024-10-22,8.21,8.69,8.18,8.6,34209864.0,291487680.0
2024-10-23,8.46,9.22,8.46,8.85,33519176.0,298641760.0
2024-10-24,8.7,8.84,8.47,8.59,20464400.0,175668032.0
2024-10-25,8.7,9.09,8.55,8.83,27678100.0,242401920.0
2024-10-28,8.83,9.03,8.67,8.91,23051500.0,204330896.0
2024-10-29,8.84,8.93,8.54,8.56,19856292.0,172693392.0
2024-10-30,8.57,9.12,8.5,8.95,25315000.0,223862768.0
2024-10-31,8.86,9.11,8.76,8.82,19380000.0,172752768.0
2024-11-01,8.75,8.95,8.39,8.58,19284304.0,165955360.0
2024-11-04,8.58,8.81,8.42,8.78,14761660.0,128000504.0
2024-11-05,8.75,8.93,8.69,8.85,17522496.0,154734176.0
2024-11-06,8.83,9.6,8.83,9.4,36033400.0,333287552.0
2024-11-07,9.36,9.93,9.29,9.77,33665500.0,325247808.0
2024-11-08,9.7,9.72,9.28,9.35,28984860.0,273563488.0
2024-11-11,9.34,9.58,9.08,9.46,21062334.0,196187488.0
2024-11-12,9.55,9.65,9.13,9.25,15375298.0,143284208.0
2024-11-13,9.18,9.32,8.87,9.11,15676700.0,141830960.0
2024-11-14,9.08,10.02,8.93,10.0,54694456.0,533814528.0
2024-11-15,9.57,9.71,9.1,9.15,47730940.0,448181088.0
2024-11-18,9.13,9.31,8.39,8.48,31171822.0,270288000.0
2024-11-19,8.44,8.85,8.25,8.84,22346400.0,189974672.0
2024-11-20,8.77,9.29,8.72,8.88,19942500.0,178671792.0
2024-11-21,8.99,9.52,8.91,9.25,25169900.0,233293280.0
2024-11-22,9.28,9.55,8.78,8.78,18340200.0,167517184.0
2024-11-25,8.78,8.96,8.56,8.89,11615053.0,101409264.0
2024-11-26,8.88,9.0,8.69,8.7,9593514.0,84548368.0
2024-11-27,8.68,8.79,8.38,8.7,10594014.0,90259648.0
2024-11-28,8.68,8.87,8.65,8.68,9466100.0,82956104.0
2024-11-29,8.61,8.88,8.53,8.79,11623800.0,101416576.0
2024-12-02,8.75,8.93,8.72,8.88,12836653.0,113399968.0
2024-12-03,8.88,9.17,8.84,9.02,13055352.0,117550288.0
2024-12-04,9.03,9.4,8.84,8.88,15496200.0,140276704.0
2024-12-05,8.87,8.99,8.74,8.97,12938400.0,114610408.0
2024-12-06,8.95,9.28,8.92,9.21,15988744.0,146172544.0
2024-12-09,9.15,9.31,9.07,9.22,13229400.0,121466768.0
2024-12-10,9.4,9.47,9.13,9.15,15127876.0,139873712.0
2024-12-11,9.09,9.25,9.07,9.24,10687547.0,97902416.0
2024-12-12,9.22,9.47,9.2,9.42,16897918.0,158120352.0
2024-12-13,9.33,9.39,9.08,9.09,12338876.0,113373192.0
2024-12-16,9.07,9.14,8.9,8.95,8842000.0,79777160.0
2024-12-17,8.95,8.98,8.4,8.42,13023800.0,112199704.0
2024-12-18,8.56,8.66,8.37,8.47,10277703.0,87589768.0
2024-12-19,8.34,9.3,8.28,9.13,28446604.0,253390832.0
2024-12-20,9.09,9.5,9.01,9.14,24382304.0,226202160.0
2024-12-23,9.08,9.49,8.89,8.94,27976684.0,257680080.0
2024-12-24,8.9,9.52,8.8,9.39,40558520.0,375043328.0
2024-12-25,9.34,9.34,8.45,8.45,39145600.0,336052992.0
2024-12-26,8.1,8.28,7.96,7.97,24444472.0,196991616.0
2024-12-27,7.97,8.43,7.97,8.13,18385080.0,151846176.0
2024-12-30,8.14,8.21,7.8,7.8,14249661.0,112471576.0
2024-12-31,7.82,7.97,7.65,7.66,10920557.0,84956368.0
2025-01-02,7.67,7.93,7.46,7.6,12055740.0,92941864.0
2025-01-03,7.6,7.64,7.09,7.1,14644716.0,106864512.0
2025-01-06,7.07,7.18,6.86,7.05,9002216.0,63391632.0
2025-01-07,7.11,7.28,7.05,7.24,8742580.0,62799376.0
2025-01-08,7.21,7.39,7.0,7.17,8347646.0,59820568.0
2025-01-09,7.17,7.27,7.11,7.18,5795500.0,41745360.0
2025-01-10,7.18,7.23,6.92,6.93,7770100.0,54840852.0
2025-01-13,6.8,6.96,6.68,6.96,6806598.0,46455344.0
2025-01-14,6.99,7.17,6.98,7.16,8153100.0,57884160.0
2025-01-15,7.2,7.25,7.05,7.14,8659200.0,61790192.0
2025-01-16,7.15,7.29,7.06,7.14,8385104.0,60191252.0
2025-01-17,7.11,7.23,7.06,7.21,8142006.0,58377376.0
2025-01-20,7.3,7.33,7.06,7.19,7880100.0,56569880.0
2025-01-21,7.4,7.54,7.23,7.31,15403827.0,113222392.0
2025-01-22,7.31,7.47,7.27,7.37,9299148.0,68544384.0
2025-01-23,7.42,7.64,7.35,7.38,12526231.0,94327584.0
2025-01-24,7.36,7.36,7.21,7.31,8432880.0,61269672.0
2025-01-27,7.35,7.47,7.33,7.33,6476300.0,47840112.0
2025-02-05,7.33,7.45,7.3,7.4,5798000.0,42867512.0
2025-02-06,7.38,7.55,7.34,7.55,8586800.0,64089064.0
2025-02-07,7.53,7.69,7.48,7.62,8669902.0,65995596.0
2025-02-10,7.63,7.78,7.6,7.78,8096300.0,62482520.0
2025-02-11,7.78,7.78,7.6,7.63,6195364.0,47331044.0
2025-02-12,7.63,7.78,7.57,7.71,6871446.0,52677872.0
2025-02-13,7.7,7.79,7.65,7.68,6688400.0,51669900.0
2025-02-14,7.65,7.69,7.55,7.6,6124100.0,46579776.0
2025-02-17,7.54,7.76,7.54,7.73,7006100.0,53808816.0
2025-02-18,7.7,8.16,7.65,7.85,21900300.0,174691568.0
2025-02-19,7.8,7.93,7.75,7.88,10934927.0,85570520.0
2025-02-20,7.83,7.94,7.77,7.86,8497900.0,66884788.0
2025-02-21,7.87,8.06,7.77,7.8,8713942.0,68542848.0
2025-02-24,7.73,8.12,7.72,7.91,10752402.0,85456856.0
2025-02-25,7.79,7.9,7.73,7.74,7572200.0,58956348.0
2025-02-26,7.74,7.89,7.73,7.81,6605533.0,51452000.0
2025-02-27,7.8,7.83,7.62,7.78,7326231.0,56711944.0
2025-02-28,7.72,7.78,7.62,7.63,6137522.0,47319420.0
2025-03-03,8.08,8.39,7.99,8.39,14848522.0,123154208.0
2025-03-04,8.31,8.35,8.08,8.25,31680000.0,259518256.0
2025-03-05,8.2,8.27,8.01,8.14,15659647.0,126962824.0
2025-03-06,8.1,8.2,7.98,8.13,14426400.0,116852240.0
2025-03-07,8.16,8.23,8.0,8.03,14119640.0,114724960.0
2025-03-10,8.0,8.15,8.0,8.08,9228522.0,74483024.0
2025-03-11,7.97,8.17,7.92,8.15,10554099.0,85272344.0
2025-03-12,8.16,8.33,8.11,8.28,15593599.0,128393200.0
2025-03-13,8.2,8.23,7.99,8.08,11107102.0,89719608.0
2025-03-14,8.04,8.18,8.04,8.17,8074802.0,65500760.0
2025-03-17,8.2,8.27,8.17,8.23,6901500.0,56732084.0
2025-03-18,8.24,8.36,8.19,8.25,6249397.0,51554556.0
2025-03-19,8.21,8.32,8.19,8.21,7652300.0,63204344.0
2025-03-20,8.18,8.32,8.17,8.27,6683200.0,55038688.0
2025-03-21,8.22,8.3,8.12,8.19,7385401.0,60661856.0
2025-03-24,8.19,8.2,7.85,8.0,9681900.0,77472616.0
2025-03-25,7.98,8.15,7.89,8.1,6569200.0,52751556.0
2025-03-26,8.05,8.24,8.05,8.21,7112300.0,58213560.0
2025-03-27,8.27,8.36,8.14,8.26,7893000.0,65212472.0
2025-03-28,8.18,8.24,7.91,8.02,8820300.0,71061960.0
2025-03-31,7.93,8.02,7.78,7.81,6239122.0,49063964.0
2025-04-01,7.8,8.05,7.8,7.92,5750180.0,45718068.0
2025-04-02,7.92,8.05,7.86,7.94,3958300.0,31519324.0
2025-04-03,7.86,8.2,7.85,8.08,8814400.0,71171256.0
2025-04-07,7.74,7.82,7.27,7.27,9588200.0,71127504.0
2025-04-08,7.25,7.36,7.01,7.17,10100000.0,72255848.0
2025-04-09,7.1,7.49,6.68,7.4,14822600.0,106096600.0
2025-04-10,7.5,7.62,7.4,7.56,10735023.0,80775600.0
2025-04-11,7.54,7.8,7.47,7.74,8923600.0,68782112.0
2025-04-14,7.84,7.92,7.78,7.83,6541700.0,51354096.0
2025-04-15,7.82,7.93,7.71,7.84,7323280.0,57424752.0
2025-04-16,7.82,7.82,7.5,7.58,5700600.0,43526900.0
2025-04-17,7.54,7.69,7.53,7.58,4945700.0,37726224.0
2025-04-18,7.54,7.99,7.51,7.7,10586700.0,81812960.0
2025-04-21,7.7,7.81,7.63,7.77,6336400.0,48964092.0
2025-04-22,7.82,7.95,7.77,7.9,7776403.0,61190372.0
2025-04-23,7.9,8.24,7.82,7.95,11518100.0,92034776.0
2025-04-24,7.98,8.0,7.85,7.91,6920101.0,54848388.0
2025-04-25,7.8,7.85,7.48,7.65,11921700.0,91269312.0
2025-04-28,7.6,7.72,7.51,7.62,6772800.0,51798936.0
2025-04-29,7.78,7.98,7.66,7.88,12940100.0,101485616.0
2025-04-30,7.88,7.97,7.81,7.83,8138031.0,64149248.0
2025-05-06,7.81,8.04,7.81,8.02,8470296.0,67463200.0
2025-05-07,8.07,8.34,8.07,8.25,13514609.0,110836232.0
2025-05-08,8.2,9.08,8.12,9.08,38185400.0,333049152.0
2025-05-09,8.99,8.99,8.52,8.58,47682776.0,413143648.0
2025-05-12,8.57,9.0,8.49,8.74,35407528.0,309462912.0
2025-05-13,8.69,8.74,8.46,8.54,22357400.0,191499872.0
2025-05-14,8.54,8.58,8.41,8.47,12802694.0,108197000.0
2025-05-15,8.45,8.52,8.37,8.39,9677250.0,81564528.0
2025-05-16,8.38,8.45,8.3,8.34,9576500.0,80109856.0
2025-05-19,8.33,8.58,8.29,8.49,13426854.0,113331264.0
2025-05-20,8.5,8.6,8.4,8.51,10759404.0,91079656.0
2025-05-21,8.52,8.67,8.41,8.56,16258450.0,138998992.0
2025-05-22,8.5,8.87,8.38,8.45,18661080.0,160561312.0
2025-05-23,8.5,8.72,8.44,8.57,19988370.0,172114432.0
2025-05-26,8.49,8.75,8.49,8.69,14652902.0,127086456.0
2025-05-27,8.69,8.76,8.59,8.74,13628726.0,118396776.0
2025-05-28,8.76,8.78,8.49,8.51,11583101.0,99393552.0
2025-05-29,8.48,8.79,8.48,8.74,12046411.0,104857872.0
2025-05-30,8.78,9.0,8.66,8.86,20825340.0,184992256.0
2025-06-03,8.75,9.16,8.75,8.97,19926014.0,178979376.0
2025-06-04,8.96,8.99,8.83,8.97,12513463.0,111402888.0
2025-06-05,8.97,8.97,8.79,8.86,11230600.0,99368632.0
2025-06-06,8.83,9.75,8.8,9.4,60476952.0,578826944.0
2025-06-09,9.29,9.58,9.18,9.42,53038832.0,496807200.0
2025-06-10,9.42,9.48,9.17,9.34,29168980.0,271284608.0
2025-06-11,9.35,9.46,9.29,9.36,17544780.0,164376720.0
2025-06-12,9.32,9.55,9.2,9.38,19220280.0,180465344.0
2025-06-13,9.39,9.85,9.2,9.5,39848880.0,381012352.0
2025-06-16,9.51,9.78,9.39,9.46,32546300.0,310886464.0
2025-06-17,9.4,9.66,9.32,9.39,25127200.0,237267904.0
2025-06-18,9.31,9.39,8.69,8.74,34227600.0,304249568.0
2025-06-19,8.66,9.07,8.53,8.59,17468600.0,152353488.0
2025-06-20,8.55,9.16,8.55,8.71,18052300.0,158666944.0
2025-06-23,8.62,9.2,8.62,9.07,24180348.0,218304336.0
2025-06-24,9.07,9.22,9.01,9.14,13152202.0,120000080.0
2025-06-25,9.14,9.28,9.0,9.2,21167700.0,193979632.0
2025-06-26,9.16,9.56,9.03,9.17,22895302.0,212744976.0
2025-06-27,9.21,9.48,9.21,9.29,15035148.0,140157376.0
2025-06-30,9.28,9.29,8.75,9.14,18586248.0,167391216.0
2025-07-01,9.13,9.47,9.1,9.39,21958432.0,204590848.0
2025-07-02,9.31,9.47,9.23,9.33,14230200.0,132767344.0
2025-07-03,9.3,9.36,9.17,9.22,11061500.0,102073096.0
2025-07-04,9.22,9.44,9.03,9.06,13712702.0,125451944.0
2025-07-07,9.05,9.45,9.01,9.42,22429400.0,209095616.0
2025-07-08,9.46,9.56,9.28,9.33,13895602.0,130417864.0
2025-07-09,9.35,9.48,9.21,9.26,12883300.0,120244496.0
2025-07-10,9.25,9.56,9.19,9.5,21098652.0,199053200.0
2025-07-11,9.47,9.58,9.32,9.45,13610400.0,128268888.0
2025-07-14,9.46,9.8,9.43,9.44,16157900.0,154632240.0
2025-07-15,9.32,9.5,8.85,9.12,22959400.0,211270400.0
2025-07-16,9.1,10.03,9.06,9.64,61652900.0,598477184.0
2025-07-17,9.54,9.99,9.54,9.8,47218352.0,463020320.0
2025-07-18,9.98,10.07,9.51,9.69,31085350.0,303079744.0
2025-07-21,10.66,10.66,10.66,10.66,5906720.0,62965636.0
2025-07-22,11.73,11.73,11.73,11.73,1388300.0,16284759.0
2025-07-23,12.9,12.9,12.9,12.9,3366844.0,43432288.0
2025-07-24,14.19,14.19,13.9,14.19,68911104.0,977426816.0
2025-07-25,14.99,15.61,14.7,14.8,158283696.0,2416359168.0
2025-07-28,13.8,15.65,13.8,15.26,125353856.0,1868098176.0
2025-07-29,15.23,16.68,14.72,16.06,138569776.0,2181110272.0
2025-07-30,15.72,16.55,15.19,15.28,115798064.0,1832488960.0
2025-07-31,14.5,14.78,13.75,13.75,96833888.0,1357880448.0
2025-08-01,13.08,13.11,12.38,12.38,84414752.0,1063752768.0
2025-08-04,12.65,12.88,12.44,12.51,57169792.0,721234752.0
2025-08-05,12.47,12.8,12.3,12.45,49762956.0,620390976.0
2025-08-06,12.33,12.38,12.17,12.24,36515364.0,447619616.0
2025-08-07,12.24,12.36,12.11,12.14,34357552.0,419068256.0
2025-08-08,12.15,12.88,12.1,12.62,65109944.0,814490624.0
2025-08-11,12.55,12.6,12.36,12.4,40799144.0,507391136.0
2025-08-12,12.4,12.42,12.11,12.13,30490500.0,372176352.0
2025-08-13,12.14,12.19,11.97,12.02,27072064.0,326167456.0
2025-08-14,12.03,12.12,11.75,11.77,30721630.0,366914880.0
2025-08-15,11.73,11.81,11.66,11.81,19089576.0,224405184.0
2025-08-18,11.83,12.05,11.8,11.97,23435282.0,280312768.0
2025-08-19,11.94,12.03,11.84,11.93,20816150.0,248556304.0
2025-08-20,11.75,11.9,11.63,11.88,22699064.0,266725584.0
2025-08-21,12.0,12.04,11.74,11.78,22201992.0,264175568.0
2025-08-22,11.74,11.76,11.61,11.74,17111188.0,199708864.0
2025-08-25,11.74,11.86,11.7,11.83,16259585.0,191584256.0
2025-08-26,11.8,11.83,11.72,11.74,12728897.0,149692208.0
2025-08-27,11.75,11.75,11.31,11.33,20309300.0,234992592.0
2025-08-28,11.33,11.43,11.03,11.4,16426692.0,185104384.0
2025-08-29,11.41,11.46,11.25,11.26,11562232.0,131268648.0
2025-09-01,11.26,11.82,11.23,11.74,25612220.0,297119008.0
2025-09-02,11.7,11.71,11.39,11.45,14651802.0,168321728.0
2025-09-03,11.45,11.54,11.15,11.2,12362797.0,140144944.0
2025-09-04,11.2,11.51,11.17,11.31,14809296.0,168445584.0
2025-09-05,11.28,11.48,11.13,11.46,12612390.0,143281392.0
2025-09-08,11.39,11.62,11.39,11.61,13495799.0,155606288.0
2025-09-09,11.58,11.59,11.35,11.48,12530910.0,143668368.0
2025-09-10,11.48,11.8,11.44,11.69,23201228.0,270469632.0
2025-09-11,11.67,11.67,11.45,11.59,17543776.0,202205952.0
2025-09-12,11.71,11.82,11.53,11.53,17310920.0,201759264.0
2025-09-15,11.48,11.56,11.31,11.39,10620710.0,121048392.0
2025-09-16,11.34,11.46,11.21,11.44,11428514.0,129530840.0
2025-09-17,11.39,11.46,11.31,11.36,8517667.0,96796376.0
2025-09-18,11.33,11.4,11.03,11.08,14093481.0,158383392.0
2025-09-19,11.08,11.36,11.08,11.29,14154780.0,159749520.0
2025-09-22,11.24,11.24,10.96,11.08,10548081.0,116615392.0
2025-09-23,11.0,11.07,10.56,10.85,15889346.0,170659536.0
2025-09-24,10.76,10.92,10.76,10.87,6499800.0,70485216.0
2025-09-25,10.86,10.91,10.6,10.64,8713200.0,93459208.0
2025-09-26,10.64,10.77,10.58,10.58,7386685.0,78773696.0
2025-09-29,10.57,10.65,10.38,10.58,7896785.0,83185168.0
2025-09-30,10.64,10.7,10.55,10.65,6916224.0,73422232.0
2025-10-09,10.79,10.81,10.67,10.75,6779600.0,72728256.0
2025-10-10,10.75,11.01,10.7,10.87,12073397.0,131732304.0
2025-10-13,10.5,10.87,10.29,10.87,10864144.0,115963936.0
2025-10-14,10.88,11.03,10.76,10.82,9890243.0,107872744.0
2025-10-15,10.75,10.94,10.7,10.79,7011987.0,75575072.0
2025-10-16,10.83,10.86,10.53,10.57,7834700.0,83597240.0
2025-10-17,10.65,10.78,10.4,10.41,9519648.0,100641296.0
2025-10-20,10.55,10.65,10.48,10.56,5846150.0,61762096.0
2025-10-21,10.58,10.85,10.58,10.78,9246693.0,99336272.0
2025-10-22,10.72,10.9,10.7,10.73,6997200.0,75470224.0
2025-10-23,10.69,10.73,10.53,10.73,5956805.0,63271664.0
2025-10-24,10.73,10.77,10.58,10.59,6212500.0,66060436.0
2025-10-27,10.59,10.67,10.53,10.61,6006795.0,63716320.0
2025-10-28,10.59,10.7,10.51,10.62,5483995.0,58317496.0
2025-10-29,10.63,10.78,10.55,10.76,9302800.0,99374608.0
2025-10-30,10.68,10.68,10.1,10.1,24737000.0,254037168.0
2025-10-31,10.15,10.43,10.11,10.28,11643848.0,120075472.0
2025-11-03,10.29,10.33,10.19,10.31,6820600.0,69927104.0
2025-11-04,10.37,10.38,10.15,10.24,5845820.0,59957380.0
2025-11-05,10.17,10.39,10.16,10.34,7378140.0,76177952.0
2025-11-06,10.34,10.39,10.25,10.31,4865939.0,50225864.0
2025-11-07,10.31,10.43,10.27,10.27,6480800.0,66987680.0
2025-11-10,10.3,10.47,10.25,10.36,8090300.0,83755576.0
2025-11-11,10.33,10.47,10.29,10.38,7676800.0,79759200.0
2025-11-12,10.38,10.39,10.21,10.28,5858201.0,60232368.0
2025-11-13,10.28,10.5,10.26,10.49,9925101.0,103555792.0
2025-11-14,10.43,10.54,10.41,10.41,5426000.0,56928636.0
2025-11-17,10.41,10.73,10.38,10.57,12149400.0,128248848.0
2025-11-18,10.52,10.52,10.12,10.17,14055900.0,143988960.0
2025-11-19,10.17,10.26,9.95,10.01,7976270.0,80057160.0
2025-11-20,10.02,10.08,9.85,9.92,7921011.0,78826176.0
2025-11-21,9.83,9.92,9.53,9.56,10451400.0,100889416.0
2025-11-24,9.6,9.79,9.56,9.69,6195400.0,59747520.0
2025-11-25,9.72,9.79,9.64,9.72,4827467.0,46945860.0
2025-11-26,9.75,9.84,9.64,9.66,5458900.0,53184148.0
2025-11-27,9.7,9.74,9.6,9.65,3805700.0,36841348.0
2025-11-28,9.7,9.82,9.63,9.82,4710978.0,45926576.0
2025-12-01,9.82,9.88,9.77,9.79,4249400.0,41708372.0
2025-12-02,9.79,9.81,9.65,9.72,5227231.0,50794764.0
2025-12-03,9.72,9.74,9.53,9.57,4437395.0,42614436.0
2025-12-04,9.59,9.65,9.39,9.5,6152700.0,58490472.0
2025-12-05,9.5,9.65,9.42,9.65,4202900.0,40224892.0
2025-12-08,9.67,9.68,9.57,9.57,4508033.0,43366584.0
2025-12-09,9.51,9.62,9.41,9.42,5275000.0,50033504.0
2025-12-10,9.4,9.53,9.38,9.51,4027453.0,38092376.0
2025-12-11,9.53,9.53,9.22,9.25,6629200.0,61803436.0
2025-12-12,9.25,9.48,9.25,9.32,6363184.0,59682928.0
2025-12-15,9.25,9.47,9.24,9.4,5078500.0,47687980.0
2025-12-16,9.44,9.45,9.25,9.31,5220300.0,48668544.0
2025-12-17,9.47,9.59,9.25,9.39,9413100.0,88190216.0
2025-12-18,9.35,9.6,9.31,9.45,9786389.0,93221584.0
2025-12-19,9.48,9.64,9.45,9.62,6456363.0,61876180.0
2025-12-22,10.0,10.33,9.85,9.9,26831404.0,268528256.0
2025-12-23,9.88,10.2,9.74,9.77,17522076.0,173216144.0
2025-12-24,9.8,9.98,9.67,9.96,13360500.0,132228320.0
2025-12-25,9.94,9.97,9.75,9.75,11168670.0,109292696.0
2025-12-26,9.72,9.75,9.59,9.63,8508340.0,82257520.0
2025-12-29,9.65,9.84,9.62,9.75,8924100.0,86934504.0
2025-12-30,9.72,9.75,9.51,9.52,9452684.0,90701376.0
2025-12-31,9.58,9.6,9.37,9.5,6256032.0,59165612.0
2026-01-05,9.5,9.56,9.42,9.49,7048637.0,66887392.0
2026-01-06,9.55,9.61,9.5,9.59,7334768.0,70271744.0
2026-01-07,9.61,9.61,9.45,9.47,7491103.0,71186768.0
2026-01-08,9.45,9.6,9.45,9.57,7537535.0,71893832.0
2026-01-09,9.7,9.76,9.63,9.72,12525511.0,121466368.0
2026-01-12,9.73,9.77,9.65,9.77,10106408.0,98274192.0
2026-01-13,9.76,10.02,9.71,9.8,14270300.0,140664688.0
2026-01-14,9.77,9.89,9.61,9.73,11836705.0,115707408.0
2026-01-15,9.74,9.92,9.68,9.77,8025874.0,78669888.0
2026-01-16,9.77,9.99,9.69,9.76,12151100.0,119387480.0
2026-01-19,9.74,9.89,9.72,9.89,8529881.0,83738504.0
2026-01-20,9.88,9.98,9.86,9.96,10263137.0,101928400.0
2026-01-21,9.88,10.01,9.85,10.0,8097000.0,80662456.0
2026-01-22,10.01,10.1,9.92,10.09,8555986.0,85752712.0
2026-01-23,10.08,10.11,9.99,10.08,8943346.0,89822936.0
2026-01-26,10.07,10.08,9.87,9.95,9945866.0,98992424.0
2026-01-27,9.92,10.0,9.72,9.86,8432529.0,82838208.0
2026-01-28,9.84,9.97,9.8,9.83,8011120.0,79216120.0
2026-01-29,9.8,9.93,9.72,9.74,7729156.0,75999608.0
2026-01-30,9.71,9.86,9.58,9.73,8560682.0,83106264.0
2026-02-02,9.3,9.44,8.83,8.84,23425132.0,213285536.0
2026-02-03,8.93,9.04,8.85,9.02,8257802.0,74067232.0
2026-02-04,9.02,9.11,8.95,9.09,5337700.0,48349540.0
2026-02-05,9.07,9.17,9.0,9.0,5184580.0,47027380.0
2026-02-06,8.96,9.19,8.96,9.09,5353647.0,48783560.0
2026-02-09,9.2,9.23,9.1,9.13,6321626.0,57883436.0
2026-02-10,9.14,9.24,9.11,9.18,6203557.0,56927612.0
2026-02-11,9.16,9.25,9.13,9.17,4594908.0,42276012.0
2026-02-12,9.15,9.35,9.1,9.11,9079260.0,83508248.0
2026-02-13,9.1,9.26,9.06,9.06,5856160.0,53592400.0
2026-02-24,9.11,9.38,9.11,9.38,8286482.0,76707048.0
2026-02-25,9.32,9.44,9.23,9.26,8911997.0,83244776.0
2026-02-26,9.29,9.34,9.16,9.2,5533824.0,51025904.0
2026-02-27,9.16,9.25,9.14,9.17,3645200.0,33458058.0
2026-03-02,9.1,9.19,8.94,9.05,9636514.0,87258696.0
2026-03-03,9.05,9.15,8.7,8.72,10164100.0,90430856.0
2026-03-04,8.7,8.79,8.59,8.66,7362233.0,63966548.0
2026-03-05,8.78,8.86,8.7,8.77,6243998.0,54826448.0
2026-03-06,8.73,9.0,8.72,8.98,7491000.0,66716972.0
2026-03-09,8.91,9.04,8.83,8.92,6350425.0,56802376.0
2026-03-10,8.95,9.0,8.87,8.92,4782991.0,42640584.0
2026-03-11,8.92,8.95,8.84,8.91,4685700.0,41664364.0
2026-03-12,8.92,8.98,8.83,8.85,5655645.0,50290936.0
2026-03-13,8.85,8.96,8.79,8.8,6749093.0,59972116.0
2026-03-16,8.79,8.88,8.63,8.68,6863800.0,59764536.0
2026-03-17,8.69,8.79,8.6,8.61,6460632.0,56190496.0
2026-03-18,8.6,8.62,8.44,8.56,6850600.0,58304056.0
2026-03-19,8.5,8.55,8.27,8.29,6496686.0,54414456.0
2026-03-20,8.32,8.37,8.05,8.06,6981005.0,57007924.0
2026-03-23,7.98,7.98,7.52,7.59,8613181.0,66734136.0
2026-03-24,7.74,7.93,7.62,7.91,8893700.0,69312864.0
2026-03-25,7.95,8.06,7.89,8.02,5225300.0,41714608.0
2026-03-26,8.02,8.15,7.88,7.92,4492100.0,35842592.0
2026-03-27,7.83,8.08,7.81,8.06,4678374.0,37408772.0
2026-03-30,7.97,8.11,7.91,8.1,4282700.0,34457448.0
2026-03-31,8.09,8.19,8.0,8.03,4641900.0,37599472.0
2026-04-01,8.12,8.19,8.0,8.13,4611900.0,37377416.0
2026-04-02,8.12,8.16,7.91,7.99,4510480.0,36114376.0
2026-04-03,7.95,8.01,7.7,7.72,3817300.0,29723004.0
2026-04-07,7.72,8.49,7.7,8.49,22678264.0,189255312.0
2026-04-08,8.5,9.18,8.48,8.9,35844616.0,317676736.0
2026-04-09,8.88,9.0,8.6,8.63,17287188.0,151279808.0
2026-04-10,8.68,8.77,8.52,8.6,9330427.0,80731648.0
2026-04-13,8.55,8.74,8.51,8.55,8668104.0,74539720.0
2026-04-14,8.55,8.68,8.46,8.63,9141700.0,78336376.0
2026-04-15,8.65,8.7,8.38,8.39,7556600.0,64170024.0
2026-04-16,8.42,8.51,8.36,8.48,6007099.0,50810508.0
2026-04-17,8.46,8.49,8.31,8.39,6066821.0,50821796.0
2026-04-20,8.39,8.45,8.35,8.44,5589400.0,46967524.0
2026-04-21,8.39,8.46,8.31,8.37,4683700.0,39170420.0
2026-04-22,8.35,8.44,8.28,8.39,4609200.0,38541408.0
2026-04-23,8.42,8.42,8.21,8.26,5020400.0,41542092.0
2026-04-24,8.24,8.28,8.14,8.23,4738971.0,38952208.0
2026-04-27,8.23,8.24,7.99,8.2,6477900.0,52460792.0
2026-04-28,8.2,8.22,8.07,8.1,6799500.0,55372588.0
2026-04-29,8.33,8.91,8.08,8.66,27233506.0,234958704.0
2026-04-30,8.84,8.85,8.46,8.55,17963840.0,154288352.0
2026-05-06,8.51,8.59,8.44,8.54,10004800.0,85116080.0
2026-05-07,8.49,8.58,8.45,8.49,6836000.0,58002676.0
2026-05-08,8.5,8.71,8.42,8.68,10853701.0,93324816.0
2026-05-11,8.7,8.76,8.59,8.65,7942415.0,68670816.0
2026-05-12,8.64,8.75,8.55,8.65,8851900.0,76594624.0
2026-05-13,8.63,8.74,8.58,8.71,7146201.0,61912180.0
2026-05-14,8.71,8.72,8.31,8.31,9163461.0,77376928.0
2026-05-15,8.35,8.64,8.15,8.2,8988800.0,75182144.0
2026-05-18,8.21,8.28,7.92,8.09,9829202.0,79055240.0
2026-05-19,8.14,8.5,8.07,8.34,9946196.0,82103512.0
2026-05-20,8.34,8.34,8.06,8.09,7090900.0,57631928.0
2026-05-21,8.07,8.17,7.75,7.76,8780800.0,69948152.0
2026-05-22,7.76,7.93,7.65,7.87,5869100.0,45873848.0
2026-05-25,7.87,7.94,7.66,7.75,6141452.0,47622380.0
2026-05-26,7.72,7.75,7.5,7.59,6419852.0,48695160.0
2026-05-27,7.57,7.63,7.3,7.35,5822109.0,43131636.0
2026-05-28,7.36,7.47,7.23,7.41,4453800.0,32802704.0
2026-05-29,7.42,7.71,7.41,7.41,7794970.0,58873920.0
2026-06-01,7.41,7.56,7.32,7.5,6821900.0,50817592.0
2026-06-02,7.49,7.52,7.25,7.32,4832943.0,35409040.0
2026-06-03,7.32,7.32,7.12,7.17,5723400.0,41237364.0
2026-06-04,7.15,7.37,7.01,7.06,5425300.0,38719892.0
2026-06-05,7.06,7.24,7.0,7.17,5815100.0,41487352.0
2026-06-08,7.01,7.21,6.84,6.95,6752900.0,47310080.0
2026-06-09,6.98,7.1,6.85,6.95,4759200.0,32949084.0
2026-06-10,6.9,6.97,6.77,6.89,5591000.0,38329820.0
2026-06-11,6.86,6.93,6.7,6.81,5140700.0,34863300.0
2026-06-12,6.85,7.01,6.73,6.95,5727500.0,39614284.0
2026-06-15,7.01,7.08,6.82,6.87,5873100.0,40679512.0
2026-06-16,6.87,6.87,6.74,6.83,4199300.0,28598380.0
2026-06-17,6.78,6.84,6.56,6.59,6324300.0,42004580.0
2026-06-18,6.52,6.72,6.49,6.62,5602700.0,37001408.0
2026-06-22,6.58,6.67,6.29,6.67,8461051.0,54726884.0
2026-06-23,6.6,6.8,6.6,6.69,6776496.0,45560408.0
2026-06-24,6.66,6.69,6.34,6.41,5722100.0,36889224.0
2026-06-25,6.42,6.57,6.29,6.4,5879500.0,37605852.0
2026-06-26,6.35,6.49,6.19,6.3,5618600.0,35450832.0
2026-06-29,6.33,6.35,6.07,6.19,6477650.0,40185744.0
2026-06-30,6.16,6.29,6.08,6.24,5663447.0,35128504.0
2026-07-01,6.23,6.42,6.15,6.34,6185209.0,38969588.0
2026-07-02,6.38,6.48,6.31,6.33,5964011.0,38143732.0
2026-07-03,6.31,6.46,6.3,6.41,6181800.0,39543624.0
2026-07-06,6.41,6.52,6.23,6.24,5788300.0,36635032.0
2026-07-07,6.21,6.24,6.06,6.07,4619000.0,28264942.0
2026-07-08,6.08,6.14,5.98,6.03,4026800.0,24329418.0
2026-07-09,6.0,6.08,5.83,5.96,7755300.0,46087192.0
2026-07-10,5.95,6.22,5.84,6.07,7994100.0,48572392.0
2026-07-13,6.06,6.11,5.79,5.82,7180900.0,42451956.0
2026-07-14,5.81,6.02,5.73,5.98,6259879.0,36804724.0
2026-07-15,5.95,6.19,5.95,6.09,5993200.0,36573456.0
2026-07-16,6.05,6.25,6.0,6.16,6417599.0,39518344.0
2026-07-17,6.13,6.3,5.94,6.01,8258700.0,50447860.0
2026-07-20,6.06,6.15,5.81,5.87,8652026.0,51711992.0
2026-07-21,5.87,5.94,5.68,5.88,8199800.0,47731264.0
2026-07-22,5.83,5.92,5.68,5.76,7781100.0,44840208.0
2026-07-23,5.73,6.02,5.72,5.99,8016815.0,47180852.0
2026-07-24,5.93,6.06,5.83,5.84,5292300.0,31275132.0
2026-07-27,5.84,6.04,5.79,6.03,6752915.0,40228388.0
2026-07-28,6.01,6.13,5.98,6.11,4853915.0,29539610.0
2026-07-29,6.13,6.72,6.1,6.72,7523500.0,49531936.0
2026-07-30,6.66,6.7,6.45,6.53,22118910.0,144523232.0
2026-07-31,6.52,6.57,6.43,6.55,12759750.0,83123376.0
2026-08-03,6.58,6.84,6.55,6.83,16180700.0,109186568.0
2026-08-04,6.85,6.92,6.7,6.85,12256178.0,83297576.0
2026-08-05,6.83,6.92,6.73,6.82,8665227.0,59121648.0
2026-08-06,6.88,7.25,6.82,6.99,17197948.0,120545344.0
2026-08-07,7.33,7.69,7.12,7.69,23402490.0,176362320.0
2026-08-10,7.31,7.62,7.07,7.57,35343484.0,258846880.0
2026-08-11,7.4,7.5,7.24,7.32,19560432.0,143650128.0
2026-08-12,7.3,7.33,7.17,7.2,11502836.0,82924504.0
2026-08-13,7.21,7.21,6.97,6.97,10904104.0,76951776.0
2026-08-14,6.97,7.02,6.83,6.94,8310903.0,57409232.0
2026-08-17,6.92,6.98,6.83,6.94,5762848.0,39893828.0
2026-08-18,6.93,6.95,6.86,6.92,5389100.0,37148224.0
2026-08-19,6.85,6.9,6.68,6.69,6337100.0,42755928.0
2026-08-20,6.69,6.85,6.69,6.78,4507700.0,30541720.0
2026-08-21,6.7,6.79,6.62,6.76,4573625.0,30676376.0
2026-08-24,6.79,6.84,6.67,6.69,3589100.0,24138564.0
2026-08-25,6.68,6.82,6.68,6.81,3673516.0,24894528.0
2026-08-26,6.81,7.01,6.79,6.95,6480064.0,44838728.0
2026-08-27,6.87,7.04,6.86,6.94,6838800.0,47611856.0
2026-08-28,6.93,7.0,6.91,6.99,4257214.0,29655932.0
2026-08-31,6.99,7.01,6.92,6.97,4033499.0,28091388.0
2026-09-01,6.98,7.1,6.96,7.07,4810800.0,33898708.0
2026-09-02,7.01,7.08,6.9,7.05,3919700.0,27399506.0
2026-09-03,7.08,7.08,6.9,6.99,4686744.0,32692512.0
2026-09-04,7.05,7.3,6.98,7.19,11189988.0,80404944.0
