date,open,high,low,close,volume,amount
2015-01-05,1.3703844316276088,1.3977921202601609,1.3566805873113326,1.3923105825336504,5399833.0,27170174.0
2015-01-06,1.3813475070806296,1.4114959645764371,1.375865969354119,1.4032736579866714,5431380.0,27617624.0
2015-01-07,1.3977921202601609,1.4114959645764371,1.3868290448071399,1.4032736579866714,4009744.0,20493522.0
2015-01-08,1.4032736579866714,1.4060144268499264,1.3840882759438848,1.3895698136703953,3001802.0,15254329.0
2015-01-09,1.3840882759438848,1.3977921202601609,1.3594213561745878,1.362162125037843,4117602.0,20792732.0
2015-01-12,1.351199049584822,1.3566805873113326,1.3210505920890148,1.334754436405291,4550727.0,22176852.0
2015-01-13,1.3265321298155253,1.3539398184480775,1.32379136095227,1.3539398184480775,1919427.0,9368852.0
2015-01-14,1.3539398184480775,1.4717928795680517,1.334754436405291,1.4142367334396921,14858482.0,76999496.0
2015-01-15,1.3813475070806296,1.4389036532089892,1.3813475070806296,1.3977921202601609,8917020.0,45831612.0
2015-01-16,1.3977921202601609,1.4114959645764371,1.3868290448071399,1.3977921202601609,5267015.0,26880394.0
2015-01-19,1.3868290448071399,1.4251998088927131,1.351199049584822,1.3731252004908638,9310090.0,47416444.0
2015-01-20,1.3923105825336504,1.4197182711662026,1.362162125037843,1.4142367334396921,7146210.0,36601560.0
2015-01-21,1.4197182711662026,1.4334221154824789,1.4087551957131816,1.4279405777559682,11653178.0,60537164.0
2015-01-22,1.4251998088927131,1.4580890352517757,1.4142367334396921,1.44986672866201,11116176.0,58451628.0
2015-01-23,1.44986672866201,1.44986672866201,1.4306813466192234,1.436162884345734,7409271.0,38875000.0
2015-01-26,1.436162884345734,1.5019413370638592,1.436162884345734,1.4827559550210727,15766294.0,85185680.0
2015-01-27,1.4827559550210727,1.4992005682006038,1.463570572978286,1.4909782616108385,10239304.0,55476816.0
2015-01-28,1.488237492747583,1.488237492747583,1.4553482663885204,1.4717928795680517,12647846.0,67870496.0
2015-01-29,1.460829804115031,1.4717928795680517,1.4389036532089892,1.44986672866201,9969267.0,52878512.0
2015-01-30,1.4334221154824789,1.4443851909354994,1.4005328891234161,1.4169775023029474,8734626.0,45237784.0
2015-02-02,1.3977921202601609,1.4169775023029474,1.3786067382173743,1.4060144268499264,6183705.0,31560418.0
2015-02-03,1.4005328891234161,1.4443851909354994,1.3923105825336504,1.4416444220722442,6818050.0,35614380.0
2015-02-04,1.4416444220722442,1.447125959798755,1.4251998088927131,1.436162884345734,3963136.0,20806112.0
2015-02-05,1.436162884345734,1.4443851909354994,1.4060144268499264,1.4114959645764371,3733500.0,19380360.0
2015-02-06,1.4114959645764371,1.4251998088927131,1.3731252004908638,1.3868290448071399,4731670.0,24013938.0
2015-02-09,1.3813475070806296,1.3950513513969056,1.3676436627643536,1.375865969354119,2819201.0,14188417.0
2015-02-10,1.375865969354119,1.3895698136703953,1.3649028939010983,1.3840882759438848,2551406.0,12810656.0
2015-02-11,1.3840882759438848,1.4032736579866714,1.3840882759438848,1.4032736579866714,2405669.0,12257141.0
2015-02-12,1.4032736579866714,1.4142367334396921,1.3895698136703953,1.4114959645764371,4751286.0,24264138.0
2015-02-13,1.4114959645764371,1.4306813466192234,1.4087551957131816,1.4197182711662026,5298339.0,27470936.0
2015-02-16,1.4224590400294579,1.4580890352517757,1.4142367334396921,1.4526074975252652,5320159.0,27999178.0
2015-02-17,1.4553482663885204,1.474533648431307,1.4443851909354994,1.4690521107047967,4702709.0,25042714.0
2015-02-25,1.4663113418415412,1.4717928795680517,1.44986672866201,1.4663113418415412,4139737.0,22029172.0
2015-02-26,1.4580890352517757,1.477274417294562,1.44986672866201,1.477274417294562,7080542.0,37802772.0
2015-02-27,1.477274417294562,1.4854967238843277,1.4690521107047967,1.477274417294562,8661762.0,46671272.0
2015-03-02,1.477274417294562,1.4937190304740935,1.474533648431307,1.4937190304740935,10622955.0,57591616.0
2015-03-03,1.4937190304740935,1.5457936388759426,1.4827559550210727,1.5074228747903695,18626508.0,102805904.0
2015-03-04,1.4964597993373487,1.611572091594068,1.4964597993373487,1.5923867095512811,31350028.0,179444224.0
2015-03-05,1.5896459406880261,1.6417205490898752,1.564979020918729,1.6280167047735992,24797144.0,145542336.0
2015-03-06,1.6280167047735992,1.6280167047735992,1.562238252055474,1.5732013275084948,14867011.0,86212576.0
2015-03-09,1.57594209637175,1.729425152714042,1.57594209637175,1.729425152714042,37860644.0,234349456.0
2015-03-10,1.7513513036200838,1.902093591099121,1.7047582329447453,1.902093591099121,47290664.0,308480480.0
2015-03-11,1.9103158976888865,2.0500951097149027,1.8911305156461,1.9596497372274806,45172824.0,326451776.0
2015-03-12,1.9596497372274806,2.1213551001595383,1.902093591099121,1.9459458929112043,42149920.0,306749888.0
2015-03-23,2.1377997133390694,2.1377997133390694,1.9815758881335224,2.0144651144925847,34474876.0,257381376.0
2015-03-24,2.0226874210823502,2.055576647441413,1.839055907244251,2.0528358785781577,36477624.0,259890256.0
2015-03-25,2.0144651144925847,2.241948930142768,1.9733535815437566,2.1103920247065173,32507268.0,251583696.0
2015-03-26,2.0692804917576892,2.1323181756125593,1.992538963586543,2.033650496535371,23585408.0,176892832.0
2015-03-27,2.0665397228944338,2.0966881803902413,2.033650496535371,2.0829843360739653,16763411.0,126631760.0
2015-03-30,2.0829843360739653,2.258393543322299,2.0254281899456057,2.2337266235530024,37290300.0,288577696.0
2015-03-31,2.228245085826492,2.3406166092199556,2.192615090604174,2.230985854689747,29784426.0,246898880.0
2015-04-01,2.230985854689747,2.258393543322299,2.192615090604174,2.220022779236726,18393816.0,149207072.0
2015-04-02,2.2337266235530024,2.277578925365086,2.2063189349204504,2.2364673924162575,16077784.0,131263800.0
2015-04-03,2.2364673924162575,2.3269127649036796,2.2090597037837054,2.2995050762711275,20661190.0,171454576.0
2015-04-07,2.2995050762711275,2.343357378083211,2.2912827696813616,2.310468151724148,17964452.0,151290656.0
2015-04-08,2.310468151724148,2.310468151724148,2.1871335528776634,2.2392081612795125,21484600.0,176418432.0
2015-04-09,2.228245085826492,2.2337266235530024,2.055576647441413,2.1460220199288353,17647268.0,138318800.0
2015-04-10,2.113132793569773,2.277578925365086,2.104910486980007,2.2666158499120646,22538596.0,182461968.0
2015-04-13,2.2748381565018305,2.494099665562248,2.2364673924162575,2.455728901476675,31790332.0,277143392.0
2015-04-14,2.4612104392031853,2.6256565709984985,2.4036542930748257,2.559878118280373,29181418.0,269027616.0
2015-04-15,2.5763227314599044,2.5900265757761805,2.4146173685278467,2.420098906254357,21951262.0,198092656.0
2015-04-16,2.343357378083211,2.6612865662208165,2.3296535337669346,2.6612865662208165,32379234.0,309293952.0
2015-04-17,2.8476588489221712,2.927141145956572,2.7188427123491756,2.724324250075686,37353368.0,383634816.0
2015-04-20,2.707879636896155,2.981956523221677,2.592767344639436,2.8038065471100877,31334048.0,321679072.0
2015-04-21,2.7681765518877697,2.8915111507342544,2.7544727075714937,2.8092880848365978,22028752.0,225552512.0
2015-04-22,2.8229919291528742,2.9326226836830824,2.787361933930556,2.8503996177854263,26026224.0,270361568.0
2015-04-23,2.8778073064179783,2.8915111507342544,2.738028094391962,2.7572134764347487,21461940.0,218321056.0
2015-04-24,2.7572134764347487,2.8092880848365978,2.644841953041285,2.732546556665452,18421690.0,183090176.0
2015-04-27,2.960030372315635,2.960030372315635,2.7955842405203217,2.8010657782468322,26246736.0,273634208.0
2015-04-28,2.7681765518877697,2.7791396273407907,2.5763227314599044,2.609211957818967,18549508.0,181232752.0
2015-04-29,2.581804269186415,2.6311381087250085,2.4639512080664403,2.6009896512292014,13254574.0,124291560.0
2015-04-30,2.6009896512292014,2.699657330306389,2.5489150428273524,2.6311381087250085,15050236.0,144105488.0
2015-05-04,2.622915802135243,2.6530642596310505,2.5215073541948,2.6393604153147745,11833070.0,112751664.0
2015-05-05,2.6393604153147745,2.6393604153147745,2.491358896698993,2.507803509878524,10470246.0,97752304.0
2015-05-06,2.505062741015269,2.535211198511076,2.3159496894506586,2.343357378083211,12221336.0,109623016.0
2015-05-07,2.3241719960404246,2.3789873733055287,2.26935661877532,2.283060463091596,8759937.0,73997040.0
2015-05-08,2.3269127649036796,2.4365435194338882,2.2967643074078725,2.398172755348315,9779296.0,83690320.0
2015-05-11,2.4666919769296958,2.5215073541948,2.4118765996645917,2.4886181278357373,16956924.0,152596848.0
2015-05-12,2.4858773589724823,2.6311381087250085,2.4529881326134193,2.6037304200924565,18670776.0,172732720.0
2015-05-13,2.6064711889557115,2.672249641673837,2.5406927362375864,2.609211957818967,15616091.0,148319744.0
2015-05-14,2.622915802135243,2.6283973398617535,2.5434335051008414,2.5516558116906074,10672090.0,100243584.0
2015-05-15,2.5379519673743314,2.559878118280373,2.4392842882971437,2.455728901476675,12446601.0,112462920.0
2015-05-18,2.4392842882971437,2.592767344639436,2.3926912176218047,2.592767344639436,18237318.0,169184000.0
2015-05-19,2.6530642596310505,2.6530642596310505,2.5434335051008414,2.6037304200924565,18195844.0,172417008.0
2015-05-20,2.6037304200924565,2.8175103914263633,2.6037304200924565,2.685953485990113,24995284.0,249060416.0
2015-05-21,2.705138868032899,2.7846211650673007,2.705138868032899,2.7709173207510247,19781704.0,198352064.0
2015-05-22,2.7955842405203217,2.8284734668793843,2.713361174622665,2.798325009383577,22331030.0,225820992.0
2015-05-25,2.7818803962040457,3.077883433435609,2.727065018938941,3.077883433435609,37349760.0,399748128.0
2015-05-26,3.124476504110948,3.3848495461201935,3.124476504110948,3.3026264802225374,42465316.0,506415392.0
2015-05-27,3.3026264802225374,3.521887989282954,3.154624961606755,3.442405692248553,29983902.0,362128832.0
2015-05-28,3.428701847932277,3.7877425690187105,3.250551871820688,3.2560334095471983,46986068.0,613644992.0
2015-05-29,3.250551871820688,3.5821849042745693,3.1518841927435,3.5821849042745693,46840496.0,591558720.0
2015-06-01,3.705519503121054,3.9412256253610027,3.705519503121054,3.9412256253610027,20604904.0,289577888.0
2015-06-02,4.335896341669754,4.335896341669754,4.16048713442142,4.335896341669754,9258018.0,145842064.0
2015-06-03,4.741530133431526,4.7689378220640775,4.248191738045587,4.453749402789728,74216624.0,1231844736.0
2015-06-04,4.357822492575796,4.385230181208348,4.009744846942383,4.182413285327462,46138756.0,701926464.0
2015-06-05,4.207080205096759,4.60175092140551,4.207080205096759,4.464712478242749,38753648.0,629277376.0
2015-06-08,4.464712478242749,4.714122444798973,4.440045558473452,4.566120926183192,35952512.0,603064576.0
2015-06-09,4.566120926183192,5.023829326346813,4.566120926183192,5.023829326346813,22072336.0,394584544.0
2015-06-10,5.28968390608257,5.522649259459262,4.9224208784063705,5.141682387466788,54577244.0,1043461568.0
2015-06-11,5.03753317066309,5.4897600331002,4.938865491585902,5.423981580382075,35756480.0,681847232.0
2015-06-12,5.413018504929054,5.6130946319466855,5.223905453364444,5.445907731288117,29699804.0,592062272.0
2015-06-15,5.48427849537369,5.796726145784785,5.456870806741138,5.511686184006242,27567000.0,565090944.0
2015-06-16,5.418500042655564,5.42672234924533,5.010125482030538,5.015607019757048,27230686.0,512023488.0
2015-06-17,5.045755477252856,5.48427849537369,4.577084001636213,5.256794679723507,33124292.0,598880384.0
2015-06-18,5.234868528817466,5.456870806741138,4.9333839538593915,5.051237014979366,19983588.0,381267552.0
2015-06-19,4.79634551069663,4.988199331124496,4.546935544140406,4.546935544140406,20316880.0,347949760.0
2015-06-23,4.259154813498608,4.577084001636213,4.0919679128400395,4.1385609835153785,25749358.0,393665184.0
2015-06-24,4.382489412345093,4.461971709379494,4.179672516464207,4.371526336892072,21459356.0,337843648.0
2015-06-25,4.390711718934858,4.519527855507853,3.9357440876344922,4.193376360780483,20727120.0,325990624.0
2015-06-26,4.004263309215872,4.004263309215872,3.774038724702434,3.774038724702434,17912188.0,248639136.0
2015-06-29,3.7822610312922,3.9330033187712368,3.3958126215732145,3.3958126215732145,22259972.0,283672768.0
2015-06-30,3.1738103436495417,3.5492956779155063,3.0559572825295676,3.5136656826931887,35816852.0,425082656.0
2015-07-01,3.4752949186076156,3.532851064735975,3.1628472681965207,3.1628472681965207,31600900.0,379949664.0
2015-07-02,3.0175865184439945,3.0861057400253746,2.8476588489221712,2.8476588489221712,25172932.0,264696912.0
2015-07-03,2.570841193733394,2.7407688632552176,2.562618887143628,2.562618887143628,24902430.0,235291360.0
2015-07-06,2.7489911698449827,2.8092880848365978,2.307727382860893,2.307727382860893,24571396.0,223710880.0
2015-07-07,2.0829843360739653,2.0829843360739653,2.0775027983474548,2.0775027983474548,1806700.0,13700523.0
2015-07-08,1.8692043647400582,2.2666158499120646,1.8692043647400582,2.1213551001595383,70483368.0,491601504.0
2015-07-17,2.33239430263019,2.33239430263019,2.33239430263019,2.33239430263019,890506.0,7578206.0
2015-07-20,2.5653596560068834,2.5653596560068834,2.5653596560068834,2.5653596560068834,732457.0,6855797.5
2015-07-21,2.71062040575941,2.8229919291528742,2.6283973398617535,2.8229919291528742,35621956.0,357877504.0
2015-07-22,2.9326226836830824,3.105291122068161,2.9024742261872754,3.105291122068161,49983560.0,551400896.0
2015-07-23,3.201218032282094,3.201218032282094,3.014845749580739,3.165588037059776,43241820.0,491478560.0
2015-07-24,3.1135134286579267,3.4259610790690216,3.064179589119333,3.1929957256923283,40409320.0,477350176.0
2015-07-27,3.097068815478396,3.288922635906261,2.8750665375547233,2.8750665375547233,25692592.0,289624000.0
2015-07-28,2.587285806912925,2.8750665375547233,2.587285806912925,2.587285806912925,29854720.0,288712096.0
2015-07-29,2.6667681039473266,2.7928434716570663,2.4529881326134193,2.787361933930556,24108252.0,230857136.0
2015-07-30,2.8449180800589158,2.8531403866486813,2.5735819625966494,2.6037304200924565,21826244.0,221425184.0
2015-07-31,2.5900265757761805,2.622915802135243,2.4666919769296958,2.5132850476050344,15021314.0,138841024.0
2015-08-03,2.4666919769296958,2.4886181278357373,2.2611343121855545,2.3022458451343826,13814573.0,118683904.0
2015-08-04,2.280319694228341,2.532470429647821,2.280319694228341,2.532470429647821,19072780.0,170281712.0
2015-08-05,2.570841193733394,2.6585457973575606,2.535211198511076,2.557137349417118,22115830.0,209182800.0
2015-08-06,2.4666919769296958,2.58454503804967,2.4063950619380807,2.4858773589724823,12105752.0,110597408.0
2015-08-07,2.5434335051008414,2.696916561443134,2.518766585331545,2.6804719482636026,17845744.0,168590928.0
2015-08-10,2.699657330306389,2.886029613007744,2.6886942548533685,2.8832888441444884,23913100.0,244981216.0
2015-08-11,2.864103462101702,3.001141905264463,2.759954245298004,2.8778073064179783,27733336.0,290418848.0
2015-08-12,2.7955842405203217,2.960030372315635,2.7928434716570663,2.8503996177854263,21523868.0,225939360.0
2015-08-13,2.8229919291528742,3.1354395795639687,2.7407688632552176,3.1354395795639687,37376232.0,410119552.0
2015-08-14,3.2423295652309223,3.3930718527099595,3.1464026550169897,3.1765511125127968,45720556.0,545372928.0
2015-08-17,3.288922635906261,3.494480300650402,3.2560334095471983,3.494480300650402,43400744.0,534963872.0
2015-08-18,3.6452225881294393,3.8452987151470697,3.231366489777901,3.793224106745221,69505120.0,934654336.0
2015-08-19,3.5629995222317827,4.1714502098744415,3.414998003616001,4.1714502098744415,81824584.0,1114351872.0
2015-08-20,3.9741148517200653,4.387970950071604,3.7822610312922,3.7850018001554555,69691904.0,1045864576.0
2015-08-21,3.6863341210782674,3.71374180971082,3.406775697026235,3.406775697026235,36779592.0,472045216.0
2015-08-24,3.132698810700713,3.231366489777901,3.066920357982588,3.066920357982588,10506156.0,118351320.0
2015-08-25,2.759954245298004,2.759954245298004,2.759954245298004,2.759954245298004,4803900.0,48375272.0
2015-08-26,2.611952726682222,2.8229919291528742,2.4831365901092273,2.4831365901092273,35811236.0,340556672.0
2015-08-27,2.5105442787417793,2.5900265757761805,2.2337266235530024,2.398172755348315,31712888.0,277990144.0
2015-08-28,2.4529881326134193,2.6393604153147745,2.4146173685278467,2.6393604153147745,31854112.0,296701600.0
2015-08-31,2.685953485990113,2.83669577346915,2.6311381087250085,2.7161019434859206,36302612.0,360920032.0
2015-09-01,2.6037304200924565,2.6037304200924565,2.4447658260236538,2.4447658260236538,24107610.0,218518864.0
2015-09-02,2.2638750810488095,2.5215073541948,2.2008373971939394,2.2008373971939394,21044684.0,175891568.0
2015-09-07,2.250171236732534,2.370765066715763,2.008983576766074,2.1240958690227933,43419632.0,347635040.0
2015-09-08,2.0966881803902413,2.247430467869278,1.9733535815437566,2.2063189349204504,22400574.0,172203312.0
2015-09-09,2.2748381565018305,2.373505835579018,2.192615090604174,2.373505835579018,39981520.0,333692672.0
2015-09-10,2.277578925365086,2.4584696703399302,2.2638750810488095,2.321431227177169,28083040.0,239954272.0
2015-09-11,2.3378758403567,2.3789873733055287,2.2666158499120646,2.318690458313914,18349076.0,154860064.0
2015-09-14,2.3488389158097216,2.359801991262742,2.0857251049372207,2.0857251049372207,22155964.0,177306448.0
2015-09-15,2.01720588335584,2.01720588335584,1.8774266713298238,1.8774266713298238,17625644.0,123550504.0
2015-09-16,1.839055907244251,2.0665397228944338,1.839055907244251,2.0665397228944338,18871524.0,135198368.0
2015-09-17,2.0775027983474548,2.1843927840144084,1.9760943504070116,2.028168958808861,23123988.0,175243104.0
2015-09-18,2.0363912653986262,2.1323181756125593,1.9760943504070116,2.0692804917576892,15818273.0,118799376.0
2015-09-21,2.055576647441413,2.14328125106558,2.0035020390395637,2.1323181756125593,12957968.0,99170936.0
2015-09-22,2.1487627887920904,2.2145412415102155,2.0884658738004758,2.1240958690227933,16737749.0,131453888.0
2015-09-23,2.0720212606209443,2.1103920247065173,2.0117243456293297,2.0391320342618817,12271827.0,92178432.0
2015-09-24,2.0747620294841997,2.2337266235530024,2.055576647441413,2.1843927840144084,23382016.0,184782416.0
2015-09-25,2.1377997133390694,2.167948170834877,2.008983576766074,2.0254281899456057,17303762.0,132057848.0
2015-09-28,2.0775027983474548,2.0775027983474548,1.9486866617744596,2.0610581851679233,9354721.0,69228280.0
2015-09-29,2.0007612701763087,2.0226874210823502,1.9623905060907356,1.9760943504070116,8373135.0,60706660.0
2015-09-30,1.9980205013130534,2.0144651144925847,1.9733535815437566,1.9952797324497984,5340268.0,38910236.0
2015-10-08,2.0692804917576892,2.126836637886049,2.030909727672116,2.0966881803902413,10984416.0,83671096.0
2015-10-09,2.093947411526986,2.2090597037837054,2.0747620294841997,2.1624666331083664,15534802.0,121244048.0
2015-10-12,2.2063189349204504,2.321431227177169,2.1843927840144084,2.3159496894506586,21784704.0,180111616.0
2015-10-13,2.2967643074078725,2.4529881326134193,2.252912005595789,2.4255804439808673,20499172.0,175088240.0
2015-10-14,2.398172755348315,2.4146173685278467,2.307727382860893,2.3899504487585497,16571939.0,143147872.0
2015-10-15,2.4392842882971437,2.5215073541948,2.3872096798952946,2.4831365901092273,22821278.0,203913056.0
2015-10-16,2.4612104392031853,2.581804269186415,2.4173581373911017,2.5242481230580553,23806274.0,217417552.0
2015-10-19,2.5900265757761805,2.6037304200924565,2.494099665562248,2.5900265757761805,23284470.0,216723744.0
2015-10-20,2.5982488823659464,2.685953485990113,2.5516558116906074,2.650323490767795,20676348.0,198383856.0
2015-10-21,2.6585457973575606,2.705138868032899,2.3844689110320387,2.494099665562248,26527002.0,241997968.0
2015-10-22,2.505062741015269,2.6393604153147745,2.4420250571603987,2.611952726682222,27484916.0,255933632.0
2015-10-23,2.6530642596310505,2.8175103914263633,2.6311381087250085,2.8038065471100877,34926452.0,348336192.0
2015-10-26,2.8778073064179783,2.886029613007744,2.705138868032899,2.7955842405203217,23262142.0,236427216.0
2015-10-27,2.7407688632552176,2.7818803962040457,2.5489150428273524,2.702398099169644,24229032.0,236213536.0
2015-10-28,2.6585457973575606,2.727065018938941,2.529729660784566,2.559878118280373,17309338.0,165833136.0
2015-10-29,2.611952726682222,2.672249641673837,2.5735819625966494,2.611952726682222,14105484.0,134984784.0
2015-10-30,2.6338788775882636,2.7681765518877697,2.5379519673743314,2.6667681039473266,19497578.0,188224720.0
2015-11-02,2.6283973398617535,2.677731179400347,2.5215073541948,2.529729660784566,13171386.0,125013952.0
2015-11-03,2.554396580553863,2.6311381087250085,2.4886181278357373,2.614693495545477,12682898.0,118795296.0
2015-11-04,2.6421011841780295,2.7544727075714937,2.595508113502691,2.7161019434859206,27240036.0,266396016.0
2015-11-05,2.699657330306389,2.861362693238447,2.6640273350840715,2.7298057878021966,28023164.0,283155584.0
2015-11-06,2.7298057878021966,2.8503996177854263,2.724324250075686,2.7818803962040457,23006368.0,233724480.0
2015-11-09,2.738028094391962,2.83669577346915,2.6585457973575606,2.8092880848365978,29011692.0,290433952.0
2015-11-10,2.861362693238447,3.036771900486781,2.8229919291528742,2.960030372315635,35703296.0,378697312.0
2015-11-11,2.896992688460765,2.946326527999359,2.858621924375192,2.9134373016402964,19460662.0,206037504.0
2015-11-12,2.921659608230062,2.927141145956572,2.7818803962040457,2.833955004605895,17171992.0,177993472.0
2015-11-13,2.8092880848365978,2.8092880848365978,2.7161019434859206,2.727065018938941,14972863.0,150609872.0
2015-11-16,2.6585457973575606,2.7681765518877697,2.5982488823659464,2.7544727075714937,10065730.0,98912464.0
2015-11-17,2.787361933930556,2.8010657782468322,2.685953485990113,2.6941757925798786,17279496.0,172809392.0
2015-11-18,2.6914350237166236,2.7791396273407907,2.644841953041285,2.6667681039473266,13855018.0,136968976.0
2015-11-19,2.64758272190454,2.702398099169644,2.636619646451519,2.685953485990113,10790989.0,105273592.0
2015-11-20,2.7215834812124307,2.7407688632552176,2.6804719482636026,2.713361174622665,12280809.0,121539600.0
2015-11-23,2.713361174622665,2.7955842405203217,2.699657330306389,2.7215834812124307,14418360.0,144746672.0
2015-11-24,2.735287325528707,2.7572134764347487,2.6886942548533685,2.751731938708238,11048021.0,109948592.0
2015-11-25,2.765435783024514,2.8038065471100877,2.7462504009817277,2.7763988584775356,14672916.0,148746048.0
2015-11-26,2.7955842405203217,2.858621924375192,2.7544727075714937,2.7955842405203217,18225742.0,185965296.0
2015-11-27,2.7818803962040457,2.7928434716570663,2.5160258164682894,2.5215073541948,16246061.0,157155888.0
2015-11-30,2.5379519673743314,2.557137349417118,2.2967643074078725,2.4173581373911017,14764766.0,131249200.0
2015-12-01,2.4255804439808673,2.494099665562248,2.3844689110320387,2.4831365901092273,17009200.0,151569648.0
2015-12-02,2.4831365901092273,2.496840434425503,2.3296535337669346,2.4255804439808673,8410829.0,74373120.0
2015-12-03,2.4255804439808673,2.6037304200924565,2.4146173685278467,2.5653596560068834,14670016.0,132392744.0
2015-12-04,2.738028094391962,2.738028094391962,2.5489150428273524,2.5763227314599044,19753200.0,189311872.0
2015-12-07,2.592767344639436,2.592767344639436,2.5160258164682894,2.5653596560068834,9478037.0,88548360.0
2015-12-08,2.532470429647821,2.535211198511076,2.4447658260236538,2.4584696703399302,8836831.0,80129040.0
2015-12-09,2.4420250571603987,2.4666919769296958,2.4036542930748257,2.4063950619380807,7554916.0,66728988.0
2015-12-10,2.420098906254357,2.4255804439808673,2.343357378083211,2.343357378083211,8540167.0,74039528.0
2015-12-11,2.343357378083211,2.3543204535362316,2.250171236732534,2.277578925365086,10317250.0,85996096.0
2015-12-14,2.2638750810488095,2.3296535337669346,2.2392081612795125,2.3241719960404246,12353772.0,102118496.0
2015-12-15,2.3241719960404246,2.3515796846729766,2.304986613997638,2.3296535337669346,11028444.0,93719344.0
2015-12-16,2.3296535337669346,2.4036542930748257,2.318690458313914,2.3543204535362316,11422266.0,98276496.0
2015-12-17,2.359801991262742,2.4392842882971437,2.359801991262742,2.4310619817073778,14287603.0,125968920.0
2015-12-18,2.4310619817073778,2.499581203288758,2.4146173685278467,2.4475065948869092,19659968.0,175647024.0
2015-12-21,2.4392842882971437,2.502321972152014,2.398172755348315,2.502321972152014,16701188.0,149055680.0
2015-12-22,2.5160258164682894,2.5406927362375864,2.4666919769296958,2.4886181278357373,11425165.0,103997912.0
2015-12-23,2.499581203288758,2.507803509878524,2.4146173685278467,2.4146173685278467,13181659.0,117835576.0
2015-12-24,2.4146173685278467,2.420098906254357,2.3159496894506586,2.370765066715763,8805993.0,76032336.0
2015-12-25,2.373505835579018,2.39543198648506,2.343357378083211,2.3789873733055287,7916469.0,68525464.0
2015-12-28,2.3899504487585497,2.4529881326134193,2.33239430263019,2.335135071493445,12632793.0,110909392.0
2015-12-29,2.3378758403567,2.4009135242115702,2.310468151724148,2.398172755348315,7543918.0,64456332.0
2015-12-30,2.4009135242115702,2.4146173685278467,2.368024297852508,2.3844689110320387,6156622.0,53687432.0
2015-12-31,2.39543198648506,2.4009135242115702,2.321431227177169,2.321431227177169,8848746.0,75783688.0
2016-01-04,2.3296535337669346,2.343357378083211,2.0884658738004758,2.091206642663731,8834766.0,71971968.0
2016-01-05,1.9596497372274806,2.1103920247065173,1.9267605108684178,2.0007612701763087,13339929.0,98767160.0
2016-01-06,2.028168958808861,2.0829843360739653,1.9980205013130534,2.0720212606209443,8877700.0,66099628.0
2016-01-07,2.041872803125137,2.041872803125137,1.866463595876803,1.8692043647400582,2275900.0,16187719.0
2016-01-08,1.8856489779195895,1.9651312749539909,1.7842405299791464,1.9404643551846938,10689373.0,74414408.0
2016-01-11,1.9130566665521418,1.9404643551846938,1.7814997611158914,1.7814997611158914,7945135.0,54294936.0
2016-01-12,1.7979443742954224,1.8637228270135477,1.7349066904405526,1.8308336006544852,6971047.0,45990812.0
2016-01-13,1.8500189826972717,1.8801674401930792,1.7814997611158914,1.7814997611158914,5805359.0,38829516.0
2016-01-14,1.7239436149875318,1.8472782138340167,1.691054388628469,1.8335743695177404,5481719.0,35503840.0
2016-01-15,1.8089074497484434,1.8335743695177404,1.691054388628469,1.7102397706712558,6623957.0,42425292.0
2016-01-18,1.674609775448938,1.7979443742954224,1.6499428556796407,1.7677959167996153,8561513.0,54285264.0
2016-01-19,1.7595736102098496,1.8472782138340167,1.7403882281670628,1.82809283179123,6995568.0,46095532.0
2016-01-20,1.82809283179123,1.8746859024665687,1.7842405299791464,1.8363151383809957,8197928.0,54958480.0
2016-01-21,1.814388987474954,1.8637228270135477,1.7458697658935736,1.7540920724833393,5448920.0,36082312.0
2016-01-22,1.7677959167996153,1.7952036054321674,1.729425152714042,1.7705366856628704,5359166.0,34513472.0
2016-01-25,1.800685143158678,1.8061666808851882,1.76505514793636,1.7787589922526361,4496728.0,29257882.0
2016-01-26,1.7924628365689121,1.7924628365689121,1.600609016141047,1.6033497850043021,7623949.0,46937704.0
2016-01-27,1.6033497850043021,1.625275935910344,1.4553482663885204,1.562238252055474,7720879.0,43738772.0
2016-01-28,1.5457936388759426,1.562238252055474,1.4663113418415412,1.4827559550210727,4984107.0,27598152.0
2016-01-29,1.488237492747583,1.562238252055474,1.474533648431307,1.5320897945596665,5755786.0,32007062.0
2016-02-01,1.5211267191066455,1.5567567143289633,1.5074228747903695,1.537571332286177,4004703.0,22327274.0
2016-02-02,1.537571332286177,1.600609016141047,1.537571332286177,1.5896459406880261,4246527.0,24519140.0
2016-02-03,1.57594209637175,1.6060905538675574,1.562238252055474,1.5951274784145366,4803388.0,27734806.0
2016-02-04,1.6033497850043021,1.6526836245428962,1.5951274784145366,1.6417205490898752,4663475.0,27821588.0
2016-02-05,1.6389797802266202,1.7458697658935736,1.625275935910344,1.6855728509019587,6823160.0,41734476.0
2016-02-15,1.6225351670470887,1.729425152714042,1.5951274784145366,1.6800913131754482,6487692.0,39275636.0
2016-02-16,1.688313619765214,1.7568328413465943,1.6855728509019587,1.7376474593038078,5852179.0,37035608.0
2016-02-17,1.7376474593038078,1.776018223389381,1.7047582329447453,1.7540920724833393,7992007.0,50699004.0
2016-02-18,1.7677959167996153,1.8226112940647197,1.729425152714042,1.7677959167996153,10501054.0,67968448.0
2016-02-19,1.7568328413465943,1.7952036054321674,1.7431289970303183,1.7897220677056571,6713938.0,43509196.0
2016-02-22,1.82809283179123,1.9678720438172461,1.825352062927975,1.9514274306377148,22990496.0,162838160.0
2016-02-23,1.915797435415397,1.9240197420051626,1.839055907244251,1.8637228270135477,14697049.0,101166032.0
2016-02-24,1.8500189826972717,1.8993528222358655,1.8034259120219331,1.855500520423782,8985802.0,60715296.0
2016-02-25,1.855500520423782,1.8637228270135477,1.6691282377224275,1.6691282377224275,13033274.0,82724384.0
2016-02-26,1.6691282377224275,1.6992766952182348,1.6170536293205784,1.663646699995917,7859624.0,47557996.0
2016-02-29,1.6609059311326617,1.6855728509019587,1.5074228747903695,1.562238252055474,7699691.0,43754948.0
2016-03-01,1.562238252055474,1.663646699995917,1.5348305634229216,1.6170536293205784,10689395.0,63042376.0
2016-03-02,1.6334982425001097,1.7623143790731046,1.611572091594068,1.7540920724833393,14801402.0,91497472.0
2016-03-03,1.7403882281670628,1.8308336006544852,1.7266843838507868,1.7486105347568286,13475306.0,87594200.0
2016-03-04,1.7321659215772975,1.9240197420051626,1.7321659215772975,1.9240197420051626,40911344.0,284819488.0
2016-07-19,2.811165028998851,2.811165028998851,2.811165028998851,2.811165028998851,1377017.0,10341398.0
2016-07-20,3.0919072089920783,3.0919072089920783,3.0919072089920783,3.0919072089920783,213330.0,1762105.75
2016-07-21,3.3689061599187298,3.3689061599187298,3.1517988740573,3.241636371655133,69105344.0,606591808.0
2016-07-22,3.1854879356564876,3.207947310055946,2.919718671929566,2.9983264823276694,44261120.0,363052480.0
2016-07-25,2.9908400241945166,3.054474918326315,2.8673134649974967,3.005812940460822,35036484.0,274948736.0
2016-07-26,3.005812940460822,3.024529085793704,2.942178046329024,2.9534077335287527,17782022.0,141530272.0
2016-07-27,2.923461900996142,2.9571509625953296,2.728813989534171,2.758759822066782,25324364.0,192025216.0
2016-07-28,2.762503051133358,2.8261379452651565,2.6913816988684074,2.8261379452651565,15905608.0,117401024.0
2016-07-29,2.8261379452651565,3.0282723148602804,2.7400436767339,2.9796103369947877,30716160.0,240275920.0
2016-08-01,2.919718671929566,2.9870967951279406,2.844854090598038,2.9496645044621768,16493912.0,128398656.0
2016-08-02,2.9159754428629894,3.1854879356564876,2.882286381263802,3.1405691868575714,31592750.0,259564048.0
2016-08-03,3.0956504380586547,3.342703556452695,3.0357587729934328,3.237893142588557,42374112.0,361032928.0
2016-08-04,3.1667717903236063,3.2004608519227933,3.0956504380586547,3.1255962705912657,27273432.0,228882384.0
2016-08-05,3.0919072089920783,3.1255962705912657,2.994583253261093,3.0507316892597385,30895684.0,251590240.0
2016-08-08,3.0357587729934328,3.1667717903236063,3.0320155439268563,3.0657046055260437,22259480.0,183520992.0
2016-08-09,3.043245231126586,3.1517988740573,3.0095561695273982,3.073191063659197,18601712.0,152897168.0
2016-08-10,3.0619613764594673,3.1218530415246892,3.0095561695273982,3.0357587729934328,15264557.0,124063808.0
2016-08-11,3.0020697113942454,3.0881639799255023,2.9758671079282113,3.013299398593975,13710718.0,110946672.0
2016-08-12,3.013299398593975,3.0469884601931625,2.9608941916619056,3.0469884601931625,12571348.0,101280512.0
2016-08-15,3.054474918326315,3.2154337681890985,3.054474918326315,3.1967176228562164,31022916.0,260999936.0
2016-08-16,3.2453796007217095,3.3202441820532367,3.163028561257029,3.1705150193901823,29708836.0,256566624.0
2016-08-17,3.1667717903236063,3.1705150193901823,3.06944783459262,3.1068801252583844,17167700.0,142552016.0
2016-08-18,3.1181098124581133,3.249122829788286,3.0881639799255023,3.159285332190453,22797924.0,192851376.0
2016-08-19,3.129339499657842,3.181744706589911,3.0919072089920783,3.133082728724418,11191854.0,93797968.0
2016-08-22,3.1368259577909954,3.3202441820532367,3.1068801252583844,3.279068662320897,30953648.0,266176480.0
2016-08-23,3.252866058854862,3.3501900145858476,3.222920226322251,3.3165009529866603,30905380.0,271867104.0
2016-08-24,3.282811891387473,3.387622305251612,3.249122829788286,3.2640957460545916,23358916.0,206675744.0
2016-08-25,3.2640957460545916,3.2640957460545916,3.1368259577909954,3.2004608519227933,15820933.0,134739488.0
2016-08-26,3.1967176228562164,3.271582204187744,3.181744706589911,3.1854879356564876,9827855.0,84507368.0
2016-08-29,3.144312415924148,3.207947310055946,3.1405691868575714,3.1705150193901823,10400868.0,88089224.0
2016-08-30,3.181744706589911,3.237893142588557,3.1555421031238766,3.159285332190453,8125770.0,69165504.0
2016-08-31,3.159285332190453,3.1742582484567587,2.994583253261093,3.129339499657842,11919910.0,99050592.0
2016-09-01,3.1517988740573,3.1705150193901823,3.1068801252583844,3.144312415924148,7114682.0,59665744.0
2016-09-02,3.1106233543249604,3.144312415924148,3.0282723148602804,3.0582181473928913,10253821.0,84413640.0
2016-09-05,3.0619613764594673,3.163028561257029,3.054474918326315,3.144312415924148,9786004.0,81219640.0
2016-09-06,3.1517988740573,3.163028561257029,3.103136896191807,3.148055644990724,6883819.0,57721868.0
2016-09-07,3.148055644990724,3.178001477523335,3.103136896191807,3.114366583391537,8037325.0,67376440.0
2016-09-08,3.114366583391537,3.133082728724418,3.06944783459262,3.1255962705912657,6817747.0,56466212.0
2016-09-09,3.103136896191807,3.159285332190453,3.0919072089920783,3.0919072089920783,7714613.0,64485192.0
2016-09-12,2.9571509625953296,3.181744706589911,2.9571509625953296,3.133082728724418,14465018.0,119256880.0
2016-09-13,3.129339499657842,3.271582204187744,3.1068801252583844,3.260352516988015,18699896.0,159736480.0
2016-09-14,3.252866058854862,3.406338450584493,3.219176997255675,3.3501900145858476,33645852.0,300471904.0
2016-09-19,3.3726493889853058,3.417568137784223,3.2902983495206257,3.4025952215179167,28404204.0,254916320.0
2016-09-20,3.3651629308521533,3.664621256178262,3.3539332436524245,3.630932194579075,44900012.0,422197312.0
2016-09-21,3.57478375858043,3.61595927831277,3.526121780714937,3.5672973004472768,24598720.0,234471504.0
2016-09-22,3.5785269876470065,3.634675423645652,3.5336082388480894,3.61595927831277,25447316.0,243665456.0
2016-09-30,3.4812030319160208,3.5972431329798877,3.387622305251612,3.477459802849444,20751276.0,193938112.0
2016-10-10,3.133082728724418,3.3239874111198136,3.129339499657842,3.222920226322251,36278852.0,312697760.0
2016-10-11,3.237893142588557,3.5111488644486317,3.237893142588557,3.466230115649715,30234784.0,271231776.0
2016-10-12,3.3726493889853058,3.5111488644486317,3.3726493889853058,3.4138249087176455,26390236.0,242538448.0
2016-10-13,3.4138249087176455,3.4287978249839517,3.32773064018639,3.357676472719001,16657727.0,149859088.0
2016-10-14,3.346446785519271,3.406338450584493,3.3052712657869314,3.3539332436524245,13555751.0,121434376.0
2016-10-17,3.3988519924513407,3.4100816796510696,3.282811891387473,3.2940415785872026,12889186.0,115599408.0
2016-10-18,3.2640957460545916,3.3239874111198136,3.2154337681890985,3.312757723920084,16874682.0,147232576.0
2016-10-19,3.2940415785872026,3.3951087633847643,3.282811891387473,3.3539332436524245,16895142.0,150705232.0
2016-10-20,3.3501900145858476,3.387622305251612,3.3352170983195424,3.3726493889853058,14240128.0,128100096.0
2016-10-21,3.3651629308521533,3.3651629308521533,3.2902983495206257,3.309014494853508,11048374.0,97872640.0
2016-10-24,3.2902983495206257,3.3501900145858476,3.2640957460545916,3.297784807653779,11854700.0,104687392.0
2016-10-25,3.32773064018639,3.4250545959173753,3.282811891387473,3.4250545959173753,20163392.0,181417440.0
2016-10-26,3.421311366850799,3.45125719938341,3.3689061599187298,3.3689061599187298,12550776.0,113916608.0
2016-10-27,3.391365534318188,3.391365534318188,3.312757723920084,3.3689061599187298,8730404.0,77947560.0
2016-10-28,3.361419701785577,3.3651629308521533,3.3165009529866603,3.3239874111198136,6510406.0,58067740.0
2016-10-31,3.297784807653779,3.312757723920084,3.207947310055946,3.2753254332543205,10298461.0,89624032.0
2016-11-01,3.271582204187744,3.331473869252966,3.2566092879214383,3.2753254332543205,9988085.0,87492776.0
2016-11-02,3.2753254332543205,3.3202441820532367,3.2640957460545916,3.2753254332543205,9073708.0,79753024.0
2016-11-03,3.237893142588557,3.3052712657869314,3.2304066844554042,3.2865551204540493,10873215.0,95398176.0
2016-11-04,3.301528036720355,3.301528036720355,3.181744706589911,3.2042040809893697,20007248.0,173290880.0
2016-11-07,3.2042040809893697,3.2042040809893697,3.1106233543249604,3.1405691868575714,14357788.0,120395296.0
2016-11-08,3.144312415924148,3.252866058854862,3.1368259577909954,3.219176997255675,15011984.0,128417960.0
2016-11-09,3.19297439378964,3.2266634553888274,3.0881639799255023,3.163028561257029,10554830.0,89431712.0
2016-11-10,3.1742582484567587,3.2453796007217095,3.163028561257029,3.2004608519227933,9699996.0,82925640.0
2016-11-11,3.2004608519227933,3.2753254332543205,3.2004608519227933,3.237893142588557,9940369.0,86149160.0
2016-11-14,3.2266634553888274,3.2753254332543205,3.211690539122522,3.2566092879214383,6920137.0,59929116.0
2016-11-15,3.2566092879214383,3.271582204187744,3.2266634553888274,3.2304066844554042,7764939.0,67297784.0
2016-11-16,3.2266634553888274,3.271582204187744,3.219176997255675,3.237893142588557,9509501.0,82429320.0
2016-11-17,3.241636371655133,3.252866058854862,3.207947310055946,3.2453796007217095,7231800.0,62368536.0
2016-11-18,3.241636371655133,3.5523243841809715,3.237893142588557,3.4999191772489024,48987160.0,450338208.0
2016-11-21,3.466230115649715,3.5822702167135825,3.4325410540505277,3.5410946969812427,34700664.0,325951392.0
2016-11-22,3.5186353225817846,3.694567088710873,3.4812030319160208,3.6496483399119573,26923318.0,256207760.0
2016-11-23,3.61595927831277,3.7319993793766373,3.5485811551143955,3.5485811551143955,33981860.0,331190400.0
2016-11-24,3.5972431329798877,3.803120731641588,3.5972431329798877,3.6870806305777206,44401284.0,439979296.0
2016-11-25,3.6870806305777206,3.803120731641588,3.5672973004472768,3.7956342735084356,40162472.0,399297696.0
2016-11-28,3.803120731641588,3.8517827095070807,3.7020535468440263,3.7319993793766373,22284150.0,224259296.0
2016-11-29,3.709540004977179,3.7170264631103316,3.5672973004472768,3.571040529513853,18786100.0,182127648.0
2016-11-30,3.5186353225817846,3.9041879164391498,3.5186353225817846,3.750715524709519,77415872.0,767274560.0
2016-12-01,3.754458753776095,3.803120731641588,3.6721077143114154,3.709540004977179,41430688.0,411147744.0
2016-12-02,3.679594172444568,3.743229066576366,3.57478375858043,3.604729591113041,25477338.0,248914416.0
2016-12-05,3.526121780714937,3.630932194579075,3.5223785516483606,3.5523243841809715,13002402.0,123911752.0
2016-12-06,3.5822702167135825,3.6084728201796175,3.4550004284499862,3.4587436575165627,12259371.0,115626184.0
2016-12-07,3.4550004284499862,3.4886894900491736,3.3838790761850346,3.447513970316834,15570675.0,142049152.0
2016-12-08,3.4624868865831386,3.4737165737828675,3.376392618051882,3.391365534318188,11864214.0,108131856.0
2016-12-09,3.406338450584493,3.4287978249839517,3.376392618051882,3.3951087633847643,8198636.0,74545288.0
2016-12-12,3.3951087633847643,3.4025952215179167,3.054474918326315,3.054474918326315,33390832.0,280495296.0
2016-12-13,3.0507316892597385,3.0507316892597385,2.8336244033983093,2.942178046329024,27830908.0,218484768.0
2016-12-14,2.919718671929566,2.9870967951279406,2.874799923130649,2.919718671929566,13855454.0,107965720.0
2016-12-15,2.912232213796413,2.9758671079282113,2.8560837777977675,2.90474575566326,16488860.0,128270776.0
2016-12-16,2.882286381263802,2.9384348172624475,2.8673134649974967,2.9384348172624475,10909980.0,84939408.0
2016-12-19,2.9459212753956003,2.9459212753956003,2.8972592975301077,2.90474575566326,8703169.0,67781712.0
2016-12-20,2.8860296103303784,2.90474575566326,2.859827006864344,2.874799923130649,7556011.0,58205560.0
2016-12-21,2.8785431521972256,2.9496645044621768,2.8785431521972256,2.942178046329024,9736792.0,76032992.0
2016-12-22,2.942178046329024,2.9908400241945166,2.919718671929566,2.9571509625953296,9653560.0,76412304.0
2016-12-23,2.9384348172624475,2.964637420728482,2.882286381263802,2.889772839396955,7721170.0,59924348.0
2016-12-26,2.8972592975301077,2.8972592975301077,2.814908258065427,2.859827006864344,8257070.0,62799352.0
2016-12-27,2.8673134649974967,2.874799923130649,2.8336244033983093,2.8673134649974967,6000147.0,45837020.0
2016-12-28,2.8710566940640727,2.874799923130649,2.82239471619858,2.8336244033983093,4777681.0,36421820.0
2016-12-29,2.8336244033983093,2.844854090598038,2.7849624255328167,2.7849624255328167,8208618.0,61576916.0
2016-12-30,2.807421799932275,2.882286381263802,2.792448883665969,2.852340548731191,8712644.0,66102364.0
2017-01-03,2.8560837777977675,2.923461900996142,2.852340548731191,2.9010025265966837,7903800.0,61320660.0
2017-01-04,2.90474575566326,2.9908400241945166,2.8935160684635313,2.9833535660613637,11332412.0,89595384.0
2017-01-05,2.9870967951279406,2.9908400241945166,2.9384348172624475,2.9608941916619056,7057020.0,55868200.0
2017-01-06,2.9608941916619056,2.9683806497950584,2.9159754428629894,2.923461900996142,5152961.0,40336924.0
2017-01-09,2.923461900996142,2.9571509625953296,2.9010025265966837,2.9571509625953296,5184543.0,40675964.0
2017-01-10,2.972123878861635,3.0357587729934328,2.9384348172624475,3.0020697113942454,8831179.0,70533664.0
2017-01-11,2.9870967951279406,2.994583253261093,2.9159754428629894,2.923461900996142,6539328.0,51450952.0
2017-01-12,2.923461900996142,2.934691588195871,2.8186514871320036,2.852340548731191,5944909.0,45934084.0
2017-01-13,2.859827006864344,2.9084889847298365,2.844854090598038,2.8710566940640727,6716521.0,51553288.0
2017-01-16,2.8710566940640727,2.8710566940640727,2.582828055937693,2.6539494082026436,13109546.0,95363760.0
2017-01-17,2.6427197210029143,2.6838952407352545,2.605287430337151,2.6726655535355253,6715093.0,47629588.0
2017-01-18,2.687638469801831,2.710097844201289,2.65769263726922,2.6838952407352545,4513281.0,32496126.0
2017-01-19,2.676408782602102,2.7363004476673236,2.650206179136067,2.6913816988684074,6954745.0,50234896.0
2017-01-20,2.680152011668678,2.7961921127325455,2.676408782602102,2.7737327383330874,6067853.0,44601732.0
2017-01-23,2.7662462801999346,2.9870967951279406,2.7662462801999346,2.8860296103303784,10894399.0,84304048.0
2017-01-24,2.8785431521972256,2.942178046329024,2.8710566940640727,2.919718671929566,7678286.0,59461328.0
2017-01-25,2.8935160684635313,3.0282723148602804,2.8935160684635313,2.964637420728482,9180467.0,73037144.0
2017-01-26,2.9683806497950584,2.9908400241945166,2.9084889847298365,2.9309483591292946,5420797.0,42455040.0
2017-02-03,2.934691588195871,2.9683806497950584,2.8785431521972256,2.8972592975301077,3712413.0,28791310.0
2017-02-06,2.8972592975301077,3.06944783459262,2.8972592975301077,2.964637420728482,9510883.0,75472928.0
2017-02-07,2.9571509625953296,3.0469884601931625,2.9571509625953296,2.9758671079282113,14062497.0,113110984.0
2017-02-08,2.9758671079282113,2.9758671079282113,2.90474575566326,2.9571509625953296,10103727.0,79115136.0
2017-02-09,2.9534077335287527,3.0207858567271275,2.9496645044621768,2.9683806497950584,11617634.0,92424288.0
2017-02-10,2.9758671079282113,3.0020697113942454,2.9534077335287527,2.9683806497950584,9061700.0,72263152.0
2017-02-13,2.9571509625953296,2.9870967951279406,2.934691588195871,2.972123878861635,6625720.0,52525644.0
2017-02-14,2.9683806497950584,2.9758671079282113,2.912232213796413,2.9384348172624475,7632482.0,59855420.0
2017-02-15,2.9496645044621768,2.9758671079282113,2.8560837777977675,2.8673134649974967,9499200.0,73807248.0
2017-02-16,2.8673134649974967,2.9084889847298365,2.844854090598038,2.8860296103303784,6311529.0,48542776.0
2017-02-17,2.889772839396955,2.934691588195871,2.8560837777977675,2.8785431521972256,6961780.0,53862920.0
2017-02-20,2.8785431521972256,2.9010025265966837,2.8485973196646146,2.8972592975301077,7364431.0,56558732.0
2017-02-21,2.8935160684635313,2.934691588195871,2.882286381263802,2.9309483591292946,10079120.0,78309336.0
2017-02-22,2.9309483591292946,2.9384348172624475,2.889772839396955,2.9159754428629894,7424028.0,57735096.0
2017-02-23,2.919718671929566,2.919718671929566,2.8673134649974967,2.8860296103303784,7302923.0,56315952.0
2017-02-24,2.8785431521972256,2.882286381263802,2.852340548731191,2.8785431521972256,6455585.0,49429224.0
2017-02-27,2.874799923130649,2.8935160684635313,2.859827006864344,2.8635702359309203,5778237.0,44357324.0
2017-02-28,2.8972592975301077,2.9010025265966837,2.8710566940640727,2.8785431521972256,6148503.0,47406300.0
2017-03-01,2.8785431521972256,2.8935160684635313,2.8673134649974967,2.8860296103303784,5739475.0,44160788.0
2017-03-02,2.882286381263802,2.8935160684635313,2.829881174331733,2.8336244033983093,6843948.0,52296272.0
2017-03-03,2.8336244033983093,2.844854090598038,2.799935341799122,2.82239471619858,5826140.0,43931048.0
2017-03-06,2.814908258065427,2.8860296103303784,2.811165028998851,2.882286381263802,6357590.0,48679784.0
2017-03-07,2.882286381263802,2.919718671929566,2.882286381263802,2.8972592975301077,6929577.0,53698944.0
2017-03-08,2.9084889847298365,2.919718671929566,2.8785431521972256,2.9010025265966837,5126127.0,39622784.0
2017-03-09,2.9010025265966837,2.912232213796413,2.8560837777977675,2.9084889847298365,4726964.0,36444836.0
2017-03-10,2.9084889847298365,3.2004608519227933,2.90474575566326,3.2004608519227933,42819956.0,353924992.0
2017-03-13,3.2640957460545916,3.406338450584493,3.2004608519227933,3.2940415785872026,57070572.0,501164736.0
2017-03-14,3.271582204187744,3.2865551204540493,3.178001477523335,3.222920226322251,35044660.0,300951936.0
2017-03-15,3.19297439378964,3.211690539122522,3.1255962705912657,3.133082728724418,21874866.0,184083776.0
2017-03-16,3.129339499657842,3.19297439378964,3.1218530415246892,3.1555421031238766,23362336.0,197260576.0
2017-03-17,3.1517988740573,3.1555421031238766,3.084420750858926,3.0956504380586547,18360960.0,152485488.0
2017-03-20,3.0919072089920783,3.1555421031238766,3.0769342927257735,3.148055644990724,15214566.0,126708848.0
2017-03-21,3.1517988740573,3.1967176228562164,3.1181098124581133,3.178001477523335,15448713.0,130400688.0
2017-03-22,3.1742582484567587,3.1742582484567587,3.054474918326315,3.0619613764594673,15888374.0,131479896.0
2017-03-23,3.054474918326315,3.103136896191807,3.0207858567271275,3.0881639799255023,10499443.0,86061760.0
2017-03-24,3.0619613764594673,3.0769342927257735,3.0320155439268563,3.0619613764594673,9128837.0,74358816.0
2017-03-27,3.073191063659197,3.1181098124581133,3.0507316892597385,3.073191063659197,10795488.0,88993048.0
2017-03-28,3.084420750858926,3.0919072089920783,3.0320155439268563,3.039502002060009,7401351.0,60455256.0
2017-03-29,3.0282723148602804,3.0507316892597385,2.912232213796413,2.9309483591292946,17232800.0,136010320.0
2017-03-30,2.919718671929566,2.923461900996142,2.8373676324648858,2.912232213796413,13441395.0,103066280.0
2017-03-31,2.889772839396955,2.9870967951279406,2.8336244033983093,2.919718671929566,15700124.0,121351832.0
2017-04-05,2.919718671929566,3.0020697113942454,2.9084889847298365,2.9683806497950584,13976270.0,110539912.0
2017-04-06,2.9496645044621768,3.0170426276605515,2.9459212753956003,3.005812940460822,11726247.0,93869344.0
2017-04-07,3.005812940460822,3.0282723148602804,2.9758671079282113,2.9796103369947877,6682358.0,53483312.0
2017-04-10,2.994583253261093,2.994583253261093,2.9010025265966837,2.9272051300627187,7705408.0,60396208.0
2017-04-11,2.8972592975301077,3.219176997255675,2.8972592975301077,3.219176997255675,22114712.0,181832864.0
2017-04-12,3.406338450584493,3.5410946969812427,3.338960327386119,3.5336082388480894,139243968.0,1284061056.0
2017-04-13,3.3838790761850346,3.4624868865831386,3.2640957460545916,3.3838790761850346,80137192.0,720766848.0
2017-04-14,3.342703556452695,3.3501900145858476,3.1068801252583844,3.1742582484567587,51060104.0,439796480.0
2017-04-17,3.178001477523335,3.2154337681890985,3.0357587729934328,3.0619613764594673,30528062.0,254435648.0
2017-04-18,3.0806775217923494,3.1555421031238766,2.9983264823276694,3.0020697113942454,21464524.0,175799504.0
2017-04-19,2.972123878861635,3.054474918326315,2.9084889847298365,3.0320155439268563,20918150.0,166222384.0
2017-04-20,3.0207858567271275,3.024529085793704,2.919718671929566,2.934691588195871,18521412.0,146950208.0
2017-04-21,2.9309483591292946,2.9608941916619056,2.882286381263802,2.889772839396955,12986423.0,101291912.0
2017-04-24,2.8860296103303784,2.9159754428629894,2.6314900338031855,2.6913816988684074,22078276.0,163147456.0
2017-04-25,2.6988681570015602,2.751273363933629,2.680152011668678,2.7250707604675948,12701903.0,92270056.0
2017-04-26,2.732557218600747,2.7437869058004765,2.687638469801831,2.6988681570015602,12152235.0,87844152.0
2017-04-27,2.6726655535355253,2.676408782602102,2.5865712850042692,2.6689223244689493,18922684.0,133413848.0
2017-04-28,2.6726655535355253,2.788705654599393,2.6314900338031855,2.717584302334442,20485708.0,147515824.0
2017-05-02,2.680152011668678,2.687638469801831,2.6427197210029143,2.665179095402373,11780235.0,83973352.0
2017-05-03,2.650206179136067,2.777475967399664,2.6240035756700326,2.7400436767339,20717136.0,149865296.0
2017-05-04,2.7138410732678655,2.762503051133358,2.6988681570015602,2.728813989534171,10996656.0,80113216.0
2017-05-05,2.7250707604675948,2.788705654599393,2.6988681570015602,2.7138410732678655,10549270.0,77230024.0
2017-05-08,2.695124927934984,2.728813989534171,2.65769263726922,2.6614358663357964,10760785.0,77248280.0
2017-05-09,2.6427197210029143,2.728813989534171,2.6314900338031855,2.7138410732678655,6887567.0,49335228.0
2017-05-10,2.717584302334442,2.7662462801999346,2.6614358663357964,2.6614358663357964,10404016.0,75705280.0
2017-05-11,2.680152011668678,2.695124927934984,2.5566254524716583,2.650206179136067,11591559.0,81632000.0
2017-05-12,2.65769263726922,2.721327531401018,2.635233262869762,2.6689223244689493,8585668.0,61440884.0
2017-05-15,2.6913816988684074,2.6913816988684074,2.650206179136067,2.6539494082026436,6857000.0,48890960.0
2017-05-16,2.6539494082026436,2.732557218600747,2.6314900338031855,2.710097844201289,8938624.0,63982972.0
2017-05-17,2.695124927934984,2.758759822066782,2.695124927934984,2.706354615134713,10090847.0,73347832.0
2017-05-18,2.676408782602102,2.721327531401018,2.6614358663357964,2.680152011668678,6604900.0,47474924.0
2017-05-19,2.680152011668678,2.695124927934984,2.61651711753688,2.6427197210029143,8905629.0,63301520.0
2017-05-22,2.650206179136067,2.650206179136067,2.485504100206707,2.4892473292732835,15149406.0,103597648.0
2017-05-23,2.4742744130069783,2.4967337874064364,2.3395181666102287,2.3395181666102287,15517948.0,99644008.0
2017-05-24,2.298342646877889,2.3470046247433816,2.2534238980789723,2.3320317084770763,7907490.0,48531276.0
2017-05-25,2.3282884794105,2.41063951887518,2.3058291050110418,2.380693686342569,8595951.0,54206796.0
2017-05-26,2.3844369154091454,2.4443285804743673,2.380693686342569,2.41063951887518,6775398.0,43728268.0
2017-05-31,2.4667879548738254,2.4817608711401307,2.3694639991428397,2.373207228209416,7735935.0,49946208.0
2017-06-01,2.3544910828765344,2.380693686342569,2.283369730611583,2.283369730611583,6168856.0,38401864.0
2017-06-02,2.275883272478431,2.4817608711401307,2.275883272478431,2.4143827479417563,12784745.0,81796888.0
2017-06-05,2.388180144475722,2.5379093071387766,2.3844369154091454,2.5079634746061656,13214869.0,87456016.0
2017-06-06,2.4705311839404014,2.5266796199390473,2.4518150386075197,2.4705311839404014,9080757.0,60093864.0
2017-06-07,2.4967337874064364,2.5678551396713876,2.455558267674096,2.5491389943385054,12705317.0,85578320.0
2017-06-08,2.5491389943385054,2.6427197210029143,2.515449932739318,2.582828055937693,17961736.0,123689776.0
2017-06-09,2.5678551396713876,2.5865712850042692,2.5266796199390473,2.545395765271929,7610177.0,51914828.0
2017-06-12,2.515449932739318,2.5678551396713876,2.4742744130069783,2.4780176420735547,7448905.0,50247488.0
2017-06-13,2.4780176420735547,2.5266796199390473,2.4780176420735547,2.5117067036727416,5811665.0,38872152.0
2017-06-14,2.5191931618058945,2.5416525362053526,2.504220245539589,2.5079634746061656,6910950.0,46452356.0
2017-06-15,2.5004770164730123,2.545395765271929,2.4892473292732835,2.5079634746061656,7258461.0,48840344.0
2017-06-16,2.5079634746061656,2.5491389943385054,2.4742744130069783,2.504220245539589,8383770.0,56260316.0
2017-06-19,2.504220245539589,2.5379093071387766,2.485504100206707,2.5379093071387766,9088387.0,60969452.0
2017-06-20,2.5304228490056233,2.5603686815382343,2.5079634746061656,2.545395765271929,9644978.0,65107336.0
2017-06-21,2.5416525362053526,2.545395765271929,2.49299055833986,2.504220245539589,8169547.0,54874948.0
2017-06-22,2.504220245539589,2.5304228490056233,2.4742744130069783,2.4742744130069783,7296938.0,48917868.0
2017-06-23,2.4817608711401307,2.4967337874064364,2.380693686342569,2.463044725807249,5746443.0,37678336.0
2017-06-26,2.455558267674096,2.5079634746061656,2.4480718095409437,2.504220245539589,6577581.0,43764840.0
2017-06-27,2.5191931618058945,2.57534159780454,2.504220245539589,2.545395765271929,11003621.0,74901280.0
2017-06-28,2.5341660780721997,2.545395765271929,2.4892473292732835,2.5117067036727416,5590700.0,37508504.0
2017-06-29,2.5191931618058945,2.545395765271929,2.504220245539589,2.5079634746061656,5315420.0,35784652.0
2017-06-30,2.4967337874064364,2.5191931618058945,2.49299055833986,2.504220245539589,3308802.0,22146534.0
2017-07-03,2.522936390872471,2.522936390872471,2.4780176420735547,2.4892473292732835,5252801.0,35022084.0
2017-07-04,2.49299055833986,2.49299055833986,2.4480718095409437,2.4480718095409437,5284502.0,34834044.0
2017-07-05,2.4368421223412144,2.4667879548738254,2.433098893274638,2.463044725807249,3466102.0,22726432.0
2017-07-06,2.4593014967406726,2.4742744130069783,2.41063951887518,2.4143827479417563,7574578.0,49356608.0
2017-07-07,2.3994098316754506,2.4256124351414856,2.388180144475722,2.4068962898086035,5787578.0,37169268.0
2017-07-10,2.403153060742027,2.4068962898086035,2.3395181666102287,2.3470046247433816,9477470.0,59958752.0
2017-07-11,2.3544910828765344,2.380693686342569,2.3282884794105,2.3357749375436527,7990697.0,50366160.0
2017-07-12,2.3395181666102287,2.350747853809958,2.2721400434118544,2.3058291050110418,7723562.0,47534636.0
2017-07-13,2.3058291050110418,2.3544910828765344,2.3020858759444653,2.3395181666102287,5115217.0,31885038.0
2017-07-14,2.3544910828765344,2.515449932739318,2.320802021277347,2.455558267674096,7353766.0,47031084.0
2017-07-17,2.4780176420735547,2.5266796199390473,2.3320317084770763,2.373207228209416,17007300.0,110758944.0
2017-07-18,2.3657207700762637,2.4143827479417563,2.320802021277347,2.3956666026088747,5645121.0,35752152.0
2017-07-19,2.3956666026088747,2.4218692060749087,2.3769504572759925,2.4143827479417563,4685797.0,30087122.0
2017-07-20,2.4143827479417563,2.4593014967406726,2.4068962898086035,2.4480718095409437,7067659.0,46025400.0
2017-07-21,3.4448258281981206,3.4557791694642512,3.390059121867467,3.4119658043997285,7031154.0,43966232.0
2017-07-24,3.4448258281981206,3.4448258281981206,3.3955357925005325,3.4119658043997285,3963100.0,24726100.0
2017-07-25,3.417442475032794,3.4283958162989245,3.368152439335206,3.3736291099682707,4406400.0,27240756.0
2017-07-26,3.3736291099682707,3.401012463133598,3.340769086169878,3.3736291099682707,3560300.0,21836392.0
2017-07-27,3.368152439335206,3.450302498831186,3.340769086169878,3.4448258281981206,5919012.0,36845896.0
2017-07-28,3.4283958162989245,3.4448258281981206,3.4119658043997285,3.422919145665859,3126788.0,19558620.0
2017-07-31,3.43387248693199,3.494115863895709,3.401012463133598,3.4667325107303824,6198152.0,39153064.0
2017-08-01,3.450302498831186,3.4722091813634477,3.4064891337666627,3.4283958162989245,4850002.0,30396968.0
2017-08-02,3.43387248693199,3.4776858519965126,3.4064891337666627,3.43387248693199,4802778.0,30137378.0
2017-08-03,3.422919145665859,3.461255840097317,3.4064891337666627,3.417442475032794,4155846.0,26001650.0
2017-08-04,3.422919145665859,3.422919145665859,3.346245756802944,3.3517224274360093,7789752.0,47952436.0
2017-08-07,3.3517224274360093,3.368152439335206,3.3352924155368133,3.340769086169878,4384634.0,26788792.0
2017-08-08,3.3571990980690747,3.36267576870214,3.3352924155368133,3.340769086169878,4099533.0,25056874.0
2017-08-09,3.565312582125559,3.6419859709884745,3.43387248693199,3.4448258281981206,20924632.0,134372016.0
2017-08-10,3.3845824512344014,3.4393491575650557,3.3517224274360093,3.368152439335206,9281575.0,57319884.0
2017-08-11,3.346245756802944,3.368152439335206,3.3133857330045515,3.318862403637617,5769302.0,35236428.0
2017-08-14,3.3243390742706826,3.4448258281981206,3.318862403637617,3.390059121867467,5845908.0,36019988.0
2017-08-15,3.3736291099682707,3.3955357925005325,3.36267576870214,3.3736291099682707,3969523.0,24460762.0
2017-08-16,3.390059121867467,3.390059121867467,3.3352924155368133,3.3571990980690747,4909640.0,30098384.0
2017-08-17,3.36267576870214,3.3736291099682707,3.346245756802944,3.3736291099682707,6093054.0,37370992.0
2017-08-18,3.3571990980690747,3.390059121867467,3.346245756802944,3.3736291099682707,5350722.0,32978760.0
2017-08-21,3.3736291099682707,3.3845824512344014,3.36267576870214,3.3845824512344014,4658784.0,28707722.0
2017-08-22,3.3845824512344014,3.390059121867467,3.3517224274360093,3.36267576870214,4544395.0,27904494.0
2017-08-23,3.3571990980690747,3.36267576870214,3.340769086169878,3.3517224274360093,3175702.0,19424032.0
2017-08-24,3.346245756802944,3.3571990980690747,3.3243390742706826,3.3352924155368133,4071587.0,24808554.0
2017-08-25,3.3352924155368133,3.36267576870214,3.329815744903748,3.3517224274360093,3078544.0,18836024.0
2017-08-28,3.3517224274360093,3.3736291099682707,3.3517224274360093,3.3736291099682707,5330289.0,32768114.0
2017-08-29,3.3736291099682707,3.3736291099682707,3.346245756802944,3.3517224274360093,4528036.0,27783976.0
2017-08-30,3.3571990980690747,3.4393491575650557,3.3517224274360093,3.4119658043997285,11767966.0,73285272.0
2017-08-31,3.401012463133598,3.4119658043997285,3.3571990980690747,3.379105780601336,6329401.0,39097848.0
2017-09-01,3.3845824512344014,3.4064891337666627,3.368152439335206,3.390059121867467,5577608.0,34449096.0
2017-09-04,3.368152439335206,3.4119658043997285,3.368152439335206,3.4064891337666627,5817200.0,36040540.0
2017-09-05,3.4064891337666627,3.4119658043997285,3.379105780601336,3.4064891337666627,4320700.0,26811322.0
2017-09-06,3.4064891337666627,3.4064891337666627,3.368152439335206,3.3955357925005325,5308844.0,32768846.0
2017-09-07,3.3955357925005325,3.4393491575650557,3.3845824512344014,3.422919145665859,10008936.0,62471916.0
2017-09-08,3.4119658043997285,3.50506920516184,3.3845824512344014,3.4448258281981206,12542301.0,78850584.0
2017-09-11,3.422919145665859,3.461255840097317,3.4064891337666627,3.450302498831186,7848068.0,49225300.0
2017-09-12,3.450302498831186,3.4667325107303824,3.43387248693199,3.450302498831186,7299252.0,45982856.0
2017-09-13,3.4448258281981206,3.4831625226295784,3.4119658043997285,3.4722091813634477,6705229.0,42018708.0
2017-09-14,3.461255840097317,3.4886391932626437,3.43387248693199,3.4393491575650557,6609250.0,41766176.0
2017-09-15,3.4283958162989245,3.6419859709884745,3.4283958162989245,3.50506920516184,18842284.0,121601128.0
2017-09-18,3.494115863895709,3.510545875794905,3.4448258281981206,3.4557791694642512,8821086.0,55892636.0
2017-09-19,3.43387248693199,3.537929228960232,3.43387248693199,3.4995925345287744,10639240.0,67989136.0
2017-09-20,3.4776858519965126,3.532452558327167,3.4722091813634477,3.5160225464279704,8012502.0,51308304.0
2017-09-21,3.50506920516184,3.510545875794905,3.450302498831186,3.450302498831186,6252683.0,39725920.0
2017-09-22,3.450302498831186,3.4722091813634477,3.401012463133598,3.422919145665859,5448302.0,34153380.0
2017-09-25,3.401012463133598,3.422919145665859,3.3517224274360093,3.3571990980690747,5402600.0,33301538.0
2017-09-26,3.3571990980690747,3.3736291099682707,3.346245756802944,3.36267576870214,2857902.0,17516604.0
2017-09-27,3.36267576870214,3.3736291099682707,3.346245756802944,3.3571990980690747,3179394.0,19494930.0
2017-09-28,3.368152439335206,3.3845824512344014,3.346245756802944,3.346245756802944,3766946.0,23116790.0
2017-09-29,3.3571990980690747,3.4064891337666627,3.340769086169878,3.368152439335206,3813152.0,23408692.0
2017-10-09,3.3955357925005325,3.4283958162989245,3.368152439335206,3.379105780601336,4316601.0,26651634.0
2017-10-10,3.379105780601336,3.4064891337666627,3.368152439335206,3.401012463133598,4730467.0,29200536.0
2017-10-11,3.3955357925005325,3.422919145665859,3.379105780601336,3.422919145665859,4648496.0,28868224.0
2017-10-12,3.4064891337666627,3.417442475032794,3.3571990980690747,3.379105780601336,4175102.0,25835494.0
2017-10-13,3.3736291099682707,3.401012463133598,3.3736291099682707,3.3955357925005325,2686107.0,16634302.0
2017-10-16,3.417442475032794,3.417442475032794,3.3352924155368133,3.340769086169878,4927880.0,30283324.0
2017-10-17,3.340769086169878,3.3517224274360093,3.3243390742706826,3.340769086169878,3224302.0,19638308.0
2017-10-18,3.3517224274360093,3.3571990980690747,3.318862403637617,3.3243390742706826,3104948.0,18922304.0
2017-10-19,3.329815744903748,3.3352924155368133,3.2202823322424403,3.2367123441416363,6416036.0,38280720.0
2017-10-20,3.2421890147747017,3.2695723679400284,3.2202823322424403,3.258619026673898,2781400.0,16510341.0
2017-10-23,3.2421890147747017,3.286002379839225,3.2421890147747017,3.253142356040833,3569466.0,21263376.0
2017-10-24,3.247665685407767,3.2805257092061595,3.2257590028755057,3.2421890147747017,4570302.0,27061750.0
2017-10-25,3.253142356040833,3.253142356040833,3.2202823322424403,3.2257590028755057,5295002.0,31263282.0
2017-10-26,3.247665685407767,3.258619026673898,3.2093289909763096,3.253142356040833,5920702.0,34935688.0
2017-10-27,3.253142356040833,3.275049038573094,3.214805661609375,3.275049038573094,7314374.0,43285628.0
2017-10-30,3.258619026673898,3.258619026673898,3.132655602113394,3.1490856140125905,7777002.0,45162116.0
2017-10-31,3.1490856140125905,3.170992296544852,3.045028871984348,3.1052722489480673,9074884.0,51179300.0
2017-11-01,3.417442475032794,3.417442475032794,3.417442475032794,3.417442475032794,6427045.0,40104760.0
2017-11-02,3.548882570226363,3.756996054282847,3.4722091813634477,3.65841598288767,83777480.0,561198592.0
2017-11-03,3.4886391932626437,3.5872192646578203,3.390059121867467,3.417442475032794,45148092.0,286718816.0
2017-11-06,3.4448258281981206,3.5214992170610357,3.36267576870214,3.401012463133598,25170850.0,157351216.0
2017-11-07,3.422919145665859,3.461255840097317,3.368152439335206,3.4283958162989245,16039194.0,99788448.0
2017-11-08,3.401012463133598,3.4448258281981206,3.379105780601336,3.4119658043997285,14056404.0,87528904.0
2017-11-09,3.4119658043997285,3.417442475032794,3.3243390742706826,3.340769086169878,14821145.0,90862768.0
2017-11-10,3.390059121867467,3.4667325107303824,3.3571990980690747,3.379105780601336,18793522.0,117077672.0
2017-11-13,3.3845824512344014,3.4448258281981206,3.340769086169878,3.4119658043997285,11420679.0,70369616.0
2017-11-14,3.401012463133598,3.4119658043997285,3.3352924155368133,3.3571990980690747,9191252.0,56396732.0
2017-11-15,3.346245756802944,3.3517224274360093,3.203852320343244,3.2257590028755057,13930246.0,83309120.0
2017-11-16,3.2367123441416363,3.258619026673898,3.1874223084440483,3.2257590028755057,8474458.0,50012952.0
2017-11-17,3.2257590028755057,3.2257590028755057,3.170992296544852,3.176468967177917,9935501.0,57960236.0
2017-11-20,3.176468967177917,3.2093289909763096,3.127178931480329,3.203852320343244,4720903.0,27385960.0
2017-11-21,3.214805661609375,3.2367123441416363,3.1874223084440483,3.2202823322424403,4040888.0,23699230.0
2017-11-22,3.2202823322424403,3.2312356735085714,3.198375649710179,3.214805661609375,3394404.0,19918226.0
2017-11-23,3.203852320343244,3.2202823322424403,3.165515625911787,3.170992296544852,3768436.0,21993726.0
2017-11-24,3.170992296544852,3.2093289909763096,3.1107489195811326,3.2093289909763096,4974186.0,28658058.0
2017-11-27,3.2093289909763096,3.2093289909763096,3.160038955278721,3.165515625911787,3619632.0,20994530.0
2017-11-28,3.165515625911787,3.1928989790771136,3.154562284645656,3.1874223084440483,2490388.0,14439260.0
2017-11-29,3.2640956973069635,3.3571990980690747,3.253142356040833,3.275049038573094,12235821.0,73570904.0
2017-11-30,3.253142356040833,3.2695723679400284,3.2202823322424403,3.247665685407767,4527110.0,26810196.0
2017-12-01,3.2640956973069635,3.3243390742706826,3.2640956973069635,3.2805257092061595,4403802.0,26459242.0
2017-12-04,3.2695723679400284,3.2805257092061595,3.2421890147747017,3.258619026673898,4531600.0,26971304.0
2017-12-05,3.247665685407767,3.275049038573094,3.1819456378109825,3.203852320343244,4382362.0,25818808.0
2017-12-06,3.203852320343244,3.2640956973069635,3.1928989790771136,3.2640956973069635,5087185.0,29970626.0
2017-12-07,3.258619026673898,3.2969557211053555,3.2367123441416363,3.2421890147747017,3851600.0,22930452.0
2017-12-08,3.2367123441416363,3.286002379839225,3.2367123441416363,3.275049038573094,3560698.0,21250812.0
2017-12-11,3.2805257092061595,3.450302498831186,3.253142356040833,3.4448258281981206,12069350.0,73936104.0
2017-12-12,3.4119658043997285,3.4995925345287744,3.3845824512344014,3.390059121867467,10563453.0,66110088.0
2017-12-13,3.379105780601336,3.417442475032794,3.368152439335206,3.3955357925005325,2932360.0,18172344.0
2017-12-14,3.3955357925005325,3.450302498831186,3.36267576870214,3.3845824512344014,5837810.0,36348168.0
2017-12-15,3.3845824512344014,3.4064891337666627,3.346245756802944,3.368152439335206,3193760.0,19633504.0
2017-12-18,3.3571990980690747,3.379105780601336,3.340769086169878,3.346245756802944,2604944.0,15942158.0
2017-12-19,3.346245756802944,3.379105780601336,3.346245756802944,3.3736291099682707,2134432.0,13121001.0
2017-12-20,3.3736291099682707,3.3955357925005325,3.36267576870214,3.3736291099682707,3108520.0,19201722.0
2017-12-21,3.3845824512344014,3.390059121867467,3.318862403637617,3.340769086169878,3908720.0,23886360.0
2017-12-22,3.3517224274360093,3.3517224274360093,3.2969557211053555,3.3133857330045515,3881100.0,23530196.0
2017-12-25,3.3133857330045515,3.3736291099682707,3.3133857330045515,3.3352924155368133,4004350.0,24447308.0
2017-12-26,3.3352924155368133,3.4448258281981206,3.3352924155368133,3.390059121867467,5861343.0,36292320.0
2017-12-27,3.390059121867467,3.3955357925005325,3.3352924155368133,3.3352924155368133,3202350.0,19689850.0
2017-12-28,3.3571990980690747,3.379105780601336,3.329815744903748,3.3352924155368133,3347502.0,20503864.0
2017-12-29,3.329815744903748,3.3955357925005325,3.329815744903748,3.3955357925005325,6017259.0,37122256.0
2018-01-02,3.3955357925005325,3.4831625226295784,3.3955357925005325,3.422919145665859,5855500.0,36707208.0
2018-01-03,3.4283958162989245,3.4393491575650557,3.3955357925005325,3.4283958162989245,6488817.0,40506964.0
2018-01-04,3.4119658043997285,3.4393491575650557,3.401012463133598,3.417442475032794,4283105.0,26722266.0
2018-01-05,3.4119658043997285,3.548882570226363,3.3955357925005325,3.494115863895709,16794196.0,106946152.0
2018-01-08,3.494115863895709,3.4995925345287744,3.43387248693199,3.4448258281981206,10760981.0,68005016.0
2018-01-09,3.4557791694642512,3.6419859709884745,3.450302498831186,3.5872192646578203,17947684.0,116411152.0
2018-01-10,3.614602617823147,3.614602617823147,3.50506920516184,3.5872192646578203,9924100.0,64146424.0
2018-01-11,3.548882570226363,3.5872192646578203,3.510545875794905,3.537929228960232,7249268.0,46975300.0
2018-01-12,3.537929228960232,3.625555959089278,3.510545875794905,3.5269758876941015,9233500.0,60048120.0
2018-01-15,3.532452558327167,3.581742594024755,3.4283958162989245,3.4393491575650557,8757680.0,55921428.0
2018-01-16,3.4283958162989245,3.548882570226363,3.4283958162989245,3.5269758876941015,8591421.0,54870512.0
2018-01-17,3.565312582125559,3.625555959089278,3.510545875794905,3.6200792884562127,18179052.0,118760216.0
2018-01-25,3.6748459947868666,3.904866161375612,3.5598359114924936,3.565312582125559,32626630.0,221815776.0
2018-01-26,3.6693693241538012,3.8336694431457623,3.5926959352908856,3.7022293479521933,26850974.0,181770944.0
2018-01-29,3.65841598288767,3.828192772512697,3.614602617823147,3.663892653520736,27251252.0,185442080.0
2018-01-30,3.6474626416215394,3.740566042383651,3.57626592339169,3.6803226654199315,15716888.0,105514720.0
2018-01-31,3.6200792884562127,3.6693693241538012,3.5160225464279704,3.609125947190082,12299910.0,80799696.0
2018-02-01,3.5872192646578203,3.6310326297223434,3.3024323917384213,3.3955357925005325,13593729.0,86405560.0
2018-02-02,3.3845824512344014,3.4064891337666627,3.2257590028755057,3.286002379839225,13958797.0,84504248.0
2018-02-05,3.2312356735085714,3.3571990980690747,3.198375649710179,3.3352924155368133,6866418.0,41461116.0
2018-02-06,3.29147905047229,3.2969557211053555,3.160038955278721,3.176468967177917,9558888.0,56414604.0
2018-02-07,3.258619026673898,3.275049038573094,3.0888422370488713,3.170992296544852,7939312.0,46169968.0
2018-02-08,3.165515625911787,3.2202823322424403,3.1490856140125905,3.1928989790771136,3685600.0,21499454.0
2018-02-09,3.132655602113394,3.154562284645656,3.0778888957827406,3.13813227274646,7297002.0,41517492.0
2018-02-12,3.154562284645656,3.203852320343244,3.143608943379525,3.176468967177917,4615500.0,26775014.0
2018-02-13,3.247665685407767,3.258619026673898,3.176468967177917,3.1874223084440483,3947802.0,23133128.0
2018-02-14,3.165515625911787,3.2367123441416363,3.165515625911787,3.2257590028755057,2965300.0,17339212.0
2018-02-22,3.2312356735085714,3.258619026673898,3.1874223084440483,3.247665685407767,4808018.0,28372308.0
2018-02-23,3.286002379839225,3.307909062371486,3.247665685407767,3.2640956973069635,5460833.0,32635038.0
2018-02-26,3.2695723679400284,3.3024323917384213,3.2367123441416363,3.2969557211053555,6909191.0,41270796.0
2018-02-27,3.286002379839225,3.2969557211053555,3.247665685407767,3.247665685407767,4682600.0,27959912.0
2018-02-28,3.258619026673898,3.3133857330045515,3.247665685407767,3.2969557211053555,5330546.0,31953354.0
2018-03-01,3.275049038573094,3.2969557211053555,3.258619026673898,3.275049038573094,4337002.0,25927340.0
2018-03-02,3.2640956973069635,3.3024323917384213,3.247665685407767,3.2805257092061595,4253477.0,25416144.0
2018-03-05,3.29147905047229,3.307909062371486,3.275049038573094,3.3024323917384213,3344582.0,20113122.0
2018-03-06,3.3024323917384213,3.4064891337666627,3.275049038573094,3.3955357925005325,10752349.0,65678148.0
2018-03-07,3.3736291099682707,3.4119658043997285,3.340769086169878,3.340769086169878,6098113.0,37482648.0
2018-03-08,3.340769086169878,3.3845824512344014,3.329815744903748,3.379105780601336,4987536.0,30521042.0
2018-03-09,3.3736291099682707,3.401012463133598,3.36267576870214,3.390059121867467,4249025.0,26269106.0
2018-03-12,3.401012463133598,3.4557791694642512,3.3845824512344014,3.43387248693199,6041400.0,37783860.0
2018-03-13,3.43387248693199,3.4393491575650557,3.3845824512344014,3.401012463133598,4376400.0,27203644.0
2018-03-14,3.379105780601336,3.3955357925005325,3.329815744903748,3.329815744903748,4229369.0,25915376.0
2018-03-15,3.3133857330045515,3.346245756802944,3.3024323917384213,3.318862403637617,3162473.0,19192984.0
2018-03-16,3.318862403637617,3.4064891337666627,3.318862403637617,3.368152439335206,4782100.0,29410582.0
2018-03-19,3.36267576870214,3.368152439335206,3.318862403637617,3.329815744903748,3290581.0,20042292.0
2018-03-20,3.318862403637617,3.318862403637617,3.258619026673898,3.2969557211053555,4908502.0,29481580.0
2018-03-21,3.2969557211053555,3.3243390742706826,3.286002379839225,3.29147905047229,3625937.0,21883258.0
2018-03-22,3.29147905047229,3.3024323917384213,3.2312356735085714,3.247665685407767,3901102.0,23237322.0
2018-03-23,3.2093289909763096,3.2093289909763096,3.0778888957827406,3.099795578315002,9695988.0,55540616.0
2018-03-26,3.083365566415806,3.160038955278721,3.083365566415806,3.154562284645656,4354464.0,24841510.0
2018-03-27,3.170992296544852,3.2257590028755057,3.165515625911787,3.198375649710179,4450010.0,25961444.0
2018-03-28,3.1819456378109825,3.2257590028755057,3.154562284645656,3.1819456378109825,3919334.0,22846922.0
2018-03-29,3.2093289909763096,3.253142356040833,3.198375649710179,3.247665685407767,4353969.0,25686390.0
2018-03-30,3.2312356735085714,3.2695723679400284,3.2312356735085714,3.258619026673898,3711434.0,22076302.0
2018-04-02,3.2367123441416363,3.275049038573094,3.2257590028755057,3.2421890147747017,5192700.0,30802976.0
2018-04-03,3.2257590028755057,3.340769086169878,3.2093289909763096,3.29147905047229,8299420.0,49841340.0
2018-04-04,3.2969557211053555,3.3243390742706826,3.2695723679400284,3.275049038573094,4534400.0,27330112.0
2018-04-09,3.275049038573094,3.2969557211053555,3.2202823322424403,3.2805257092061595,6239434.0,37052036.0
2018-04-10,3.286002379839225,3.2969557211053555,3.247665685407767,3.2695723679400284,4257894.0,25403356.0
2018-04-11,3.275049038573094,3.3133857330045515,3.2640956973069635,3.29147905047229,4179202.0,25121280.0
2018-04-12,3.286002379839225,3.2969557211053555,3.253142356040833,3.2695723679400284,3288763.0,19648492.0
2018-04-13,3.286002379839225,3.2969557211053555,3.258619026673898,3.286002379839225,2848052.0,17020686.0
2018-04-16,3.29147905047229,3.29147905047229,3.2093289909763096,3.2202823322424403,4496436.0,26580330.0
2018-04-17,3.214805661609375,3.253142356040833,3.13813227274646,3.1490856140125905,5471079.0,31745368.0
2018-04-18,3.154562284645656,3.1874223084440483,3.1162255902141984,3.165515625911787,4167843.0,24018474.0
2018-04-19,3.170992296544852,3.1928989790771136,3.154562284645656,3.176468967177917,2802792.0,16282825.0
2018-04-20,3.176468967177917,3.1819456378109825,3.127178931480329,3.13813227274646,3202100.0,18406198.0
2018-04-23,3.13813227274646,3.3243390742706826,3.1162255902141984,3.2312356735085714,12071211.0,70979024.0
2018-04-24,3.2367123441416363,3.253142356040833,3.1928989790771136,3.2093289909763096,8001097.0,47064560.0
2018-04-25,3.2202823322424403,3.2202823322424403,3.176468967177917,3.176468967177917,4198194.0,24451200.0
2018-04-26,3.1819456378109825,3.1819456378109825,3.127178931480329,3.127178931480329,3571015.0,20536754.0
2018-04-27,3.127178931480329,3.154562284645656,3.1217022608472638,3.1490856140125905,2593800.0,14855456.0
2018-05-02,3.1217022608472638,3.1490856140125905,3.1052722489480673,3.127178931480329,4343640.0,24753448.0
2018-05-03,3.154562284645656,3.1874223084440483,3.0669355545166095,3.0888422370488713,6193425.0,35148996.0
2018-05-04,3.0778888957827406,3.1107489195811326,3.0669355545166095,3.0778888957827406,3521050.0,19862488.0
2018-05-07,3.0778888957827406,3.127178931480329,3.0614588838835446,3.094318907681937,7466702.0,42249164.0
2018-05-08,3.0888422370488713,3.094318907681937,3.012168848185956,3.0231221894520868,12685610.0,70351648.0
2018-05-09,3.039552201351283,3.094318907681937,3.0285988600851526,3.0340755307182175,19678570.0,109889232.0
2018-05-25,3.0285988600851526,3.170992296544852,3.012168848185956,3.012168848185956,11964346.0,66794116.0
2018-05-28,2.9026354355246484,2.9464488005891716,2.7109519633673607,2.7438119871657527,11649161.0,59281896.0
2018-05-29,2.7273819752665567,2.7273819752665567,2.6178485626052495,2.6233252332383143,9259900.0,45078192.0
2018-05-30,2.568558526907661,2.5740351975407263,2.48640846741168,2.4918851380447453,6879500.0,31736582.0
2018-05-31,2.519268491210072,2.5466518443753996,2.513791820577007,2.5356985031092685,5510003.0,25428114.0
2018-06-01,2.530221832476203,2.563081856274595,2.4918851380447453,2.513791820577007,4495864.0,20743654.0
2018-06-04,2.513791820577007,2.519268491210072,2.426165090447961,2.448071772980222,4784521.0,21501790.0
2018-06-05,2.4645017848794186,2.4918851380447453,2.437118431714092,2.480931796778615,3570496.0,16069856.0
2018-06-06,2.4754551261455493,2.4973618086778107,2.4590251142463533,2.4754551261455493,2913726.0,13164797.0
2018-06-07,2.480931796778615,2.508315149943942,2.448071772980222,2.4590251142463533,2857697.0,12928738.0
2018-06-08,2.4590251142463533,2.469978455512484,2.4097350785487652,2.4206884198148955,2625000.0,11652378.0
2018-06-11,2.4316417610810266,2.5028384793108764,2.41521174918183,2.4754551261455493,4121097.0,18597576.0
2018-06-12,2.48640846741168,2.48640846741168,2.4425951023471573,2.4754551261455493,2415102.0,10862897.0
2018-06-13,2.469978455512484,2.4754551261455493,2.4316417610810266,2.4316417610810266,2496600.0,11171203.0
2018-06-14,2.4316417610810266,2.469978455512484,2.4206884198148955,2.437118431714092,3718611.0,16583399.0
2018-06-15,2.4316417610810266,2.469978455512484,2.365921713484242,2.3878283960165034,3902703.0,17238174.0
2018-06-19,2.3494917015850456,2.3494917015850456,2.1468548881616267,2.1523315587946925,6408764.0,26062454.0
2018-06-20,2.1468548881616267,2.250911630189869,2.1249482056293654,2.2290049476576077,4941200.0,19909780.0
2018-06-21,2.2290049476576077,2.2892483246213264,2.2016215944922806,2.2070982651253463,4458009.0,18230738.0
2018-06-22,2.19066825322615,2.267341642089065,2.1851915825930845,2.234481618290673,2937400.0,11985451.0
2018-06-25,2.2290049476576077,2.272818312722131,2.2180516063914766,2.2290049476576077,3561200.0,14647284.0
2018-06-26,2.19066825322615,2.234481618290673,2.174238241326954,2.223528277024542,3133500.0,12667548.0
2018-06-27,2.2070982651253463,2.2290049476576077,2.2016215944922806,2.2125749357584112,2224800.0,9004258.0
2018-06-28,2.2125749357584112,2.2180516063914766,2.174238241326954,2.174238241326954,3523466.0,14160042.0
2018-06-29,2.179714911960019,2.223528277024542,2.174238241326954,2.2070982651253463,3389130.0,13657718.0
2018-07-02,2.2070982651253463,2.223528277024542,2.19066825322615,2.1961449238592152,3284216.0,13242628.0
2018-07-03,2.2125749357584112,2.2180516063914766,2.179714911960019,2.2125749357584112,2608900.0,10481003.0
2018-07-04,2.2125749357584112,2.2180516063914766,2.1413782175285614,2.1523315587946925,4696710.0,18654446.0
2018-07-05,2.135901546895496,2.163284900060823,2.1249482056293654,2.1249482056293654,2827268.0,11060092.0
2018-07-06,2.135901546895496,2.1413782175285614,2.026368134234189,2.086611511197908,6068214.0,23137920.0
2018-07-09,2.0975648524640387,2.1194715349963,2.081134840564842,2.103041523097104,3387400.0,12983398.0
2018-07-10,2.1085181937301694,2.1249482056293654,2.0975648524640387,2.1085181937301694,3272900.0,12614641.0
2018-07-11,2.0975648524640387,2.0975648524640387,2.026368134234189,2.031844804867254,3732400.0,14018915.0
2018-07-12,2.04827481676645,2.081134840564842,2.0373214755003195,2.081134840564842,3367499.0,12720952.0
2018-07-13,2.086611511197908,2.103041523097104,2.0537514873995155,2.086611511197908,3120702.0,11859504.0
2018-07-16,2.081134840564842,2.086611511197908,2.04827481676645,2.0701814992987115,2531102.0,9558878.0
2018-07-17,2.086611511197908,2.2782949833551958,2.075658169931777,2.2782949833551958,7883802.0,32258830.0
2018-07-18,2.1961449238592152,2.3713983841173074,2.174238241326954,2.1851915825930845,27845604.0,115186712.0
2018-07-19,2.1578082294277574,2.1687615706938885,2.0701814992987115,2.081134840564842,16508044.0,63604828.0
2018-07-20,2.075658169931777,2.075658169931777,2.020891463601123,2.0537514873995155,11676334.0,43684944.0
2018-07-23,2.042798146133385,2.064704828665646,2.026368134234189,2.0537514873995155,8192722.0,30631070.0
2018-07-24,2.064704828665646,2.0975648524640387,2.0537514873995155,2.081134840564842,12264743.0,46575584.0
2018-07-25,2.086611511197908,2.103041523097104,2.0701814992987115,2.081134840564842,9575847.0,36442152.0
2018-07-26,2.081134840564842,2.2563883008229344,2.075658169931777,2.1578082294277574,21260696.0,83990864.0
2018-07-27,2.1578082294277574,2.1578082294277574,2.1139948643632347,2.1413782175285614,9470085.0,36962100.0
2018-07-30,2.135901546895496,2.1413782175285614,2.064704828665646,2.081134840564842,8433980.0,32356306.0
2018-07-31,2.0701814992987115,2.0975648524640387,2.059228158032581,2.081134840564842,6323529.0,23994224.0
2018-08-01,2.081134840564842,2.092088181830973,2.020891463601123,2.031844804867254,7907497.0,29648224.0
2018-08-02,2.015414792968058,2.015414792968058,1.8401613327099657,1.883974697774489,12416829.0,43208680.0
2018-08-03,1.883974697774489,1.9004047096736851,1.8182546501777044,1.8401613327099657,9398851.0,31826476.0
2018-08-06,1.8511146739760966,1.8565913446091622,1.7361045906817238,1.7470579319478545,9328345.0,30469214.0
2018-08-07,1.7634879438470508,1.812777979544639,1.7470579319478545,1.8073013089115735,8182661.0,26636286.0
2018-08-08,1.8018246382785084,1.8182546501777044,1.768964614480116,1.7799179557462468,5633204.0,18438730.0
2018-08-09,1.7853946263793121,1.8237313208107697,1.7634879438470508,1.812777979544639,5911660.0,19505230.0
2018-08-10,1.812777979544639,1.8784980271414236,1.8073013089115735,1.829207991443835,6037731.0,20372760.0
2018-08-13,1.8182546501777044,1.8456380033430313,1.7908712970123775,1.8346846620769006,4593830.0,15233908.0
2018-08-14,1.829207991443835,1.9004047096736851,1.8182546501777044,1.8784980271414236,5665572.0,19210370.0
2018-08-15,1.8730213565083582,1.8784980271414236,1.812777979544639,1.8182546501777044,4719421.0,15855938.0
2018-08-16,1.812777979544639,1.812777979544639,1.7744412851131814,1.7908712970123775,3775730.0,12372682.0
2018-08-17,1.8018246382785084,1.8073013089115735,1.7580112732139852,1.7634879438470508,4965761.0,16157807.0
2018-08-20,1.768964614480116,1.7799179557462468,1.7415812613147892,1.768964614480116,4415657.0,14195824.0
2018-08-21,1.7634879438470508,1.8018246382785084,1.7580112732139852,1.7853946263793121,3478389.0,11329559.0
2018-08-22,1.7853946263793121,1.8073013089115735,1.7799179557462468,1.7908712970123775,3130035.0,10240067.0
2018-08-23,1.7963479676454428,1.7963479676454428,1.7580112732139852,1.7634879438470508,5144355.0,16634957.0
2018-08-24,1.7470579319478545,1.7853946263793121,1.7470579319478545,1.768964614480116,4153594.0,13425101.0
2018-08-27,1.7799179557462468,1.7963479676454428,1.7634879438470508,1.7853946263793121,4770482.0,15513082.0
2018-08-28,1.7908712970123775,1.8073013089115735,1.7799179557462468,1.8018246382785084,4203390.0,13774042.0
2018-08-29,1.8073013089115735,1.8073013089115735,1.7853946263793121,1.7853946263793121,2999522.0,9822844.0
2018-08-30,1.8073013089115735,1.8620680152422273,1.7853946263793121,1.7853946263793121,8802620.0,29288322.0
2018-08-31,1.7853946263793121,1.7963479676454428,1.7361045906817238,1.7470579319478545,8985721.0,28891738.0
2018-09-03,1.7361045906817238,1.7415812613147892,1.7032445668833314,1.7196745787825278,4213069.0,13244586.0
2018-09-04,1.725151249415593,1.75253460258092,1.708721237516397,1.7361045906817238,4731787.0,14987530.0
2018-09-05,1.7415812613147892,1.75253460258092,1.7196745787825278,1.725151249415593,5598536.0,17735642.0
2018-09-06,1.7141979081494623,1.725151249415593,1.7032445668833314,1.708721237516397,5769678.0,18075836.0
2018-09-07,1.7141979081494623,1.7306279200486585,1.7032445668833314,1.7141979081494623,4809627.0,15068120.0
2018-09-10,1.7141979081494623,1.7141979081494623,1.653954531185743,1.653954531185743,7526421.0,23042212.0
2018-09-11,1.653954531185743,1.6758612137180047,1.6484778605526778,1.664907872451874,3703182.0,11211466.0
2018-09-12,1.664907872451874,1.6868145549841354,1.653954531185743,1.664907872451874,3839702.0,11692181.0
2018-09-13,1.670384543084939,1.6868145549841354,1.6594312018188084,1.6758612137180047,4179689.0,12745830.0
2018-09-14,1.68133788435107,1.6922912256172007,1.6594312018188084,1.670384543084939,5944942.0,18181830.0
2018-09-17,1.6758612137180047,1.7141979081494623,1.664907872451874,1.664907872451874,6839400.0,21029838.0
2018-09-18,1.653954531185743,1.6868145549841354,1.653954531185743,1.68133788435107,4661299.0,14220391.0
2018-09-19,1.68133788435107,1.8511146739760966,1.670384543084939,1.75253460258092,15335131.0,49271192.0
2018-09-20,1.7306279200486585,1.883974697774489,1.7196745787825278,1.8456380033430313,24035308.0,79786576.0
2018-09-21,1.8073013089115735,1.8565913446091622,1.8018246382785084,1.8511146739760966,17912242.0,59758172.0
2018-09-25,1.8073013089115735,1.829207991443835,1.7799179557462468,1.7908712970123775,9271548.0,30523546.0
2018-09-26,1.7853946263793121,1.812777979544639,1.7799179557462468,1.7799179557462468,10475808.0,34280352.0
2018-09-27,1.768964614480116,1.7963479676454428,1.7415812613147892,1.7470579319478545,5069000.0,16393748.0
2018-09-28,1.75253460258092,1.7853946263793121,1.75253460258092,1.7799179557462468,6654777.0,21539546.0
2018-10-08,1.7580112732139852,1.7580112732139852,1.664907872451874,1.670384543084939,10333684.0,32008654.0
2018-10-09,1.6758612137180047,1.6922912256172007,1.6594312018188084,1.664907872451874,5324970.0,16286977.0
2018-10-10,1.664907872451874,1.68133788435107,1.6594312018188084,1.670384543084939,3326049.0,10132745.0
2018-10-11,1.5882344835889586,1.6265711780204164,1.506084424092978,1.506084424092978,10766013.0,30693854.0
2018-10-12,1.5115610947260434,1.5115610947260434,1.3801209995324744,1.4622710590284551,10052421.0,26660478.0
2018-10-15,1.4787010709276514,1.5006077534599127,1.4348877058631282,1.4567943883953898,5570649.0,14967105.0
2018-10-16,1.4513177177623242,1.4841777415607165,1.4129810233308666,1.4239343645969975,4322755.0,11416365.0
2018-10-17,1.4567943883953898,1.4622710590284551,1.4129810233308666,1.445841047129259,4478160.0,11779506.0
2018-10-18,1.4294110352300626,1.445841047129259,1.4075043526978013,1.418457693963932,3487182.0,9068041.0
2018-10-19,1.4075043526978013,1.4622710590284551,1.374644328899409,1.4513177177623242,5444233.0,14149470.0
2018-10-22,1.4732244002945858,1.5444211185244356,1.4677477296615205,1.5170377653591087,8363979.0,22955210.0
2018-10-23,1.5170377653591087,1.670384543084939,1.5170377653591087,1.5827578129558935,27071128.0,80902640.0
2018-10-24,1.5553744597905663,1.6430011899196124,1.4841777415607165,1.5937111542220241,22474782.0,63270536.0
2018-10-25,1.5279911066252396,1.577281142322828,1.4951310828268474,1.5444211185244356,12331234.0,34575004.0
2018-10-26,1.5608511304236319,1.6922912256172007,1.5553744597905663,1.6210945073873508,17437770.0,52113912.0
2018-10-29,1.6210945073873508,1.6484778605526778,1.5991878248550895,1.6265711780204164,8046623.0,23880514.0
2018-10-30,1.5937111542220241,1.637524519286547,1.5718044716897626,1.5991878248550895,9710110.0,28502780.0
2018-10-31,1.5991878248550895,1.670384543084939,1.5991878248550895,1.6210945073873508,8991066.0,26827882.0
2018-11-01,1.6430011899196124,1.670384543084939,1.6265711780204164,1.6484778605526778,12229905.0,36916600.0
2018-11-02,1.6758612137180047,1.6977678962502663,1.6484778605526778,1.6977678962502663,10560613.0,32280798.0
2018-11-05,1.68133788435107,1.708721237516397,1.664907872451874,1.6922912256172007,6176596.0,19054846.0
2018-11-06,1.7032445668833314,1.7141979081494623,1.653954531185743,1.6868145549841354,5407329.0,16531747.0
2018-11-07,1.6868145549841354,1.708721237516397,1.6758612137180047,1.6758612137180047,4770775.0,14736536.0
2018-11-08,1.6868145549841354,1.7141979081494623,1.664907872451874,1.68133788435107,6230180.0,19227626.0
2018-11-09,1.6868145549841354,1.6868145549841354,1.653954531185743,1.6594312018188084,4426141.0,13452772.0
2018-11-12,1.6594312018188084,1.7196745787825278,1.6484778605526778,1.7141979081494623,7810722.0,24136948.0
2018-11-13,1.6922912256172007,1.7908712970123775,1.6922912256172007,1.7799179557462468,13378497.0,43043572.0
2018-11-14,1.8073013089115735,1.8346846620769006,1.768964614480116,1.7853946263793121,11746494.0,38578632.0
2018-11-15,1.7963479676454428,1.8018246382785084,1.7744412851131814,1.7908712970123775,7832020.0,25583486.0
2018-11-16,1.8182546501777044,1.8511146739760966,1.7908712970123775,1.829207991443835,11048853.0,36761628.0
2018-11-19,1.8456380033430313,1.8784980271414236,1.829207991443835,1.8511146739760966,9741234.0,32946760.0
2018-11-20,1.8346846620769006,1.9058813803067505,1.7908712970123775,1.8073013089115735,14465718.0,48923344.0
2018-11-21,1.7744412851131814,1.829207991443835,1.768964614480116,1.8073013089115735,8192324.0,26912864.0
2018-11-22,1.8182546501777044,1.8511146739760966,1.812777979544639,1.8237313208107697,7746846.0,25955164.0
2018-11-23,1.8237313208107697,1.8456380033430313,1.725151249415593,1.7361045906817238,8460523.0,27379082.0
2018-11-26,1.75253460258092,1.7908712970123775,1.7306279200486585,1.7744412851131814,7876962.0,25457844.0
2018-11-27,1.8073013089115735,1.8073013089115735,1.7470579319478545,1.75253460258092,5188273.0,16749825.0
2018-11-28,1.7580112732139852,1.7744412851131814,1.7361045906817238,1.7744412851131814,5086072.0,16334938.0
2018-11-29,1.7799179557462468,1.8018246382785084,1.7032445668833314,1.7032445668833314,5486626.0,17620642.0
2018-11-30,1.7032445668833314,1.725151249415593,1.670384543084939,1.7141979081494623,8244273.0,25639216.0
2018-12-03,1.8073013089115735,1.829207991443835,1.7634879438470508,1.7799179557462468,8074059.0,26349170.0
2018-12-04,1.7908712970123775,1.8073013089115735,1.7634879438470508,1.7963479676454428,6113951.0,19988406.0
2018-12-05,1.768964614480116,1.7908712970123775,1.7415812613147892,1.7799179557462468,5770543.0,18700314.0
2018-12-06,1.7744412851131814,1.7744412851131814,1.7306279200486585,1.7306279200486585,6362247.0,20296380.0
2018-12-07,1.7361045906817238,1.768964614480116,1.725151249415593,1.7306279200486585,5897108.0,18774908.0
2018-12-10,1.7141979081494623,1.7306279200486585,1.6594312018188084,1.670384543084939,7766614.0,23896730.0
2018-12-11,1.6868145549841354,1.7141979081494623,1.670384543084939,1.7032445668833314,8515327.0,26306714.0
2018-12-12,1.7196745787825278,1.7361045906817238,1.708721237516397,1.7196745787825278,5883647.0,18501656.0
2018-12-13,1.7415812613147892,1.8894513684075545,1.7361045906817238,1.8894513684075545,29240652.0,99260816.0
2018-12-14,1.8949280390406196,1.8949280390406196,1.7853946263793121,1.812777979544639,36999084.0,123264824.0
2018-12-17,1.812777979544639,1.8237313208107697,1.7580112732139852,1.8182546501777044,22415632.0,73338392.0
2018-12-18,1.7908712970123775,1.7963479676454428,1.68133788435107,1.7196745787825278,23107798.0,73358832.0
2018-12-19,1.7415812613147892,1.7415812613147892,1.664907872451874,1.6868145549841354,13773921.0,42889736.0
2018-12-20,1.6922912256172007,1.7032445668833314,1.637524519286547,1.653954531185743,12470450.0,37761488.0
2018-12-21,1.6430011899196124,1.68133788435107,1.6156178367542857,1.6265711780204164,8600418.0,25634372.0
2018-12-24,1.637524519286547,1.6484778605526778,1.6046644954881548,1.6156178367542857,6394435.0,18913762.0
2018-12-25,1.5882344835889586,1.5937111542220241,1.5444211185244356,1.5827578129558935,8818964.0,25251452.0
2018-12-26,1.5882344835889586,1.6156178367542857,1.5882344835889586,1.5937111542220241,5508648.0,16074809.0
2018-12-27,1.6265711780204164,1.6320478486534817,1.5444211185244356,1.5553744597905663,5259800.0,15267441.0
2018-12-28,1.5718044716897626,1.577281142322828,1.549897789157501,1.5718044716897626,3966290.0,11349679.0
2019-01-02,1.5608511304236319,1.5827578129558935,1.5444211185244356,1.549897789157501,4661762.0,13259252.0
2019-01-03,1.522514435992174,1.5718044716897626,1.522514435992174,1.5444211185244356,5816759.0,16463387.0
2019-01-04,1.5389444478913703,1.6046644954881548,1.5279911066252396,1.5991878248550895,7518612.0,21602454.0
2019-01-07,1.6101411661212202,1.7196745787825278,1.5991878248550895,1.664907872451874,12256471.0,37200576.0
2019-01-08,1.653954531185743,1.6868145549841354,1.6484778605526778,1.6594312018188084,7246936.0,22038116.0
2019-01-09,1.664907872451874,1.6977678962502663,1.6430011899196124,1.6484778605526778,7225332.0,22084070.0
2019-01-10,1.653954531185743,1.68133788435107,1.6430011899196124,1.6430011899196124,4653881.0,14128708.0
2019-01-11,1.6594312018188084,1.670384543084939,1.6430011899196124,1.6594312018188084,4145144.0,12547357.0
2019-01-14,1.653954531185743,1.6758612137180047,1.6320478486534817,1.664907872451874,6264798.0,18896092.0
2019-01-15,1.664907872451874,1.6758612137180047,1.6430011899196124,1.6758612137180047,5688604.0,17220182.0
2019-01-16,1.6758612137180047,1.68133788435107,1.6594312018188084,1.6758612137180047,4757500.0,14547574.0
2019-01-17,1.68133788435107,1.68133788435107,1.6484778605526778,1.6484778605526778,4664425.0,14122302.0
2019-01-18,1.6484778605526778,1.670384543084939,1.6484778605526778,1.653954531185743,5210685.0,15791670.0
2019-01-21,1.653954531185743,1.6977678962502663,1.6484778605526778,1.6868145549841354,8258734.0,25374760.0
2019-01-22,1.6868145549841354,1.7196745787825278,1.670384543084939,1.708721237516397,8229766.0,25509932.0
2019-01-23,1.6977678962502663,1.6977678962502663,1.6758612137180047,1.68133788435107,6508195.0,20048438.0
2019-01-24,1.68133788435107,1.6922912256172007,1.664907872451874,1.670384543084939,4693085.0,14372244.0
2019-01-25,1.6758612137180047,1.6868145549841354,1.6594312018188084,1.664907872451874,3799367.0,11630452.0
2019-01-28,1.664907872451874,1.6868145549841354,1.6430011899196124,1.6484778605526778,3185821.0,9680662.0
2019-01-29,1.6430011899196124,1.664907872451874,1.5608511304236319,1.637524519286547,6930520.0,20486558.0
2019-01-30,1.637524519286547,1.6430011899196124,1.6046644954881548,1.6210945073873508,4382839.0,13013257.0
2019-01-31,1.6156178367542857,1.653954531185743,1.5882344835889586,1.5882344835889586,4714342.0,13894415.0
2019-02-01,1.6046644954881548,1.6484778605526778,1.5937111542220241,1.6430011899196124,4833036.0,14378922.0
2019-02-11,1.6484778605526778,1.670384543084939,1.6320478486534817,1.664907872451874,5477683.0,16559262.0
2019-02-12,1.670384543084939,1.7306279200486585,1.6594312018188084,1.7196745787825278,12175255.0,37922264.0
2019-02-13,1.7196745787825278,1.7744412851131814,1.7032445668833314,1.7580112732139852,11680792.0,37034496.0
2019-02-14,1.7580112732139852,1.829207991443835,1.7470579319478545,1.7908712970123775,13668873.0,44750576.0
2019-02-15,1.7908712970123775,1.8565913446091622,1.7799179557462468,1.8018246382785084,11441763.0,37872368.0
2019-02-18,1.812777979544639,1.8784980271414236,1.812777979544639,1.8784980271414236,12746150.0,42886100.0
2019-02-19,2.004461451701927,2.064704828665646,1.9332647334720772,1.960648086637404,61498996.0,227325616.0
2019-02-20,1.8784980271414236,1.9387414041051427,1.8511146739760966,1.883974697774489,37883704.0,130173400.0
2019-02-21,1.8620680152422273,1.8675446858752929,1.812777979544639,1.8237313208107697,25904616.0,87303264.0
2019-02-22,1.829207991443835,1.8565913446091622,1.8073013089115735,1.8511146739760966,15191254.0,50850308.0
2019-02-25,1.8675446858752929,1.9442180747382078,1.8565913446091622,1.9332647334720772,30802600.0,106640336.0
2019-02-26,1.9387414041051427,1.988031439802731,1.8894513684075545,1.9223113922059465,31103318.0,109748920.0
2019-02-27,1.9168347215728812,1.971601427903535,1.9004047096736851,1.9223113922059465,20513908.0,72409104.0
2019-02-28,1.9113580509398158,2.04827481676645,1.9113580509398158,1.988031439802731,28392516.0,103314856.0
2019-03-01,1.988031439802731,2.020891463601123,1.9442180747382078,1.9770780985366,12977540.0,46649348.0
2019-03-04,1.988031439802731,2.064704828665646,1.9825547691696657,2.026368134234189,23543718.0,87251176.0
2019-03-05,2.026368134234189,2.092088181830973,2.004461451701927,2.0701814992987115,19056756.0,71381880.0
2019-03-06,2.0701814992987115,2.1468548881616267,2.0701814992987115,2.1085181937301694,22326678.0,85721648.0
2019-03-07,2.163284900060823,2.3002016658874576,2.1194715349963,2.2290049476576077,33614072.0,136544096.0
2019-03-08,2.1961449238592152,2.2016215944922806,2.031844804867254,2.042798146133385,31104188.0,120500968.0
2019-03-11,2.0373214755003195,2.1304248762624307,2.0373214755003195,2.1194715349963,16589797.0,63319108.0
2019-03-12,2.1523315587946925,2.1961449238592152,2.0975648524640387,2.135901546895496,20712044.0,81313472.0
2019-03-13,2.1413782175285614,2.1687615706938885,2.081134840564842,2.0975648524640387,18118944.0,70379736.0
2019-03-14,2.086611511197908,2.1249482056293654,1.9989847810688617,2.015414792968058,17404224.0,65179548.0
2019-03-15,2.04827481676645,2.092088181830973,2.042798146133385,2.075658169931777,14148904.0,53494340.0
2019-03-18,2.0975648524640387,2.1578082294277574,2.0537514873995155,2.1468548881616267,15533071.0,59891484.0
2019-03-19,2.1578082294277574,2.174238241326954,2.1139948643632347,2.1249482056293654,11712362.0,45831672.0
2019-03-20,2.135901546895496,2.1578082294277574,2.086611511197908,2.1413782175285614,14324466.0,55533392.0
2019-03-21,2.163284900060823,2.174238241326954,2.1249482056293654,2.1687615706938885,17187548.0,67748568.0
2019-03-22,2.1687615706938885,2.174238241326954,2.1249482056293654,2.1578082294277574,11181670.0,43834520.0
2019-03-25,2.1249482056293654,2.179714911960019,2.0975648524640387,2.1523315587946925,15044957.0,59223584.0
2019-03-26,2.1468548881616267,2.1687615706938885,2.0537514873995155,2.059228158032581,14178345.0,54454812.0
2019-03-27,2.059228158032581,2.0975648524640387,2.031844804867254,2.086611511197908,9485688.0,35868768.0
2019-03-28,2.086611511197908,2.086611511197908,2.004461451701927,2.015414792968058,11658171.0,43532296.0
2019-03-29,1.9989847810688617,2.1578082294277574,1.9989847810688617,2.1249482056293654,19475286.0,74974752.0
2019-04-01,2.086611511197908,2.163284900060823,2.081134840564842,2.1468548881616267,39366432.0,153081904.0
2019-04-02,2.1413782175285614,2.1578082294277574,2.1194715349963,2.1304248762624307,25690232.0,100298760.0
2019-04-03,2.1304248762624307,2.223528277024542,2.075658169931777,2.2125749357584112,30774972.0,122284104.0
2019-04-04,2.1961449238592152,2.2618649714559997,2.19066825322615,2.2125749357584112,23714152.0,96076416.0
2019-04-08,2.2125749357584112,2.2454349595568033,2.1468548881616267,2.1687615706938885,21506888.0,85897000.0
2019-04-09,2.1961449238592152,2.223528277024542,2.163284900060823,2.19066825322615,15289497.0,61122628.0
2019-04-10,2.1851915825930845,2.2016215944922806,2.1085181937301694,2.174238241326954,15607116.0,61779016.0
2019-04-11,2.1851915825930845,2.2016215944922806,2.1413782175285614,2.1523315587946925,11983770.0,47482000.0
2019-04-12,2.1523315587946925,2.163284900060823,2.0975648524640387,2.1139948643632347,10323825.0,40145960.0
2019-04-15,2.1687615706938885,2.1687615706938885,2.064704828665646,2.0701814992987115,13574246.0,52426996.0
2019-04-16,2.0701814992987115,2.086611511197908,2.015414792968058,2.086611511197908,18449372.0,69210784.0
2019-04-17,2.086611511197908,2.1194715349963,2.0701814992987115,2.0975648524640387,12310967.0,47070732.0
2019-04-18,2.081134840564842,2.1139948643632347,2.059228158032581,2.086611511197908,9668606.0,36917800.0
2019-04-19,2.086611511197908,2.0975648524640387,2.0537514873995155,2.0975648524640387,10290791.0,39001660.0
2019-04-22,2.075658169931777,2.092088181830973,2.042798146133385,2.0537514873995155,10466431.0,39459352.0
2019-04-23,2.04827481676645,2.04827481676645,1.9825547691696657,1.9989847810688617,13924500.0,51074148.0
2019-04-24,2.004461451701927,2.0099381223349924,1.9277880628390118,1.971601427903535,12517108.0,44732412.0
2019-04-25,1.9770780985366,1.9935081104357966,1.9058813803067505,1.9113580509398158,12288655.0,43651828.0
2019-04-26,1.9113580509398158,1.9277880628390118,1.8675446858752929,1.8894513684075545,9309297.0,32220746.0
2019-04-29,1.8784980271414236,1.9004047096736851,1.768964614480116,1.812777979544639,12644253.0,42326216.0
2019-04-30,1.8237313208107697,1.8620680152422273,1.812777979544639,1.8456380033430313,8744045.0,29358266.0
2019-05-06,1.8073013089115735,1.8073013089115735,1.6758612137180047,1.6868145549841354,12532321.0,39604600.0
2019-05-07,1.6977678962502663,1.7306279200486585,1.6868145549841354,1.7196745787825278,8123884.0,25398076.0
2019-05-08,1.6922912256172007,1.7306279200486585,1.6430011899196124,1.708721237516397,8800007.0,27451192.0
2019-05-09,1.725151249415593,1.7361045906817238,1.7032445668833314,1.708721237516397,6251865.0,19590148.0
2019-05-10,1.7306279200486585,1.7580112732139852,1.6868145549841354,1.7415812613147892,7742497.0,24531362.0
2019-05-13,1.7196745787825278,1.75253460258092,1.7141979081494623,1.725151249415593,5631956.0,17814454.0
2019-05-14,1.708721237516397,1.7306279200486585,1.6868145549841354,1.6868145549841354,6974188.0,21698794.0
2019-05-15,1.6977678962502663,1.7196745787825278,1.6922912256172007,1.7141979081494623,7871621.0,24501730.0
2019-05-16,1.7196745787825278,1.7415812613147892,1.7032445668833314,1.7361045906817238,7274453.0,22902530.0
2019-05-17,1.7470579319478545,1.7470579319478545,1.6594312018188084,1.6758612137180047,8999305.0,27916206.0
2019-05-20,1.6758612137180047,1.6758612137180047,1.637524519286547,1.664907872451874,6378004.0,19263222.0
2019-05-21,1.6484778605526778,1.6977678962502663,1.6484778605526778,1.6922912256172007,4741716.0,14567779.0
2019-05-22,1.6977678962502663,1.6977678962502663,1.653954531185743,1.6594312018188084,5020428.0,15315647.0
2019-05-23,1.6484778605526778,1.670384543084939,1.637524519286547,1.6430011899196124,4958452.0,14949603.0
2019-05-24,1.6484778605526778,1.670384543084939,1.6430011899196124,1.653954531185743,2872782.0,8686359.0
2019-05-27,1.653954531185743,1.6922912256172007,1.6320478486534817,1.6758612137180047,5631369.0,17135172.0
2019-05-28,1.6758612137180047,1.6977678962502663,1.670384543084939,1.68133788435107,5895628.0,18127244.0
2019-05-29,1.68133788435107,1.7470579319478545,1.68133788435107,1.7361045906817238,11406330.0,35774308.0
2019-05-30,1.7306279200486585,1.7306279200486585,1.68133788435107,1.6977678962502663,8463215.0,26226984.0
2019-05-31,1.6922912256172007,1.708721237516397,1.664907872451874,1.68133788435107,5036929.0,15495819.0
2019-06-03,1.6868145549841354,1.6922912256172007,1.6484778605526778,1.653954531185743,5810849.0,17687398.0
2019-06-04,1.653954531185743,1.6594312018188084,1.6265711780204164,1.6430011899196124,5545770.0,16637671.0
2019-06-05,1.653954531185743,1.670384543084939,1.637524519286547,1.6484778605526778,3729575.0,11248143.0
2019-06-06,1.6430011899196124,1.6484778605526778,1.6046644954881548,1.6101411661212202,4475000.0,13241142.0
2019-06-10,1.6156178367542857,1.6320478486534817,1.6046644954881548,1.6210945073873508,3128750.0,9274242.0
2019-06-11,1.6210945073873508,1.6758612137180047,1.6210945073873508,1.670384543084939,6180514.0,18696860.0
2019-06-12,1.653954531185743,1.6868145549841354,1.653954531185743,1.6758612137180047,5157440.0,15756156.0
2019-06-13,1.6758612137180047,1.6868145549841354,1.664907872451874,1.6758612137180047,3593428.0,10977783.0
2019-06-14,1.6758612137180047,1.6868145549841354,1.6484778605526778,1.6594312018188084,5138384.0,15639048.0
2019-06-17,1.6484778605526778,1.664907872451874,1.637524519286547,1.6430011899196124,2843882.0,8557996.0
2019-06-18,1.6758612137180047,1.7196745787825278,1.653954531185743,1.6594312018188084,5830054.0,17871036.0
2019-06-19,1.68133788435107,1.6868145549841354,1.664907872451874,1.670384543084939,4319424.0,13208120.0
2019-06-20,1.664907872451874,1.6977678962502663,1.664907872451874,1.6868145549841354,4616207.0,14182540.0
2019-06-21,1.6922912256172007,1.7141979081494623,1.6922912256172007,1.7032445668833314,5832384.0,18146988.0
2019-06-24,1.708721237516397,1.7141979081494623,1.6922912256172007,1.7032445668833314,4451500.0,13840080.0
2019-06-25,1.7032445668833314,1.708721237516397,1.653954531185743,1.68133788435107,4785881.0,14603471.0
2019-06-26,1.6758612137180047,1.68133788435107,1.6594312018188084,1.6758612137180047,2817338.0,8596085.0
2019-06-27,1.670384543084939,1.68133788435107,1.664907872451874,1.664907872451874,4031952.0,12314648.0
2019-06-28,1.670384543084939,1.6758612137180047,1.637524519286547,1.6430011899196124,4662774.0,14033880.0
2019-07-01,1.664907872451874,1.68133788435107,1.6594312018188084,1.6758612137180047,4873904.0,14871238.0
2019-07-02,1.6758612137180047,1.6868145549841354,1.664907872451874,1.6758612137180047,4056602.0,12405869.0
2019-07-03,1.6758612137180047,1.68133788435107,1.664907872451874,1.6758612137180047,4293300.0,13116439.0
2019-07-04,1.6758612137180047,1.7141979081494623,1.670384543084939,1.68133788435107,7760007.0,23978876.0
2019-07-05,1.68133788435107,1.6922912256172007,1.670384543084939,1.6922912256172007,3206042.0,9861542.0
2019-07-08,1.6977678962502663,1.6977678962502663,1.6320478486534817,1.6320478486534817,8881925.0,26713282.0
2019-07-09,1.6046644954881548,1.6430011899196124,1.6046644954881548,1.6320478486534817,3577657.0,10639793.0
2019-07-10,1.6430011899196124,1.6484778605526778,1.6210945073873508,1.6265711780204164,2448218.0,7313930.5
2019-07-11,1.637524519286547,1.653954531185743,1.6265711780204164,1.6265711780204164,2004831.0,5989498.5
2019-07-12,1.637524519286547,1.6430011899196124,1.6210945073873508,1.6320478486534817,2069774.0,6173231.5
2019-07-15,1.6320478486534817,1.653954531185743,1.6101411661212202,1.6484778605526778,4025212.0,12050747.0
2019-07-16,1.653954531185743,1.68133788435107,1.6484778605526778,1.6758612137180047,4982090.0,15173434.0
2019-07-17,1.68133788435107,1.6868145549841354,1.664907872451874,1.6758612137180047,3702569.0,11341872.0
2019-07-18,1.6868145549841354,1.6922912256172007,1.6594312018188084,1.664907872451874,2959674.0,9024099.0
2019-07-19,1.6594312018188084,1.6868145549841354,1.6594312018188084,1.6758612137180047,4827904.0,14794796.0
2019-07-22,1.6758612137180047,1.68133788435107,1.6265711780204164,1.637524519286547,5050441.0,15181080.0
2019-07-23,1.6430011899196124,1.664907872451874,1.6430011899196124,1.6594312018188084,2303208.0,6954191.0
2019-07-24,1.6594312018188084,1.670384543084939,1.653954531185743,1.6594312018188084,3229956.0,9813429.0
2019-07-25,1.670384543084939,1.670384543084939,1.6430011899196124,1.653954531185743,3152781.0,9525505.0
2019-07-26,1.6484778605526778,1.6594312018188084,1.637524519286547,1.6594312018188084,2766305.0,8308163.0
2019-07-29,1.653954531185743,1.6594312018188084,1.637524519286547,1.6430011899196124,2368838.0,7105766.5
2019-07-30,1.6430011899196124,1.653954531185743,1.637524519286547,1.6430011899196124,2351700.0,7063102.0
2019-07-31,1.637524519286547,1.637524519286547,1.6210945073873508,1.6320478486534817,3488184.0,10370810.0
2019-08-01,1.6265711780204164,1.6320478486534817,1.6156178367542857,1.6210945073873508,2713941.0,8047186.5
2019-08-02,1.6046644954881548,1.6101411661212202,1.577281142322828,1.5882344835889586,6108416.0,17792256.0
2019-08-05,1.577281142322828,1.5827578129558935,1.5389444478913703,1.5444211185244356,5852277.0,16634463.0
2019-08-06,1.522514435992174,1.522514435992174,1.4622710590284551,1.489654412193782,8314807.0,22667662.0
2019-08-07,1.4951310828268474,1.522514435992174,1.4951310828268474,1.5170377653591087,4531072.0,12514268.0
2019-08-08,1.522514435992174,1.5389444478913703,1.5115610947260434,1.5279911066252396,3395160.0,9460989.0
2019-08-09,1.5334677772583047,1.5389444478913703,1.5006077534599127,1.506084424092978,2495720.0,6925936.0
2019-08-12,1.5334677772583047,1.5334677772583047,1.5115610947260434,1.5279911066252396,2513220.0,6978769.5
2019-08-13,1.522514435992174,1.5279911066252396,1.5006077534599127,1.5115610947260434,2479602.0,6830988.5
2019-08-14,1.522514435992174,1.5389444478913703,1.5170377653591087,1.5279911066252396,2757893.0,7691046.5
2019-08-15,1.4951310828268474,1.522514435992174,1.4841777415607165,1.5170377653591087,2178882.0,5993286.5
2019-08-16,1.522514435992174,1.5444211185244356,1.5170377653591087,1.5279911066252396,3117776.0,8736781.0
2019-08-19,1.68133788435107,1.68133788435107,1.6265711780204164,1.68133788435107,33881620.0,103511224.0
2019-08-20,1.7470579319478545,1.812777979544639,1.6922912256172007,1.6977678962502663,51292512.0,164729952.0
2019-08-21,1.664907872451874,1.7306279200486585,1.664907872451874,1.6922912256172007,21727146.0,67449672.0
2019-08-22,1.7032445668833314,1.7470579319478545,1.6868145549841354,1.725151249415593,17390512.0,54551884.0
2019-08-23,1.725151249415593,1.7361045906817238,1.670384543084939,1.6922912256172007,11833432.0,36718076.0
2019-08-26,1.653954531185743,1.6977678962502663,1.6265711780204164,1.68133788435107,15133970.0,45926780.0
2019-08-27,1.708721237516397,1.7141979081494623,1.670384543084939,1.6922912256172007,10585323.0,32714796.0
2019-08-28,1.6868145549841354,1.708721237516397,1.664907872451874,1.6922912256172007,8209694.0,25357400.0
2019-08-29,1.7032445668833314,1.8620680152422273,1.6868145549841354,1.7963479676454428,48200212.0,159899232.0
2019-08-30,1.75253460258092,1.8346846620769006,1.6922912256172007,1.7196745787825278,39555348.0,127595976.0
2019-09-02,1.7361045906817238,1.7580112732139852,1.6977678962502663,1.7306279200486585,15746401.0,49616968.0
2019-09-03,1.7141979081494623,1.7470579319478545,1.7032445668833314,1.7306279200486585,12417833.0,39153820.0
2019-09-04,1.708721237516397,1.9058813803067505,1.7032445668833314,1.9058813803067505,55661516.0,187743424.0
2019-09-05,1.9168347215728812,2.0537514873995155,1.8565913446091622,1.9387414041051427,71704728.0,256915344.0
2019-09-06,1.8894513684075545,1.9223113922059465,1.8620680152422273,1.8730213565083582,33379020.0,114622704.0
2019-09-09,1.883974697774489,1.9004047096736851,1.8456380033430313,1.883974697774489,22764132.0,77742784.0
2019-09-10,1.8675446858752929,1.8784980271414236,1.8346846620769006,1.8565913446091622,13840377.0,46814632.0
2019-09-11,1.8675446858752929,1.8675446858752929,1.8401613327099657,1.8675446858752929,11328077.0,38430124.0
2019-09-12,1.8675446858752929,1.9277880628390118,1.8565913446091622,1.883974697774489,15183720.0,52476532.0
2019-09-16,1.883974697774489,1.883974697774489,1.8456380033430313,1.8565913446091622,10665486.0,36248696.0
2019-09-17,1.8456380033430313,1.8565913446091622,1.7634879438470508,1.7799179557462468,13903746.0,45628000.0
2019-09-18,1.7853946263793121,1.7908712970123775,1.7415812613147892,1.7580112732139852,9331540.0,30135276.0
2019-09-19,1.7580112732139852,1.768964614480116,1.725151249415593,1.768964614480116,7760486.0,24723862.0
2019-09-20,1.768964614480116,1.8511146739760966,1.768964614480116,1.8456380033430313,19532324.0,64724616.0
2019-09-23,1.8237313208107697,1.8401613327099657,1.7799179557462468,1.829207991443835,10975633.0,36218696.0
2019-09-24,1.8237313208107697,1.829207991443835,1.8073013089115735,1.812777979544639,5940735.0,19713308.0
2019-09-25,1.7963479676454428,1.8018246382785084,1.7580112732139852,1.7580112732139852,6920300.0,22446268.0
2019-09-26,1.768964614480116,1.7963479676454428,1.7196745787825278,1.7306279200486585,8286783.0,26521720.0
2019-09-27,1.7306279200486585,1.75253460258092,1.7196745787825278,1.7415812613147892,4312938.0,13702116.0
2019-09-30,1.75253460258092,1.7580112732139852,1.7141979081494623,1.7196745787825278,4662500.0,14736683.0
2019-10-08,1.7196745787825278,1.7361045906817238,1.7141979081494623,1.7196745787825278,5048120.0,15874939.0
2019-10-09,1.7141979081494623,1.75253460258092,1.6977678962502663,1.75253460258092,4332677.0,13660371.0
2019-10-10,1.7470579319478545,1.768964614480116,1.7361045906817238,1.7580112732139852,4946150.0,15855057.0
2019-10-11,1.7580112732139852,1.7744412851131814,1.7306279200486585,1.7580112732139852,5010339.0,16055870.0
2019-10-14,1.7799179557462468,1.8346846620769006,1.768964614480116,1.8237313208107697,14521902.0,48117180.0
2019-10-15,1.8018246382785084,1.9058813803067505,1.7799179557462468,1.8456380033430313,22802666.0,76500064.0
2019-10-16,1.829207991443835,1.8401613327099657,1.7634879438470508,1.7744412851131814,13063201.0,42990356.0
2019-10-17,1.7799179557462468,1.7853946263793121,1.7306279200486585,1.7361045906817238,6684904.0,21380014.0
2019-10-18,1.7306279200486585,1.75253460258092,1.708721237516397,1.7141979081494623,6092700.0,19198742.0
2019-10-21,1.708721237516397,1.7141979081494623,1.653954531185743,1.6758612137180047,7256314.0,22223104.0
2019-10-22,1.68133788435107,1.708721237516397,1.6758612137180047,1.7032445668833314,4802006.0,14796320.0
2019-10-23,1.6922912256172007,1.6977678962502663,1.6758612137180047,1.6758612137180047,4712902.0,14465978.0
2019-10-24,1.68133788435107,1.6922912256172007,1.6594312018188084,1.670384543084939,4433560.0,13526771.0
2019-10-25,1.6758612137180047,1.708721237516397,1.6594312018188084,1.6922912256172007,4478921.0,13756343.0
2019-10-28,1.670384543084939,1.7032445668833314,1.6594312018188084,1.7032445668833314,5568358.0,17194672.0
2019-10-29,1.6868145549841354,1.6977678962502663,1.6758612137180047,1.6758612137180047,4901504.0,15084778.0
2019-10-30,1.664907872451874,1.664907872451874,1.6430011899196124,1.6484778605526778,5222108.0,15752073.0
2019-10-31,1.6484778605526778,1.6594312018188084,1.6101411661212202,1.6210945073873508,5429800.0,16186954.0
2019-11-01,1.6320478486534817,1.6430011899196124,1.6101411661212202,1.6320478486534817,4515175.0,13442468.0
2019-11-04,1.637524519286547,1.6594312018188084,1.6320478486534817,1.6430011899196124,3148673.0,9467757.0
2019-11-05,1.6484778605526778,1.653954531185743,1.6320478486534817,1.6484778605526778,3124106.0,9380996.0
2019-11-06,1.6484778605526778,1.6484778605526778,1.6156178367542857,1.6320478486534817,3558606.0,10587073.0
2019-11-07,1.6320478486534817,1.637524519286547,1.6156178367542857,1.6265711780204164,2572905.0,7648116.0
2019-11-08,1.637524519286547,1.6430011899196124,1.6156178367542857,1.6265711780204164,3013143.0,8954948.0
2019-11-11,1.6210945073873508,1.6210945073873508,1.5608511304236319,1.5718044716897626,6882661.0,19875434.0
2019-11-12,1.5718044716897626,1.5991878248550895,1.5608511304236319,1.5937111542220241,3459184.0,9977006.0
2019-11-13,1.5882344835889586,1.5991878248550895,1.5718044716897626,1.5827578129558935,2119205.0,6123598.5
2019-11-14,1.5882344835889586,1.5882344835889586,1.5718044716897626,1.5827578129558935,2119535.0,6114329.5
2019-11-15,1.5882344835889586,1.5882344835889586,1.566327801056697,1.5718044716897626,2271384.0,6532583.0
2019-11-18,1.566327801056697,1.6156178367542857,1.5553744597905663,1.6046644954881548,4726692.0,13738982.0
2019-11-19,1.5937111542220241,1.6156178367542857,1.5882344835889586,1.6101411661212202,2564001.0,7510764.5
2019-11-20,1.6101411661212202,1.6101411661212202,1.5827578129558935,1.5882344835889586,2615169.0,7617637.0
2019-11-21,1.577281142322828,1.6046644954881548,1.5718044716897626,1.6046644954881548,2238009.0,6514865.0
2019-11-22,1.5991878248550895,1.6210945073873508,1.577281142322828,1.5827578129558935,2938703.0,8545577.0
2019-11-25,1.5827578129558935,1.7415812613147892,1.577281142322828,1.6758612137180047,22851876.0,70820992.0
2019-11-26,1.6594312018188084,1.670384543084939,1.6210945073873508,1.6320478486534817,9769200.0,29253734.0
2019-11-27,1.6210945073873508,1.6320478486534817,1.6156178367542857,1.6210945073873508,3548700.0,10524342.0
2019-11-28,1.6156178367542857,1.6265711780204164,1.5991878248550895,1.6046644954881548,2799641.0,8220714.5
2019-11-29,1.6101411661212202,1.6101411661212202,1.5827578129558935,1.6046644954881548,2651922.0,7704909.0
2019-12-02,1.5882344835889586,1.6101411661212202,1.5882344835889586,1.6046644954881548,2343005.0,6833636.0
2019-12-03,1.5882344835889586,1.6101411661212202,1.5882344835889586,1.6046644954881548,2380100.0,6956029.0
2019-12-04,1.5991878248550895,1.6046644954881548,1.5937111542220241,1.6046644954881548,2231500.0,6517604.5
2019-12-05,1.6046644954881548,1.6156178367542857,1.5937111542220241,1.6156178367542857,3368564.0,9899591.0
2019-12-06,1.6101411661212202,1.670384543084939,1.6046644954881548,1.6320478486534817,5108946.0,15237305.0
2019-12-09,1.6430011899196124,1.670384543084939,1.6320478486534817,1.653954531185743,4740074.0,14303343.0
2019-12-10,1.653954531185743,1.6594312018188084,1.637524519286547,1.6484778605526778,3956590.0,11896790.0
2019-12-11,1.653954531185743,1.6868145549841354,1.6484778605526778,1.670384543084939,5522882.0,16875160.0
2019-12-12,1.6758612137180047,1.68133788435107,1.6430011899196124,1.6430011899196124,4528500.0,13704033.0
2019-12-13,1.653954531185743,1.664907872451874,1.6484778605526778,1.653954531185743,4249164.0,12837057.0
2019-12-16,1.6594312018188084,1.6758612137180047,1.653954531185743,1.670384543084939,3928753.0,11929300.0
2019-12-17,1.670384543084939,1.708721237516397,1.6484778605526778,1.68133788435107,11173808.0,34183428.0
2019-12-18,1.6868145549841354,1.6922912256172007,1.670384543084939,1.6758612137180047,5529901.0,16963600.0
2019-12-19,1.6758612137180047,1.6868145549841354,1.670384543084939,1.6868145549841354,4251219.0,13027426.0
2019-12-20,1.68133788435107,1.708721237516397,1.6758612137180047,1.6758612137180047,5348990.0,16513388.0
2019-12-23,1.68133788435107,1.68133788435107,1.6430011899196124,1.6484778605526778,5667341.0,17197546.0
2019-12-24,1.6484778605526778,1.664907872451874,1.6430011899196124,1.6594312018188084,3071245.0,9269674.0
2019-12-25,1.664907872451874,1.664907872451874,1.6484778605526778,1.653954531185743,2652824.0,8018523.0
2019-12-26,1.664907872451874,1.670384543084939,1.653954531185743,1.664907872451874,3699300.0,11224508.0
2019-12-27,1.664907872451874,1.6922912256172007,1.664907872451874,1.6758612137180047,6624930.0,20317204.0
2019-12-30,1.6758612137180047,1.6758612137180047,1.6484778605526778,1.6758612137180047,4664141.0,14178817.0
2019-12-31,1.670384543084939,1.68133788435107,1.664907872451874,1.68133788435107,3706626.0,11321983.0
2020-01-02,1.6922912256172007,1.7141979081494623,1.6868145549841354,1.7032445668833314,9079844.0,28272076.0
2020-01-03,1.7032445668833314,1.708721237516397,1.6922912256172007,1.7032445668833314,5021565.0,15600942.0
2020-01-06,1.6922912256172007,1.708721237516397,1.68133788435107,1.7032445668833314,6583404.0,20396608.0
2020-01-07,1.7032445668833314,1.725151249415593,1.6977678962502663,1.7196745787825278,7109584.0,22208888.0
2020-01-08,1.7141979081494623,1.7141979081494623,1.6758612137180047,1.68133788435107,7335207.0,22677024.0
2020-01-09,1.6868145549841354,1.708721237516397,1.6868145549841354,1.6977678962502663,5116691.0,15853380.0
2020-01-10,1.6977678962502663,1.7032445668833314,1.6868145549841354,1.6868145549841354,3990394.0,12321538.0
2020-01-13,1.6868145549841354,1.6868145549841354,1.6594312018188084,1.6758612137180047,6416971.0,19582996.0
2020-01-14,1.68133788435107,1.6868145549841354,1.664907872451874,1.670384543084939,5394060.0,16522755.0
2020-01-15,1.670384543084939,1.670384543084939,1.653954531185743,1.664907872451874,4651334.0,14105350.0
2020-01-16,1.664907872451874,1.670384543084939,1.6430011899196124,1.6484778605526778,6349820.0,19138402.0
2020-01-17,1.6484778605526778,1.653954531185743,1.6265711780204164,1.6320478486534817,5898897.0,17654346.0
2020-01-20,1.6265711780204164,1.637524519286547,1.6156178367542857,1.6320478486534817,4439391.0,13192822.0
2020-01-21,1.6210945073873508,1.6320478486534817,1.6156178367542857,1.6210945073873508,4485873.0,13297147.0
2020-01-22,1.6210945073873508,1.6320478486534817,1.6046644954881548,1.6210945073873508,4952912.0,14645376.0
2020-01-23,1.6210945073873508,1.6210945073873508,1.5608511304236319,1.5718044716897626,7117242.0,20661378.0
2020-02-03,1.4129810233308666,1.4513177177623242,1.4129810233308666,1.418457693963932,19836008.0,51318724.0
2020-02-04,1.418457693963932,1.4677477296615205,1.418457693963932,1.4567943883953898,16462222.0,43243032.0
2020-02-05,1.4732244002945858,1.5006077534599127,1.4348877058631282,1.4677477296615205,13490157.0,36168612.0
2020-02-06,1.4841777415607165,1.5389444478913703,1.4841777415607165,1.506084424092978,14764730.0,40861608.0
2020-02-07,1.4951310828268474,1.506084424092978,1.4787010709276514,1.4951310828268474,7797588.0,21240730.0
2020-02-10,1.4951310828268474,1.522514435992174,1.4732244002945858,1.5170377653591087,6293891.0,17342378.0
2020-02-11,1.5115610947260434,1.5334677772583047,1.5006077534599127,1.506084424092978,5853561.0,16198706.0
2020-02-12,1.5115610947260434,1.5170377653591087,1.5006077534599127,1.5170377653591087,5151376.0,14179019.0
2020-02-13,1.5170377653591087,1.670384543084939,1.5115610947260434,1.6430011899196124,49714556.0,149532784.0
2020-02-14,1.5991878248550895,1.6758612137180047,1.577281142322828,1.670384543084939,38674420.0,115525296.0
2020-02-17,1.6430011899196124,1.6594312018188084,1.6156178367542857,1.6320478486534817,28906520.0,86088304.0
2020-02-18,1.637524519286547,1.637524519286547,1.5991878248550895,1.6156178367542857,17838864.0,52595152.0
2020-02-19,1.6101411661212202,1.6156178367542857,1.5718044716897626,1.577281142322828,14593623.0,42496220.0
2020-02-20,1.577281142322828,1.5991878248550895,1.5608511304236319,1.5991878248550895,11430572.0,33007320.0
2020-02-21,1.5991878248550895,1.6101411661212202,1.5937111542220241,1.6046644954881548,10058040.0,29409564.0
2020-02-24,1.6046644954881548,1.6320478486534817,1.5937111542220241,1.6156178367542857,12637327.0,37314780.0
2020-02-25,1.5937111542220241,1.5937111542220241,1.5553744597905663,1.5882344835889586,13611313.0,39234220.0
2020-02-26,1.577281142322828,1.637524519286547,1.566327801056697,1.6046644954881548,16437336.0,48400388.0
2020-02-27,1.6156178367542857,1.6265711780204164,1.577281142322828,1.5882344835889586,12169401.0,35384216.0
2020-02-28,1.5608511304236319,1.5827578129558935,1.5279911066252396,1.5334677772583047,16102202.0,45620044.0
2020-03-02,1.5334677772583047,1.5937111542220241,1.5334677772583047,1.577281142322828,10639140.0,30572304.0
2020-03-03,1.6046644954881548,1.637524519286547,1.577281142322828,1.5937111542220241,12524545.0,36484296.0
2020-03-04,1.5827578129558935,1.6484778605526778,1.5827578129558935,1.6430011899196124,21532024.0,63740616.0
2020-03-05,1.6430011899196124,1.68133788435107,1.6265711780204164,1.6758612137180047,28095398.0,85042624.0
2020-03-06,1.653954531185743,1.6594312018188084,1.6265711780204164,1.6320478486534817,18519232.0,55510160.0
2020-03-09,1.5991878248550895,1.6210945073873508,1.566327801056697,1.5718044716897626,15485385.0,44996856.0
2020-03-10,1.549897789157501,1.5882344835889586,1.522514435992174,1.5827578129558935,15656012.0,44434692.0
2020-03-11,1.5827578129558935,1.6046644954881548,1.577281142322828,1.577281142322828,9299071.0,26996536.0
2020-03-12,1.566327801056697,1.566327801056697,1.5444211185244356,1.5608511304236319,8011138.0,22711996.0
2020-03-13,1.506084424092978,1.5444211185244356,1.4841777415607165,1.5444211185244356,12787101.0,35280352.0
2020-03-16,1.5444211185244356,1.5608511304236319,1.506084424092978,1.506084424092978,12231442.0,34371924.0
2020-03-17,1.5115610947260434,1.522514435992174,1.445841047129259,1.4841777415607165,10956297.0,29610450.0
2020-03-18,1.4951310828268474,1.5115610947260434,1.4567943883953898,1.4622710590284551,8330012.0,22598652.0
2020-03-19,1.4677477296615205,1.4787010709276514,1.4403643764961935,1.4677477296615205,8664344.0,23064476.0
2020-03-20,1.4677477296615205,1.4951310828268474,1.4622710590284551,1.4951310828268474,6995752.0,18847916.0
2020-03-23,1.4622710590284551,1.4677477296615205,1.4348877058631282,1.4403643764961935,6970700.0,18494148.0
2020-03-24,1.4567943883953898,1.4677477296615205,1.4348877058631282,1.4567943883953898,7547341.0,20001490.0
2020-03-25,1.4787010709276514,1.5334677772583047,1.4677477296615205,1.506084424092978,11655791.0,31812464.0
2020-03-26,1.5006077534599127,1.506084424092978,1.4787010709276514,1.4787010709276514,5727745.0,15584359.0
2020-03-27,1.489654412193782,1.5006077534599127,1.4787010709276514,1.4841777415607165,4995742.0,13582330.0
2020-03-30,1.4787010709276514,1.4787010709276514,1.4403643764961935,1.4513177177623242,6122300.0,16224158.0
2020-03-31,1.4567943883953898,1.4677477296615205,1.4403643764961935,1.445841047129259,5070467.0,13419047.0
2020-04-01,1.445841047129259,1.4567943883953898,1.4294110352300626,1.4348877058631282,4883681.0,12900368.0
2020-04-02,1.4294110352300626,1.4567943883953898,1.4239343645969975,1.4513177177623242,3854907.0,10128028.0
2020-04-03,1.445841047129259,1.4732244002945858,1.4348877058631282,1.4622710590284551,5779762.0,15331927.0
2020-04-07,1.4787010709276514,1.4841777415607165,1.4622710590284551,1.4732244002945858,7618970.0,20510700.0
2020-04-08,1.4732244002945858,1.489654412193782,1.4622710590284551,1.489654412193782,6600737.0,17853924.0
2020-04-09,1.4951310828268474,1.5006077534599127,1.4841777415607165,1.489654412193782,4578425.0,12463638.0
2020-04-10,1.4841777415607165,1.489654412193782,1.4567943883953898,1.4622710590284551,4654588.0,12522962.0
2020-04-13,1.4622710590284551,1.4622710590284551,1.4403643764961935,1.4403643764961935,4354126.0,11522999.0
2020-04-14,1.445841047129259,1.4677477296615205,1.445841047129259,1.4677477296615205,4591759.0,12214960.0
2020-04-15,1.4732244002945858,1.4732244002945858,1.445841047129259,1.445841047129259,5004988.0,13287050.0
2020-04-16,1.4403643764961935,1.4567943883953898,1.4348877058631282,1.445841047129259,4432234.0,11697506.0
2020-04-17,1.4567943883953898,1.4622710590284551,1.445841047129259,1.4513177177623242,4813142.0,12764724.0
2020-04-20,1.4567943883953898,1.4677477296615205,1.4403643764961935,1.4622710590284551,5675436.0,15061333.0
2020-04-21,1.4567943883953898,1.4567943883953898,1.4348877058631282,1.445841047129259,3861170.0,10187418.0
2020-04-22,1.4348877058631282,1.4732244002945858,1.4348877058631282,1.4622710590284551,7598727.0,20199034.0
2020-04-23,1.4677477296615205,1.4677477296615205,1.4513177177623242,1.4567943883953898,4522960.0,12032124.0
2020-04-24,1.445841047129259,1.4513177177623242,1.4239343645969975,1.4348877058631282,4987704.0,13094792.0
2020-04-27,1.4348877058631282,1.4403643764961935,1.4239343645969975,1.4294110352300626,4352702.0,11380785.0
2020-04-28,1.4294110352300626,1.4294110352300626,1.358214317000213,1.3910743407986053,6909871.0,17592838.0
2020-04-29,1.3965510114316704,1.4075043526978013,1.3855976701655397,1.3965510114316704,3103774.0,7908673.5
2020-04-30,1.402027682064736,1.506084424092978,1.402027682064736,1.4622710590284551,10593621.0,28083518.0
2020-05-06,1.6101411661212202,1.6101411661212202,1.6101411661212202,1.6101411661212202,16514824.0,48553584.0
2020-05-07,1.653954531185743,1.708721237516397,1.577281142322828,1.5882344835889586,60922568.0,183650096.0
2020-05-08,1.566327801056697,1.6430011899196124,1.5279911066252396,1.5882344835889586,31616816.0,90816360.0
2020-05-11,1.566327801056697,1.7415812613147892,1.5608511304236319,1.6594312018188084,40683724.0,122082488.0
2020-05-12,1.6594312018188084,1.670384543084939,1.5827578129558935,1.5991878248550895,21379604.0,63398800.0
2020-05-13,1.5882344835889586,1.6156178367542857,1.549897789157501,1.5882344835889586,13849468.0,39964744.0
2020-05-14,1.577281142322828,1.6594312018188084,1.549897789157501,1.5991878248550895,19634042.0,57963052.0
2020-05-15,1.653954531185743,1.6922912256172007,1.6320478486534817,1.637524519286547,25570376.0,77546736.0
2020-05-18,1.6046644954881548,1.6320478486534817,1.5882344835889586,1.6156178367542857,13744635.0,40379952.0
2020-05-19,1.6210945073873508,1.670384543084939,1.6101411661212202,1.6320478486534817,14221822.0,42658664.0
2020-05-20,1.6265711780204164,1.6484778605526778,1.5882344835889586,1.5937111542220241,12505004.0,36699044.0
2020-05-21,1.5882344835889586,1.5991878248550895,1.5608511304236319,1.566327801056697,7668126.0,22062894.0
2020-05-22,1.5608511304236319,1.5718044716897626,1.5334677772583047,1.5389444478913703,7755689.0,21904606.0
2020-05-25,1.5444211185244356,1.5553744597905663,1.5334677772583047,1.5389444478913703,4396770.0,12381639.0
2020-05-26,1.5389444478913703,1.5608511304236319,1.5334677772583047,1.5608511304236319,4591291.0,12991833.0
2020-05-27,1.5608511304236319,1.566327801056697,1.5334677772583047,1.5444211185244356,6093905.0,17174356.0
2020-05-28,1.549897789157501,1.5608511304236319,1.5334677772583047,1.5444211185244356,5044573.0,14234875.0
2020-05-29,1.5389444478913703,1.5553744597905663,1.5334677772583047,1.5444211185244356,4143910.0,11716697.0
2020-06-01,1.5444211185244356,1.5991878248550895,1.5444211185244356,1.5937111542220241,9645942.0,27777038.0
2020-06-02,1.5937111542220241,1.6210945073873508,1.5882344835889586,1.6101411661212202,11207695.0,32915010.0
2020-06-03,1.708721237516397,1.768964614480116,1.708721237516397,1.768964614480116,21695992.0,69815936.0
2020-06-04,1.7470579319478545,1.9058813803067505,1.725151249415593,1.7908712970123775,89030216.0,296920832.0
2020-06-05,1.768964614480116,1.8730213565083582,1.7470579319478545,1.8182546501777044,44933456.0,148772848.0
2020-06-08,1.8073013089115735,1.829207991443835,1.768964614480116,1.7908712970123775,18210030.0,59441092.0
2020-06-09,1.8073013089115735,1.8237313208107697,1.7361045906817238,1.7580112732139852,15863204.0,50932452.0
2020-06-10,1.75253460258092,1.7580112732139852,1.7196745787825278,1.725151249415593,9026992.0,28551364.0
2020-06-11,1.7361045906817238,1.8018246382785084,1.725151249415593,1.7744412851131814,19075222.0,61616400.0
2020-06-12,1.68133788435107,1.7634879438470508,1.68133788435107,1.7196745787825278,16684063.0,52632808.0
2020-06-15,1.6977678962502663,1.768964614480116,1.6977678962502663,1.7196745787825278,13949339.0,44255140.0
2020-06-16,1.7361045906817238,1.8073013089115735,1.7196745787825278,1.7853946263793121,14081877.0,45137044.0
2020-06-17,1.8073013089115735,1.8675446858752929,1.768964614480116,1.8456380033430313,31320660.0,104721016.0
2020-06-18,1.8511146739760966,1.8949280390406196,1.812777979544639,1.8511146739760966,13675016.0,45885148.0
2020-06-19,1.8511146739760966,1.9058813803067505,1.8346846620769006,1.8401613327099657,19767844.0,67465656.0
2020-06-22,1.8565913446091622,1.8949280390406196,1.8073013089115735,1.8182546501777044,15225795.0,51154516.0
2020-06-23,1.8456380033430313,1.8565913446091622,1.8073013089115735,1.8237313208107697,10781933.0,36108108.0
2020-06-24,1.8401613327099657,2.004461451701927,1.8237313208107697,1.960648086637404,38579676.0,136318960.0
2020-06-29,1.9551714160043387,2.1085181937301694,1.9332647334720772,2.081134840564842,31122936.0,115314416.0
2020-06-30,2.075658169931777,2.103041523097104,2.031844804867254,2.059228158032581,23682246.0,89391944.0
2020-07-01,2.0537514873995155,2.179714911960019,2.031844804867254,2.1085181937301694,26249476.0,101385656.0
2020-07-02,2.1085181937301694,2.294724995254392,2.092088181830973,2.2782949833551958,39283312.0,159380144.0
2020-07-03,2.2563883008229344,2.4590251142463533,2.2290049476576077,2.294724995254392,46271088.0,198744976.0
2020-07-06,2.354968372218111,2.437118431714092,2.272818312722131,2.3494917015850456,44571392.0,191483072.0
2020-07-07,2.354968372218111,2.3878283960165034,2.272818312722131,2.283771653988261,39188108.0,165867552.0
2020-07-08,2.2618649714559997,2.322108348419719,2.2125749357584112,2.2782949833551958,29091138.0,120416992.0
2020-07-09,2.311155007153588,2.3768750547503728,2.2782949833551958,2.3604450428511763,29819912.0,127777800.0
2020-07-10,2.3440150309519807,2.5959418800729877,2.3166316777866536,2.5959418800729877,58138316.0,269673504.0
2020-07-13,2.672615268935903,2.7821486815972105,2.541175173742334,2.7383353165326874,55253352.0,267567456.0
2020-07-14,2.645231915770576,2.661661927669772,2.469978455512484,2.513791820577007,50895212.0,237313296.0
2020-07-15,2.4754551261455493,2.5466518443753996,2.283771653988261,2.2892483246213264,44135552.0,191827536.0
2020-07-16,2.294724995254392,2.41521174918183,2.2618649714559997,2.2782949833551958,30226688.0,129377192.0
2020-07-17,2.2782949833551958,2.508315149943942,2.223528277024542,2.4097350785487652,37791036.0,164167968.0
2020-07-20,2.41521174918183,2.5904652094399223,2.398781737282634,2.563081856274595,29418650.0,133213560.0
2020-07-21,2.5466518443753996,2.645231915770576,2.530221832476203,2.5740351975407263,21839964.0,102694840.0
2020-07-22,2.563081856274595,2.568558526907661,2.4973618086778107,2.508315149943942,21749636.0,100186216.0
2020-07-23,2.48640846741168,2.508315149943942,2.3823517253834376,2.448071772980222,19100472.0,85262208.0
2020-07-24,2.453548443613288,2.4754551261455493,2.2892483246213264,2.3002016658874576,21503972.0,93114544.0
2020-07-27,2.365921713484242,2.365921713484242,2.2016215944922806,2.223528277024542,25044382.0,103270600.0
2020-07-28,2.272818312722131,2.3494917015850456,2.2290049476576077,2.2618649714559997,21244978.0,88859264.0
2020-07-29,2.2618649714559997,2.3330616896858496,2.2070982651253463,2.3275850190527843,16258976.0,68036544.0
2020-07-30,2.3275850190527843,2.3604450428511763,2.2782949833551958,2.3166316777866536,15138218.0,63924360.0
2020-07-31,2.311155007153588,2.3878283960165034,2.283771653988261,2.311155007153588,14664207.0,62205964.0
2020-08-03,2.3166316777866536,2.541175173742334,2.3002016658874576,2.541175173742334,48282120.0,213967552.0
2020-08-04,2.7273819752665567,2.7931020228633407,2.661661927669772,2.7931020228633407,62791548.0,317546144.0
2020-08-05,2.7821486815972105,2.897158764891583,2.5521285150084645,2.721905304633491,84487592.0,425343584.0
2020-08-06,2.716428634000426,2.8862054236254524,2.683568610202034,2.694521951468164,54567064.0,276302720.0
2020-08-07,2.694521951468164,2.9574021418553027,2.6178485626052495,2.8752520823593217,70212648.0,361149504.0
2020-08-10,2.919065447423845,3.083365566415806,2.836915387927864,2.864298741093191,58094140.0,310042432.0
2020-08-11,2.8533453998270604,2.930018788689975,2.765718669698014,2.787625352230276,38382184.0,200394896.0
2020-08-12,2.787625352230276,2.8423920585609297,2.6123718919721837,2.678091939568968,44954812.0,222217808.0
2020-08-13,2.716428634000426,2.721905304633491,2.5466518443753996,2.5740351975407263,35506208.0,170344832.0
2020-08-14,2.563081856274595,2.672615268935903,2.524745161843138,2.6561852570367064,32060860.0,152599088.0
2020-08-17,2.661661927669772,2.7109519633673607,2.5959418800729877,2.661661927669772,23795624.0,115027216.0
2020-08-18,2.7109519633673607,2.7109519633673607,2.6068952213391183,2.6507085864036415,21786644.0,104911056.0
2020-08-19,2.661661927669772,2.661661927669772,2.5740351975407263,2.5849885388068565,18330524.0,87045528.0
2020-08-20,2.909673077845301,2.909673077845301,2.7785504713329594,2.803526205906739,22359842.0,101409704.0
2020-08-21,2.803526205906739,2.897185210558411,2.747330803115735,2.828501940480518,14574205.0,65709756.0
2020-08-24,2.834745874123963,2.834745874123963,2.734842935828845,2.7660626040460694,12323880.0,54712636.0
2020-08-25,2.7785504713329594,2.928404878775636,2.75357473675918,2.8409898077674076,22645138.0,103297616.0
2020-08-26,2.816014073193628,2.8409898077674076,2.609964262959948,2.653671798464062,24304096.0,104974352.0
2020-08-27,2.672403599394397,2.691135400324731,2.6162081966033934,2.653671798464062,11018975.0,46689096.0
2020-08-28,2.659915732107507,2.734842935828845,2.6349399975337273,2.734842935828845,13842208.0,59847988.0
2020-08-31,2.734842935828845,2.734842935828845,2.609964262959948,2.628696063890283,17516988.0,74589760.0
2020-09-01,2.653671798464062,2.653671798464062,2.560012793812389,2.5974763956730587,13860954.0,57486432.0
2020-09-02,2.609964262959948,2.6162081966033934,2.5225491919517204,2.560012793812389,16568708.0,67931592.0
2020-09-03,2.578744594742724,2.591232462029614,2.5225491919517204,2.5350370592386096,13708161.0,56019152.0
2020-09-04,2.497573457377941,2.578744594742724,2.4476219882303822,2.572500661099279,11958157.0,48256660.0
2020-09-07,2.591232462029614,2.659915732107507,2.5475249265254996,2.609964262959948,16957524.0,70997752.0
2020-09-08,2.6037203293165034,2.6474278648206173,2.572500661099279,2.628696063890283,11016702.0,46349704.0
2020-09-09,2.6037203293165034,2.628696063890283,2.5163052583082757,2.5350370592386096,16655290.0,68674448.0
2020-09-10,2.560012793812389,2.6037203293165034,2.5163052583082757,2.5287931255951652,11408472.0,46823536.0
2020-09-11,2.5038173910213857,2.5412809928820552,2.4788416564476066,2.5225491919517204,7630425.0,30652548.0
2020-09-14,2.5537688601689443,2.5537688601689443,2.4850855900910513,2.497573457377941,7613370.0,30519238.0
2020-09-15,2.5163052583082757,2.5163052583082757,2.460109855517272,2.4850855900910513,5460340.0,21656842.0
2020-09-16,2.4850855900910513,2.5475249265254996,2.4351341209434922,2.5038173910213857,8303227.0,33212450.0
2020-09-17,2.5038173910213857,2.75357473675918,2.4725977228041613,2.75357473675918,21791764.0,93208744.0
2020-09-18,2.7285990021854003,2.9721124142797497,2.672403599394397,2.865965542341187,48057588.0,217789776.0
2020-09-21,2.8097701395501833,2.9408927460625254,2.791038338619849,2.822258006837073,23341692.0,106915312.0
2020-09-22,2.803526205906739,2.9034291442018567,2.7723065376895146,2.8534776750542976,18039910.0,82293576.0
2020-09-23,2.8597216086977424,2.915917011488746,2.8097701395501833,2.8409898077674076,12713402.0,58008240.0
2020-09-24,2.816014073193628,2.872209475984632,2.7785504713329594,2.803526205906739,10706228.0,48356452.0
2020-09-25,2.822258006837073,2.828501940480518,2.6848914666812864,2.703623267611621,15429563.0,67531752.0
2020-09-28,2.703623267611621,2.8472337414108524,2.6786475330378416,2.691135400324731,13800428.0,60367184.0
2020-09-29,2.691135400324731,2.7161111348985103,2.653671798464062,2.6661596657509516,12082972.0,51796044.0
2020-09-30,2.6848914666812864,2.691135400324731,2.5475249265254996,2.609964262959948,13546320.0,56387792.0
2020-10-09,2.628696063890283,2.672403599394397,2.5662567274558343,2.6162081966033934,17052700.0,71642920.0
2020-10-12,2.734842935828845,2.8534776750542976,2.7161111348985103,2.7660626040460694,32725344.0,145567264.0
2020-10-13,2.822258006837073,2.8409898077674076,2.74108686947229,2.803526205906739,19974082.0,88665424.0
2020-10-14,2.803526205906739,2.865965542341187,2.653671798464062,2.6786475330378416,24205902.0,105936344.0
2020-10-15,2.6474278648206173,2.7285990021854003,2.5662567274558343,2.5662567274558343,20423528.0,85573864.0
2020-10-16,2.5537688601689443,2.591232462029614,2.5163052583082757,2.5849885283861687,9249228.0,37917324.0
2020-10-19,2.5849885283861687,2.6162081966033934,2.5287931255951652,2.5537688601689443,11512874.0,47444452.0
2020-10-20,2.5350370592386096,2.5475249265254996,2.5100613246648305,2.5475249265254996,7207661.0,29193556.0
2020-10-21,2.5537688601689443,2.5537688601689443,2.5100613246648305,2.5287931255951652,6729962.0,27205836.0
2020-10-22,2.5287931255951652,2.5287931255951652,2.4850855900910513,2.497573457377941,6524668.0,26150094.0
2020-10-23,2.497573457377941,2.5163052583082757,2.460109855517272,2.4663537891607166,6530963.0,25970134.0
2020-10-26,2.4413780545869375,2.4725977228041613,2.4351341209434922,2.4663537891607166,4104682.0,16133303.0
2020-10-27,2.4476219882303822,2.4663537891607166,2.4351341209434922,2.460109855517272,3965982.0,15580655.0
2020-10-28,2.4663537891607166,2.4725977228041613,2.4039144527262684,2.416402320013158,6640700.0,25823600.0
2020-10-29,2.397670519082823,2.4663537891607166,2.297767580787706,2.4351341209434922,15041310.0,56967164.0
2020-10-30,2.4226462536566027,2.4476219882303822,2.3289872490049297,2.360206917222154,8593075.0,32744468.0
2020-11-02,2.366450850865599,2.4226462536566027,2.3477190499352645,2.3726947845090436,6998304.0,26628350.0
2020-11-03,2.3726947845090436,2.416402320013158,2.335231182648375,2.3851826517959336,7616174.0,29022442.0
2020-11-04,2.378938718152489,2.4039144527262684,2.3102554480745954,2.3539629835787093,6744753.0,25393404.0
2020-11-05,2.3539629835787093,2.3914265854393784,2.3477190499352645,2.378938718152489,7778740.0,29512832.0
2020-11-06,2.3726947845090436,2.3851826517959336,2.31649938171804,2.3227433153614854,10907902.0,40808948.0
2020-11-09,2.31649938171804,2.3539629835787093,2.3040115144311506,2.3414751162918197,17854760.0,66509112.0
2020-11-10,2.3539629835787093,2.416402320013158,2.31649938171804,2.3289872490049297,10382003.0,39254096.0
2020-11-11,2.3102554480745954,2.3227433153614854,2.235328244353257,2.2478161116401467,14235310.0,51411252.0
2020-11-12,2.2540600452835915,2.2540600452835915,2.1666449742753637,2.235328244353257,11582122.0,40779740.0
2020-11-13,2.241572177996702,2.2665479125704815,2.2103525097794776,2.2228403770663676,9715697.0,34863716.0
2020-11-16,2.2603039789270367,2.2603039789270367,2.197864642492588,2.235328244353257,6100873.0,21781456.0
2020-11-17,2.241572177996702,2.2603039789270367,2.191620708849143,2.204108576136033,7202201.0,25537878.0
2020-11-18,2.2165964434229224,2.235328244353257,2.160401040631919,2.1728889079188085,13526670.0,47337700.0
2020-11-19,2.191620708849143,2.197864642492588,2.154157106988474,2.1728889079188085,6574387.0,22844050.0
2020-11-20,2.1791328415622537,2.235328244353257,2.154157106988474,2.197864642492588,12831366.0,45231268.0
2020-11-23,2.197864642492588,2.235328244353257,2.147913173345029,2.2165964434229224,12632916.0,44309388.0
2020-11-24,2.2228403770663676,2.235328244353257,2.191620708849143,2.191620708849143,7547779.0,26732092.0
2020-11-25,2.197864642492588,2.2165964434229224,2.1666449742753637,2.1666449742753637,7261300.0,25520078.0
2020-11-26,2.1666449742753637,2.1728889079188085,2.1354253060581394,2.160401040631919,6556502.0,22645620.0
2020-11-27,2.1728889079188085,2.204108576136033,2.1354253060581394,2.1728889079188085,6554029.0,22686816.0
2020-11-30,2.1791328415622537,2.2478161116401467,2.154157106988474,2.160401040631919,10004068.0,35211520.0
2020-12-01,2.1416692397015846,2.2103525097794776,2.1416692397015846,2.197864642492588,11076260.0,38647060.0
2020-12-02,2.1853767752056985,2.2228403770663676,2.1791328415622537,2.197864642492588,8575050.0,30202040.0
2020-12-03,2.191620708849143,2.204108576136033,2.1728889079188085,2.191620708849143,5465141.0,19133746.0
2020-12-04,2.191620708849143,2.191620708849143,2.147913173345029,2.1791328415622537,6199503.0,21483768.0
2020-12-07,2.191620708849143,2.191620708849143,2.1354253060581394,2.1416692397015846,7199947.0,24805796.0
2020-12-08,2.1354253060581394,2.147913173345029,2.0854738369105807,2.0917177705540255,10472325.0,35378684.0
2020-12-09,2.0917177705540255,2.104205637840915,2.0105466331892425,2.0167905668326873,11298654.0,36996444.0
2020-12-10,2.0105466331892425,2.029278434119577,1.9730830313285734,1.9855708986154632,8147100.0,26100668.0
2020-12-11,1.9855708986154632,1.9918148322589078,1.9231315621810146,1.9543512303982387,11674535.0,36349628.0
2020-12-14,1.9356194294679043,1.9793269649720182,1.9293754958244593,1.9730830313285734,6500647.0,20376182.0
2020-12-15,1.9730830313285734,1.9730830313285734,1.9356194294679043,1.9418633631113489,5585233.0,17441826.0
2020-12-16,1.9418633631113489,1.9543512303982387,1.9043997612506798,1.9231315621810146,6580242.0,20289752.0
2020-12-17,1.9293754958244593,1.9668390976851284,1.89191189396379,1.9605951640416837,9317304.0,28906730.0
2020-12-18,1.9730830313285734,2.048010235049911,1.9605951640416837,1.9730830313285734,13184859.0,42139716.0
2020-12-21,2.023034500476132,2.029278434119577,1.9605951640416837,2.0043026995457978,10352207.0,33093898.0
2020-12-22,2.0043026995457978,2.0167905668326873,1.9543512303982387,1.9730830313285734,6864615.0,21789246.0
2020-12-23,1.9730830313285734,1.9730830313285734,1.9356194294679043,1.9605951640416837,5781122.0,18069420.0
2020-12-24,1.9481072967547939,2.0043026995457978,1.9481072967547939,1.9543512303982387,8102144.0,25537668.0
2020-12-25,1.9481072967547939,1.9793269649720182,1.9293754958244593,1.9543512303982387,5492151.0,17181284.0
2020-12-28,1.9418633631113489,1.9668390976851284,1.9231315621810146,1.9418633631113489,5801959.0,18056348.0
2020-12-29,2.1354253060581394,2.1354253060581394,2.1354253060581394,2.1354253060581394,3763500.0,12871170.0
2020-12-30,2.3477190499352645,2.3477190499352645,2.3477190499352645,2.3477190499352645,7806279.0,29351610.0
2020-12-31,2.572500661099279,2.5849885283861687,2.4351341209434922,2.5849885283861687,94636960.0,382343520.0
2021-01-04,2.591232462029614,2.734842935828845,2.5100613246648305,2.560012793812389,98536768.0,411013184.0
2021-01-05,2.5163052583082757,2.816014073193628,2.4226462536566027,2.609964262959948,94532600.0,394696768.0
2021-01-06,2.560012793812389,2.5849885283861687,2.3477190499352645,2.3726947845090436,76366016.0,294067488.0
2021-01-07,2.3539629835787093,2.3914265854393784,2.229084310709812,2.2540600452835915,39274672.0,144347920.0
2021-01-08,2.2540600452835915,2.2727918462139263,2.154157106988474,2.2478161116401467,25061900.0,89654384.0
2021-01-11,2.2478161116401467,2.297767580787706,2.1666449742753637,2.279035779857371,34524160.0,122959392.0
2021-01-12,2.2540600452835915,2.335231182648375,2.229084310709812,2.2727918462139263,22104900.0,80501504.0
2021-01-13,2.235328244353257,2.2478161116401467,2.1853767752056985,2.197864642492588,19192588.0,67991824.0
2021-01-14,2.1853767752056985,2.416402320013158,2.11044957148436,2.285279713500816,33258448.0,119184712.0
2021-01-15,2.2540600452835915,2.3726947845090436,2.241572177996702,2.2665479125704815,27508862.0,101345728.0
2021-01-18,2.2478161116401467,2.3726947845090436,2.2228403770663676,2.3539629835787093,24725694.0,91904496.0
2021-01-19,2.3289872490049297,2.416402320013158,2.3227433153614854,2.3289872490049297,28123064.0,106836912.0
2021-01-20,2.3040115144311506,2.31649938171804,2.2165964434229224,2.285279713500816,19419616.0,70602520.0
2021-01-21,2.2727918462139263,2.3477190499352645,2.241572177996702,2.2915236471442606,15558584.0,57379632.0
2021-01-22,2.279035779857371,2.285279713500816,2.204108576136033,2.204108576136033,12956028.0,46354284.0
2021-01-25,2.1853767752056985,2.2103525097794776,2.1416692397015846,2.160401040631919,12149866.0,42316344.0
2021-01-26,2.160401040631919,2.197864642492588,2.079229903267136,2.0854738369105807,15490862.0,52765588.0
2021-01-27,2.0854738369105807,2.0917177705540255,2.041766301406467,2.0542541686933564,12103650.0,39926288.0
2021-01-28,2.060498102336801,2.0917177705540255,2.029278434119577,2.0355223677630216,10165956.0,33441764.0
2021-01-29,2.029278434119577,2.066742035980246,2.0043026995457978,2.048010235049911,10199242.0,33288028.0
2021-02-01,2.048010235049911,2.0854738369105807,2.0105466331892425,2.0729859696236907,14232742.0,46835108.0
2021-02-02,2.079229903267136,2.104205637840915,2.048010235049911,2.0542541686933564,10760982.0,35751224.0
2021-02-03,2.060498102336801,2.060498102336801,1.9793269649720182,2.029278434119577,11817840.0,38233892.0
2021-02-04,2.029278434119577,2.060498102336801,1.9855708986154632,1.9980587659023528,9095307.0,29316044.0
2021-02-05,1.9980587659023528,2.0542541686933564,1.9730830313285734,1.9980587659023528,10878128.0,35069680.0
2021-02-08,1.9980587659023528,2.0355223677630216,1.9855708986154632,2.0167905668326873,7697063.0,24824538.0
2021-02-09,1.9980587659023528,2.0355223677630216,1.9980587659023528,2.023034500476132,7615327.0,24614720.0
2021-02-10,2.029278434119577,2.0979617041974703,2.023034500476132,2.060498102336801,8160258.0,26976836.0
2021-02-18,2.0729859696236907,2.11044957148436,2.060498102336801,2.0917177705540255,10043749.0,33593708.0
2021-02-19,2.079229903267136,2.1666449742753637,2.079229903267136,2.154157106988474,11361903.0,38889980.0
2021-02-22,2.1791328415622537,2.279035779857371,2.1791328415622537,2.197864642492588,16187764.0,57732760.0
2021-02-23,2.197864642492588,2.235328244353257,2.1354253060581394,2.147913173345029,10766860.0,37433144.0
2021-02-24,2.1416692397015846,2.197864642492588,2.1416692397015846,2.160401040631919,10670104.0,36976524.0
2021-02-25,2.160401040631919,2.297767580787706,2.154157106988474,2.241572177996702,25981774.0,93594848.0
2021-02-26,2.197864642492588,2.2165964434229224,2.147913173345029,2.1666449742753637,14160019.0,49346996.0
2021-03-01,2.160401040631919,2.2165964434229224,2.154157106988474,2.1853767752056985,10022141.0,35105616.0
2021-03-02,2.197864642492588,2.2228403770663676,2.1666449742753637,2.191620708849143,10508283.0,36944544.0
2021-03-03,2.191620708849143,2.2165964434229224,2.1666449742753637,2.204108576136033,9950402.0,34995904.0
2021-03-04,2.197864642492588,2.2228403770663676,2.1853767752056985,2.197864642492588,10902949.0,38516464.0
2021-03-05,2.191620708849143,2.197864642492588,2.160401040631919,2.1728889079188085,9383469.0,32772306.0
2021-03-08,2.1791328415622537,2.2478161116401467,2.160401040631919,2.160401040631919,11042101.0,38970248.0
2021-03-09,2.160401040631919,2.191620708849143,2.060498102336801,2.12293743877125,12780510.0,43688024.0
2021-03-10,2.1291813724146946,2.147913173345029,2.0854738369105807,2.0854738369105807,8020413.0,27137906.0
2021-03-11,2.0917177705540255,2.147913173345029,2.0917177705540255,2.147913173345029,8458343.0,28779864.0
2021-03-12,2.160401040631919,2.1791328415622537,2.12293743877125,2.1666449742753637,8451800.0,29140064.0
2021-03-15,2.1791328415622537,2.197864642492588,2.160401040631919,2.1791328415622537,8719041.0,30388348.0
2021-03-16,2.1728889079188085,2.2727918462139263,2.1728889079188085,2.2603039789270367,14827252.0,52927880.0
2021-03-17,2.285279713500816,2.2915236471442606,2.2228403770663676,2.241572177996702,10697205.0,38486908.0
2021-03-18,2.241572177996702,2.2478161116401467,2.1853767752056985,2.204108576136033,9104400.0,32283804.0
2021-03-19,2.1791328415622537,2.204108576136033,2.1666449742753637,2.1666449742753637,9500499.0,33174570.0
2021-03-22,2.1853767752056985,2.2165964434229224,2.160401040631919,2.204108576136033,9495303.0,33303364.0
2021-03-23,2.2165964434229224,2.2228403770663676,2.1666449742753637,2.1791328415622537,7993398.0,27880892.0
2021-03-24,2.1791328415622537,2.1791328415622537,2.1354253060581394,2.1416692397015846,8735474.0,30119826.0
2021-03-25,2.147913173345029,2.160401040631919,2.116693505127805,2.1291813724146946,6920343.0,23701876.0
2021-03-26,2.1291813724146946,2.1354253060581394,2.0979617041974703,2.1291813724146946,5997353.0,20395938.0
2021-03-29,2.12293743877125,2.12293743877125,2.0979617041974703,2.11044957148436,5945300.0,20090674.0
2021-03-30,2.104205637840915,2.11044957148436,2.079229903267136,2.11044957148436,6325247.0,21208082.0
2021-03-31,2.1354253060581394,2.2228403770663676,2.12293743877125,2.1666449742753637,14528701.0,50472540.0
2021-04-01,2.160401040631919,2.2103525097794776,2.147913173345029,2.197864642492588,11288950.0,39464812.0
2021-04-02,2.197864642492588,2.2165964434229224,2.1666449742753637,2.2103525097794776,7705454.0,27122478.0
2021-04-06,2.2103525097794776,2.2727918462139263,2.204108576136033,2.2665479125704815,11910274.0,42840748.0
2021-04-07,2.2915236471442606,2.3040115144311506,2.235328244353257,2.2603039789270367,13739262.0,49860304.0
2021-04-08,2.2665479125704815,2.279035779857371,2.235328244353257,2.2540600452835915,10785633.0,39027308.0
2021-04-09,2.279035779857371,2.3851826517959336,2.2540600452835915,2.360206917222154,42887452.0,160457376.0
2021-04-12,2.3726947845090436,2.4663537891607166,2.335231182648375,2.360206917222154,25324994.0,96573168.0
2021-04-13,2.3539629835787093,2.4039144527262684,2.3040115144311506,2.3477190499352645,17548588.0,65966100.0
2021-04-14,2.2665479125704815,2.285279713500816,2.1416692397015846,2.1666449742753637,34780792.0,121650016.0
2021-04-15,2.160401040631919,2.1853767752056985,2.11044957148436,2.116693505127805,17825832.0,60956584.0
2021-04-16,2.12293743877125,2.191620708849143,2.11044957148436,2.1728889079188085,15963500.0,55098776.0
2021-04-19,2.160401040631919,2.2103525097794776,2.160401040631919,2.160401040631919,13953274.0,48687544.0
2021-04-20,2.1728889079188085,2.1853767752056985,2.1416692397015846,2.1416692397015846,11488725.0,39628848.0
2021-04-21,2.1354253060581394,2.1666449742753637,2.104205637840915,2.12293743877125,10152461.0,34693968.0
2021-04-22,2.147913173345029,2.1728889079188085,2.11044957148436,2.116693505127805,11308918.0,38728712.0
2021-04-23,2.12293743877125,2.1354253060581394,2.066742035980246,2.0729859696236907,17899116.0,59622276.0
2021-04-26,2.0854738369105807,2.0917177705540255,2.0167905668326873,2.0167905668326873,15323100.0,50171520.0
2021-04-27,2.0355223677630216,2.0355223677630216,1.9918148322589078,2.0043026995457978,7980615.0,25627542.0
2021-04-28,2.0043026995457978,2.0167905668326873,1.9855708986154632,1.9980587659023528,6656905.0,21255446.0
2021-04-29,1.9980587659023528,2.029278434119577,1.9793269649720182,2.0043026995457978,9537885.0,30679968.0
2021-04-30,1.9918148322589078,1.9980587659023528,1.9668390976851284,1.9855708986154632,9882696.0,31349180.0
2021-05-06,1.9730830313285734,2.0105466331892425,1.9730830313285734,1.9918148322589078,6763963.0,21593538.0
2021-05-07,2.0105466331892425,2.079229903267136,1.9855708986154632,2.0542541686933564,12794892.0,42027472.0
2021-05-10,2.060498102336801,2.0979617041974703,2.0355223677630216,2.0917177705540255,10465925.0,34635708.0
2021-05-11,2.0917177705540255,2.1291813724146946,2.0542541686933564,2.0979617041974703,8060041.0,27039634.0
2021-05-12,2.079229903267136,2.0979617041974703,2.0355223677630216,2.060498102336801,9130925.0,30169942.0
2021-05-13,2.041766301406467,2.0854738369105807,2.0355223677630216,2.060498102336801,6691035.0,22137192.0
2021-05-14,2.060498102336801,2.0729859696236907,2.029278434119577,2.0542541686933564,7159455.0,23488998.0
2021-05-17,2.060498102336801,2.066742035980246,2.041766301406467,2.048010235049911,5618240.0,18483546.0
2021-05-18,2.066742035980246,2.066742035980246,2.0355223677630216,2.060498102336801,4318892.0,14190869.0
2021-05-19,2.060498102336801,2.0854738369105807,2.041766301406467,2.079229903267136,6685370.0,22098874.0
2021-05-20,2.0729859696236907,2.0729859696236907,1.9980587659023528,2.0167905668326873,9314469.0,30273028.0
2021-05-21,2.023034500476132,2.041766301406467,2.0043026995457978,2.0355223677630216,4800101.0,15546185.0
2021-05-24,2.029278434119577,2.066742035980246,2.029278434119577,2.041766301406467,6953466.0,22829654.0
2021-05-25,2.041766301406467,2.0854738369105807,2.0355223677630216,2.066742035980246,6886502.0,22751494.0
2021-05-26,2.0542541686933564,2.079229903267136,2.048010235049911,2.0729859696236907,7788861.0,25805366.0
2021-05-27,2.060498102336801,2.079229903267136,2.0542541686933564,2.066742035980246,4849677.0,16080617.0
2021-05-28,2.0729859696236907,2.2478161116401467,2.066742035980246,2.104205637840915,18696720.0,64136180.0
2021-05-31,2.0979617041974703,2.12293743877125,2.060498102336801,2.0729859696236907,14127706.0,47010956.0
2021-06-01,2.066742035980246,2.279035779857371,2.048010235049911,2.279035779857371,40577052.0,142929888.0
2021-06-02,2.2478161116401467,2.3227433153614854,2.191620708849143,2.2228403770663676,35678120.0,128823352.0
2021-06-03,2.197864642492588,2.2727918462139263,2.197864642492588,2.197864642492588,17748082.0,63245604.0
2021-06-04,2.191620708849143,2.2478161116401467,2.160401040631919,2.1666449742753637,14189119.0,49839984.0
2021-06-07,2.1728889079188085,2.1791328415622537,2.1291813724146946,2.147913173345029,11341111.0,38970472.0
2021-06-08,2.1666449742753637,2.204108576136033,2.147913173345029,2.1791328415622537,11312967.0,39302540.0
2021-06-09,2.1791328415622537,2.1791328415622537,2.1354253060581394,2.1416692397015846,8459358.0,29151674.0
2021-06-10,2.1416692397015846,2.1666449742753637,2.116693505127805,2.147913173345029,7748490.0,26586216.0
2021-06-11,2.1354253060581394,2.160401040631919,2.12293743877125,2.1291813724146946,6962400.0,23856366.0
2021-06-15,2.12293743877125,2.1354253060581394,2.0917177705540255,2.104205637840915,6237818.0,21071956.0
2021-06-16,2.11044957148436,2.12293743877125,2.0917177705540255,2.0979617041974703,4780151.0,16140312.0
2021-06-17,2.0917177705540255,2.1791328415622537,2.0854738369105807,2.1666449742753637,10197796.0,34998692.0
2021-06-18,2.147913173345029,2.204108576136033,2.12293743877125,2.1791328415622537,10193683.0,35116844.0
2021-06-21,2.1853767752056985,2.2165964434229224,2.11044957148436,2.12293743877125,11889339.0,40821652.0
2021-06-22,2.12293743877125,2.147913173345029,2.0854738369105807,2.0979617041974703,7425290.0,25122112.0
2021-06-23,2.104205637840915,2.104205637840915,2.066742035980246,2.079229903267136,5476500.0,18271344.0
2021-06-24,2.079229903267136,2.0917177705540255,2.066742035980246,2.079229903267136,5227148.0,17402838.0
2021-06-25,2.079229903267136,2.0979617041974703,2.066742035980246,2.0917177705540255,5702028.0,19011484.0
2021-06-28,2.0979617041974703,2.0979617041974703,2.060498102336801,2.0729859696236907,4989494.0,16594538.0
2021-06-29,2.0917177705540255,2.147913173345029,2.0854738369105807,2.0917177705540255,8463240.0,28662786.0
2021-06-30,2.0917177705540255,2.11044957148436,2.0729859696236907,2.079229903267136,4173252.0,13950068.0
2021-07-01,2.0854738369105807,2.0979617041974703,2.0729859696236907,2.0729859696236907,4922097.0,16412871.0
2021-07-02,2.0729859696236907,2.0917177705540255,2.0542541686933564,2.0542541686933564,4569300.0,15127679.0
2021-07-05,2.0542541686933564,2.060498102336801,2.023034500476132,2.041766301406467,5399616.0,17654660.0
2021-07-06,2.905244561032109,2.9232336914409762,2.8782608654188078,2.905244561032109,5394449.0,17364944.0
2021-07-07,2.887255430623241,2.905244561032109,2.8692663002143735,2.887255430623241,3347143.0,10742967.0
2021-07-08,2.896249995827675,2.914239126236543,2.8692663002143735,2.8692663002143735,3938766.0,12632431.0
2021-07-09,2.8692663002143735,2.8782608654188078,2.8422826046010723,2.86027173500994,4309079.0,13661116.0
2021-07-12,2.86027173500994,2.905244561032109,2.8332880393966384,2.8692663002143735,6762401.0,21597120.0
2021-07-13,2.8692663002143735,2.896249995827675,2.86027173500994,2.887255430623241,3759150.0,12037621.0
2021-07-14,2.8782608654188078,2.905244561032109,2.851277169805506,2.86027173500994,5204826.0,16610202.0
2021-07-15,2.9232336914409762,3.013179343485314,2.8782608654188078,2.887255430623241,10613657.0,34525872.0
2021-07-16,2.887255430623241,2.905244561032109,2.8692663002143735,2.896249995827675,4954549.0,15885450.0
2021-07-19,2.86027173500994,2.896249995827675,2.8422826046010723,2.851277169805506,5619399.0,17839878.0
2021-07-20,2.851277169805506,2.8782608654188078,2.8332880393966384,2.851277169805506,4518235.0,14334386.0
2021-07-21,2.86027173500994,2.9232336914409762,2.851277169805506,2.8782608654188078,5440185.0,17465050.0
2021-07-22,2.8782608654188078,2.941222821849844,2.8692663002143735,2.896249995827675,8801202.0,28369792.0
2021-07-23,2.896249995827675,2.9502173870542774,2.8782608654188078,2.941222821849844,9757879.0,31622588.0
2021-07-26,2.9232336914409762,2.9322282566454096,2.86027173500994,2.8782608654188078,9345246.0,29933520.0
2021-07-27,2.8692663002143735,2.8782608654188078,2.7703260829656022,2.7703260829656022,8760167.0,27533110.0
2021-07-28,2.7703260829656022,2.8063043437833373,2.734347822147867,2.7523369525567345,6313955.0,19370784.0
2021-07-29,2.7613315177611684,2.7973097785789034,2.7523369525567345,2.7703260829656022,4558732.0,14050508.0
2021-07-30,2.7703260829656022,2.7703260829656022,2.698369561330132,2.7433423873523006,6770852.0,20470490.0
2021-08-02,2.7433423873523006,2.7613315177611684,2.6893749961256983,2.734347822147867,10816519.0,32677314.0
2021-08-03,2.725353256943433,2.7703260829656022,2.725353256943433,2.7433423873523006,5760871.0,17585292.0
2021-08-04,2.7433423873523006,2.7433423873523006,2.6803804309212644,2.698369561330132,11049102.0,33223956.0
2021-08-05,2.698369561330132,2.7523369525567345,2.6803804309212644,2.7163586917389995,8123247.0,24507710.0
2021-08-06,2.698369561330132,2.7073641265345656,2.6803804309212644,2.7073641265345656,4328642.0,12966977.0
2021-08-09,2.6893749961256983,2.7433423873523006,2.6893749961256983,2.7433423873523006,6806800.0,20669496.0
2021-08-10,2.7433423873523006,2.7433423873523006,2.7073641265345656,2.734347822147867,5194319.0,15733284.0
2021-08-11,2.734347822147867,2.8332880393966384,2.725353256943433,2.7613315177611684,9642397.0,29817954.0
2021-08-12,2.7613315177611684,2.7793206481700357,2.734347822147867,2.7433423873523006,7048001.0,21550666.0
2021-08-13,2.7433423873523006,2.7703260829656022,2.725353256943433,2.7433423873523006,6339060.0,19334978.0
2021-08-16,2.7433423873523006,2.7793206481700357,2.725353256943433,2.7433423873523006,6689756.0,20448736.0
2021-08-17,2.7433423873523006,2.7613315177611684,2.7073641265345656,2.7163586917389995,7403999.0,22534274.0
2021-08-18,2.725353256943433,2.7523369525567345,2.698369561330132,2.7433423873523006,5928600.0,17957552.0
2021-08-19,2.7433423873523006,2.7613315177611684,2.725353256943433,2.7433423873523006,5212330.0,15882448.0
2021-08-20,2.7433423873523006,2.7523369525567345,2.7163586917389995,2.734347822147867,3652729.0,11073712.0
2021-08-23,2.725353256943433,2.7523369525567345,2.7163586917389995,2.7433423873523006,5369970.0,16313277.0
2021-08-24,2.7433423873523006,2.7523369525567345,2.7163586917389995,2.734347822147867,6459204.0,19595096.0
2021-08-25,2.7433423873523006,2.7523369525567345,2.725353256943433,2.7523369525567345,6858926.0,20879636.0
2021-08-26,2.7523369525567345,2.851277169805506,2.7433423873523006,2.7973097785789034,13244229.0,41307568.0
2021-08-27,2.78831521337447,2.824293474192205,2.7703260829656022,2.7703260829656022,10168567.0,31577180.0
2021-08-30,2.78831521337447,2.8782608654188078,2.7703260829656022,2.8782608654188078,12705363.0,39821704.0
2021-08-31,2.8692663002143735,2.887255430623241,2.7613315177611684,2.7973097785789034,15859299.0,49503700.0
2021-09-01,2.8152989089877707,2.914239126236543,2.8063043437833373,2.86027173500994,17237444.0,54838932.0
2021-09-02,2.8692663002143735,2.914239126236543,2.8422826046010723,2.8782608654188078,14215407.0,45413020.0
2021-09-03,2.896249995827675,2.9861956478720124,2.896249995827675,2.9322282566454096,18215380.0,59813032.0
2021-09-06,2.977201082667579,3.00418477828088,2.905244561032109,2.968206517463145,16135253.0,53040300.0
2021-09-07,3.022173908689748,3.049157604303049,2.9592119522587113,2.9861956478720124,17001244.0,56693464.0
2021-09-08,2.9951902130764467,3.022173908689748,2.968206517463145,3.022173908689748,13192315.0,44093392.0
2021-09-09,3.022173908689748,3.049157604303049,2.9951902130764467,3.0311684738941818,9616325.0,32305290.0
2021-09-10,3.0311684738941818,3.07614129991635,2.968206517463145,3.013179343485314,15686979.0,52698648.0
2021-09-13,2.9951902130764467,3.157092386756254,2.977201082667579,3.130108691142953,22705232.0,77614376.0
2021-09-14,3.1480978215518207,3.175081517165122,2.9951902130764467,3.022173908689748,14045467.0,47911300.0
2021-09-15,3.00418477828088,3.022173908689748,2.9322282566454096,2.9861956478720124,8470738.0,28120802.0
2021-09-16,3.013179343485314,3.040163039098615,2.905244561032109,2.914239126236543,10027387.0,33008896.0
2021-09-17,2.9322282566454096,2.9322282566454096,2.851277169805506,2.896249995827675,9289817.0,29896860.0
2021-09-22,2.851277169805506,2.968206517463145,2.7973097785789034,2.8782608654188078,17997836.0,57265852.0
2021-09-23,2.896249995827675,3.058152169507483,2.887255430623241,3.040163039098615,23882152.0,79335952.0
2021-09-24,3.049157604303049,3.067146734711917,2.9592119522587113,2.9861956478720124,14740326.0,49066252.0
2021-09-27,2.9951902130764467,3.013179343485314,2.8332880393966384,2.8422826046010723,13547900.0,43643212.0
2021-09-28,2.86027173500994,2.941222821849844,2.86027173500994,2.9232336914409762,8936162.0,28912488.0
2021-09-29,2.887255430623241,2.941222821849844,2.8422826046010723,2.851277169805506,8322102.0,26640950.0
2021-09-30,2.86027173500994,2.905244561032109,2.8422826046010723,2.887255430623241,8457902.0,27026018.0
2021-10-08,2.9322282566454096,2.9592119522587113,2.8782608654188078,2.905244561032109,9286827.0,30054756.0
2021-10-11,2.9502173870542774,2.9502173870542774,2.887255430623241,2.905244561032109,8509390.0,27569036.0
2021-10-12,2.905244561032109,2.9502173870542774,2.86027173500994,2.8782608654188078,9219060.0,29662208.0
2021-10-13,2.896249995827675,2.896249995827675,2.7973097785789034,2.851277169805506,6558050.0,20757360.0
2021-10-14,2.851277169805506,2.8692663002143735,2.824293474192205,2.8332880393966384,5185167.0,16398347.0
2021-10-15,2.86027173500994,2.86027173500994,2.7613315177611684,2.7703260829656022,10352969.0,32111776.0
2021-10-18,2.7973097785789034,2.7973097785789034,2.7613315177611684,2.78831521337447,6583015.0,20341568.0
2021-10-19,2.78831521337447,2.78831521337447,2.7433423873523006,2.7613315177611684,6368820.0,19555760.0
2021-10-20,2.7523369525567345,2.78831521337447,2.725353256943433,2.7523369525567345,12439011.0,37996124.0
2021-10-21,2.7523369525567345,2.78831521337447,2.7433423873523006,2.7613315177611684,7354723.0,22578252.0
2021-10-22,2.7613315177611684,2.8063043437833373,2.7163586917389995,2.725353256943433,11930210.0,36563444.0
2021-10-25,2.7073641265345656,2.7163586917389995,2.608423909285794,2.6533967353079633,19703576.0,58132408.0
2021-10-26,2.6533967353079633,2.6533967353079633,2.5634510832636255,2.581440213672493,12165080.0,35170132.0
2021-10-27,2.5994293440813605,2.6264130396946617,2.5544565180591916,2.572445648468059,8818826.0,25393688.0
2021-10-28,2.5994293440813605,2.5994293440813605,2.518478257241456,2.5274728224458904,8440690.0,23893276.0
2021-10-29,2.518478257241456,2.5634510832636255,2.500489126832589,2.5454619528547577,7158163.0,20181024.0
2021-11-01,2.5454619528547577,2.5544565180591916,2.491494561628155,2.5274728224458904,8974760.0,25233460.0
2021-11-02,2.500489126832589,2.536467387650324,2.4285326051971188,2.4465217356059865,13757193.0,37833108.0
2021-11-03,2.4465217356059865,2.5274728224458904,2.4285326051971188,2.500489126832589,10661275.0,29440604.0
2021-11-04,2.491494561628155,2.5094836920370227,2.4645108660148543,2.482499996423721,5775161.0,15889315.0
2021-11-05,2.482499996423721,2.491494561628155,2.45551630081042,2.4735054312192877,4616400.0,12686502.0
2021-11-08,2.4735054312192877,2.482499996423721,2.45551630081042,2.482499996423721,3623549.0,9959654.0
2021-11-09,2.482499996423721,2.500489126832589,2.4735054312192877,2.482499996423721,4091277.0,11320262.0
2021-11-10,2.491494561628155,2.5454619528547577,2.4645108660148543,2.5454619528547577,6578877.0,18327084.0
2021-11-11,2.5454619528547577,2.6174184744902282,2.536467387650324,2.6174184744902282,11083503.0,31993498.0
2021-11-12,2.6174184744902282,2.6174184744902282,2.5454619528547577,2.581440213672493,8456967.0,24198320.0
2021-11-15,2.8422826046010723,2.8422826046010723,2.7163586917389995,2.7973097785789034,33657432.0,104487376.0
2021-11-16,2.7973097785789034,2.8422826046010723,2.698369561330132,2.698369561330132,19015548.0,58324472.0
2021-11-17,2.698369561330132,2.7613315177611684,2.6893749961256983,2.734347822147867,11679049.0,35405728.0
2021-11-18,2.734347822147867,2.7523369525567345,2.6803804309212644,2.6893749961256983,10286198.0,30956190.0
2021-11-19,2.671385865716831,2.7073641265345656,2.6623913005123967,2.7073641265345656,5849173.0,17437494.0
2021-11-22,2.7073641265345656,2.7073641265345656,2.671385865716831,2.6893749961256983,5784624.0,17228742.0
2021-11-23,2.671385865716831,2.7073641265345656,2.671385865716831,2.6803804309212644,3766072.0,11255310.0
2021-11-24,2.6803804309212644,2.698369561330132,2.671385865716831,2.6803804309212644,4302251.0,12835022.0
2021-11-25,2.698369561330132,2.7523369525567345,2.6803804309212644,2.7073641265345656,6775579.0,20428276.0
2021-11-26,2.7163586917389995,2.7163586917389995,2.6803804309212644,2.6893749961256983,3530800.0,10564397.0
2021-11-29,2.6623913005123967,2.671385865716831,2.608423909285794,2.6264130396946617,11314700.0,33007342.0
2021-11-30,2.6174184744902282,2.6444021701035294,2.608423909285794,2.6264130396946617,7120012.0,20813664.0
2021-12-01,2.6174184744902282,2.6623913005123967,2.608423909285794,2.6533967353079633,6350000.0,18672944.0
2021-12-02,2.6533967353079633,2.6623913005123967,2.6354076048990955,2.6444021701035294,6426860.0,18906544.0
2021-12-03,2.6533967353079633,2.6623913005123967,2.6264130396946617,2.6533967353079633,6616916.0,19459922.0
2021-12-06,2.671385865716831,2.7163586917389995,2.6354076048990955,2.6354076048990955,6265800.0,18528884.0
2021-12-07,2.6623913005123967,2.6803804309212644,2.6264130396946617,2.671385865716831,8166800.0,24121272.0
2021-12-08,2.6623913005123967,2.6803804309212644,2.6354076048990955,2.6533967353079633,4759331.0,14017423.0
2021-12-09,2.6444021701035294,2.6803804309212644,2.6354076048990955,2.671385865716831,6206694.0,18375536.0
2021-12-10,2.6623913005123967,2.6803804309212644,2.6444021701035294,2.6623913005123967,5081500.0,15062924.0
2021-12-13,2.6803804309212644,2.6803804309212644,2.6533967353079633,2.6623913005123967,4823901.0,14312468.0
2021-12-14,2.6623913005123967,2.671385865716831,2.6354076048990955,2.6533967353079633,5822300.0,17184904.0
2021-12-15,2.6533967353079633,2.698369561330132,2.6354076048990955,2.6803804309212644,8811825.0,26236034.0
2021-12-16,2.6803804309212644,2.7163586917389995,2.6623913005123967,2.7163586917389995,8199973.0,24607062.0
2021-12-17,2.725353256943433,2.7973097785789034,2.7073641265345656,2.7433423873523006,9915452.0,30297698.0
2021-12-20,2.7433423873523006,2.8152989089877707,2.734347822147867,2.7793206481700357,12197203.0,37711700.0
2021-12-21,2.7793206481700357,3.013179343485314,2.7613315177611684,2.977201082667579,37384160.0,121864888.0
2021-12-22,2.968206517463145,2.968206517463145,2.8332880393966384,2.851277169805506,29946968.0,96039160.0
2021-12-23,2.851277169805506,2.8782608654188078,2.78831521337447,2.7973097785789034,13329593.0,41695332.0
2021-12-24,2.78831521337447,2.7973097785789034,2.725353256943433,2.7613315177611684,9499616.0,29147084.0
2021-12-27,2.7703260829656022,2.8063043437833373,2.734347822147867,2.7523369525567345,8662818.0,26645022.0
2021-12-28,2.7433423873523006,2.7793206481700357,2.725353256943433,2.7433423873523006,5672766.0,17294466.0
2021-12-29,2.7523369525567345,2.7793206481700357,2.725353256943433,2.7613315177611684,7689747.0,23578694.0
2021-12-30,2.7703260829656022,2.7793206481700357,2.7433423873523006,2.7613315177611684,6548182.0,20068132.0
2021-12-31,2.7613315177611684,2.824293474192205,2.7433423873523006,2.8063043437833373,7214689.0,22362216.0
2022-01-04,2.7973097785789034,2.86027173500994,2.7793206481700357,2.8332880393966384,9750400.0,30727736.0
2022-01-05,2.851277169805506,2.8782608654188078,2.8152989089877707,2.824293474192205,10252400.0,32378112.0
2022-01-06,2.8152989089877707,2.9861956478720124,2.78831521337447,2.905244561032109,23199004.0,75141816.0
2022-01-07,2.905244561032109,2.9861956478720124,2.8782608654188078,2.905244561032109,21898730.0,71769080.0
2022-01-10,2.914239126236543,3.00418477828088,2.905244561032109,2.977201082667579,17242556.0,56953428.0
2022-01-11,2.9951902130764467,3.040163039098615,2.968206517463145,2.9861956478720124,17377514.0,57973536.0
2022-01-12,2.9861956478720124,2.9951902130764467,2.914239126236543,2.9502173870542774,15005834.0,49156364.0
2022-01-13,2.941222821849844,3.013179343485314,2.9322282566454096,2.9592119522587113,8812568.0,29129374.0
2022-01-14,3.256032604005026,3.256032604005026,3.220054343187291,3.256032604005026,42443696.0,153633824.0
2022-01-17,3.4898912993203037,3.5078804297291715,3.220054343187291,3.3369836908449297,109887232.0,411306336.0
2022-01-18,3.3279891256404963,3.6697826034089793,3.3279891256404963,3.6697826034089793,91055040.0,363377120.0
2022-01-19,3.8047010814754865,3.966603255155294,3.5168749949336053,3.5438586905469065,116593568.0,484908128.0
2022-01-20,3.4629076037070026,3.795706516271052,3.4539130385025687,3.6158152121823766,101008336.0,409693600.0
2022-01-21,3.5528532557513404,3.7687228206577514,3.4539130385025687,3.5078804297291715,64821812.0,256988576.0
2022-01-24,3.4898912993203037,3.732744559840016,3.3549728212537975,3.678777168613413,66849420.0,266426304.0
2022-01-25,3.678777168613413,4.020570646381897,3.6517934730001116,3.759728255453317,84780480.0,362827520.0
2022-01-26,3.7147554294311482,3.7687228206577514,3.5078804297291715,3.6517934730001116,52790980.0,212551648.0
2022-01-27,3.6068206469779427,3.678777168613413,3.4179347776848337,3.5078804297291715,38275892.0,150725568.0
2022-01-28,3.5078804297291715,3.7237499946355817,3.4359239080937014,3.6338043425912443,32037190.0,127951840.0
2022-02-07,3.642798907795678,3.912635863928691,3.5618478209557742,3.831684777088787,49248088.0,207174320.0
2022-02-08,3.8047010814754865,3.858668472702089,3.696766299022281,3.8406793422932206,33115230.0,138937984.0
2022-02-09,3.831684777088787,4.101521733221801,3.660788038204546,3.74173912504445,58580984.0,251885568.0
2022-02-10,3.732744559840016,4.119510863630668,3.6697826034089793,4.119510863630668,54144864.0,237824208.0
2022-02-11,4.533260863034622,4.533260863034622,4.389347819763681,4.533260863034622,67176880.0,338070144.0
2022-02-14,4.452309776194718,4.677173906305562,4.083532602812933,4.308396732923778,193967344.0,928087360.0
2022-02-15,3.876657603110956,4.056548907199631,3.876657603110956,3.876657603110956,105853984.0,459467104.0
2022-02-16,3.6877717338178466,3.7687228206577514,3.498885864524738,3.5528532557513404,114691600.0,459239008.0
2022-02-17,3.498885864524738,3.6338043425912443,3.4449184732981353,3.6068206469779427,78784176.0,308400480.0
2022-02-18,3.5078804297291715,3.7147554294311482,3.498885864524738,3.6068206469779427,57636760.0,231555504.0
2022-02-21,3.5978260817735093,3.642798907795678,3.534864125342473,3.6158152121823766,46611792.0,185335792.0
2022-02-22,3.588831516569076,3.6158152121823766,3.4629076037070026,3.4629076037070026,42445800.0,166309248.0
2022-02-23,3.4719021689114364,3.498885864524738,3.3459782560493636,3.3729619516626648,57411184.0,216974448.0
2022-02-24,3.3369836908449297,3.3729619516626648,3.166086951960688,3.220054343187291,51242764.0,186195856.0
2022-02-25,3.2380434735961585,3.3549728212537975,3.2380434735961585,3.283016299618327,33629296.0,123085632.0
2022-02-28,3.3099999952316286,3.3909510820715325,3.2290489083917246,3.3819565168670986,30840036.0,113734112.0
2022-03-01,3.3639673864582313,3.3909510820715325,3.2920108648227613,3.3279891256404963,22686274.0,83821512.0
2022-03-02,3.3099999952316286,3.3909510820715325,3.2920108648227613,3.3369836908449297,20244090.0,75447352.0
2022-03-03,3.3549728212537975,3.5168749949336053,3.3459782560493636,3.4539130385025687,49730136.0,189695520.0
2022-03-04,3.4269293428892675,3.4449184732981353,3.3279891256404963,3.3459782560493636,27744228.0,103712680.0
2022-03-07,3.3279891256404963,3.399945647275966,3.283016299618327,3.3010054300271947,24882922.0,92216480.0
2022-03-08,3.3010054300271947,3.3459782560493636,3.2020652127784235,3.256032604005026,20534184.0,74812336.0
2022-03-09,3.2920108648227613,3.3369836908449297,3.103124995529652,3.3099999952316286,26355388.0,95216936.0
2022-03-10,3.3099999952316286,3.399945647275966,3.2650271692094597,3.3459782560493636,24903996.0,92526320.0
2022-03-11,3.3099999952316286,3.3189945604360624,3.1840760823695557,3.3010054300271947,22968228.0,83134000.0
2022-03-14,3.283016299618327,3.3369836908449297,3.1211141259385196,3.1211141259385196,28411680.0,101637280.0
2022-03-15,3.1121195607340857,3.1480978215518207,2.9592119522587113,2.977201082667579,39960884.0,135963616.0
2022-03-16,3.0311684738941818,3.067146734711917,2.9232336914409762,3.040163039098615,30500952.0,102346496.0
2022-03-17,3.1840760823695557,3.3010054300271947,3.157092386756254,3.211059777982857,45382688.0,162328192.0
2022-03-18,3.1480978215518207,3.3099999952316286,3.1211141259385196,3.3010054300271947,34998680.0,125750032.0
2022-03-21,3.3099999952316286,3.4629076037070026,3.2920108648227613,3.3909510820715325,38070944.0,143106560.0
2022-03-22,3.3639673864582313,3.5078804297291715,3.2920108648227613,3.4449184732981353,52181736.0,198558192.0
2022-03-23,3.4359239080937014,3.5798369513646415,3.399945647275966,3.534864125342473,54905008.0,213377616.0
2022-03-24,3.498885864524738,3.5528532557513404,3.4089402124804002,3.4629076037070026,38169408.0,147795248.0
2022-03-25,3.4449184732981353,3.534864125342473,3.3729619516626648,3.498885864524738,41055400.0,158075584.0
2022-03-28,3.4808967341158703,3.6158152121823766,3.4539130385025687,3.5438586905469065,53870184.0,212912272.0
2022-03-29,3.5438586905469065,3.570842386160208,3.4539130385025687,3.498885864524738,40171032.0,156246992.0
2022-03-30,3.5528532557513404,3.6877717338178466,3.5078804297291715,3.642798907795678,53889920.0,217870640.0
2022-03-31,3.74173912504445,4.011576081177463,3.6877717338178466,3.912635863928691,119832336.0,512693888.0
2022-04-01,3.8226902118843538,4.308396732923778,3.759728255453317,4.308396732923778,104478984.0,487931776.0
2022-04-06,4.560244558647923,4.740135862736598,4.50627716742132,4.740135862736598,84760376.0,442962112.0
2022-04-07,5.216847818571588,5.216847818571588,4.991983688460744,5.216847818571588,163192832.0,943305664.0
2022-04-08,5.396739122660264,5.738532600428747,4.812092384372068,5.738532600428747,367776384.0,2175382272.0
2022-04-11,6.296195643103641,6.296195643103641,5.162880427344986,5.324782601024793,376535328.0,2422340352.0
2022-04-12,4.884048906007538,5.252826079389323,4.794103253963201,4.794103253963201,266364272.0,1458904576.0
2022-04-13,4.317391298128211,5.063940210096214,4.317391298128211,4.65019021069226,282214144.0,1415576960.0
2022-04-14,4.542255428239056,4.91103260162084,4.497282602216886,4.668179341101129,189670080.0,996117504.0
2022-04-15,4.596222819465658,4.812092384372068,4.281413037310476,4.3353804285370785,194604960.0,988450048.0
2022-04-18,4.353369558945946,4.587228254261224,4.083532602812933,4.164483689652837,159767184.0,777798528.0
2022-04-19,4.0745380376085,4.344374993741512,3.9755978203597278,4.299402167719344,139138928.0,649100544.0
2022-04-20,4.245434776492741,4.299402167719344,3.966603255155294,4.011576081177463,104878320.0,475258016.0
2022-04-21,3.984592385564161,4.0295652115863305,3.705760864226715,3.732744559840016,92354176.0,393877536.0
2022-04-22,3.6517934730001116,3.7687228206577514,3.6158152121823766,3.660788038204546,69547192.0,285411840.0
2022-04-25,3.660788038204546,3.705760864226715,3.3909510820715325,3.4539130385025687,88365168.0,347173920.0
2022-04-26,3.588831516569076,3.795706516271052,3.525869560138039,3.6697826034089793,137105728.0,562823808.0
2022-04-27,3.5618478209557742,3.7507336902488833,3.4629076037070026,3.660788038204546,130433104.0,521475104.0
2022-04-28,3.660788038204546,3.9935869507685955,3.624809777386811,3.930624994337559,172948240.0,738332352.0
2022-04-29,3.8047010814754865,4.326385863332645,3.7507336902488833,4.209456515675005,181863856.0,811186432.0
2022-05-05,4.056548907199631,4.3353804285370785,3.9216304291331254,4.119510863630668,144852480.0,656988864.0
2022-05-06,3.912635863928691,3.9576086899508605,3.705760864226715,3.7147554294311482,106888048.0,450410368.0
2022-05-09,3.8406793422932206,3.9576086899508605,3.7687228206577514,3.81369564667992,73097608.0,313457440.0
2022-05-10,3.732744559840016,4.047554341995198,3.6697826034089793,3.9935869507685955,95477280.0,412862336.0
2022-05-11,4.002581515973029,4.389347819763681,3.867663037906522,4.092527168017367,160797104.0,740626368.0
2022-05-12,4.173478254857271,4.50627716742132,4.056548907199631,4.398342384968115,248098992.0,1200592256.0
2022-05-13,4.290407602514909,4.69516303671443,3.966603255155294,4.452309776194718,206244384.0,980548288.0
2022-05-16,4.659184775896694,4.740135862736598,4.43432064578585,4.470298906603585,197004432.0,1002398464.0
2022-05-17,4.398342384968115,4.4073369501725495,4.137499994039535,4.21845108087944,104376944.0,491297568.0
2022-05-18,4.155489124448403,4.4073369501725495,4.083532602812933,4.353369558945946,96160504.0,456982496.0
2022-05-19,4.272418472106042,4.587228254261224,4.236440211288307,4.533260863034622,118130968.0,583741056.0
2022-05-20,4.542255428239056,4.605217384670092,4.317391298128211,4.36236412415038,108545000.0,536438080.0
2022-05-23,4.317391298128211,4.3353804285370785,4.101521733221801,4.200461950470572,96723032.0,452830720.0
2022-05-24,4.191467385266138,4.227445646083874,3.930624994337559,3.948614124746426,81725392.0,366944352.0
2022-05-25,3.912635863928691,4.164483689652837,3.8856521683153904,4.164483689652837,75601688.0,340707520.0
2022-05-26,4.119510863630668,4.326385863332645,4.092527168017367,4.191467385266138,99854200.0,468895616.0
2022-05-27,4.200461950470572,4.227445646083874,3.9935869507685955,4.020570646381897,88961680.0,402024704.0
2022-05-30,4.011576081177463,4.011576081177463,3.8406793422932206,3.8856521683153904,61411312.0,266990096.0
2022-05-31,3.894646733519824,3.930624994337559,3.7687228206577514,3.9036412987242572,44689536.0,190793328.0
2022-06-01,3.9216304291331254,4.047554341995198,3.8226902118843538,3.876657603110956,51645828.0,225575280.0
2022-06-02,3.9036412987242572,3.912635863928691,3.7237499946355817,3.7507336902488833,51005012.0,214343184.0
2022-06-06,3.74173912504445,3.7507336902488833,3.660788038204546,3.7147554294311482,42681200.0,175908672.0
2022-06-07,3.732744559840016,3.7867119510666183,3.6877717338178466,3.759728255453317,48928720.0,203374992.0
2022-06-08,3.7687228206577514,3.7687228206577514,3.5978260817735093,3.642798907795678,53649592.0,217907040.0
2022-06-09,3.6068206469779427,3.74173912504445,3.6068206469779427,3.6158152121823766,38548900.0,157104560.0
2022-06-10,3.588831516569076,3.732744559840016,3.534864125342473,3.705760864226715,46514376.0,188607920.0
2022-06-13,3.660788038204546,3.6877717338178466,3.534864125342473,3.5528532557513404,43754076.0,174806048.0
2022-06-14,3.5528532557513404,3.6517934730001116,3.4359239080937014,3.5168749949336053,48496932.0,189785440.0
2022-06-15,3.5168749949336053,3.660788038204546,3.4808967341158703,3.5978260817735093,59962560.0,239594288.0
2022-06-16,3.6158152121823766,3.6517934730001116,3.570842386160208,3.5798369513646415,31266382.0,124973560.0
2022-06-17,3.5618478209557742,3.5798369513646415,3.4898912993203037,3.534864125342473,29036424.0,113808192.0
2022-06-20,3.5528532557513404,3.624809777386811,3.5078804297291715,3.588831516569076,33019992.0,131699656.0
2022-06-21,3.6068206469779427,3.9396195595419927,3.588831516569076,3.7687228206577514,104067192.0,438739936.0
2022-06-22,3.7147554294311482,3.74173912504445,3.6517934730001116,3.6517934730001116,51660800.0,211694416.0
2022-06-23,3.6068206469779427,3.705760864226715,3.5528532557513404,3.660788038204546,39414816.0,159524240.0
2022-06-24,3.6697826034089793,3.678777168613413,3.5798369513646415,3.5978260817735093,32760792.0,131536696.0
2022-06-27,3.624809777386811,3.732744559840016,3.6068206469779427,3.6697826034089793,43145548.0,176604848.0
2022-06-28,3.705760864226715,3.732744559840016,3.6068206469779427,3.6338043425912443,32943400.0,133570264.0
2022-06-29,3.6338043425912443,3.912635863928691,3.6068206469779427,3.8226902118843538,92421904.0,385789664.0
2022-06-30,3.7867119510666183,3.795706516271052,3.6877717338178466,3.7237499946355817,57302784.0,237549584.0
2022-07-01,3.7237499946355817,3.7867119510666183,3.6697826034089793,3.696766299022281,40715032.0,168001104.0
2022-07-04,3.6877717338178466,3.7147554294311482,3.6068206469779427,3.6338043425912443,39429948.0,158960144.0
2022-07-05,3.6517934730001116,3.6697826034089793,3.5618478209557742,3.588831516569076,27045492.0,108528656.0
2022-07-06,3.5618478209557742,3.588831516569076,3.4719021689114364,3.4898912993203037,33494650.0,130812744.0
2022-07-07,3.5168749949336053,3.534864125342473,3.4719021689114364,3.4808967341158703,21413860.0,83315784.0
2022-07-08,3.4898912993203037,3.5078804297291715,3.4629076037070026,3.4898912993203037,19256732.0,74578152.0
2022-07-11,3.4898912993203037,3.498885864524738,3.3639673864582313,3.3729619516626648,30056712.0,114212328.0
2022-07-12,3.3729619516626648,3.4359239080937014,3.3459782560493636,3.4089402124804002,23806600.0,89966400.0
2022-07-13,3.4269293428892675,3.5618478209557742,3.4179347776848337,3.4898912993203037,37230520.0,145275312.0
2022-07-14,3.4808967341158703,3.4898912993203037,3.3729619516626648,3.4089402124804002,26656404.0,101057752.0
2022-07-15,3.3549728212537975,3.3549728212537975,3.07614129991635,3.103124995529652,62178456.0,219113680.0
2022-07-18,3.094130430325218,3.3010054300271947,3.07614129991635,3.2650271692094597,37756416.0,135702416.0
2022-07-19,3.2650271692094597,3.3459782560493636,3.2380434735961585,3.3279891256404963,27741600.0,101623216.0
2022-07-20,3.3369836908449297,3.3459782560493636,3.2740217344138935,3.283016299618327,20020900.0,73538640.0
2022-07-21,3.2920108648227613,3.3010054300271947,3.220054343187291,3.2290489083917246,20030598.0,72318984.0
2022-07-22,3.256032604005026,3.2650271692094597,3.193070647573989,3.2380434735961585,14473400.0,52038076.0
2022-07-25,3.2650271692094597,3.3729619516626648,3.2290489083917246,3.2650271692094597,21054182.0,77400216.0
2022-07-26,3.247038038800592,3.399945647275966,3.2020652127784235,3.3729619516626648,35226344.0,131166544.0
2022-07-27,3.3909510820715325,3.399945647275966,3.3099999952316286,3.3279891256404963,21714844.0,80544880.0
2022-07-28,3.3459782560493636,3.3909510820715325,3.3010054300271947,3.3279891256404963,20897960.0,77469992.0
2022-07-29,3.3279891256404963,3.3459782560493636,3.2920108648227613,3.3010054300271947,18108100.0,66664888.0
2022-08-01,3.3099999952316286,3.3909510820715325,3.283016299618327,3.3099999952316286,20073710.0,74484848.0
2022-08-02,3.283016299618327,3.283016299618327,3.130108691142953,3.1840760823695557,25691600.0,90985888.0
2022-08-03,3.1480978215518207,3.2650271692094597,3.103124995529652,3.1121195607340857,21558466.0,75822360.0
2022-08-04,3.1121195607340857,3.166086951960688,3.0851358651207845,3.166086951960688,17638452.0,61406576.0
2022-08-05,3.166086951960688,3.2380434735961585,3.139103256347387,3.2380434735961585,16412802.0,58454264.0
2022-08-08,3.2740217344138935,3.3549728212537975,3.256032604005026,3.283016299618327,16464982.0,60200172.0
2022-08-09,3.283016299618327,3.3010054300271947,3.2020652127784235,3.256032604005026,15716200.0,56719296.0
2022-08-10,3.2650271692094597,3.2650271692094597,3.166086951960688,3.1840760823695557,15991100.0,56764144.0
2022-08-11,3.193070647573989,3.247038038800592,3.193070647573989,3.211059777982857,12627345.0,45087340.0
2022-08-12,3.211059777982857,3.3010054300271947,3.175081517165122,3.2650271692094597,21795600.0,79117504.0
2022-08-15,3.4179347776848337,3.5528532557513404,3.256032604005026,3.2920108648227613,51202512.0,191852768.0
2022-08-16,3.2920108648227613,3.4539130385025687,3.2650271692094597,3.399945647275966,48200652.0,181632656.0
2022-08-17,3.399945647275966,3.4898912993203037,3.3729619516626648,3.4359239080937014,39143164.0,149625104.0
2022-08-18,3.4359239080937014,3.5978260817735093,3.399945647275966,3.5798369513646415,66712380.0,261863040.0
2022-08-19,3.660788038204546,3.930624994337559,3.624809777386811,3.7237499946355817,130108272.0,548888320.0
2022-08-22,3.642798907795678,3.849673907497655,3.570842386160208,3.705760864226715,88118496.0,362221664.0
2022-08-23,3.705760864226715,3.705760864226715,3.570842386160208,3.5978260817735093,56664260.0,228318688.0
2022-08-24,3.624809777386811,3.624809777386811,3.4539130385025687,3.4719021689114364,44278000.0,172728640.0
2022-08-25,3.5078804297291715,3.6068206469779427,3.4449184732981353,3.5078804297291715,38668284.0,151342048.0
2022-08-26,3.498885864524738,3.6068206469779427,3.4269293428892675,3.4808967341158703,34733120.0,135483008.0
2022-08-29,3.4359239080937014,3.498885864524738,3.3729619516626648,3.4808967341158703,24455820.0,93333728.0
2022-08-30,3.4539130385025687,3.5438586905469065,3.4359239080937014,3.4629076037070026,19338092.0,74925712.0
2022-08-31,3.4629076037070026,3.525869560138039,3.3639673864582313,3.3909510820715325,34488728.0,132268056.0
2022-09-01,3.3729619516626648,3.570842386160208,3.3639673864582313,3.4898912993203037,46808220.0,182233584.0
2022-09-02,3.525869560138039,3.525869560138039,3.399945647275966,3.4359239080937014,26649800.0,101894416.0
2022-09-05,3.4359239080937014,3.525869560138039,3.399945647275966,3.5078804297291715,36169176.0,139128864.0
2022-09-06,3.5528532557513404,3.642798907795678,3.5168749949336053,3.6068206469779427,39246488.0,156493424.0
2022-09-07,3.570842386160208,3.642798907795678,3.525869560138039,3.5978260817735093,30774600.0,122623816.0
2022-09-08,3.642798907795678,3.705760864226715,3.5438586905469065,3.5978260817735093,28143968.0,112353096.0
2022-09-09,3.588831516569076,3.9576086899508605,3.570842386160208,3.9576086899508605,136623072.0,583551488.0
2022-09-13,4.1105162984262344,4.1105162984262344,3.6697826034089793,3.795706516271052,202051552.0,862637184.0
2022-09-14,3.678777168613413,3.831684777088787,3.624809777386811,3.7867119510666183,114136688.0,477812672.0
2022-09-15,3.8047010814754865,4.092527168017367,3.678777168613413,3.912635863928691,149532672.0,639257728.0
2022-09-16,3.7867119510666183,3.849673907497655,3.5618478209557742,3.570842386160208,104146288.0,430703680.0
2022-09-19,3.4629076037070026,3.525869560138039,3.3819565168670986,3.4269293428892675,70193400.0,268615584.0
2022-09-20,3.4539130385025687,3.5978260817735093,3.4359239080937014,3.498885864524738,71090280.0,279593056.0
2022-09-21,3.4808967341158703,3.6338043425912443,3.3729619516626648,3.570842386160208,61779980.0,240774112.0
2022-09-22,3.5618478209557742,3.6338043425912443,3.4269293428892675,3.4269293428892675,53158068.0,206181888.0
2022-09-23,3.4449184732981353,3.5438586905469065,3.3279891256404963,3.3369836908449297,56444464.0,215017568.0
2022-09-26,3.3010054300271947,3.3819565168670986,3.1840760823695557,3.2020652127784235,38989592.0,141607744.0
2022-09-27,3.2020652127784235,3.2920108648227613,3.130108691142953,3.247038038800592,32433602.0,115500320.0
2022-09-28,3.2290489083917246,3.256032604005026,3.1211141259385196,3.1211141259385196,30870972.0,109013344.0
2022-09-29,3.157092386756254,3.175081517165122,3.022173908689748,3.0311684738941818,29915184.0,102468600.0
2022-09-30,3.067146734711917,3.1480978215518207,3.022173908689748,3.0851358651207845,25489632.0,87385328.0
2022-10-10,3.0851358651207845,3.1840760823695557,3.013179343485314,3.040163039098615,32876796.0,113568416.0
2022-10-11,3.040163039098615,3.049157604303049,2.968206517463145,3.00418477828088,21287000.0,71147776.0
2022-10-12,2.9951902130764467,3.07614129991635,2.941222821849844,3.058152169507483,25011684.0,83426904.0
2022-10-13,3.040163039098615,3.049157604303049,2.968206517463145,2.9951902130764467,25736800.0,85741232.0
2022-10-14,2.9951902130764467,3.067146734711917,2.9951902130764467,3.049157604303049,24497256.0,82912440.0
2022-10-17,3.040163039098615,3.07614129991635,2.977201082667579,3.07614129991635,24936700.0,84193648.0
2022-10-18,3.07614129991635,3.130108691142953,3.00418477828088,3.040163039098615,37558072.0,127653144.0
2022-10-19,3.013179343485314,3.040163039098615,2.9592119522587113,2.968206517463145,29906164.0,99411024.0
2022-10-20,2.9502173870542774,2.9592119522587113,2.896249995827675,2.905244561032109,24853888.0,80539928.0
2022-10-21,3.013179343485314,3.193070647573989,3.00418477828088,3.193070647573989,112629392.0,393325984.0
2022-10-24,3.103124995529652,3.1840760823695557,3.013179343485314,3.058152169507483,88321688.0,302362944.0
2022-10-25,2.9861956478720124,2.9861956478720124,2.8063043437833373,2.905244561032109,57386588.0,184624928.0
2022-10-26,2.9232336914409762,2.9502173870542774,2.8692663002143735,2.914239126236543,34570200.0,111886616.0
2022-10-27,2.905244561032109,2.941222821849844,2.887255430623241,2.914239126236543,26634092.0,86391952.0
2022-10-28,2.887255430623241,2.887255430623241,2.7613315177611684,2.7703260829656022,31824864.0,99492736.0
2022-10-31,2.698369561330132,2.7613315177611684,2.671385865716831,2.7163586917389995,23433962.0,70976856.0
2022-11-01,2.7433423873523006,2.8152989089877707,2.7073641265345656,2.7613315177611684,22452680.0,68470400.0
2022-11-02,2.7433423873523006,2.8063043437833373,2.725353256943433,2.7793206481700357,26522054.0,81889488.0
2022-11-03,2.7433423873523006,2.78831521337447,2.734347822147867,2.7433423873523006,19693436.0,60280192.0
2022-11-04,2.7613315177611684,2.851277169805506,2.7433423873523006,2.851277169805506,31869108.0,99279048.0
2022-11-07,2.824293474192205,2.914239126236543,2.8152989089877707,2.887255430623241,25026316.0,80048536.0
2022-11-08,2.887255430623241,2.9232336914409762,2.8692663002143735,2.905244561032109,20598000.0,66357252.0
2022-11-09,2.914239126236543,3.022173908689748,2.914239126236543,2.968206517463145,34048740.0,113185888.0
2022-11-10,2.9592119522587113,2.9951902130764467,2.914239126236543,2.977201082667579,27452678.0,90329992.0
2022-11-11,3.0311684738941818,3.1840760823695557,3.022173908689748,3.0851358651207845,63039884.0,217223600.0
2022-11-14,3.166086951960688,3.1840760823695557,3.067146734711917,3.1211141259385196,53176500.0,185044336.0
2022-11-15,3.1121195607340857,3.220054343187291,3.094130430325218,3.166086951960688,48178000.0,169255360.0
2022-11-16,3.166086951960688,3.211059777982857,3.094130430325218,3.1121195607340857,32872500.0,114796928.0
2022-11-17,3.1211141259385196,3.193070647573989,3.0851358651207845,3.139103256347387,31910300.0,111288736.0
2022-11-18,3.2020652127784235,3.211059777982857,3.067146734711917,3.067146734711917,25142700.0,86912312.0
2022-11-21,3.0851358651207845,3.094130430325218,3.00418477828088,3.040163039098615,24103244.0,81047176.0
2022-11-22,3.07614129991635,3.103124995529652,2.9951902130764467,3.013179343485314,23891536.0,80533128.0
2022-11-23,3.013179343485314,3.058152169507483,3.00418477828088,3.049157604303049,21053868.0,70976528.0
2022-11-24,3.1121195607340857,3.1840760823695557,3.07614129991635,3.130108691142953,38254784.0,132694528.0
2022-11-25,3.130108691142953,3.3369836908449297,3.103124995529652,3.256032604005026,87203768.0,313954176.0
2022-11-28,3.2020652127784235,3.4539130385025687,3.157092386756254,3.4269293428892675,117843832.0,441978336.0
2022-11-29,3.7687228206577514,3.7687228206577514,3.6338043425912443,3.7687228206577514,154292672.0,644077888.0
2022-11-30,3.7687228206577514,4.14649455924397,3.732744559840016,3.795706516271052,231675856.0,1023214912.0
2022-12-01,3.831684777088787,4.173478254857271,3.7237499946355817,4.173478254857271,270026112.0,1222807040.0
2022-12-02,3.9576086899508605,4.36236412415038,3.759728255453317,4.020570646381897,225674240.0,994097024.0
2022-12-05,4.101521733221801,4.272418472106042,3.966603255155294,4.1824728200617045,181626416.0,834237632.0
2022-12-06,3.9935869507685955,4.155489124448403,3.849673907497655,3.948614124746426,134598608.0,593961280.0
2022-12-07,3.8856521683153904,3.984592385564161,3.7867119510666183,3.912635863928691,83147232.0,357214688.0
2022-12-08,3.8856521683153904,4.002581515973029,3.7687228206577514,3.912635863928691,92398224.0,398858144.0
2022-12-09,3.876657603110956,4.0295652115863305,3.8226902118843538,3.930624994337559,89798696.0,392169760.0
2022-12-12,3.7867119510666183,3.8856521683153904,3.7147554294311482,3.81369564667992,66621068.0,282138720.0
2022-12-13,3.8047010814754865,4.191467385266138,3.759728255453317,4.191467385266138,138311856.0,627226048.0
2022-12-14,4.137499994039535,4.14649455924397,3.912635863928691,3.966603255155294,126078992.0,563816064.0
2022-12-15,3.984592385564161,4.119510863630668,3.867663037906522,4.0745380376085,82467112.0,363963040.0
2022-12-16,4.092527168017367,4.245434776492741,3.9396195595419927,3.9935869507685955,118996160.0,539000384.0
2022-12-19,4.020570646381897,4.14649455924397,3.795706516271052,3.894646733519824,82651536.0,363270240.0
2022-12-20,3.74173912504445,3.7867119510666183,3.6338043425912443,3.6517934730001116,91837968.0,376194304.0
2022-12-21,3.6338043425912443,3.8226902118843538,3.6158152121823766,3.7237499946355817,51623672.0,214364704.0
2022-12-22,3.777717385862185,3.858668472702089,3.6158152121823766,3.642798907795678,52989720.0,218861728.0
2022-12-23,3.5978260817735093,3.7237499946355817,3.5978260817735093,3.660788038204546,32079116.0,130811920.0
2022-12-26,3.6697826034089793,3.6877717338178466,3.5438586905469065,3.588831516569076,36672720.0,146253632.0
2022-12-27,3.570842386160208,3.6517934730001116,3.5078804297291715,3.525869560138039,47887600.0,189632816.0
2022-12-28,3.525869560138039,3.570842386160208,3.4719021689114364,3.5168749949336053,32526636.0,127506888.0
2022-12-29,3.4898912993203037,3.5168749949336053,3.4179347776848337,3.4269293428892675,32636604.0,124997576.0
2022-12-30,3.4179347776848337,3.4808967341158703,3.399945647275966,3.4359239080937014,20084836.0,76718296.0
2023-01-03,3.4719021689114364,3.5078804297291715,3.399945647275966,3.4539130385025687,36978300.0,142127664.0
2023-01-04,3.4449184732981353,3.6158152121823766,3.4089402124804002,3.5618478209557742,67923880.0,267460112.0
2023-01-05,3.534864125342473,3.5978260817735093,3.4629076037070026,3.498885864524738,39242500.0,152548032.0
2023-01-06,3.5438586905469065,3.5618478209557742,3.3909510820715325,3.4089402124804002,46479780.0,178214032.0
2023-01-09,3.3819565168670986,3.4359239080937014,3.3729619516626648,3.3909510820715325,23953130.0,90747600.0
2023-01-10,3.4179347776848337,3.4179347776848337,3.256032604005026,3.2920108648227613,60106400.0,221104800.0
2023-01-11,3.3099999952316286,3.3459782560493636,3.2650271692094597,3.2740217344138935,24958108.0,91664704.0
2023-01-12,3.2650271692094597,3.3010054300271947,3.211059777982857,3.2290489083917246,25353500.0,91260384.0
2023-01-13,3.2380434735961585,3.2650271692094597,3.2020652127784235,3.2380434735961585,16049900.0,57658268.0
2023-01-16,3.220054343187291,3.3010054300271947,3.211059777982857,3.283016299618327,29071604.0,105278576.0
2023-01-17,3.2920108648227613,3.3729619516626648,3.2380434735961585,3.3369836908449297,36454436.0,134606928.0
2023-01-18,3.3369836908449297,3.3909510820715325,3.2920108648227613,3.2920108648227613,22102888.0,81887248.0
2023-01-19,3.283016299618327,3.3099999952316286,3.2380434735961585,3.2740217344138935,21778500.0,79296592.0
2023-01-20,3.283016299618327,3.3459782560493636,3.2740217344138935,3.3369836908449297,19466768.0,71817160.0
2023-01-30,3.3819565168670986,3.4089402124804002,3.3279891256404963,3.3459782560493636,25751060.0,96226424.0
2023-01-31,3.3369836908449297,3.4719021689114364,3.2920108648227613,3.4629076037070026,41242360.0,156376128.0
2023-02-01,3.4719021689114364,3.4719021689114364,3.3819565168670986,3.4629076037070026,34440000.0,130918616.0
2023-02-02,3.4449184732981353,3.4629076037070026,3.3909510820715325,3.4269293428892675,32209696.0,122381304.0
2023-02-03,3.4269293428892675,3.4269293428892675,3.2920108648227613,3.3369836908449297,46581300.0,173116736.0
2023-02-06,3.3189945604360624,3.3729619516626648,3.283016299618327,3.3549728212537975,26827300.0,99840096.0
2023-02-07,3.3909510820715325,3.534864125342473,3.3639673864582313,3.4539130385025687,60078252.0,231286064.0
2023-02-08,3.4719021689114364,3.5168749949336053,3.3819565168670986,3.3909510820715325,35566312.0,136153168.0
2023-02-09,3.3819565168670986,3.4089402124804002,3.3369836908449297,3.399945647275966,32588964.0,122217608.0
2023-02-10,3.399945647275966,3.4269293428892675,3.3549728212537975,3.4179347776848337,25253648.0,95382976.0
2023-02-13,3.399945647275966,3.4179347776848337,3.3549728212537975,3.4089402124804002,31542156.0,118745672.0
2023-02-14,3.4629076037070026,3.5078804297291715,3.3909510820715325,3.399945647275966,44132904.0,168991328.0
2023-02-15,3.399945647275966,3.4179347776848337,3.3369836908449297,3.3459782560493636,31623900.0,118151920.0
2023-02-16,3.3369836908449297,3.3909510820715325,3.2380434735961585,3.2650271692094597,31566800.0,116751576.0
2023-02-17,3.2740217344138935,3.3010054300271947,3.2380434735961585,3.256032604005026,20406172.0,74184760.0
2023-02-20,3.2740217344138935,3.2920108648227613,3.220054343187291,3.283016299618327,16072801.0,58361328.0
2023-02-21,3.3639673864582313,3.5438586905469065,3.3189945604360624,3.4179347776848337,71670304.0,273086208.0
2023-02-22,3.3729619516626648,3.3909510820715325,3.3369836908449297,3.3549728212537975,34158200.0,127520768.0
2023-02-23,3.3549728212537975,3.3819565168670986,3.3099999952316286,3.3189945604360624,26622942.0,98786800.0
2023-02-24,3.3279891256404963,3.3369836908449297,3.2650271692094597,3.3010054300271947,19921210.0,72870168.0
2023-02-27,3.3010054300271947,3.3189945604360624,3.247038038800592,3.256032604005026,18400500.0,67124080.0
2023-02-28,3.247038038800592,3.2920108648227613,3.2380434735961585,3.2920108648227613,15889000.0,57675520.0
2023-03-01,3.2920108648227613,3.3369836908449297,3.2740217344138935,3.3279891256404963,18146900.0,66803800.0
2023-03-02,3.3279891256404963,3.3459782560493636,3.2920108648227613,3.3010054300271947,14954301.0,55217024.0
2023-03-03,3.2920108648227613,3.3369836908449297,3.2920108648227613,3.3279891256404963,16195796.0,59674844.0
2023-03-06,3.3369836908449297,3.3459782560493636,3.2650271692094597,3.3010054300271947,21360000.0,78226448.0
2023-03-07,3.3010054300271947,3.3189945604360624,3.2380434735961585,3.2380434735961585,16811500.0,61210120.0
2023-03-08,3.2380434735961585,3.2650271692094597,3.220054343187291,3.256032604005026,11806000.0,42624796.0
2023-03-09,3.2650271692094597,3.2740217344138935,3.220054343187291,3.2380434735961585,12999400.0,46909400.0
2023-03-10,3.220054343187291,3.2290489083917246,3.157092386756254,3.157092386756254,18810592.0,66535848.0
2023-03-13,3.139103256347387,3.175081517165122,3.1121195607340857,3.166086951960688,17356444.0,60573192.0
2023-03-14,3.175081517165122,3.1840760823695557,3.058152169507483,3.067146734711917,24437012.0,84008752.0
2023-03-15,3.0851358651207845,3.166086951960688,3.0851358651207845,3.157092386756254,23980900.0,83578952.0
2023-03-16,3.157092386756254,3.157092386756254,3.094130430325218,3.103124995529652,14319900.0,49802616.0
2023-03-17,3.1121195607340857,3.166086951960688,3.1121195607340857,3.139103256347387,13910600.0,48646368.0
2023-03-20,3.157092386756254,3.175081517165122,3.07614129991635,3.0851358651207845,18972576.0,65756560.0
2023-03-21,3.1121195607340857,3.1211141259385196,3.0851358651207845,3.1121195607340857,11822900.0,40768704.0
2023-03-22,3.103124995529652,3.166086951960688,3.103124995529652,3.1211141259385196,14820602.0,51650264.0
2023-03-23,3.1211141259385196,3.130108691142953,3.094130430325218,3.1211141259385196,12771110.0,44187796.0
2023-03-24,3.139103256347387,3.2920108648227613,3.0851358651207845,3.247038038800592,45172256.0,160110144.0
2023-03-27,3.2380434735961585,3.2380434735961585,3.1121195607340857,3.1211141259385196,33515640.0,117538504.0
2023-03-28,3.1211141259385196,3.130108691142953,3.049157604303049,3.049157604303049,22517900.0,77090656.0
2023-03-29,3.049157604303049,3.067146734711917,2.9951902130764467,3.0311684738941818,16674900.0,56250792.0
2023-03-30,3.022173908689748,3.0311684738941818,2.9861956478720124,3.022173908689748,13105900.0,43830444.0
2023-03-31,3.022173908689748,3.040163039098615,3.013179343485314,3.040163039098615,8920315.0,30042860.0
2023-04-03,3.040163039098615,3.094130430325218,3.013179343485314,3.07614129991635,14358200.0,48976300.0
2023-04-04,3.07614129991635,3.0851358651207845,3.0311684738941818,3.040163039098615,13345301.0,45233308.0
2023-04-06,3.0311684738941818,3.040163039098615,2.9951902130764467,3.00418477828088,13515900.0,45186304.0
2023-04-07,3.013179343485314,3.103124995529652,2.9951902130764467,3.07614129991635,23231702.0,79419288.0
2023-04-10,3.0851358651207845,3.094130430325218,3.022173908689748,3.0311684738941818,15530943.0,52715432.0
2023-04-11,3.040163039098615,3.094130430325218,3.022173908689748,3.0851358651207845,17174370.0,58527012.0
2023-04-12,3.0851358651207845,3.1211141259385196,3.058152169507483,3.07614129991635,12104173.0,41392292.0
2023-04-13,3.07614129991635,3.103124995529652,3.049157604303049,3.0851358651207845,12378830.0,42348032.0
2023-04-14,3.103124995529652,3.1121195607340857,3.049157604303049,3.049157604303049,14655004.0,50115600.0
2023-04-17,3.058152169507483,3.07614129991635,3.040163039098615,3.058152169507483,10198323.0,34611596.0
2023-04-18,3.067146734711917,3.067146734711917,3.013179343485314,3.022173908689748,11282700.0,38060240.0
2023-04-19,3.013179343485314,3.022173908689748,2.941222821849844,2.9502173870542774,17159400.0,56789540.0
2023-04-20,2.941222821849844,2.9502173870542774,2.8692663002143735,2.896249995827675,17676352.0,56945712.0
2023-04-21,2.9232336914409762,2.977201082667579,2.8782608654188078,2.896249995827675,16356000.0,52998440.0
2023-04-24,2.896249995827675,2.9232336914409762,2.8152989089877707,2.851277169805506,13320915.0,42265904.0
2023-04-25,2.851277169805506,2.86027173500994,2.78831521337447,2.824293474192205,15931947.0,49973288.0
2023-04-26,2.8152989089877707,2.8692663002143735,2.78831521337447,2.851277169805506,12141135.0,38344676.0
2023-04-27,2.86027173500994,2.9322282566454096,2.8332880393966384,2.914239126236543,13859561.0,44518060.0
2023-04-28,2.905244561032109,2.9502173870542774,2.896249995827675,2.9322282566454096,16925660.0,55059792.0
2023-05-04,3.040163039098615,3.1480978215518207,3.013179343485314,3.1121195607340857,47571076.0,164249680.0
2023-05-05,3.103124995529652,3.211059777982857,3.0851358651207845,3.193070647573989,43217976.0,151367680.0
2023-05-08,3.175081517165122,3.193070647573989,3.1211141259385196,3.175081517165122,30859600.0,108521152.0
2023-05-09,3.166086951960688,3.2020652127784235,3.1211141259385196,3.1211141259385196,22906440.0,80602336.0
2023-05-10,3.1211141259385196,3.1480978215518207,3.0851358651207845,3.1211141259385196,19983300.0,69170808.0
2023-05-11,3.094130430325218,3.175081517165122,3.094130430325218,3.157092386756254,17070728.0,59771236.0
2023-05-12,3.166086951960688,3.1840760823695557,3.1211141259385196,3.130108691142953,14237802.0,49888460.0
2023-05-15,3.1211141259385196,3.139103256347387,3.049157604303049,3.103124995529652,23992940.0,82310624.0
2023-05-16,3.1121195607340857,3.1121195607340857,3.049157604303049,3.058152169507483,14454700.0,49515120.0
2023-05-17,3.058152169507483,3.103124995529652,3.0311684738941818,3.07614129991635,12878245.0,43879472.0
2023-05-18,3.0851358651207845,3.094130430325218,3.040163039098615,3.049157604303049,11703705.0,39780044.0
2023-05-19,3.058152169507483,3.058152169507483,2.977201082667579,2.9861956478720124,16631449.0,55501508.0
2023-05-22,2.9951902130764467,3.022173908689748,2.9502173870542774,2.9592119522587113,18168542.0,60034732.0
2023-05-23,2.968206517463145,3.00418477828088,2.941222821849844,2.941222821849844,18004568.0,59366368.0
2023-05-24,2.9322282566454096,2.941222821849844,2.896249995827675,2.905244561032109,13014189.0,42190724.0
2023-05-25,2.905244561032109,2.9232336914409762,2.851277169805506,2.896249995827675,17721028.0,56944616.0
2023-05-26,2.896249995827675,2.9232336914409762,2.8692663002143735,2.914239126236543,12009106.0,38739004.0
2023-05-29,2.914239126236543,2.9322282566454096,2.86027173500994,2.86027173500994,12603402.0,40453492.0
2023-05-30,2.8782608654188078,2.968206517463145,2.824293474192205,2.9592119522587113,21702012.0,69741800.0
2023-05-31,2.941222821849844,3.013179343485314,2.896249995827675,2.9232336914409762,16731255.0,54494932.0
2023-06-01,2.905244561032109,2.914239126236543,2.8692663002143735,2.8782608654188078,14676912.0,47107952.0
2023-06-02,2.914239126236543,3.0311684738941818,2.896249995827675,3.022173908689748,33576896.0,111102408.0
2023-06-05,3.00418477828088,3.040163039098615,2.9502173870542774,3.0311684738941818,20661452.0,68925960.0
2023-06-06,3.022173908689748,3.094130430325218,3.013179343485314,3.0311684738941818,24495300.0,83191480.0
2023-06-07,3.0311684738941818,3.130108691142953,3.0311684738941818,3.07614129991635,22041100.0,75357112.0
2023-06-08,3.058152169507483,3.130108691142953,3.040163039098615,3.1121195607340857,26032420.0,89610504.0
2023-06-09,3.1121195607340857,3.1121195607340857,3.058152169507483,3.067146734711917,19346656.0,66223344.0
2023-06-12,3.058152169507483,3.1121195607340857,3.0311684738941818,3.103124995529652,17478100.0,59811672.0
2023-06-13,3.094130430325218,3.1480978215518207,3.067146734711917,3.094130430325218,20421402.0,70529576.0
2023-06-14,3.094130430325218,3.1211141259385196,3.058152169507483,3.067146734711917,13401300.0,45979416.0
2023-06-15,3.067146734711917,3.2020652127784235,3.058152169507483,3.1211141259385196,33966108.0,118300512.0
2023-06-16,3.130108691142953,3.166086951960688,3.094130430325218,3.094130430325218,20350622.0,70582912.0
2023-06-19,3.0851358651207845,3.103124995529652,3.013179343485314,3.022173908689748,17189600.0,58062520.0
2023-06-20,3.040163039098615,3.049157604303049,2.968206517463145,2.968206517463145,14904589.0,49524544.0
2023-06-21,2.968206517463145,2.9951902130764467,2.9322282566454096,2.9322282566454096,14193244.0,46586692.0
2023-06-26,2.896249995827675,2.9232336914409762,2.8692663002143735,2.8692663002143735,17359702.0,55747568.0
2023-06-27,2.8782608654188078,3.013179343485314,2.8692663002143735,3.00418477828088,20189122.0,66415032.0
2023-06-28,2.9951902130764467,3.022173908689748,2.9502173870542774,2.977201082667579,13300800.0,44033448.0
2023-06-29,2.977201082667579,2.9951902130764467,2.914239126236543,2.914239126236543,14943900.0,48685192.0
2023-06-30,2.9232336914409762,3.022173908689748,2.905244561032109,2.968206517463145,19321800.0,64100592.0
2023-07-03,2.968206517463145,3.040163039098615,2.9592119522587113,3.00418477828088,16302400.0,54501500.0
2023-07-04,3.013179343485314,3.013179343485314,2.9592119522587113,2.977201082667579,11555300.0,38268196.0
2023-07-05,2.968206517463145,3.022173908689748,2.9502173870542774,2.977201082667579,11419200.0,37920288.0
2023-07-06,2.968206517463145,3.022173908689748,2.9502173870542774,3.00418477828088,16051422.0,53358988.0
2023-07-07,3.00418477828088,3.058152169507483,2.9861956478720124,3.022173908689748,16838160.0,56667980.0
2023-07-10,3.022173908689748,3.049157604303049,3.00418477828088,3.0311684738941818,11619800.0,39142316.0
2023-07-11,3.0851358651207845,3.094130430325218,3.013179343485314,3.049157604303049,18851600.0,63993496.0
2023-07-12,3.049157604303049,3.058152169507483,2.968206517463145,2.977201082667579,15417401.0,51423020.0
2023-07-13,2.9861956478720124,3.022173908689748,2.968206517463145,3.00418477828088,16117757.0,53666900.0
2023-07-14,2.9861956478720124,2.9951902130764467,2.9502173870542774,2.9502173870542774,19061574.0,62833352.0
2023-07-17,2.941222821849844,2.977201082667579,2.905244561032109,2.968206517463145,15136722.0,49741752.0
2023-07-18,2.977201082667579,3.0311684738941818,2.9502173870542774,3.00418477828088,13944400.0,46356280.0
2023-07-19,3.00418477828088,3.07614129991635,2.9861956478720124,3.067146734711917,22274342.0,75374232.0
2023-07-20,3.07614129991635,3.103124995529652,3.049157604303049,3.07614129991635,19450202.0,66600880.0
2023-07-21,3.058152169507483,3.139103256347387,3.040163039098615,3.1211141259385196,25906802.0,89522344.0
2023-07-24,3.130108691142953,3.193070647573989,3.067146734711917,3.139103256347387,33494992.0,116296200.0
2023-07-25,3.139103256347387,3.3099999952316286,3.139103256347387,3.2920108648227613,73630632.0,266968752.0
2023-07-26,3.2920108648227613,3.4269293428892675,3.2650271692094597,3.3819565168670986,87511088.0,326576576.0
2023-07-27,3.3279891256404963,3.4179347776848337,3.247038038800592,3.3369836908449297,71834784.0,267260288.0
2023-07-28,3.3459782560493636,3.3819565168670986,3.3010054300271947,3.3459782560493636,45238060.0,168105152.0
2023-07-31,3.3819565168670986,3.5078804297291715,3.3639673864582313,3.4449184732981353,65114848.0,250112976.0
2023-08-01,3.4179347776848337,3.5168749949336053,3.3819565168670986,3.4359239080937014,51333156.0,196869984.0
2023-08-02,3.399945647275966,3.5798369513646415,3.399945647275966,3.4898912993203037,61797544.0,240626256.0
2023-08-03,3.4629076037070026,3.5528532557513404,3.4179347776848337,3.5438586905469065,52873200.0,205010928.0
2023-08-04,3.588831516569076,3.6697826034089793,3.5078804297291715,3.525869560138039,64509836.0,256099952.0
2023-08-07,3.4449184732981353,3.4808967341158703,3.3909510820715325,3.4269293428892675,49789748.0,189705040.0
2023-08-08,3.4449184732981353,3.4719021689114364,3.3549728212537975,3.3729619516626648,27409572.0,103435144.0
2023-08-09,3.4179347776848337,3.4179347776848337,3.3279891256404963,3.3549728212537975,23327046.0,87376504.0
2023-08-10,3.3279891256404963,3.4089402124804002,3.3189945604360624,3.3639673864582313,20326672.0,76128592.0
2023-08-11,3.4629076037070026,3.534864125342473,3.3729619516626648,3.4269293428892675,61158516.0,235031776.0
2023-08-14,3.3279891256404963,3.399945647275966,3.2740217344138935,3.3639673864582313,44775120.0,166594656.0
2023-08-15,3.3639673864582313,3.3819565168670986,3.2740217344138935,3.3369836908449297,28743400.0,106144112.0
2023-08-16,3.3279891256404963,3.4808967341158703,3.3099999952316286,3.399945647275966,32863704.0,124157512.0
2023-08-17,3.399945647275966,3.525869560138039,3.3639673864582313,3.4269293428892675,40983400.0,156625840.0
2023-08-18,3.4449184732981353,3.4539130385025687,3.2920108648227613,3.3099999952316286,31386062.0,117611136.0
2023-08-21,3.65,3.68,3.55,3.57,34040620.0,122810056.0
2023-08-22,3.57,3.61,3.51,3.56,25490312.0,90410184.0
2023-08-23,3.58,3.58,3.47,3.49,19001900.0,66737328.0
2023-08-24,3.49,3.52,3.41,3.42,19556000.0,67400968.0
2023-08-25,3.45,3.54,3.43,3.48,27904880.0,97017728.0
2023-08-28,3.67,3.83,3.67,3.83,35006480.0,132733032.0
2023-08-29,3.91,4.13,3.86,4.07,188103584.0,751140160.0
2023-08-30,3.94,3.98,3.82,3.88,123317448.0,478487424.0
2023-08-31,3.91,3.93,3.5,3.52,104609144.0,381672992.0
2023-09-01,3.6,3.67,3.46,3.48,78916120.0,278992544.0
2023-09-04,3.5,3.57,3.49,3.52,54935544.0,193920416.0
2023-09-05,3.5,3.51,3.37,3.39,55146200.0,188348688.0
2023-09-06,3.4,3.48,3.33,3.48,56319224.0,191947616.0
2023-09-07,3.46,3.53,3.41,3.42,41723900.0,144383088.0
2023-09-08,3.37,3.38,3.32,3.33,34269500.0,114717760.0
2023-09-11,3.33,3.35,3.26,3.34,38902600.0,128558336.0
2023-09-12,3.31,3.33,3.29,3.31,25602700.0,84614376.0
2023-09-13,3.31,3.35,3.28,3.3,28247084.0,93381432.0
2023-09-14,3.28,3.3,3.26,3.27,20735856.0,67884392.0
2023-09-15,3.29,3.33,3.27,3.3,28663360.0,94396672.0
2023-09-18,3.28,3.31,3.24,3.29,25633204.0,83832168.0
2023-09-19,3.28,3.35,3.27,3.31,30779310.0,102112216.0
2023-09-20,3.33,3.34,3.29,3.31,19534572.0,64813556.0
2023-09-21,3.31,3.37,3.3,3.31,23717916.0,79032840.0
2023-09-22,3.31,3.38,3.28,3.36,28879820.0,96523168.0
2023-09-25,3.35,3.35,3.25,3.27,26403824.0,86687384.0
2023-09-26,3.25,3.27,3.24,3.24,13646000.0,44387644.0
2023-09-27,3.23,3.26,3.21,3.21,17918800.0,57978312.0
2023-09-28,3.22,3.25,3.21,3.23,12658600.0,40927416.0
2023-10-09,3.23,3.24,3.11,3.14,22692408.0,71549480.0
2023-10-10,3.13,3.16,3.09,3.09,19848172.0,61962036.0
2023-10-11,3.1,3.13,3.05,3.07,26181500.0,80682912.0
2023-10-12,3.08,3.12,3.07,3.11,15266563.0,47259372.0
2023-10-13,3.09,3.1,3.05,3.06,12819300.0,39368072.0
2023-10-16,3.07,3.08,3.03,3.07,14276171.0,43635848.0
2023-10-17,3.08,3.08,3.04,3.06,13156200.0,40241284.0
2023-10-18,3.06,3.07,3.01,3.01,12767920.0,38665132.0
2023-10-19,3.0,3.05,2.97,3.02,13455040.0,40674928.0
2023-10-20,3.0,3.08,2.98,3.05,16077800.0,49023536.0
2023-10-23,3.06,3.06,2.97,2.98,15629700.0,46861680.0
2023-10-24,2.98,3.07,2.98,3.07,17298800.0,52628424.0
2023-10-25,3.11,3.11,3.08,3.09,16160351.0,50030528.0
2023-10-26,3.08,3.09,3.03,3.07,15852100.0,48465056.0
2023-10-27,3.06,3.1,3.04,3.08,13524455.0,41709844.0
2023-10-30,3.09,3.14,3.08,3.12,14361216.0,44690864.0
2023-10-31,3.12,3.15,3.07,3.13,16931620.0,52690888.0
2023-11-01,3.11,3.14,3.09,3.11,17002900.0,52928032.0
2023-11-02,3.13,3.16,3.09,3.13,20417300.0,63906584.0
2023-11-03,3.13,3.14,3.08,3.09,23577048.0,73020176.0
2023-11-06,3.09,3.17,3.08,3.15,25910688.0,81318032.0
2023-11-07,3.15,3.19,3.14,3.16,17954300.0,56772712.0
2023-11-08,3.15,3.2,3.14,3.16,17714984.0,56262632.0
2023-11-09,3.17,3.2,3.13,3.14,19680300.0,62240504.0
2023-11-10,3.14,3.15,3.08,3.1,15049920.0,46670208.0
2023-11-13,3.12,3.15,3.09,3.13,13283719.0,41373816.0
2023-11-14,3.11,3.2,3.11,3.2,26119180.0,82834712.0
2023-11-15,3.22,3.24,3.14,3.15,24878000.0,78883064.0
2023-11-16,3.15,3.15,3.1,3.13,15044028.0,46930836.0
2023-11-17,3.13,3.14,3.09,3.1,16368121.0,50833232.0
2023-11-20,3.12,3.14,3.1,3.12,15921400.0,49661232.0
2023-11-21,3.12,3.25,3.12,3.19,39553932.0,126858776.0
2023-11-22,3.18,3.27,3.17,3.21,32585500.0,105577840.0
2023-11-23,3.23,3.31,3.17,3.3,39260072.0,128285808.0
2023-11-24,3.31,3.33,3.25,3.27,26376300.0,86797400.0
2023-11-27,3.26,3.26,3.15,3.16,27728200.0,87965840.0
2023-11-28,3.17,3.17,3.12,3.14,20203620.0,63412492.0
2023-11-29,3.13,3.15,3.06,3.06,22779674.0,70294088.0
2023-11-30,3.06,3.09,3.04,3.05,15996400.0,49043320.0
2023-12-01,3.05,3.11,3.04,3.11,20131048.0,62162052.0
2023-12-04,3.11,3.11,3.06,3.08,15651002.0,48179548.0
2023-12-05,3.07,3.1,3.03,3.03,17231900.0,52731688.0
2023-12-06,3.05,3.09,3.03,3.08,20054700.0,61534728.0
2023-12-07,3.07,3.11,3.04,3.09,19773400.0,60864576.0
2023-12-08,3.09,3.09,3.01,3.01,22971212.0,69908976.0
2023-12-11,3.01,3.02,2.95,3.0,18821202.0,56066140.0
2023-12-12,3.0,3.09,3.0,3.09,27837454.0,85165064.0
2023-12-13,3.08,3.09,3.04,3.04,18142100.0,55530888.0
2023-12-14,3.06,3.09,3.04,3.05,16385700.0,50245608.0
2023-12-15,3.09,3.12,3.06,3.08,23278300.0,71885480.0
2023-12-18,3.07,3.11,3.01,3.02,21897302.0,66772936.0
2023-12-19,3.06,3.08,2.98,3.01,22908900.0,69241320.0
2023-12-20,3.0,3.01,2.94,2.94,14577800.0,43318448.0
2023-12-21,2.93,2.97,2.9,2.95,17099264.0,50259856.0
2023-12-22,2.94,2.96,2.89,2.91,20479702.0,59734680.0
2023-12-25,2.92,2.92,2.86,2.88,11065013.0,31939528.0
2023-12-26,2.89,2.89,2.84,2.84,10063068.0,28823572.0
2023-12-27,2.84,2.86,2.8,2.84,9938900.0,28158508.0
2023-12-28,2.85,2.9,2.82,2.9,14713500.0,42328020.0
2023-12-29,2.9,2.91,2.88,2.9,11895319.0,34431580.0
2024-01-02,2.9,2.92,2.88,2.89,10949401.0,31777324.0
2024-01-03,2.9,2.93,2.89,2.9,13458400.0,39189956.0
2024-01-04,2.9,2.91,2.84,2.86,13100880.0,37530412.0
2024-01-05,2.86,2.9,2.84,2.85,13222200.0,37947144.0
2024-01-08,2.86,2.89,2.8,2.81,13584000.0,38513608.0
2024-01-09,2.79,2.84,2.78,2.82,11097800.0,31210186.0
2024-01-10,2.82,2.84,2.78,2.81,9624463.0,27093240.0
2024-01-11,2.82,2.85,2.79,2.84,9453640.0,26627126.0
2024-01-12,2.83,2.9,2.83,2.86,11480100.0,32937960.0
2024-01-15,2.86,2.89,2.82,2.85,10276600.0,29342554.0
2024-01-16,2.86,2.9,2.8,2.83,13493200.0,38359092.0
2024-01-17,2.81,2.82,2.76,2.77,11155900.0,31174304.0
2024-01-18,2.75,2.76,2.66,2.73,15537000.0,42103012.0
2024-01-19,2.73,2.8,2.71,2.76,13963230.0,38668384.0
2024-01-22,2.75,2.76,2.58,2.61,15011400.0,40190948.0
2024-01-23,2.62,2.67,2.56,2.66,15521700.0,40670920.0
2024-01-24,2.68,2.78,2.66,2.78,22744100.0,62140512.0
2024-01-25,2.78,2.93,2.77,2.92,29774300.0,85564224.0
2024-01-26,2.93,3.01,2.92,2.99,28955000.0,86548792.0
2024-01-29,3.04,3.1,2.95,2.97,36912300.0,112011528.0
2024-01-30,2.94,2.98,2.84,2.85,28463080.0,83060800.0
2024-01-31,2.86,2.87,2.72,2.74,22087340.0,61724872.0
2024-02-01,2.7,2.77,2.64,2.68,26896100.0,72646296.0
2024-02-02,2.67,2.78,2.54,2.63,25991422.0,69169720.0
2024-02-05,2.61,2.62,2.37,2.37,34340296.0,83197128.0
2024-02-06,2.35,2.51,2.22,2.45,31617544.0,74513120.0
2024-02-07,2.45,2.59,2.42,2.53,35017872.0,88011304.0
2024-02-08,2.55,2.69,2.55,2.66,33150760.0,87737944.0
2024-02-19,2.7,2.73,2.63,2.69,30492800.0,81391696.0
2024-02-20,2.7,2.7,2.63,2.68,14402861.0,38403640.0
2024-02-21,2.67,2.76,2.63,2.7,29742686.0,80571280.0
2024-02-22,2.68,2.73,2.66,2.7,18518000.0,49811960.0
2024-02-23,2.7,2.72,2.66,2.71,18523300.0,49840408.0
2024-02-26,2.71,2.74,2.66,2.71,23267702.0,62895644.0
2024-02-27,2.69,2.77,2.68,2.76,18461900.0,50438056.0
2024-02-28,2.76,2.8,2.66,2.66,27756202.0,76130848.0
2024-02-29,2.63,2.7,2.62,2.69,20825332.0,55645140.0
2024-03-01,2.68,2.75,2.64,2.68,28382480.0,76075392.0
2024-03-04,2.66,2.66,2.57,2.62,22863620.0,59473024.0
2024-03-05,2.6,2.61,2.53,2.55,19134400.0,49032608.0
2024-03-06,2.55,2.58,2.51,2.53,17629440.0,44815472.0
2024-03-07,2.53,2.57,2.51,2.51,16415740.0,41634144.0
2024-03-08,2.53,2.53,2.48,2.53,12381762.0,31060900.0
2024-03-11,2.53,2.57,2.53,2.57,15592521.0,39734032.0
2024-03-12,2.57,2.69,2.56,2.68,30294544.0,79508080.0
2024-03-13,2.68,2.69,2.59,2.62,20662400.0,54277244.0
2024-03-14,2.61,2.64,2.59,2.61,13443000.0,35165464.0
2024-03-15,2.61,2.64,2.59,2.63,13717051.0,35868412.0
2024-03-18,2.64,2.67,2.62,2.65,17812052.0,46914080.0
2024-03-19,2.64,2.65,2.6,2.61,16920000.0,44406268.0
2024-03-20,2.6,2.63,2.59,2.62,15280811.0,39883296.0
2024-03-21,2.61,2.66,2.61,2.62,16568200.0,43642968.0
2024-03-22,2.62,2.63,2.56,2.59,16543253.0,42846364.0
2024-03-25,2.58,2.64,2.56,2.58,18958340.0,49207556.0
2024-03-26,2.57,2.63,2.56,2.63,19620432.0,51002812.0
2024-03-27,2.62,2.63,2.55,2.55,17306152.0,44587184.0
2024-03-28,2.54,2.58,2.53,2.54,14514508.0,37113724.0
2024-03-29,2.52,2.55,2.5,2.51,14437800.0,36308180.0
2024-04-01,2.51,2.57,2.51,2.53,18935300.0,48038040.0
2024-04-02,2.52,2.55,2.5,2.53,24156568.0,61027100.0
2024-04-03,2.56,2.68,2.55,2.58,45174276.0,117369464.0
2024-04-08,2.54,2.56,2.45,2.45,37119060.0,92305856.0
2024-04-09,2.45,2.47,2.42,2.45,18678124.0,45696800.0
2024-04-10,2.45,2.46,2.36,2.38,22078000.0,52845724.0
2024-04-11,2.35,2.39,2.32,2.36,19591712.0,46283396.0
2024-04-12,2.36,2.38,2.31,2.31,16115900.0,37634340.0
2024-04-15,2.32,2.34,2.2,2.28,22651100.0,51363828.0
2024-04-16,2.28,2.28,2.2,2.21,20885702.0,46562748.0
2024-04-17,2.23,2.3,2.23,2.3,23795344.0,54154636.0
2024-04-18,2.3,2.33,2.27,2.28,19167000.0,44094544.0
2024-04-19,2.27,2.3,2.24,2.25,14193121.0,32134478.0
2024-04-22,2.26,2.28,2.22,2.26,11977000.0,27039816.0
2024-04-23,2.26,2.3,2.25,2.26,11186020.0,25388130.0
2024-04-24,2.25,2.27,2.23,2.26,10910268.0,24575746.0
2024-04-25,2.25,2.3,2.24,2.27,13063370.0,29701758.0
2024-04-26,2.25,2.29,2.15,2.28,34993800.0,77826288.0
2024-04-29,2.27,2.51,2.26,2.51,56194988.0,135561808.0
2024-04-30,2.54,2.54,2.44,2.46,38015720.0,93835064.0
2024-05-06,2.54,2.58,2.44,2.44,31284130.0,78469968.0
2024-05-07,2.46,2.53,2.4,2.52,40603480.0,100396424.0
2024-05-08,2.46,2.46,2.37,2.38,39193360.0,94392208.0
2024-05-09,2.38,2.45,2.38,2.41,21435500.0,51759148.0
2024-05-10,2.4,2.49,2.38,2.47,38707584.0,94564984.0
2024-05-13,2.44,2.46,2.4,2.42,21320100.0,51747328.0
2024-05-14,2.41,2.48,2.39,2.43,20650000.0,50132016.0
2024-05-15,2.41,2.51,2.41,2.46,29038660.0,71642904.0
2024-05-16,2.46,2.58,2.46,2.54,42595960.0,108251360.0
2024-05-17,2.56,2.72,2.53,2.71,65477224.0,171838032.0
2024-05-20,2.7,2.71,2.61,2.64,44895700.0,119215640.0
2024-05-21,2.64,2.68,2.6,2.62,29499658.0,77693056.0
2024-05-22,2.64,2.7,2.62,2.66,40954880.0,109245000.0
2024-05-23,2.61,2.63,2.53,2.58,32174800.0,82793208.0
2024-05-24,2.55,2.56,2.48,2.49,23573400.0,59264896.0
2024-05-27,2.48,2.51,2.4,2.47,22784272.0,55424544.0
2024-05-28,2.47,2.5,2.37,2.38,24872560.0,59954900.0
2024-05-29,2.4,2.62,2.4,2.46,62945508.0,159335984.0
2024-05-30,2.45,2.46,2.35,2.37,39700424.0,94854704.0
2024-05-31,2.36,2.4,2.33,2.34,26211900.0,61752168.0
2024-06-03,2.33,2.34,2.24,2.27,23694290.0,53872488.0
2024-06-04,2.26,2.32,2.22,2.29,20718540.0,46971596.0
2024-06-05,2.27,2.29,2.22,2.25,13023120.0,29274398.0
2024-06-06,2.24,2.26,2.16,2.22,24934328.0,54606572.0
2024-06-07,2.19,2.24,2.18,2.23,20393748.0,45034552.0
2024-06-11,2.21,2.22,2.15,2.2,16410400.0,35639300.0
2024-06-12,2.17,2.21,2.16,2.21,13830000.0,30308352.0
2024-06-13,2.22,2.24,2.16,2.2,15279700.0,33286076.0
2024-06-14,2.18,2.23,2.16,2.22,17272980.0,38118840.0
2024-06-17,2.2,2.2,2.16,2.17,10635200.0,23168788.0
2024-06-18,2.17,2.21,2.16,2.19,10653909.0,23328204.0
2024-06-19,2.18,2.21,2.17,2.18,10905400.0,23864432.0
2024-06-20,2.17,2.19,2.11,2.11,16851328.0,36141236.0
2024-06-21,2.13,2.14,2.1,2.12,9718720.0,20607050.0
2024-06-24,2.11,2.11,2.0,2.05,16746902.0,34098748.0
2024-06-25,2.02,2.09,2.01,2.08,19351056.0,39617440.0
2024-06-26,2.06,2.09,2.02,2.08,14365338.0,29462560.0
2024-06-27,2.07,2.09,2.04,2.07,14651900.0,30336222.0
2024-06-28,2.05,2.09,2.03,2.07,13702300.0,28229268.0
2024-07-01,2.05,2.13,2.04,2.12,14206695.0,29783166.0
2024-07-02,2.11,2.19,2.1,2.15,15290410.0,33030020.0
2024-07-03,2.16,2.2,2.14,2.17,17253400.0,37537812.0
2024-07-04,2.16,2.17,2.06,2.09,16145800.0,33856660.0
2024-07-05,2.08,2.1,2.04,2.08,10323400.0,21402760.0
2024-07-08,2.07,2.07,1.99,2.03,16474900.0,33158342.0
2024-07-09,2.0,2.03,1.95,2.01,12820800.0,25592460.0
2024-07-10,1.98,2.0,1.94,1.95,15211600.0,29888192.0
2024-07-11,1.97,2.04,1.97,2.02,16417900.0,32972016.0
2024-07-12,2.02,2.11,2.02,2.07,17667300.0,36754940.0
2024-07-15,2.06,2.06,2.02,2.02,10691700.0,21741002.0
2024-07-16,2.02,2.05,2.0,2.03,9618200.0,19491576.0
2024-07-17,2.03,2.08,2.02,2.04,13268400.0,27292776.0
2024-07-18,2.05,2.05,2.0,2.04,11054899.0,22418716.0
2024-07-19,2.02,2.03,1.97,2.0,14756399.0,29423840.0
2024-07-22,2.0,2.0,1.97,1.98,9581494.0,19015626.0
2024-07-23,1.98,2.02,1.96,1.96,11487100.0,22882020.0
2024-07-24,1.96,1.97,1.9,1.9,14084500.0,27125856.0
2024-07-25,1.9,1.93,1.9,1.92,8770699.0,16806998.0
2024-07-26,1.91,1.97,1.91,1.96,13486600.0,26348484.0
2024-07-29,1.96,1.97,1.92,1.96,9899336.0,19324586.0
2024-07-30,1.95,2.01,1.95,2.0,9691800.0,19243224.0
2024-07-31,2.01,2.09,1.99,2.09,16590000.0,34112336.0
2024-08-01,2.11,2.12,2.04,2.04,12244600.0,25230886.0
2024-08-02,2.03,2.09,2.02,2.05,13215721.0,27199454.0
2024-08-05,2.03,2.09,2.01,2.02,13893615.0,28534420.0
2024-08-06,2.03,2.06,2.02,2.05,12989500.0,26513472.0
2024-08-07,2.04,2.05,2.0,2.03,10664100.0,21611550.0
2024-08-08,2.04,2.11,2.02,2.07,18764400.0,38816436.0
2024-08-09,2.06,2.18,2.06,2.11,29206588.0,62212548.0
2024-08-12,2.11,2.12,2.03,2.03,16091800.0,32971490.0
2024-08-13,2.04,2.06,2.0,2.05,12567600.0,25573610.0
2024-08-14,2.04,2.07,2.02,2.02,10563900.0,21516872.0
2024-08-15,2.02,2.09,2.0,2.08,20470820.0,42088936.0
2024-08-16,2.07,2.08,2.0,2.0,17448196.0,35488956.0
2024-08-19,2.0,2.02,1.98,2.0,15291301.0,30632098.0
2024-08-20,1.99,2.02,1.95,1.96,12673100.0,25112292.0
2024-08-21,1.95,1.97,1.92,1.93,11849448.0,22993264.0
2024-08-22,1.95,1.97,1.9,1.9,12819400.0,24733498.0
2024-08-23,1.89,1.92,1.88,1.89,11278600.0,21380280.0
2024-08-26,1.88,1.95,1.88,1.94,10871148.0,20897190.0
2024-08-27,1.93,1.94,1.87,1.89,12129100.0,22950964.0
2024-08-28,1.87,1.89,1.83,1.85,11265315.0,20952876.0
2024-08-29,1.86,1.87,1.83,1.86,10513515.0,19463576.0
2024-08-30,1.86,2.0,1.85,1.95,26293288.0,51011612.0
2024-09-02,1.95,1.98,1.92,1.96,18109328.0,35474844.0
2024-09-03,1.97,1.99,1.94,1.96,13387445.0,26301598.0
2024-09-04,1.96,2.0,1.94,1.94,11312500.0,22261900.0
2024-09-05,1.94,2.0,1.94,1.99,12907100.0,25592940.0
2024-09-06,2.0,2.01,1.97,1.97,8382000.0,16627249.0
2024-09-09,1.97,2.0,1.94,1.98,12332000.0,24383100.0
2024-09-10,1.98,2.0,1.92,1.94,12881712.0,25042456.0
2024-09-11,1.94,1.94,1.9,1.91,11595902.0,22237476.0
2024-09-12,1.91,1.96,1.91,1.93,8238820.0,15928204.0
2024-09-13,1.93,1.97,1.92,1.96,10259105.0,20049100.0
2024-09-18,1.95,1.98,1.9,1.95,11593549.0,22369638.0
2024-09-19,1.98,2.07,1.96,2.03,28011480.0,56582712.0
2024-09-20,2.04,2.09,2.0,2.07,24601916.0,50628080.0
2024-09-23,2.06,2.1,2.05,2.09,15108046.0,31400988.0
2024-09-24,2.12,2.17,2.07,2.15,23159800.0,49167508.0
2024-09-25,2.15,2.29,2.15,2.18,31408510.0,70254240.0
2024-09-26,2.18,2.37,2.18,2.36,48937304.0,112173368.0
2024-09-27,2.49,2.58,2.38,2.51,58155240.0,143790192.0
2024-09-30,2.7,2.72,2.53,2.69,91388016.0,241574928.0
2024-10-08,2.95,2.95,2.56,2.66,92986392.0,253807920.0
2024-10-09,2.6,2.6,2.39,2.39,55081616.0,134951872.0
2024-10-10,2.39,2.46,2.33,2.37,42164752.0,100701880.0
2024-10-11,2.41,2.42,2.29,2.34,30850240.0,72881088.0
2024-10-14,2.4,2.46,2.36,2.43,39787296.0,95913520.0
2024-10-15,2.42,2.45,2.36,2.37,31186660.0,74914544.0
2024-10-16,2.35,2.48,2.35,2.47,40846920.0,99873536.0
2024-10-17,2.49,2.5,2.33,2.34,46210496.0,110733672.0
2024-10-18,2.31,2.41,2.29,2.39,41324056.0,97305896.0
2024-10-21,2.4,2.4,2.33,2.35,30323134.0,71300992.0
2024-10-22,2.34,2.39,2.34,2.38,27120772.0,64264868.0
2024-10-23,2.37,2.44,2.36,2.41,30296388.0,72991240.0
2024-10-24,2.41,2.45,2.38,2.43,25929614.0,62797576.0
2024-10-25,2.45,2.54,2.43,2.51,35879988.0,90112632.0
2024-10-28,2.54,2.64,2.52,2.64,37566384.0,97850680.0
2024-10-29,2.66,2.68,2.51,2.52,33228700.0,85524728.0
2024-10-30,2.5,2.62,2.5,2.57,35299620.0,90792144.0
2024-10-31,2.54,2.65,2.54,2.61,40831596.0,106571656.0
2024-11-01,2.63,2.67,2.54,2.56,36841276.0,95521568.0
2024-11-04,2.56,2.58,2.49,2.58,35683100.0,90612272.0
2024-11-05,2.6,2.71,2.59,2.7,41390800.0,110636056.0
2024-11-06,2.71,2.75,2.6,2.74,49415520.0,132591552.0
2024-11-07,2.72,2.89,2.68,2.87,54456320.0,153806048.0
2024-11-08,2.91,2.93,2.74,2.76,50487200.0,140731824.0
2024-11-11,2.77,2.79,2.65,2.69,42188800.0,113424600.0
2024-11-12,2.68,2.73,2.64,2.67,37364740.0,100167288.0
2024-11-13,2.66,2.71,2.6,2.64,28107150.0,74437624.0
2024-11-14,2.68,2.7,2.57,2.57,32760224.0,85222224.0
2024-11-15,2.55,2.57,2.48,2.49,31614964.0,80132200.0
2024-11-18,2.54,2.7,2.53,2.58,54175644.0,141818816.0
2024-11-19,2.57,2.6,2.5,2.56,45863560.0,116461128.0
2024-11-20,2.55,2.62,2.52,2.62,34796000.0,89815256.0
2024-11-21,2.61,2.64,2.57,2.6,26889542.0,69763704.0
2024-11-22,2.59,2.65,2.54,2.56,36518800.0,94942048.0
2024-11-25,2.54,2.56,2.49,2.55,24240500.0,61105976.0
2024-11-26,2.55,2.57,2.52,2.56,22917410.0,58385620.0
2024-11-27,2.55,2.58,2.47,2.58,23990602.0,60515624.0
2024-11-28,2.61,2.7,2.6,2.67,49964200.0,133028744.0
2024-11-29,2.65,2.69,2.59,2.64,33983100.0,89693192.0
2024-12-02,2.66,2.76,2.65,2.74,40598304.0,110507440.0
2024-12-03,2.75,2.76,2.69,2.76,31379600.0,85593728.0
2024-12-04,2.75,2.76,2.66,2.68,28212348.0,76400552.0
2024-12-05,2.67,2.76,2.64,2.74,31715562.0,85555560.0
2024-12-06,2.74,3.01,2.74,2.92,167683552.0,491877376.0
2024-12-09,2.85,2.89,2.76,2.77,118796032.0,333481216.0
2024-12-10,2.92,2.96,2.79,2.79,87817680.0,251439456.0
2024-12-11,2.78,3.07,2.75,3.07,176206384.0,526771168.0
2024-12-12,3.08,3.11,2.96,3.01,149420464.0,450104128.0
2024-12-13,3.04,3.06,2.88,2.92,101398392.0,297798560.0
2024-12-16,2.92,2.94,2.85,2.87,82294448.0,237749536.0
2024-12-17,2.89,2.91,2.68,2.7,79577104.0,218775920.0
2024-12-18,2.71,2.75,2.67,2.7,41996512.0,113473736.0
2024-12-19,2.65,2.69,2.6,2.65,39073200.0,102831664.0
2024-12-20,2.64,2.66,2.61,2.63,30110000.0,79429768.0
2024-12-23,2.63,2.63,2.49,2.5,43023248.0,109155456.0
2024-12-24,2.5,2.58,2.5,2.54,34848504.0,88562840.0
2024-12-25,2.53,2.54,2.42,2.46,29078200.0,71564744.0
2024-12-26,2.45,2.5,2.42,2.44,25259570.0,61885960.0
2024-12-27,2.43,2.5,2.41,2.47,25071600.0,62111752.0
2024-12-30,2.47,2.47,2.38,2.42,26817612.0,64653940.0
2024-12-31,2.43,2.47,2.37,2.38,22511198.0,54571748.0
2025-01-02,2.38,2.45,2.34,2.36,29506098.0,70955568.0
2025-01-03,2.37,2.39,2.27,2.28,25387952.0,58611152.0
2025-01-06,2.28,2.3,2.21,2.28,22126204.0,50099812.0
2025-01-07,2.28,2.31,2.25,2.3,19443260.0,44497308.0
2025-01-08,2.3,2.32,2.23,2.3,24479200.0,55912516.0
2025-01-09,2.29,2.31,2.27,2.29,15364120.0,35171300.0
2025-01-10,2.28,2.31,2.2,2.2,21023900.0,47266512.0
2025-01-13,2.16,2.25,2.13,2.24,23906952.0,52575804.0
2025-01-14,2.25,2.3,2.24,2.29,26267300.0,59536848.0
2025-01-15,2.29,2.3,2.24,2.28,22652232.0,51390288.0
2025-01-16,2.28,2.35,2.27,2.3,24699600.0,57132088.0
2025-01-17,2.28,2.33,2.25,2.29,17847716.0,40871308.0
2025-01-20,2.3,2.35,2.24,2.33,28696600.0,66481424.0
2025-01-21,2.33,2.37,2.29,2.3,28910800.0,67303240.0
2025-01-22,2.29,2.3,2.22,2.23,19681680.0,44264884.0
2025-01-23,2.25,2.31,2.23,2.25,24644900.0,56023016.0
2025-01-24,2.23,2.25,2.2,2.22,18165600.0,40510480.0
2025-01-27,2.18,2.27,2.17,2.19,21223902.0,47096652.0
2025-02-05,2.2,2.22,2.17,2.19,17606700.0,38644992.0
2025-02-06,2.19,2.22,2.15,2.21,20397100.0,44715464.0
2025-02-07,2.21,2.3,2.2,2.28,32813624.0,74296144.0
2025-02-10,2.29,2.34,2.29,2.33,30330664.0,70393976.0
2025-02-11,2.33,2.36,2.28,2.3,21306700.0,48976564.0
2025-02-12,2.31,2.33,2.27,2.33,21114140.0,48668520.0
2025-02-13,2.34,2.39,2.33,2.36,30148440.0,71433216.0
2025-02-14,2.36,2.38,2.3,2.32,20392908.0,47479660.0
2025-02-17,2.31,2.39,2.3,2.37,27703120.0,65098584.0
2025-02-18,2.36,2.38,2.28,2.28,22782312.0,52792088.0
2025-02-19,2.28,2.3,2.26,2.3,15586316.0,35579036.0
2025-02-20,2.29,2.32,2.27,2.3,16871340.0,38740212.0
2025-02-21,2.3,2.33,2.26,2.28,16954002.0,38860256.0
2025-02-24,2.28,2.36,2.27,2.32,29669702.0,69013712.0
2025-02-25,2.31,2.34,2.27,2.29,21616260.0,49942056.0
2025-02-26,2.29,2.36,2.29,2.35,28136876.0,65787048.0
2025-02-27,2.35,2.38,2.32,2.36,24077800.0,56533792.0
2025-02-28,2.36,2.38,2.3,2.32,30111140.0,70428192.0
2025-03-03,2.31,2.37,2.31,2.34,29454200.0,68748080.0
2025-03-04,2.32,2.33,2.28,2.32,21518860.0,49557644.0
2025-03-05,2.31,2.31,2.24,2.28,22688312.0,51473916.0
2025-03-06,2.29,2.33,2.27,2.32,27097052.0,62176076.0
2025-03-07,2.31,2.31,2.26,2.27,16544300.0,37699660.0
2025-03-10,2.28,2.31,2.26,2.28,17076412.0,38926528.0
2025-03-11,2.26,2.29,2.24,2.29,13584441.0,30790420.0
2025-03-12,2.28,2.29,2.26,2.27,15052000.0,34209580.0
2025-03-13,2.27,2.27,2.22,2.24,16930752.0,37950140.0
2025-03-14,2.23,2.3,2.22,2.3,25483100.0,57746208.0
2025-03-17,2.32,2.51,2.3,2.42,71045496.0,171084176.0
2025-03-18,2.41,2.43,2.35,2.37,32390560.0,76936232.0
2025-03-19,2.37,2.54,2.34,2.48,64273632.0,157086832.0
2025-03-20,2.46,2.49,2.43,2.46,40152360.0,98818136.0
2025-03-21,2.46,2.55,2.41,2.42,51052748.0,126471448.0
2025-03-24,2.45,2.46,2.27,2.33,49338500.0,115223448.0
2025-03-25,2.32,2.32,2.26,2.29,27970560.0,63950752.0
2025-03-26,2.3,2.35,2.28,2.34,29251644.0,68211296.0
2025-03-27,2.33,2.34,2.28,2.31,20560776.0,47475736.0
2025-03-28,2.31,2.32,2.26,2.28,19469214.0,44406712.0
2025-03-31,2.28,2.29,2.22,2.23,20351644.0,45741812.0
2025-04-01,2.23,2.26,2.23,2.24,16619435.0,37338704.0
2025-04-02,2.25,2.26,2.23,2.24,11283570.0,25295880.0
2025-04-03,2.23,2.3,2.21,2.28,20012720.0,45471316.0
2025-04-07,2.21,2.21,2.05,2.05,30211800.0,63391452.0
2025-04-08,2.0,2.09,2.0,2.06,29219522.0,60092976.0
2025-04-09,2.04,2.16,1.96,2.15,32256700.0,66729428.0
2025-04-10,2.15,2.26,2.13,2.21,35650292.0,78278648.0
2025-04-11,2.21,2.24,2.18,2.21,23173400.0,51281128.0
2025-04-14,2.23,2.25,2.2,2.22,17075600.0,37955620.0
2025-04-15,2.21,2.23,2.17,2.19,15068829.0,32938054.0
2025-04-16,2.19,2.21,2.14,2.18,16913468.0,36786244.0
2025-04-17,2.17,2.26,2.15,2.22,24322384.0,54190004.0
2025-04-18,2.22,2.3,2.21,2.29,21150900.0,47687236.0
2025-04-21,2.28,2.32,2.24,2.31,21519650.0,49372472.0
2025-04-22,2.3,2.36,2.29,2.35,23762500.0,55491016.0
2025-04-23,2.35,2.37,2.28,2.3,21163424.0,49111364.0
2025-04-24,2.31,2.34,2.26,2.29,16748600.0,38451064.0
2025-04-25,2.29,2.37,2.28,2.3,29923294.0,69670680.0
2025-04-28,2.5,2.53,2.37,2.44,102519624.0,251056256.0
2025-04-29,2.36,2.53,2.36,2.45,66412172.0,162937344.0
2025-04-30,2.44,2.64,2.43,2.57,83176744.0,212342704.0
2025-05-06,2.56,2.56,2.47,2.54,57629644.0,144985216.0
2025-05-07,2.57,2.62,2.52,2.53,57621060.0,147390320.0
2025-05-08,2.52,2.56,2.5,2.53,39675784.0,100436552.0
2025-05-09,2.53,2.55,2.48,2.49,26400448.0,66173980.0
2025-05-12,2.51,2.52,2.47,2.48,26763202.0,66662616.0
2025-05-13,2.5,2.54,2.48,2.53,35302928.0,88860392.0
2025-05-14,2.53,2.58,2.49,2.53,34366600.0,86938464.0
2025-05-15,2.53,2.56,2.5,2.56,24842510.0,62900404.0
2025-05-16,2.55,2.57,2.49,2.51,26151198.0,65686176.0
2025-05-19,2.51,2.6,2.51,2.58,38402728.0,98720232.0
2025-05-20,2.59,2.61,2.53,2.55,27069604.0,69227032.0
2025-05-21,2.55,2.57,2.52,2.55,16342410.0,41542244.0
2025-05-22,2.53,2.56,2.5,2.51,19634618.0,49600632.0
2025-05-23,2.51,2.52,2.47,2.47,21876040.0,54524800.0
2025-05-26,2.48,2.51,2.46,2.49,20060600.0,49913120.0
2025-05-27,2.48,2.54,2.47,2.54,24680160.0,62070648.0
2025-05-28,2.54,2.57,2.5,2.53,22232108.0,56301020.0
2025-05-29,2.52,2.58,2.51,2.55,22828402.0,58187972.0
2025-05-30,2.55,2.58,2.54,2.55,23068722.0,59090076.0
2025-06-03,2.54,2.58,2.53,2.56,18172972.0,46435480.0
2025-06-04,2.55,2.59,2.54,2.59,24117200.0,61929044.0
2025-06-05,2.59,2.61,2.55,2.56,18541200.0,47748764.0
2025-06-06,2.57,2.6,2.56,2.58,18852422.0,48686576.0
2025-06-09,2.58,2.59,2.54,2.58,20993126.0,53968988.0
2025-06-10,2.57,2.59,2.52,2.55,19566176.0,50043744.0
2025-06-11,2.57,2.63,2.56,2.61,31951402.0,83273576.0
2025-06-12,2.6,2.62,2.55,2.59,25093020.0,64684640.0
2025-06-13,2.57,2.58,2.51,2.53,21603200.0,54792896.0
2025-06-16,2.51,2.6,2.51,2.6,35699404.0,92164312.0
2025-06-17,2.61,2.67,2.57,2.66,38542056.0,101501800.0
2025-06-18,2.65,2.66,2.55,2.57,28538828.0,73899664.0
2025-06-19,2.56,2.57,2.5,2.52,23504500.0,59376020.0
2025-06-20,2.51,2.55,2.49,2.51,18393572.0,46213124.0
2025-06-23,2.49,2.54,2.48,2.52,19143356.0,48078308.0
2025-06-24,2.53,2.61,2.52,2.6,25372874.0,65554664.0
2025-06-25,2.61,2.68,2.59,2.67,33717880.0,88899480.0
2025-06-26,2.66,2.68,2.63,2.65,23725798.0,62985408.0
2025-06-27,2.66,2.7,2.63,2.64,25545200.0,67891800.0
2025-06-30,2.65,2.66,2.61,2.63,20691828.0,54451776.0
2025-07-01,2.64,2.65,2.6,2.62,20674528.0,54242648.0
2025-07-02,2.68,2.88,2.67,2.88,42619284.0,120669232.0
2025-07-03,3.1,3.17,3.06,3.17,86343648.0,272239072.0
2025-07-04,3.33,3.34,2.88,2.93,250107344.0,768022592.0
2025-07-07,2.87,3.22,2.87,3.22,137143424.0,418596512.0
2025-07-08,3.27,3.5,3.14,3.33,286038880.0,943081280.0
2025-07-09,3.25,3.33,3.2,3.24,186594064.0,606401088.0
2025-07-10,3.18,3.56,3.16,3.56,274905248.0,929717376.0
2025-07-11,3.56,3.74,3.38,3.39,266138336.0,941760576.0
2025-07-14,3.31,3.38,3.16,3.21,171296624.0,556402496.0
2025-07-15,3.2,3.22,2.98,3.05,166408016.0,509278368.0
2025-07-16,3.03,3.07,2.95,2.97,101287784.0,302331776.0
2025-07-17,2.95,2.99,2.94,2.98,81116144.0,240676320.0
2025-07-18,3.01,3.05,2.94,2.98,76134704.0,227217552.0
2025-07-21,2.96,3.0,2.94,2.97,64931700.0,192960656.0
2025-07-22,2.97,2.98,2.91,2.95,66792704.0,196377632.0
2025-07-23,2.95,2.99,2.91,2.91,65444264.0,192890336.0
2025-07-24,2.9,2.97,2.88,2.96,56215140.0,165593840.0
2025-07-25,2.96,2.97,2.92,2.93,38493300.0,112993728.0
2025-07-28,2.92,2.95,2.88,2.93,42626600.0,124349264.0
2025-07-29,2.92,2.93,2.88,2.93,40253592.0,117049288.0
2025-07-30,2.92,2.99,2.91,2.92,68116000.0,200064528.0
2025-07-31,2.92,2.92,2.81,2.82,59685700.0,170129424.0
2025-08-01,2.8,2.84,2.8,2.83,31967816.0,90331440.0
2025-08-04,2.81,2.83,2.8,2.83,31370000.0,88278040.0
2025-08-05,2.83,2.85,2.82,2.83,27014400.0,76583616.0
2025-08-06,2.83,2.86,2.81,2.86,30138126.0,85510296.0
2025-08-07,2.86,2.87,2.82,2.84,27462014.0,77981656.0
2025-08-08,2.83,2.85,2.82,2.84,26047308.0,73853392.0
2025-08-11,2.86,2.91,2.86,2.9,46172812.0,133635952.0
2025-08-12,2.91,2.95,2.89,2.93,52592364.0,153785728.0
2025-08-13,2.94,2.96,2.91,2.92,37199948.0,108982488.0
2025-08-14,2.93,2.96,2.86,2.87,46027616.0,134215280.0
2025-08-15,2.87,2.93,2.87,2.92,38073680.0,110759272.0
2025-08-18,2.92,2.94,2.88,2.92,34768816.0,101401032.0
2025-08-19,2.92,2.96,2.91,2.94,42053152.0,123653368.0
2025-08-20,2.93,2.95,2.9,2.95,36431900.0,106561240.0
2025-08-21,2.95,2.96,2.92,2.94,33915900.0,99625392.0
2025-08-22,2.93,2.94,2.89,2.92,38822084.0,113101600.0
2025-08-25,2.93,3.04,2.93,3.01,81311432.0,243621696.0
2025-08-26,3.0,3.0,2.93,2.96,47610884.0,140706384.0
2025-08-27,2.96,2.97,2.85,2.86,59086800.0,172105168.0
2025-08-28,2.84,2.88,2.75,2.82,49326984.0,139344016.0
2025-08-29,2.85,2.89,2.8,2.81,35547424.0,100950296.0
2025-09-01,2.8,2.82,2.75,2.79,36210496.0,101088144.0
2025-09-02,2.79,3.07,2.75,3.0,168093264.0,497746144.0
2025-09-03,2.91,2.94,2.81,2.82,124360992.0,356993696.0
2025-09-04,2.87,2.9,2.81,2.84,73325440.0,209773440.0
2025-09-05,2.85,2.88,2.78,2.87,54007220.0,152441792.0
2025-09-08,2.95,3.12,2.94,3.0,114786520.0,346466624.0
2025-09-09,3.0,3.11,2.98,3.05,118114904.0,361052160.0
2025-09-10,3.06,3.13,3.0,3.1,104578368.0,322301600.0
2025-09-11,3.1,3.24,3.06,3.19,112432960.0,355761120.0
2025-09-12,3.16,3.31,3.16,3.25,100017664.0,324170784.0
2025-09-15,3.24,3.25,3.11,3.17,91162616.0,287556544.0
2025-09-16,3.15,3.24,3.14,3.22,73763520.0,236086480.0
2025-09-17,3.2,3.21,3.11,3.18,64636332.0,204474688.0
2025-09-18,3.17,3.19,3.03,3.07,67842096.0,211872256.0
2025-09-19,3.07,3.1,2.94,3.01,69949000.0,209710080.0
2025-09-22,2.99,3.0,2.89,2.97,42766000.0,125559976.0
2025-09-23,2.95,2.96,2.76,2.82,70581616.0,199252432.0
2025-09-24,2.78,2.88,2.77,2.87,50443600.0,143571248.0
2025-09-25,2.86,2.89,2.8,2.82,41684992.0,118220080.0
2025-09-26,2.81,2.89,2.79,2.83,38386000.0,109158000.0
2025-09-29,2.83,2.86,2.75,2.84,37272952.0,104907944.0
2025-09-30,2.85,2.88,2.82,2.88,29934194.0,85572032.0
2025-10-09,2.89,2.89,2.77,2.82,51475592.0,144452080.0
2025-10-10,2.81,2.88,2.8,2.85,43530700.0,124168536.0
2025-10-13,2.75,2.85,2.75,2.84,36973688.0,103759344.0
2025-10-14,2.85,2.92,2.81,2.84,45737600.0,131195344.0
2025-10-15,2.84,2.88,2.82,2.86,26535200.0,75689472.0
2025-10-16,2.86,2.88,2.83,2.86,25623600.0,73080360.0
2025-10-17,2.86,2.89,2.8,2.8,35831072.0,102133840.0
2025-10-20,2.84,2.88,2.81,2.86,34772800.0,99232176.0
2025-10-21,2.85,2.98,2.84,2.97,52019960.0,152388192.0
2025-10-22,2.97,3.07,2.94,3.03,50155940.0,151903728.0
2025-10-23,3.1,3.18,3.02,3.06,104582240.0,322647584.0
2025-10-24,3.05,3.07,2.94,2.95,76078952.0,227773520.0
2025-10-27,2.97,2.97,2.88,2.9,41292604.0,120245880.0
2025-10-28,2.91,2.92,2.88,2.9,31753700.0,92011184.0
2025-10-29,2.89,2.91,2.85,2.9,29277502.0,84443280.0
2025-10-30,3.18,3.19,3.18,3.19,51530640.0,164320144.0
2025-10-31,3.23,3.23,3.08,3.11,166038688.0,522401536.0
2025-11-03,3.21,3.34,3.14,3.18,135768736.0,435831072.0
2025-11-04,3.19,3.27,3.14,3.23,112461872.0,363062912.0
2025-11-05,3.19,3.33,3.16,3.25,98513776.0,321879328.0
2025-11-06,3.25,3.3,3.21,3.25,82134432.0,266846208.0
2025-11-07,3.23,3.29,3.22,3.25,59712804.0,193992384.0
2025-11-10,3.27,3.27,3.2,3.26,52573304.0,170534288.0
2025-11-11,3.26,3.32,3.25,3.31,53400104.0,175928096.0
2025-11-12,3.3,3.32,3.25,3.27,41504108.0,135925264.0
2025-11-13,3.26,3.32,3.21,3.32,48784260.0,159970080.0
2025-11-14,3.31,3.41,3.3,3.35,55202220.0,185730592.0
2025-11-17,3.34,3.42,3.32,3.41,55691816.0,188489312.0
2025-11-18,3.42,3.45,3.23,3.28,85185216.0,280214752.0
2025-11-19,3.28,3.29,3.12,3.15,61018944.0,193716528.0
2025-11-20,3.14,3.21,3.07,3.14,53535700.0,167714592.0
2025-11-21,3.11,3.19,3.03,3.04,54356600.0,168479088.0
2025-11-24,3.03,3.12,3.02,3.08,44204304.0,135734896.0
2025-11-25,3.1,3.14,3.05,3.11,37032300.0,114705136.0
2025-11-26,3.11,3.19,3.1,3.12,44559392.0,139874752.0
2025-11-27,3.09,3.13,3.03,3.11,31501696.0,97547688.0
2025-11-28,3.1,3.15,3.05,3.15,37848184.0,117517976.0
2025-12-01,3.15,3.19,3.11,3.12,40632000.0,127609424.0
2025-12-02,3.11,3.16,3.07,3.15,37756624.0,117818968.0
2025-12-03,3.16,3.18,3.08,3.1,32755976.0,101942456.0
2025-12-04,3.09,3.12,3.03,3.04,34576976.0,105727560.0
2025-12-05,3.04,3.07,2.98,3.06,32047704.0,96919856.0
2025-12-08,3.07,3.12,3.06,3.09,36734360.0,113437064.0
2025-12-09,3.09,3.09,3.0,3.03,34325500.0,104086256.0
2025-12-10,3.03,3.11,2.99,3.07,45103168.0,137015856.0
2025-12-11,3.07,3.07,2.93,2.94,49722800.0,148127968.0
2025-12-12,2.95,2.96,2.91,2.91,50698432.0,148258016.0
2025-12-15,2.89,2.93,2.87,2.9,41631512.0,120801728.0
2025-12-16,2.9,2.93,2.84,2.86,38723728.0,111068520.0
2025-12-17,2.85,2.87,2.79,2.86,36017016.0,102036904.0
2025-12-18,2.83,2.89,2.83,2.85,27929968.0,79984304.0
2025-12-19,2.85,2.93,2.82,2.91,43922700.0,127183504.0
2025-12-22,2.9,2.93,2.86,2.9,29229700.0,84710960.0
2025-12-23,2.91,2.91,2.85,2.86,26936100.0,77281896.0
2025-12-24,2.86,2.88,2.83,2.86,22216844.0,63554664.0
2025-12-25,2.87,2.9,2.86,2.88,27093600.0,77944304.0
2025-12-26,2.88,2.92,2.86,2.89,32789500.0,95066568.0
2025-12-29,2.88,2.9,2.85,2.86,29132200.0,83715624.0
2025-12-30,2.85,2.86,2.81,2.83,26265900.0,74334584.0
2025-12-31,2.85,2.86,2.78,2.85,30827000.0,87156616.0
2026-01-05,2.85,2.89,2.83,2.88,37510104.0,107640800.0
2026-01-06,2.87,2.92,2.87,2.92,39505460.0,114525992.0
2026-01-07,2.91,2.94,2.87,2.88,34633500.0,100234688.0
2026-01-08,2.87,2.95,2.85,2.94,45660480.0,132748952.0
2026-01-09,2.94,2.95,2.9,2.93,31402000.0,91821632.0
2026-01-12,2.92,2.94,2.9,2.94,43007232.0,125710728.0
2026-01-13,2.94,2.96,2.9,2.91,45036700.0,131589640.0
2026-01-14,2.89,2.93,2.8,2.89,50580260.0,146550448.0
2026-01-15,2.87,2.91,2.86,2.88,32586000.0,93981040.0
2026-01-16,2.91,2.94,2.83,2.86,39704808.0,113922432.0
2026-01-19,2.84,2.89,2.82,2.89,30251600.0,86687456.0
2026-01-20,2.9,2.98,2.89,2.96,59264100.0,174406000.0
2026-01-21,2.94,3.02,2.92,3.01,48481692.0,144249536.0
2026-01-22,3.01,3.06,2.97,3.06,41692632.0,126385584.0
2026-01-23,3.08,3.08,3.01,3.07,39416932.0,119892456.0
2026-01-26,3.06,3.07,3.0,3.04,35872672.0,108777952.0
2026-01-27,3.03,3.04,2.94,3.0,36900064.0,109906912.0
2026-01-28,3.01,3.04,2.97,3.01,33267822.0,99990568.0
2026-01-29,3.0,3.16,2.97,3.12,68745784.0,212397184.0
2026-01-30,3.12,3.13,2.97,3.03,54668200.0,165777952.0
2026-02-02,2.8,2.85,2.73,2.73,55919408.0,153730368.0
2026-02-03,2.69,2.71,2.52,2.57,122853664.0,317011744.0
2026-02-04,2.58,2.7,2.54,2.69,98965904.0,261180576.0
2026-02-05,2.67,2.74,2.66,2.7,62798140.0,170221216.0
2026-02-06,2.69,2.74,2.65,2.71,44249856.0,119599800.0
2026-02-09,2.75,2.81,2.73,2.75,42808456.0,118333800.0
2026-02-10,2.77,2.77,2.68,2.69,36637688.0,99080656.0
2026-02-11,2.68,2.71,2.66,2.69,31223200.0,83966104.0
2026-02-12,2.69,2.7,2.62,2.62,30493200.0,80770448.0
2026-02-13,2.64,2.66,2.6,2.61,30601700.0,80338896.0
2026-02-24,2.62,2.65,2.6,2.64,28587820.0,75313632.0
2026-02-25,2.65,2.77,2.64,2.72,40831832.0,111305224.0
2026-02-26,2.72,2.73,2.62,2.63,42993140.0,114144112.0
2026-02-27,2.63,2.67,2.61,2.66,27435700.0,72584840.0
2026-03-02,2.64,2.64,2.56,2.59,39759040.0,103377944.0
2026-03-03,2.6,2.63,2.53,2.54,30183932.0,77721648.0
2026-03-04,2.51,2.55,2.49,2.51,24560432.0,61773080.0
2026-03-05,2.55,2.58,2.53,2.56,27549120.0,70389896.0
2026-03-06,2.54,2.62,2.53,2.62,25544900.0,66043908.0
2026-03-09,2.59,2.65,2.58,2.65,30820942.0,80517832.0
2026-03-10,2.7,2.71,2.58,2.6,55206296.0,144232224.0
2026-03-11,2.59,2.61,2.56,2.61,32756260.0,84844944.0
2026-03-12,2.6,2.65,2.58,2.62,34024860.0,89281632.0
2026-03-13,2.61,2.68,2.61,2.63,37535200.0,99575600.0
2026-03-16,2.65,2.7,2.63,2.68,30269820.0,80854496.0
2026-03-17,2.68,2.76,2.67,2.68,44079940.0,119966048.0
2026-03-18,2.71,2.71,2.62,2.65,30085600.0,79919184.0
2026-03-19,2.63,2.65,2.55,2.57,27388900.0,71032208.0
2026-03-20,2.58,2.59,2.51,2.51,27576300.0,70147920.0
2026-03-23,2.46,2.48,2.35,2.36,37619000.0,90794848.0
2026-03-24,2.41,2.48,2.38,2.48,31718900.0,77142168.0
2026-03-25,2.48,2.55,2.46,2.53,30293300.0,76170320.0
2026-03-26,2.53,2.57,2.48,2.49,26576400.0,66971104.0
2026-03-27,2.47,2.53,2.45,2.53,23280400.0,58176184.0
2026-03-30,2.5,2.53,2.45,2.52,24762500.0,61878344.0
2026-03-31,2.53,2.59,2.48,2.49,31410840.0,79610960.0
2026-04-01,2.53,2.54,2.46,2.48,24755900.0,61472596.0
2026-04-02,2.47,2.49,2.4,2.42,22484900.0,54716028.0
2026-04-03,2.42,2.43,2.33,2.34,22112000.0,52262280.0
2026-04-07,2.34,2.41,2.33,2.41,22990202.0,54825376.0
2026-04-08,2.43,2.5,2.43,2.5,28628000.0,70648304.0
2026-04-09,2.47,2.49,2.42,2.43,22613500.0,55247524.0
2026-04-10,2.45,2.48,2.44,2.44,18568200.0,45663920.0
2026-04-13,2.44,2.5,2.42,2.49,24466800.0,60504536.0
2026-04-14,2.51,2.74,2.48,2.74,87444984.0,231043168.0
2026-04-15,2.75,2.84,2.68,2.69,146631040.0,402577856.0
2026-04-16,2.66,2.71,2.59,2.63,97469680.0,257187056.0
2026-04-17,2.68,2.87,2.65,2.71,129852688.0,355696064.0
2026-04-20,2.64,2.66,2.59,2.61,76130784.0,198896464.0
2026-04-21,2.61,2.63,2.53,2.56,50054700.0,128253064.0
2026-04-22,2.57,2.57,2.48,2.5,45705100.0,114528408.0
2026-04-23,2.51,2.53,2.44,2.46,34248300.0,84521760.0
2026-04-24,2.45,2.47,2.42,2.44,28486100.0,69544800.0
2026-04-27,2.43,2.47,2.38,2.46,31559400.0,76746648.0
2026-04-28,2.45,2.49,2.42,2.44,27447200.0,67188080.0
2026-04-29,2.4,2.49,2.39,2.47,38878200.0,95706552.0
2026-04-30,2.5,2.55,2.45,2.52,47977500.0,120636216.0
2026-05-06,2.52,2.56,2.48,2.55,37769964.0,95328400.0
2026-05-07,2.54,2.56,2.47,2.48,37035360.0,92561224.0
2026-05-08,2.48,2.52,2.47,2.51,35807584.0,89418384.0
2026-05-11,2.5,2.55,2.48,2.53,34770100.0,87531456.0
2026-05-12,2.52,2.54,2.46,2.49,32266240.0,80563304.0
2026-05-13,2.47,2.49,2.43,2.44,25626100.0,62595276.0
2026-05-14,2.43,2.45,2.36,2.36,26637580.0,63528256.0
2026-05-15,2.37,2.38,2.33,2.34,18965584.0,44587132.0
2026-05-18,2.33,2.34,2.29,2.31,19220344.0,44315276.0
2026-05-19,2.32,2.36,2.31,2.35,18046184.0,42172008.0
2026-05-20,2.35,2.35,2.29,2.3,15843644.0,36553532.0
2026-05-21,2.31,2.32,2.21,2.22,21599630.0,48880944.0
2026-05-22,2.23,2.26,2.2,2.26,15837035.0,35324736.0
2026-05-25,2.25,2.32,2.24,2.3,17223922.0,39337108.0
2026-05-26,2.3,2.3,2.23,2.27,14612143.0,32907930.0
2026-05-27,2.26,2.27,2.2,2.2,14281100.0,31710756.0
2026-05-28,2.2,2.25,2.19,2.25,15090462.0,33713512.0
2026-05-29,2.25,2.39,2.25,2.29,36965964.0,85861784.0
2026-06-01,2.28,2.41,2.23,2.38,43793760.0,103193336.0
2026-06-02,2.37,2.62,2.37,2.62,101258640.0,256522688.0
2026-06-03,2.59,2.68,2.46,2.5,131169352.0,331455168.0
2026-06-04,2.45,2.63,2.39,2.51,96669680.0,241789344.0
2026-06-05,2.46,2.62,2.43,2.5,87281664.0,219634288.0
2026-06-08,2.54,2.75,2.53,2.66,176597664.0,475319200.0
2026-06-09,2.58,2.62,2.39,2.46,162132416.0,394681056.0
2026-06-10,2.37,2.51,2.33,2.39,91794760.0,221933008.0
2026-06-11,2.36,2.39,2.28,2.3,62976936.0,145723088.0
2026-06-12,2.31,2.34,2.22,2.33,55581800.0,127707664.0
2026-06-15,2.33,2.39,2.26,2.27,48917700.0,112900976.0
2026-06-16,2.27,2.27,2.2,2.22,38298500.0,84944968.0
2026-06-17,2.22,2.22,2.13,2.14,42357164.0,91143536.0
2026-06-18,2.13,2.14,2.06,2.07,31665792.0,66179092.0
2026-06-22,2.07,2.07,2.0,2.05,35802200.0,72609400.0
2026-06-23,2.03,2.15,2.03,2.09,36493644.0,76777872.0
2026-06-24,2.09,2.11,1.98,2.02,35236164.0,71292568.0
2026-06-25,2.02,2.03,1.98,2.0,22498904.0,44994436.0
2026-06-26,1.99,2.03,1.97,1.98,22962660.0,45898168.0
2026-06-29,1.97,2.03,1.91,2.01,24695500.0,48643756.0
2026-06-30,2.0,2.02,1.96,2.0,17647300.0,35075732.0
2026-07-01,1.99,2.08,1.98,2.07,28901092.0,59189216.0
2026-07-02,2.07,2.12,2.03,2.04,20402364.0,42186664.0
2026-07-03,2.05,2.07,2.02,2.06,18261164.0,37407232.0
2026-07-06,2.05,2.08,2.03,2.04,13772865.0,28230984.0
2026-07-07,2.03,2.04,1.98,1.99,15047800.0,30009258.0
2026-07-08,1.98,2.02,1.96,1.99,14217443.0,28361816.0
2026-07-09,2.0,2.02,1.96,1.98,14054450.0,27912300.0
2026-07-10,1.96,2.08,1.93,2.05,30123050.0,61237532.0
2026-07-13,2.05,2.07,1.98,2.0,19852000.0,39800032.0
2026-07-14,1.99,2.04,1.97,2.04,16503000.0,33181468.0
2026-07-15,2.0,2.1,1.99,2.06,27656800.0,57037764.0
2026-07-16,2.05,2.1,2.02,2.08,26071144.0,54036888.0
2026-07-17,2.07,2.12,2.0,2.0,27255280.0,55760628.0
2026-07-20,1.99,2.06,1.99,2.02,26041100.0,52648060.0
2026-07-21,2.01,2.01,1.94,2.0,28278102.0,56006364.0
2026-07-22,1.99,2.03,1.98,2.0,14606800.0,29271958.0
2026-07-23,2.0,2.05,1.98,2.04,18125640.0,36582000.0
2026-07-24,2.03,2.05,1.98,1.99,15439400.0,30961980.0
2026-07-27,1.99,2.04,1.97,2.03,16304700.0,32960426.0
2026-07-28,2.02,2.08,2.02,2.06,18863000.0,38802584.0
2026-07-29,2.06,2.12,2.05,2.09,24452440.0,51048212.0
2026-07-30,2.09,2.13,2.06,2.09,22496400.0,47119988.0
2026-07-31,2.08,2.11,2.07,2.11,17611476.0,36858376.0
2026-08-03,2.11,2.15,2.1,2.15,17840176.0,38022728.0
2026-08-04,2.16,2.17,2.11,2.12,17193328.0,36587252.0
2026-08-05,2.12,2.13,2.09,2.11,21120428.0,44521648.0
2026-08-06,2.1,2.16,2.08,2.14,32887550.0,69786448.0
2026-08-07,2.14,2.14,2.06,2.09,34726992.0,72497800.0
2026-08-10,2.09,2.15,2.08,2.15,28754492.0,61217896.0
2026-08-11,2.14,2.17,2.11,2.16,20999704.0,45071860.0
2026-08-12,2.16,2.24,2.14,2.21,40710800.0,89313168.0
2026-08-13,2.22,2.22,2.15,2.16,26995304.0,58607124.0
2026-08-14,2.16,2.17,2.09,2.12,26986716.0,57009524.0
2026-08-17,2.11,2.15,2.08,2.14,20170692.0,42903320.0
2026-08-18,2.15,2.16,2.11,2.13,13317500.0,28431564.0
2026-08-19,2.11,2.14,2.07,2.08,17673000.0,37069528.0
2026-08-20,2.08,2.18,2.08,2.16,28759492.0,61498592.0
2026-08-21,2.14,2.15,2.09,2.13,19788380.0,41933360.0
2026-08-24,2.13,2.16,2.08,2.1,17402602.0,36670984.0
2026-08-25,2.1,2.19,2.09,2.18,31491024.0,68084624.0
2026-08-26,2.17,2.22,2.17,2.19,22354900.0,49190616.0
2026-08-27,2.19,2.2,2.16,2.19,13375703.0,29149256.0
2026-08-28,2.19,2.24,2.18,2.22,27952800.0,61943920.0
2026-08-31,2.3,2.34,2.19,2.21,39874384.0,89565464.0
2026-09-01,2.19,2.26,2.18,2.24,37591100.0,83827648.0
2026-09-02,2.22,2.24,2.17,2.22,25078960.0,55153112.0
2026-09-03,2.23,2.26,2.19,2.21,23971500.0,53173480.0
2026-09-04,2.21,2.28,2.2,2.24,29434700.0,66413624.0
