date,open,high,low,close,volume,amount
2017-01-24,0.037054173204207515,0.044479150659249095,0.037054173204207515,0.044479150659249095,115553.0,725012.375
2017-01-25,0.04893413713227404,0.04893413713227404,0.04893413713227404,0.04893413713227404,55220.0,382122.40625
2017-01-26,0.05381340803130137,0.05381340803130137,0.05381340803130137,0.05381340803130137,159972.0,1217386.875
2017-02-03,0.05918767742733146,0.05918767742733146,0.05918767742733146,0.05918767742733146,936050.0,7834738.5
2017-02-06,0.06456194682336157,0.06512765939136474,0.06123838548634295,0.06512765939136474,69685104.0,625461824.0
2017-02-07,0.0657640860303683,0.07163335392340117,0.06512765939136474,0.07163335392340117,98646152.0,967885824.0
2017-02-08,0.07021907250339324,0.0780683343844372,0.06668336895337344,0.07396691826641424,99179152.0,996412544.0
2017-02-09,0.07142121171039997,0.07333049162741066,0.0707847850713964,0.071067641355398,64016360.0,650106048.0
2017-02-10,0.07156263985240076,0.07820976252643799,0.071067641355398,0.07820976252643799,75421784.0,814097792.0
2017-02-13,0.08605902440748195,0.08605902440748195,0.08605902440748195,0.08605902440748195,4693255.0,57116912.0
2017-02-14,0.09468614106953027,0.09468614106953027,0.0907261530935081,0.09468614106953027,48812532.0,651916928.0
2017-02-15,0.10253540295057423,0.10416182658358333,0.09815113054854968,0.10416182658358333,42123660.0,611262080.0
2017-02-16,0.11455679502064155,0.11455679502064155,0.11455679502064155,0.11455679502064155,36163020.0,585840896.0
2017-02-17,0.1260124745227057,0.1260124745227057,0.1260124745227057,0.1260124745227057,9191760.0,163797168.0
2017-02-20,0.12466890717369818,0.13796315252177263,0.11455679502064155,0.13386173640374965,75433736.0,1324248576.0
2017-02-21,0.13343745197774728,0.13902386358677857,0.12721461372971243,0.13824600880577423,61177932.0,1164476416.0
2017-02-22,0.13258888312574252,0.13577101632076036,0.12905317957572274,0.13004317656972827,44348972.0,825641408.0
2017-02-23,0.12721461372971243,0.13336673790674689,0.12233534283068512,0.13046746099573064,40304692.0,728879680.0
2017-02-24,0.12728532780071283,0.12869960922072074,0.11865821113866452,0.12240605690168549,58446420.0,1015000320.0
2017-02-27,0.11901178149366648,0.12339605389569104,0.11455679502064155,0.1188703533516657,54845612.0,917993536.0
2017-02-28,0.11674893122165383,0.1276388981557148,0.11674893122165383,0.12438605088969659,55280288.0,968333184.0
2017-03-01,0.13435673490075242,0.1368317273857663,0.13364959419074846,0.1368317273857663,50465200.0,969969088.0
2017-03-02,0.13577101632076036,0.1505502571598431,0.1350638756107564,0.15040882901784233,109817016.0,2303456256.0
2017-03-03,0.14835812095883086,0.16532949799892588,0.13789243845077223,0.16264236330091084,77743344.0,1748303232.0
2017-03-06,0.1579752346148847,0.1648344995019231,0.15062097123084353,0.15910665975089103,41990064.0,948619904.0
2017-03-07,0.1490652616688348,0.16101593966790173,0.14842883502983123,0.1579045205438843,45263472.0,981993536.0
2017-03-08,0.15663166726587716,0.1736737583769726,0.15316667778685777,0.17360304430597223,75857376.0,1809982592.0
2017-03-09,0.1687237734069449,0.1755830382939833,0.16730949198693698,0.17522946793898134,38890132.0,948614848.0
2017-03-10,0.17254233324096627,0.18590729266004113,0.16441021507592074,0.17777517449499558,48851092.0,1206251904.0
2017-03-13,0.17438089908697657,0.17890659963100192,0.17112805182095836,0.17593660864898528,25710222.0,635708864.0
2017-03-14,0.17438089908697657,0.17961374034100588,0.17126947996295913,0.17678517750099004,26110364.0,648111424.0
2017-03-15,0.1830080157490249,0.19092799170106925,0.18025016698000942,0.1897258524940625,36201492.0,952695488.0
2017-03-16,0.18597800673104153,0.20867722352216866,0.18512943787903677,0.20825293909616627,53530604.0,1540760192.0
2017-04-05,0.18746300222204984,0.21574863062220825,0.18746300222204984,0.21178864264618608,54106724.0,1542773760.0
2017-04-06,0.2042222370491437,0.2113643582201837,0.19906010986611478,0.20224224306113261,25097552.0,725918272.0
2017-04-07,0.19092799170106925,0.19601940481309774,0.18201801875501933,0.18201801875501933,49106456.0,1283993984.0
2017-04-10,0.17324947395097023,0.17324947395097023,0.16384450250791757,0.16384450250791757,64281456.0,1498092672.0
2017-04-11,0.15903594567989063,0.15903594567989063,0.1474388380358257,0.15062097123084353,101678784.0,2143774080.0
2017-04-12,0.14842883502983123,0.15528809991686965,0.1457417003318162,0.148923833526834,66769072.0,1426176768.0
2017-04-13,0.14142814200079204,0.1475802661778265,0.14142814200079204,0.14376170634380508,46243980.0,942463680.0
2017-04-14,0.14496384555081182,0.14694383953882292,0.13718529774076826,0.13753886809577023,40810504.0,822277504.0
2017-04-17,0.12679032930371006,0.1294067499307247,0.12382033832169344,0.12382033832169344,14847600.0,262052736.0
2017-04-18,0.11455679502064155,0.12127463176567915,0.11321322767163404,0.11498107944664393,46955740.0,777448000.0
2017-04-19,0.11505179351764432,0.12650747301970847,0.11505179351764432,0.12650747301970847,66123020.0,1148078336.0
2017-04-20,0.12785104036871597,0.134993161539756,0.124456764960697,0.13138674391873578,82969032.0,1531836928.0
2017-04-21,0.1289824655047223,0.13060888913773144,0.124456764960697,0.12537604788370213,38509592.0,696054272.0
2017-04-24,0.12537604788370213,0.1315281720607366,0.12495176345769977,0.12877032329172114,44186716.0,801410368.0
2017-04-25,0.1276388981557148,0.1297603202857267,0.120708919197676,0.1281338966527176,40765860.0,727473920.0
2017-04-26,0.1263660448777077,0.13067960320873184,0.1241739086766954,0.12686104337471046,37604744.0,679001472.0
2017-04-27,0.12382033832169344,0.1315281720607366,0.11823392671266213,0.12841675293671917,51881040.0,920123456.0
2017-04-28,0.1276388981557148,0.13987243243878333,0.12587104638070493,0.13400316454575045,65580000.0,1238763776.0
2017-05-02,0.131245315776735,0.1349224474687556,0.1296896062147263,0.13294245348074452,40109484.0,750645056.0
2017-05-03,0.1315281720607366,0.13916529172877937,0.1309624594927334,0.13386173640374965,47276480.0,904195520.0
2017-05-04,0.13082103135073264,0.13789243845077223,0.1259417604517053,0.1349224474687556,50055700.0,931204992.0
2017-05-05,0.13294245348074452,0.13746815402476986,0.12905317957572274,0.12926532178872394,45073888.0,858456000.0
2017-05-08,0.12332533982469066,0.12657818709070887,0.11632464679565144,0.11632464679565144,40864896.0,700179456.0
2017-05-09,0.11335465581363482,0.124456764960697,0.11335465581363482,0.12275962725668749,36407720.0,617467264.0
2017-05-10,0.12056749105567521,0.1350638756107564,0.12056749105567521,0.1350638756107564,41962444.0,765808768.0
2017-05-11,0.13789243845077223,0.14241813899479758,0.13082103135073264,0.13966029022578214,93515168.0,1832202496.0
2017-05-12,0.135346731894758,0.14991383052083954,0.135346731894758,0.14255956713679838,81107608.0,1638029312.0
2017-05-15,0.1386702932317766,0.14333742191780272,0.13577101632076036,0.13958957615478174,54292008.0,1068717696.0
2017-05-16,0.13824600880577423,0.1402967168647857,0.13364959419074846,0.13966029022578214,48142108.0,934650560.0
2017-05-17,0.1371145836697679,0.14708526768082372,0.13541744596575836,0.1435495641308039,65558948.0,1318017408.0
2017-05-18,0.14057957314878727,0.14277170934979957,0.1291946077177235,0.1291946077177235,55167948.0,1056288768.0
2017-05-19,0.12410319460569501,0.1291946077177235,0.11809249857066134,0.12424462274769581,41866592.0,733581888.0
2017-05-22,0.12424462274769581,0.12834603886571877,0.12339605389569104,0.1260124745227057,28871750.0,516386432.0
2017-05-23,0.12516390567070093,0.1260124745227057,0.11632464679565144,0.11674893122165383,30839476.0,524637280.0
2017-05-24,0.11604179051164987,0.11604179051164987,0.10621253464259481,0.11215251660662807,29341484.0,463850464.0
2017-05-25,0.11243537289062967,0.11986035034567125,0.11243537289062967,0.11802178449966096,35392464.0,584521408.0
2017-05-26,0.11816321264166176,0.11929463777766809,0.11349608395563561,0.11427393873663996,27185776.0,443449504.0
2017-05-31,0.11703178750565542,0.11879963928066531,0.11413251059463918,0.11427393873663996,20502412.0,336827328.0
2017-06-01,0.11278894324563164,0.1151932216596451,0.10607110650059402,0.10635396278459561,23325070.0,363867584.0
2017-06-02,0.1065661049975968,0.10734395977860114,0.0976561320515469,0.10444468286758492,26355832.0,381336832.0
2017-06-05,0.10394968437058213,0.10663681906859719,0.10253540295057423,0.10493968136458769,17330776.0,256908032.0
2017-06-06,0.10387897029958175,0.10465682508058612,0.09977755418155877,0.10204040445357145,20042428.0,289036096.0
2017-06-07,0.10239397480857343,0.11222323067762847,0.10239397480857343,0.11222323067762847,28522574.0,439192128.0
2017-06-08,0.11618321865365065,0.11795107042866056,0.11229394474862887,0.11349608395563561,51807512.0,842131840.0
2017-06-09,0.1136375120976364,0.11441536687864075,0.10889966934060986,0.11201108846462729,29052788.0,456435264.0
2017-06-12,0.11031395076061778,0.11660750307965302,0.10826324270160631,0.11215251660662807,31134340.0,498240928.0
2017-06-13,0.11059680704461937,0.11653678900865264,0.10925323969561183,0.1136375120976364,26856820.0,427891808.0
2017-06-14,0.11243537289062967,0.11632464679565144,0.1118696603226265,0.11413251059463918,26876140.0,434695680.0
2017-06-15,0.11314251360063363,0.124456764960697,0.11314251360063363,0.11872892520966491,47120136.0,786722112.0
2017-06-16,0.11632464679565144,0.11802178449966096,0.1153346498016459,0.11590036236964907,29948598.0,493046368.0
2017-06-19,0.11434465280764038,0.11766821414465897,0.11434465280764038,0.1153346498016459,18002820.0,294840384.0
2017-06-20,0.1153346498016459,0.12007249255867244,0.1153346498016459,0.11901178149366648,31992244.0,531834368.0
2017-06-21,0.1190824955646669,0.12007249255867244,0.11625393272465107,0.116961073434655,27689624.0,461655776.0
2017-06-22,0.11491036537564353,0.11986035034567125,0.11491036537564353,0.1154053638726463,28478836.0,473214400.0
2017-06-23,0.12128109388705,0.12128109388705,0.11299480796930123,0.11849388862380723,26246500.0,409846880.0
2017-06-26,0.11811723926390955,0.11939784708756163,0.11698729118421654,0.11864454836776629,14681061.0,230198000.0
2017-06-27,0.11826789900786862,0.12293835107059975,0.11819256913588909,0.11962383670350024,18901768.0,301736032.0
2017-06-28,0.11879520811172536,0.12429428876623136,0.11683663144025747,0.1210551042711114,25464216.0,411215776.0
2017-06-29,0.12022647567933652,0.12143175363100907,0.11871987823974582,0.11947317695954117,17648768.0,280583040.0
2017-06-30,0.11871987823974582,0.12022647567933652,0.11751460028807328,0.11841855875182769,12595286.0,198646192.0
2017-07-03,0.11864454836776629,0.11947317695954117,0.11766526003203234,0.11902119772766397,9561664.0,150458512.0
2017-07-04,0.11871987823974582,0.12339033030247694,0.11834322887984816,0.12143175363100907,25526668.0,410655584.0
2017-07-05,0.12128109388705,0.122411041966743,0.11947317695954117,0.12180840299090674,22347404.0,359226720.0
2017-07-06,0.12165774324694766,0.12316434068653835,0.1206784549112137,0.1217330731189272,19225032.0,310892896.0
2017-07-07,0.12580088620582203,0.12806078236520807,0.12263703158268162,0.12316434068653835,33381682.0,553769664.0
2017-07-10,0.12128109388705,0.12143175363100907,0.11789124964797096,0.1193225172155821,22314742.0,353837248.0
2017-07-11,0.11758993016005281,0.12090444452715232,0.11758993016005281,0.11894586785568442,15704650.0,249460432.0
2017-07-12,0.11902119772766397,0.12015114580735697,0.11563135348858493,0.11698729118421654,16609618.0,259162640.0
2017-07-13,0.11713795092817561,0.12180840299090674,0.11322079758523983,0.12090444452715232,33527748.0,530787808.0
2017-07-14,0.12052779516725465,0.12052779516725465,0.11781591977599143,0.11826789900786862,17431342.0,275396096.0
2017-07-17,0.11849388862380723,0.12339033030247694,0.10757105718677477,0.11450140540889191,33852232.0,532983904.0
2017-07-18,0.10922831437032453,0.11495338464076912,0.10922831437032453,0.11261815860940355,16458473.0,245062000.0
2017-07-19,0.1129194780973217,0.11442607553691238,0.11171420014564916,0.11404942617701472,16513404.0,248168336.0
2017-07-20,0.11344678720117844,0.11525470412868727,0.11246749886544449,0.11322079758523983,18439192.0,278867904.0
2017-07-21,0.1129194780973217,0.1129194780973217,0.10952963385824266,0.1098309533461608,16075218.0,236747872.0
2017-07-24,0.10885166501042685,0.1098309533461608,0.10772171693073385,0.1089269948824064,11668800.0,168385648.0
2017-07-25,0.1089269948824064,0.11209084950554683,0.1089269948824064,0.10975562347418126,12371691.0,181449536.0
2017-07-26,0.10885166501042685,0.1107349118099152,0.1062904493631227,0.10749572731479523,13750128.0,197323536.0
2017-07-27,0.10772171693073385,0.11043359232199708,0.10455786230759341,0.10862567539448825,16236091.0,231359744.0
2017-07-28,0.1080983662906315,0.10839968577854965,0.10644110910708177,0.1065164389790613,9853452.0,140202256.0
2017-07-31,0.10606445974718409,0.10734506757083617,0.10561248051530688,0.10659176885104084,9020820.0,127422936.0
2017-08-01,0.10613978961916362,0.11661064182431888,0.10591380000322502,0.11163887027366962,33593212.0,500015232.0
2017-08-02,0.11005694296209939,0.11668597169629841,0.10907765462636546,0.11352211707315797,33501422.0,500340800.0
2017-08-03,0.11201551963356728,0.11261815860940355,0.10998161309011986,0.11035826245001754,17949884.0,264774864.0
2017-08-04,0.11013227283407893,0.11201551963356728,0.10847501565052918,0.10847501565052918,12400812.0,180994768.0
2017-08-07,0.10757105718677477,0.109152984498345,0.1071944078268771,0.10855034552250872,7828966.0,112341640.0
2017-08-08,0.10885166501042685,0.10885166501042685,0.1069684182109385,0.10779704680271338,9235746.0,132053360.0
2017-08-09,0.10772171693073385,0.1080983662906315,0.10681775846697943,0.10711907795489757,7563730.0,107687552.0
2017-08-10,0.10711907795489757,0.11103623129783334,0.10711907795489757,0.10772171693073385,14888536.0,214771808.0
2017-08-11,0.1069684182109385,0.10704374808291804,0.10455786230759341,0.10478385192353201,12701156.0,178280528.0
2017-08-14,0.10455786230759341,0.1062904493631227,0.10425654281967527,0.10598912987520456,6555440.0,92061144.0
2017-08-15,0.10644110910708177,0.10885166501042685,0.10606445974718409,0.1067424285949999,13646448.0,194853712.0
2017-08-16,0.10613978961916362,0.10772171693073385,0.10531116102738876,0.10734506757083617,11181293.0,157908160.0
2017-08-17,0.10689308833895896,0.10779704680271338,0.10613978961916362,0.10704374808291804,9744601.0,138114432.0
2017-08-18,0.1069684182109385,0.10734506757083617,0.10606445974718409,0.10659176885104084,8265254.0,116965176.0
2017-08-21,0.1062904493631227,0.10802303641865198,0.1062904493631227,0.10802303641865198,9910530.0,140999520.0
2017-08-22,0.10832435590657012,0.11284414822534217,0.1069684182109385,0.10990628321814033,24859852.0,363227232.0
2017-08-23,0.10847501565052918,0.11578201323254399,0.10817369616261104,0.11171420014564916,34351976.0,510182656.0
2017-08-24,0.11088557155387428,0.11367277681711704,0.10824902603459058,0.10847501565052918,23526808.0,344812320.0
2017-08-25,0.10734506757083617,0.11133755078575147,0.1069684182109385,0.10930364424230406,18855528.0,273633344.0
2017-08-28,0.1089269948824064,0.12022647567933652,0.10847501565052918,0.11781591977599143,62872828.0,968753024.0
2017-08-29,0.11570668336056446,0.11661064182431888,0.11412475604899425,0.11480272489681005,42982492.0,658400960.0
2017-08-30,0.11404942617701472,0.1160080028484826,0.11261815860940355,0.1135974469451375,25409812.0,385273696.0
2017-08-31,0.1131454677132603,0.11676130156827794,0.11261815860940355,0.11517937425670771,24700372.0,376393280.0
2017-09-01,0.1138234365610761,0.11480272489681005,0.11261815860940355,0.11352211707315797,19215480.0,289320224.0
2017-09-04,0.11276881835336264,0.11276881835336264,0.1107349118099152,0.11171420014564916,16055401.0,237644704.0
2017-09-05,0.11171420014564916,0.11367277681711704,0.11133755078575147,0.11186485988960822,14841850.0,221538176.0
2017-09-06,0.11194018976158775,0.11261815860940355,0.110282932578038,0.11126222091377194,12388767.0,182541104.0
2017-09-07,0.11043359232199708,0.11194018976158775,0.11043359232199708,0.11103623129783334,12328586.0,182063440.0
2017-09-08,0.11133755078575147,0.11261815860940355,0.11065958193793567,0.11141288065773101,11341939.0,168023872.0
2017-09-11,0.11141288065773101,0.11307013784128077,0.11096090142585381,0.11178953001762869,10918503.0,162165472.0
2017-09-12,0.11261815860940355,0.1129194780973217,0.11035826245001754,0.11148821052971056,14357010.0,211934672.0
2017-09-13,0.11096090142585381,0.11397409630503519,0.1098309533461608,0.11224150924950589,18612742.0,276635040.0
2017-09-14,0.11148821052971056,0.11216617937752636,0.11035826245001754,0.11065958193793567,11958914.0,176289296.0
2017-09-15,0.11050892219397661,0.11133755078575147,0.10975562347418126,0.11065958193793567,8669284.0,127296672.0
2017-09-18,0.11020760270605848,0.11171420014564916,0.10990628321814033,0.1107349118099152,8885784.0,130810344.0
2017-09-19,0.11111156116981288,0.11284414822534217,0.11065958193793567,0.11178953001762869,14817392.0,220146080.0
2017-09-20,0.11111156116981288,0.11148821052971056,0.10968029360220173,0.1107349118099152,13096778.0,191833696.0
2017-09-21,0.11035826245001754,0.11261815860940355,0.10968029360220173,0.1107349118099152,15097878.0,222717472.0
2017-09-22,0.10990628321814033,0.11156354040169009,0.10817369616261104,0.10817369616261104,14649378.0,213376192.0
2017-09-25,0.1076463870587543,0.1076463870587543,0.1016953271723711,0.10290060512404366,20710816.0,286612736.0
2017-09-26,0.10252395576414598,0.10357857397185946,0.09868213229318974,0.10064070896465763,12305066.0,165225888.0
2017-09-27,0.1003393894767395,0.10192131678830971,0.09951076088496462,0.1010173583245553,8516336.0,114067096.0
2017-09-28,0.10064070896465763,0.10177065704435063,0.09898345178110789,0.09905878165308742,8519661.0,113168992.0
2017-09-29,0.09928477126902602,0.10237329602018691,0.09928477126902602,0.10154466742841205,11642921.0,156523536.0
2017-10-09,0.10855034552250872,0.1107349118099152,0.10297593499602319,0.10365390384383899,21791760.0,308599552.0
2017-10-10,0.10161999730039158,0.10448253243561387,0.1012433479404939,0.10365390384383899,14288078.0,194385472.0
2017-10-11,0.10335258435592086,0.1043318726916548,0.10259928563612551,0.10350324409987993,10025566.0,137646816.0
2017-10-12,0.10312659473998226,0.10350324409987993,0.10177065704435063,0.10199664666028924,7530408.0,102407088.0
2017-10-13,0.10214730640424832,0.1034279142279004,0.10192131678830971,0.10290060512404366,6727149.0,91780784.0
2017-10-16,0.10237329602018691,0.10583847013124549,0.10192131678830971,0.10538649089936829,20405942.0,283190496.0
2017-10-17,0.10546182077134782,0.1062904493631227,0.10365390384383899,0.10403055320373668,13673879.0,189902464.0
2017-10-18,0.10320192461196179,0.10455786230759341,0.10207197653226878,0.10222263627622785,10244100.0,140444912.0
2017-10-19,0.1016953271723711,0.10207197653226878,0.09913411152506695,0.10018872973278044,11219711.0,149129744.0
2017-10-20,0.09966142062892369,0.10214730640424832,0.09928477126902602,0.10207197653226878,8039099.0,107655832.0
2017-10-23,0.10214730640424832,0.10372923371581853,0.10071603883663716,0.10109268819653483,9792454.0,131976176.0
2017-10-24,0.10041471934871903,0.10131867781247343,0.09973675050090322,0.10071603883663716,6963033.0,92904936.0
2017-10-25,0.1005653790926781,0.10199664666028924,0.09996274011684182,0.1007913687086167,7290036.0,97683088.0
2017-10-26,0.1003393894767395,0.10161999730039158,0.09943543101298508,0.10109268819653483,8201571.0,109509720.0
2017-10-27,0.10026405960475997,0.10282527525206413,0.10026405960475997,0.10131867781247343,13351377.0,180863680.0
2017-10-30,0.1005653790926781,0.1005653790926781,0.09423766984639723,0.09446365946233583,16304976.0,208257168.0
2017-10-31,0.09423766984639723,0.0952922880541107,0.09160112432711354,0.0939363503584791,8031694.0,99853560.0
2017-11-01,0.09333371138264282,0.09559360754202884,0.09325838151066329,0.09544294779806978,8531229.0,107066024.0
2017-11-02,0.0955182776700493,0.09710020498161953,0.09401168023045862,0.09431299971837676,10803692.0,136597104.0
2017-11-03,0.09371036074254048,0.0939363503584791,0.09099848535127726,0.09145046458315446,8649300.0,105607256.0
2017-11-06,0.09054650611940004,0.09476497895025397,0.09054650611940004,0.09167645419909307,4958700.0,60320344.0
2017-11-07,0.09190244381503167,0.09340904125462235,0.08979320739960471,0.09205310355899074,10999284.0,133669176.0
2017-11-08,0.0917517840710726,0.09544294779806978,0.09137513471117494,0.09423766984639723,14204988.0,175899696.0
2017-11-09,0.09363503087056095,0.0952922880541107,0.09235442304690887,0.0931077217667042,12758208.0,158728560.0
2017-11-10,0.09265574253482702,0.09295706202274515,0.09152579445513401,0.0917517840710726,7884599.0,96202136.0
2017-11-13,0.09160112432711354,0.09777817382943534,0.09129980483919539,0.09453898933431537,22118594.0,279313664.0
2017-11-14,0.09318305163868375,0.09325838151066329,0.09160112432711354,0.09190244381503167,12483938.0,152663072.0
2017-11-15,0.09160112432711354,0.09258041266284747,0.09077249573533866,0.09092315547929773,6669399.0,81019128.0
2017-11-16,0.09039584637544099,0.09039584637544099,0.0851227553368736,0.08527341508083267,15494659.0,179592608.0
2017-11-17,0.0853487449528122,0.08790996060011635,0.0798496642983062,0.08195890071373317,13130038.0,148213552.0
2017-11-20,0.0798496642983062,0.08030164353018342,0.07532987197953415,0.07954834481038807,11574006.0,119834544.0
2017-11-21,0.0796236746823676,0.08037697340216295,0.07834306685871552,0.079397685066429,7543231.0,79631904.0
2017-11-22,0.07932235519444945,0.08090428250601968,0.07909636557851087,0.0796236746823676,8135268.0,86420224.0
2017-11-23,0.0796236746823676,0.0796236746823676,0.07532987197953415,0.07548053172349321,10113599.0,103236280.0
2017-11-24,0.07419992389984113,0.07608317069932949,0.07419992389984113,0.07450124338775928,6282278.0,62336036.0
2017-11-27,0.07397393428390255,0.07450124338775928,0.07224134722837325,0.07306997582014813,7653810.0,74182192.0
2017-11-28,0.07314530569212767,0.0736726147959844,0.07276865633223,0.0734466251800458,5189088.0,50515920.0
2017-11-29,0.0729946459481686,0.08082895263404015,0.0729946459481686,0.08082895263404015,27170996.0,284668704.0
2017-11-30,0.08082895263404015,0.0888892489358503,0.07992499417028573,0.0888892489358503,45273892.0,506603008.0
2017-12-01,0.08964254765564565,0.09167645419909307,0.08640336316052569,0.08640336316052569,42070492.0,494564672.0
2017-12-04,0.0862527034165666,0.08851259957595263,0.08384214751322153,0.0877593008561573,29711086.0,337575008.0
2017-12-05,0.08647869303250522,0.09160112432711354,0.08474610597697592,0.08798529047209588,36443368.0,426235360.0
2017-12-06,0.08640336316052569,0.08994386714356378,0.08436945661707825,0.08572539431270987,24167214.0,277529344.0
2017-12-07,0.08452011636103733,0.08934122816772751,0.08452011636103733,0.08730732162428008,26241924.0,305156544.0
2017-12-08,0.08685534239240288,0.0884372697039731,0.08474610597697592,0.08760864111219822,21797860.0,250663392.0
2017-12-11,0.08632803328854614,0.08738265149625962,0.0853487449528122,0.08678001252042335,16373965.0,187642480.0
2017-12-12,0.08662935277646427,0.08662935277646427,0.08000032404226527,0.08067829289008109,20896852.0,232757744.0
2017-12-13,0.07969900455434714,0.08180824096977408,0.07766509801089971,0.07977433442632667,18234660.0,192716064.0
2017-12-14,0.0796236746823676,0.08369148776926244,0.0791716954504904,0.08105494224997875,19849602.0,215026816.0
2017-12-15,0.07992499417028573,0.08346549815332384,0.07992499417028573,0.08165758122581503,17979988.0,195609312.0
2017-12-18,0.08120560199393781,0.0815822513538355,0.07668580967516576,0.07834306685871552,14645657.0,154374640.0
2017-12-19,0.0789457058345518,0.08617737354458707,0.07849372660267459,0.08617737354458707,28020900.0,309050560.0
2017-12-20,0.08700600213636195,0.08881391906387076,0.08527341508083267,0.0862527034165666,37569568.0,434175584.0
2017-12-21,0.086026713800628,0.09145046458315446,0.08444478648905779,0.08806062034407543,35981384.0,422894240.0
2017-12-22,0.08685534239240288,0.08753331124021868,0.08519808520885314,0.08632803328854614,21597672.0,247265792.0
2017-12-25,0.08489676572093499,0.08941655803970704,0.08399280725718059,0.08738265149625962,27422532.0,317932736.0
2017-12-26,0.0862527034165666,0.09122447496721586,0.0851227553368736,0.08949188791168658,33037416.0,390112192.0
2017-12-27,0.08813595021605496,0.09001919701554331,0.0862527034165666,0.08760864111219822,22860642.0,266434656.0
2017-12-28,0.08678001252042335,0.09499096856619256,0.08610204367260754,0.08903990867980938,35092928.0,420201504.0
2017-12-29,0.08723199175230055,0.09032051650346146,0.08723199175230055,0.08828660996001403,21560810.0,253752944.0
2018-01-02,0.0869306722643824,0.08949188791168658,0.0867046826484438,0.08745798136823915,19717944.0,229749200.0
2018-01-03,0.08738265149625962,0.0888892489358503,0.08482143584895546,0.08881391906387076,27275166.0,315167232.0
2018-01-04,0.0884372697039731,0.09401168023045862,0.08708133200834149,0.09227909317492934,44614080.0,539113728.0
2018-01-05,0.09092315547929773,0.09152579445513401,0.08986853727158424,0.09054650611940004,24278932.0,292130144.0
2018-01-08,0.08964254765564565,0.09167645419909307,0.08926589829574796,0.09039584637544099,14872367.0,178116816.0
2018-01-09,0.08994386714356378,0.09333371138264282,0.08971787752762518,0.09129980483919539,22563746.0,274154432.0
2018-01-10,0.09114914509523632,0.09303239189472468,0.0888892489358503,0.09250508279086794,28524992.0,345922240.0
2018-01-11,0.09129980483919539,0.09258041266284747,0.09039584637544099,0.09114914509523632,18633764.0,225379968.0
2018-01-12,0.09039584637544099,0.09152579445513401,0.08858792944793216,0.0886632593199117,15248800.0,181520912.0
2018-01-15,0.0886632593199117,0.0886632593199117,0.0820342305857127,0.08301351892144664,19045614.0,215833296.0
2018-01-16,0.08113027212195828,0.08346549815332384,0.08060296301810153,0.0831641786654057,13186720.0,143914304.0
2018-01-17,0.08339016828134431,0.09145046458315446,0.08301351892144664,0.09145046458315446,18690774.0,224342608.0
2018-01-18,0.0941623399744177,0.1005653790926781,0.09197777368701121,0.1005653790926781,81461560.0,1059025088.0
2018-01-19,0.10847501565052918,0.11065958193793567,0.10320192461196179,0.11065958193793567,46121864.0,663625152.0
2018-01-22,0.11525470412868727,0.1217330731189272,0.109152984498345,0.10952963385824266,98753808.0,1511134720.0
2018-01-23,0.09860680242121021,0.11661064182431888,0.09860680242121021,0.11126222091377194,94378320.0,1337177984.0
2018-01-24,0.10011339986080088,0.10011339986080088,0.10011339986080088,0.10011339986080088,19355900.0,257239904.0
2018-01-25,0.09009452688752285,0.09009452688752285,0.09009452688752285,0.09009452688752285,12790800.0,152977968.0
2018-01-26,0.08105494224997875,0.09009452688752285,0.08105494224997875,0.08587605405666894,309146656.0,3429833728.0
2018-01-29,0.08067829289008109,0.08188357084175361,0.07781575775485879,0.07819240711475646,224455648.0,2388973312.0
2018-01-30,0.07683646941912484,0.08045230327414248,0.07615850057130903,0.07977433442632667,126390792.0,1323099008.0
2018-01-31,0.07834306685871552,0.08045230327414248,0.07758976813892018,0.07887037596257226,91387080.0,955010112.0
2018-02-01,0.07826773698673599,0.07864438634663365,0.07276865633223,0.07382327453994347,104814760.0,1051891392.0
2018-02-02,0.07306997582014813,0.07389860441192302,0.07096073940472117,0.07186469786847557,73113656.0,700805952.0
2018-02-05,0.0705840900448235,0.0765351499312067,0.06930348222117141,0.07442591351577975,86080368.0,846074368.0
2018-02-06,0.07216601735639372,0.07668580967516576,0.07163870825253697,0.07209068748441419,82227984.0,809959680.0
2018-02-07,0.07382327453994347,0.07645982005922718,0.07269332646025047,0.07487789274765695,90396464.0,892138240.0
2018-02-08,0.0741245940278616,0.07480256287567741,0.07231667710035279,0.07359728492400487,63481080.0,617466304.0
2018-02-09,0.07148804850857791,0.07269332646025047,0.06644094708594912,0.0677215549096012,67678560.0,624751168.0
2018-02-12,0.06824886401345795,0.07103606927670071,0.06742023542168306,0.06937881209315096,49046452.0,448725856.0
2018-02-13,0.06975546145304863,0.07088540953274164,0.0679475445255398,0.06824886401345795,47663232.0,439654880.0
2018-02-14,0.0679475445255398,0.0687761731173147,0.06711891593376493,0.06757089516564214,29975768.0,269632288.0
2018-02-22,0.06855018350137608,0.06952947183711003,0.06824886401345795,0.06915282247721236,38275800.0,349492928.0
2018-02-23,0.06885150298929422,0.07028277055690536,0.06862551337335561,0.06998145106898722,45581888.0,420633184.0
2018-02-26,0.07043343030086444,0.07261799658827094,0.06930348222117141,0.07239200697233232,67551800.0,638683456.0
2018-02-27,0.07246733684431185,0.0751792122355751,0.07156337838055744,0.0736726147959844,87907656.0,858033088.0
2018-02-28,0.07246733684431185,0.0734466251800458,0.07163870825253697,0.07254266671629139,54852472.0,527228544.0
2018-03-01,0.07163870825253697,0.0736726147959844,0.07133738876461886,0.07337129530806627,51861844.0,502275584.0
2018-03-02,0.07239200697233232,0.07683646941912484,0.07178936799649605,0.07382327453994347,82706168.0,816004800.0
2018-03-05,0.07314530569212767,0.0743505836438002,0.07231667710035279,0.07261799658827094,48471844.0,469156832.0
2018-03-06,0.07291931607618905,0.07502855249161602,0.07224134722837325,0.07472723300369788,72037544.0,705180992.0
2018-03-07,0.07578185121141136,0.07661047980318623,0.07314530569212767,0.0732206355641072,80355072.0,796941824.0
2018-03-08,0.07231667710035279,0.07419992389984113,0.07209068748441419,0.07352195505202533,45704936.0,444441728.0
2018-03-09,0.07314530569212767,0.07427525377182068,0.07276865633223,0.07404926415588207,54764388.0,534853184.0
2018-03-12,0.07450124338775928,0.07510388236359555,0.07329596543608674,0.07457657325973882,71868648.0,708634752.0
2018-03-13,0.07465190313171835,0.07758976813892018,0.07442591351577975,0.07548053172349321,107725280.0,1086603648.0
2018-03-14,0.07487789274765695,0.07487789274765695,0.07201535761243466,0.07261799658827094,91296576.0,886876672.0
2018-03-15,0.07005678094096678,0.0701321108129463,0.06561231849417426,0.0670435860617854,100511040.0,901048320.0
2018-03-16,0.06674226657386725,0.06749556529366262,0.0663656172139696,0.06666693670188772,39258816.0,348578080.0
2018-03-19,0.06681759644584678,0.06696825618980587,0.06463303015844031,0.06598896785407192,33800564.0,295455840.0
2018-03-20,0.06531099900625612,0.06696825618980587,0.0648590197743789,0.0665916068299082,39649888.0,346236064.0
2018-03-21,0.06613962759803098,0.06809820426949886,0.06583830811011285,0.06606429772605145,44558104.0,396033504.0
2018-03-22,0.06576297823813332,0.06644094708594912,0.06448237041448124,0.06478368990239937,41918888.0,363168384.0
2018-03-23,0.062373133999054274,0.062373133999054274,0.05830532091215944,0.05838065078413897,61713784.0,494074688.0
2018-03-26,0.05642207411267108,0.06079120668748406,0.05574410526485528,0.05943526899185245,46141152.0,356772896.0
2018-03-27,0.060188567711647795,0.06207181451113614,0.05958592873581152,0.0608665365594636,41869500.0,338198944.0
2018-03-28,0.05988724822372966,0.06696825618980587,0.05958592873581152,0.0639550613106245,94393608.0,812190848.0
2018-03-29,0.061770495023218,0.06508500939031751,0.061544505407279404,0.06403039118260404,68165816.0,570611328.0
2018-03-30,0.06327709246280869,0.06470836003041984,0.06327709246280869,0.06342775220676776,36449200.0,308435136.0
2018-04-02,0.06342775220676776,0.06440704054250171,0.062373133999054274,0.062373133999054274,35674300.0,299536960.0
2018-04-03,0.06139384566332034,0.06207181451113614,0.06033922745560685,0.061017196303422665,30526176.0,247863024.0
2018-04-04,0.061770495023218,0.06433171067052217,0.061770495023218,0.061996484639156614,43881076.0,366011488.0
2018-04-09,0.061017196303422665,0.06327709246280869,0.06048988719956592,0.06274978335895195,32447574.0,267104784.0
2018-04-10,0.06207181451113614,0.0639550613106245,0.061996484639156614,0.06387973143864496,51357200.0,431072192.0
2018-04-11,0.06387973143864496,0.06448237041448124,0.06282511323093148,0.06365374182270636,45135196.0,381142528.0
2018-04-12,0.06305110284687009,0.06365374182270636,0.06192115476717708,0.06282511323093148,37632368.0,313748160.0
2018-04-13,0.06305110284687009,0.06342775220676776,0.06139384566332034,0.061544505407279404,25802492.0,213884336.0
2018-04-16,0.06116785604738173,0.06139384566332034,0.05981191835175012,0.059962578095709186,26787506.0,214913200.0
2018-04-17,0.060188567711647795,0.06131851579134081,0.059209279375913845,0.05966125860779105,26259500.0,210597120.0
2018-04-18,0.0608665365594636,0.06124318591936127,0.05966125860779105,0.060715876815504534,28746604.0,230967296.0
2018-04-19,0.06003790796768872,0.06079120668748406,0.059962578095709186,0.060263897583627324,25686826.0,205900064.0
2018-04-20,0.06011323783966826,0.06011323783966826,0.05777801180830269,0.057928671552261765,28715408.0,224310256.0
2018-04-23,0.0580040014242413,0.058681970272057106,0.05687405334454829,0.057928671552261765,18796454.0,144121728.0
2018-04-24,0.05785334168028223,0.06259912361499288,0.05785334168028223,0.06041455732758639,46321588.0,370651584.0
2018-04-25,0.05958592873581152,0.06003790796768872,0.05935993911987291,0.059736588479770585,24001566.0,189872496.0
2018-04-26,0.05981191835175012,0.060188567711647795,0.057627352064343634,0.057928671552261765,26340964.0,205086352.0
2018-04-27,0.05838065078413897,0.05913394950393431,0.05785334168028223,0.058455980656118504,19367190.0,150179552.0
2018-05-02,0.058907959887995714,0.059209279375913845,0.057401362448405026,0.05785334168028223,17617456.0,136014192.0
2018-05-03,0.057401362448405026,0.058907959887995714,0.056949383216527816,0.058681970272057106,21567376.0,166126672.0
2018-05-04,0.05860664040007758,0.05860664040007758,0.05777801180830269,0.0580040014242413,15818018.0,121954120.0
2018-05-07,0.05807933129622083,0.058983289759975244,0.057928671552261765,0.05875730014403664,21581382.0,167797056.0
2018-05-08,0.058681970272057106,0.059736588479770585,0.058531310528098034,0.05905861963195477,26431800.0,207511008.0
2018-05-09,0.05875730014403664,0.058907959887995714,0.0582299910401799,0.05875730014403664,18313682.0,142301616.0
2018-05-10,0.05875730014403664,0.05988724822372966,0.0582299910401799,0.05943526899185245,24204196.0,189042800.0
2018-05-11,0.059209279375913845,0.0608665365594636,0.05883263001601617,0.05935993911987291,38244328.0,303506016.0
2018-05-14,0.058907959887995714,0.06139384566332034,0.058907959887995714,0.060188567711647795,43981888.0,351177536.0
2018-05-15,0.060263897583627324,0.060263897583627324,0.05875730014403664,0.05966125860779105,31784474.0,250486848.0
2018-05-16,0.05928460924789338,0.05935993911987291,0.05860664040007758,0.05860664040007758,18829852.0,147290912.0
2018-05-17,0.058681970272057106,0.058907959887995714,0.058455980656118504,0.05860664040007758,13268900.0,103269184.0
2018-05-18,0.06638628293106133,0.06673204482132727,0.06586764009566241,0.06647272340362782,18716088.0,143489216.0
2018-05-21,0.06673204482132727,0.06776933049212511,0.0665591638761943,0.06725068765672619,25920946.0,201287872.0
2018-05-22,0.06725068765672619,0.06811509238239105,0.06621340198592836,0.06776933049212511,39546004.0,307447680.0
2018-05-23,0.0671642471841597,0.06759644954699214,0.06638628293106133,0.06647272340362782,21498204.0,166678304.0
2018-05-24,0.06664560434876078,0.06690492576646025,0.06612696151336188,0.06621340198592836,15843654.0,121726240.0
2018-05-25,0.06629984245849484,0.0665591638761943,0.06500323536999755,0.06517611631513053,19614212.0,148943424.0
2018-05-28,0.06508967584256405,0.06508967584256405,0.06353374733636728,0.06362018780893378,19057400.0,141663952.0
2018-05-29,0.06387950922663323,0.06413883064433269,0.06275578308326892,0.06353374733636728,17765362.0,130383696.0
2018-05-30,0.06215069977530351,0.06327442591866783,0.0609405331593727,0.06154561646733811,28735728.0,205990992.0
2018-05-31,0.06180493788503757,0.06258290213813594,0.06163205693990459,0.06223714024787,18191028.0,130650608.0
2018-06-01,0.06163205693990459,0.06336086639123431,0.06102697363193919,0.06154561646733811,24381560.0,174640016.0
2018-06-04,0.061459175994771624,0.06215069977530351,0.061199854577072166,0.061286295049638645,16166092.0,115157776.0
2018-06-05,0.06137273552220513,0.06206425930273702,0.06024900937884081,0.06180493788503757,24661520.0,174613008.0
2018-06-06,0.06163205693990459,0.06249646166556946,0.06111341410450568,0.061977818830170534,18446784.0,131662232.0
2018-06-07,0.06206425930273702,0.06336086639123431,0.06180493788503757,0.06249646166556946,28444524.0,205904896.0
2018-06-08,0.061977818830170534,0.06206425930273702,0.06050833079654028,0.06050833079654028,25948576.0,183204112.0
2018-06-11,0.05964392607087542,0.06102697363193919,0.05947104512574244,0.06050833079654028,12846470.0,89894792.0
2018-06-12,0.060594771269106756,0.06102697363193919,0.0597303665434419,0.06085409268680622,12621937.0,88531968.0
2018-06-13,0.060767652214239735,0.060767652214239735,0.05834731898237812,0.05852019992751109,18012100.0,124398688.0
2018-06-14,0.058433759454944605,0.05912528323547649,0.057742235674412716,0.057915116619545695,17245908.0,116318656.0
2018-06-15,0.057742235674412716,0.058606640400077584,0.05705071189388083,0.057310033311580286,19411108.0,130081840.0
2018-06-19,0.05618630716821597,0.05670495000361488,0.051604962122192205,0.051604962122192205,37672020.0,233308336.0
2018-06-20,0.05134564070449275,0.052469366847857066,0.05108631928679329,0.05203716448502463,26188904.0,156983856.0
2018-06-21,0.05186428353989166,0.05342021204608841,0.05108631928679329,0.05143208117705923,27086904.0,163855696.0
2018-06-22,0.050567676451394365,0.05186428353989166,0.04987615267086248,0.05177784306732518,21342184.0,126457432.0
2018-06-25,0.05195072401245815,0.052728688265556524,0.05082699786909383,0.05125920023192626,17700000.0,106189368.0
2018-06-26,0.05022191456112842,0.05186428353989166,0.050049033615995456,0.051604962122192205,18481132.0,109040880.0
2018-06-27,0.05151852164962572,0.05393885488148733,0.05134564070449275,0.05195072401245815,29429940.0,178950208.0
2018-06-28,0.05151852164962572,0.05255580732042355,0.050740557396527344,0.05082699786909383,21827586.0,130029104.0
2018-06-29,0.0509998788142268,0.05307445015582247,0.0509998788142268,0.05264224779299004,29937400.0,180866288.0
2018-07-02,0.052469366847857066,0.05264224779299004,0.0509998788142268,0.05125920023192626,20683844.0,124030752.0
2018-07-03,0.05125920023192626,0.05298800968325598,0.05125920023192626,0.052469366847857066,24539446.0,148254048.0
2018-07-04,0.05195072401245815,0.05264224779299004,0.05151852164962572,0.05177784306732518,25971400.0,156671696.0
2018-07-05,0.05134564070449275,0.052296485902724094,0.05022191456112842,0.05022191456112842,20878480.0,123297272.0
2018-07-06,0.0503947955062614,0.05134564070449275,0.048493105109798706,0.04996259314342897,24926232.0,144464720.0
2018-07-09,0.050049033615995456,0.05125920023192626,0.04987615267086248,0.05125920023192626,18651250.0,109737568.0
2018-07-10,0.051172759759359775,0.0516914025947587,0.050740557396527344,0.05143208117705923,16776198.0,99250896.0
2018-07-11,0.05065411692396086,0.05065411692396086,0.04883886700006465,0.04996259314342897,19723200.0,113865592.0
2018-07-12,0.04970327172572951,0.05125920023192626,0.04953039078059654,0.0509998788142268,22211080.0,130484088.0
2018-07-13,0.05134564070449275,0.051604962122192205,0.050308355033694914,0.050567676451394365,18539000.0,108873168.0
2018-07-16,0.050567676451394365,0.050567676451394365,0.04970327172572951,0.04996259314342897,13617539.0,78743616.0
2018-07-17,0.05013547408856194,0.050308355033694914,0.04953039078059654,0.05013547408856194,12849291.0,74211792.0
2018-07-18,0.05022191456112842,0.05065411692396086,0.04953039078059654,0.04953039078059654,14522900.0,84188632.0
2018-07-19,0.04944395030803005,0.04987615267086248,0.04840666463723221,0.04857954558236519,17485110.0,98946800.0
2018-07-20,0.04875242652749816,0.05342021204608841,0.047715140856700325,0.05342021204608841,90671720.0,543998592.0
2018-07-23,0.05186428353989166,0.05618630716821597,0.05134564070449275,0.05419817629918679,118148176.0,738520512.0
2018-07-24,0.053333771573521926,0.054889700079718676,0.05298800968325598,0.05367953346378787,66336800.0,412000384.0
2018-07-25,0.05324733110095544,0.05376597393635436,0.052901569210689496,0.05342021204608841,41021528.0,252748528.0
2018-07-26,0.05376597393635436,0.05376597393635436,0.052728688265556524,0.052901569210689496,26096978.0,160300848.0
2018-07-27,0.052728688265556524,0.052728688265556524,0.05195072401245815,0.05195072401245815,25935692.0,156778512.0
2018-07-30,0.05186428353989166,0.05307445015582247,0.05151852164962572,0.05186428353989166,25883292.0,156238848.0
2018-07-31,0.05177784306732518,0.054716819134585704,0.051604962122192205,0.05298800968325598,46327856.0,284183456.0
2018-08-01,0.05298800968325598,0.05324733110095544,0.051604962122192205,0.051604962122192205,30890250.0,187119264.0
2018-08-02,0.0509998788142268,0.05108631928679329,0.04806090274696627,0.04970327172572951,31170888.0,179824960.0
2018-08-03,0.04927106936289708,0.05022191456112842,0.04883886700006465,0.04901174794519762,18398860.0,105503712.0
2018-08-06,0.04901174794519762,0.050481235978827886,0.04883886700006465,0.049184628890330595,24599688.0,141451904.0
2018-08-07,0.049184628890330595,0.050481235978827886,0.04875242652749816,0.050481235978827886,27504600.0,158474000.0
2018-08-08,0.05022191456112842,0.050481235978827886,0.04935750983546357,0.04944395030803005,17960186.0,103594768.0
2018-08-09,0.04953039078059654,0.050567676451394365,0.0490981884177641,0.05013547408856194,21666890.0,125794960.0
2018-08-10,0.05013547408856194,0.0503947955062614,0.04970327172572951,0.05013547408856194,14061221.0,81352368.0
2018-08-13,0.04944395030803005,0.049789712198296,0.04892530747263114,0.04970327172572951,15280249.0,87148480.0
2018-08-14,0.04970327172572951,0.050567676451394365,0.04953039078059654,0.05013547408856194,17578268.0,101805088.0
2018-08-15,0.050049033615995456,0.05013547408856194,0.04901174794519762,0.049184628890330595,15080686.0,86328208.0
2018-08-16,0.048493105109798706,0.050308355033694914,0.04840666463723221,0.049616831253163025,17698180.0,101185512.0
2018-08-17,0.049616831253163025,0.050049033615995456,0.04857954558236519,0.04866598605493168,13747368.0,78341616.0
2018-08-20,0.048493105109798706,0.04944395030803005,0.048493105109798706,0.04927106936289708,11329318.0,64281628.0
2018-08-21,0.04927106936289708,0.049789712198296,0.04901174794519762,0.049616831253163025,14990969.0,85834160.0
2018-08-22,0.04935750983546357,0.04953039078059654,0.04883886700006465,0.04901174794519762,10618134.0,60345484.0
2018-08-23,0.04883886700006465,0.04953039078059654,0.04866598605493168,0.0490981884177641,11254256.0,63952416.0
2018-08-24,0.04901174794519762,0.05264224779299004,0.04883886700006465,0.0503947955062614,52377752.0,306382944.0
2018-08-27,0.05022191456112842,0.050481235978827886,0.049616831253163025,0.0503947955062614,32122548.0,186152736.0
2018-08-28,0.050481235978827886,0.050481235978827886,0.04987615267086248,0.050049033615995456,15304367.0,88668528.0
2018-08-29,0.04996259314342897,0.0503947955062614,0.049789712198296,0.04987615267086248,12565777.0,72752976.0
2018-08-30,0.04987615267086248,0.0503947955062614,0.04927106936289708,0.04935750983546357,14699300.0,84689944.0
2018-08-31,0.04927106936289708,0.04987615267086248,0.04892530747263114,0.04901174794519762,13927057.0,79572936.0
2018-09-03,0.0490981884177641,0.04935750983546357,0.04866598605493168,0.049184628890330595,11011517.0,62474576.0
2018-09-04,0.0490981884177641,0.04996259314342897,0.04892530747263114,0.049789712198296,17200892.0,98643360.0
2018-09-05,0.04953039078059654,0.050049033615995456,0.0490981884177641,0.049184628890330595,15474105.0,88719688.0
2018-09-06,0.04901174794519762,0.04953039078059654,0.04875242652749816,0.049184628890330595,10514008.0,59841084.0
2018-09-07,0.04927106936289708,0.0503947955062614,0.04901174794519762,0.04970327172572951,18292216.0,105313184.0
2018-09-10,0.04970327172572951,0.04996259314342897,0.04901174794519762,0.04927106936289708,12202008.0,69706688.0
2018-09-11,0.049184628890330595,0.04996259314342897,0.04901174794519762,0.049616831253163025,12396791.0,71064376.0
2018-09-12,0.04953039078059654,0.05013547408856194,0.04927106936289708,0.04970327172572951,15013813.0,86398656.0
2018-09-13,0.04996259314342897,0.050308355033694914,0.04935750983546357,0.04987615267086248,13563694.0,78044480.0
2018-09-14,0.04987615267086248,0.04987615267086248,0.04935750983546357,0.04935750983546357,9864299.0,56522388.0
2018-09-17,0.04927106936289708,0.04927106936289708,0.04814734321953276,0.04840666463723221,12369051.0,69560712.0
2018-09-18,0.048320224164665734,0.04944395030803005,0.048320224164665734,0.049184628890330595,10885462.0,61486508.0
2018-09-19,0.04901174794519762,0.04987615267086248,0.04883886700006465,0.049616831253163025,16822400.0,96136904.0
2018-09-20,0.04953039078059654,0.05013547408856194,0.04944395030803005,0.049616831253163025,15495344.0,89152720.0
2018-09-21,0.049789712198296,0.0516914025947587,0.04944395030803005,0.05108631928679329,42550056.0,249472432.0
2018-09-25,0.050481235978827886,0.05065411692396086,0.04996259314342897,0.050049033615995456,21254160.0,123439952.0
2018-09-26,0.05013547408856194,0.05065411692396086,0.04970327172572951,0.04987615267086248,24291008.0,141033872.0
2018-09-27,0.049616831253163025,0.049789712198296,0.04892530747263114,0.04892530747263114,21755708.0,124022896.0
2018-09-28,0.0490981884177641,0.05022191456112842,0.04901174794519762,0.049789712198296,21651870.0,124467384.0
2018-10-08,0.049184628890330595,0.04927106936289708,0.04814734321953276,0.048320224164665734,21146088.0,119109840.0
2018-10-09,0.04814734321953276,0.04866598605493168,0.04814734321953276,0.048320224164665734,10342890.0,57903020.0
2018-10-10,0.04840666463723221,0.04875242652749816,0.04806090274696627,0.048320224164665734,7864713.0,44013288.0
2018-10-11,0.04538124809740521,0.0466778551859025,0.043479557700942514,0.043479557700942514,31242728.0,161691232.0
2018-10-12,0.04270159344784414,0.043998200536341424,0.042355831557578195,0.043738879118641966,21134072.0,105925776.0
2018-10-15,0.043738879118641966,0.043998200536341424,0.042788033920410626,0.042874474392977105,10663432.0,53458748.0
2018-10-16,0.042874474392977105,0.043479557700942514,0.042355831557578195,0.04252871250271116,10532100.0,52363280.0
2018-10-17,0.04313379581067657,0.04313379581067657,0.04192362919474576,0.04270159344784414,11108352.0,54809592.0
2018-10-18,0.04252871250271116,0.04261515297527765,0.04123210541421387,0.04123210541421387,10342200.0,50119656.0
2018-10-19,0.040627022106248474,0.042182950612445216,0.040194819743416044,0.042182950612445216,13272187.0,63505972.0
2018-10-22,0.04244227203014468,0.04641853376820304,0.0422693910850117,0.04641853376820304,42183016.0,221662352.0
2018-10-23,0.04754225991156736,0.04754225991156736,0.0447761647894398,0.04494904573457278,50557056.0,269686656.0
2018-10-24,0.04451684337174035,0.04944395030803005,0.04425752195404089,0.04875242652749816,99100568.0,554440960.0
2018-10-25,0.04685073613103547,0.053593092991221385,0.04641853376820304,0.05324733110095544,146737216.0,850876544.0
2018-10-26,0.05212360495759112,0.05255580732042355,0.0503947955062614,0.05125920023192626,94951184.0,565518976.0
2018-10-29,0.05143208117705923,0.05221004543015761,0.04935750983546357,0.050308355033694914,50402312.0,295818080.0
2018-10-30,0.04970327172572951,0.055149021497418134,0.04970327172572951,0.05376597393635436,116867112.0,715717696.0
2018-10-31,0.052728688265556524,0.053593092991221385,0.05151852164962572,0.052728688265556524,79170704.0,481873152.0
2018-11-01,0.05221004543015761,0.05497614055228517,0.05186428353989166,0.05212360495759112,77930144.0,477816864.0
2018-11-02,0.052728688265556524,0.056013426223083,0.051604962122192205,0.0541117358266203,94812392.0,588275648.0
2018-11-05,0.05324733110095544,0.05367953346378787,0.05238292637529058,0.053506652518654906,57257632.0,352064576.0
2018-11-06,0.05307445015582247,0.05307445015582247,0.05203716448502463,0.05255580732042355,35203648.0,213809264.0
2018-11-07,0.052728688265556524,0.05316089062838896,0.051604962122192205,0.0516914025947587,41287200.0,249885424.0
2018-11-08,0.052296485902724094,0.05281512873812301,0.05125920023192626,0.05143208117705923,34570600.0,208196448.0
2018-11-09,0.05082699786909383,0.051172759759359775,0.04987615267086248,0.050740557396527344,31836296.0,186123696.0
2018-11-12,0.050567676451394365,0.0516914025947587,0.0503947955062614,0.051604962122192205,29669186.0,175140080.0
2018-11-13,0.050740557396527344,0.053593092991221385,0.050481235978827886,0.05298800968325598,67234576.0,407246432.0
2018-11-14,0.05255580732042355,0.05298800968325598,0.05125920023192626,0.05151852164962572,45653052.0,275870464.0
2018-11-15,0.05151852164962572,0.05393885488148733,0.05151852164962572,0.05376597393635436,75539112.0,464437632.0
2018-11-16,0.05385241440892085,0.05618630716821597,0.05255580732042355,0.054630378662019224,98949256.0,621107456.0
2018-11-19,0.054630378662019224,0.05895240229034353,0.054025295354053815,0.057310033311580286,103962336.0,679118784.0
2018-11-20,0.05618630716821597,0.05670495000361488,0.05419817629918679,0.05437105724431976,66773996.0,428794240.0
2018-11-21,0.05324733110095544,0.05523546196998462,0.05324733110095544,0.054716819134585704,40942208.0,258073216.0
2018-11-22,0.054457497716886245,0.05480325960715219,0.05316089062838896,0.053506652518654906,32903476.0,204857872.0
2018-11-23,0.05342021204608841,0.054716819134585704,0.05195072401245815,0.05221004543015761,47167960.0,292512384.0
2018-11-26,0.05212360495759112,0.053506652518654906,0.05186428353989166,0.052296485902724094,34177428.0,207746400.0
2018-11-27,0.05255580732042355,0.05281512873812301,0.05125920023192626,0.051604962122192205,34242896.0,205838752.0
2018-11-28,0.051604962122192205,0.052901569210689496,0.05108631928679329,0.05255580732042355,34882336.0,210717280.0
2018-11-29,0.05264224779299004,0.053506652518654906,0.05108631928679329,0.05108631928679329,37990920.0,230477872.0
2018-11-30,0.050567676451394365,0.05134564070449275,0.04935750983546357,0.0509998788142268,29585552.0,172495440.0
2018-12-03,0.05221004543015761,0.05298800968325598,0.0516914025947587,0.05238292637529058,37733872.0,228842208.0
2018-12-04,0.05203716448502463,0.05264224779299004,0.05195072401245815,0.052469366847857066,22085542.0,133679736.0
2018-12-05,0.05151852164962572,0.05177784306732518,0.0509998788142268,0.05125920023192626,24641308.0,146449600.0
2018-12-06,0.05082699786909383,0.05108631928679329,0.050308355033694914,0.0503947955062614,16367684.0,95752752.0
2018-12-07,0.0503947955062614,0.05082699786909383,0.05013547408856194,0.0503947955062614,11993392.0,69986040.0
2018-12-10,0.04970327172572951,0.050049033615995456,0.04883886700006465,0.04901174794519762,18239690.0,104165888.0
2018-12-11,0.049184628890330595,0.05022191456112842,0.04866598605493168,0.04970327172572951,19264224.0,110367120.0
2018-12-12,0.049616831253163025,0.050481235978827886,0.04953039078059654,0.049616831253163025,15519564.0,89722864.0
2018-12-13,0.049789712198296,0.05125920023192626,0.04927106936289708,0.050740557396527344,27865856.0,162561120.0
2018-12-14,0.05022191456112842,0.050481235978827886,0.04883886700006465,0.04892530747263114,23570532.0,135193104.0
2018-12-17,0.04840666463723221,0.04953039078059654,0.04823378369209925,0.04901174794519762,13731165.0,77520288.0
2018-12-18,0.04866598605493168,0.04927106936289708,0.04806090274696627,0.048493105109798706,13460166.0,75672472.0
2018-12-19,0.048493105109798706,0.04875242652749816,0.047715140856700325,0.04797446227439979,9685300.0,54077780.0
2018-12-20,0.047888021801833304,0.048493105109798706,0.047196498021301415,0.048493105109798706,17438038.0,96700872.0
2018-12-21,0.04814734321953276,0.04875242652749816,0.047888021801833304,0.048493105109798706,15942899.0,89256504.0
2018-12-24,0.04840666463723221,0.048493105109798706,0.047715140856700325,0.048320224164665734,10752113.0,59952788.0
2018-12-25,0.047888021801833304,0.047888021801833304,0.04589989093280412,0.047282938493867895,19683472.0,106739952.0
2018-12-26,0.04702361707616844,0.04762870038413384,0.04650497424076953,0.0466778551859025,11735539.0,63750820.0
2018-12-27,0.04762870038413384,0.047715140856700325,0.04529480762483872,0.04546768856997169,14076555.0,76269112.0
2018-12-28,0.04546768856997169,0.047282938493867895,0.04546768856997169,0.04624565282307006,16372106.0,87835936.0
2019-01-02,0.046159212350503576,0.04685073613103547,0.045640569515104666,0.04641853376820304,11917806.0,63760072.0
2019-01-03,0.04650497424076953,0.04927106936289708,0.04641853376820304,0.04780158132926682,28423112.0,157316160.0
2019-01-04,0.04711005754873493,0.05255580732042355,0.04693717660360195,0.05143208117705923,75470232.0,439412032.0
2019-01-07,0.05151852164962572,0.0516914025947587,0.0503947955062614,0.05151852164962572,55060656.0,325300992.0
2019-01-08,0.051172759759359775,0.052296485902724094,0.050481235978827886,0.0509998788142268,33963736.0,200978864.0
2019-01-09,0.0509998788142268,0.05298800968325598,0.05082699786909383,0.0509998788142268,53535152.0,321624192.0
2019-01-10,0.050567676451394365,0.0509998788142268,0.049616831253163025,0.04996259314342897,38276192.0,222174448.0
2019-01-11,0.04987615267086248,0.050740557396527344,0.04970327172572951,0.04996259314342897,23176700.0,134209776.0
2019-01-14,0.04970327172572951,0.05022191456112842,0.04901174794519762,0.049184628890330595,17464600.0,100101496.0
2019-01-15,0.04935750983546357,0.051172759759359775,0.04901174794519762,0.050481235978827886,31889570.0,184916304.0
2019-01-16,0.05022191456112842,0.0503947955062614,0.04944395030803005,0.049789712198296,21086664.0,121673952.0
2019-01-17,0.050049033615995456,0.050308355033694914,0.04927106936289708,0.04935750983546357,18714564.0,107657496.0
2019-01-18,0.04935750983546357,0.05013547408856194,0.04927106936289708,0.050049033615995456,22455064.0,129437448.0
2019-01-21,0.04996259314342897,0.0503947955062614,0.04935750983546357,0.049616831253163025,18483900.0,106497040.0
2019-01-22,0.04944395030803005,0.049616831253163025,0.04840666463723221,0.04857954558236519,20804100.0,117635944.0
2019-01-23,0.04840666463723221,0.04892530747263114,0.04823378369209925,0.04840666463723221,10837785.0,60901472.0
2019-01-24,0.048320224164665734,0.04935750983546357,0.04823378369209925,0.04883886700006465,16293048.0,92002048.0
2019-01-25,0.04857954558236519,0.049789712198296,0.04857954558236519,0.04883886700006465,22768500.0,129906992.0
2019-01-28,0.04927106936289708,0.04953039078059654,0.04823378369209925,0.04823378369209925,18951640.0,106959760.0
2019-01-29,0.04823378369209925,0.04840666463723221,0.04650497424076953,0.047715140856700325,15969349.0,87968576.0
2019-01-30,0.047455819439000874,0.04840666463723221,0.047282938493867895,0.04754225991156736,11158260.0,61835436.0
2019-01-31,0.04754225991156736,0.049789712198296,0.04754225991156736,0.04883886700006465,30052128.0,169508176.0
2019-02-01,0.04901174794519762,0.04935750983546357,0.048320224164665734,0.04935750983546357,20759528.0,117486336.0
2019-02-11,0.04927106936289708,0.04996259314342897,0.04875242652749816,0.04996259314342897,20664720.0,118418688.0
2019-02-12,0.04996259314342897,0.05108631928679329,0.04987615267086248,0.050308355033694914,29735892.0,173416864.0
2019-02-13,0.050308355033694914,0.05221004543015761,0.049789712198296,0.05143208117705923,52111588.0,307815648.0
2019-02-14,0.05082699786909383,0.05134564070449275,0.05065411692396086,0.050913438341660316,32423462.0,190908688.0
2019-02-15,0.05065411692396086,0.051604962122192205,0.050308355033694914,0.050567676451394365,29255792.0,172397040.0
2019-02-18,0.05065411692396086,0.054457497716886245,0.05065411692396086,0.052728688265556524,66615272.0,401607136.0
2019-02-19,0.05238292637529058,0.05609986669564949,0.05221004543015761,0.05393885488148733,87765616.0,546912320.0
2019-02-20,0.053593092991221385,0.0541117358266203,0.052728688265556524,0.05324733110095544,45602664.0,281227968.0
2019-02-21,0.05298800968325598,0.054630378662019224,0.05203716448502463,0.05255580732042355,63036808.0,388823776.0
2019-02-22,0.052296485902724094,0.05782867614697921,0.051604962122192205,0.05653206905848191,113505864.0,717056640.0
2019-02-25,0.05826087850981164,0.06215069977530351,0.05705071189388083,0.06215069977530351,164175120.0,1143997952.0
2019-02-26,0.06483035442486458,0.06543543773282999,0.060767652214239735,0.06102697363193919,162517888.0,1184105856.0
2019-02-27,0.05990324748857487,0.06690492576646025,0.05947104512574244,0.06396594969919972,165947264.0,1212932352.0
2019-02-28,0.06223714024787,0.06379306875406675,0.061459175994771624,0.061891378357604054,76720000.0,553768256.0
2019-03-01,0.061977818830170534,0.06336086639123431,0.05990324748857487,0.06318798544610134,85176528.0,608779776.0
2019-03-04,0.06379306875406675,0.06811509238239105,0.062323580720436485,0.06336086639123431,144828992.0,1080123520.0
2019-03-05,0.06223714024787,0.0634473068638008,0.06180493788503757,0.06301510450096837,65603728.0,475229408.0
2019-03-06,0.06318798544610134,0.06500323536999755,0.06258290213813594,0.06483035442486458,111356608.0,822827776.0
2019-03-07,0.06422527111689917,0.06941169947088834,0.06353374733636728,0.06612696151336188,146356384.0,1122298752.0
2019-03-08,0.06292866402840189,0.06353374733636728,0.059557485598308924,0.059557485598308924,117461416.0,837952320.0
2019-03-11,0.05921172370804298,0.06180493788503757,0.058606640400077584,0.061286295049638645,60144840.0,419707616.0
2019-03-12,0.06137273552220513,0.06249646166556946,0.060335449851407305,0.061286295049638645,64632408.0,460224608.0
2019-03-13,0.061199854577072166,0.061718497412471075,0.0597303665434419,0.06007612843370785,45933096.0,321268352.0
2019-03-14,0.06007612843370785,0.061199854577072166,0.057915116619545695,0.058606640400077584,45113920.0,309861728.0
2019-03-15,0.05877952134521055,0.05998968796114136,0.058433759454944605,0.05921172370804298,32118006.0,220203552.0
2019-03-18,0.05929816418060947,0.06111341410450568,0.058433759454944605,0.06068121174167324,42365656.0,294430880.0
2019-03-19,0.06050833079654028,0.06266934261070242,0.06024900937884081,0.061459175994771624,52817684.0,374601952.0
2019-03-20,0.061199854577072166,0.06215069977530351,0.060335449851407305,0.061718497412471075,47646940.0,338498240.0
2019-03-21,0.06180493788503757,0.06249646166556946,0.06111341410450568,0.061718497412471075,53753668.0,383631264.0
2019-03-22,0.06154561646733811,0.061718497412471075,0.05990324748857487,0.06068121174167324,39369048.0,276356512.0
2019-03-25,0.059038842762910014,0.05998968796114136,0.05877952134521055,0.059038842762910014,28520948.0,195852720.0
2019-03-26,0.05929816418060947,0.05964392607087542,0.05713715236644732,0.057482914256713265,30069700.0,203579744.0
2019-03-27,0.057915116619545695,0.05826087850981164,0.05705071189388083,0.05782867614697921,18561356.0,123909864.0
2019-03-28,0.057310033311580286,0.05808799756467866,0.0566185095310484,0.05696427142131434,19641092.0,130256744.0
2019-03-29,0.057310033311580286,0.05981680701600838,0.05713715236644732,0.059557485598308924,44576368.0,303304768.0
2019-04-01,0.06007612843370785,0.061977818830170534,0.05964392607087542,0.06137273552220513,58187752.0,410979360.0
2019-04-02,0.061459175994771624,0.06180493788503757,0.06068121174167324,0.06111341410450568,41428888.0,293403712.0
2019-04-03,0.06050833079654028,0.06180493788503757,0.05998968796114136,0.061459175994771624,44721520.0,314899904.0
2019-04-04,0.06163205693990459,0.06379306875406675,0.061199854577072166,0.061977818830170534,72839432.0,525979072.0
2019-04-08,0.06215069977530351,0.06379306875406675,0.06050833079654028,0.06154561646733811,59643812.0,429947776.0
2019-04-09,0.06102697363193919,0.061891378357604054,0.06050833079654028,0.06111341410450568,32619706.0,230170960.0
2019-04-10,0.06050833079654028,0.06085409268680622,0.059557485598308924,0.060162568906274326,35642020.0,247902000.0
2019-04-11,0.060335449851407305,0.06102697363193919,0.059557485598308924,0.05981680701600838,27398570.0,190844528.0
2019-04-12,0.059557485598308924,0.05990324748857487,0.05895240229034353,0.05938460465317596,19675268.0,135154272.0
2019-04-15,0.060162568906274326,0.06180493788503757,0.05964392607087542,0.0597303665434419,45567948.0,321525184.0
2019-04-16,0.059038842762910014,0.061718497412471075,0.05826087850981164,0.06163205693990459,51867772.0,363102912.0
2019-04-17,0.061459175994771624,0.061977818830170534,0.06102697363193919,0.061199854577072166,34067640.0,241831936.0
2019-04-18,0.06154561646733811,0.061891378357604054,0.06050833079654028,0.060594771269106756,27138092.0,191772160.0
2019-04-19,0.06050833079654028,0.061199854577072166,0.06024900937884081,0.0609405331593727,21284000.0,149469552.0
2019-04-22,0.061199854577072166,0.061286295049638645,0.05921172370804298,0.05947104512574244,25717820.0,178881920.0
2019-04-23,0.05912528323547649,0.05998968796114136,0.058606640400077584,0.05895240229034353,20543470.0,140673360.0
2019-04-24,0.05912528323547649,0.05947104512574244,0.057915116619545695,0.05929816418060947,16736342.0,114016608.0
2019-04-25,0.05895240229034353,0.05998968796114136,0.057482914256713265,0.057482914256713265,33408292.0,227115616.0
2019-04-26,0.05713715236644732,0.05756935472927975,0.05644562858591543,0.05644562858591543,20311332.0,134055616.0
2019-04-29,0.05670495000361488,0.05705071189388083,0.054889700079718676,0.05566766433281706,22396854.0,145442384.0
2019-04-30,0.05566766433281706,0.05644562858591543,0.055581223860250564,0.05609986669564949,14549792.0,94362144.0
2019-05-06,0.054889700079718676,0.05756935472927975,0.052728688265556524,0.05540834291511759,39780840.0,254073088.0
2019-05-07,0.05532190244255111,0.055754104805383536,0.0541117358266203,0.055149021497418134,23084236.0,146961568.0
2019-05-08,0.0541117358266203,0.05506258102485165,0.053333771573521926,0.05428461677175327,15985009.0,100461496.0
2019-05-09,0.05428461677175327,0.05566766433281706,0.054025295354053815,0.054716819134585704,17688200.0,112075544.0
2019-05-10,0.054716819134585704,0.05618630716821597,0.0541117358266203,0.05609986669564949,29186368.0,187295504.0
2019-05-13,0.05549478338768408,0.05566766433281706,0.05480325960715219,0.05497614055228517,13778119.0,87905936.0
2019-05-14,0.054457497716886245,0.05532190244255111,0.054025295354053815,0.054889700079718676,14471000.0,91907288.0
2019-05-15,0.05506258102485165,0.05549478338768408,0.05480325960715219,0.05523546196998462,15099659.0,96307672.0
2019-05-16,0.05506258102485165,0.05549478338768408,0.05480325960715219,0.05532190244255111,13134500.0,83905024.0
2019-05-17,0.05540834291511759,0.055581223860250564,0.05255580732042355,0.052901569210689496,20475418.0,127701624.0
2019-05-20,0.05108631928679329,0.05143208117705923,0.04953039078059654,0.04996259314342897,31097460.0,181179504.0
2019-05-21,0.049789712198296,0.050740557396527344,0.04970327172572951,0.0503947955062614,17745456.0,103262600.0
2019-05-22,0.0503947955062614,0.050481235978827886,0.04901174794519762,0.04927106936289708,18435600.0,105863984.0
2019-05-23,0.04883886700006465,0.04970327172572951,0.04857954558236519,0.04892530747263114,12059735.0,68404488.0
2019-05-24,0.04866598605493168,0.04996259314342897,0.048493105109798706,0.04935750983546357,16325441.0,93303256.0
2019-05-27,0.049184628890330595,0.05013547408856194,0.04866598605493168,0.04996259314342897,19644936.0,112359520.0
2019-05-28,0.049616831253163025,0.05013547408856194,0.049184628890330595,0.04944395030803005,14450702.0,83106232.0
2019-05-29,0.04901174794519762,0.04987615267086248,0.04883886700006465,0.049616831253163025,12044398.0,68931664.0
2019-05-30,0.04935750983546357,0.04935750983546357,0.04857954558236519,0.04892530747263114,11868291.0,67143560.0
2019-05-31,0.04901174794519762,0.049616831253163025,0.04866598605493168,0.04901174794519762,12368738.0,70250032.0
2019-06-03,0.04883886700006465,0.04927106936289708,0.04762870038413384,0.047888021801833304,14769741.0,82577064.0
2019-06-04,0.04780158132926682,0.049184628890330595,0.04780158132926682,0.04883886700006465,18849252.0,105992928.0
2019-06-05,0.04944395030803005,0.04996259314342897,0.04866598605493168,0.0490981884177641,16497201.0,94014104.0
2019-06-06,0.049184628890330595,0.04944395030803005,0.04797446227439979,0.04806090274696627,9843600.0,55370380.0
2019-06-10,0.04823378369209925,0.0490981884177641,0.04823378369209925,0.04866598605493168,9804759.0,55255660.0
2019-06-11,0.04875242652749816,0.050913438341660316,0.04857954558236519,0.050913438341660316,28484300.0,164763200.0
2019-06-12,0.06645421450972977,0.06645421450972977,0.06506250321109668,0.06529445509420219,22862764.0,129131384.0
2019-06-13,0.06494652726954392,0.06587433480196597,0.06459859944488565,0.06541043103575495,12325134.0,69305520.0
2019-06-14,0.06529445509420219,0.0655264069773077,0.06413469567867462,0.06425067162022738,14142654.0,78889032.0
2019-06-17,0.06436664756178014,0.06517847915264943,0.06436664756178014,0.06483055132799116,9278119.0,51891104.0
2019-06-18,0.06483055132799116,0.06506250321109668,0.06413469567867462,0.06459859944488565,6234300.0,34682784.0
2019-06-19,0.06587433480196597,0.06657019045128251,0.06494652726954392,0.06494652726954392,15258500.0,86314552.0
2019-06-20,0.06494652726954392,0.06784592580836284,0.06483055132799116,0.0671500701590463,36779144.0,211486544.0
2019-06-21,0.06691811827594078,0.06772994986681008,0.066338238568177,0.06726604610059905,25337612.0,146853936.0
2019-06-24,0.06726604610059905,0.06807787769146836,0.06691811827594078,0.06703409421749354,12327339.0,71653720.0
2019-06-25,0.0671500701590463,0.06726604610059905,0.0655264069773077,0.066338238568177,14978485.0,85513608.0
2019-06-26,0.06587433480196597,0.06645421450972977,0.06564238291886046,0.06587433480196597,8400084.0,47798036.0
2019-06-27,0.06575835886041322,0.06691811827594078,0.06575835886041322,0.06610628668507149,12236475.0,70012576.0
2019-06-28,0.06599031074351873,0.06610628668507149,0.06494652726954392,0.06529445509420219,10594297.0,59602288.0
2019-07-01,0.06622226262662424,0.06668616639283527,0.06575835886041322,0.06668616639283527,15230391.0,87131464.0
2019-07-02,0.06645421450972977,0.06680214233438803,0.06610628668507149,0.06657019045128251,12331830.0,70613208.0
2019-07-03,0.06645421450972977,0.06657019045128251,0.06564238291886046,0.06599031074351873,9365864.0,53231068.0
2019-07-04,0.06587433480196597,0.06691811827594078,0.06575835886041322,0.066338238568177,11663564.0,66716196.0
2019-07-05,0.06622226262662424,0.066338238568177,0.06575835886041322,0.06610628668507149,7512385.0,42824676.0
2019-07-08,0.06599031074351873,0.06610628668507149,0.06332286408780533,0.06378676785401635,17577556.0,97670720.0
2019-07-09,0.0636707919124636,0.06413469567867462,0.06332286408780533,0.06401871973712185,7053578.0,38813468.0
2019-07-10,0.06401871973712185,0.06425067162022738,0.06355481597091084,0.06378676785401635,4776472.0,26285036.0
2019-07-11,0.06390274379556911,0.06436664756178014,0.06309091220469981,0.06332286408780533,7258288.0,39833988.0
2019-07-12,0.06320688814625257,0.06483055132799116,0.06320688814625257,0.06459859944488565,13566995.0,75131600.0
2019-07-15,0.06436664756178014,0.06668616639283527,0.0636707919124636,0.06575835886041322,16209316.0,91083784.0
2019-07-16,0.0655264069773077,0.06610628668507149,0.06529445509420219,0.06564238291886046,8553742.0,48455328.0
2019-07-17,0.06575835886041322,0.06599031074351873,0.06517847915264943,0.06517847915264943,7308200.0,41316388.0
2019-07-18,0.06494652726954392,0.06517847915264943,0.06425067162022738,0.06436664756178014,8035900.0,44711804.0
2019-07-19,0.06483055132799116,0.06541043103575495,0.06459859944488565,0.06494652726954392,8008800.0,44974008.0
2019-07-22,0.06506250321109668,0.0655264069773077,0.06390274379556911,0.06425067162022738,8735684.0,48665664.0
2019-07-23,0.06436664756178014,0.06483055132799116,0.06425067162022738,0.06459859944488565,5858554.0,32608632.0
2019-07-24,0.06483055132799116,0.06575835886041322,0.06459859944488565,0.06529445509420219,9662483.0,54408724.0
2019-07-25,0.06541043103575495,0.06610628668507149,0.06506250321109668,0.06610628668507149,13158782.0,74581184.0
2019-07-26,0.06575835886041322,0.06599031074351873,0.06541043103575495,0.06587433480196597,7359283.0,41713532.0
2019-07-29,0.06575835886041322,0.06599031074351873,0.06529445509420219,0.0655264069773077,6344246.0,35882100.0
2019-07-30,0.06564238291886046,0.06703409421749354,0.06541043103575495,0.06668616639283527,16585400.0,95198712.0
2019-07-31,0.066338238568177,0.06645421450972977,0.06575835886041322,0.06587433480196597,8101900.0,46102504.0
2019-08-01,0.0655264069773077,0.06587433480196597,0.06494652726954392,0.06517847915264943,8936142.0,50307476.0
2019-08-02,0.06436664756178014,0.06459859944488565,0.06390274379556911,0.06436664756178014,10652416.0,58976936.0
2019-08-05,0.06390274379556911,0.06425067162022738,0.06320688814625257,0.06320688814625257,9893000.0,54292708.0
2019-08-06,0.06227908061383051,0.06262700843848878,0.060423465548986394,0.061467249022961204,14963300.0,79397672.0
2019-08-07,0.06158322496451396,0.06193115278917223,0.06100334525675018,0.061119321198302934,6349200.0,33641848.0
2019-08-08,0.0612352971398557,0.06320688814625257,0.0612352971398557,0.062395056555383265,17524000.0,94235512.0
2019-08-09,0.062395056555383265,0.06262700843848878,0.0612352971398557,0.061351273081408454,9147000.0,48812592.0
2019-08-12,0.061119321198302934,0.06216310467227775,0.061119321198302934,0.06204712873072499,5925300.0,31536292.0
2019-08-13,0.061351273081408454,0.061699200906066724,0.061119321198302934,0.061467249022961204,5384804.0,28466700.0
2019-08-14,0.06204712873072499,0.062395056555383265,0.061467249022961204,0.06158322496451396,7165700.0,38270628.0
2019-08-15,0.06053944149053915,0.06100334525675018,0.05984358584122261,0.06088736931519742,12414667.0,64687092.0
2019-08-16,0.06077139337364467,0.061351273081408454,0.06053944149053915,0.06100334525675018,7814991.0,41087632.0
2019-08-19,0.06100334525675018,0.06285896032159428,0.060655417432091914,0.06285896032159428,17114430.0,91357384.0
2019-08-20,0.06262700843848878,0.06285896032159428,0.06227908061383051,0.06227908061383051,11805509.0,63636680.0
2019-08-21,0.062395056555383265,0.06285896032159428,0.06204712873072499,0.06251103249693601,8373500.0,45113588.0
2019-08-22,0.06251103249693601,0.06285896032159428,0.06204712873072499,0.06262700843848878,7515115.0,40471216.0
2019-08-23,0.06262700843848878,0.0636707919124636,0.06227908061383051,0.06285896032159428,11683412.0,63402216.0
2019-08-26,0.061699200906066724,0.06216310467227775,0.0612352971398557,0.06193115278917223,8570532.0,45663204.0
2019-08-27,0.06216310467227775,0.0636707919124636,0.06204712873072499,0.06332286408780533,14134767.0,76890552.0
2019-08-28,0.06309091220469981,0.06332286408780533,0.06251103249693601,0.06262700843848878,6604300.0,35791772.0
2019-08-29,0.06285896032159428,0.06320688814625257,0.06227908061383051,0.06227908061383051,7233000.0,38978688.0
2019-08-30,0.06262700843848878,0.06309091220469981,0.061351273081408454,0.061699200906066724,10048080.0,53768584.0
2019-09-02,0.061467249022961204,0.06274298438004154,0.061467249022961204,0.06274298438004154,10002887.0,53791584.0
2019-09-03,0.062395056555383265,0.06285896032159428,0.06227908061383051,0.06262700843848878,8091322.0,43623480.0
2019-09-04,0.06262700843848878,0.06494652726954392,0.062395056555383265,0.06401871973712185,24159156.0,132957960.0
2019-09-05,0.06425067162022738,0.06657019045128251,0.06425067162022738,0.06541043103575495,36610924.0,207200784.0
2019-09-06,0.06575835886041322,0.06599031074351873,0.06483055132799116,0.06575835886041322,16512503.0,93081152.0
2019-09-09,0.06726604610059905,0.06761397392525732,0.06564238291886046,0.06599031074351873,20820492.0,118913832.0
2019-09-10,0.06610628668507149,0.06703409421749354,0.06541043103575495,0.066338238568177,20546230.0,117183376.0
2019-09-11,0.06657019045128251,0.06691811827594078,0.0655264069773077,0.06610628668507149,18540684.0,105658888.0
2019-09-12,0.06622226262662424,0.06680214233438803,0.06575835886041322,0.066338238568177,14863250.0,84912648.0
2019-09-16,0.06645421450972977,0.06645421450972977,0.06564238291886046,0.06599031074351873,12076028.0,68835936.0
2019-09-17,0.06599031074351873,0.06599031074351873,0.06401871973712185,0.06448262350333288,15765937.0,88029680.0
2019-09-18,0.06448262350333288,0.06483055132799116,0.06413469567867462,0.06448262350333288,7689336.0,42805948.0
2019-09-19,0.06459859944488565,0.0647145753864384,0.06378676785401635,0.06459859944488565,9847008.0,54513100.0
2019-09-20,0.06436664756178014,0.06459859944488565,0.06401871973712185,0.06459859944488565,8941580.0,49581192.0
2019-09-23,0.06413469567867462,0.06413469567867462,0.06297493626314704,0.06343884002935807,12052200.0,65821944.0
2019-09-24,0.06343884002935807,0.06413469567867462,0.06262700843848878,0.06320688814625257,9841702.0,53937592.0
2019-09-25,0.06309091220469981,0.06390274379556911,0.06251103249693601,0.06343884002935807,10179374.0,55504576.0
2019-09-26,0.06343884002935807,0.06529445509420219,0.06297493626314704,0.06413469567867462,28114820.0,156031520.0
2019-09-27,0.06390274379556911,0.0647145753864384,0.06309091220469981,0.06332286408780533,15535151.0,85238936.0
2019-09-30,0.06332286408780533,0.06343884002935807,0.06204712873072499,0.06204712873072499,11176229.0,60423268.0
2019-10-08,0.06158322496451396,0.06355481597091084,0.06158322496451396,0.06285896032159428,11460963.0,61985204.0
2019-10-09,0.06251103249693601,0.06657019045128251,0.06251103249693601,0.06506250321109668,34023976.0,190547968.0
2019-10-10,0.06506250321109668,0.06506250321109668,0.06390274379556911,0.06483055132799116,18479518.0,102843048.0
2019-10-11,0.06483055132799116,0.066338238568177,0.06459859944488565,0.06610628668507149,28500728.0,161523184.0
2019-10-14,0.06645421450972977,0.07016544463941798,0.06587433480196597,0.0681938536330211,57788128.0,339895328.0
2019-10-15,0.06761397392525732,0.0681938536330211,0.06703409421749354,0.06784592580836284,24080556.0,140371856.0
2019-10-16,0.06830982957457386,0.06912166116544317,0.06668616639283527,0.06691811827594078,25931282.0,151422704.0
2019-10-17,0.06691811827594078,0.06842580551612663,0.06657019045128251,0.06726604610059905,17873776.0,103782720.0
2019-10-18,0.06749799798370458,0.06784592580836284,0.06517847915264943,0.0655264069773077,20839000.0,119028632.0
2019-10-21,0.06564238291886046,0.06657019045128251,0.06459859944488565,0.066338238568177,17907502.0,101560040.0
2019-10-22,0.06657019045128251,0.06703409421749354,0.0655264069773077,0.06680214233438803,14669660.0,84004608.0
2019-10-23,0.06657019045128251,0.06970154087320696,0.06599031074351873,0.06900568522389042,50332092.0,297538400.0
2019-10-24,0.06842580551612663,0.07468850635997551,0.06807787769146836,0.07213703564581485,92773112.0,577284800.0
2019-10-25,0.07167313187960382,0.0730648431782369,0.07109325217184004,0.07236898752892036,52585984.0,326555488.0
2019-10-28,0.07051337246407625,0.07155715593805106,0.06993349275631247,0.07086130028873452,47899264.0,291765440.0
2019-10-29,0.07062934840562901,0.07062934840562901,0.06935361304854869,0.0695855649316542,33024292.0,198895456.0
2019-10-30,0.06912166116544317,0.0712092281133928,0.06877373334078489,0.07004946869786523,36925268.0,223859488.0
2019-10-31,0.06970154087320696,0.06993349275631247,0.06761397392525732,0.06796190174991561,30278890.0,179180336.0
2019-11-01,0.0681938536330211,0.07097727623028728,0.06796190174991561,0.07074532434718177,39952128.0,240415296.0
2019-11-04,0.07086130028873452,0.07225301158736762,0.0698175168147597,0.07004946869786523,32024720.0,195239552.0
2019-11-05,0.07016544463941798,0.07167313187960382,0.06935361304854869,0.07086130028873452,38136816.0,233232976.0
2019-11-06,0.07028142058097074,0.07190508376270933,0.0698175168147597,0.0712092281133928,32325712.0,197589024.0
2019-11-07,0.07155715593805106,0.0730648431782369,0.07062934840562901,0.07144117999649831,30734464.0,189487088.0
2019-11-08,0.07190508376270933,0.07190508376270933,0.06946958899010144,0.0695855649316542,34225896.0,207368112.0
2019-11-11,0.06888970928233766,0.06888970928233766,0.06691811827594078,0.0671500701590463,27528400.0,161348720.0
2019-11-12,0.06703409421749354,0.06761397392525732,0.06657019045128251,0.0671500701590463,13274782.0,76810888.0
2019-11-13,0.06680214233438803,0.06703409421749354,0.06587433480196597,0.06691811827594078,17441120.0,99787504.0
2019-11-14,0.06668616639283527,0.06738202204215181,0.06622226262662424,0.06680214233438803,13923618.0,80131000.0
2019-11-15,0.06668616639283527,0.06738202204215181,0.06610628668507149,0.066338238568177,11894778.0,68373344.0
2019-11-18,0.06599031074351873,0.0671500701590463,0.06575835886041322,0.06657019045128251,12137737.0,69592304.0
2019-11-19,0.06645421450972977,0.06726604610059905,0.066338238568177,0.06726604610059905,11005449.0,63506544.0
2019-11-20,0.0671500701590463,0.06738202204215181,0.06587433480196597,0.06587433480196597,13949812.0,80054280.0
2019-11-21,0.0655264069773077,0.06599031074351873,0.06506250321109668,0.06529445509420219,12354411.0,69683200.0
2019-11-22,0.06529445509420219,0.06575835886041322,0.06378676785401635,0.06401871973712185,15579976.0,86932552.0
2019-11-25,0.06436664756178014,0.0655264069773077,0.06401871973712185,0.06541043103575495,16109128.0,90171504.0
2019-11-26,0.06541043103575495,0.0655264069773077,0.06459859944488565,0.0647145753864384,9720387.0,54494392.0
2019-11-27,0.06459859944488565,0.0647145753864384,0.06390274379556911,0.06401871973712185,7921100.0,43858868.0
2019-11-28,0.06401871973712185,0.06436664756178014,0.06378676785401635,0.06401871973712185,5917300.0,32639644.0
2019-11-29,0.06413469567867462,0.06517847915264943,0.06401871973712185,0.06459859944488565,9390938.0,52228392.0
2019-12-02,0.06483055132799116,0.06494652726954392,0.06425067162022738,0.06459859944488565,5488506.0,30543118.0
2019-12-03,0.06425067162022738,0.06506250321109668,0.06413469567867462,0.06506250321109668,5955526.0,33250648.0
2019-12-04,0.06483055132799116,0.06506250321109668,0.06459859944488565,0.0647145753864384,5170477.0,28879984.0
2019-12-05,0.0647145753864384,0.06564238291886046,0.0647145753864384,0.06564238291886046,10280080.0,57869616.0
2019-12-06,0.06541043103575495,0.06587433480196597,0.06494652726954392,0.0655264069773077,7782835.0,43848520.0
2019-12-09,0.06541043103575495,0.06564238291886046,0.06448262350333288,0.0647145753864384,14092885.0,78937904.0
2019-12-10,0.06425067162022738,0.06436664756178014,0.06227908061383051,0.06274298438004154,26825122.0,145790384.0
2019-12-11,0.06262700843848878,0.06332286408780533,0.06262700843848878,0.06297493626314704,11804119.0,64110192.0
2019-12-12,0.06285896032159428,0.06320688814625257,0.06262700843848878,0.06274298438004154,8917300.0,48446168.0
2019-12-13,0.06320688814625257,0.06529445509420219,0.06297493626314704,0.06517847915264943,26646186.0,147790736.0
2019-12-16,0.06517847915264943,0.06575835886041322,0.06448262350333288,0.06575835886041322,19373212.0,108799360.0
2019-12-17,0.0655264069773077,0.06912166116544317,0.06517847915264943,0.06772994986681008,44147880.0,256484704.0
2019-12-18,0.0671500701590463,0.06865775739923215,0.06691811827594078,0.06703409421749354,29044840.0,169341936.0
2019-12-19,0.0671500701590463,0.06888970928233766,0.06703409421749354,0.06761397392525732,23494008.0,137522048.0
2019-12-20,0.06726604610059905,0.07074532434718177,0.06726604610059905,0.06865775739923215,45006068.0,267546864.0
2019-12-23,0.06842580551612663,0.0695855649316542,0.06622226262662424,0.06668616639283527,28569848.0,167457312.0
2019-12-24,0.06680214233438803,0.06738202204215181,0.06610628668507149,0.0671500701590463,18242964.0,105176512.0
2019-12-25,0.06691811827594078,0.06796190174991561,0.06610628668507149,0.06726604610059905,18887574.0,108967560.0
2019-12-26,0.06738202204215181,0.06784592580836284,0.06645421450972977,0.06784592580836284,20374362.0,117944368.0
2019-12-27,0.06749799798370458,0.06935361304854869,0.06726604610059905,0.06749799798370458,31088326.0,182898688.0
2019-12-30,0.06668616639283527,0.06865775739923215,0.06564238291886046,0.06842580551612663,29229488.0,169852320.0
2019-12-31,0.06796190174991561,0.06900568522389042,0.06784592580836284,0.06888970928233766,24208730.0,142818016.0
2020-01-02,0.0703973965225235,0.07074532434718177,0.06900568522389042,0.06912166116544317,43556184.0,262109104.0
2020-01-03,0.06877373334078489,0.06935361304854869,0.06854178145767939,0.06900568522389042,22472700.0,133644648.0
2020-01-06,0.06842580551612663,0.06900568522389042,0.06784592580836284,0.06807787769146836,23640948.0,139326096.0
2020-01-07,0.06807787769146836,0.06877373334078489,0.06772994986681008,0.06842580551612663,16895948.0,99388616.0
2020-01-08,0.0681938536330211,0.0681938536330211,0.06703409421749354,0.06703409421749354,18735572.0,109103152.0
2020-01-09,0.06749799798370458,0.06784592580836284,0.06680214233438803,0.06738202204215181,15678188.0,90950304.0
2020-01-10,0.06749799798370458,0.06772994986681008,0.06703409421749354,0.06738202204215181,9806781.0,56963740.0
2020-01-13,0.0671500701590463,0.06784592580836284,0.066338238568177,0.06784592580836284,14990398.0,86635024.0
2020-01-14,0.06784592580836284,0.06830982957457386,0.06691811827594078,0.06691811827594078,17154922.0,99963400.0
2020-01-15,0.06680214233438803,0.06726604610059905,0.06610628668507149,0.06645421450972977,11725194.0,67226672.0
2020-01-16,0.06645421450972977,0.06657019045128251,0.06587433480196597,0.066338238568177,10005775.0,57093988.0
2020-01-17,0.066338238568177,0.06703409421749354,0.06610628668507149,0.06622226262662424,10089631.0,57919356.0
2020-01-20,0.06610628668507149,0.06622226262662424,0.06529445509420219,0.06622226262662424,10082925.0,57272844.0
2020-01-21,0.06575835886041322,0.06575835886041322,0.06425067162022738,0.06436664756178014,19755456.0,110284512.0
2020-01-22,0.06436664756178014,0.06494652726954392,0.06355481597091084,0.0647145753864384,13279579.0,73776808.0
2020-01-23,0.06448262350333288,0.06529445509420219,0.06297493626314704,0.06355481597091084,19372224.0,107224280.0
2020-02-03,0.05717613918550919,0.05856785048414228,0.05717613918550919,0.05717613918550919,29994192.0,148537728.0
2020-02-04,0.056944187302403686,0.05995956178277537,0.056944187302403686,0.05926370613345883,35305760.0,177351376.0
2020-02-05,0.05891577830880056,0.060655417432091914,0.0587998023672478,0.05949565801656434,23217526.0,119260376.0
2020-02-06,0.05961163395811709,0.06053944149053915,0.059031754250353306,0.06019151366588089,23263528.0,119779760.0
2020-02-07,0.05984358584122261,0.06019151366588089,0.05914773019190606,0.05972760989966985,18836052.0,96719280.0
2020-02-10,0.05937968207501158,0.06030748960743364,0.059031754250353306,0.06030748960743364,17435372.0,90011224.0
2020-02-11,0.060423465548986394,0.06181517684761948,0.05995956178277537,0.06088736931519742,28078052.0,148015824.0
2020-02-12,0.06088736931519742,0.06216310467227775,0.06030748960743364,0.06181517684761948,21595620.0,114068968.0
2020-02-13,0.06181517684761948,0.06181517684761948,0.06077139337364467,0.06088736931519742,17269312.0,91110656.0
2020-02-14,0.060655417432091914,0.06181517684761948,0.06053944149053915,0.061119321198302934,13567730.0,71500800.0
2020-02-17,0.061119321198302934,0.06448262350333288,0.06088736931519742,0.06425067162022738,34683360.0,186749712.0
2020-02-18,0.06343884002935807,0.0636707919124636,0.06262700843848878,0.06297493626314704,26295232.0,142991648.0
2020-02-19,0.06274298438004154,0.06378676785401635,0.06251103249693601,0.06262700843848878,23867888.0,130086552.0
2020-02-20,0.06274298438004154,0.06517847915264943,0.06216310467227775,0.06448262350333288,40050896.0,220135504.0
2020-02-21,0.06390274379556911,0.0655264069773077,0.0636707919124636,0.06436664756178014,35452004.0,196786592.0
2020-02-24,0.06390274379556911,0.06425067162022738,0.06320688814625257,0.0636707919124636,27964740.0,153421136.0
2020-02-25,0.062395056555383265,0.06320688814625257,0.06158322496451396,0.06274298438004154,28293916.0,152316272.0
2020-02-26,0.06216310467227775,0.0655264069773077,0.06181517684761948,0.06448262350333288,55422068.0,307814016.0
2020-02-27,0.06390274379556911,0.066338238568177,0.06378676785401635,0.06541043103575495,48778984.0,272885408.0
2020-02-28,0.06390274379556911,0.0647145753864384,0.06251103249693601,0.06251103249693601,35312908.0,193528256.0
2020-03-02,0.062395056555383265,0.06448262350333288,0.062395056555383265,0.06413469567867462,28257762.0,155034384.0
2020-03-03,0.06448262350333288,0.06517847915264943,0.06355481597091084,0.06401871973712185,32886048.0,182520496.0
2020-03-04,0.06355481597091084,0.06425067162022738,0.06320688814625257,0.06425067162022738,21767026.0,119468016.0
2020-03-05,0.06459859944488565,0.07062934840562901,0.06436664756178014,0.07062934840562901,77954384.0,459215136.0
2020-03-06,0.07248496347047312,0.07654412142481962,0.07097727623028728,0.07109325217184004,175558896.0,1107993984.0
2020-03-09,0.06888970928233766,0.0703973965225235,0.06726604610059905,0.06761397392525732,99366808.0,588592512.0
2020-03-10,0.06749799798370458,0.07352874694444793,0.06738202204215181,0.07178910782115658,122865216.0,752197760.0
2020-03-11,0.07097727623028728,0.07318081911978966,0.06923763710699592,0.06923763710699592,88759480.0,541765568.0
2020-03-12,0.07132520405494555,0.07318081911978966,0.07074532434718177,0.07236898752892036,100820840.0,625389120.0
2020-03-13,0.06970154087320696,0.0795594959051913,0.06865775739923215,0.0795594959051913,155749360.0,1003330048.0
2020-03-16,0.07654412142481962,0.07747192895724167,0.07155715593805106,0.07155715593805106,154548384.0,993053504.0
2020-03-17,0.07248496347047312,0.07352874694444793,0.0695855649316542,0.07074532434718177,86147008.0,532372704.0
2020-03-18,0.07109325217184004,0.07144117999649831,0.06680214233438803,0.06680214233438803,87538632.0,521228864.0
2020-03-19,0.06622226262662424,0.06888970928233766,0.06436664756178014,0.06738202204215181,80347704.0,459729984.0
2020-03-20,0.06749799798370458,0.06784592580836284,0.06529445509420219,0.06680214233438803,64912840.0,372315648.0
2020-03-23,0.06448262350333288,0.06517847915264943,0.061351273081408454,0.06204712873072499,57039136.0,311796960.0
2020-03-24,0.06343884002935807,0.06494652726954392,0.06227908061383051,0.06390274379556911,50246760.0,276069952.0
2020-03-25,0.06564238291886046,0.06772994986681008,0.06390274379556911,0.06610628668507149,63565892.0,360574432.0
2020-03-26,0.06517847915264943,0.06796190174991561,0.06459859944488565,0.06622226262662424,53845740.0,307641952.0
2020-03-27,0.06703409421749354,0.06796190174991561,0.0655264069773077,0.06564238291886046,47069224.0,270172096.0
2020-03-30,0.06401871973712185,0.06541043103575495,0.06378676785401635,0.06436664756178014,32635856.0,181506256.0
2020-03-31,0.06506250321109668,0.06599031074351873,0.06355481597091084,0.06378676785401635,27417972.0,153008128.0
2020-04-01,0.0647145753864384,0.06668616639283527,0.06459859944488565,0.06494652726954392,44044668.0,248841040.0
2020-04-02,0.06401871973712185,0.06657019045128251,0.06401871973712185,0.06645421450972977,39908520.0,224949888.0
2020-04-03,0.06622226262662424,0.06900568522389042,0.06599031074351873,0.06703409421749354,65417072.0,379817760.0
2020-04-07,0.06796190174991561,0.06888970928233766,0.06691811827594078,0.06772994986681008,61704396.0,360398368.0
2020-04-08,0.0671500701590463,0.06761397392525732,0.06575835886041322,0.066338238568177,45363460.0,261075248.0
2020-04-09,0.06657019045128251,0.06726604610059905,0.06610628668507149,0.066338238568177,35675460.0,204862352.0
2020-04-10,0.066338238568177,0.06749799798370458,0.0647145753864384,0.06506250321109668,48694272.0,277223776.0
2020-04-13,0.06425067162022738,0.06448262350333288,0.06274298438004154,0.06332286408780533,33791804.0,185331984.0
2020-04-14,0.06378676785401635,0.06436664756178014,0.06343884002935807,0.06436664756178014,22777888.0,125548136.0
2020-04-15,0.06413469567867462,0.06425067162022738,0.06285896032159428,0.06297493626314704,25317022.0,138767040.0
2020-04-16,0.06262700843848878,0.06425067162022738,0.06204712873072499,0.06378676785401635,28444736.0,155494592.0
2020-04-17,0.06378676785401635,0.06436664756178014,0.06309091220469981,0.06320688814625257,29050800.0,159731200.0
2020-04-20,0.06355481597091084,0.0636707919124636,0.06262700843848878,0.06309091220469981,21408500.0,116296520.0
2020-04-21,0.06262700843848878,0.06459859944488565,0.06262700843848878,0.06448262350333288,40645028.0,223117936.0
2020-04-22,0.06390274379556911,0.06390274379556911,0.06309091220469981,0.06355481597091084,27882698.0,152258416.0
2020-04-23,0.06343884002935807,0.06355481597091084,0.06285896032159428,0.06285896032159428,18792150.0,102241576.0
2020-04-24,0.06285896032159428,0.06309091220469981,0.06204712873072499,0.06216310467227775,18979144.0,102467216.0
2020-04-27,0.06227908061383051,0.0647145753864384,0.06216310467227775,0.06320688814625257,45110712.0,247588608.0
2020-04-28,0.06320688814625257,0.06332286408780533,0.06088736931519742,0.06216310467227775,29304236.0,156626016.0
2020-04-29,0.061699200906066724,0.06343884002935807,0.061699200906066724,0.06309091220469981,26928712.0,145899840.0
2020-04-30,0.06332286408780533,0.06413469567867462,0.06320688814625257,0.06355481597091084,28767030.0,157650144.0
2020-05-06,0.06297493626314704,0.0636707919124636,0.062395056555383265,0.06355481597091084,23681766.0,128520112.0
2020-05-07,0.06355481597091084,0.06378676785401635,0.06309091220469981,0.06332286408780533,16864820.0,92236112.0
2020-05-08,0.0636707919124636,0.0647145753864384,0.06343884002935807,0.06413469567867462,28539704.0,157603120.0
2020-05-11,0.06413469567867462,0.06448262350333288,0.06320688814625257,0.0636707919124636,21679020.0,119402392.0
2020-05-12,0.06378676785401635,0.06401871973712185,0.06285896032159428,0.06320688814625257,13464547.0,73542440.0
2020-05-13,0.06285896032159428,0.06343884002935807,0.06274298438004154,0.06320688814625257,12029300.0,65435472.0
2020-05-14,0.06297493626314704,0.06320688814625257,0.062395056555383265,0.06251103249693601,13857500.0,74940808.0
2020-05-15,0.06285896032159428,0.06309091220469981,0.062395056555383265,0.062395056555383265,9424438.0,50878052.0
2020-05-18,0.06227908061383051,0.06309091220469981,0.06216310467227775,0.06274298438004154,12390818.0,67038420.0
2020-05-19,0.06320688814625257,0.06343884002935807,0.06274298438004154,0.06285896032159428,11084743.0,60175920.0
2020-05-20,0.06297493626314704,0.0636707919124636,0.06227908061383051,0.06309091220469981,22104522.0,119839992.0
2020-05-21,0.06297493626314704,0.06320688814625257,0.06227908061383051,0.062395056555383265,13149015.0,71015160.0
2020-05-22,0.062395056555383265,0.062395056555383265,0.0612352971398557,0.0612352971398557,16176987.0,86163256.0
2020-05-25,0.0612352971398557,0.061467249022961204,0.06030748960743364,0.060655417432091914,11312900.0,59217900.0
2020-05-26,0.06088736931519742,0.0612352971398557,0.060655417432091914,0.061119321198302934,9317495.0,48959912.0
2020-05-27,0.0612352971398557,0.06193115278917223,0.06077139337364467,0.06088736931519742,11525919.0,60883276.0
2020-05-28,0.06088736931519742,0.06204712873072499,0.06088736931519742,0.06181517684761948,15153445.0,80457152.0
2020-05-29,0.061351273081408454,0.06158322496451396,0.06077139337364467,0.06100334525675018,18544208.0,97803360.0
2020-06-01,0.0612352971398557,0.06262700843848878,0.061119321198302934,0.062395056555383265,26620332.0,142385600.0
2020-06-02,0.062395056555383265,0.06285896032159428,0.06216310467227775,0.06274298438004154,20310308.0,109606464.0
2020-06-03,0.06297493626314704,0.06425067162022738,0.06262700843848878,0.06274298438004154,34031900.0,186080784.0
2020-06-04,0.06262700843848878,0.06285896032159428,0.06193115278917223,0.06204712873072499,20026200.0,107398808.0
2020-06-05,0.06216310467227775,0.06251103249693601,0.06181517684761948,0.062395056555383265,13609719.0,72865304.0
2020-06-08,0.06262700843848878,0.06274298438004154,0.06181517684761948,0.06181517684761948,16627723.0,89213552.0
2020-06-09,0.06216310467227775,0.06251103249693601,0.06181517684761948,0.06227908061383051,13414317.0,71975456.0
2020-06-10,0.06216310467227775,0.06227908061383051,0.06158322496451396,0.061699200906066724,11183396.0,59597272.0
2020-06-11,0.06158322496451396,0.062395056555383265,0.061351273081408454,0.06158322496451396,13301347.0,70850152.0
2020-06-12,0.06088736931519742,0.06181517684761948,0.06053944149053915,0.061467249022961204,13714804.0,72517192.0
2020-06-15,0.0612352971398557,0.061699200906066724,0.06088736931519742,0.06100334525675018,16651351.0,87936056.0
2020-06-16,0.061351273081408454,0.06158322496451396,0.061119321198302934,0.06158322496451396,11083247.0,58697024.0
2020-06-17,0.061467249022961204,0.06158322496451396,0.06100334525675018,0.061351273081408454,11194930.0,59141564.0
2020-06-18,0.061119321198302934,0.06251103249693601,0.06088736931519742,0.06227908061383051,24800810.0,132391360.0
2020-06-19,0.06204712873072499,0.06320688814625257,0.06193115278917223,0.06274298438004154,30798956.0,166144368.0
2020-06-22,0.06262700843848878,0.06436664756178014,0.062395056555383265,0.06320688814625257,41767780.0,229225280.0
2020-06-23,0.06297493626314704,0.06320688814625257,0.062395056555383265,0.06262700843848878,20276050.0,109601848.0
2020-06-24,0.06309091220469981,0.06888970928233766,0.06297493626314704,0.0671500701590463,125083240.0,728620608.0
2020-06-29,0.0695855649316542,0.07074532434718177,0.06529445509420219,0.06575835886041322,110386520.0,646014592.0
2020-06-30,0.0861008727524835,0.09477403759018788,0.08562779103406326,0.09083168993668589,105059472.0,591842816.0
2020-07-01,0.08988552649984542,0.09556250712088828,0.08862397525072478,0.09445864977790773,123419552.0,723790848.0
2020-07-02,0.09319709852878709,0.10218565117877164,0.09272401681036685,0.09840099743140972,147232288.0,907725312.0
2020-07-03,0.09792791571298948,0.10250103899105178,0.09587789493316844,0.10013563039895058,146426000.0,922980480.0
2020-07-06,0.10123948774193114,0.1102280403919157,0.09950485477439026,0.1102280403919157,197201856.0,1314259712.0
2020-07-07,0.11511655148225816,0.11763965398049943,0.10849340742437481,0.11007034648577561,217126096.0,1561459456.0
2020-07-08,0.10691646836297403,0.11417038804541768,0.10581261101999347,0.11259344898401688,160877136.0,1124863744.0
2020-07-09,0.11038573429805577,0.1132242246085772,0.10896648914279505,0.11117420382875616,123653176.0,869301184.0
2020-07-10,0.1086511013305149,0.10975495867349545,0.1039202841463125,0.10439336586473275,119045952.0,804335680.0
2020-07-13,0.10218565117877164,0.11196267335945656,0.10202795727263154,0.10817801961209465,106208216.0,720774784.0
2020-07-14,0.10660108055069385,0.10849340742437481,0.10344720242789227,0.10675877445683393,74844456.0,504082304.0
2020-07-15,0.10644338664455377,0.10754724398753435,0.10265873289719187,0.1039202841463125,61531272.0,408309760.0
2020-07-16,0.10360489633403235,0.11432808195155776,0.1031318146156121,0.1124357550778768,253735776.0,1791846528.0
2020-07-17,0.10975495867349545,0.1132242246085772,0.10123948774193114,0.10155487555421132,193216912.0,1294135552.0
2020-07-20,0.1007664060235109,0.1062856927384137,0.09871638524368988,0.10486644758315299,118721576.0,774249792.0
2020-07-21,0.10376259024017243,0.11007034648577561,0.10376259024017243,0.10612799883227363,117538456.0,798964544.0
2020-07-22,0.1054972232077133,0.11117420382875616,0.10407797805245257,0.10691646836297403,103476840.0,706086528.0
2020-07-23,0.10581261101999347,0.10802032570595457,0.10297412070947203,0.1054972232077133,70317648.0,469359456.0
2020-07-24,0.1054972232077133,0.10738955008139425,0.09808560961912956,0.09840099743140972,86041288.0,557135360.0
2020-07-27,0.09871638524368988,0.0999779364928105,0.09461634368404781,0.09572020102702837,55823984.0,341010592.0
2020-07-28,0.09650867055772876,0.09713944618228908,0.09461634368404781,0.0961932827454486,40777652.0,248159136.0
2020-07-29,0.09556250712088828,0.09887407914982994,0.09508942540246805,0.09887407914982994,51705868.0,320209920.0
2020-07-30,0.09887407914982994,0.09887407914982994,0.0954048132147482,0.09635097665158869,55910936.0,344060800.0
2020-07-31,0.0961932827454486,0.09903177305597004,0.09572020102702837,0.09713944618228908,50086932.0,309275488.0
2020-08-03,0.0985586913375498,0.09966254868053036,0.09761252790070932,0.09918946696211012,55427492.0,346122272.0
2020-08-04,0.09903177305597004,0.10423567195859267,0.09729714008842916,0.10171256946035138,114158944.0,732272576.0
2020-08-05,0.09966254868053036,0.10013563039895058,0.0977702218068494,0.09887407914982994,64424248.0,402932832.0
2020-08-06,0.09887407914982994,0.0999779364928105,0.09729714008842916,0.09918946696211012,49964884.0,311902944.0
2020-08-07,0.09808560961912956,0.09934716086825018,0.09635097665158869,0.09666636446386884,43306972.0,267449328.0
2020-08-10,0.09666636446386884,0.0985586913375498,0.09603558883930852,0.09808560961912956,41448124.0,257190272.0
2020-08-11,0.09808560961912956,0.1023433450849117,0.09729714008842916,0.09761252790070932,79299280.0,503866080.0
2020-08-12,0.09666636446386884,0.09982024258667044,0.09666636446386884,0.0985586913375498,49317236.0,307402752.0
2020-08-13,0.0985586913375498,0.09918946696211012,0.09745483399456924,0.09871638524368988,37133144.0,231293472.0
2020-08-14,0.09824330352526964,0.10060871211737082,0.09729714008842916,0.10045101821123076,51264512.0,322400704.0
2020-08-17,0.10108179383579108,0.10707416226911409,0.10045101821123076,0.10470875367701289,112155192.0,740794048.0
2020-08-18,0.10344720242789227,0.10786263179981449,0.10328950852175219,0.1062856927384137,82731176.0,552631680.0
2020-08-19,0.10518183539543315,0.1062856927384137,0.10250103899105178,0.10328950852175219,57727884.0,382989536.0
2020-08-20,0.10218565117877164,0.10407797805245257,0.10045101821123076,0.10139718164807122,41484640.0,268326576.0
2020-08-21,0.10202795727263154,0.1023433450849117,0.09982024258667044,0.10045101821123076,32912888.0,210783952.0
2020-08-24,0.10060871211737082,0.1007664060235109,0.09934716086825018,0.09982024258667044,26411582.0,167459824.0
2020-08-25,0.10013563039895058,0.10123948774193114,0.09887407914982994,0.09966254868053036,27107116.0,171808640.0
2020-08-26,0.09934716086825018,0.10013563039895058,0.09792791571298948,0.09824330352526964,29481672.0,184801328.0
2020-08-27,0.09871638524368988,0.09950485477439026,0.09792791571298948,0.09918946696211012,22913968.0,143543840.0
2020-08-28,0.0985586913375498,0.10139718164807122,0.09840099743140972,0.10108179383579108,44953868.0,286010944.0
2020-08-31,0.100924099929651,0.10218565117877164,0.09918946696211012,0.09918946696211012,46357528.0,296041408.0
2020-09-01,0.09871638524368988,0.09903177305597004,0.09745483399456924,0.09824330352526964,31293082.0,194734336.0
2020-09-02,0.09871638524368988,0.09887407914982994,0.096981752276149,0.09729714008842916,27503272.0,170221088.0
2020-09-03,0.09729714008842916,0.09824330352526964,0.0961932827454486,0.09650867055772876,24461646.0,150597664.0
2020-09-04,0.09524711930860812,0.09650867055772876,0.09524711930860812,0.0961932827454486,22910672.0,139239568.0
2020-09-07,0.0961932827454486,0.09666636446386884,0.09493173149632796,0.09493173149632796,22998792.0,139667424.0
2020-09-08,0.09508942540246805,0.09682405837000892,0.09508942540246805,0.09666636446386884,24759860.0,151045440.0
2020-09-09,0.09587789493316844,0.09713944618228908,0.09556250712088828,0.0961932827454486,25316578.0,154769984.0
2020-09-10,0.09682405837000892,0.096981752276149,0.09508942540246805,0.09603558883930852,26224608.0,159693120.0
2020-09-11,0.09556250712088828,0.09587789493316844,0.09430095587176765,0.09508942540246805,19134730.0,115301008.0
2020-09-14,0.09508942540246805,0.09603558883930852,0.09445864977790773,0.09556250712088828,18229388.0,109929568.0
2020-09-15,0.09508942540246805,0.0954048132147482,0.09445864977790773,0.09524711930860812,12681217.0,76396648.0
2020-09-16,0.09524711930860812,0.09603558883930852,0.09461634368404781,0.09524711930860812,13285505.0,80305616.0
2020-09-17,0.09493173149632796,0.0954048132147482,0.09430095587176765,0.09477403759018788,14369800.0,86403048.0
2020-09-18,0.09493173149632796,0.09713944618228908,0.09445864977790773,0.096981752276149,33789748.0,205807040.0
2020-09-21,0.09761252790070932,0.09792791571298948,0.09587789493316844,0.09587789493316844,21451180.0,131334568.0
2020-09-22,0.09524711930860812,0.09918946696211012,0.09508942540246805,0.09635097665158869,32347392.0,198549248.0
2020-09-23,0.09603558883930852,0.09650867055772876,0.09524711930860812,0.09556250712088828,15621512.0,94813152.0
2020-09-24,0.09524711930860812,0.09572020102702837,0.09445864977790773,0.09461634368404781,14898277.0,89665144.0
2020-09-25,0.09461634368404781,0.09524711930860812,0.09414326196562756,0.09461634368404781,10940573.0,65667012.0
2020-09-28,0.09508942540246805,0.09508942540246805,0.09445864977790773,0.09477403759018788,8747263.0,52556056.0
2020-09-29,0.09477403759018788,0.0954048132147482,0.09461634368404781,0.09461634368404781,10054600.0,60545024.0
2020-09-30,0.09461634368404781,0.09493173149632796,0.09209324118580653,0.09209324118580653,18199400.0,107626696.0
2020-10-09,0.09288171071650692,0.09335479243492717,0.09240862899808669,0.09288171071650692,14017685.0,82631432.0
2020-10-12,0.09319709852878709,0.09635097665158869,0.09288171071650692,0.0961932827454486,34374360.0,207787792.0
2020-10-13,0.09556250712088828,0.09572020102702837,0.09493173149632796,0.09556250712088828,14742615.0,89147008.0
2020-10-14,0.09603558883930852,0.096981752276149,0.09508942540246805,0.0954048132147482,17861812.0,108634608.0
2020-10-15,0.0954048132147482,0.09792791571298948,0.0954048132147482,0.0961932827454486,30407402.0,186641456.0
2020-10-16,0.09572020102702837,0.0977702218068494,0.09556250712088828,0.09682405837000892,30053120.0,184654512.0
2020-10-19,0.09666636446386884,0.09966254868053036,0.09666636446386884,0.09666636446386884,42648260.0,265059584.0
2020-10-20,0.0961932827454486,0.0961932827454486,0.09493173149632796,0.09603558883930852,22336776.0,135393680.0
2020-10-21,0.09572020102702837,0.09761252790070932,0.09493173149632796,0.09745483399456924,29750828.0,182047600.0
2020-10-22,0.09682405837000892,0.0985586913375498,0.0961932827454486,0.09729714008842916,19889312.0,122463632.0
2020-10-23,0.09713944618228908,0.09903177305597004,0.09666636446386884,0.09808560961912956,41440020.0,257980416.0
2020-10-26,0.09761252790070932,0.09808560961912956,0.09556250712088828,0.09603558883930852,27289024.0,166737760.0
2020-10-27,0.09524711930860812,0.09603558883930852,0.09508942540246805,0.09508942540246805,15058608.0,91114800.0
2020-10-28,0.09508942540246805,0.09587789493316844,0.09398556805948749,0.09493173149632796,16605890.0,99853056.0
2020-10-29,0.09398556805948749,0.09445864977790773,0.09303940462264701,0.09398556805948749,15531829.0,92454904.0
2020-10-30,0.09367018024720733,0.09461634368404781,0.09130477165510613,0.09146246556124621,18996296.0,111954184.0
2020-11-02,0.09146246556124621,0.09288171071650692,0.09146246556124621,0.09256632290422677,13509229.0,78916584.0
2020-11-03,0.09193554727966645,0.09398556805948749,0.09193554727966645,0.09351248634106724,13319293.0,78793472.0
2020-11-04,0.09398556805948749,0.09461634368404781,0.09272401681036685,0.09319709852878709,12436945.0,73748888.0
2020-11-05,0.09398556805948749,0.09445864977790773,0.09319709852878709,0.09351248634106724,18377590.0,109024312.0
2020-11-06,0.09382787415334741,0.09382787415334741,0.09240862899808669,0.09288171071650692,16397433.0,96749064.0
2020-11-09,0.09335479243492717,0.096981752276149,0.09288171071650692,0.09587789493316844,43240496.0,260721792.0
2020-11-10,0.09666636446386884,0.09761252790070932,0.09414326196562756,0.09461634368404781,37293904.0,226092480.0
2020-11-11,0.09430095587176765,0.09524711930860812,0.09367018024720733,0.09461634368404781,20474978.0,122742424.0
2020-11-12,0.09414326196562756,0.09430095587176765,0.09303940462264701,0.09335479243492717,16206832.0,96171904.0
2020-11-13,0.09288171071650692,0.09288171071650692,0.09209324118580653,0.09256632290422677,13836166.0,81132624.0
2020-11-16,0.09303940462264701,0.09351248634106724,0.09256632290422677,0.09319709852878709,11800436.0,69613456.0
2020-11-17,0.09303940462264701,0.09445864977790773,0.09303940462264701,0.09398556805948749,17945684.0,106724800.0
2020-11-18,0.09351248634106724,0.09603558883930852,0.09335479243492717,0.0954048132147482,36130072.0,218011344.0
2020-11-19,0.0954048132147482,0.096981752276149,0.09461634368404781,0.0961932827454486,31378948.0,190618112.0
2020-11-20,0.0954048132147482,0.09587789493316844,0.09477403759018788,0.09524711930860812,18373616.0,110832480.0
2020-11-23,0.09461634368404781,0.096981752276149,0.09461634368404781,0.09650867055772876,31843504.0,194305616.0
2020-11-24,0.0961932827454486,0.09729714008842916,0.09603558883930852,0.0961932827454486,21887972.0,133955888.0
2020-11-25,0.096981752276149,0.10045101821123076,0.09650867055772876,0.09713944618228908,61461736.0,383181696.0
2020-11-26,0.09761252790070932,0.09982024258667044,0.09713944618228908,0.0985586913375498,58351440.0,365248192.0
2020-11-27,0.09840099743140972,0.10281642680333195,0.09792791571298948,0.10250103899105178,101299376.0,647211904.0
2020-11-30,0.10423567195859267,0.10802032570595457,0.0999779364928105,0.10060871211737082,134094336.0,885573824.0
2020-12-01,0.1023433450849117,0.10754724398753435,0.09950485477439026,0.1054972232077133,129908776.0,853588416.0
2020-12-02,0.10581261101999347,0.10691646836297403,0.1031318146156121,0.10376259024017243,82418752.0,547467328.0
2020-12-03,0.10407797805245257,0.10817801961209465,0.10123948774193114,0.10565491711385339,99872600.0,664383680.0
2020-12-04,0.10250103899105178,0.10328950852175219,0.10029332430509068,0.1007664060235109,57020920.0,366404096.0
2020-12-07,0.10045101821123076,0.10123948774193114,0.09887407914982994,0.09934716086825018,34908456.0,221151024.0
2020-12-08,0.09934716086825018,0.10060871211737082,0.09824330352526964,0.09887407914982994,29356944.0,184910896.0
2020-12-09,0.09950485477439026,0.10139718164807122,0.0977702218068494,0.0977702218068494,46668080.0,295123424.0
2020-12-10,0.0977702218068494,0.0985586913375498,0.09666636446386884,0.09824330352526964,32696712.0,202267600.0
2020-12-11,0.09792791571298948,0.0985586913375498,0.09556250712088828,0.09635097665158869,36345760.0,223125056.0
2020-12-14,0.096981752276149,0.09745483399456924,0.09556250712088828,0.09635097665158869,19436054.0,118812840.0
2020-12-15,0.09650867055772876,0.09650867055772876,0.09414326196562756,0.09524711930860812,32981438.0,198844560.0
2020-12-16,0.09556250712088828,0.09603558883930852,0.09430095587176765,0.09477403759018788,20791716.0,125448400.0
2020-12-17,0.09461634368404781,0.09745483399456924,0.09367018024720733,0.0961932827454486,33770108.0,204431968.0
2020-12-18,0.09587789493316844,0.09650867055772876,0.09461634368404781,0.09477403759018788,21383664.0,129330600.0
2020-12-21,0.09477403759018788,0.09587789493316844,0.09398556805948749,0.0954048132147482,23047878.0,138879024.0
2020-12-22,0.09508942540246805,0.09572020102702837,0.09288171071650692,0.09303940462264701,31746448.0,189624944.0
2020-12-23,0.09319709852878709,0.09367018024720733,0.09193554727966645,0.09288171071650692,23462478.0,138240624.0
2020-12-24,0.09288171071650692,0.09398556805948749,0.09225093509194661,0.09256632290422677,16359806.0,96507400.0
2020-12-25,0.09288171071650692,0.09335479243492717,0.09146246556124621,0.09335479243492717,19826816.0,116458600.0
2020-12-28,0.09319709852878709,0.09398556805948749,0.09209324118580653,0.09303940462264701,22309324.0,131520096.0
2020-12-29,0.09288171071650692,0.09493173149632796,0.09288171071650692,0.09367018024720733,24294528.0,144586304.0
2020-12-30,0.09335479243492717,0.09508942540246805,0.09288171071650692,0.09508942540246805,27241198.0,162527680.0
2020-12-31,0.0954048132147482,0.09761252790070932,0.09461634368404781,0.0961932827454486,43291672.0,264324000.0
2021-01-04,0.0961932827454486,0.09635097665158869,0.09382787415334741,0.09493173149632796,38800120.0,232827488.0
2021-01-05,0.09477403759018788,0.09572020102702837,0.09335479243492717,0.0954048132147482,38411020.0,229779104.0
2021-01-06,0.09524711930860812,0.09587789493316844,0.09414326196562756,0.09461634368404781,24048634.0,144525008.0
2021-01-07,0.09477403759018788,0.09508942540246805,0.09193554727966645,0.09319709852878709,32911382.0,194786176.0
2021-01-08,0.09272401681036685,0.09319709852878709,0.09146246556124621,0.09256632290422677,20179820.0,118208080.0
2021-01-11,0.09225093509194661,0.09335479243492717,0.09146246556124621,0.09146246556124621,27552960.0,161374304.0
2021-01-12,0.09146246556124621,0.09209324118580653,0.08862397525072478,0.09209324118580653,41830672.0,238994960.0
2021-01-13,0.09146246556124621,0.09225093509194661,0.08988552649984542,0.09020091431212557,21985776.0,126284368.0
2021-01-14,0.08941244478142517,0.09162015946738629,0.0892547508752851,0.09035860821826566,20318120.0,116818360.0
2021-01-15,0.09114707774896605,0.09382787415334741,0.09098938384282597,0.09146246556124621,42727948.0,250231584.0
2021-01-18,0.09162015946738629,0.09272401681036685,0.09051630212440573,0.09193554727966645,25067406.0,145703648.0
2021-01-19,0.09177785337352637,0.09382787415334741,0.09083168993668589,0.09382787415334741,35054736.0,206159456.0
2021-01-20,0.09398556805948749,0.09524711930860812,0.09240862899808669,0.09272401681036685,30425320.0,180848352.0
2021-01-21,0.09240862899808669,0.09335479243492717,0.09098938384282597,0.09177785337352637,38021360.0,222408720.0
2021-01-22,0.09177785337352637,0.09209324118580653,0.08941244478142517,0.08941244478142517,32049948.0,183125488.0
2021-01-25,0.08909705696914502,0.09035860821826566,0.08830858743844461,0.08988552649984542,23636792.0,134067376.0
2021-01-26,0.08957013868756525,0.09083168993668589,0.08799319962616446,0.08815089353230453,25229868.0,142493552.0
2021-01-27,0.08783550572002438,0.09051630212440573,0.08783550572002438,0.08941244478142517,25684320.0,145758960.0
2021-01-28,0.08862397525072478,0.08893936306300493,0.08783550572002438,0.08830858743844461,20585610.0,115281584.0
2021-01-29,0.0884662813445847,0.08941244478142517,0.08783550572002438,0.0884662813445847,18442210.0,103463688.0
2021-02-01,0.08815089353230453,0.0884662813445847,0.0868893422831839,0.08783550572002438,18246084.0,101545016.0
2021-02-02,0.08799319962616446,0.08815089353230453,0.08704703618932397,0.08720473009546406,13945636.0,77466584.0
2021-02-03,0.08720473009546406,0.08736242400160414,0.08405085197266246,0.08452393369108271,26456852.0,143130096.0
2021-02-04,0.08420854587880254,0.08673164837704382,0.08357777025424222,0.08515470931564303,29103080.0,157642592.0
2021-02-05,0.08515470931564303,0.09035860821826566,0.08452393369108271,0.08988552649984542,55331932.0,310710816.0
2021-02-08,0.09004322040598549,0.09004322040598549,0.08752011790774422,0.08878166915686485,27353868.0,154058672.0
2021-02-09,0.08862397525072478,0.08972783259370534,0.08783550572002438,0.08957013868756525,23251580.0,130944248.0
2021-02-10,0.0892547508752851,0.09098938384282597,0.08909705696914502,0.08988552649984542,28077168.0,160402496.0
2021-02-18,0.09067399603054581,0.09146246556124621,0.08988552649984542,0.09067399603054581,25138044.0,144585216.0
2021-02-19,0.09020091431212557,0.09209324118580653,0.08988552649984542,0.09209324118580653,26417432.0,153413616.0
2021-02-22,0.09193554727966645,0.09288171071650692,0.09098938384282597,0.09146246556124621,34336928.0,200556080.0
2021-02-23,0.09146246556124621,0.09351248634106724,0.09114707774896605,0.09240862899808669,34753360.0,204057808.0
2021-02-24,0.09209324118580653,0.09288171071650692,0.09067399603054581,0.09130477165510613,28198408.0,164194576.0
2021-02-25,0.09177785337352637,0.09225093509194661,0.09083168993668589,0.09130477165510613,22784740.0,132296760.0
2021-02-26,0.09035860821826566,0.09162015946738629,0.0892547508752851,0.0892547508752851,25012666.0,143014480.0
2021-03-01,0.08941244478142517,0.09004322040598549,0.08878166915686485,0.08957013868756525,13837921.0,78455024.0
2021-03-02,0.08988552649984542,0.09035860821826566,0.08862397525072478,0.08878166915686485,14880145.0,84269392.0
2021-03-03,0.08862397525072478,0.09177785337352637,0.08862397525072478,0.09146246556124621,29944344.0,172457408.0
2021-03-04,0.09114707774896605,0.09398556805948749,0.09067399603054581,0.09256632290422677,46779084.0,275381440.0
2021-03-05,0.09256632290422677,0.09335479243492717,0.09098938384282597,0.09240862899808669,26298986.0,153395200.0
2021-03-08,0.09256632290422677,0.09335479243492717,0.09146246556124621,0.09162015946738629,24863370.0,145952592.0
2021-03-09,0.09193554727966645,0.09335479243492717,0.09004322040598549,0.09035860821826566,27650956.0,159961120.0
2021-03-10,0.09020091431212557,0.09035860821826566,0.08862397525072478,0.08878166915686485,19499760.0,110220664.0
2021-03-11,0.08878166915686485,0.09067399603054581,0.08878166915686485,0.09004322040598549,20135344.0,114696240.0
2021-03-12,0.08972783259370534,0.09051630212440573,0.08893936306300493,0.09035860821826566,18381372.0,104678488.0
2021-03-15,0.09020091431212557,0.09508942540246805,0.08988552649984542,0.09303940462264701,50738268.0,299756736.0
2021-03-16,0.09288171071650692,0.09414326196562756,0.09256632290422677,0.09351248634106724,35705856.0,211618640.0
2021-03-17,0.09351248634106724,0.09445864977790773,0.09303940462264701,0.09398556805948749,30114334.0,179103136.0
2021-03-18,0.09382787415334741,0.09414326196562756,0.09256632290422677,0.09288171071650692,23249294.0,137435616.0
2021-03-19,0.09256632290422677,0.09303940462264701,0.09004322040598549,0.09004322040598549,31011018.0,179517936.0
2021-03-22,0.09020091431212557,0.09083168993668589,0.08972783259370534,0.09035860821826566,20883186.0,119637880.0
2021-03-23,0.09035860821826566,0.09067399603054581,0.0892547508752851,0.08988552649984542,16843576.0,95911984.0
2021-03-24,0.08941244478142517,0.09035860821826566,0.08909705696914502,0.08988552649984542,16123770.0,91723528.0
2021-03-25,0.09004322040598549,0.09051630212440573,0.08909705696914502,0.08909705696914502,16358838.0,92895040.0
2021-03-26,0.0892547508752851,0.08988552649984542,0.08909705696914502,0.08957013868756525,12946745.0,73405648.0
2021-03-29,0.08941244478142517,0.09020091431212557,0.08878166915686485,0.08941244478142517,13114339.0,74256744.0
2021-03-30,0.0892547508752851,0.08941244478142517,0.08830858743844461,0.08862397525072478,14359734.0,80709992.0
2021-03-31,0.08862397525072478,0.08878166915686485,0.08767781181388429,0.08783550572002438,13896973.0,77755592.0
2021-04-01,0.08799319962616446,0.08815089353230453,0.08673164837704382,0.08736242400160414,13314900.0,73711592.0
2021-04-02,0.08736242400160414,0.08783550572002438,0.08704703618932397,0.08783550572002438,8296454.0,46049552.0
2021-04-06,0.08799319962616446,0.08830858743844461,0.08736242400160414,0.08752011790774422,9181775.0,51089836.0
2021-04-07,0.08752011790774422,0.08767781181388429,0.08704703618932397,0.08736242400160414,8721456.0,48296828.0
2021-04-08,0.08720473009546406,0.08783550572002438,0.08704703618932397,0.08736242400160414,10641555.0,59031672.0
2021-04-09,0.08720473009546406,0.08736242400160414,0.08673164837704382,0.0868893422831839,8658377.0,47782304.0
2021-04-12,0.0868893422831839,0.08720473009546406,0.08673164837704382,0.08720473009546406,10102531.0,55707268.0
2021-04-13,0.08704703618932397,0.08720473009546406,0.0853124032217831,0.08578548494020334,11720557.0,63998948.0
2021-04-14,0.08594317884634342,0.08625856665862358,0.08562779103406326,0.08594317884634342,5462140.0,29773184.0
2021-04-15,0.08578548494020334,0.08641626056476366,0.0853124032217831,0.08641626056476366,6526138.0,35486748.0
2021-04-16,0.0861008727524835,0.08752011790774422,0.0861008727524835,0.08752011790774422,9238851.0,51021908.0
2021-04-19,0.08752011790774422,0.08767781181388429,0.08657395447090374,0.08736242400160414,10923949.0,60434376.0
2021-04-20,0.08704703618932397,0.08752011790774422,0.08641626056476366,0.08641626056476366,9932733.0,54823224.0
2021-04-21,0.08657395447090374,0.08799319962616446,0.08641626056476366,0.08752011790774422,14432182.0,80091736.0
2021-04-22,0.08736242400160414,0.08752011790774422,0.08625856665862358,0.08657395447090374,11389790.0,62648088.0
2021-04-23,0.08641626056476366,0.08673164837704382,0.08547009712792318,0.08562779103406326,10886652.0,59302880.0
2021-04-26,0.08562779103406326,0.0861008727524835,0.08515470931564303,0.0853124032217831,7907664.0,42934720.0
2021-04-27,0.0853124032217831,0.08562779103406326,0.08436623978494262,0.08468162759722278,8795933.0,47312556.0
2021-04-28,0.08468162759722278,0.08499701540950294,0.08436623978494262,0.08483932150336286,6655464.0,35739348.0
2021-04-29,0.08468162759722278,0.08625856665862358,0.08436623978494262,0.08594317884634342,15194719.0,82564936.0
2021-04-30,0.08625856665862358,0.08673164837704382,0.08562779103406326,0.08625856665862358,17137622.0,93699584.0
2021-05-06,0.08673164837704382,0.08878166915686485,0.08657395447090374,0.08799319962616446,27903054.0,155752032.0
2021-05-07,0.08799319962616446,0.0884662813445847,0.08736242400160414,0.08752011790774422,14779913.0,82397944.0
2021-05-10,0.08736242400160414,0.08783550572002438,0.08641626056476366,0.08767781181388429,14997062.0,82900200.0
2021-05-11,0.08830858743844461,0.08893936306300493,0.08767781181388429,0.0884662813445847,16683746.0,93480704.0
2021-05-12,0.08767781181388429,0.08957013868756525,0.08752011790774422,0.08862397525072478,18524726.0,104359784.0
2021-05-13,0.08862397525072478,0.08893936306300493,0.08767781181388429,0.08799319962616446,13877801.0,77559352.0
2021-05-14,0.08862397525072478,0.08957013868756525,0.08767781181388429,0.08957013868756525,23821126.0,134142928.0
2021-05-17,0.08893936306300493,0.08988552649984542,0.08815089353230453,0.0884662813445847,15834739.0,89334328.0
2021-05-18,0.08830858743844461,0.08862397525072478,0.08783550572002438,0.0884662813445847,10032604.0,56146084.0
2021-05-19,0.08830858743844461,0.0884662813445847,0.08720473009546406,0.08736242400160414,11551304.0,64154000.0
2021-05-20,0.08736242400160414,0.08830858743844461,0.08704703618932397,0.08815089353230453,10232950.0,56978184.0
2021-05-21,0.0884662813445847,0.0884662813445847,0.08720473009546406,0.08752011790774422,9117340.0,50673520.0
2021-05-24,0.08736242400160414,0.08815089353230453,0.08736242400160414,0.08767781181388429,9381853.0,52254448.0
2021-05-25,0.08767781181388429,0.09051630212440573,0.08720473009546406,0.08957013868756525,32756384.0,185576368.0
2021-05-26,0.08972783259370534,0.09114707774896605,0.08941244478142517,0.09004322040598549,29228708.0,167099888.0
2021-05-27,0.09004322040598549,0.09051630212440573,0.0892547508752851,0.08957013868756525,14954056.0,85105352.0
2021-05-28,0.08941244478142517,0.09035860821826566,0.08893936306300493,0.08972783259370534,14357413.0,81558696.0
2021-05-31,0.08957013868756525,0.09020091431212557,0.08893936306300493,0.08972783259370534,13260198.0,75301184.0
2021-06-01,0.0892547508752851,0.08972783259370534,0.08878166915686485,0.0892547508752851,13241233.0,74814880.0
2021-06-02,0.08909705696914502,0.08957013868756525,0.08862397525072478,0.08909705696914502,12235625.0,69113336.0
2021-06-03,0.0892547508752851,0.09083168993668589,0.08909705696914502,0.08957013868756525,17748946.0,101349992.0
2021-06-04,0.08941244478142517,0.09051630212440573,0.08893936306300493,0.08988552649984542,19434280.0,110646344.0
2021-06-07,0.08988552649984542,0.09067399603054581,0.0892547508752851,0.08972783259370534,14594429.0,83179056.0
2021-06-08,0.08972783259370534,0.08988552649984542,0.08878166915686485,0.0892547508752851,12809037.0,72522688.0
2021-06-09,0.08909705696914502,0.08957013868756525,0.08878166915686485,0.08893936306300493,8556504.0,48352564.0
2021-06-10,0.08893936306300493,0.08941244478142517,0.08862397525072478,0.08862397525072478,9743820.0,54910132.0
2021-06-11,0.08878166915686485,0.08878166915686485,0.08736242400160414,0.08752011790774422,15560592.0,86831488.0
2021-06-15,0.08767781181388429,0.08799319962616446,0.08594317884634342,0.08641626056476366,15761451.0,86750168.0
2021-06-16,0.08657395447090374,0.08720473009546406,0.08625856665862358,0.08673164837704382,9792400.0,53922484.0
2021-06-17,0.08641626056476366,0.08752011790774422,0.08578548494020334,0.08594317884634342,11846762.0,64964040.0
2021-06-18,0.0861008727524835,0.08657395447090374,0.08515470931564303,0.08625856665862358,13641886.0,74252784.0
2021-06-21,0.0861008727524835,0.0868893422831839,0.08594317884634342,0.08673164837704382,10977321.0,60155180.0
2021-06-22,0.08641626056476366,0.08720473009546406,0.08625856665862358,0.08657395447090374,16373948.0,89965536.0
2021-06-23,0.08657395447090374,0.08673164837704382,0.08594317884634342,0.08625856665862358,11942967.0,65264960.0
2021-06-24,0.08625856665862358,0.08673164837704382,0.08594317884634342,0.08641626056476366,11008627.0,60317568.0
2021-06-25,0.08641626056476366,0.08799319962616446,0.08641626056476366,0.08752011790774422,18885880.0,104445672.0
2021-06-28,0.08767781181388429,0.08767781181388429,0.08641626056476366,0.08657395447090374,13016833.0,71673520.0
2021-06-29,0.08673164837704382,0.0868893422831839,0.08594317884634342,0.0861008727524835,9996128.0,54754952.0
2021-06-30,0.08625856665862358,0.08657395447090374,0.08578548494020334,0.08578548494020334,7457519.0,40690492.0
2021-07-01,0.08625856665862358,0.08673164837704382,0.08578548494020334,0.08594317884634342,10940222.0,59900192.0
2021-07-02,0.08594317884634342,0.08641626056476366,0.08515470931564303,0.08594317884634342,11512890.0,62765364.0
2021-07-05,0.0861008727524835,0.0868893422831839,0.08578548494020334,0.08641626056476366,13844204.0,75869816.0
2021-07-06,0.08641626056476366,0.08704703618932397,0.08578548494020334,0.0868893422831839,15025987.0,82372776.0
2021-07-07,0.08673164837704382,0.08704703618932397,0.0861008727524835,0.0868893422831839,18508538.0,101580512.0
2021-07-08,0.11933395675341192,0.11933395675341192,0.11755616968818418,0.11755616968818418,17785984.0,94731944.0
2021-07-09,0.11733394630503072,0.1180006164544911,0.11666727615557031,0.11688949953872377,13424949.0,70837544.0
2021-07-12,0.1180006164544911,0.11822283983764459,0.11733394630503072,0.11755616968818418,14708858.0,77891072.0
2021-07-13,0.11755616968818418,0.11777839307133764,0.11666727615557031,0.11755616968818418,12315719.0,65001380.0
2021-07-14,0.11777839307133764,0.11777839307133764,0.11622282938926339,0.11644505277241685,11798217.0,62009240.0
2021-07-15,0.11888950998710497,0.12666732839747635,0.11822283983764459,0.12266730750071392,76051904.0,417759968.0
2021-07-16,0.12111174381863966,0.12466731794909514,0.12022285028602579,0.12355620103332779,60088144.0,333086496.0
2021-07-19,0.12288953088386739,0.125556211481709,0.12244508411756046,0.12511176471540206,35772352.0,200350416.0
2021-07-20,0.12400064779963473,0.12466731794909514,0.12311175426702087,0.12377842441648126,22608072.0,125964240.0
2021-07-21,0.12377842441648126,0.12466731794909514,0.12244508411756046,0.12288953088386739,19666202.0,108943072.0
2021-07-22,0.12400064779963473,0.125556211481709,0.12288953088386739,0.12511176471540206,24173188.0,135612912.0
2021-07-23,0.12466731794909514,0.12577843486486248,0.12333397765017433,0.1248895413322486,20213000.0,113313040.0
2021-07-26,0.12444509456594166,0.125556211481709,0.12244508411756046,0.12311175426702087,23134796.0,128984600.0
2021-07-27,0.12333397765017433,0.12377842441648126,0.12111174381863966,0.12133396720179312,20206562.0,111322448.0
2021-07-28,0.1208895204354862,0.12288953088386739,0.1208895204354862,0.12177841396810006,24461310.0,134158600.0
2021-07-29,0.12155619058494659,0.12311175426702087,0.12111174381863966,0.122222860734407,19590528.0,107638584.0
2021-07-30,0.12155619058494659,0.12200063735125354,0.11888950998710497,0.11911173337025846,19112958.0,103017360.0
2021-08-02,0.1180006164544911,0.13044512591108529,0.11777839307133764,0.125556211481709,57002324.0,319123584.0
2021-08-03,0.12466731794909514,0.1268895517806298,0.12377842441648126,0.12577843486486248,40436772.0,227813712.0
2021-08-04,0.12577843486486248,0.1268895517806298,0.12400064779963473,0.1248895413322486,26164768.0,147306544.0
2021-08-05,0.12444509456594166,0.12644510501432288,0.12333397765017433,0.12377842441648126,23569024.0,132218664.0
2021-08-06,0.12377842441648126,0.12888956222901102,0.12244508411756046,0.12777844531324367,49752256.0,283258080.0
2021-08-09,0.1275562219300902,0.13111179606054568,0.1268895517806298,0.1282228920795506,53153692.0,309360544.0
2021-08-10,0.1268895517806298,0.12955623237847141,0.1268895517806298,0.12933400899531794,37743580.0,218388480.0
2021-08-11,0.12911178561216446,0.1308895726773922,0.12733399854693675,0.12800066869639715,41155600.0,238233488.0
2021-08-12,0.12733399854693675,0.12888956222901102,0.1268895517806298,0.12711177516378327,20636750.0,118453048.0
2021-08-13,0.12711177516378327,0.12866733884585754,0.12666732839747635,0.12733399854693675,19619072.0,112510744.0
2021-08-16,0.12733399854693675,0.12933400899531794,0.1262228816311694,0.12666732839747635,28099526.0,161297728.0
2021-08-17,0.12644510501432288,0.12844511546270407,0.12444509456594166,0.12466731794909514,35331704.0,201417216.0
2021-08-18,0.1248895413322486,0.13111179606054568,0.12444509456594166,0.12977845576162486,59738068.0,344282912.0
2021-08-19,0.12888956222901102,0.12977845576162486,0.1262228816311694,0.12644510501432288,35359808.0,202997136.0
2021-08-20,0.1262228816311694,0.12888956222901102,0.1262228816311694,0.1282228920795506,30570776.0,175603248.0
2021-08-23,0.1282228920795506,0.12955623237847141,0.12666732839747635,0.12733399854693675,29946122.0,172104752.0
2021-08-24,0.12800066869639715,0.12977845576162486,0.12733399854693675,0.12955623237847141,37097696.0,215028192.0
2021-08-25,0.12933400899531794,0.13066734929423873,0.12800066869639715,0.13000067914477834,31081708.0,180831008.0
2021-08-26,0.12933400899531794,0.12977845576162486,0.12800066869639715,0.12866733884585754,25979240.0,150435520.0
2021-08-27,0.12844511546270407,0.12866733884585754,0.1275562219300902,0.12800066869639715,18711994.0,107811816.0
2021-08-30,0.12800066869639715,0.1282228920795506,0.12466731794909514,0.125556211481709,26567800.0,151158064.0
2021-08-31,0.12533398809855553,0.1275562219300902,0.1248895413322486,0.1268895517806298,20111600.0,114186032.0
2021-09-01,0.12711177516378327,0.13200068959315955,0.12644510501432288,0.1315562428268526,59876640.0,349311712.0
2021-09-02,0.1302229025279318,0.13266735974261995,0.12911178561216446,0.13177846621000608,50539872.0,297942496.0
2021-09-03,0.13200068959315955,0.13333402989208035,0.1302229025279318,0.13177846621000608,37444208.0,222315152.0
2021-09-06,0.13111179606054568,0.1331118065089269,0.13044512591108529,0.13133401944369916,34434108.0,203958864.0
2021-09-07,0.1308895726773922,0.13333402989208035,0.1302229025279318,0.13288958312577343,39808272.0,236156304.0
2021-09-08,0.1331118065089269,0.13666738063938236,0.13266735974261995,0.1344451468078477,53992204.0,327293504.0
2021-09-09,0.13288958312577343,0.13377847665838727,0.1315562428268526,0.13288958312577343,34283380.0,204500928.0
2021-09-10,0.1331118065089269,0.1411118483024517,0.13288958312577343,0.13800072093830318,72923520.0,452456832.0
2021-09-13,0.1384451677046101,0.13866739108776358,0.13600071048992196,0.13733405078884275,40943960.0,252479648.0
2021-09-14,0.1377784975551497,0.13800072093830318,0.13222291297631303,0.13266735974261995,48849372.0,295380768.0
2021-09-15,0.13244513635946648,0.13333402989208035,0.13044512591108529,0.13200068959315955,33786264.0,200707776.0
2021-09-16,0.1315562428268526,0.13666738063938236,0.1315562428268526,0.13244513635946648,42514824.0,256338784.0
2021-09-17,0.13222291297631303,0.13266735974261995,0.13044512591108529,0.13133401944369916,28990236.0,171406448.0
2021-09-22,0.12866733884585754,0.12933400899531794,0.12711177516378327,0.1282228920795506,31591816.0,182058144.0
2021-09-23,0.12866733884585754,0.13177846621000608,0.12866733884585754,0.12911178561216446,26435124.0,154391008.0
2021-09-24,0.12955623237847141,0.13000067914477834,0.1262228816311694,0.12644510501432288,27227718.0,156215408.0
2021-09-27,0.1268895517806298,0.1275562219300902,0.12511176471540206,0.12577843486486248,26710948.0,151794240.0
2021-09-28,0.12600065824801593,0.12844511546270407,0.125556211481709,0.12800066869639715,21252264.0,121676688.0
2021-09-29,0.12666732839747635,0.1302229025279318,0.12666732839747635,0.12888956222901102,32210918.0,186294768.0
2021-09-30,0.12866733884585754,0.12977845576162486,0.125556211481709,0.1262228816311694,28045748.0,159929232.0
2021-10-08,0.1268895517806298,0.12866733884585754,0.12644510501432288,0.12800066869639715,21271852.0,122286984.0
2021-10-11,0.12844511546270407,0.13266735974261995,0.1282228920795506,0.13000067914477834,30207604.0,177795952.0
2021-10-12,0.12955623237847141,0.13200068959315955,0.12800066869639715,0.12911178561216446,27924608.0,162946768.0
2021-10-13,0.12911178561216446,0.1308895726773922,0.1282228920795506,0.1302229025279318,18180180.0,106094736.0
2021-10-14,0.1302229025279318,0.13066734929423873,0.12888956222901102,0.12933400899531794,13596347.0,79371448.0
2021-10-15,0.12933400899531794,0.13000067914477834,0.1282228920795506,0.12866733884585754,14446531.0,83833592.0
2021-10-18,0.12844511546270407,0.13111179606054568,0.1282228920795506,0.13111179606054568,24382956.0,142662304.0
2021-10-19,0.13044512591108529,0.13222291297631303,0.1302229025279318,0.1315562428268526,17226800.0,101802464.0
2021-10-20,0.1308895726773922,0.13177846621000608,0.12977845576162486,0.13000067914477834,13752453.0,80640960.0
2021-10-21,0.1308895726773922,0.13422292342469422,0.13066734929423873,0.13355625327523382,42216708.0,252549248.0
2021-10-22,0.13400070004154077,0.13733405078884275,0.13288958312577343,0.13377847665838727,38915188.0,236240896.0
2021-10-25,0.1331118065089269,0.13666738063938236,0.1315562428268526,0.13577848710676851,37570872.0,227842672.0
2021-10-26,0.13866739108776358,0.13955628462037745,0.13600071048992196,0.1377784975551497,72687200.0,451385888.0
2021-10-27,0.13644515725622888,0.13955628462037745,0.13622293387307544,0.13733405078884275,44530736.0,275661664.0
2021-10-28,0.13733405078884275,0.14000073138668437,0.13733405078884275,0.1384451677046101,51965804.0,324931680.0
2021-10-29,0.1384451677046101,0.14044517815299132,0.1351118169573081,0.13755627417199623,57392704.0,355173120.0
2021-11-01,0.1377784975551497,0.1397785080035309,0.135556263723615,0.13933406123722397,44713956.0,278156544.0
2021-11-02,0.13866739108776358,0.13933406123722397,0.13266735974261995,0.13377847665838727,43054512.0,261685280.0
2021-11-03,0.13377847665838727,0.1344451468078477,0.13222291297631303,0.13288958312577343,24927908.0,149354720.0
2021-11-04,0.13288958312577343,0.13333402989208035,0.1308895726773922,0.1315562428268526,23270364.0,137802880.0
2021-11-05,0.13133401944369916,0.13133401944369916,0.12666732839747635,0.1268895517806298,33559504.0,194710704.0
2021-11-08,0.1275562219300902,0.12911178561216446,0.12711177516378327,0.12777844531324367,22695618.0,130905720.0
2021-11-09,0.12777844531324367,0.12866733884585754,0.1262228816311694,0.1268895517806298,17339498.0,99149600.0
2021-11-10,0.12711177516378327,0.12733399854693675,0.12533398809855553,0.12666732839747635,22736804.0,129135704.0
2021-11-11,0.12666732839747635,0.12866733884585754,0.12577843486486248,0.12777844531324367,28322552.0,162930256.0
2021-11-12,0.1282228920795506,0.12888956222901102,0.1275562219300902,0.12777844531324367,19676454.0,113352624.0
2021-11-15,0.12800066869639715,0.12844511546270407,0.1268895517806298,0.1275562219300902,18056992.0,103629464.0
2021-11-16,0.1275562219300902,0.12844511546270407,0.1262228816311694,0.1262228816311694,21130372.0,120933792.0
2021-11-17,0.1262228816311694,0.1268895517806298,0.1248895413322486,0.12644510501432288,19930300.0,112808784.0
2021-11-18,0.12666732839747635,0.1275562219300902,0.12577843486486248,0.1262228816311694,17024236.0,97077768.0
2021-11-19,0.12600065824801593,0.12777844531324367,0.12577843486486248,0.1275562219300902,17243144.0,98402736.0
2021-11-22,0.12777844531324367,0.12866733884585754,0.1268895517806298,0.1282228920795506,17905556.0,103101392.0
2021-11-23,0.1282228920795506,0.12911178561216446,0.12777844531324367,0.1282228920795506,14641986.0,84614632.0
2021-11-24,0.1282228920795506,0.12911178561216446,0.12711177516378327,0.1282228920795506,13920851.0,80082304.0
2021-11-25,0.1282228920795506,0.12866733884585754,0.1275562219300902,0.12800066869639715,12016056.0,69285744.0
2021-11-26,0.12777844531324367,0.1282228920795506,0.1262228816311694,0.12666732839747635,16130400.0,92365432.0
2021-11-29,0.125556211481709,0.12733399854693675,0.12533398809855553,0.12666732839747635,17870984.0,101570808.0
2021-11-30,0.12777844531324367,0.12777844531324367,0.125556211481709,0.12600065824801593,14549004.0,82767528.0
2021-12-01,0.12511176471540206,0.12711177516378327,0.12511176471540206,0.1268895517806298,11991636.0,68212104.0
2021-12-02,0.12666732839747635,0.12733399854693675,0.12600065824801593,0.12644510501432288,12374044.0,70490368.0
2021-12-03,0.1268895517806298,0.12844511546270407,0.12644510501432288,0.12844511546270407,20269066.0,116475448.0
2021-12-06,0.12933400899531794,0.13066734929423873,0.12777844531324367,0.12844511546270407,28551168.0,166113472.0
2021-12-07,0.12933400899531794,0.13044512591108529,0.12800066869639715,0.12888956222901102,19628468.0,113790248.0
2021-12-08,0.12977845576162486,0.12977845576162486,0.12777844531324367,0.12888956222901102,19857280.0,114735368.0
2021-12-09,0.12844511546270407,0.13066734929423873,0.12777844531324367,0.12977845576162486,37424032.0,217799200.0
2021-12-10,0.12866733884585754,0.12911178561216446,0.1275562219300902,0.1282228920795506,31116782.0,179359040.0
2021-12-13,0.12777844531324367,0.12888956222901102,0.12711177516378327,0.12733399854693675,33648464.0,193697856.0
2021-12-14,0.12711177516378327,0.12733399854693675,0.125556211481709,0.12577843486486248,25638348.0,145488512.0
2021-12-15,0.125556211481709,0.12666732839747635,0.12533398809855553,0.12600065824801593,13956239.0,79121152.0
2021-12-16,0.1262228816311694,0.12711177516378327,0.125556211481709,0.1268895517806298,16392316.0,93442096.0
2021-12-17,0.12666732839747635,0.12777844531324367,0.12644510501432288,0.12711177516378327,21198148.0,121506984.0
2021-12-20,0.12666732839747635,0.1275562219300902,0.1262228816311694,0.1262228816311694,14506205.0,82706208.0
2021-12-21,0.12600065824801593,0.12933400899531794,0.12600065824801593,0.12844511546270407,26719358.0,153877760.0
2021-12-22,0.12844511546270407,0.12888956222901102,0.1275562219300902,0.12800066869639715,15762616.0,90854136.0
2021-12-23,0.12800066869639715,0.12844511546270407,0.12733399854693675,0.12777844531324367,13709672.0,78829664.0
2021-12-24,0.12800066869639715,0.1282228920795506,0.12666732839747635,0.12711177516378327,11813967.0,67791664.0
2021-12-27,0.12733399854693675,0.12733399854693675,0.12600065824801593,0.1262228816311694,14345723.0,81718568.0
2021-12-28,0.1262228816311694,0.12733399854693675,0.12600065824801593,0.1268895517806298,13041272.0,74303744.0
2021-12-29,0.1268895517806298,0.12733399854693675,0.1262228816311694,0.12644510501432288,13291755.0,75775432.0
2021-12-30,0.12644510501432288,0.1275562219300902,0.12644510501432288,0.12711177516378327,13279902.0,75973320.0
2021-12-31,0.12733399854693675,0.12844511546270407,0.1268895517806298,0.12800066869639715,15650427.0,90011088.0
2022-01-04,0.12800066869639715,0.12977845576162486,0.12733399854693675,0.12955623237847141,31784116.0,184266448.0
2022-01-05,0.13066734929423873,0.13133401944369916,0.12977845576162486,0.13044512591108529,35238068.0,207168928.0
2022-01-06,0.12955623237847141,0.1315562428268526,0.12955623237847141,0.13066734929423873,21339146.0,125567912.0
2022-01-07,0.13111179606054568,0.1344451468078477,0.1308895726773922,0.13288958312577343,37342928.0,223866400.0
2022-01-10,0.13466737019100114,0.13666738063938236,0.1331118065089269,0.135556263723615,47938360.0,291393120.0
2022-01-11,0.13577848710676851,0.1377784975551497,0.1351118169573081,0.1371118274056893,41369284.0,254846048.0
2022-01-12,0.1371118274056893,0.1384451677046101,0.13533404034046156,0.13733405078884275,33177340.0,204282944.0
2022-01-13,0.1371118274056893,0.14000073138668437,0.13622293387307544,0.13866739108776358,37410828.0,233539456.0
2022-01-14,0.13800072093830318,0.13822294432145663,0.13466737019100114,0.135556263723615,35091508.0,214672304.0
2022-01-17,0.13866739108776358,0.14000073138668437,0.13622293387307544,0.13688960402253583,30255864.0,187158400.0
2022-01-18,0.13666738063938236,0.14333408213398638,0.13644515725622888,0.1417785184519121,63991344.0,406812192.0
2022-01-19,0.14222296521821906,0.14511186919921412,0.14044517815299132,0.1440007522834468,49616644.0,319791936.0
2022-01-20,0.14222296521821906,0.14422297566660025,0.14088962491929824,0.14311185875083293,38352280.0,245759392.0
2022-01-21,0.14000073138668437,0.14355630551713985,0.1397785080035309,0.14311185875083293,35062768.0,223273216.0
2022-01-24,0.14288963536767943,0.1500007836285904,0.1413340716856052,0.14844521994651613,61740976.0,408691104.0
2022-01-25,0.1466674328812884,0.14755632641390226,0.1413340716856052,0.1413340716856052,41963976.0,270996416.0
2022-01-26,0.14200074183506556,0.14311185875083293,0.13955628462037745,0.14155629506875864,20726796.0,131651304.0
2022-01-27,0.14155629506875864,0.1453340925823676,0.14044517815299132,0.14155629506875864,26358950.0,169118816.0
2022-01-28,0.1413340716856052,0.14266741198452598,0.1371118274056893,0.1377784975551497,29759158.0,186332576.0
2022-02-07,0.13933406123722397,0.14488964581606065,0.13888961447091702,0.1437785289002933,38416504.0,247028208.0
2022-02-08,0.1440007522834468,0.1466674328812884,0.14222296521821906,0.146000762731828,34987624.0,228619680.0
2022-02-09,0.146000762731828,0.14888966671282305,0.1440007522834468,0.14466742243290717,36156208.0,237897136.0
2022-02-10,0.14422297566660025,0.14622298611498147,0.14333408213398638,0.146000762731828,24757380.0,161292048.0
2022-02-11,0.14488964581606065,0.14822299656336266,0.14444519904975373,0.14688965626444186,44123488.0,291341376.0
2022-02-14,0.14688965626444186,0.14711187964759534,0.14022295476983784,0.1413340716856052,34275156.0,219553584.0
2022-02-15,0.14066740153614476,0.1437785289002933,0.14000073138668437,0.1417785184519121,27941734.0,178369184.0
2022-02-16,0.14266741198452598,0.14711187964759534,0.14222296521821906,0.14333408213398638,26720156.0,173793936.0
2022-02-17,0.1437785289002933,0.14466742243290717,0.14155629506875864,0.1424451886013725,17419492.0,111993224.0
2022-02-18,0.1411118483024517,0.14622298611498147,0.14044517815299132,0.14577853934867452,25441976.0,165307168.0
2022-02-21,0.14577853934867452,0.14711187964759534,0.1440007522834468,0.1453340925823676,18373600.0,119979264.0
2022-02-22,0.14422297566660025,0.14577853934867452,0.14333408213398638,0.14466742243290717,14016738.0,91140704.0
2022-02-23,0.14422297566660025,0.14466742243290717,0.14088962491929824,0.14222296521821906,22525310.0,144160048.0
2022-02-24,0.14222296521821906,0.14288963536767943,0.1377784975551497,0.1391118378540705,29214620.0,184409088.0
2022-02-25,0.14000073138668437,0.1424451886013725,0.13866739108776358,0.13933406123722397,16840404.0,106319504.0
2022-02-28,0.13888961447091702,0.14044517815299132,0.13644515725622888,0.14022295476983784,19682830.0,122931848.0
2022-03-01,0.14022295476983784,0.14288963536767943,0.13933406123722397,0.14200074183506556,29523056.0,188053872.0
2022-03-02,0.1411118483024517,0.1473341030307488,0.14088962491929824,0.14444519904975373,32980204.0,215609776.0
2022-03-03,0.1453340925823676,0.1473341030307488,0.14466742243290717,0.14577853934867452,19696772.0,129123496.0
2022-03-04,0.1453340925823676,0.14644520949813492,0.1417785184519121,0.14488964581606065,17834668.0,115737072.0
2022-03-07,0.14466742243290717,0.14644520949813492,0.14311185875083293,0.14422297566660025,20682218.0,134740080.0
2022-03-08,0.14311185875083293,0.14422297566660025,0.1391118378540705,0.13933406123722397,22893100.0,145598064.0
2022-03-09,0.1397785080035309,0.14066740153614476,0.12955623237847141,0.13422292342469422,34911192.0,212035520.0
2022-03-10,0.1371118274056893,0.1377784975551497,0.13466737019100114,0.135556263723615,22764554.0,139249104.0
2022-03-11,0.13422292342469422,0.14000073138668437,0.13222291297631303,0.13888961447091702,28987166.0,177730320.0
2022-03-14,0.1371118274056893,0.13955628462037745,0.13333402989208035,0.13355625327523382,25772696.0,157365984.0
2022-03-15,0.13288958312577343,0.1331118065089269,0.125556211481709,0.12600065824801593,28343964.0,165275392.0
2022-03-16,0.12777844531324367,0.13066734929423873,0.12355620103332779,0.12977845576162486,28523000.0,163499296.0
2022-03-17,0.13111179606054568,0.13222291297631303,0.12866733884585754,0.12933400899531794,21278484.0,124305696.0
2022-03-18,0.12955623237847141,0.13266735974261995,0.12866733884585754,0.13222291297631303,22762416.0,134377808.0
2022-03-21,0.13133401944369916,0.13200068959315955,0.12977845576162486,0.13066734929423873,16524884.0,97225656.0
2022-03-22,0.13000067914477834,0.13222291297631303,0.12888956222901102,0.13111179606054568,24142872.0,141734880.0
2022-03-23,0.13111179606054568,0.13133401944369916,0.12888956222901102,0.13000067914477834,15550925.0,91039088.0
2022-03-24,0.12955623237847141,0.13133401944369916,0.12888956222901102,0.12977845576162486,15529642.0,91164048.0
2022-03-25,0.12977845576162486,0.13177846621000608,0.12911178561216446,0.1302229025279318,13118000.0,77006936.0
2022-03-28,0.13044512591108529,0.13377847665838727,0.12733399854693675,0.13333402989208035,24974492.0,147930592.0
2022-03-29,0.1344451468078477,0.1351118169573081,0.13222291297631303,0.13377847665838727,25466600.0,153462864.0
2022-03-30,0.13533404034046156,0.13533404034046156,0.13222291297631303,0.1344451468078477,29141664.0,175271312.0
2022-03-31,0.13422292342469422,0.14066740153614476,0.13355625327523382,0.13866739108776358,42439104.0,263227712.0
2022-04-01,0.1371118274056893,0.1440007522834468,0.13688960402253583,0.1440007522834468,40509288.0,258306288.0
2022-04-06,0.14355630551713985,0.15644526174004095,0.1424451886013725,0.1540008045253528,97349336.0,660238464.0
2022-04-07,0.15288968760958546,0.15533414482427363,0.1500007836285904,0.15088967716120427,66964324.0,459802592.0
2022-04-08,0.14933411347913,0.15222301746012507,0.1466674328812884,0.15111190054435772,44332440.0,298341024.0
2022-04-11,0.14888966671282305,0.14977856024543693,0.14511186919921412,0.14622298611498147,31937384.0,211739984.0
2022-04-12,0.1466674328812884,0.14844521994651613,0.14333408213398638,0.1466674328812884,32517236.0,213822160.0
2022-04-13,0.14622298611498147,0.1500007836285904,0.14577853934867452,0.1466674328812884,31029244.0,206575264.0
2022-04-14,0.1486674433296696,0.1506674537780508,0.146000762731828,0.14755632641390226,22852624.0,152067840.0
2022-04-15,0.1473341030307488,0.1520007940769716,0.14622298611498147,0.15088967716120427,41498276.0,280097248.0
2022-04-18,0.14888966671282305,0.15088967716120427,0.14488964581606065,0.14911189009597653,38232368.0,255635424.0
2022-04-19,0.14822299656336266,0.15177857069381814,0.14644520949813492,0.15088967716120427,29289444.0,196897024.0
2022-04-20,0.1506674537780508,0.15155634731066467,0.14688965626444186,0.14777854979705574,22144056.0,147970256.0
2022-04-21,0.14777854979705574,0.15088967716120427,0.14577853934867452,0.1466674328812884,32810120.0,219120896.0
2022-04-22,0.14422297566660025,0.14977856024543693,0.14355630551713985,0.14688965626444186,44635424.0,294764832.0
2022-04-25,0.14444519904975373,0.14911189009597653,0.1397785080035309,0.14000073138668437,53271288.0,346193632.0
2022-04-26,0.1413340716856052,0.1437785289002933,0.13644515725622888,0.13666738063938236,38916612.0,245480608.0
2022-04-27,0.13688960402253583,0.1384451677046101,0.13377847665838727,0.13822294432145663,34129764.0,209539840.0
2022-04-28,0.1384451677046101,0.1417785184519121,0.13733405078884275,0.14000073138668437,33709996.0,211390800.0
2022-04-29,0.14044517815299132,0.14088962491929824,0.13533404034046156,0.13866739108776358,40877588.0,254599312.0
2022-05-05,0.4545541011384263,0.4680024473259537,0.45276098831342265,0.4680024473259537,54527308.0,280177760.0
2022-05-06,0.45903688320093544,0.46082999602593905,0.45007131907591713,0.4545541011384263,43752064.0,221904976.0
2022-05-09,0.450967875488419,0.4545541011384263,0.4411057549508989,0.4446919806009062,25708252.0,128201448.0
2022-05-10,0.4402091985383971,0.4428988677759026,0.43034707800087696,0.4428988677759026,42669352.0,207699136.0
2022-05-11,0.43931264212589527,0.4446919806009062,0.43572641647588795,0.43662297288838975,39163768.0,192499376.0
2022-05-12,0.4330367472383825,0.4437954241884044,0.42765740876337144,0.43662297288838975,31992492.0,155846384.0
2022-05-13,0.4402091985383971,0.4482782062509135,0.43931264212589527,0.4446919806009062,34559668.0,170921456.0
2022-05-16,0.4446919806009062,0.44917476266341533,0.4411057549508989,0.445588537013408,32412414.0,160907792.0
2022-05-17,0.4464850934259099,0.45276098831342265,0.43751952930089155,0.4446919806009062,28830316.0,142564848.0
2022-05-18,0.4464850934259099,0.4482782062509135,0.4384160857133934,0.4384160857133934,26305796.0,129342336.0
2022-05-19,0.4339333036508843,0.4384160857133934,0.4321401908258807,0.4348298600633861,22895444.0,110933312.0
2022-05-20,0.43572641647588795,0.4420023113634007,0.4348298600633861,0.4402091985383971,26756160.0,131027208.0
2022-05-23,0.4411057549508989,0.4473816498384117,0.4384160857133934,0.4420023113634007,37127264.0,183296352.0
2022-05-24,0.4428988677759026,0.4437954241884044,0.42855396517587335,0.42855396517587335,36444420.0,176989184.0
2022-05-25,0.42945052158837516,0.43662297288838975,0.4240711831133642,0.43662297288838975,32524176.0,156559520.0
2022-05-26,0.43572641647588795,0.43931264212589527,0.4339333036508843,0.43931264212589527,24576456.0,119798824.0
2022-05-27,0.43931264212589527,0.4411057549508989,0.4348298600633861,0.4384160857133934,20783988.0,101596968.0
2022-05-30,0.43931264212589527,0.4420023113634007,0.4348298600633861,0.4384160857133934,22425064.0,109556048.0
2022-05-31,0.4384160857133934,0.4402091985383971,0.4348298600633861,0.43931264212589527,20770844.0,101365824.0
2022-06-01,0.43931264212589527,0.4402091985383971,0.4339333036508843,0.43931264212589527,23735670.0,115575960.0
2022-06-02,0.43751952930089155,0.4384160857133934,0.4321401908258807,0.43662297288838975,23570236.0,114344120.0
2022-06-06,0.43662297288838975,0.43662297288838975,0.43124363441337876,0.43572641647588795,30534760.0,147593344.0
2022-06-07,0.4339333036508843,0.4428988677759026,0.4330367472383825,0.4428988677759026,55456880.0,272013568.0
2022-06-08,0.4411057549508989,0.4473816498384117,0.43931264212589527,0.4446919806009062,41040416.0,202826080.0
2022-06-09,0.4446919806009062,0.4545541011384263,0.4437954241884044,0.45276098831342265,46498576.0,233777600.0
2022-06-10,0.45007131907591713,0.45814032678843364,0.4464850934259099,0.4554506575509281,44558176.0,224766624.0
2022-06-13,0.45186443190092085,0.4554506575509281,0.4446919806009062,0.45007131907591713,35625616.0,178382768.0
2022-06-14,0.4473816498384117,0.4644162216759464,0.445588537013408,0.46262310885094277,42894128.0,217029664.0
2022-06-15,0.4662093345009501,0.49131291405100125,0.4644162216759464,0.4787611242759756,93366272.0,500994304.0
2022-06-16,0.4778645678634738,0.4796576806884774,0.46172655243844096,0.46262310885094277,54807272.0,287358944.0
2022-06-17,0.45903688320093544,0.46262310885094277,0.4545541011384263,0.45903688320093544,34644560.0,177394576.0
2022-06-20,0.45903688320093544,0.46262310885094277,0.45365754472592446,0.4545541011384263,30803392.0,156849360.0
2022-06-21,0.4545541011384263,0.45993343961343724,0.45186443190092085,0.4563472139634299,32574264.0,166022016.0
2022-06-22,0.4554506575509281,0.45814032678843364,0.45186443190092085,0.45186443190092085,23128844.0,117308824.0
2022-06-23,0.45365754472592446,0.45993343961343724,0.450967875488419,0.45903688320093544,26412380.0,134268224.0
2022-06-24,0.45993343961343724,0.46172655243844096,0.45365754472592446,0.4554506575509281,25208720.0,128491080.0
2022-06-27,0.45814032678843364,0.45993343961343724,0.4554506575509281,0.4572437703759317,25836146.0,131752744.0
2022-06-28,0.4554506575509281,0.4787611242759756,0.4545541011384263,0.4724852293884628,56458672.0,294114560.0
2022-06-29,0.4724852293884628,0.4778645678634738,0.4662093345009501,0.4680024473259537,33573752.0,176811104.0
2022-06-30,0.47069211656345916,0.4751748986259683,0.4662093345009501,0.4742783422134665,24529990.0,129240824.0
2022-07-01,0.4742783422134665,0.4751748986259683,0.46889900373845556,0.4733817858009647,22097464.0,116170008.0
2022-07-04,0.4724852293884628,0.4760714550384701,0.46889900373845556,0.4724852293884628,24080460.0,126792496.0
2022-07-05,0.4724852293884628,0.4787611242759756,0.47069211656345916,0.471588672975961,30123820.0,159515840.0
2022-07-06,0.471588672975961,0.4724852293884628,0.46262310885094277,0.4662093345009501,29954424.0,155770240.0
2022-07-07,0.4644162216759464,0.4751748986259683,0.46262310885094277,0.4733817858009647,23598516.0,123945400.0
2022-07-08,0.4751748986259683,0.4778645678634738,0.47069211656345916,0.4733817858009647,24927588.0,132055880.0
2022-07-11,0.4787611242759756,0.48503701916348846,0.4751748986259683,0.48324390633848474,33719436.0,180753552.0
2022-07-12,0.4877266884009939,0.49041635763849933,0.48145079351348113,0.48503701916348846,36352216.0,196896208.0
2022-07-13,0.48951980122599753,0.48951980122599753,0.46889900373845556,0.471588672975961,46162348.0,245365824.0
2022-07-14,0.471588672975961,0.471588672975961,0.46082999602593905,0.46262310885094277,32523352.0,168277040.0
2022-07-15,0.47069211656345916,0.47069211656345916,0.4545541011384263,0.4554506575509281,30418832.0,156781488.0
2022-07-18,0.4572437703759317,0.4653127780884483,0.4563472139634299,0.45814032678843364,31314762.0,160603584.0
2022-07-19,0.46172655243844096,0.48324390633848474,0.46082999602593905,0.4778645678634738,50846040.0,270225184.0
2022-07-20,0.48234734992598294,0.4966922525260122,0.4778645678634738,0.49041635763849933,40038084.0,218240672.0
2022-07-21,0.49310602687600485,0.49400258328850666,0.48503701916348846,0.4877266884009939,31378556.0,171339184.0
2022-07-22,0.4886232448134957,0.49310602687600485,0.4841404627509866,0.4877266884009939,21102876.0,115065352.0
2022-07-25,0.48951980122599753,0.49489913970100846,0.48593357557599026,0.4886232448134957,25690364.0,140485792.0
2022-07-26,0.48951980122599753,0.497588808938514,0.4877266884009939,0.49310602687600485,26050560.0,143257712.0
2022-07-27,0.49131291405100125,0.49400258328850666,0.4841404627509866,0.48503701916348846,22491836.0,122256480.0
2022-07-28,0.4886232448134957,0.49131291405100125,0.48234734992598294,0.48324390633848474,17777636.0,96251512.0
2022-07-29,0.48593357557599026,0.4886232448134957,0.4796576806884774,0.4841404627509866,17218500.0,92808944.0
2022-08-01,0.48324390633848474,0.48593357557599026,0.4760714550384701,0.48145079351348113,18368400.0,98536744.0
2022-08-02,0.48055423710097933,0.48055423710097933,0.46172655243844096,0.46889900373845556,30350572.0,158875296.0
2022-08-03,0.471588672975961,0.476968011450972,0.46172655243844096,0.46262310885094277,22416142.0,117278632.0
2022-08-04,0.46979556015095736,0.47069211656345916,0.4563472139634299,0.45993343961343724,19993160.0,103189384.0
2022-08-05,0.46172655243844096,0.4653127780884483,0.45365754472592446,0.4653127780884483,25448624.0,130343032.0
2022-08-08,0.4644162216759464,0.4671058909134519,0.45903688320093544,0.46351966526344457,20629178.0,106436600.0
2022-08-09,0.46262310885094277,0.4644162216759464,0.45903688320093544,0.46351966526344457,17083316.0,87967328.0
2022-08-10,0.46262310885094277,0.46351966526344457,0.45276098831342265,0.4563472139634299,32430516.0,165178048.0
2022-08-11,0.45993343961343724,0.47069211656345916,0.4563472139634299,0.46979556015095736,47270232.0,244475840.0
2022-08-12,0.46979556015095736,0.46979556015095736,0.46082999602593905,0.46172655243844096,33255900.0,171996720.0
2022-08-15,0.46172655243844096,0.46262310885094277,0.4482782062509135,0.44917476266341533,48735244.0,246212464.0
2022-08-16,0.45007131907591713,0.45276098831342265,0.4464850934259099,0.45186443190092085,29190020.0,146538208.0
2022-08-17,0.45186443190092085,0.4563472139634299,0.4473816498384117,0.4545541011384263,27093036.0,136698816.0
2022-08-18,0.45365754472592446,0.45365754472592446,0.4464850934259099,0.4464850934259099,27085932.0,135428624.0
2022-08-19,0.445588537013408,0.450967875488419,0.4446919806009062,0.4464850934259099,26967578.0,134664880.0
2022-08-22,0.445588537013408,0.4482782062509135,0.4437954241884044,0.4437954241884044,25235340.0,125434112.0
2022-08-23,0.4446919806009062,0.4446919806009062,0.4348298600633861,0.43931264212589527,32436688.0,158619856.0
2022-08-24,0.4384160857133934,0.4420023113634007,0.4330367472383825,0.4330367472383825,28470780.0,138932016.0
2022-08-25,0.4348298600633861,0.4384160857133934,0.4330367472383825,0.43751952930089155,19155524.0,92996704.0
2022-08-26,0.43751952930089155,0.4402091985383971,0.4339333036508843,0.43751952930089155,17175922.0,83706576.0
2022-08-29,0.4348298600633861,0.4384160857133934,0.43034707800087696,0.43751952930089155,17703636.0,85701688.0
2022-08-30,0.43751952930089155,0.445588537013408,0.43662297288838975,0.4437954241884044,26399896.0,130114352.0
2022-08-31,0.445588537013408,0.4482782062509135,0.4420023113634007,0.4446919806009062,28941464.0,143800064.0
2022-09-01,0.4446919806009062,0.45186443190092085,0.4428988677759026,0.4464850934259099,24723124.0,123614408.0
2022-09-02,0.4473816498384117,0.450967875488419,0.4437954241884044,0.4446919806009062,15401919.0,76739288.0
2022-09-05,0.4446919806009062,0.450967875488419,0.4437954241884044,0.44917476266341533,18778354.0,93779448.0
2022-09-06,0.4482782062509135,0.45365754472592446,0.445588537013408,0.44917476266341533,22976430.0,115077728.0
2022-09-07,0.4464850934259099,0.44917476266341533,0.4437954241884044,0.4464850934259099,17211944.0,85704472.0
2022-09-08,0.4482782062509135,0.45276098831342265,0.4446919806009062,0.450967875488419,22461496.0,112655920.0
2022-09-09,0.45186443190092085,0.4572437703759317,0.45007131907591713,0.45365754472592446,31385956.0,158742304.0
2022-09-13,0.4545541011384263,0.45814032678843364,0.45276098831342265,0.4545541011384263,22033768.0,111870568.0
2022-09-14,0.45007131907591713,0.45186443190092085,0.4473816498384117,0.44917476266341533,24328192.0,121994896.0
2022-09-15,0.450967875488419,0.45814032678843364,0.4464850934259099,0.44917476266341533,30395328.0,153362160.0
2022-09-16,0.44917476266341533,0.45007131907591713,0.4339333036508843,0.4348298600633861,31353952.0,154012096.0
2022-09-19,0.43662297288838975,0.4384160857133934,0.43124363441337876,0.43572641647588795,21201820.0,102973256.0
2022-09-20,0.43751952930089155,0.43751952930089155,0.42676085235086963,0.42945052158837516,33834156.0,162706384.0
2022-09-21,0.42855396517587335,0.4411057549508989,0.42676085235086963,0.4402091985383971,24572480.0,119301968.0
2022-09-22,0.43751952930089155,0.43931264212589527,0.4321401908258807,0.43662297288838975,22612648.0,109717328.0
2022-09-23,0.4348298600633861,0.4428988677759026,0.4339333036508843,0.4384160857133934,26103936.0,127923656.0
2022-09-26,0.4384160857133934,0.4402091985383971,0.4213815138758587,0.4222780702883605,35127996.0,168695264.0
2022-09-27,0.4240711831133642,0.42765740876337144,0.4177952882258514,0.42765740876337144,25064744.0,118211032.0
2022-09-28,0.42496773952586603,0.4339333036508843,0.4231746267008623,0.42496773952586603,22389774.0,106801568.0
2022-09-29,0.42765740876337144,0.43034707800087696,0.4168987318133496,0.41869184463835324,17039588.0,80318600.0
2022-09-30,0.41869184463835324,0.4222780702883605,0.4151056189883459,0.4168987318133496,16304408.0,76045184.0
2022-10-10,0.4160021754008477,0.41958840105085504,0.40703661127582946,0.40793316768833127,23145952.0,106902056.0
2022-10-11,0.40882972410083307,0.4133125061633423,0.40793316768833127,0.4124159497508404,19236500.0,88124768.0
2022-10-12,0.4124159497508404,0.41958840105085504,0.409726280513335,0.41958840105085504,20001236.0,92713728.0
2022-10-13,0.41869184463835324,0.41958840105085504,0.4106228369258368,0.4124159497508404,17405324.0,80371232.0
2022-10-14,0.4151056189883459,0.4204849574633569,0.4151056189883459,0.41869184463835324,22840160.0,106573680.0
2022-10-17,0.4160021754008477,0.4213815138758587,0.4151056189883459,0.4204849574633569,18584252.0,86766992.0
2022-10-18,0.4231746267008623,0.42586429593836783,0.4177952882258514,0.41869184463835324,17287760.0,81109056.0
2022-10-19,0.41869184463835324,0.41958840105085504,0.4124159497508404,0.4124159497508404,14421257.0,66768032.0
2022-10-20,0.4106228369258368,0.4124159497508404,0.40345038562582214,0.4052434984508258,26524224.0,120485376.0
2022-10-21,0.40614005486332766,0.40614005486332766,0.39896760356331307,0.39986415997581487,24559860.0,109980368.0
2022-10-24,0.4007607163883167,0.40255382921332034,0.3891054830257929,0.3908985958507966,26720966.0,117829648.0
2022-10-25,0.3900020394382947,0.3926917086758002,0.38372614455078197,0.3900020394382947,24769262.0,107074792.0
2022-10-26,0.3900020394382947,0.39627793432580755,0.3873123702007893,0.3882089266132911,22236816.0,96990288.0
2022-10-27,0.3891054830257929,0.3917951522632984,0.38462270096328377,0.38462270096328377,17871194.0,77191344.0
2022-10-28,0.3828295881382801,0.38462270096328377,0.37296746760076005,0.37476058042576366,21974400.0,92944728.0
2022-10-31,0.3810364753132765,0.40255382921332034,0.3792433624882729,0.39896760356331307,68248352.0,299772480.0
2022-11-01,0.39717449073830935,0.40614005486332766,0.39448482150080394,0.4007607163883167,26444390.0,118326464.0
2022-11-02,0.4007607163883167,0.40165727280081853,0.393588265088302,0.39717449073830935,24941238.0,110080600.0
2022-11-03,0.39448482150080394,0.39986415997581487,0.3926917086758002,0.39538137791330574,19820952.0,87464976.0
2022-11-04,0.39627793432580755,0.4052434984508258,0.39538137791330574,0.40345038562582214,29645094.0,132363464.0
2022-11-07,0.40165727280081853,0.40882972410083307,0.39986415997581487,0.40255382921332034,29888834.0,134586224.0
2022-11-08,0.40345038562582214,0.40434694203832394,0.39717449073830935,0.40165727280081853,13263724.0,59279192.0
2022-11-09,0.40165727280081853,0.40614005486332766,0.39986415997581487,0.4007607163883167,12576015.0,56464672.0
2022-11-10,0.39717449073830935,0.4052434984508258,0.39448482150080394,0.40165727280081853,18697448.0,83646136.0
2022-11-11,0.40793316768833127,0.4160021754008477,0.40165727280081853,0.409726280513335,35524960.0,161866768.0
2022-11-14,0.4115193933383386,0.41869184463835324,0.409726280513335,0.4106228369258368,37369776.0,172367728.0
2022-11-15,0.4106228369258368,0.4168987318133496,0.40793316768833127,0.4151056189883459,29514020.0,136024944.0
2022-11-16,0.4142090625758441,0.4151056189883459,0.40793316768833127,0.40793316768833127,24592146.0,112661400.0
2022-11-17,0.40793316768833127,0.409726280513335,0.4052434984508258,0.40703661127582946,15874410.0,72090744.0
2022-11-18,0.4106228369258368,0.4115193933383386,0.4052434984508258,0.4052434984508258,16234449.0,73817696.0
2022-11-21,0.40255382921332034,0.40614005486332766,0.39717449073830935,0.40345038562582214,15764476.0,70589936.0
2022-11-22,0.40614005486332766,0.4142090625758441,0.40345038562582214,0.40882972410083307,27095296.0,123608056.0
2022-11-23,0.40882972410083307,0.4142090625758441,0.40703661127582946,0.40882972410083307,23773492.0,108913896.0
2022-11-24,0.4106228369258368,0.4133125061633423,0.40793316768833127,0.4106228369258368,17245800.0,78980888.0
2022-11-25,0.40882972410083307,0.4231746267008623,0.40793316768833127,0.4222780702883605,36464920.0,170326976.0
2022-11-28,0.4160021754008477,0.4177952882258514,0.4106228369258368,0.4142090625758441,27597256.0,127262184.0
2022-11-29,0.4204849574633569,0.43751952930089155,0.4160021754008477,0.43662297288838975,55231208.0,264725760.0
2022-11-30,0.4321401908258807,0.4348298600633861,0.4222780702883605,0.42496773952586603,43530480.0,207556112.0
2022-12-01,0.42945052158837516,0.43124363441337876,0.4213815138758587,0.4222780702883605,42645152.0,202092800.0
2022-12-02,0.42496773952586603,0.42496773952586603,0.4160021754008477,0.41958840105085504,32937934.0,154005152.0
2022-12-05,0.4240711831133642,0.43124363441337876,0.4222780702883605,0.42945052158837516,29250532.0,139406640.0
2022-12-06,0.42855396517587335,0.43034707800087696,0.4231746267008623,0.42586429593836783,27540464.0,130961672.0
2022-12-07,0.4240711831133642,0.42765740876337144,0.4204849574633569,0.4222780702883605,21131724.0,99773328.0
2022-12-08,0.4222780702883605,0.42855396517587335,0.4204849574633569,0.42496773952586603,18693556.0,88657096.0
2022-12-09,0.42676085235086963,0.4348298600633861,0.4240711831133642,0.42945052158837516,21806434.0,104129624.0
2022-12-12,0.42586429593836783,0.42765740876337144,0.4177952882258514,0.41869184463835324,21563668.0,101452808.0
2022-12-13,0.41958840105085504,0.42496773952586603,0.41869184463835324,0.4231746267008623,14860016.0,70060456.0
2022-12-14,0.42496773952586603,0.42586429593836783,0.41958840105085504,0.4213815138758587,12332683.0,58010716.0
2022-12-15,0.4213815138758587,0.4222780702883605,0.4151056189883459,0.4160021754008477,14351412.0,66852672.0
2022-12-16,0.4151056189883459,0.4213815138758587,0.4142090625758441,0.4168987318133496,16611625.0,77384360.0
2022-12-19,0.4177952882258514,0.42676085235086963,0.40882972410083307,0.4106228369258368,22552840.0,104605800.0
2022-12-20,0.409726280513335,0.4142090625758441,0.40434694203832394,0.40614005486332766,15541904.0,70965368.0
2022-12-21,0.409726280513335,0.4115193933383386,0.40434694203832394,0.409726280513335,14992631.0,68373304.0
2022-12-22,0.4106228369258368,0.4133125061633423,0.4007607163883167,0.40255382921332034,13319500.0,60429524.0
2022-12-23,0.4007607163883167,0.4052434984508258,0.3980710471508112,0.4007607163883167,10155080.0,45437372.0
2022-12-26,0.40165727280081853,0.40165727280081853,0.39538137791330574,0.39717449073830935,15494340.0,68714080.0
2022-12-27,0.39896760356331307,0.4052434984508258,0.3980710471508112,0.40345038562582214,17754048.0,79744136.0
2022-12-28,0.40255382921332034,0.4142090625758441,0.40165727280081853,0.40882972410083307,21530492.0,98425784.0
2022-12-29,0.40703661127582946,0.4124159497508404,0.40345038562582214,0.4106228369258368,14961940.0,68123576.0
2022-12-30,0.4142090625758441,0.4142090625758441,0.40793316768833127,0.4133125061633423,15786716.0,72511504.0
2023-01-03,0.4133125061633423,0.41958840105085504,0.4106228369258368,0.4168987318133496,19908016.0,92404192.0
2023-01-04,0.4177952882258514,0.42586429593836783,0.4142090625758441,0.42496773952586603,28482934.0,134294656.0
2023-01-05,0.42855396517587335,0.42945052158837516,0.41958840105085504,0.4213815138758587,23156132.0,109295112.0
2023-01-06,0.4231746267008623,0.4240711831133642,0.4168987318133496,0.41958840105085504,17195444.0,80491880.0
2023-01-09,0.4213815138758587,0.4213815138758587,0.4160021754008477,0.4177952882258514,14412830.0,67248576.0
2023-01-10,0.41958840105085504,0.41958840105085504,0.4133125061633423,0.4142090625758441,14341985.0,66480236.0
2023-01-11,0.4168987318133496,0.41869184463835324,0.4133125061633423,0.4168987318133496,12974054.0,60259576.0
2023-01-12,0.4168987318133496,0.4168987318133496,0.4106228369258368,0.4142090625758441,11817506.0,54498344.0
2023-01-13,0.4160021754008477,0.4204849574633569,0.4124159497508404,0.4177952882258514,27393492.0,127050224.0
2023-01-16,0.4177952882258514,0.42586429593836783,0.4160021754008477,0.4204849574633569,41351536.0,194652896.0
2023-01-17,0.4240711831133642,0.42586429593836783,0.41958840105085504,0.42496773952586603,29922366.0,141082432.0
2023-01-18,0.42765740876337144,0.4411057549508989,0.42586429593836783,0.4339333036508843,45716944.0,221238688.0
2023-01-19,0.4339333036508843,0.43662297288838975,0.42945052158837516,0.4339333036508843,24254568.0,117156720.0
2023-01-20,0.43572641647588795,0.43662297288838975,0.43034707800087696,0.4321401908258807,21800140.0,105062704.0
2023-01-30,0.4348298600633861,0.43662297288838975,0.42676085235086963,0.42945052158837516,37207028.0,178674080.0
2023-01-31,0.43034707800087696,0.4339333036508843,0.42765740876337144,0.42945052158837516,23035582.0,110685544.0
2023-02-01,0.42855396517587335,0.4321401908258807,0.42586429593836783,0.43124363441337876,24568836.0,117426696.0
2023-02-02,0.43034707800087696,0.4348298600633861,0.42765740876337144,0.42945052158837516,21564548.0,103406448.0
2023-02-03,0.42855396517587335,0.42945052158837516,0.4222780702883605,0.42586429593836783,20698976.0,98005376.0
2023-02-06,0.4240711831133642,0.4240711831133642,0.41958840105085504,0.4222780702883605,16033998.0,75516000.0
2023-02-07,0.4231746267008623,0.42496773952586603,0.4204849574633569,0.42496773952586603,15494220.0,73174704.0
2023-02-08,0.42496773952586603,0.42676085235086963,0.4204849574633569,0.4213815138758587,12502626.0,59062764.0
2023-02-09,0.4213815138758587,0.42765740876337144,0.4204849574633569,0.42765740876337144,19156344.0,90908792.0
2023-02-10,0.42676085235086963,0.43124363441337876,0.42496773952586603,0.43034707800087696,19608840.0,93592032.0
2023-02-13,0.42945052158837516,0.43034707800087696,0.42496773952586603,0.42765740876337144,23251614.0,110692328.0
2023-02-14,0.42765740876337144,0.43572641647588795,0.42676085235086963,0.43124363441337876,25030712.0,120374832.0
2023-02-15,0.4321401908258807,0.4321401908258807,0.42676085235086963,0.42855396517587335,14801780.0,70742984.0
2023-02-16,0.42855396517587335,0.43662297288838975,0.42496773952586603,0.42676085235086963,38814888.0,187166560.0
2023-02-17,0.42855396517587335,0.4321401908258807,0.42676085235086963,0.42945052158837516,22390012.0,107190624.0
2023-02-20,0.42945052158837516,0.43751952930089155,0.42855396517587335,0.43662297288838975,33440668.0,161706976.0
2023-02-21,0.43572641647588795,0.43751952930089155,0.4330367472383825,0.43662297288838975,21562168.0,104526168.0
2023-02-22,0.4339333036508843,0.43572641647588795,0.4330367472383825,0.43572641647588795,14449670.0,70001344.0
2023-02-23,0.43572641647588795,0.4402091985383971,0.4339333036508843,0.43572641647588795,25640790.0,124931800.0
2023-02-24,0.4384160857133934,0.4384160857133934,0.43124363441337876,0.4348298600633861,17688790.0,85686280.0
2023-02-27,0.4330367472383825,0.4348298600633861,0.43034707800087696,0.4321401908258807,15923867.0,76853208.0
2023-02-28,0.4330367472383825,0.4339333036508843,0.42855396517587335,0.4330367472383825,15136230.0,72747616.0
2023-03-01,0.4321401908258807,0.43751952930089155,0.43034707800087696,0.43662297288838975,24156944.0,117107304.0
2023-03-02,0.43662297288838975,0.4384160857133934,0.4339333036508843,0.4348298600633861,14500178.0,70532040.0
2023-03-03,0.43662297288838975,0.4384160857133934,0.4330367472383825,0.4384160857133934,18494128.0,89891168.0
2023-03-06,0.4384160857133934,0.4402091985383971,0.4330367472383825,0.4339333036508843,20218332.0,98135624.0
2023-03-07,0.4339333036508843,0.4473816498384117,0.4330367472383825,0.4339333036508843,42727344.0,209815680.0
2023-03-08,0.4330367472383825,0.4348298600633861,0.42945052158837516,0.4330367472383825,24573824.0,118327912.0
2023-03-09,0.4330367472383825,0.43931264212589527,0.43124363441337876,0.43124363441337876,19756692.0,95806304.0
2023-03-10,0.43034707800087696,0.43034707800087696,0.41869184463835324,0.41869184463835324,32914448.0,155411200.0
2023-03-13,0.4151056189883459,0.4204849574633569,0.4142090625758441,0.41958840105085504,16353731.0,76258520.0
2023-03-14,0.4168987318133496,0.4177952882258514,0.40882972410083307,0.4115193933383386,23293096.0,107353072.0
2023-03-15,0.4151056189883459,0.41869184463835324,0.4133125061633423,0.4160021754008477,15454679.0,71740352.0
2023-03-16,0.4142090625758441,0.4213815138758587,0.4133125061633423,0.4160021754008477,19985020.0,93227520.0
2023-03-17,0.41869184463835324,0.4204849574633569,0.4151056189883459,0.4168987318133496,16687847.0,77720968.0
2023-03-20,0.4160021754008477,0.4222780702883605,0.4133125061633423,0.4142090625758441,20695814.0,96417768.0
2023-03-21,0.4151056189883459,0.4168987318133496,0.4106228369258368,0.4124159497508404,16777428.0,77251112.0
2023-03-22,0.4133125061633423,0.4177952882258514,0.4133125061633423,0.4168987318133496,15869280.0,73577144.0
2023-03-23,0.4160021754008477,0.41869184463835324,0.4133125061633423,0.4168987318133496,13229681.0,61397964.0
2023-03-24,0.4168987318133496,0.4177952882258514,0.4115193933383386,0.4115193933383386,18298794.0,84478320.0
2023-03-27,0.4115193933383386,0.4124159497508404,0.40434694203832394,0.40614005486332766,21307440.0,96659072.0
2023-03-28,0.40614005486332766,0.40882972410083307,0.40345038562582214,0.4052434984508258,16641660.0,75332672.0
2023-03-29,0.40614005486332766,0.40703661127582946,0.39986415997581487,0.40255382921332034,18903968.0,84854696.0
2023-03-30,0.40434694203832394,0.4052434984508258,0.39986415997581487,0.40345038562582214,13595904.0,61069268.0
2023-03-31,0.4052434984508258,0.40703661127582946,0.4007607163883167,0.40165727280081853,15107342.0,68020984.0
2023-04-03,0.40165727280081853,0.40614005486332766,0.39986415997581487,0.4052434984508258,20081364.0,90398976.0
2023-04-04,0.40434694203832394,0.4052434984508258,0.40165727280081853,0.40345038562582214,20456120.0,92106048.0
2023-04-06,0.40255382921332034,0.40345038562582214,0.39986415997581487,0.4007607163883167,14116800.0,63170020.0
2023-04-07,0.4007607163883167,0.40434694203832394,0.4007607163883167,0.40434694203832394,15568303.0,69916768.0
2023-04-10,0.40345038562582214,0.40345038562582214,0.39896760356331307,0.39896760356331307,23964900.0,106993664.0
2023-04-11,0.3980710471508112,0.39896760356331307,0.39448482150080394,0.39627793432580755,20170266.0,89132032.0
2023-04-12,0.3980710471508112,0.39896760356331307,0.39538137791330574,0.3980710471508112,18333380.0,81224072.0
2023-04-13,0.39717449073830935,0.40434694203832394,0.39448482150080394,0.40255382921332034,29954112.0,133915376.0
2023-04-14,0.40255382921332034,0.40434694203832394,0.39986415997581487,0.4007607163883167,25061504.0,112281216.0
2023-04-17,0.4007607163883167,0.40703661127582946,0.39986415997581487,0.40614005486332766,24044644.0,108411776.0
2023-04-18,0.40614005486332766,0.4115193933383386,0.4052434984508258,0.4106228369258368,27046216.0,123494432.0
2023-04-19,0.4124159497508404,0.4133125061633423,0.40793316768833127,0.40882972410083307,21330284.0,97680552.0
2023-04-20,0.4106228369258368,0.4142090625758441,0.40703661127582946,0.4133125061633423,25560436.0,117119792.0
2023-04-21,0.4124159497508404,0.4133125061633423,0.4052434984508258,0.40614005486332766,23255336.0,106172976.0
2023-04-24,0.40703661127582946,0.4106228369258368,0.40345038562582214,0.4052434984508258,19949832.0,90513440.0
2023-04-25,0.40614005486332766,0.409726280513335,0.40345038562582214,0.40793316768833127,27381604.0,124408424.0
2023-04-26,0.40614005486332766,0.40703661127582946,0.4007607163883167,0.4052434984508258,22419586.0,100777936.0
2023-04-27,0.4052434984508258,0.4115193933383386,0.40345038562582214,0.4115193933383386,26225602.0,119479328.0
2023-04-28,0.4115193933383386,0.4151056189883459,0.40882972410083307,0.4133125061633423,27984420.0,128721904.0
2023-05-04,0.40882972410083307,0.4213815138758587,0.40703661127582946,0.4204849574633569,41622356.0,193266576.0
2023-05-05,0.4213815138758587,0.42765740876337144,0.4151056189883459,0.41869184463835324,50388848.0,236845616.0
2023-05-08,0.4204849574633569,0.4348298600633861,0.41958840105085504,0.43124363441337876,61500844.0,294237824.0
2023-05-09,0.43751952930089155,0.445588537013408,0.43124363441337876,0.4321401908258807,68084712.0,332063680.0
2023-05-10,0.43034707800087696,0.4321401908258807,0.41958840105085504,0.4213815138758587,43598880.0,206452448.0
2023-05-11,0.4231746267008623,0.42765740876337144,0.4213815138758587,0.4222780702883605,21203938.0,100191744.0
2023-05-12,0.4222780702883605,0.42586429593836783,0.41958840105085504,0.4213815138758587,21907376.0,103325792.0
2023-05-15,0.4213815138758587,0.42496773952586603,0.4142090625758441,0.4240711831133642,26313334.0,123062840.0
2023-05-16,0.42496773952586603,0.42676085235086963,0.4177952882258514,0.41869184463835324,24838612.0,116658912.0
2023-05-17,0.4177952882258514,0.4213815138758587,0.4160021754008477,0.4177952882258514,17290558.0,80730200.0
2023-05-18,0.41958840105085504,0.4240711831133642,0.41958840105085504,0.4204849574633569,20720972.0,97372008.0
2023-05-19,0.4204849574633569,0.4204849574633569,0.4133125061633423,0.4133125061633423,19111580.0,88596104.0
2023-05-22,0.4133125061633423,0.4151056189883459,0.4115193933383386,0.4124159497508404,14159343.0,65271620.0
2023-05-23,0.4133125061633423,0.4151056189883459,0.409726280513335,0.409726280513335,14591840.0,67229344.0
2023-05-24,0.409726280513335,0.4106228369258368,0.40345038562582214,0.40345038562582214,16780404.0,75952200.0
2023-05-25,0.40345038562582214,0.4052434984508258,0.39896760356331307,0.40165727280081853,12835232.0,57525084.0
2023-05-26,0.40345038562582214,0.40614005486332766,0.39986415997581487,0.40345038562582214,10828501.0,48731680.0
2023-05-29,0.40434694203832394,0.40614005486332766,0.39986415997581487,0.40165727280081853,16452528.0,73854488.0
2023-05-30,0.40165727280081853,0.4052434984508258,0.39896760356331307,0.40165727280081853,16218042.0,72686520.0
2023-05-31,0.40165727280081853,0.40165727280081853,0.39717449073830935,0.39986415997581487,17033412.0,75800408.0
2023-06-01,0.6940731557303778,0.7022004760550896,0.6875712994706086,0.6956986197953202,22692118.0,97074208.0
2023-06-02,0.6940731557303778,0.7022004760550896,0.6924476916654355,0.7022004760550896,12808073.0,55030924.0
2023-06-05,0.7022004760550896,0.7070768682499164,0.7005750119901472,0.7022004760550896,8837656.0,38258368.0
2023-06-06,0.7038259401200319,0.7054514041849742,0.6875712994706086,0.6924476916654355,12620440.0,54343948.0
2023-06-07,0.6956986197953202,0.7038259401200319,0.6940731557303778,0.7038259401200319,11428523.0,49291200.0
2023-06-08,0.7038259401200319,0.7135787245096858,0.7005750119901472,0.7135787245096858,12407534.0,54071920.0
2023-06-09,0.7119532604447435,0.7119532604447435,0.7054514041849742,0.7054514041849742,9490119.0,41329428.0
2023-06-12,0.7054514041849742,0.7054514041849742,0.6956986197953202,0.6989495479252048,13759374.0,59223944.0
2023-06-13,0.6989495479252048,0.7022004760550896,0.6956986197953202,0.7005750119901472,7902464.0,34004592.0
2023-06-14,0.7005750119901472,0.7005750119901472,0.6908222276004932,0.6924476916654355,13000173.0,55665548.0
2023-06-15,0.6940731557303778,0.6973240838602626,0.6891967635355508,0.6973240838602626,10244109.0,43707676.0
2023-06-16,0.6973240838602626,0.6989495479252048,0.6940731557303778,0.6956986197953202,8827101.0,37833424.0
2023-06-19,0.6940731557303778,0.6956986197953202,0.6859458354056661,0.6875712994706086,13313014.0,56502164.0
2023-06-20,0.6875712994706086,0.6891967635355508,0.6794439791458967,0.6810694432108392,10924660.0,45912632.0
2023-06-21,0.6794439791458967,0.6859458354056661,0.6794439791458967,0.6794439791458967,8429975.0,35376320.0
2023-06-26,0.6778185150809545,0.6778185150809545,0.6696911947562428,0.6729421228861274,11304188.0,46859044.0
2023-06-27,0.6729421228861274,0.6826949072757815,0.6696911947562428,0.6810694432108392,9560979.0,39850212.0
2023-06-28,0.6810694432108392,0.6826949072757815,0.6761930510160121,0.6810694432108392,8720800.0,36456124.0
2023-06-29,0.6810694432108392,0.6810694432108392,0.6745675869510699,0.6778185150809545,6827124.0,28471288.0
2023-06-30,0.6778185150809545,0.6908222276004932,0.6761930510160121,0.6875712994706086,11341076.0,47872040.0
2023-07-03,0.6875712994706086,0.6956986197953202,0.6859458354056661,0.6940731557303778,11820071.0,50275436.0
2023-07-04,0.6924476916654355,0.6940731557303778,0.6875712994706086,0.6908222276004932,6569489.0,27925114.0
2023-07-05,0.6924476916654355,0.7005750119901472,0.6891967635355508,0.6956986197953202,11675339.0,49929184.0
2023-07-06,0.6924476916654355,0.6940731557303778,0.6859458354056661,0.6875712994706086,6797002.0,28855464.0
2023-07-07,0.6891967635355508,0.6940731557303778,0.6875712994706086,0.6940731557303778,6577208.0,27952962.0
2023-07-10,0.6940731557303778,0.6973240838602626,0.6908222276004932,0.6956986197953202,8130255.0,34748680.0
2023-07-11,0.6940731557303778,0.6973240838602626,0.6908222276004932,0.6956986197953202,5634060.0,24060832.0
2023-07-12,0.6956986197953202,0.6973240838602626,0.6908222276004932,0.6940731557303778,8526891.0,36450764.0
2023-07-13,0.6940731557303778,0.6989495479252048,0.6924476916654355,0.6973240838602626,8812989.0,37799684.0
2023-07-14,0.6989495479252048,0.7005750119901472,0.6940731557303778,0.6973240838602626,7979129.0,34198856.0
2023-07-17,0.6956986197953202,0.6956986197953202,0.6875712994706086,0.6924476916654355,7530681.0,32016004.0
2023-07-18,0.6940731557303778,0.6956986197953202,0.6891967635355508,0.6940731557303778,6594879.0,28126442.0
2023-07-19,0.6940731557303778,0.6989495479252048,0.6908222276004932,0.6973240838602626,7376638.0,31559096.0
2023-07-20,0.6989495479252048,0.7005750119901472,0.6940731557303778,0.6956986197953202,7824980.0,33567676.0
2023-07-21,0.6940731557303778,0.7005750119901472,0.6940731557303778,0.7005750119901472,9317244.0,40007440.0
2023-07-24,0.6989495479252048,0.7005750119901472,0.6940731557303778,0.6973240838602626,7190877.0,30825878.0
2023-07-25,0.7005750119901472,0.7119532604447435,0.7005750119901472,0.7103277963798013,20906432.0,91028528.0
2023-07-26,0.7070768682499164,0.7119532604447435,0.7070768682499164,0.7119532604447435,11144921.0,48625516.0
2023-07-27,0.7103277963798013,0.7200805807694551,0.7087023323148589,0.7135787245096858,16521397.0,72681456.0
2023-07-28,0.7119532604447435,0.7395861495487632,0.7103277963798013,0.737960685483821,48113992.0,216408112.0
2023-07-31,0.7395861495487632,0.7558407901981867,0.7363352214188786,0.7509643980033597,47169548.0,217079040.0
2023-08-01,0.7460880058085326,0.7542153261332443,0.742837077678648,0.7477134698734749,29680152.0,136741872.0
2023-08-02,0.7444625417435903,0.7558407901981867,0.7412116136137056,0.7477134698734749,27916308.0,128441648.0
2023-08-03,0.7558407901981867,0.762342646457956,0.7444625417435903,0.7590917183280713,28930392.0,134238208.0
2023-08-04,0.762342646457956,0.7964773918217452,0.7590917183280713,0.77209543084761,73904368.0,352254336.0
2023-08-07,0.7639681105228984,0.7688445027177254,0.7558407901981867,0.762342646457956,41221192.0,193134800.0
2023-08-08,0.762342646457956,0.767219038652783,0.7493389339384173,0.757466254263129,29423234.0,136853904.0
2023-08-09,0.7590917183280713,0.7737208949125524,0.7542153261332443,0.7639681105228984,23016198.0,108230840.0
2023-08-10,0.7607171823930136,0.7655935745878406,0.7558407901981867,0.7639681105228984,15787740.0,73954320.0
2023-08-11,0.7639681105228984,0.7688445027177254,0.7542153261332443,0.7558407901981867,25915300.0,121344200.0
2023-08-14,0.7558407901981867,0.757466254263129,0.7477134698734749,0.7525898620683019,19470568.0,90047440.0
2023-08-15,0.7493389339384173,0.757466254263129,0.742837077678648,0.7509643980033597,17966840.0,83010120.0
2023-08-16,0.7509643980033597,0.7639681105228984,0.7444625417435903,0.7558407901981867,16112225.0,74942888.0
2023-08-17,0.757466254263129,0.762342646457956,0.7444625417435903,0.7509643980033597,19442264.0,89934016.0
2023-08-18,0.7477134698734749,0.7688445027177254,0.7460880058085326,0.7558407901981867,25038456.0,117324064.0
2023-08-21,0.757466254263129,0.7590917183280713,0.7460880058085326,0.7460880058085326,15967281.0,73913128.0
2023-08-22,0.7460880058085326,0.7590917183280713,0.7412116136137056,0.7477134698734749,18574080.0,85640056.0
2023-08-23,0.7493389339384173,0.7558407901981867,0.7444625417435903,0.7460880058085326,16042047.0,74010784.0
2023-08-24,0.7444625417435903,0.7525898620683019,0.7330842932889939,0.7347097573539362,18071038.0,82136112.0
2023-08-25,0.7314588292240516,0.7509643980033597,0.7298333651591092,0.7412116136137056,17154180.0,78356960.0
2023-08-28,0.7850991433671487,0.7932264636918603,0.757466254263129,0.7590917183280713,37144712.0,176165904.0
2023-08-29,0.7525898620683019,0.7558407901981867,0.7119532604447435,0.728207901094167,70420800.0,314921088.0
2023-08-30,0.7249569729642822,0.7249569729642822,0.7054514041849742,0.7087023323148589,40453816.0,177603552.0
2023-08-31,0.7070768682499164,0.7152041885746283,0.7022004760550896,0.7038259401200319,23545758.0,102350952.0
2023-09-01,0.7070768682499164,0.7135787245096858,0.7054514041849742,0.7070768682499164,17591300.0,76751296.0
2023-09-04,0.7070768682499164,0.728207901094167,0.7070768682499164,0.7200805807694551,36368268.0,161259056.0
2023-09-05,0.7184551167045129,0.7217060448343976,0.7070768682499164,0.7087023323148589,21069508.0,92192712.0
2023-09-06,0.7087023323148589,0.7168296526395705,0.7054514041849742,0.7103277963798013,13512300.0,59109212.0
2023-09-07,0.7103277963798013,0.7168296526395705,0.7070768682499164,0.7087023323148589,15815214.0,69225352.0
2023-09-08,0.7070768682499164,0.7103277963798013,0.7038259401200319,0.7070768682499164,10346760.0,44990844.0
2023-09-11,0.7087023323148589,0.7168296526395705,0.7087023323148589,0.7135787245096858,17063320.0,74906544.0
2023-09-12,0.7135787245096858,0.7152041885746283,0.7087023323148589,0.7103277963798013,14340855.0,62807720.0
2023-09-13,0.7119532604447435,0.7152041885746283,0.7070768682499164,0.7103277963798013,15325487.0,67032332.0
2023-09-14,0.7087023323148589,0.7168296526395705,0.7070768682499164,0.7135787245096858,14332534.0,62920252.0
2023-09-15,0.7184551167045129,0.72333150889934,0.7119532604447435,0.7135787245096858,21190410.0,93526280.0
2023-09-18,0.7168296526395705,0.7168296526395705,0.7054514041849742,0.7152041885746283,17073096.0,74656752.0
2023-09-19,0.7135787245096858,0.7265824370292245,0.7119532604447435,0.7217060448343976,27407204.0,121445952.0
2023-09-20,0.72333150889934,0.728207901094167,0.7168296526395705,0.7249569729642822,23086160.0,102785552.0
2023-09-21,0.7265824370292245,0.728207901094167,0.7135787245096858,0.7217060448343976,19225342.0,85199424.0
2023-09-22,0.7217060448343976,0.742837077678648,0.7200805807694551,0.737960685483821,38280640.0,172353824.0
2023-09-25,0.7363352214188786,0.742837077678648,0.728207901094167,0.737960685483821,24164252.0,109563568.0
2023-09-26,0.7395861495487632,0.7460880058085326,0.7314588292240516,0.7330842932889939,18963980.0,86093120.0
2023-09-27,0.7363352214188786,0.737960685483821,0.7249569729642822,0.728207901094167,15242471.0,68402472.0
2023-09-28,0.7298333651591092,0.7347097573539362,0.72333150889934,0.7265824370292245,13054349.0,58395996.0
2023-10-09,0.72333150889934,0.72333150889934,0.7168296526395705,0.7200805807694551,18097484.0,80156184.0
2023-10-10,0.72333150889934,0.728207901094167,0.7135787245096858,0.7168296526395705,12073460.0,53463976.0
2023-10-11,0.7168296526395705,0.7200805807694551,0.7070768682499164,0.7087023323148589,13066700.0,57335936.0
2023-10-12,0.7184551167045129,0.7249569729642822,0.7119532604447435,0.7152041885746283,17947740.0,79386616.0
2023-10-13,0.7119532604447435,0.7217060448343976,0.7087023323148589,0.7135787245096858,12918756.0,56804776.0
2023-10-16,0.7152041885746283,0.7200805807694551,0.7119532604447435,0.7168296526395705,14694980.0,64700216.0
2023-10-17,0.7168296526395705,0.72333150889934,0.7135787245096858,0.7217060448343976,11884560.0,52629524.0
2023-10-18,0.7184551167045129,0.72333150889934,0.7103277963798013,0.7103277963798013,12802320.0,56412020.0
2023-10-19,0.7087023323148589,0.7103277963798013,0.6940731557303778,0.6940731557303778,17442632.0,75101368.0
2023-10-20,0.6940731557303778,0.7038259401200319,0.6891967635355508,0.6956986197953202,15904070.0,68133048.0
2023-10-23,0.6940731557303778,0.6956986197953202,0.6761930510160121,0.6794439791458967,12307984.0,51867152.0
2023-10-24,0.6826949072757815,0.6875712994706086,0.6745675869510699,0.6810694432108392,21154380.0,88613976.0
2023-10-25,0.6875712994706086,0.6891967635355508,0.6810694432108392,0.6843203713407238,16708272.0,70340032.0
2023-10-26,0.6826949072757815,0.6908222276004932,0.6810694432108392,0.6875712994706086,16319172.0,68806032.0
2023-10-27,0.6859458354056661,0.6924476916654355,0.6826949072757815,0.6908222276004932,15174851.0,64266792.0
2023-10-30,0.6875712994706086,0.6908222276004932,0.6794439791458967,0.6826949072757815,20013136.0,84135472.0
2023-10-31,0.6810694432108392,0.6891967635355508,0.6794439791458967,0.6843203713407238,27686862.0,116281528.0
2023-11-01,0.6843203713407238,0.6843203713407238,0.6583129463016464,0.6631893384964734,67526192.0,276858624.0
2023-11-02,0.6615638744315312,0.666440266626358,0.6599384103665887,0.6648148025614158,31981126.0,130582544.0
2023-11-03,0.6631893384964734,0.6680657306913005,0.6615638744315312,0.6648148025614158,26074806.0,106540344.0
2023-11-06,0.6648148025614158,0.6729421228861274,0.6631893384964734,0.6713166588211851,32588724.0,133887168.0
2023-11-07,0.6696911947562428,0.6745675869510699,0.6680657306913005,0.6713166588211851,20672812.0,85326336.0
2023-11-08,0.6696911947562428,0.6745675869510699,0.6680657306913005,0.6713166588211851,22178208.0,91551000.0
2023-11-09,0.6713166588211851,0.6713166588211851,0.666440266626358,0.6680657306913005,15917957.0,65412500.0
2023-11-10,0.666440266626358,0.6680657306913005,0.6599384103665887,0.6599384103665887,16477860.0,67093056.0
2023-11-13,0.6615638744315312,0.6631893384964734,0.6566874822367041,0.6615638744315312,15472960.0,62834424.0
2023-11-14,0.6615638744315312,0.666440266626358,0.6615638744315312,0.666440266626358,14264480.0,58274308.0
2023-11-15,0.6696911947562428,0.6713166588211851,0.666440266626358,0.6680657306913005,17122888.0,70412152.0
2023-11-16,0.666440266626358,0.6680657306913005,0.6631893384964734,0.6631893384964734,12664140.0,51840928.0
2023-11-17,0.6631893384964734,0.6631893384964734,0.6583129463016464,0.6615638744315312,13135193.0,53391496.0
2023-11-20,0.6615638744315312,0.6648148025614158,0.6599384103665887,0.6631893384964734,15194693.0,61916220.0
2023-11-21,0.6631893384964734,0.6680657306913005,0.6631893384964734,0.6631893384964734,17791680.0,72872352.0
2023-11-22,0.6615638744315312,0.6648148025614158,0.6615638744315312,0.6615638744315312,12935900.0,52763560.0
2023-11-23,0.6599384103665887,0.6648148025614158,0.6599384103665887,0.6648148025614158,13518988.0,55085772.0
2023-11-24,0.6631893384964734,0.6680657306913005,0.6615638744315312,0.666440266626358,20871352.0,85529336.0
2023-11-27,0.6680657306913005,0.6680657306913005,0.6599384103665887,0.6615638744315312,17784064.0,72457688.0
2023-11-28,0.6599384103665887,0.6631893384964734,0.6583129463016464,0.6599384103665887,15147939.0,61518396.0
2023-11-29,0.6599384103665887,0.6615638744315312,0.64693469784705,0.6501856259769347,27395180.0,109957488.0
2023-11-30,0.6485601619119924,0.6501856259769347,0.6436837697171653,0.64693469784705,19377860.0,77185168.0
2023-12-01,0.6453092337821078,0.6518110900418771,0.6436837697171653,0.6501856259769347,17590684.0,70172416.0
2023-12-04,0.6501856259769347,0.6518110900418771,0.64693469784705,0.6501856259769347,16644389.0,66472132.0
2023-12-05,0.6485601619119924,0.6485601619119924,0.6404328415872808,0.6404328415872808,21084340.0,83524384.0
2023-12-06,0.6420583056522231,0.6436837697171653,0.6355564493924537,0.6388073775223384,16796720.0,66152000.0
2023-12-07,0.6404328415872808,0.6453092337821078,0.6355564493924537,0.6436837697171653,21543500.0,84945472.0
2023-12-08,0.6436837697171653,0.64693469784705,0.6388073775223384,0.6388073775223384,16825488.0,66523972.0
2023-12-11,0.637181913457396,0.6453092337821078,0.6290545931326844,0.6436837697171653,22213240.0,86934872.0
2023-12-12,0.6436837697171653,0.6485601619119924,0.6404328415872808,0.6485601619119924,15552486.0,61832516.0
2023-12-13,0.6485601619119924,0.6485601619119924,0.6404328415872808,0.6420583056522231,14264026.0,56571840.0
2023-12-14,0.6436837697171653,0.6453092337821078,0.6388073775223384,0.6420583056522231,12573100.0,49665280.0
2023-12-15,0.6420583056522231,0.6453092337821078,0.637181913457396,0.6388073775223384,11715740.0,46222916.0
2023-12-18,0.637181913457396,0.6404328415872808,0.6323055212625691,0.6339309853275114,14016168.0,54891540.0
2023-12-19,0.6339309853275114,0.6355564493924537,0.627429129067742,0.6306800571976267,15522464.0,60263312.0
2023-12-20,0.6306800571976267,0.6339309853275114,0.6258036650027997,0.627429129067742,13150260.0,51017588.0
2023-12-21,0.6258036650027997,0.6258036650027997,0.6144254165482033,0.6241782009378574,20197028.0,77277712.0
2023-12-22,0.6241782009378574,0.6323055212625691,0.6209272728079727,0.6258036650027997,20662138.0,79605872.0
2023-12-25,0.6258036650027997,0.6258036650027997,0.617676344678088,0.6193018087430303,11502100.0,43976480.0
2023-12-26,0.6193018087430303,0.6209272728079727,0.6160508806131457,0.617676344678088,12016116.0,45737772.0
2023-12-27,0.617676344678088,0.622552736872915,0.6111744884183187,0.622552736872915,19779524.0,75030320.0
2023-12-28,0.6209272728079727,0.6323055212625691,0.6193018087430303,0.6290545931326844,21187880.0,81844912.0
2023-12-29,0.6290545931326844,0.6306800571976267,0.6258036650027997,0.6306800571976267,18578040.0,71798024.0
2024-01-02,0.6306800571976267,0.6339309853275114,0.627429129067742,0.6323055212625691,18882788.0,73377264.0
2024-01-03,0.6306800571976267,0.637181913457396,0.6290545931326844,0.6355564493924537,20118400.0,78460976.0
2024-01-04,0.6355564493924537,0.637181913457396,0.6290545931326844,0.6339309853275114,14280000.0,55520640.0
2024-01-05,0.6339309853275114,0.6485601619119924,0.6306800571976267,0.6404328415872808,39917780.0,157825104.0
2024-01-08,0.6404328415872808,0.6420583056522231,0.6306800571976267,0.6306800571976267,27204172.0,106346072.0
2024-01-09,0.6306800571976267,0.637181913457396,0.6241782009378574,0.637181913457396,20768842.0,80750672.0
2024-01-10,0.6355564493924537,0.6404328415872808,0.6306800571976267,0.6355564493924537,18812200.0,73555648.0
2024-01-11,0.6339309853275114,0.6404328415872808,0.6323055212625691,0.6388073775223384,19101170.0,74853376.0
2024-01-12,0.637181913457396,0.6518110900418771,0.6355564493924537,0.6436837697171653,25076680.0,99618528.0
2024-01-15,0.6420583056522231,0.6501856259769347,0.6404328415872808,0.64693469784705,17900380.0,71093728.0
2024-01-16,0.6453092337821078,0.6550620181717618,0.6453092337821078,0.6534365541068193,27191760.0,108895464.0
2024-01-17,0.6501856259769347,0.6583129463016464,0.64693469784705,0.64693469784705,25228750.0,101478232.0
2024-01-18,0.6453092337821078,0.64693469784705,0.6306800571976267,0.6453092337821078,35664716.0,140223936.0
2024-01-19,0.6436837697171653,0.64693469784705,0.6388073775223384,0.6404328415872808,15957114.0,63153720.0
2024-01-22,0.6404328415872808,0.6420583056522231,0.6160508806131457,0.6209272728079727,26177940.0,101667520.0
2024-01-23,0.617676344678088,0.6258036650027997,0.6095490243533763,0.622552736872915,26192648.0,99571456.0
2024-01-24,0.6209272728079727,0.6388073775223384,0.6160508806131457,0.6388073775223384,27025852.0,104463112.0
2024-01-25,0.6355564493924537,0.64693469784705,0.6355564493924537,0.64693469784705,27563800.0,108967904.0
2024-01-26,0.6485601619119924,0.666440266626358,0.6453092337821078,0.6583129463016464,38143752.0,154559152.0
2024-01-29,0.6631893384964734,0.6648148025614158,0.6534365541068193,0.6534365541068193,35326676.0,143217216.0
2024-01-30,0.6534365541068193,0.6566874822367041,0.6420583056522231,0.6436837697171653,27625000.0,110196880.0
2024-01-31,0.6420583056522231,0.64693469784705,0.6323055212625691,0.637181913457396,31573140.0,124369768.0
2024-02-01,0.6355564493924537,0.6436837697171653,0.627429129067742,0.6355564493924537,25035204.0,97962728.0
2024-02-02,0.6339309853275114,0.6404328415872808,0.612799952483261,0.6241782009378574,30578612.0,118300736.0
2024-02-05,0.622552736872915,0.6290545931326844,0.5997962399637223,0.6160508806131457,39894348.0,150595872.0
2024-02-06,0.6111744884183187,0.6534365541068193,0.6111744884183187,0.6485601619119924,43883672.0,171472128.0
2024-02-07,0.64693469784705,0.6599384103665887,0.6453092337821078,0.6599384103665887,42659488.0,171942352.0
2024-02-08,0.6599384103665887,0.6680657306913005,0.64693469784705,0.6566874822367041,42013552.0,170087184.0
2024-02-19,0.6583129463016464,0.6615638744315312,0.6501856259769347,0.6583129463016464,30577804.0,123380128.0
2024-02-20,0.6550620181717618,0.6648148025614158,0.6501856259769347,0.6615638744315312,30045716.0,121338488.0
2024-02-21,0.6583129463016464,0.6843203713407238,0.6566874822367041,0.6729421228861274,48730664.0,202162448.0
2024-02-22,0.6713166588211851,0.6745675869510699,0.6648148025614158,0.6745675869510699,26873760.0,110731016.0
2024-02-23,0.6745675869510699,0.6826949072757815,0.6696911947562428,0.6745675869510699,27430624.0,113937824.0
2024-02-26,0.6745675869510699,0.6761930510160121,0.6599384103665887,0.6615638744315312,26924620.0,110341752.0
2024-02-27,0.6599384103665887,0.666440266626358,0.6566874822367041,0.6631893384964734,23938836.0,97316224.0
2024-02-28,0.6615638744315312,0.6680657306913005,0.6534365541068193,0.6534365541068193,41070556.0,167496848.0
2024-02-29,0.6534365541068193,0.6615638744315312,0.6518110900418771,0.6615638744315312,26443452.0,106881224.0
2024-03-01,0.6599384103665887,0.6631893384964734,0.6550620181717618,0.6599384103665887,18890164.0,76521272.0
2024-03-04,0.6583129463016464,0.6599384103665887,0.6501856259769347,0.6534365541068193,18480572.0,74285736.0
2024-03-05,0.6518110900418771,0.6599384103665887,0.6518110900418771,0.6566874822367041,22514024.0,90841360.0
2024-03-06,0.6550620181717618,0.6599384103665887,0.6534365541068193,0.6534365541068193,20683806.0,83438576.0
2024-03-07,0.6534365541068193,0.6631893384964734,0.6534365541068193,0.6566874822367041,23618540.0,95594632.0
2024-03-08,0.6550620181717618,0.6566874822367041,0.6501856259769347,0.6550620181717618,14634900.0,58828180.0
2024-03-11,0.6566874822367041,0.6566874822367041,0.6518110900418771,0.6566874822367041,15826150.0,63674828.0
2024-03-12,0.6566874822367041,0.6566874822367041,0.6534365541068193,0.6566874822367041,17051910.0,68729896.0
2024-03-13,0.6550620181717618,0.6550620181717618,0.6501856259769347,0.6518110900418771,15827820.0,63459624.0
2024-03-14,0.6501856259769347,0.6550620181717618,0.64693469784705,0.6485601619119924,14018660.0,56096784.0
2024-03-15,0.6501856259769347,0.6534365541068193,0.6485601619119924,0.6518110900418771,14415885.0,57713872.0
2024-03-18,0.6518110900418771,0.6566874822367041,0.6485601619119924,0.6550620181717618,20227340.0,81205568.0
2024-03-19,0.6550620181717618,0.6550620181717618,0.6485601619119924,0.6501856259769347,13557300.0,54383508.0
2024-03-20,0.6501856259769347,0.6550620181717618,0.6485601619119924,0.6534365541068193,14260003.0,57159704.0
2024-03-21,0.6534365541068193,0.6566874822367041,0.6518110900418771,0.6534365541068193,17858400.0,71865984.0
2024-03-22,0.6534365541068193,0.6534365541068193,0.6436837697171653,0.6453092337821078,18514726.0,73786224.0
2024-03-25,0.6453092337821078,0.6501856259769347,0.6420583056522231,0.6453092337821078,17581966.0,69951256.0
2024-03-26,0.6453092337821078,0.6518110900418771,0.6436837697171653,0.6518110900418771,18036520.0,71954984.0
2024-03-27,0.6501856259769347,0.6550620181717618,0.6485601619119924,0.6485601619119924,21529614.0,86483104.0
2024-03-28,0.6485601619119924,0.6485601619119924,0.6404328415872808,0.6453092337821078,22175840.0,87899992.0
2024-03-29,0.6436837697171653,0.64693469784705,0.6420583056522231,0.6453092337821078,16403380.0,65014080.0
2024-04-01,0.6436837697171653,0.6566874822367041,0.6436837697171653,0.6550620181717618,27509408.0,110099296.0
2024-04-02,0.6534365541068193,0.6631893384964734,0.6518110900418771,0.6566874822367041,25565188.0,103449424.0
2024-04-03,0.6550620181717618,0.6599384103665887,0.6518110900418771,0.6550620181717618,17813872.0,71815776.0
2024-04-08,0.6550620181717618,0.6599384103665887,0.6534365541068193,0.6566874822367041,21941470.0,88655120.0
2024-04-09,0.6566874822367041,0.6599384103665887,0.6534365541068193,0.6566874822367041,18759860.0,75741304.0
2024-04-10,0.6566874822367041,0.6599384103665887,0.6518110900418771,0.6550620181717618,22104660.0,89275512.0
2024-04-11,0.6534365541068193,0.6566874822367041,0.6485601619119924,0.6534365541068193,17058784.0,68592488.0
2024-04-12,0.6534365541068193,0.6566874822367041,0.6518110900418771,0.6518110900418771,12699660.0,51077696.0
2024-04-15,0.6518110900418771,0.6615638744315312,0.6453092337821078,0.6583129463016464,32418272.0,130756616.0
2024-04-16,0.6566874822367041,0.6583129463016464,0.64693469784705,0.6485601619119924,31342348.0,125798520.0
2024-04-17,0.6485601619119924,0.6631893384964734,0.6453092337821078,0.6631893384964734,34741024.0,139825536.0
2024-04-18,0.6615638744315312,0.6745675869510699,0.6583129463016464,0.666440266626358,42488816.0,174340432.0
2024-04-19,0.6648148025614158,0.6761930510160121,0.6615638744315312,0.6696911947562428,31597536.0,130203384.0
2024-04-22,0.6713166588211851,0.6761930510160121,0.6615638744315312,0.6631893384964734,25941736.0,106516680.0
2024-04-23,0.6631893384964734,0.666440266626358,0.6599384103665887,0.6631893384964734,18091220.0,73797584.0
2024-04-24,0.6615638744315312,0.6631893384964734,0.6534365541068193,0.6583129463016464,21081360.0,85265032.0
2024-04-25,0.6550620181717618,0.6648148025614158,0.6550620181717618,0.6648148025614158,23081960.0,93825032.0
2024-04-26,0.6631893384964734,0.6648148025614158,0.6501856259769347,0.6583129463016464,35680256.0,143920080.0
2024-04-29,0.6566874822367041,0.6729421228861274,0.6550620181717618,0.6729421228861274,34094496.0,139859680.0
2024-04-30,0.6729421228861274,0.6794439791458967,0.6696911947562428,0.6745675869510699,35915160.0,148922368.0
2024-05-06,0.6794439791458967,0.6859458354056661,0.6761930510160121,0.6810694432108392,35643288.0,149313728.0
2024-05-07,0.6794439791458967,0.6794439791458967,0.6713166588211851,0.6778185150809545,27063740.0,112446584.0
2024-05-08,0.6761930510160121,0.6794439791458967,0.6696911947562428,0.6713166588211851,18818100.0,78097584.0
2024-05-09,0.6713166588211851,0.6794439791458967,0.6713166588211851,0.6761930510160121,18938940.0,78832216.0
2024-05-10,0.6778185150809545,0.6843203713407238,0.6745675869510699,0.6826949072757815,28319144.0,118377544.0
2024-05-13,0.6794439791458967,0.6940731557303778,0.6745675869510699,0.6891967635355508,35605552.0,150008208.0
2024-05-14,0.6891967635355508,0.7038259401200319,0.6875712994706086,0.6924476916654355,42121540.0,180146464.0
2024-05-15,0.6908222276004932,0.6989495479252048,0.6859458354056661,0.6940731557303778,23974580.0,102139728.0
2024-05-16,0.6924476916654355,0.7103277963798013,0.6924476916654355,0.7054514041849742,41566704.0,180041104.0
2024-05-17,0.7054514041849742,0.7249569729642822,0.7038259401200319,0.72333150889934,46744000.0,205542848.0
2024-05-20,0.72333150889934,0.7298333651591092,0.7087023323148589,0.7152041885746283,46481720.0,204752272.0
2024-05-21,0.7119532604447435,0.7265824370292245,0.7087023323148589,0.7249569729642822,38567640.0,170390960.0
2024-05-22,0.7217060448343976,0.7395861495487632,0.7217060448343976,0.737960685483821,45875640.0,206892608.0
2024-05-23,0.7347097573539362,0.7412116136137056,0.7265824370292245,0.7314588292240516,35482200.0,159936000.0
2024-05-24,0.728207901094167,0.742837077678648,0.728207901094167,0.7330842932889939,34073680.0,154427568.0
2024-05-27,0.7347097573539362,0.7363352214188786,0.728207901094167,0.7363352214188786,24762160.0,111522632.0
2024-05-28,0.7330842932889939,0.7363352214188786,0.7217060448343976,0.72333150889934,24900732.0,111440864.0
2024-05-29,0.72333150889934,0.7298333651591092,0.7135787245096858,0.7168296526395705,30965020.0,137405712.0
2024-05-30,0.7184551167045129,0.72333150889934,0.7103277963798013,0.7135787245096858,24067920.0,106115896.0
2024-05-31,0.7119532604447435,0.7184551167045129,0.7087023323148589,0.7135787245096858,19730412.0,86620256.0
2024-06-03,0.7135787245096858,0.7135787245096858,0.6908222276004932,0.6956986197953202,36669416.0,157278800.0
2024-06-04,0.6940731557303778,0.7038259401200319,0.6924476916654355,0.7005750119901472,29265796.0,125701520.0
2024-06-05,0.7005750119901472,0.7038259401200319,0.6859458354056661,0.6859458354056661,28519252.0,121363984.0
2024-06-06,1.2513876726995259,1.257567364910388,1.2297587499615095,1.242118134383233,32614736.0,131159280.0
2024-06-07,1.2452079804886642,1.2606572110158187,1.2359384421723714,1.2606572110158187,23315160.0,94185960.0
2024-06-11,1.2606572110158187,1.2606572110158187,1.2297587499615095,1.2452079804886642,24288580.0,97824528.0
2024-06-12,1.242118134383233,1.2482978265940952,1.2266689038560787,1.2390282882778023,19411760.0,77666000.0
2024-06-13,1.2390282882778023,1.2452079804886642,1.2173993655397857,1.2204892116452168,17889348.0,71043056.0
2024-06-14,1.2235790577506476,1.2390282882778023,1.214309519434355,1.2328485960669404,20386980.0,80940432.0
2024-06-17,1.2328485960669404,1.2482978265940952,1.2235790577506476,1.2297587499615095,20828024.0,83249424.0
2024-06-18,1.2328485960669404,1.2452079804886642,1.2204892116452168,1.242118134383233,19709042.0,78860352.0
2024-06-19,1.2359384421723714,1.2513876726995259,1.2359384421723714,1.2390282882778023,17819644.0,71708696.0
2024-06-20,1.2359384421723714,1.2452079804886642,1.2173993655397857,1.2173993655397857,18315880.0,72640120.0
2024-06-21,1.2173993655397857,1.2297587499615095,1.211219673328924,1.214309519434355,15514760.0,61178952.0
2024-06-24,1.214309519434355,1.214309519434355,1.1834110583800457,1.1926805966963383,24521660.0,94831008.0
2024-06-25,1.1895907505909076,1.211219673328924,1.1865009044854764,1.208129827223493,16910048.0,65885816.0
2024-06-26,1.205039981118062,1.2297587499615095,1.2019501350126311,1.2266689038560787,17243308.0,68068640.0
2024-06-27,1.2235790577506476,1.2328485960669404,1.214309519434355,1.2235790577506476,16461000.0,65125964.0
2024-06-28,1.2266689038560787,1.257567364910388,1.2204892116452168,1.242118134383233,23376040.0,94066984.0
2024-07-01,1.2390282882778023,1.2637470571212497,1.2390282882778023,1.2606572110158187,20011484.0,81178528.0
2024-07-02,1.2606572110158187,1.2761064415429735,1.257567364910388,1.2699267493321116,19114806.0,78439976.0
2024-07-03,1.2699267493321116,1.2761064415429735,1.257567364910388,1.2699267493321116,20489340.0,84012624.0
2024-07-04,1.2637470571212497,1.2699267493321116,1.2452079804886642,1.2513876726995259,18982544.0,77278144.0
2024-07-05,1.2482978265940952,1.257567364910388,1.2204892116452168,1.2297587499615095,22427514.0,89662048.0
2024-07-08,1.2235790577506476,1.2359384421723714,1.211219673328924,1.2173993655397857,19213548.0,75971008.0
2024-07-09,1.2173993655397857,1.2452079804886642,1.208129827223493,1.2390282882778023,22033800.0,87365056.0
2024-07-10,1.2359384421723714,1.242118134383233,1.2235790577506476,1.2266689038560787,13822360.0,55165036.0
2024-07-11,1.2328485960669404,1.242118134383233,1.2173993655397857,1.2266689038560787,24570240.0,97762600.0
2024-07-12,1.2266689038560787,1.2482978265940952,1.2235790577506476,1.242118134383233,24139100.0,96883544.0
2024-07-15,1.242118134383233,1.2544775188049568,1.2359384421723714,1.2513876726995259,23708840.0,95454424.0
2024-07-16,1.2482978265940952,1.257567364910388,1.2297587499615095,1.2359384421723714,22196640.0,89070368.0
2024-07-17,1.2328485960669404,1.2390282882778023,1.2266689038560787,1.2359384421723714,18994060.0,75851776.0
2024-07-18,1.2328485960669404,1.2390282882778023,1.214309519434355,1.2359384421723714,18264400.0,72567408.0
2024-07-19,1.2297587499615095,1.2328485960669404,1.2173993655397857,1.2297587499615095,18120480.0,71894864.0
2024-07-22,1.2235790577506476,1.2266689038560787,1.211219673328924,1.214309519434355,16157314.0,63585728.0
2024-07-23,1.214309519434355,1.2359384421723714,1.211219673328924,1.2204892116452168,24371118.0,96848080.0
2024-07-24,1.2204892116452168,1.2266689038560787,1.208129827223493,1.2173993655397857,18034660.0,71163136.0
2024-07-25,1.2173993655397857,1.2235790577506476,1.1988602889072002,1.208129827223493,20273320.0,79153208.0
2024-07-26,1.2019501350126311,1.211219673328924,1.1957704428017693,1.2019501350126311,19804220.0,77068664.0
2024-07-29,1.1988602889072002,1.2235790577506476,1.1957704428017693,1.2204892116452168,21619316.0,84847648.0
2024-07-30,1.214309519434355,1.2297587499615095,1.211219673328924,1.2204892116452168,13247953.0,52308628.0
2024-07-31,1.2204892116452168,1.2452079804886642,1.2173993655397857,1.242118134383233,22136640.0,88426696.0
2024-08-01,1.242118134383233,1.2452079804886642,1.2297587499615095,1.2359384421723714,17791500.0,71171984.0
2024-08-02,1.2297587499615095,1.242118134383233,1.2266689038560787,1.2297587499615095,12043560.0,48138920.0
2024-08-05,1.2297587499615095,1.2390282882778023,1.211219673328924,1.214309519434355,18276844.0,72427776.0
2024-08-06,1.2173993655397857,1.2235790577506476,1.2019501350126311,1.208129827223493,14686180.0,57598732.0
2024-08-07,1.208129827223493,1.211219673328924,1.2019501350126311,1.2019501350126311,13833420.0,53973456.0
2024-08-08,1.2019501350126311,1.205039981118062,1.1926805966963383,1.1988602889072002,14656780.0,56807548.0
2024-08-09,1.2019501350126311,1.214309519434355,1.1988602889072002,1.2019501350126311,18307522.0,71522400.0
2024-08-12,1.2019501350126311,1.205039981118062,1.1926805966963383,1.1957704428017693,15500466.0,60035824.0
2024-08-13,1.1926805966963383,1.208129827223493,1.1926805966963383,1.1988602889072002,13182962.0,51152440.0
2024-08-14,1.1988602889072002,1.208129827223493,1.1926805966963383,1.1957704428017693,11456940.0,44476588.0
2024-08-15,1.1957704428017693,1.208129827223493,1.1926805966963383,1.208129827223493,17817320.0,69437544.0
2024-08-16,1.208129827223493,1.2173993655397857,1.1957704428017693,1.208129827223493,18595620.0,72699168.0
2024-08-19,1.208129827223493,1.2328485960669404,1.208129827223493,1.2328485960669404,25699680.0,101798680.0
2024-08-20,1.2328485960669404,1.2390282882778023,1.2173993655397857,1.2266689038560787,17702182.0,70310928.0
2024-08-21,1.2204892116452168,1.2235790577506476,1.2019501350126311,1.205039981118062,21819748.0,85441176.0
2024-08-22,1.205039981118062,1.2204892116452168,1.2019501350126311,1.211219673328924,15825520.0,62170968.0
2024-08-23,1.211219673328924,1.214309519434355,1.1926805966963383,1.2019501350126311,22227162.0,86522136.0
2024-08-26,1.1988602889072002,1.2235790577506476,1.1957704428017693,1.2235790577506476,21089340.0,82554736.0
2024-08-27,1.2204892116452168,1.2235790577506476,1.205039981118062,1.211219673328924,25550900.0,100386312.0
2024-08-28,1.208129827223493,1.211219673328924,1.1957704428017693,1.1988602889072002,20683972.0,80467752.0
2024-08-29,1.1926805966963383,1.1988602889072002,1.1741415200637528,1.1772313661691838,29972192.0,114744992.0
2024-08-30,1.1741415200637528,1.1926805966963383,1.167961827852891,1.1834110583800457,24882036.0,95338800.0
2024-09-02,1.1803212122746145,1.1926805966963383,1.1772313661691838,1.1772313661691838,22224676.0,85268704.0
2024-09-03,1.1741415200637528,1.1772313661691838,1.158692289536598,1.161782135642029,19476284.0,73327984.0
2024-09-04,1.158692289536598,1.161782135642029,1.1525125973257362,1.1556024434311674,12761998.0,47769768.0
2024-09-05,1.1525125973257362,1.161782135642029,1.1494227512203055,1.1556024434311674,9670412.0,36134796.0
2024-09-06,1.158692289536598,1.167961827852891,1.1494227512203055,1.1494227512203055,14297835.0,53660656.0
2024-09-09,1.1463329051148745,1.1494227512203055,1.1277938284822888,1.1339735206931507,14389760.0,52887400.0
2024-09-10,1.1339735206931507,1.1401532129040126,1.124703982376858,1.1370633667985817,12106071.0,44387148.0
2024-09-11,1.1370633667985817,1.1370633667985817,1.121614136271427,1.1277938284822888,12296624.0,44938152.0
2024-09-12,1.124703982376858,1.1370633667985817,1.121614136271427,1.1277938284822888,9253811.0,33858276.0
2024-09-13,1.1308836745877198,1.1370633667985817,1.121614136271427,1.121614136271427,9596180.0,35072924.0
2024-09-18,1.1185242901659962,1.124703982376858,1.0999852135334105,1.115434444060565,13350378.0,48053076.0
2024-09-19,1.1185242901659962,1.1339735206931507,1.1092547518497033,1.1277938284822888,11846512.0,43107924.0
2024-09-20,1.1277938284822888,1.1370633667985817,1.121614136271427,1.1308836745877198,12261483.0,44785228.0
2024-09-23,1.1277938284822888,1.1463329051148745,1.124703982376858,1.1432430590094436,13166558.0,48579532.0
2024-09-24,1.1463329051148745,1.1803212122746145,1.1463329051148745,1.1803212122746145,30496460.0,115089256.0
2024-09-25,1.1895907505909076,1.2297587499615095,1.1895907505909076,1.211219673328924,49630540.0,194369072.0
2024-09-26,1.208129827223493,1.2822861337538354,1.208129827223493,1.2791962876484042,59930628.0,241134624.0
2024-09-27,1.291555672070128,1.3008252103864208,1.2513876726995259,1.291555672070128,57387096.0,236683216.0
2024-09-30,1.3131845948081446,1.418239362392796,1.3100947487027137,1.3997002857602105,89864344.0,395531104.0
2024-10-08,1.5387433605046026,1.5387433605046026,1.3811612091276249,1.4398682851308127,120994448.0,568387968.0
2024-10-09,1.4120596701819343,1.4120596701819343,1.3131845948081446,1.3193642870190063,76178520.0,336099456.0
2024-10-10,1.3317236714407301,1.387340901338487,1.3131845948081446,1.3502627480733158,61903912.0,271644704.0
2024-10-11,1.3502627480733158,1.3626221324950394,1.3008252103864208,1.3162744409135754,45524848.0,195875152.0
2024-10-14,1.334813517546161,1.3657119786004703,1.3286338253352992,1.3440830558624537,55448688.0,241957216.0
2024-10-15,1.3317236714407301,1.3533525941787465,1.3008252103864208,1.3039150564918518,53315480.0,229054320.0
2024-10-16,1.2946455181755592,1.3564424402841775,1.291555672070128,1.3440830558624537,56943580.0,245855072.0
2024-10-17,1.340993209757023,1.3595322863896087,1.3224541331244375,1.3255439792298682,29652912.0,128374904.0
2024-10-18,1.337903363651592,1.3749815169167632,1.3131845948081446,1.3502627480733158,52850736.0,229651936.0
2024-10-21,1.3502627480733158,1.3502627480733158,1.3193642870190063,1.334813517546161,41558720.0,179139296.0
2024-10-22,1.337903363651592,1.3502627480733158,1.3224541331244375,1.337903363651592,31115858.0,134395536.0
2024-10-23,1.337903363651592,1.3440830558624537,1.3317236714407301,1.337903363651592,30704180.0,132984520.0
2024-10-24,1.334813517546161,1.340993209757023,1.3193642870190063,1.3317236714407301,25027660.0,107677784.0
2024-10-25,1.3286338253352992,1.334813517546161,1.3224541331244375,1.3286338253352992,25983462.0,111650760.0
2024-10-28,1.3286338253352992,1.3440830558624537,1.3162744409135754,1.3440830558624537,35075424.0,151069952.0
2024-10-29,1.340993209757023,1.3657119786004703,1.3193642870190063,1.3224541331244375,46875076.0,203209920.0
2024-10-30,1.3162744409135754,1.3286338253352992,1.288465825964697,1.3039150564918518,34394804.0,145470544.0
2024-10-31,1.3008252103864208,1.3193642870190063,1.2946455181755592,1.3100947487027137,30578404.0,129408192.0
2024-11-01,1.3070049025972827,1.3286338253352992,1.29773536428099,1.3039150564918518,40081720.0,170198240.0
2024-11-04,1.3039150564918518,1.3100947487027137,1.288465825964697,1.3100947487027137,36454716.0,153198336.0
2024-11-05,1.3070049025972827,1.340993209757023,1.3039150564918518,1.340993209757023,46890048.0,201404064.0
2024-11-06,1.340993209757023,1.3471729019678849,1.3255439792298682,1.334813517546161,38378168.0,165753744.0
2024-11-07,1.3286338253352992,1.384251055233056,1.3286338253352992,1.384251055233056,58575716.0,257773600.0
2024-11-08,1.3966104396547796,1.4089698240765032,1.3533525941787465,1.3595322863896087,51037560.0,226533920.0
2024-11-11,1.3595322863896087,1.3657119786004703,1.337903363651592,1.3564424402841775,37530128.0,163893056.0
2024-11-12,1.3533525941787465,1.3749815169167632,1.340993209757023,1.3471729019678849,44123788.0,193947840.0
2024-11-13,1.3440830558624537,1.3718916708113322,1.337903363651592,1.3626221324950394,43251252.0,190155152.0
2024-11-14,1.3595322863896087,1.3811612091276249,1.3502627480733158,1.3564424402841775,54190120.0,239706736.0
2024-11-15,1.3502627480733158,1.3749815169167632,1.3440830558624537,1.3471729019678849,47536148.0,208770896.0
2024-11-18,1.3657119786004703,1.4738565922905527,1.3657119786004703,1.387340901338487,118917280.0,538183680.0
2024-11-19,1.3811612091276249,1.4305987468145198,1.3718916708113322,1.4058799779710724,82933296.0,376323200.0
2024-11-20,1.3997002857602105,1.418239362392796,1.3780713630221941,1.3904307474439177,60961088.0,274169600.0
2024-11-21,1.384251055233056,1.3904307474439177,1.3688018247059013,1.384251055233056,40492104.0,180620496.0
2024-11-22,1.3811612091276249,1.3904307474439177,1.334813517546161,1.334813517546161,49614444.0,218709456.0
2024-11-25,1.334813517546161,1.3471729019678849,1.3193642870190063,1.3317236714407301,29873678.0,128960384.0
2024-11-26,1.3317236714407301,1.3471729019678849,1.3255439792298682,1.340993209757023,23680136.0,102520984.0
2024-11-27,1.337903363651592,1.3595322863896087,1.3162744409135754,1.3564424402841775,38225764.0,165594544.0
2024-11-28,1.3502627480733158,1.3749815169167632,1.3471729019678849,1.3626221324950394,29407934.0,129500912.0
2024-11-29,1.3595322863896087,1.384251055233056,1.3595322863896087,1.3780713630221941,41314408.0,183911264.0
2024-12-02,1.3749815169167632,1.3811612091276249,1.3626221324950394,1.3749815169167632,34248060.0,152208080.0
2024-12-03,1.3749815169167632,1.3904307474439177,1.3657119786004703,1.387340901338487,34029840.0,151693856.0
2024-12-04,1.3811612091276249,1.384251055233056,1.3657119786004703,1.3688018247059013,27877508.0,124001448.0
2024-12-05,1.3688018247059013,1.3780713630221941,1.3657119786004703,1.3688018247059013,20790596.0,92241896.0
2024-12-06,1.3688018247059013,1.3935205935493487,1.3688018247059013,1.384251055233056,43970000.0,196849280.0
2024-12-09,1.384251055233056,1.3935205935493487,1.3688018247059013,1.3780713630221941,40029304.0,179092304.0
2024-12-10,1.3966104396547796,1.4120596701819343,1.3811612091276249,1.384251055233056,46276152.0,208637904.0
2024-12-11,1.3811612091276249,1.3966104396547796,1.3780713630221941,1.387340901338487,34188580.0,153485200.0
2024-12-12,1.387340901338487,1.4089698240765032,1.3811612091276249,1.4089698240765032,40056464.0,181354160.0
2024-12-13,1.4027901318656415,1.4058799779710724,1.3657119786004703,1.3718916708113322,52548756.0,235089296.0
2024-12-16,1.3688018247059013,1.384251055233056,1.3657119786004703,1.3718916708113322,28501912.0,126740240.0
2024-12-17,1.3688018247059013,1.3780713630221941,1.337903363651592,1.3471729019678849,40254020.0,176455856.0
2024-12-18,1.3502627480733158,1.3718916708113322,1.3471729019678849,1.3564424402841775,30559492.0,134728288.0
2024-12-19,1.3471729019678849,1.3564424402841775,1.3286338253352992,1.3440830558624537,27784192.0,120583440.0
2024-12-20,1.340993209757023,1.3471729019678849,1.3286338253352992,1.3317236714407301,25762064.0,111514184.0
2024-12-23,1.3317236714407301,1.3471729019678849,1.3224541331244375,1.3255439792298682,38707288.0,167327696.0
2024-12-24,1.3255439792298682,1.3533525941787465,1.3255439792298682,1.3502627480733158,40113928.0,174407248.0
2024-12-25,1.3533525941787465,1.3626221324950394,1.340993209757023,1.3595322863896087,39119388.0,171360112.0
2024-12-26,1.3564424402841775,1.3595322863896087,1.340993209757023,1.3471729019678849,23824804.0,104071944.0
2024-12-27,1.3533525941787465,1.3749815169167632,1.340993209757023,1.3749815169167632,48448324.0,213363344.0
2024-12-30,1.3657119786004703,1.387340901338487,1.3626221324950394,1.387340901338487,34154768.0,152309616.0
2024-12-31,1.384251055233056,1.4027901318656415,1.3471729019678849,1.3502627480733158,50066748.0,222449248.0
2025-01-02,1.3564424402841775,1.3626221324950394,1.2946455181755592,1.3070049025972827,53556424.0,230366560.0
2025-01-03,1.3070049025972827,1.3193642870190063,1.2853759798592663,1.291555672070128,37426404.0,157727392.0
2025-01-06,1.288465825964697,1.3039150564918518,1.2761064415429735,1.3039150564918518,33611876.0,140561536.0
2025-01-07,1.3039150564918518,1.3070049025972827,1.2853759798592663,1.29773536428099,22861608.0,95923776.0
2025-01-08,1.29773536428099,1.3039150564918518,1.2791962876484042,1.3039150564918518,35011392.0,146574368.0
2025-01-09,1.3008252103864208,1.3039150564918518,1.2853759798592663,1.288465825964697,23949964.0,100260624.0
2025-01-10,1.288465825964697,1.2946455181755592,1.2637470571212497,1.2637470571212497,26620292.0,109979600.0
2025-01-13,1.257567364910388,1.2606572110158187,1.2390282882778023,1.2482978265940952,21809856.0,88061440.0
2025-01-14,1.2452079804886642,1.2761064415429735,1.2452079804886642,1.2730165954375425,32938196.0,134828800.0
2025-01-15,1.2730165954375425,1.288465825964697,1.2668369032266806,1.2699267493321116,26620460.0,109875512.0
2025-01-16,1.2761064415429735,1.3131845948081446,1.2730165954375425,1.3008252103864208,48262504.0,202620272.0
2025-01-17,1.29773536428099,1.3070049025972827,1.288465825964697,1.3039150564918518,22710244.0,95582992.0
2025-01-20,1.3070049025972827,1.3162744409135754,1.29773536428099,1.29773536428099,21453464.0,90634408.0
2025-01-21,1.3070049025972827,1.3070049025972827,1.2822861337538354,1.288465825964697,19825692.0,82890688.0
2025-01-22,1.2853759798592663,1.288465825964697,1.2668369032266806,1.2730165954375425,19981336.0,82429408.0
2025-01-23,1.2853759798592663,1.3193642870190063,1.2822861337538354,1.3039150564918518,39670592.0,167341584.0
2025-01-24,1.29773536428099,1.3070049025972827,1.2853759798592663,1.3039150564918518,29950856.0,125737672.0
2025-01-27,1.3070049025972827,1.334813517546161,1.3039150564918518,1.3193642870190063,34226208.0,146737392.0
2025-02-05,1.3255439792298682,1.3286338253352992,1.3039150564918518,1.3100947487027137,25396016.0,108178360.0
2025-02-06,1.3100947487027137,1.3162744409135754,1.29773536428099,1.3070049025972827,29253260.0,123617296.0
2025-02-07,1.3070049025972827,1.3255439792298682,1.3039150564918518,1.3162744409135754,30313296.0,128868104.0
2025-02-10,1.3162744409135754,1.3193642870190063,1.3070049025972827,1.3100947487027137,27589666.0,117203576.0
2025-02-11,1.3100947487027137,1.3224541331244375,1.3070049025972827,1.3162744409135754,30063656.0,127856128.0
2025-02-12,1.3131845948081446,1.3224541331244375,1.3070049025972827,1.3162744409135754,25593624.0,108768568.0
2025-02-13,1.3162744409135754,1.3193642870190063,1.3100947487027137,1.3131845948081446,20680466.0,88039024.0
2025-02-14,1.3100947487027137,1.3162744409135754,1.3039150564918518,1.3131845948081446,22931080.0,97083120.0
2025-02-17,1.3100947487027137,1.3131845948081446,1.3008252103864208,1.3070049025972827,24180644.0,102167432.0
2025-02-18,1.3070049025972827,1.3286338253352992,1.3039150564918518,1.3162744409135754,53777396.0,229211536.0
2025-02-19,1.3131845948081446,1.3162744409135754,1.3070049025972827,1.3100947487027137,31863396.0,135173744.0
2025-02-20,1.3100947487027137,1.3100947487027137,1.3008252103864208,1.3070049025972827,19879900.0,84007472.0
2025-02-21,1.3070049025972827,1.3100947487027137,1.291555672070128,1.29773536428099,27346668.0,114879744.0
2025-02-24,1.29773536428099,1.3039150564918518,1.291555672070128,1.29773536428099,22173452.0,93186152.0
2025-02-25,1.29773536428099,1.29773536428099,1.2822861337538354,1.2822861337538354,24158952.0,100719160.0
2025-02-26,1.288465825964697,1.29773536428099,1.2822861337538354,1.2946455181755592,24950352.0,104188160.0
2025-02-27,1.291555672070128,1.29773536428099,1.2853759798592663,1.2946455181755592,19271692.0,80499776.0
2025-02-28,1.291555672070128,1.2946455181755592,1.2761064415429735,1.2791962876484042,24402668.0,101486112.0
2025-03-03,1.2791962876484042,1.2853759798592663,1.2730165954375425,1.2730165954375425,18690640.0,77326720.0
2025-03-04,1.2730165954375425,1.2822861337538354,1.2699267493321116,1.2822861337538354,15648150.0,64769088.0
2025-03-05,1.2791962876484042,1.2946455181755592,1.2730165954375425,1.291555672070128,27031714.0,112505560.0
2025-03-06,1.288465825964697,1.291555672070128,1.2822861337538354,1.291555672070128,20036508.0,83463872.0
2025-03-07,1.288465825964697,1.2946455181755592,1.2853759798592663,1.2853759798592663,15518531.0,64711616.0
2025-03-10,1.2853759798592663,1.288465825964697,1.2730165954375425,1.2761064415429735,16761182.0,69283640.0
2025-03-11,1.2761064415429735,1.2791962876484042,1.2699267493321116,1.2791962876484042,13111868.0,54107096.0
2025-03-12,1.2791962876484042,1.2853759798592663,1.2761064415429735,1.2822861337538354,14117426.0,58530428.0
2025-03-13,1.2822861337538354,1.288465825964697,1.2761064415429735,1.2853759798592663,17200272.0,71430008.0
2025-03-14,1.2853759798592663,1.3039150564918518,1.2822861337538354,1.3039150564918518,34579848.0,145010768.0
2025-03-17,1.3039150564918518,1.3162744409135754,1.3008252103864208,1.3100947487027137,29646724.0,125663968.0
2025-03-18,1.3100947487027137,1.3131845948081446,1.3008252103864208,1.3039150564918518,14228420.0,60098484.0
2025-03-19,1.3039150564918518,1.3162744409135754,1.3008252103864208,1.3162744409135754,25197624.0,106942440.0
2025-03-20,1.3162744409135754,1.3224541331244375,1.3100947487027137,1.3100947487027137,18808616.0,80049680.0
2025-03-21,1.3100947487027137,1.3224541331244375,1.3039150564918518,1.3070049025972827,25761608.0,109464072.0
2025-03-24,1.3070049025972827,1.3193642870190063,1.3039150564918518,1.3162744409135754,23314670.0,98977968.0
2025-03-25,1.3162744409135754,1.3255439792298682,1.3131845948081446,1.3255439792298682,23143740.0,99033240.0
2025-03-26,1.3224541331244375,1.3255439792298682,1.3162744409135754,1.3162744409135754,18979850.0,81090976.0
2025-03-27,1.3162744409135754,1.3224541331244375,1.3100947487027137,1.3162744409135754,17741224.0,75581984.0
2025-03-28,1.3162744409135754,1.3193642870190063,1.3008252103864208,1.3070049025972827,27442778.0,116242712.0
2025-03-31,1.3070049025972827,1.340993209757023,1.3070049025972827,1.3131845948081446,59812080.0,255974016.0
2025-04-01,1.3100947487027137,1.3317236714407301,1.3070049025972827,1.3224541331244375,38865440.0,166190384.0
2025-04-02,1.3224541331244375,1.3502627480733158,1.3224541331244375,1.3471729019678849,54959072.0,238615680.0
2025-04-03,1.340993209757023,1.3533525941787465,1.337903363651592,1.3440830558624537,33799460.0,147102352.0
2025-04-07,1.3131845948081446,1.3131845948081446,1.214309519434355,1.2266689038560787,86979344.0,356238336.0
2025-04-08,1.2328485960669404,1.2699267493321116,1.2328485960669404,1.2544775188049568,56266604.0,228251920.0
2025-04-09,1.2452079804886642,1.2606572110158187,1.2266689038560787,1.257567364910388,44469560.0,178950720.0
2025-04-10,1.2637470571212497,1.2730165954375425,1.2544775188049568,1.2606572110158187,34422492.0,140858400.0
2025-04-11,1.257567364910388,1.2637470571212497,1.2513876726995259,1.257567364910388,27369056.0,111310088.0
2025-04-14,1.2637470571212497,1.2668369032266806,1.257567364910388,1.2637470571212497,22657500.0,92678744.0
2025-04-15,1.2637470571212497,1.2761064415429735,1.2606572110158187,1.2761064415429735,23677318.0,97276112.0
2025-04-16,1.2730165954375425,1.2822861337538354,1.2668369032266806,1.2822861337538354,30863164.0,127440264.0
2025-04-17,1.2791962876484042,1.288465825964697,1.2730165954375425,1.2853759798592663,28046192.0,116326408.0
2025-04-18,1.2791962876484042,1.2946455181755592,1.2791962876484042,1.288465825964697,24735040.0,103152896.0
2025-04-21,1.288465825964697,1.3070049025972827,1.2761064415429735,1.2791962876484042,43199000.0,180188992.0
2025-04-22,1.2791962876484042,1.291555672070128,1.2761064415429735,1.288465825964697,28094040.0,116886536.0
2025-04-23,1.288465825964697,1.291555672070128,1.2791962876484042,1.2791962876484042,22603230.0,93897840.0
2025-04-24,1.2822861337538354,1.2946455181755592,1.2791962876484042,1.288465825964697,22752600.0,94843304.0
2025-04-25,1.291555672070128,1.3100947487027137,1.288465825964697,1.3070049025972827,32746072.0,137711616.0
2025-04-28,1.3070049025972827,1.3162744409135754,1.29773536428099,1.3131845948081446,22588284.0,95634672.0
2025-04-29,1.3100947487027137,1.3193642870190063,1.3039150564918518,1.3070049025972827,24736034.0,104822184.0
2025-04-30,1.3100947487027137,1.3162744409135754,1.2946455181755592,1.29773536428099,28454548.0,120016264.0
2025-05-06,1.3008252103864208,1.3039150564918518,1.288465825964697,1.2946455181755592,30035748.0,125683712.0
2025-05-07,1.3008252103864208,1.3100947487027137,1.29773536428099,1.3070049025972827,35043344.0,147954080.0
2025-05-08,1.3039150564918518,1.3255439792298682,1.3008252103864208,1.3224541331244375,33799200.0,143814480.0
2025-05-09,1.3224541331244375,1.334813517546161,1.3224541331244375,1.3317236714407301,36432348.0,156670416.0
2025-05-12,1.334813517546161,1.3533525941787465,1.3317236714407301,1.3440830558624537,39729760.0,172790432.0
2025-05-13,1.3502627480733158,1.3626221324950394,1.337903363651592,1.3595322863896087,43062164.0,188379088.0
2025-05-14,1.3595322863896087,1.3811612091276249,1.3533525941787465,1.3780713630221941,46959652.0,208107328.0
2025-05-15,1.3749815169167632,1.3904307474439177,1.3688018247059013,1.3718916708113322,42464524.0,189052544.0
2025-05-16,2.395187917072244,2.400810423919831,2.3502078622915445,2.3614528759867195,36959968.0,155855168.0
2025-05-19,2.3670753828343067,2.400810423919831,2.3614528759867195,2.378320396529482,32523028.0,138005184.0
2025-05-20,2.3839429033770694,2.400810423919831,2.3670753828343067,2.372697889681894,25775180.0,109033704.0
2025-05-21,2.372697889681894,2.400810423919831,2.3670753828343067,2.395187917072244,25564020.0,108661544.0
2025-05-22,2.395187917072244,2.434545465005356,2.3839429033770694,2.4289229581577687,36449760.0,156650448.0
2025-05-23,2.423300451310181,2.4682805060908803,2.400810423919831,2.4064329307674193,49098112.0,212333728.0
2025-05-26,2.395187917072244,2.440167971852943,2.395187917072244,2.4120554376150065,32423172.0,139351504.0
2025-05-27,2.4120554376150065,2.4514129855481186,2.4064329307674193,2.445790478700531,37938008.0,164392080.0
2025-05-28,2.445790478700531,2.462657999243293,2.423300451310181,2.457035492395706,31042976.0,134974592.0
2025-05-29,2.457035492395706,2.4795255197860557,2.440167971852943,2.457035492395706,35523928.0,155375648.0
2025-05-30,2.462657999243293,2.4907705334812302,2.457035492395706,2.4795255197860557,42914548.0,189026864.0
2025-06-03,2.473903012938468,2.552618108804692,2.473903012938468,2.541373095109517,58022544.0,260098624.0
2025-06-04,2.541373095109517,2.580730643042629,2.518883067719168,2.580730643042629,55170340.0,250508672.0
2025-06-05,2.5863531498902166,2.603220670432979,2.5076380540239924,2.518883067719168,51218112.0,231326080.0
2025-06-06,2.518883067719168,2.546995601957105,2.518883067719168,2.541373095109517,34113116.0,153812368.0
2025-06-09,2.541373095109517,2.546995601957105,2.496393040328818,2.541373095109517,36373780.0,162902992.0
2025-06-10,2.5357505882619296,2.5694856293474544,2.524505574566755,2.546995601957105,41153860.0,186734128.0
2025-06-11,2.541373095109517,2.5582406156522794,2.524505574566755,2.541373095109517,28208458.0,127410096.0
2025-06-12,2.541373095109517,2.580730643042629,2.5357505882619296,2.5751081361950416,35482092.0,161903968.0
2025-06-13,2.580730643042629,2.5975981635853915,2.541373095109517,2.546995601957105,38956040.0,177771904.0
2025-06-16,2.5357505882619296,2.5751081361950416,2.518883067719168,2.5751081361950416,38367864.0,173905808.0
2025-06-17,2.5694856293474544,2.5975981635853915,2.5638631224998667,2.580730643042629,27406380.0,125794232.0
2025-06-18,2.580730643042629,2.5975981635853915,2.5582406156522794,2.5975981635853915,28758612.0,132002328.0
2025-06-19,2.5975981635853915,2.608843177280566,2.5582406156522794,2.5751081361950416,40348760.0,184836816.0
2025-06-20,2.5694856293474544,2.603220670432979,2.5582406156522794,2.5919756567378043,54249180.0,249678144.0
2025-06-23,2.580730643042629,2.6369557115185036,2.552618108804692,2.6257106978233287,76998984.0,355784736.0
2025-06-24,2.6200881909757414,2.6257106978233287,2.5638631224998667,2.6144656841281537,77165496.0,356382656.0
2025-06-25,2.603220670432979,2.6144656841281537,2.5638631224998667,2.603220670432979,65223968.0,301195072.0
2025-06-26,2.603220670432979,2.6594457389088535,2.5751081361950416,2.6369557115185036,82785768.0,385706304.0
2025-06-27,2.631333204670916,2.6875582731467906,2.5638631224998667,2.5694856293474544,90028560.0,420857664.0
2025-06-30,2.5638631224998667,2.5694856293474544,2.5076380540239924,2.5301280814143423,62131032.0,279827584.0
2025-07-01,2.5357505882619296,2.5863531498902166,2.5301280814143423,2.580730643042629,53640592.0,245016448.0
2025-07-02,2.580730643042629,2.6200881909757414,2.5694856293474544,2.5975981635853915,47184644.0,218267728.0
2025-07-03,2.5975981635853915,2.6257106978233287,2.580730643042629,2.6144656841281537,33566040.0,155442048.0
2025-07-04,2.603220670432979,2.6594457389088535,2.5975981635853915,2.6369557115185036,71097904.0,333848640.0
2025-07-07,2.6369557115185036,2.6650682457564407,2.6257106978233287,2.6594457389088535,51139140.0,240877632.0
2025-07-08,2.6538232320612654,2.6763132594516152,2.6200881909757414,2.642578218366091,60186540.0,282317152.0
2025-07-09,2.642578218366091,2.7269158210799023,2.642578218366091,2.7212933142323146,82531400.0,394581536.0
2025-07-10,2.7212933142323146,2.7718958758606016,2.71004830053714,2.7437833416226645,58258424.0,284193312.0
2025-07-11,2.7550283553178394,2.7662733690130143,2.670690752604028,2.6763132594516152,69822776.0,337198912.0
2025-07-14,2.670690752604028,2.738160834775077,2.6650682457564407,2.698803286841965,56095064.0,270683424.0
2025-07-15,2.698803286841965,2.7212933142323146,2.648200725213678,2.6538232320612654,47574352.0,226384032.0
2025-07-16,2.6538232320612654,2.6650682457564407,2.603220670432979,2.631333204670916,47633816.0,222261360.0
2025-07-17,2.631333204670916,2.648200725213678,2.608843177280566,2.6257106978233287,29411136.0,137487712.0
2025-07-18,2.6257106978233287,2.6538232320612654,2.6144656841281537,2.642578218366091,33923480.0,159217280.0
2025-07-21,2.6369557115185036,2.642578218366091,2.5975981635853915,2.608843177280566,50895152.0,236612656.0
2025-07-22,2.608843177280566,2.608843177280566,2.546995601957105,2.5863531498902166,57905104.0,265179040.0
2025-07-23,2.5751081361950416,2.6144656841281537,2.5751081361950416,2.580730643042629,51440604.0,237653776.0
2025-07-24,2.580730643042629,2.5863531498902166,2.552618108804692,2.5638631224998667,42026884.0,191590992.0
2025-07-25,2.5638631224998667,2.5919756567378043,2.5582406156522794,2.5694856293474544,36908528.0,169140848.0
2025-07-28,2.5694856293474544,2.608843177280566,2.5638631224998667,2.5751081361950416,42094792.0,193519440.0
2025-07-29,2.5751081361950416,2.5919756567378043,2.5357505882619296,2.546995601957105,43631344.0,198222144.0
2025-07-30,2.546995601957105,2.580730643042629,2.546995601957105,2.5638631224998667,41211148.0,188125232.0
2025-07-31,2.5582406156522794,2.5694856293474544,2.5076380540239924,2.518883067719168,49586488.0,222761296.0
2025-08-01,2.518883067719168,2.541373095109517,2.496393040328818,2.518883067719168,41981796.0,188574064.0
2025-08-04,2.5132605608715797,2.546995601957105,2.5076380540239924,2.518883067719168,36818720.0,165338128.0
2025-08-05,2.524505574566755,2.5751081361950416,2.5132605608715797,2.5694856293474544,61829896.0,280368448.0
2025-08-06,2.5638631224998667,2.5751081361950416,2.5357505882619296,2.546995601957105,41945976.0,190285728.0
2025-08-07,2.546995601957105,2.5638631224998667,2.5357505882619296,2.546995601957105,30038790.0,136140080.0
2025-08-08,2.552618108804692,2.5582406156522794,2.5357505882619296,2.546995601957105,28900896.0,130891920.0
2025-08-11,2.546995601957105,2.552618108804692,2.518883067719168,2.524505574566755,42215496.0,189924256.0
2025-08-12,2.524505574566755,2.541373095109517,2.518883067719168,2.5301280814143423,30385740.0,136830320.0
2025-08-13,2.5301280814143423,2.5357505882619296,2.518883067719168,2.518883067719168,32492140.0,145989568.0
2025-08-14,2.524505574566755,2.5357505882619296,2.496393040328818,2.502015547176405,36545104.0,163373424.0
2025-08-15,2.502015547176405,2.502015547176405,2.462657999243293,2.4907705334812302,45714512.0,201638128.0
2025-08-18,2.496393040328818,2.5751081361950416,2.496393040328818,2.546995601957105,81768624.0,370189600.0
2025-08-19,2.541373095109517,2.552618108804692,2.518883067719168,2.524505574566755,43808608.0,197242496.0
2025-08-20,2.5301280814143423,2.552618108804692,2.518883067719168,2.546995601957105,36063160.0,162807824.0
2025-08-21,2.541373095109517,2.5638631224998667,2.5357505882619296,2.5638631224998667,38681712.0,175579600.0
2025-08-22,2.5582406156522794,2.5638631224998667,2.524505574566755,2.546995601957105,51871416.0,233959872.0
2025-08-25,2.552618108804692,2.5751081361950416,2.5357505882619296,2.5638631224998667,46594972.0,212116880.0
2025-08-26,2.5638631224998667,2.5694856293474544,2.541373095109517,2.541373095109517,33405528.0,151406736.0
2025-08-27,2.546995601957105,2.546995601957105,2.496393040328818,2.5076380540239924,43669640.0,196218544.0
2025-08-28,2.5076380540239924,2.524505574566755,2.496393040328818,2.524505574566755,41079524.0,183397760.0
2025-08-29,2.5301280814143423,2.5751081361950416,2.518883067719168,2.541373095109517,67105232.0,304492928.0
2025-09-01,2.5357505882619296,2.546995601957105,2.5076380540239924,2.524505574566755,47501312.0,213302800.0
2025-09-02,2.5301280814143423,2.5582406156522794,2.5132605608715797,2.5582406156522794,56561368.0,255324240.0
2025-09-03,2.552618108804692,2.5582406156522794,2.5076380540239924,2.5132605608715797,45053988.0,202865056.0
2025-09-04,2.5132605608715797,2.518883067719168,2.4682805060908803,2.5076380540239924,53857508.0,238476384.0
2025-09-05,2.5076380540239924,2.5076380540239924,2.4682805060908803,2.485148026633643,40147700.0,177207424.0
2025-09-08,2.4795255197860557,2.496393040328818,2.473903012938468,2.4795255197860557,29351680.0,129779376.0
2025-09-09,2.4795255197860557,2.502015547176405,2.4795255197860557,2.496393040328818,34081012.0,150953232.0
2025-09-10,2.496393040328818,2.518883067719168,2.485148026633643,2.518883067719168,31089686.0,138714320.0
2025-09-11,2.5076380540239924,2.541373095109517,2.502015547176405,2.5357505882619296,37863208.0,169844112.0
2025-09-12,2.5357505882619296,2.546995601957105,2.502015547176405,2.5076380540239924,36002920.0,161746912.0
2025-09-15,2.502015547176405,2.5132605608715797,2.485148026633643,2.4907705334812302,28539192.0,126873008.0
2025-09-16,2.496393040328818,2.5132605608715797,2.4907705334812302,2.502015547176405,22633140.0,100721792.0
2025-09-17,2.496393040328818,2.5132605608715797,2.4795255197860557,2.502015547176405,23380454.0,103838520.0
2025-09-18,2.496393040328818,2.502015547176405,2.434545465005356,2.445790478700531,42176664.0,185209184.0
2025-09-19,2.445790478700531,2.4514129855481186,2.423300451310181,2.434545465005356,28618492.0,124018120.0
2025-09-22,2.440167971852943,2.440167971852943,2.4064329307674193,2.4289229581577687,20629864.0,88899384.0
2025-09-23,2.423300451310181,2.445790478700531,2.4120554376150065,2.440167971852943,35994752.0,155793376.0
2025-09-24,2.434545465005356,2.462657999243293,2.4289229581577687,2.445790478700531,25496004.0,110766856.0
2025-09-25,2.440167971852943,2.445790478700531,2.4120554376150065,2.4176779444625938,21487340.0,92654488.0
2025-09-26,2.4120554376150065,2.434545465005356,2.400810423919831,2.4289229581577687,19298360.0,83099432.0
2025-09-29,2.4289229581577687,2.4514129855481186,2.400810423919831,2.445790478700531,30737932.0,132710368.0
2025-09-30,2.440167971852943,2.440167971852943,2.4120554376150065,2.4176779444625938,20026900.0,86214456.0
2025-10-09,2.4176779444625938,2.4289229581577687,2.4120554376150065,2.423300451310181,21758432.0,93713264.0
2025-10-10,2.423300451310181,2.457035492395706,2.423300451310181,2.4514129855481186,26859298.0,116810824.0
2025-10-13,2.4289229581577687,2.462657999243293,2.4120554376150065,2.445790478700531,31596860.0,137072384.0
2025-10-14,2.445790478700531,2.4907705334812302,2.434545465005356,2.485148026633643,46880680.0,206138208.0
2025-10-15,3.13913434943197,3.1682004082230066,3.13186783473421,3.1609338935252467,32362916.0,140434320.0
2025-10-16,3.1682004082230066,3.2190660111073206,3.153667378827488,3.2117994964095615,42409260.0,186376208.0
2025-10-17,3.2190660111073206,3.262665099293876,3.2045329817118025,3.2408655552005983,56049532.0,249770944.0
2025-10-20,3.22633252580508,3.2408655552005983,3.1754669229207657,3.233599040502839,40733856.0,179986960.0
2025-10-21,3.2408655552005983,3.269931613991635,3.2190660111073206,3.255398584596117,37886200.0,169417536.0
2025-10-22,3.2481320698983573,3.3280637315737085,3.2481320698983573,3.3207972168759494,45343192.0,206028240.0
2025-10-23,3.3207972168759494,3.3643963050625043,3.306264187480431,3.3425967609692266,49973584.0,229370304.0
2025-10-24,3.3353302462714676,3.3571297903647452,3.2917311580849127,3.2917311580849127,36259036.0,165657376.0
2025-10-27,3.2917311580849127,3.3207972168759494,3.269931613991635,3.2989976727826718,37362968.0,169546592.0
2025-10-28,3.2989976727826718,3.31353070217819,3.2481320698983573,3.262665099293876,28338818.0,127412408.0
2025-10-29,3.269931613991635,3.269931613991635,3.1972664670140434,3.2117994964095615,28326868.0,125408528.0
2025-10-30,3.2117994964095615,3.2408655552005983,3.189999952316284,3.1972664670140434,31153320.0,137637696.0
2025-10-31,3.2045329817118025,3.22633252580508,3.189999952316284,3.22633252580508,29350900.0,129643320.0
2025-11-03,3.233599040502839,3.2917311580849127,3.22633252580508,3.284464643387153,45091532.0,202629696.0
2025-11-04,3.277198128689394,3.349863275666986,3.262665099293876,3.3425967609692266,51958992.0,237992848.0
2025-11-05,3.349863275666986,3.3643963050625043,3.3207972168759494,3.349863275666986,44523404.0,205050464.0
2025-11-06,3.349863275666986,3.3643963050625043,3.31353070217819,3.349863275666986,29205668.0,134488464.0
2025-11-07,3.3353302462714676,3.378929334458023,3.3353302462714676,3.3353302462714676,24831188.0,114499704.0
2025-11-10,3.3353302462714676,3.3643963050625043,3.31353070217819,3.349863275666986,29306988.0,134977088.0
2025-11-11,3.349863275666986,3.4007288785513,3.3280637315737085,3.386195849155782,30506080.0,141540912.0
2025-11-12,3.386195849155782,3.422528422644578,3.378929334458023,3.4152619079468187,36456980.0,170859520.0
2025-11-13,3.4152619079468187,3.4152619079468187,3.349863275666986,3.386195849155782,35254860.0,164067328.0
2025-11-14,3.386195849155782,3.422528422644578,3.386195849155782,3.393462363853541,25593108.0,120122248.0
2025-11-17,3.386195849155782,3.386195849155782,3.3280637315737085,3.3425967609692266,27251368.0,125536608.0
2025-11-18,3.3425967609692266,3.3571297903647452,3.31353070217819,3.3353302462714676,24874240.0,113992576.0
2025-11-19,3.3207972168759494,3.349863275666986,3.31353070217819,3.3280637315737085,23463340.0,107564256.0
2025-11-20,3.3207972168759494,3.4007288785513,3.3207972168759494,3.3643963050625043,35031524.0,162172016.0
2025-11-21,3.3716628197602634,3.378929334458023,3.269931613991635,3.277198128689394,38944104.0,177957760.0
2025-11-24,3.2917311580849127,3.3280637315737085,3.255398584596117,3.2989976727826718,37891992.0,172156000.0
2025-11-25,3.2917311580849127,3.3353302462714676,3.277198128689394,3.3207972168759494,28001248.0,127733704.0
2025-11-26,3.3280637315737085,3.349863275666986,3.2917311580849127,3.2989976727826718,29194426.0,133332568.0
2025-11-27,3.2917311580849127,3.3425967609692266,3.277198128689394,3.3207972168759494,23896686.0,108941064.0
2025-11-28,3.3280637315737085,3.3353302462714676,3.2917311580849127,3.2989976727826718,23952136.0,108968680.0
2025-12-01,3.378929334458023,3.5024600843199294,3.378929334458023,3.4443279667378555,111936288.0,531186208.0
2025-12-02,3.4443279667378555,3.4806605402266513,3.4152619079468187,3.4588609961333736,56177696.0,266667792.0
2025-12-03,3.4515944814356145,3.560592201902003,3.4443279667378555,3.4879270549244104,59239432.0,286200448.0
2025-12-04,3.473394025528892,3.509726599017688,3.4661275108311327,3.4806605402266513,35073832.0,168239200.0
2025-12-05,3.473394025528892,3.4879270549244104,3.393462363853541,3.429794937342337,37786416.0,178394656.0
2025-12-08,3.4370614520400964,3.4443279667378555,3.3716628197602634,3.4152619079468187,39765948.0,186606544.0
2025-12-09,3.4079953932490596,3.4879270549244104,3.386195849155782,3.4443279667378555,42368444.0,201007632.0
2025-12-10,3.4370614520400964,3.4879270549244104,3.349863275666986,3.4079953932490596,58769400.0,275614912.0
2025-12-11,3.393462363853541,3.4806605402266513,3.393462363853541,3.4588609961333736,61204620.0,290829376.0
2025-12-12,3.4661275108311327,3.4806605402266513,3.349863275666986,3.4152619079468187,125908736.0,589899456.0
2025-12-15,3.4079953932490596,3.422528422644578,3.3571297903647452,3.386195849155782,46646148.0,217874048.0
2025-12-16,3.378929334458023,3.422528422644578,3.3353302462714676,3.3425967609692266,41184420.0,191004336.0
2025-12-17,3.349863275666986,3.349863275666986,3.306264187480431,3.3207972168759494,32899480.0,150726096.0
2025-12-18,3.3353302462714676,3.393462363853541,3.31353070217819,3.378929334458023,29621696.0,137030480.0
2025-12-19,3.378929334458023,3.393462363853541,3.3425967609692266,3.386195849155782,31089152.0,144123696.0
2025-12-22,3.378929334458023,3.386195849155782,3.3280637315737085,3.3353302462714676,29737916.0,136980528.0
2025-12-23,3.3280637315737085,3.3716628197602634,3.306264187480431,3.3207972168759494,26187320.0,120259376.0
2025-12-24,3.31353070217819,3.3425967609692266,3.2917311580849127,3.3353302462714676,23278260.0,106252376.0
2025-12-25,3.3280637315737085,3.3571297903647452,3.31353070217819,3.349863275666986,19811800.0,91008952.0
2025-12-26,3.3280637315737085,3.349863275666986,3.3207972168759494,3.3353302462714676,19542280.0,89741560.0
2025-12-29,3.3280637315737085,3.378929334458023,3.306264187480431,3.349863275666986,33081548.0,152373408.0
2025-12-30,3.349863275666986,3.3716628197602634,3.3207972168759494,3.3425967609692266,32192304.0,148276624.0
2025-12-31,3.3353302462714676,3.3716628197602634,3.31353070217819,3.3207972168759494,27320844.0,125771192.0
2026-01-05,3.31353070217819,3.3353302462714676,3.277198128689394,3.3280637315737085,29709084.0,135032240.0
2026-01-06,3.3280637315737085,3.3353302462714676,3.2989976727826718,3.3353302462714676,27611076.0,126086592.0
2026-01-07,3.3280637315737085,3.3571297903647452,3.31353070217819,3.3353302462714676,27443580.0,125881744.0
2026-01-08,3.3280637315737085,3.3353302462714676,3.284464643387153,3.2917311580849127,27239680.0,123799616.0
2026-01-09,3.284464643387153,3.2989976727826718,3.262665099293876,3.2989976727826718,26645598.0,120264208.0
2026-01-12,3.284464643387153,3.2989976727826718,3.269931613991635,3.2989976727826718,25308868.0,114325976.0
2026-01-13,3.2989976727826718,3.3280637315737085,3.2917311580849127,3.2989976727826718,34501060.0,157084992.0
2026-01-14,3.2989976727826718,3.2989976727826718,3.2481320698983573,3.2481320698983573,39549080.0,178229056.0
2026-01-15,3.2481320698983573,3.262665099293876,3.233599040502839,3.2481320698983573,17582856.0,78571608.0
2026-01-16,3.255398584596117,3.255398584596117,3.1972664670140434,3.2117994964095615,21516268.0,95463392.0
2026-01-19,3.2117994964095615,3.22633252580508,3.1972664670140434,3.2117994964095615,17385314.0,76900064.0
2026-01-20,3.2190660111073206,3.255398584596117,3.2045329817118025,3.255398584596117,23796674.0,105908744.0
2026-01-21,3.255398584596117,3.262665099293876,3.2190660111073206,3.22633252580508,23668472.0,105470864.0
2026-01-22,3.233599040502839,3.262665099293876,3.22633252580508,3.255398584596117,26042120.0,116438048.0
2026-01-23,3.2481320698983573,3.277198128689394,3.2408655552005983,3.2481320698983573,23144090.0,103906616.0
2026-01-26,3.2481320698983573,3.277198128689394,3.22633252580508,3.262665099293876,29317408.0,131370376.0
2026-01-27,3.255398584596117,3.269931613991635,3.233599040502839,3.2408655552005983,25064120.0,112130440.0
2026-01-28,3.2408655552005983,3.2989976727826718,3.233599040502839,3.284464643387153,33373540.0,150457136.0
2026-01-29,3.277198128689394,3.349863275666986,3.262665099293876,3.3425967609692266,40687084.0,185820416.0
2026-01-30,3.3425967609692266,3.3643963050625043,3.306264187480431,3.3207972168759494,31973228.0,146819184.0
2026-02-02,3.31353070217819,3.3571297903647452,3.284464643387153,3.2917311580849127,31554640.0,144376160.0
2026-02-03,3.2989976727826718,3.306264187480431,3.2408655552005983,3.262665099293876,32189460.0,144494608.0
2026-02-04,3.255398584596117,3.3280637315737085,3.2481320698983573,3.31353070217819,24434056.0,110891224.0
2026-02-05,3.3207972168759494,3.4079953932490596,3.31353070217819,3.393462363853541,39045156.0,181022416.0
2026-02-06,3.386195849155782,3.4515944814356145,3.3643963050625043,3.4007288785513,41511800.0,194868352.0
2026-02-09,3.393462363853541,3.4806605402266513,3.386195849155782,3.4515944814356145,40181840.0,190159792.0
2026-02-10,3.4515944814356145,3.4661275108311327,3.4152619079468187,3.4370614520400964,18005220.0,85247920.0
2026-02-11,3.4370614520400964,3.473394025528892,3.4152619079468187,3.4588609961333736,24308964.0,115355080.0
2026-02-12,3.4515944814356145,3.4588609961333736,3.386195849155782,3.393462363853541,25770260.0,120883992.0
2026-02-13,3.386195849155782,3.422528422644578,3.3643963050625043,3.3643963050625043,18930060.0,88351880.0
2026-02-24,3.378929334458023,3.393462363853541,3.3571297903647452,3.3571297903647452,19360440.0,89801608.0
2026-02-25,3.3716628197602634,3.4079953932490596,3.3207972168759494,3.3280637315737085,34069136.0,157560672.0
2026-02-26,3.349863275666986,3.3571297903647452,3.306264187480431,3.3207972168759494,27418820.0,125550032.0
2026-02-27,3.3280637315737085,3.3571297903647452,3.3207972168759494,3.3280637315737085,25133690.0,115459264.0
2026-03-02,3.3207972168759494,3.349863275666986,3.2917311580849127,3.3280637315737085,37504224.0,171730928.0
2026-03-03,3.3280637315737085,3.349863275666986,3.284464643387153,3.2989976727826718,42860120.0,195821056.0
2026-03-04,3.277198128689394,3.277198128689394,3.1972664670140434,3.2190660111073206,48073000.0,213992576.0
2026-03-05,3.255398584596117,3.2917311580849127,3.2408655552005983,3.262665099293876,35735860.0,160613952.0
2026-03-06,3.255398584596117,3.2917311580849127,3.2481320698983573,3.277198128689394,26991824.0,121459784.0
2026-03-09,3.277198128689394,3.2989976727826718,3.2481320698983573,3.277198128689394,32924240.0,148256768.0
2026-03-10,3.284464643387153,3.284464643387153,3.255398584596117,3.269931613991635,27664540.0,124463592.0
2026-03-11,3.269931613991635,3.31353070217819,3.255398584596117,3.306264187480431,28352782.0,128176512.0
2026-03-12,3.2989976727826718,3.349863275666986,3.2917311580849127,3.3425967609692266,29853696.0,136975648.0
2026-03-13,3.3353302462714676,3.378929334458023,3.3207972168759494,3.349863275666986,33224548.0,153086608.0
2026-03-16,3.3425967609692266,3.386195849155782,3.3280637315737085,3.3643963050625043,29977410.0,138608256.0
2026-03-17,3.3643963050625043,3.4079953932490596,3.3643963050625043,3.393462363853541,29015600.0,135657232.0
2026-03-18,3.393462363853541,3.4007288785513,3.3353302462714676,3.3571297903647452,28631590.0,132577592.0
2026-03-19,3.3571297903647452,3.386195849155782,3.3280637315737085,3.3280637315737085,21411152.0,98910824.0
2026-03-20,3.3425967609692266,3.3643963050625043,3.306264187480431,3.306264187480431,26812960.0,122860632.0
2026-03-23,3.277198128689394,3.284464643387153,3.088268746547655,3.110068290640933,57584660.0,251348192.0
2026-03-24,3.1609338935252467,3.2408655552005983,3.13186783473421,3.233599040502839,37519672.0,164716400.0
2026-03-25,3.233599040502839,3.306264187480431,3.2045329817118025,3.2917311580849127,30209056.0,135644320.0
2026-03-26,3.2917311580849127,3.3353302462714676,3.277198128689394,3.3207972168759494,33310608.0,151898336.0
2026-03-27,3.306264187480431,3.3207972168759494,3.2481320698983573,3.262665099293876,28543020.0,128885056.0
2026-03-30,3.2408655552005983,3.2917311580849127,3.2408655552005983,3.262665099293876,30410860.0,136634688.0
2026-03-31,3.269931613991635,3.306264187480431,3.255398584596117,3.262665099293876,28576340.0,129026272.0
2026-04-01,3.284464643387153,3.306264187480431,3.262665099293876,3.284464643387153,33080050.0,149548368.0
2026-04-02,3.2989976727826718,3.3207972168759494,3.269931613991635,3.2989976727826718,28359780.0,128693544.0
2026-04-03,3.2917311580849127,3.2989976727826718,3.233599040502839,3.2481320698983573,25911360.0,116090864.0
2026-04-07,3.255398584596117,3.269931613991635,3.2190660111073206,3.233599040502839,24414768.0,108828752.0
2026-04-08,3.262665099293876,3.2989976727826718,3.255398584596117,3.2989976727826718,28580700.0,128847248.0
2026-04-09,3.2917311580849127,3.306264187480431,3.255398584596117,3.255398584596117,22427180.0,100992392.0
2026-04-10,3.262665099293876,3.284464643387153,3.255398584596117,3.262665099293876,19455240.0,87517664.0
2026-04-13,3.262665099293876,3.262665099293876,3.22633252580508,3.233599040502839,16802400.0,74874168.0
2026-04-14,3.233599040502839,3.255398584596117,3.22633252580508,3.2481320698983573,17638280.0,78595192.0
2026-04-15,3.2481320698983573,3.284464643387153,3.2408655552005983,3.277198128689394,22258160.0,100094168.0
2026-04-16,3.284464643387153,3.2989976727826718,3.269931613991635,3.284464643387153,18979004.0,85852640.0
2026-04-17,3.277198128689394,3.284464643387153,3.255398584596117,3.277198128689394,18480396.0,83179264.0
2026-04-20,3.269931613991635,3.3207972168759494,3.262665099293876,3.306264187480431,25353912.0,115115800.0
2026-04-21,3.306264187480431,3.3716628197602634,3.306264187480431,3.3643963050625043,28701280.0,132174336.0
2026-04-22,3.3571297903647452,3.422528422644578,3.3425967609692266,3.4152619079468187,34635952.0,161887888.0
2026-04-23,3.4007288785513,3.473394025528892,3.393462363853541,3.4588609961333736,34801784.0,164915984.0
2026-04-24,3.4370614520400964,3.4370614520400964,3.3425967609692266,3.378929334458023,37837380.0,176111008.0
2026-04-27,3.393462363853541,3.4370614520400964,3.3716628197602634,3.3716628197602634,23612860.0,110312888.0
2026-04-28,3.3716628197602634,3.386195849155782,3.3280637315737085,3.3425967609692266,22135584.0,102033664.0
2026-04-29,3.3280637315737085,3.4007288785513,3.3280637315737085,3.3643963050625043,22133422.0,102508712.0
2026-04-30,3.3425967609692266,3.3716628197602634,3.306264187480431,3.31353070217819,26152740.0,119923016.0
2026-05-06,3.3207972168759494,3.3280637315737085,3.277198128689394,3.2917311580849127,37416088.0,169628544.0
2026-05-07,3.2917311580849127,3.31353070217819,3.2481320698983573,3.269931613991635,28964100.0,130174984.0
2026-05-08,3.262665099293876,3.277198128689394,3.2408655552005983,3.255398584596117,19997792.0,89611232.0
2026-05-11,3.255398584596117,3.255398584596117,3.22633252580508,3.2481320698983573,26927040.0,120003832.0
2026-05-12,3.2481320698983573,3.262665099293876,3.2408655552005983,3.2481320698983573,22603100.0,101114248.0
2026-05-13,3.255398584596117,3.262665099293876,3.2408655552005983,3.2481320698983573,19682426.0,88002880.0
2026-05-14,3.255398584596117,3.262665099293876,3.22633252580508,3.233599040502839,21402948.0,95541960.0
2026-05-15,3.233599040502839,3.233599040502839,3.1609338935252467,3.1682004082230066,30904660.0,135850832.0
2026-05-18,3.1682004082230066,3.189999952316284,3.146400864129729,3.189999952316284,24582540.0,107259592.0
2026-05-19,3.182733437618525,3.2117994964095615,3.1682004082230066,3.1972664670140434,18975560.0,83555720.0
2026-05-20,3.1972664670140434,3.2045329817118025,3.1609338935252467,3.189999952316284,18121000.0,79280672.0
2026-05-21,4.29,4.34,4.25,4.28,22496852.0,96828240.0
2026-05-22,4.27,4.29,4.25,4.27,15518760.0,66273008.0
2026-05-25,4.27,4.28,4.22,4.23,14237860.0,60454504.0
2026-05-26,4.23,4.26,4.21,4.23,12753960.0,53959348.0
2026-05-27,4.23,4.26,4.2,4.21,12909540.0,54492368.0
2026-05-28,4.21,4.23,4.14,4.18,15712575.0,65779508.0
2026-05-29,4.18,4.25,4.16,4.24,24361088.0,102682696.0
2026-06-01,4.23,4.37,4.18,4.34,28288760.0,121168808.0
2026-06-02,4.34,4.38,4.31,4.32,22214380.0,96514480.0
2026-06-03,4.32,4.32,4.23,4.26,22884280.0,97589296.0
2026-06-04,4.26,4.29,4.17,4.18,18033080.0,76097800.0
2026-06-05,4.19,4.25,4.17,4.23,17599492.0,74248736.0
2026-06-08,4.22,4.24,4.17,4.22,21125880.0,88928984.0
2026-06-09,4.21,4.26,4.17,4.24,22730672.0,96136400.0
2026-06-10,4.21,4.32,4.21,4.31,24333860.0,104172224.0
2026-06-11,4.31,4.32,4.24,4.26,19366060.0,82718248.0
2026-06-12,4.25,4.3,4.23,4.3,24397000.0,104254064.0
2026-06-15,4.3,4.34,4.26,4.3,25288596.0,108804624.0
2026-06-16,4.29,4.29,4.2,4.23,27647900.0,116987000.0
2026-06-17,4.23,4.24,4.18,4.22,15460595.0,64925340.0
2026-06-18,4.2,4.22,4.12,4.12,19368714.0,80520440.0
2026-06-22,4.12,4.16,4.05,4.13,20359936.0,83537208.0
2026-06-23,4.12,4.22,4.11,4.21,24040052.0,100710120.0
2026-06-24,4.21,4.22,4.07,4.08,22694556.0,93698040.0
2026-06-25,4.07,4.1,4.04,4.06,16505320.0,67129456.0
2026-06-26,4.06,4.08,3.99,4.0,17053380.0,68493776.0
2026-06-29,3.98,4.02,3.88,3.98,19978456.0,79089760.0
2026-06-30,3.97,3.99,3.87,3.9,20915620.0,81843072.0
2026-07-01,3.9,3.97,3.88,3.95,17806840.0,70169584.0
2026-07-02,3.96,4.06,3.95,4.02,22711678.0,90825816.0
2026-07-03,4.02,4.06,3.99,4.05,21681516.0,87511296.0
2026-07-06,4.04,4.19,4.03,4.19,35053224.0,144530768.0
2026-07-07,4.19,4.19,4.07,4.11,23583964.0,97078936.0
2026-07-08,4.1,4.17,4.07,4.14,24448568.0,100842840.0
2026-07-09,4.13,4.16,4.08,4.09,27042200.0,111360296.0
2026-07-10,4.09,4.12,4.05,4.09,17538220.0,71704912.0
2026-07-13,4.1,4.19,4.09,4.18,30477120.0,126696024.0
2026-07-14,4.16,4.25,4.15,4.22,29014340.0,122096296.0
2026-07-15,4.21,4.34,4.2,4.33,33721140.0,144735664.0
2026-07-16,4.33,4.37,4.27,4.32,26764038.0,115400064.0
2026-07-17,4.34,4.42,4.31,4.32,39971116.0,174885056.0
2026-07-20,4.32,4.43,4.3,4.39,39422632.0,173060976.0
2026-07-21,4.39,4.45,4.32,4.33,40096080.0,176120272.0
2026-07-22,4.35,4.36,4.24,4.31,34259636.0,146731168.0
2026-07-23,4.31,4.38,4.29,4.34,24521600.0,106517568.0
2026-07-24,4.36,4.4,4.32,4.33,18958756.0,82500560.0
2026-07-27,4.32,4.38,4.31,4.36,23698234.0,103143112.0
2026-07-28,4.34,4.42,4.3,4.4,30934468.0,134861216.0
2026-07-29,4.4,4.52,4.4,4.49,39047592.0,174918000.0
2026-07-30,4.49,4.61,4.48,4.61,45207488.0,206998256.0
2026-07-31,4.55,4.62,4.47,4.58,41760584.0,189366832.0
2026-08-03,4.57,4.66,4.57,4.64,38163144.0,176343328.0
2026-08-04,4.63,4.65,4.52,4.52,30436484.0,138703232.0
2026-08-05,4.53,4.56,4.43,4.46,33112136.0,148010704.0
2026-08-06,4.46,4.47,4.36,4.41,32232940.0,141918400.0
2026-08-07,4.39,4.43,4.32,4.35,29325090.0,127740984.0
2026-08-10,4.35,4.39,4.33,4.36,27148580.0,118533072.0
2026-08-11,4.36,4.37,4.32,4.33,23536116.0,102122368.0
2026-08-12,4.34,4.35,4.3,4.32,22314860.0,96423792.0
2026-08-13,4.32,4.33,4.28,4.3,22341840.0,96066952.0
2026-08-14,4.3,4.31,4.25,4.26,27336568.0,116956472.0
2026-08-17,4.26,4.28,4.22,4.28,22641504.0,96244296.0
2026-08-18,4.27,4.3,4.24,4.25,21979644.0,93735256.0
2026-08-19,4.26,4.33,4.26,4.31,34297380.0,147527824.0
2026-08-20,4.29,4.39,4.28,4.36,34361380.0,148971632.0
2026-08-21,4.37,4.39,4.31,4.33,24514780.0,106308512.0
2026-08-24,4.33,4.41,4.31,4.4,29846158.0,130441568.0
2026-08-25,4.42,4.43,4.35,4.37,23898260.0,104633160.0
2026-08-26,4.36,4.43,4.35,4.41,27979634.0,123138656.0
2026-08-27,4.4,4.44,4.31,4.4,40924280.0,178909376.0
2026-08-28,4.36,4.38,4.25,4.27,43031056.0,184526960.0
2026-08-31,4.26,4.31,4.25,4.28,32384840.0,138716512.0
2026-09-01,4.27,4.43,4.26,4.41,53588924.0,233322960.0
2026-09-02,4.4,4.42,4.35,4.37,31299750.0,137300672.0
2026-09-03,4.35,4.46,4.35,4.37,35440776.0,156465968.0
2026-09-04,4.37,4.43,4.37,4.41,27650530.0,121829176.0
