date,open,high,low,close,volume,amount
2017-12-13,0.16164088841588029,0.1939551074731137,0.16164088841588029,0.1939551074731137,29866.0,822337.125
2017-12-14,0.2133575975333964,0.2133575975333964,0.2133575975333964,0.2133575975333964,14602.0,446383.125
2017-12-15,0.23471429522565004,0.23471429522565004,0.23471429522565004,0.23471429522565004,24885.0,836882.5625
2017-12-18,0.25816478680930105,0.25816478680930105,0.25816478680930105,0.25816478680930105,32395.0,1198291.0
2017-12-19,0.28398824480320245,0.28398824480320245,0.28398824480320245,0.28398824480320245,99222.0,4037343.25
2017-12-20,0.312394048596494,0.312394048596494,0.312394048596494,0.312394048596494,130822.0,5855592.5
2017-12-21,0.34366137070802877,0.34366137070802877,0.34366137070802877,0.34366137070802877,305646.0,15050009.0
2017-12-22,0.3779995905269463,0.3779995905269463,0.3779995905269463,0.3779995905269463,431387.0,23363920.0
2017-12-25,0.4158274668315262,0.4158274668315262,0.4158274668315262,0.4158274668315262,501199.0,29861436.0
2017-12-26,0.4574241721406216,0.4574241721406216,0.4574241721406216,0.4574241721406216,427280.0,28003932.0
2017-12-27,0.5031386721027984,0.5031386721027984,0.5031386721027984,0.5031386721027984,516917.0,37264548.0
2017-12-28,0.5534595186260495,0.5534595186260495,0.5534595186260495,0.5534595186260495,2982907.0,236544528.0
2017-12-29,0.6072002285052498,0.6088054704886545,0.5834705644027458,0.6088054704886545,44805612.0,3872659712.0
2018-01-04,0.6088054704886545,0.669665079598606,0.6009886399607708,0.669665079598606,27274110.0,2536362240.0
2018-01-05,0.7084002665894581,0.7223588925321075,0.6463541742743815,0.6476802437389331,32529340.0,3152738048.0
2018-01-08,0.6695952864688927,0.7118899230751204,0.6566137643422287,0.6909519841611463,27813970.0,2706073856.0
2018-01-09,0.6742714261596803,0.6800642559258798,0.6425155521401529,0.6437718284749913,22943896.0,2160253696.0
2018-01-10,0.6286965124569299,0.6829257742441229,0.6282777536786504,0.6630347322758475,22434182.0,2126406016.0
2018-01-11,0.6528449353377135,0.7153795795607828,0.6490761063331981,0.6707119765443046,26530546.0,2586440704.0
2018-01-12,0.6630347322758475,0.697931297132471,0.6563345918233758,0.6563345918233758,21183372.0,2052320384.0
2018-01-15,0.6651285261672449,0.6761558406619379,0.5907290498929235,0.5912176018009162,26354980.0,2385099264.0
2018-01-16,0.5723036636486263,0.589751946076938,0.5607877972459404,0.573350560594325,19495804.0,1602897280.0
2018-01-17,0.579282976619951,0.6049668483544259,0.5660920751041473,0.5848664269970107,17334684.0,1455976192.0
2018-01-18,0.5723036636486263,0.5773985621176934,0.5569491751117118,0.5577168995385576,14981758.0,1213874176.0
2018-01-19,0.5651149712881618,0.5817257361599146,0.5584148308356901,0.5679764896064049,13310938.0,1084904192.0
2018-01-22,0.5499698621403871,0.5511563453455124,0.5111648820198218,0.5122815720952338,17952856.0,1345809536.0
2018-01-23,0.5126305377438,0.5632305567859042,0.504743914086203,0.5552043468688806,20172740.0,1541526272.0
2018-01-24,0.5429905491690624,0.577887114025686,0.5429905491690624,0.5554835193877338,16932150.0,1355822464.0
2018-01-25,0.5493417239729679,0.589751946076938,0.5459916537467321,0.5566002094631457,15853668.0,1299569664.0
2018-01-26,0.557228347630565,0.5723036636486263,0.5499698621403871,0.5590429690031092,9478596.0,761298304.0
2018-01-29,0.5667202132715665,0.5834705644027458,0.5618346941916392,0.5676275239578387,11591864.0,949732096.0
2018-01-30,0.5589033827436828,0.5589731758733961,0.5227505415522209,0.5359414430680246,13517132.0,1044092288.0
2018-01-31,0.530427785820678,0.5329403384903549,0.48234031944825073,0.4836663889128024,15495948.0,1107911936.0
2018-02-01,0.4878539766955973,0.49867191180115056,0.47389535075294786,0.48680707974989856,10272231.0,719788096.0
2018-02-02,0.4749422476986465,0.49071549501384043,0.4641941057228065,0.4733370057152418,8318225.0,569641024.0
2018-02-05,0.4531667912281135,0.47564017899577904,0.4502354797801571,0.4557491370275036,7751011.0,512581760.0
2018-02-06,0.43976651032317,0.4600763110697249,0.42622664315880004,0.42622664315880004,9433245.0,599993088.0
2018-02-07,0.4431863736791191,0.4606346561074309,0.4088481538602015,0.44800209962933313,12766493.0,800274048.0
2018-02-08,0.4410925797877217,0.46524100266850515,0.44060402787972897,0.4576335515297612,10833376.0,706591040.0
2018-02-09,0.43955713093403026,0.45958775916173217,0.42755271262335176,0.44165092482542767,10217529.0,652218432.0
2018-02-12,0.44716458207277415,0.4615419667937031,0.44716458207277415,0.45037506603958355,10087054.0,656409792.0
2018-02-13,0.4540043087846724,0.4555397576383638,0.426784988196506,0.4271339538450723,9842696.0,620309184.0
2018-02-14,0.4295767133850359,0.4375331301723461,0.4237838836188364,0.42573809125080736,5994707.0,369830880.0
2018-02-22,0.43132154162786707,0.4437447187168251,0.4230161591919907,0.44220926986313364,7470919.0,468127072.0
2018-02-23,0.4430467874196926,0.48645811410133233,0.43969671719345677,0.48645811410133233,12182674.0,799319808.0
2018-02-26,0.5025105339353791,0.5162597804888889,0.4927394957755245,0.5105367438524027,17381708.0,1258228608.0
2018-02-27,0.52337867971964,0.5339174423063403,0.5065585354587475,0.5073960530153064,15913126.0,1179286784.0
2018-02-28,0.49525204844520143,0.5153524698026166,0.49211135760810537,0.49553122096405444,11457226.0,824774848.0
2018-03-01,0.48855190799272974,0.5198192301042645,0.4878539766955973,0.5116534339278145,11683494.0,847134464.0
2018-03-02,0.5046043278267766,0.5129795033923662,0.4920415644783921,0.49378639272122327,9869278.0,707055040.0
2018-03-05,0.5023011545462394,0.5431999285582022,0.4994396362279963,0.5431999285582022,18050412.0,1360745728.0
2018-03-06,0.558694003354543,0.5648357987693089,0.5339174423063403,0.5390123407754074,18588452.0,1466226944.0
2018-03-07,0.5340570285657669,0.5616951079322128,0.5284037850589938,0.5451541361901732,14386978.0,1130412800.0
2018-03-08,0.5458520674873055,0.5554137262580204,0.5397102720725399,0.5526917941992038,11450572.0,899604416.0
2018-03-09,0.5532501392369098,0.5771891827285536,0.5480854476381295,0.5646264193801691,15123569.0,1217710720.0
2018-03-12,0.5723036636486263,0.5861227033318492,0.5597409003002418,0.5688140071629639,14730554.0,1205974656.0
2018-03-13,0.5546460018311747,0.5546460018311747,0.5278454400212879,0.5284735781887071,15708874.0,1218663936.0
2018-03-14,0.5276360606321481,0.5336382697874873,0.519400471325985,0.5203077820122571,8087806.0,611323648.0
2018-03-15,0.5129795033923662,0.5196796438448379,0.49343742707265703,0.5169577117860212,10683161.0,778723456.0
2018-03-16,0.5161899873591755,0.5262401980378832,0.5085825362204317,0.5086523293501448,6564862.0,487034912.0
2018-03-19,0.506698121718174,0.5342664079549065,0.505023086605056,0.5244953697950521,9485905.0,712357888.0
2018-03-20,0.5157712285808962,0.5337778560469139,0.513188882781506,0.5334288903983476,8666456.0,655799104.0
2018-03-21,0.5376862713108558,0.5540178636637555,0.505581431642762,0.5110252957603952,11410484.0,872666688.0
2018-03-22,0.511513847668388,0.5203077820122571,0.5028594995839454,0.512351365224947,7259595.0,532504448.0
2018-03-23,0.486946666009325,0.49525204844520143,0.46112320801542356,0.46112320801542356,11379781.0,774659904.0
2018-03-26,0.4585408622160335,0.4847830789882143,0.45372513626581945,0.48296845761567,8762898.0,593796608.0
2018-03-27,0.48980818432756823,0.5120023995763807,0.48296845761567,0.5020219820273865,9955554.0,711223872.0
2018-03-28,0.4891102530304357,0.4989510843200035,0.48736542478760453,0.48924983928986215,6323889.0,447159840.0
2018-03-29,0.4949030827966352,0.5120023995763807,0.493158254553804,0.4965781179097532,6620430.0,475577696.0
2018-03-30,0.5032084652325116,0.5462708262655851,0.5032084652325116,0.5462708262655851,15515656.0,1184308864.0
2018-04-02,0.5701400766275155,0.6009188468310576,0.5590429690031092,0.5829122193650398,26641460.0,2245848576.0
2018-04-03,0.5736995262428912,0.6277194086409444,0.573350560594325,0.6047574689652861,25566480.0,2181911296.0
2018-04-04,0.6063627109486908,0.6063627109486908,0.5667900064012797,0.573908905632031,15358092.0,1288158976.0
2018-04-09,0.5771891827285536,0.5969406384374025,0.5695119384600963,0.5850060132564372,12184172.0,1023241728.0
2018-04-10,0.578724631582245,0.578724631582245,0.5461312400061586,0.5665806270121401,12801224.0,1025565376.0
2018-04-11,0.5639284880830366,0.5750953888371562,0.5589731758733961,0.5635795224344704,7843437.0,637186624.0
2018-04-12,0.5611367628945068,0.5811673911222086,0.5602294522082345,0.566859799530993,9440848.0,774578688.0
2018-04-13,0.5766308376908476,0.595963534621417,0.5692327659412434,0.5799809079170833,12350949.0,1033919168.0
2018-04-16,0.571117180443501,0.5743974575400237,0.5506677934375197,0.5740484918914575,8319926.0,671970048.0
2018-04-17,0.579282976619951,0.5967312590482627,0.5506677934375197,0.5545762087014614,11102794.0,915367360.0
2018-04-18,0.5646264193801691,0.6099919536937798,0.5506677934375197,0.5944280857677255,18344428.0,1535768960.0
2018-04-19,0.5848664269970107,0.588914428520379,0.5622534529699187,0.5651847644178751,14272636.0,1182358400.0
2018-04-20,0.5499698621403871,0.5785152521931053,0.547945861378703,0.559531520911102,10581569.0,856504640.0
2018-04-23,0.5590429690031092,0.5590429690031092,0.5035574308810778,0.5035574308810778,14200566.0,1054146368.0
2018-04-24,0.49553122096405444,0.5210755064391028,0.4922509438675318,0.5168879186563081,8391849.0,615132416.0
2018-04-25,0.5094898469067038,0.536639374365157,0.5071168804964534,0.5235182659790666,8680696.0,654748672.0
2018-04-26,0.5133284690409324,0.5288923369669866,0.5069075011073136,0.5081637774421521,7704922.0,570499200.0
2018-04-27,0.5150732972837636,0.5230297140710738,0.4912040469218331,0.4997886018765625,6057478.0,438744224.0
2018-05-02,0.5065585354587475,0.511793020187241,0.48296845761567,0.49141342631097285,6113953.0,434739936.0
2018-05-03,0.48848211486301646,0.5143753659866311,0.48352680265337594,0.5138170209489252,6728737.0,483469056.0
2018-05-04,0.5161899873591755,0.5216338514768089,0.5025105339353791,0.5052324659941958,5972923.0,437857824.0
2018-05-07,0.5094898469067038,0.5197494369745512,0.5060699835507548,0.5187025400288524,5079713.0,374772416.0
2018-05-08,0.5175160568237274,0.5276360606321481,0.510955502630682,0.5227505415522209,6533840.0,485693280.0
2018-05-09,0.5209359201796764,0.5338476491766271,0.518562953769426,0.5261006117784567,6716800.0,507556672.0
2018-05-10,0.5262401980378832,0.529590268264119,0.5105367438524027,0.5201681957528307,5965423.0,442653088.0
2018-05-11,0.5200984026231174,0.5200984026231174,0.5067679148478872,0.5088617087392846,4682022.0,345044128.0
2018-05-14,0.5187723331585657,0.5258912323893169,0.5073262598855932,0.5090012949987112,5521357.0,408697536.0
2018-05-15,0.524774542313905,0.5269381293350156,0.514026400338065,0.5262401980378832,7606700.0,568562432.0
2018-05-16,0.5198192301042645,0.5247047491841917,0.5115836407981013,0.514026400338065,5572897.0,414100224.0
2018-05-17,0.5110950888901086,0.5177952293425803,0.5101877782038363,0.5138170209489252,3176400.0,233756224.0
2018-05-18,0.5133982621706458,0.5152128835431901,0.4898779774572814,0.5063491560696077,6469016.0,465351904.0
2018-05-21,0.511234675149535,0.5289621300966999,0.5084429499610051,0.5251235079624712,8304637.0,620253824.0
2018-05-22,0.5269381293350156,0.5548553812203145,0.5205171614013969,0.5445957911524671,10718512.0,826848064.0
2018-05-23,0.5376164781811424,0.5582752445762635,0.5374070987920027,0.5415946865747975,10679294.0,838023680.0
2018-05-24,0.540617582758812,0.5521334491614979,0.5340570285657669,0.5371279262731496,6484009.0,503375648.0
2018-05-25,0.5344757873440463,0.5370581331434365,0.5189119194179922,0.5227505415522209,5883627.0,443869408.0
2018-05-28,0.5615449219488887,0.5967444569336817,0.5609457809278711,0.581765931408238,10916959.0,848216704.0
2018-05-29,0.5765234474743326,0.5861845964382438,0.564690412309232,0.5710562856575455,6729723.0,516366016.0
2018-05-30,0.5504608130600603,0.5616198145765159,0.5158604190962851,0.5220016145617171,8605199.0,622456256.0
2018-05-31,0.5332355087057999,0.5390771336607231,0.5214773661683265,0.5273189911232496,5163150.0,364608256.0
2018-06-01,0.5182569831803562,0.5293410920691846,0.49676279905134424,0.5102434720242436,5638906.0,387301952.0
2018-06-04,0.5146621370542496,0.5231998966037525,0.5102434720242436,0.5182569831803562,3571849.0,247207632.0
2018-06-05,0.5199046209881549,0.5354822875346165,0.5182569831803562,0.5345086833754626,4282906.0,302202144.0
2018-06-06,0.5338346497268177,0.5376541737358059,0.5259709238259597,0.5315878708980011,3796489.0,269588736.0
2018-06-07,0.5355571801622437,0.5368303548319064,0.5175080569040839,0.5199046209881549,3631963.0,254749408.0
2018-06-08,0.5239488228800248,0.5314380856427466,0.5187812315737466,0.5240986081352792,3383507.0,237469792.0
2018-06-11,0.5241735007629064,0.5241735007629064,0.5092698678650898,0.511366861438652,2905166.0,199409600.0
2018-06-12,0.5151114928200129,0.5181071979251017,0.49586408751981753,0.51653445274493,3091772.0,210847392.0
2018-06-13,0.5127898213635691,0.5267947427298592,0.5092698678650898,0.5109175056728886,3301915.0,228703472.0
2018-06-14,0.5047014175798294,0.5196799431052733,0.5021550682405039,0.5115166466939064,2618492.0,179359792.0
2018-06-15,0.5190059094566283,0.5190059094566283,0.5002827525498235,0.5017806051023679,3623886.0,245929376.0
2018-06-19,0.48680207957692406,0.494291342339646,0.4516025445921311,0.452576148751285,6376202.0,399788160.0
2018-06-20,0.450179584667214,0.46800403004249214,0.4468094164239891,0.4606645525350246,4096302.0,250235376.0
2018-06-21,0.46193772720468734,0.46343557975723176,0.4334785287063441,0.4336283139615985,5167925.0,307374656.0
2018-06-22,0.43737294534295945,0.44665963116873464,0.4158038685863204,0.43917036840601276,3890761.0,228187936.0
2018-06-25,0.44576091963720804,0.44778302058314295,0.4349763812588885,0.4366240190666873,2978777.0,175578640.0
2018-06-26,0.4270377627304033,0.45205190035789444,0.42359270185955117,0.45040426255009564,4289744.0,254094320.0
2018-06-27,0.4498800141567051,0.4547480349524743,0.44501199336093583,0.44935576576331454,3865600.0,232420208.0
2018-06-28,0.4478579132107701,0.470700164637072,0.44778302058314295,0.45572163911162816,5040357.0,307951584.0
2018-06-29,0.4568450285260365,0.4766915748472495,0.45010469203958675,0.4756430780604684,6170566.0,383922304.0
2018-07-02,0.4769911453577584,0.4776651790064034,0.45205190035789444,0.4596909483758708,5112171.0,319552704.0
2018-07-03,0.46133858618366963,0.48215873666403647,0.45534717597349206,0.4819340587811548,6102685.0,384509472.0
2018-07-04,0.47631711170911345,0.47916303155894774,0.4581930958233264,0.46351047238485893,4919258.0,307956224.0
2018-07-05,0.4548229275801015,0.4667308553728294,0.44014397256516663,0.44186650300059266,3558325.0,215918944.0
2018-07-06,0.4448622081056814,0.46800403004249214,0.4410426840966932,0.4524263634960305,4472506.0,271231584.0
2018-07-09,0.4538493234209477,0.47257248032775245,0.4538493234209477,0.470700164637072,4424086.0,275872864.0
2018-07-10,0.470700164637072,0.4786387831655572,0.4680789226701193,0.4774405011235217,5028710.0,318265056.0
2018-07-11,0.4644840765440128,0.4671802111385927,0.44853194685941516,0.45946627049298916,5172491.0,317605760.0
2018-07-12,0.4703257014989359,0.4999082894116874,0.4703257014989359,0.4909960667240484,8751073.0,569691008.0
2018-07-13,0.4859033680453974,0.4957891948921904,0.48118513250488265,0.4920445635108294,6405140.0,417405536.0
2018-07-16,0.49459091285015494,0.5042520618140661,0.4916701003726934,0.4919696708832022,5364234.0,355972800.0
2018-07-17,0.4876258984808235,0.5054503438561017,0.4876258984808235,0.5026044240062673,6004732.0,399887200.0
2018-07-18,0.5237990376247703,0.5384779926397053,0.5071728742915277,0.5078469079401726,10227431.0,716516800.0
2018-07-19,0.5105430425347526,0.5212526882854448,0.5002078599221964,0.5099439015137348,5910274.0,402057792.0
2018-07-20,0.5034282429101667,0.5129396066188235,0.4969125843065986,0.5089702973545809,4480315.0,302902016.0
2018-07-23,0.5084460489611904,0.5242483933905336,0.5055252364837288,0.5186314463184922,4842128.0,335139904.0
2018-07-24,0.5167591306278118,0.5271692058679952,0.5130144992464508,0.5190808020842556,4332809.0,301199072.0
2018-07-25,0.5177327347869656,0.5264951722193502,0.5127898213635691,0.5135387476398413,3523764.0,244242496.0
2018-07-26,0.5121906803425513,0.5158604190962851,0.489198643660995,0.49137052986218444,4898987.0,325953056.0
2018-07-27,0.49354241606337385,0.5017806051023679,0.4924939192765928,0.49841043685914305,2788541.0,185552400.0
2018-07-30,0.4953398391264271,0.5006572156879596,0.48185916615352764,0.48740122059794183,2716591.0,178042496.0
2018-07-31,0.4927934897871016,0.49631344328558086,0.48021152834572883,0.48680207957692406,2457971.0,160080816.0
2018-08-01,0.49054671095828506,0.4941415570843916,0.48066088411149216,0.48230852191929097,3036779.0,197860560.0
2018-08-02,0.4859033680453974,0.4859033680453974,0.4482323763489063,0.46096412304553347,4468008.0,275119680.0
2018-08-03,0.4545982496972199,0.4604398746521429,0.4405184357033027,0.44074311358618434,3746985.0,224673824.0
2018-08-06,0.44186650300059266,0.44778302058314295,0.43400277709973467,0.4426154292768648,2799997.0,165390080.0
2018-08-07,0.4476332353278885,0.46658107011757494,0.44403838920178196,0.4658321438413028,4409517.0,269148992.0
2018-08-08,0.4614134788112968,0.46523300282028496,0.45235147086840327,0.45250125612365777,2948948.0,180821216.0
2018-08-09,0.4492059805080601,0.48403105235471694,0.4472587721897524,0.47646689696436784,5297622.0,335148320.0
2018-08-10,0.47519372229470513,0.49069649621353945,0.47332140660402466,0.4891237510333679,4721283.0,304677728.0
2018-08-13,0.4882999321294685,0.5210280104025632,0.4853791196520069,0.5135387476398413,8012208.0,546142528.0
2018-08-14,0.5096443310032259,0.51788252004222,0.5055252364837288,0.5137634255227229,4526312.0,310090464.0
2018-08-15,0.5152612780752673,0.5187063389461195,0.503503135537794,0.503503135537794,3409710.0,232036496.0
2018-08-16,0.49623855065795375,0.5242483933905336,0.4938419865738827,0.5162348822344213,5960045.0,409897856.0
2018-08-17,0.5208033325196816,0.5354073949069892,0.512415358225433,0.5160102043515395,6251080.0,439276448.0
2018-08-20,0.5110672909281431,0.5330108308229183,0.5070979816639004,0.531213407759865,4704871.0,327499872.0
2018-08-21,0.5287419510481668,0.5354822875346165,0.5198297283605277,0.5254466754325691,4181362.0,295043712.0
2018-08-22,0.5175080569040839,0.5205037620091727,0.5098690088861075,0.5100936867689893,3058223.0,210097936.0
2018-08-23,0.5101685793966165,0.5509101688258237,0.5101685793966165,0.5407247714685218,6429732.0,456357568.0
2018-08-24,0.5403503083303858,0.5714307487956817,0.5369801400871609,0.5506105983153147,8308548.0,618677568.0
2018-08-27,0.5530071623993857,0.593074718179948,0.5530071623993857,0.5856603480448533,6876120.0,529657280.0
2018-08-28,0.5813165756424746,0.5916517582550308,0.5616947072041432,0.5725541382100899,6542426.0,503946528.0
2018-08-29,0.5742766686455161,0.5756247359428059,0.5624436334804154,0.5706818225194095,3811125.0,288793632.0
2018-08-30,0.5669371911380485,0.5706818225194095,0.545218329126155,0.5494872089009065,4809574.0,355774528.0
2018-08-31,0.5467161816786994,0.5571262569188828,0.5416234830000484,0.546566396423445,3644667.0,267854480.0
2018-09-03,0.546566396423445,0.5653644459578768,0.523349681859007,0.5603466399068532,5648361.0,408393632.0
2018-09-04,0.5536063034204035,0.5662631574894036,0.5410992346066579,0.5607959956726165,4968691.0,368633184.0
2018-09-05,0.5571262569188828,0.5577253979399006,0.5376541737358059,0.5378039589910603,3611631.0,265129392.0
2018-09-06,0.5387775631502141,0.5578002905675278,0.5316627635256282,0.5534565181651491,3811920.0,279347680.0
2018-09-07,0.5518837729849775,0.5681354731800841,0.5302398036007111,0.5407247714685218,5020197.0,370319616.0
2018-09-10,0.5390771336607231,0.5475400005825988,0.5229003260932437,0.5272440984956225,3424401.0,244466416.0
2018-09-11,0.5290415215586757,0.5649150901921136,0.528142810027149,0.5550292633453207,5120544.0,375575360.0
2018-09-12,0.5551041559729479,0.5667125132551669,0.5490378531351432,0.5562275453873562,4459964.0,333124480.0
2018-09-13,0.5624436334804154,0.5769728032400959,0.5533067329098946,0.5691090773392379,4833445.0,365612480.0
2018-09-14,0.5711311782851728,0.5711311782851728,0.5430464429249656,0.5438702618288651,3413185.0,254019536.0
2018-09-17,0.5406498788408945,0.5533816255375219,0.5325614750571549,0.5437204765736106,2107108.0,153219328.0
2018-09-18,0.546566396423445,0.5742017760178888,0.5422226240210662,0.5718052119338177,4721869.0,353361280.0
2018-09-19,0.5676861174143207,0.5963699937955456,0.562668311363297,0.5745013465283976,5855097.0,451814176.0
2018-09-20,0.5745013465283976,0.580417864110948,0.5601968546515987,0.5645406270539775,3058572.0,231995824.0
2018-09-21,0.5660384796065219,0.5699328962431373,0.5504608130600603,0.564690412309232,3594213.0,268269376.0
2018-09-25,0.5607211030449893,0.5744264539007704,0.5572760421741372,0.569183969966865,2358546.0,178873136.0
2018-09-26,0.5661882648617763,0.580417864110948,0.5624436334804154,0.5736775276244982,3405790.0,259777504.0
2018-09-27,0.5692588625944923,0.5824399650568829,0.5574258274293917,0.5596726062582082,3381016.0,257012336.0
2018-09-28,0.5609457809278711,0.5646155196816047,0.521627151423581,0.5340593276096993,4983646.0,357262848.0
2018-10-08,0.5231998966037525,0.5269445279851135,0.514437459171368,0.5180323052974745,2366891.0,164538000.0
2018-10-09,0.5176578421593384,0.5278432395166401,0.4884497173847229,0.49788618846575255,3746850.0,253011152.0
2018-10-10,0.5016308198471136,0.503203565027285,0.4861280459282791,0.5031286723996579,3641263.0,241148416.0
2018-10-11,0.47556818543284124,0.494291342339646,0.45856755896146245,0.4632109018743501,4743581.0,302663808.0
2018-10-12,0.46433429128875836,0.49504026861591816,0.45834288107858084,0.4902471404477761,3890587.0,248853696.0
2018-10-15,0.49174499300032054,0.5151114928200129,0.49174499300032054,0.5013312493366046,3212723.0,216422544.0
2018-10-16,0.49803597372100694,0.5137634255227229,0.4897977846820129,0.505899699621865,2715219.0,182112000.0
2018-10-17,0.5167591306278118,0.5251471049220603,0.5017806051023679,0.5196799431052733,3727454.0,257045456.0
2018-10-18,0.5143625665437408,0.5211029030301905,0.5036529207930484,0.5070230890362732,2312985.0,157930656.0
2018-10-19,0.4957891948921904,0.5291913068139301,0.49451602022252766,0.5285921657929123,3246293.0,223366880.0
2018-10-22,0.5392269189159774,0.580417864110948,0.5392269189159774,0.5751753801770426,5592231.0,421260832.0
2018-10-23,0.5789200115584036,0.595471282264019,0.547614893210226,0.5573509348017645,7210995.0,546223872.0
2018-10-24,0.5542054444414213,0.5586990020990543,0.5446191881051372,0.5570513642912556,4069388.0,299671584.0
2018-10-25,0.5354822875346165,0.5729286013482261,0.5338346497268177,0.5729286013482261,4086441.0,301099808.0
2018-10-26,0.5721796750719539,0.580417864110948,0.5542803370690486,0.5552539412282024,3021248.0,227525824.0
2018-10-29,0.5507603835705692,0.5744264539007704,0.547614893210226,0.5648401975644864,2616077.0,197058608.0
2018-10-30,0.5614700293212616,0.5795940452070486,0.5279930247718946,0.5743515612731432,4797329.0,359276864.0
2018-10-31,0.5706818225194095,0.5916517582550308,0.5658886943512674,0.5744264539007704,4139108.0,321561952.0
2018-11-01,0.5841624954923089,0.5936738592009657,0.5757745211980604,0.5762238769638237,3222004.0,251185200.0
2018-11-02,0.5909028319787587,0.5953963896363917,0.5797438304623029,0.589704549936723,4378234.0,344070784.0
2018-11-05,0.5841624954923089,0.5916517582550308,0.5601968546515987,0.5733030644863621,4214749.0,323014368.0
2018-11-06,0.569183969966865,0.5838629249818,0.5585492168438,0.5825148576845101,2966624.0,226331360.0
2018-11-07,0.5787702263031491,0.5953963896363917,0.5699328962431373,0.5841624954923089,4164682.0,324524128.0
2018-11-08,0.5866339522040072,0.5902287983301137,0.5579500758227822,0.5616947072041432,3477752.0,265311664.0
2018-11-09,0.5583994315885455,0.5733030644863621,0.5565271158978651,0.5631925597566876,2411513.0,182560688.0
2018-11-12,0.5676861174143207,0.5916517582550308,0.560271747279226,0.5916517582550308,3598184.0,278026112.0
2018-11-13,0.5916517582550308,0.6216088093059184,0.5857352406724805,0.604383504951658,5235516.0,424297408.0
2018-11-14,0.5992908062730071,0.6141944391708238,0.5976431684652084,0.6013877998465693,3287209.0,266327056.0
2018-11-15,0.6030354376543681,0.659055123119528,0.6028856523991136,0.6445259533598475,5132726.0,429944576.0
2018-11-16,0.6365873348313623,0.6478212289754451,0.6234062323689716,0.6366622274589895,4060799.0,344126976.0
2018-11-19,0.6364375495761079,0.6523896792607055,0.633441844471019,0.6434025639454392,3151776.0,270587840.0
2018-11-20,0.6373362611076344,0.6386843284049244,0.6096259888855634,0.6103000225342083,4228919.0,349480064.0
2018-11-21,0.6034099007925041,0.6186131042008296,0.6006388735702971,0.6133706202669243,2315316.0,188937168.0
2018-11-22,0.6148684728194687,0.6177892852969302,0.5997401620387705,0.6110489488104806,2320018.0,188022032.0
2018-11-23,0.6108991635552261,0.6108991635552261,0.5805676493662023,0.5959206380297822,3073204.0,244112880.0
2018-11-26,0.5916517582550308,0.6092515257474272,0.5863343816934983,0.5976431684652084,2319147.0,185875120.0
2018-11-27,0.6032601155372498,0.6139697612879421,0.5991410210177527,0.6051324312279303,1943327.0,157389312.0
2018-11-28,0.6048328607174214,0.6304461393659303,0.6021367261228415,0.6254283333149067,3334527.0,275669472.0
2018-11-29,0.6281993605371137,0.6290980720686403,0.5909028319787587,0.5909028319787587,3490891.0,282982688.0
2018-11-30,0.5901539057024864,0.5950968191258829,0.5734528497416165,0.5879071268736699,2705497.0,211243376.0
2018-12-03,0.6104498077894629,0.6451999870084925,0.6104498077894629,0.6380851873839066,5513060.0,462848704.0
2018-12-04,0.6340409854920368,0.6358384085550901,0.6216088093059184,0.6329924887052557,2863624.0,240691536.0
2018-12-05,0.6216088093059184,0.6275253268884688,0.6186131042008296,0.6217585945611729,2007426.0,166961136.0
2018-12-06,0.6066302837804747,0.6066302837804747,0.5595977136305811,0.5616947072041432,9240195.0,703600320.0
2018-12-07,0.5621440629699065,0.5742766686455161,0.5579500758227822,0.5600470693963444,4100704.0,309652288.0
2018-12-10,0.5555535117387113,0.5736775276244982,0.5508352761981964,0.5691090773392379,3052009.0,230961824.0
2018-12-11,0.5695584331050012,0.5743515612731432,0.5594479283753266,0.5678359026695751,3053762.0,231737312.0
2018-12-12,0.5734528497416165,0.5781710852821313,0.567461439531439,0.5678359026695751,2060745.0,157549456.0
2018-12-13,0.5685099363182201,0.5846867438856994,0.5678359026695751,0.5781710852821313,3346682.0,258639392.0
2018-12-14,0.5771225884953504,0.5824399650568829,0.565064875447368,0.567461439531439,2170749.0,165760144.0
2018-12-17,0.5676861174143207,0.5718052119338177,0.5527824845165041,0.5703073593812734,1976582.0,148860400.0
2018-12-18,0.5669371911380485,0.5710562856575455,0.5583994315885455,0.5616198145765159,1704312.0,128208336.0
2018-12-19,0.5669371911380485,0.5739770981350071,0.5620691703422792,0.5693337552221195,2278763.0,173391472.0
2018-12-20,0.5664129427446579,0.5755498433151787,0.5664129427446579,0.5730783866034804,1887913.0,144244096.0
2018-12-21,0.5692588625944923,0.5783208705373858,0.5692588625944923,0.5755498433151787,1954632.0,149931888.0
2018-12-24,0.5781710852821313,0.6036345786753858,0.577347266378232,0.6001146251769065,4401733.0,350826784.0
2018-12-25,0.5941981075943563,0.6172650369035397,0.5924755771589302,0.6085025994711551,4547740.0,367397824.0
2018-12-26,0.608128136333019,0.6095510962579361,0.5939734297114746,0.5966695643060546,2690851.0,215842176.0
2018-12-27,0.6064804985252202,0.6096259888855634,0.5819157166634924,0.5838629249818,2725142.0,217009360.0
2018-12-28,0.5859599185553621,0.6034099007925041,0.576673232729587,0.6004141956874155,2905799.0,231155632.0
2019-01-02,0.6016124777294509,0.6050575386003031,0.5864841669487527,0.5866339522040072,3163227.0,250252512.0
2019-01-03,0.5792944746965396,0.5943478928496106,0.5624436334804154,0.5628180966185515,3237630.0,247780272.0
2019-01-04,0.5542803370690486,0.5786953336755218,0.5542803370690486,0.5729286013482261,3143331.0,238874272.0
2019-01-07,0.5781710852821313,0.5967444569336817,0.5738273128797527,0.5950968191258829,4451695.0,351028480.0
2019-01-08,0.6290980720686403,0.6478212289754451,0.6256530111977884,0.635463945416954,11322398.0,962425088.0
2019-01-09,0.6440765975940842,0.6551607064829126,0.6341907707472914,0.639583039936451,6647791.0,571156160.0
2019-01-10,0.6463233764229007,0.6611521166930902,0.6386843284049244,0.6404817514679776,5330363.0,462769568.0
2019-01-11,0.6462484837952736,0.6660201374888595,0.6283491457923682,0.6380102947562795,6088298.0,525854560.0
2019-01-14,0.644675738615102,0.6544117802066404,0.6307457098764392,0.6386094357772971,4223916.0,361820608.0
2019-01-15,0.627600219516096,0.6446008459874747,0.6192122452218475,0.6440765975940842,4034518.0,340048160.0
2019-01-16,0.6428034229244215,0.666244815371741,0.6372613684800073,0.6583061968432559,6016983.0,527952704.0
2019-01-17,0.6538126391856226,0.6585308747261375,0.6462484837952736,0.6462484837952736,2854068.0,248753104.0
2019-01-18,0.647072302699173,0.6898359930743151,0.6365873348313623,0.6835450123536286,6175295.0,547487296.0
2019-01-21,0.6815229114076937,0.7113301772033269,0.676804675867179,0.6920078792755044,5258321.0,486126336.0
2019-01-22,0.6824965155668475,0.6979992894856819,0.6707383730293742,0.6792761325788772,4398073.0,401605024.0
2019-01-23,0.6762804274737884,0.7054885522484039,0.6741085412725991,0.6959771885397471,4126411.0,382457280.0
2019-01-24,0.6927568055517765,0.7180705136897766,0.6898359930743151,0.7045898407168772,3596325.0,338640736.0
2019-01-25,0.7051140891102677,0.7159735201162145,0.6979992894856819,0.7001711756868713,2664741.0,251097712.0
2019-01-28,0.7077353310772204,0.7227138566026642,0.6879636773836345,0.7111054993204453,3884290.0,366686752.0
2019-01-29,0.7039906996958595,0.711030606692818,0.6914836308821138,0.7049643038550133,2664269.0,249722992.0
2019-01-30,0.7002460683144985,0.7152245938399423,0.6732098297410725,0.6830207639602381,3740837.0,345323840.0
2019-01-31,0.6890121741704156,0.7152245938399423,0.6882632478941435,0.7022681692604333,4053369.0,381806656.0
2019-02-01,0.7084842573534925,0.754767901227114,0.6991975715277174,0.7511730551010074,4357359.0,427353472.0
2019-02-11,0.7517721961220252,0.774914018058836,0.7463799269328655,0.7682485742000135,3716073.0,378734368.0
2019-02-12,0.7657771174883152,0.7746144475483271,0.7527458002811791,0.7613584524583092,3419409.0,347477952.0
2019-02-13,0.757164465311185,0.7815045692900312,0.753419833929824,0.7596359220228833,4319061.0,441408544.0
2019-02-14,0.7534947265574513,0.7639048017976348,0.7457058932842204,0.762631627127972,4033208.0,404843968.0
2019-02-15,0.7574640358216939,0.7624069492450903,0.7426352955515044,0.7451816448908299,3460474.0,346364864.0
2019-02-18,0.7507236993352441,0.8193253462417769,0.7479526721130371,0.8089152710015934,5485542.0,573339200.0
2019-02-19,0.8071178479385401,0.8164794263919425,0.777011011632398,0.7830773144702028,5253003.0,558648128.0
2019-02-20,0.7777599379086703,0.7946107791247945,0.7639048017976348,0.7913903961368242,4654255.0,485035008.0
2019-02-21,0.785548771181901,0.8268146090044988,0.7721429908366287,0.7781344010468064,6325201.0,671652224.0
2019-02-22,0.7743897696654455,0.8264401458663626,0.7713940645603566,0.82247083660212,5266487.0,566636416.0
2019-02-25,0.8537759549502977,0.9047029417368065,0.8500313235689366,0.9045531564815522,7047686.0,835709120.0
2019-02-26,0.8987115315266291,0.8987115315266291,0.853925740205552,0.8571461231935226,6195999.0,723726848.0
2019-02-27,0.8543750959713153,0.8762437432384633,0.842616953433842,0.857670371586913,4126408.0,470661184.0
2019-02-28,0.8462866921875757,0.8799883746198243,0.8462866921875757,0.867256627923197,3739876.0,431681280.0
2019-03-01,0.8762437432384633,0.8799883746198243,0.8502560014518183,0.8726488971123568,2764544.0,318581152.0
2019-03-04,0.8726488971123568,0.9128662381481735,0.8637366744247178,0.8736973938991379,6006048.0,711096640.0
2019-03-05,0.8687544804757414,0.8911473761362799,0.8582695126079307,0.8855304290642385,4447902.0,519771872.0
2019-03-06,0.897962605250357,0.9006587398449368,0.8695782993796408,0.8868784963615285,3597562.0,424898176.0
2019-03-07,0.874071857037274,0.8868784963615285,0.8372995768723094,0.8477845447401201,5738175.0,656056320.0
2019-03-08,0.8254665417072088,0.9271707300249723,0.8168538895300785,0.8859048922023747,7512656.0,887041856.0
2019-03-11,0.8912971613915345,0.9745028706853749,0.8912971613915345,0.9698595277724872,6617837.0,838175552.0
2019-03-12,0.9661148963911262,0.9914286045291263,0.9493389478026293,0.9781726094391087,5899794.0,761380736.0
2019-03-13,0.9436471081029606,0.9548810022470434,0.8803628377579604,0.8803628377579604,9409254.0,1144513664.0
2019-03-14,0.8754948169621912,0.9044782638539249,0.8653843122325166,0.8972136789740847,4283267.0,507490368.0
2019-03-15,0.906200794289351,0.9225273871120848,0.8845568249050847,0.8898742014666172,3854612.0,465677088.0
2019-03-18,0.8898742014666172,0.920205715655641,0.8792394483435522,0.9161615137637711,3390436.0,407945376.0
2019-03-19,0.9136151644244457,0.9324132139588777,0.8994604578029013,0.9066501500551143,2899686.0,353606368.0
2019-03-20,0.9021565923974811,0.9128662381481735,0.8777415957910077,0.8881516710311912,3007355.0,356983136.0
2019-03-21,0.8878521005206823,0.9200559304003865,0.8838827912564396,0.897962605250357,3014202.0,364539744.0
2019-03-22,0.8987864241542564,0.9099454256707119,0.8739969644096468,0.897962605250357,2498845.0,296271296.0
2019-03-25,0.8728735749952384,0.9054518680130789,0.8728735749952384,0.889424845700854,3013761.0,357438656.0
2019-03-26,0.889424845700854,0.9023812702803627,0.8393216778182443,0.843290987082487,3876176.0,447538848.0
2019-03-27,0.8575205863316586,0.8762437432384633,0.8239686891546644,0.8598422577881024,3538374.0,403104160.0
2019-03-28,0.8545248812265698,0.9217784608358126,0.8525027802806349,0.890473342487635,4590105.0,549784000.0
2019-03-29,0.897962605250357,0.947915987877712,0.8763186358660906,0.9317391803102327,4808693.0,590827520.0
2019-04-01,0.9474666321119487,0.989930751976582,0.9384046241690552,0.9829657376072506,4786568.0,618323008.0
2019-04-02,0.9959970548143867,0.9959970548143867,0.9586256336284044,0.9640927954451913,3154364.0,410176384.0
2019-04-03,0.9548810022470434,0.9577269220968777,0.9277698710459901,0.9499380888236469,3510083.0,442108256.0
2019-04-04,0.9499380888236469,0.9571277810758599,0.9271707300249723,0.9399024767215995,3285695.0,413161184.0
2019-04-08,0.9399024767215995,0.9487398067816115,0.8987864241542564,0.9176593663163155,3987005.0,489073856.0
2019-04-09,0.9211793198147948,0.9425237186885522,0.9102449961812209,0.9294175088537888,3410491.0,424930688.0
2019-04-10,0.9118926339890197,0.9249239511961558,0.8968392158359486,0.9129411307758007,2834797.0,344297184.0
2019-04-11,0.9173597958058066,0.9187827557307239,0.8739969644096468,0.8762437432384633,3575391.0,424313184.0
2019-04-12,0.8826845092144042,0.8933941549650966,0.8724991118571024,0.8799883746198243,2325360.0,274217984.0
2019-04-15,0.9059761164064694,0.9125666676376646,0.8569214453106409,0.8593929020223391,4317774.0,510758912.0
2019-04-16,0.8537759549502977,0.9399024767215995,0.8485334710163923,0.9344353149048126,6200430.0,747277440.0
2019-04-17,0.9286685825775167,0.9416250071570257,0.9166857621571617,0.9265715890039545,3437218.0,426559136.0
2019-04-18,0.9249239511961558,0.950986585610428,0.9193070041241144,0.9251486290790374,2679122.0,333743296.0
2019-04-19,0.9166857621571617,0.9434973228477062,0.9166857621571617,0.9412505440188896,2377204.0,296702816.0
2019-04-22,0.9412505440188896,0.977648361045718,0.9313647171720966,0.9316642876826056,3889046.0,496729152.0
2019-04-23,0.928743475205144,0.9473917394843215,0.8955660411662859,0.9078484320971498,4002662.0,488113632.0
2019-04-24,0.9084475731181676,0.9202806082832682,0.8925703360611972,0.9121922044995285,2544461.0,308254176.0
2019-04-25,0.9106943519469841,0.9330123549798954,0.8919711950401793,0.9017072366317179,2858919.0,348556864.0
2019-04-26,0.8921209802954339,0.9215537829529309,0.8921209802954339,0.9037293375776527,2285369.0,277020864.0
2019-04-29,0.9067999353103687,0.9117428487337652,0.8751203538240551,0.886728711106274,2463053.0,294050560.0
2019-04-30,0.8845568249050847,0.8985617462713746,0.8695782993796408,0.882609616586777,2136205.0,251973232.0
2019-05-06,0.8298103141095875,0.8298103141095875,0.7943861012419129,0.7943861012419129,3805262.0,407410688.0
2019-05-07,0.7961835243049662,0.801276222983617,0.7564155390349128,0.7857734490647827,3743193.0,392532960.0
2019-05-08,0.7631558755213625,0.8154309296051614,0.7624069492450903,0.8015757934941259,3119152.0,332204160.0
2019-05-09,0.7949852422629307,0.8214223398153391,0.7901921140947886,0.7982805178785283,2353002.0,253202208.0
2019-05-10,0.8189508831036407,0.8662830237640432,0.8014260082388716,0.8545248812265698,3382831.0,378558912.0
2019-05-13,0.8537759549502977,0.8707765814216764,0.846361584815203,0.8608158619472562,2305977.0,264149920.0
2019-05-14,0.8429165239443508,0.8653094196048894,0.8429165239443508,0.8503308940794456,1849900.0,210647408.0
2019-05-15,0.862763070265564,0.8753450317069367,0.8548993443647059,0.8738471791543924,2052934.0,237418720.0
2019-05-16,0.8697280846348953,0.8697280846348953,0.8175279231787236,0.8253916490795815,5166031.0,574562176.0
2019-05-17,2.2153219345902855,2.256547318289811,2.1167185314727073,2.123951054928764,5176960.0,467100096.0
2019-05-20,2.133835503652042,2.1454075411817333,1.911555949435888,1.9166187158551278,12143350.0,974901824.0
2019-05-21,1.928672921615223,1.9720680623515654,1.8886529584917071,1.9293961739608287,8414884.0,675011200.0
2019-05-22,1.9474774826009713,2.0142577825118986,1.9243334075415885,1.9489239872921829,7489499.0,609945408.0
2019-05-23,1.9503704919833944,1.9503704919833944,1.8083719481294735,1.849115163598595,9326970.0,721534464.0
2019-05-24,1.849115163598595,1.8681608086995452,1.8117471257423001,1.8235602473871932,4740252.0,361005952.0
2019-05-27,1.8225959109263856,1.928672921615223,1.8117471257423001,1.9154132952791183,6730613.0,525188288.0
2019-05-28,1.9142078747031088,1.928431837500021,1.8857599491092842,1.8941978931413506,4247661.0,335861344.0
2019-05-29,1.8896172949525145,1.9498883237529903,1.8809382668052461,1.921440398159166,4800097.0,382749248.0
2019-05-30,1.9096272765142723,1.9101094447446765,1.8295873502672408,1.8845545285332748,4174534.0,322478208.0
2019-05-31,1.8778041733076214,1.9110737812054839,1.8684018928147472,1.8833491079572653,2937237.0,230764608.0
2019-06-03,1.8997428277909945,2.07018929723874,1.8896172949525145,2.003891165558217,9393457.0,769387200.0
2019-06-04,2.039571614608098,2.107075166864631,2.015463203087908,2.027758492963205,8525548.0,731439552.0
2019-06-05,2.0730823066211626,2.1034589051366024,2.0304104182304257,2.0672962878563172,5771163.0,496345568.0
2019-06-06,2.0815202506532295,2.0841721759204503,1.928672921615223,1.936146529186482,6440456.0,524540704.0
2019-06-10,1.9527813331354131,2.040777035184108,1.9453077255641542,2.036919689340877,5642187.0,471095456.0
2019-06-11,2.040777035184108,2.0930922881829206,1.9891850345309006,2.080073745962018,5262797.0,449751360.0
2019-06-12,2.077180736579595,2.1427556159145125,2.0641621943586923,2.081761334768431,4334914.0,377597024.0
2019-06-13,2.073323390736365,2.096949634026151,2.0468041380641555,2.0660908672803076,2851709.0,244758256.0
2019-06-14,2.0660908672803076,2.096949634026151,2.000033819714986,2.003891165558217,3348596.0,281975360.0
2019-06-17,2.0034089973278126,2.022695726543965,1.9778540811164111,1.9918369597981216,2511862.0,207679088.0
2019-06-18,1.9937656327197368,2.0173918760095235,1.9689339688539407,2.000033819714986,2122783.0,175661200.0
2019-06-19,2.1143076903206883,2.154568737559406,2.106834082749429,2.109244923901448,8145845.0,721305216.0
2019-06-20,2.110209260362256,2.1456486252969356,2.0781450730404027,2.1200937090855336,4977637.0,437009056.0
2019-06-21,2.1454075411817333,2.20833049524943,2.1427556159145125,2.168792700356318,4992715.0,450950400.0
2019-06-24,2.169757036817126,2.1806058220012114,2.1191293726247262,2.134076587767244,2750007.0,243655664.0
2019-06-25,2.1357641765736575,2.1456486252969356,2.097431802256555,2.134076587767244,2821856.0,248461104.0
2019-06-26,2.1164774473575054,2.234367579691236,2.10948600801665,2.202062308254181,5310281.0,485043296.0
2019-06-27,2.350570123218553,2.422172105433518,2.350570123218553,2.422172105433518,5458588.0,544602816.0
2019-06-28,2.458816890944207,2.519087919744683,2.350811207333755,2.457129302137794,10158454.0,1023996928.0
2019-07-01,2.53138320961998,2.697249080878889,2.5301777890439707,2.5969580889548975,9003572.0,974241536.0
2019-07-02,2.543437415380075,2.618173491092665,2.526561527315942,2.543437415380075,5781401.0,615046080.0
2019-07-03,2.543437415380075,2.5769481073931395,2.5072747980997896,2.5309010413895763,4048749.0,426092416.0
2019-07-04,2.508721302791001,2.5499466864905265,2.459540143289813,2.506310461638982,3712085.0,384933728.0
2019-07-05,2.5116143121734242,2.5309010413895763,2.4923275829572717,2.5079980504453956,2448487.0,254996448.0
2019-07-08,2.5079980504453956,2.5554916211401704,2.444592928147295,2.547053677108104,5298787.0,553862016.0
2019-07-09,2.507515882214992,2.5301777890439707,2.450378946912141,2.459299059174611,3688209.0,380021440.0
2019-07-10,2.4834074706948015,2.531142125504778,2.4590579750594093,2.4679780873218795,2935829.0,303975840.0
2019-07-11,2.472558685510716,2.550669938836132,2.460504479750621,2.5217398450119037,3703031.0,384487392.0
2019-07-12,2.5723675092043035,2.5723675092043035,2.459299059174611,2.4636385732482453,3419721.0,352597472.0
2019-07-15,2.449414610451333,2.5911720701900522,2.4233775260095274,2.5306599572743744,4432349.0,463325568.0
2019-07-16,2.514025153325443,2.646139248456086,2.514025153325443,2.5976813413005035,4554944.0,491725536.0
2019-07-17,2.5803232850059663,2.6201021640142805,2.5622419763658235,2.5675458269002656,3029853.0,324983936.0
2019-07-18,2.534035134887201,2.5796000326603608,2.494015171763685,2.5318653778503837,2813479.0,295969920.0
2019-07-19,2.5554916211401704,2.5675458269002656,2.508962386906203,2.516918162707866,2230000.0,233822624.0
2019-07-22,2.528972368467961,2.589243397268437,2.4783447042755613,2.5328297143111915,2661423.0,280373120.0
2019-07-23,2.5318653778503837,2.591654238420456,2.514507321555847,2.5798411167755626,3156643.0,336106400.0
2019-07-24,2.58080545323637,2.712919548367013,2.572849677434707,2.693632819150861,5976548.0,661230144.0
2019-07-25,2.7109908754453977,2.856846765142549,2.685677043349198,2.757761193794567,7559206.0,876440256.0
2019-07-26,2.7592076984857785,2.789102128770814,2.73027760466155,2.75559143675775,3634004.0,414987136.0
2019-07-29,2.7483589133016926,2.868900970902644,2.7097854548693885,2.8498553258016934,4836506.0,566011328.0
2019-07-30,2.8447925593824537,2.8556413445665396,2.7965757363420733,2.802602839222121,3290216.0,384955168.0
2019-07-31,2.7965757363420733,2.856846765142549,2.791754054038035,2.8414173817696273,2953026.0,346214848.0
2019-08-01,2.8230949890142822,2.8599808586401734,2.7608952872921915,2.7965757363420733,3192010.0,370905152.0
2019-08-02,2.6767569310867274,2.8033260915677265,2.6128696405582232,2.7466713244952796,5876096.0,660608832.0
2019-08-05,2.743055062767251,2.807424521526159,2.6808553610451598,2.6842305386579866,4923449.0,557880256.0
2019-08-06,2.5675458269002656,2.7483589133016926,2.556938125831382,2.6892933050772263,6273805.0,691089344.0
2019-08-07,2.715812557749436,2.7240094176663003,2.626611435124732,2.627816855700741,3338588.0,370292736.0
2019-08-08,2.6615686318290077,2.789102128770814,2.627816855700741,2.7628239602138067,4687837.0,528004480.0
2019-08-09,2.7517340909145194,2.888187700118796,2.7025529314133308,2.784521530581978,6426154.0,747629760.0
2019-08-12,2.8204430637470614,3.010658430641363,2.811764035599793,3.0099351782957573,6472336.0,780705792.0
2019-08-13,2.9535214953385123,3.0099351782957573,2.9277254950119085,2.978353159204308,4234037.0,521482208.0
2019-08-14,3.0434458703088216,3.130718320011911,2.9197697192102456,2.941226205463215,5941167.0,745783488.0
2019-08-15,2.7777711753563246,2.9544858317993197,2.7363047075415974,2.908197681680554,9075446.0,1062904000.0
2019-08-16,2.8838481860451624,2.938815364311196,2.856846765142549,2.8650436250594136,4725169.0,566281856.0
2019-08-19,2.9942647108076335,3.130718320011911,2.896625644150863,3.0738224688242615,8963129.0,1122671104.0
2019-08-20,3.07237596413305,3.1340934976247374,3.0381420197743796,3.086599926929962,5692907.0,729825152.0
2019-08-21,3.0858766745843567,3.244510022387209,3.0364544309679666,3.211240414489346,6136809.0,800021760.0
2019-08-22,3.180381647743502,3.2495727888064487,3.109261833758941,3.1432546940024095,4830730.0,633328640.0
2019-08-23,3.1201106189430265,3.214374507986971,3.0998595532660675,3.160371666181745,4658798.0,610035264.0
2019-08-26,3.087323179275568,3.270547106829014,3.087323179275568,3.1825514047803196,6228474.0,822822080.0
2019-08-27,3.223294620249441,3.223294620249441,3.1340934976247374,3.191953685273194,4850181.0,641177472.0
2019-08-28,3.179899479513099,3.186890918853954,3.148076376306448,3.1500050492280627,2996673.0,392807104.0
2019-08-29,3.18761417119956,3.35106920130645,3.18761417119956,3.2898338360451667,7669440.0,1039702208.0
2019-08-30,3.347452939578421,3.3667396687945734,3.148076376306448,3.1794173112826947,7369144.0,997120384.0
2019-09-02,3.1584429932601292,3.3361219861639317,3.1584429932601292,3.3028523782660693,6213171.0,837105536.0
2019-09-03,3.296102023040416,3.403143370190061,3.278743966745879,3.4021790337292535,5625691.0,782051904.0
2019-09-04,3.3787938745546686,3.3997681925772345,3.282842396704311,3.352515705997661,5513291.0,762517184.0
2019-09-05,3.35106920130645,3.5053630350356677,3.327684042131865,3.3816868839370917,6699457.0,946070080.0
2019-09-06,3.387231818586735,3.481736791745881,3.3349165655879225,3.4041077066508683,4514870.0,637650048.0
2019-09-09,3.437377314548731,3.6842474485154795,3.380481463361082,3.6420577283551463,6254445.0,917559360.0
2019-09-10,3.616261728028543,3.73366969213187,3.5441775775831736,3.602519933462035,5171553.0,776471552.0
2019-09-11,3.6150563074525333,3.8332374317102555,3.5663573161817492,3.738009206205504,7036852.0,1087216384.0
2019-09-12,3.715588383491727,3.7758594122922027,3.558401540380086,3.6396468872031273,6372392.0,960954304.0
2019-09-16,3.634584120783887,3.707873691805266,3.568768157333768,3.6447096536223675,4201264.0,634578240.0
2019-09-17,3.6644785510689237,3.687863710243508,3.596010662351583,3.6321732796318686,3609604.0,544238912.0
2019-09-18,3.6548351864608475,3.671711074524981,3.4908979881235536,3.6066183634204667,5101803.0,758010624.0
2019-09-19,3.6066183634204667,3.748616907274388,3.6066183634204667,3.734151860362273,5181695.0,795840064.0
2019-09-20,3.7163116358373327,3.849631151543985,3.712695374109304,3.8108166089964786,6103493.0,962676608.0
2019-09-23,3.7968337303147686,3.975235975564176,3.7616354494952904,3.9706553773753397,6143318.0,990293568.0
2019-09-24,3.951368648159188,4.047320126009545,3.9176168720309215,3.9308764983670264,4925073.0,812306496.0
2019-09-25,3.9096610962292586,3.9581190033848412,3.764769542992915,3.841675375742322,5976813.0,954818752.0
2019-09-26,3.8464970580463604,3.8554171703088302,3.583956456591488,3.6427809807007523,6956689.0,1069827264.0
2019-09-27,3.632896531977474,3.7922531321259325,3.632896531977474,3.763323038301704,5098098.0,788818752.0
2019-09-30,3.758501355997666,3.7801989263658373,3.5632232226841247,3.6403701395487333,4290413.0,653908800.0
2019-10-08,3.6635142146081163,3.763081954186502,3.3361219861639317,3.380481463361082,8759316.0,1278257280.0
2019-10-09,3.3787938745546686,3.541043484085549,3.3305770515142883,3.5246497642518198,6314041.0,910245440.0
2019-10-10,3.5511690169240295,3.634584120783887,3.4865584740499194,3.616261728028543,4581570.0,679643840.0
2019-10-11,3.9778879008313974,3.9778879008313974,3.7247495798693993,3.893508460510731,10764372.0,1723613440.0
2019-10-14,3.9055626662708263,3.9159292832245085,3.8006910761579986,3.8725341424881656,7586371.0,1214052992.0
2019-10-15,3.809129020190065,3.820459973604555,3.6401290554335315,3.6401290554335315,6722918.0,1030986496.0
2019-10-16,3.6608622893408946,3.717517056413342,3.5728665872922,3.657246027612866,4094407.0,621712128.0
2019-10-17,3.6731575792161926,3.7773059169834142,3.6246996720606095,3.769350141181751,4657460.0,717214592.0
2019-10-18,3.746929318467974,3.769350141181751,3.6374771301663102,3.6721932427553843,3986558.0,612631680.0
2019-10-21,3.6789435979810374,3.680872270902653,3.519828081947782,3.6403701395487333,3498387.0,521789568.0
2019-10-22,3.6637552987233177,3.742830888509542,3.6403701395487333,3.6719521586401824,3579532.0,546828608.0
2019-10-23,3.6861761214370947,3.735116196823081,3.618672569180562,3.657246027612866,3736032.0,571581632.0
2019-10-24,3.632896531977474,3.6765327568290185,3.572384419061797,3.6037253540380436,2797289.0,418497568.0
2019-10-25,3.6085470363420824,3.6979892430819876,3.5841975407066897,3.685693953206691,3735465.0,564090496.0
2019-10-28,3.696060570160373,3.847220310391966,3.6408523077791375,3.7956283097387584,6014075.0,939458688.0
2019-10-29,3.809129020190065,3.809129020190065,3.591188980047545,3.6148152233373314,6637938.0,1008168000.0
2019-10-30,3.650977840617617,3.6743629997922014,3.558401540380086,3.621565578562985,4092699.0,615232512.0
2019-10-31,3.601796681116429,3.6639963828385196,3.568044904988162,3.5882959706651225,3399245.0,509365696.0
2019-11-01,3.5921533165083526,3.625905092636619,3.546347334619991,3.57913477428745,3288737.0,488411424.0
2019-11-04,3.58926030712593,3.7368037856294944,3.58926030712593,3.6789435979810374,5718224.0,874886400.0
2019-11-05,3.712695374109304,3.7319821033254565,3.6451918218527712,3.717517056413342,4092579.0,628556928.0
2019-11-06,3.712454289994102,3.842880796318332,3.695819486045171,3.7587424401128673,5925853.0,927010432.0
2019-11-07,3.703534177731632,3.758501355997666,3.6234942514846002,3.758501355997666,3521625.0,542094016.0
2019-11-08,3.7910477115499224,3.8419164598575244,3.7500634119655993,3.7580191877672617,4530494.0,714001792.0
2019-11-11,3.6885869625891137,3.75777810365206,3.668818065142558,3.6823187755938647,3062913.0,470442880.0
2019-11-12,3.6823187755938647,3.6979892430819876,3.5439364934679722,3.6813544391330564,4353854.0,655610240.0
2019-11-13,3.662067709916905,3.7568137671912525,3.625422924406215,3.7363216173990903,4020323.0,619451392.0
2019-11-14,3.7409022155879263,3.97692356437059,3.722097654602178,3.9342516759798527,8526890.0,1371956096.0
2019-11-15,3.9482345546615636,4.088063341478667,3.934733844210257,3.97571814379458,7417010.0,1234569472.0
2019-11-18,3.9224385543349594,4.0017552282363855,3.8575869273456473,3.8725341424881656,5376592.0,869284992.0
2019-11-19,3.879284497713819,3.9296710777910167,3.8134685342637,3.9127951897268836,4025065.0,647830592.0
2019-11-20,3.9113486850356725,4.02128304156774,3.852041992696004,3.8814542547506363,4818804.0,786340480.0
2019-11-21,3.8332374317102555,3.9248493954869788,3.82745141294541,3.8645783666865032,3174724.0,509024256.0
2019-11-22,3.8884456940914913,3.919063376722133,3.6451918218527712,3.6905156355107294,6511073.0,1014033728.0
2019-11-25,3.6864172055522966,3.6864172055522966,3.37517761282664,3.434966473396712,7792889.0,1116418432.0
2019-11-26,3.486076305819515,3.4952375021971873,3.389160491508351,3.4928266610451684,5020649.0,720727424.0
2019-11-27,3.476432941211439,3.5391148111639343,3.419054921793386,3.491862324584361,4318342.0,621715008.0
2019-11-28,3.492103408699563,3.5169350725653588,3.460762473723316,3.4882460628563323,2873686.0,415576928.0
2019-11-29,3.4713701747921997,3.582027783669873,3.4610035578385174,3.521997838984599,4158456.0,607072512.0
2019-12-02,3.515006399643744,3.5800991107482574,3.476432941211439,3.516211820219753,3199544.0,468794336.0
2019-12-03,3.4957196704275915,3.5439364934679722,3.4089293889549066,3.5338109606294923,3535999.0,511838176.0
2019-12-04,3.4933088292755725,3.5193459137173777,3.4426811650831732,3.4499136885392296,3966603.0,570688320.0
2019-12-05,3.471611258907401,3.541284568200751,3.43978815570075,3.51572965198935,4729119.0,687130432.0
2019-12-06,3.504157614459658,3.5123544743765227,3.4407524921615575,3.4945142498515818,3955178.0,569752896.0
2019-12-09,3.522721091330205,3.5800991107482574,3.519828081947782,3.541043484085549,4814267.0,709366144.0
2019-12-10,3.5306768671318673,3.5627410544537206,3.471611258907401,3.5439364934679722,3473543.0,506584352.0
2019-12-11,3.5487581757720097,3.6632731304929136,3.5487581757720097,3.6336197843230797,6224624.0,936114432.0
2019-12-12,3.606859447535669,3.6524243453088285,3.5632232226841247,3.568285989103364,5535569.0,825160768.0
2019-12-13,3.616261728028543,3.6246996720606095,3.5176583249109648,3.5632232226841247,5022827.0,746341248.0
2019-12-16,3.583956456591488,3.692444308432344,3.5646697273753363,3.69196214020194,5971563.0,897969728.0
2019-12-17,3.7158294676069286,3.7801989263658373,3.675327336253009,3.735839449168687,5684346.0,877398720.0
2019-12-18,3.7365627015142926,3.7365627015142926,3.6379592983967144,3.643986401276762,4199267.0,641500416.0
2019-12-19,3.6524243453088285,3.6524243453088285,3.5728665872922,3.587331634204315,2765864.0,412787808.0
2019-12-20,3.5880548865499207,3.6312089431710612,3.55502636276726,3.572384419061797,2618441.0,389283776.0
2019-12-23,3.518622661371772,3.5191048296021763,3.37517761282664,3.391330248545167,5197926.0,738756032.0
2019-12-24,3.4043487907660706,3.442440080967971,3.394946510273196,3.4154386600653575,1967569.0,278454688.0
2019-12-25,3.4212246788302036,3.492103408699563,3.418572753562983,3.442198996852769,2745981.0,393262624.0
2019-12-26,3.45111910911524,3.4952375021971873,3.4233944358670207,3.4506369408848356,1987363.0,284591744.0
2019-12-27,3.46003922137771,3.474504268289824,3.367221837024977,3.378311706324265,3536533.0,499448384.0
2019-12-30,3.379999295130678,3.444368753889586,3.282842396704311,3.432314548129491,3300440.0,463481216.0
2019-12-31,3.4233944358670207,3.4687182495249784,3.4125456506829352,3.4258052770190397,1704545.0,242520768.0
2020-01-02,3.47402210005942,3.59938583996441,3.4065185478028877,3.583715372476286,5604590.0,818270464.0
2020-01-03,3.616261728028543,3.619154737410966,3.5113901379157153,3.521515670754195,3843399.0,566989824.0
2020-01-06,3.5077738761876867,3.5728665872922,3.471611258907401,3.5449008299287796,3541843.0,520394688.0
2020-01-07,3.527060605403839,3.5923944006235544,3.527060605403839,3.5851618771674976,2823728.0,417697184.0
2020-01-08,3.5678038208729608,3.5678038208729608,3.4935499133907744,3.5101847173397056,2798003.0,408884416.0
2020-01-09,3.5369450541271172,3.6451918218527712,3.527301689519041,3.637718214281512,4410892.0,657982656.0
2020-01-10,3.6492902518112036,3.7546440101544354,3.6403701395487333,3.7276425892518223,4857712.0,747012736.0
2020-01-13,3.7922531321259325,4.100358631353965,3.750304496080801,4.100358631353965,7903929.0,1297316352.0
2020-01-14,4.2599563156176234,4.2599563156176234,4.014291602226884,4.1454413608967196,7632449.0,1310068480.0
2020-01-15,4.113377173574867,4.157254482541613,4.034542667903844,4.104215977197194,4212389.0,714962240.0
2020-01-16,4.110725248307645,4.136039080403846,4.0743215469121585,4.131699566330211,3774823.0,644114496.0
2020-01-17,4.141825099168692,4.1702730247625155,4.050213135391968,4.062267341152063,3160159.0,535789216.0
2020-01-20,4.062508425267265,4.22789212829577,4.052865060659189,4.156531230196007,4629912.0,797457216.0
2020-01-21,4.103492724851589,4.24308042755349,4.103492724851589,4.134351491597433,3593233.0,620164480.0
2020-01-22,4.098671042547551,4.547810749168695,4.062267341152063,4.490914897981047,7702946.0,1393013760.0
2020-01-23,4.411839308194822,4.500799346704325,4.176541211757765,4.279001960718574,6292124.0,1131761408.0
2020-02-03,3.8510776562351965,3.8510776562351965,3.8510776562351965,3.8510776562351965,910300.0,145411328.0
2020-02-04,3.6644785510689237,4.093608276128311,3.6644785510689237,3.996451377701944,6785098.0,1113293696.0
2020-02-05,3.9778879008313974,4.150745211431161,3.9253315637173825,3.9696910409145323,5370275.0,897792000.0
2020-02-06,3.9315997507126323,4.071910705760139,3.921715301989354,4.02634580798698,4123102.0,682755840.0
2020-02-07,4.007782331116434,4.3293885407957715,3.9798165737530127,4.279243044833776,5604313.0,976353536.0
2020-02-10,4.197756613895533,4.415214485807649,4.197756613895533,4.26212607265444,4584815.0,812609472.0
2020-02-11,4.289609661787458,4.383150298485796,4.2189720160333,4.339514073634252,4429119.0,792722368.0
2020-02-12,4.329629624910973,4.390141737826651,4.253447044507173,4.367479830997672,4300088.0,770166656.0
2020-02-13,4.369167419804086,4.617725142577247,4.368926335688884,4.553114599703138,6133145.0,1151772544.0
2020-02-14,4.579392768260145,4.787689443794589,4.484405626870595,4.708372769893163,5960922.0,1155453824.0
2020-02-17,4.777322826840907,5.1792100468824795,4.673415573188887,5.1792100468824795,6795697.0,1405695104.0
2020-02-18,5.2828762164192975,5.303850534441863,5.017924773812406,5.2148904959323605,7422544.0,1593017856.0
2020-02-19,5.135091653800531,5.472127246852791,5.115563840469177,5.229114458729273,6244673.0,1371174016.0
2020-02-20,5.226703617577255,5.351826273367042,5.159441149435923,5.304091618557065,4839065.0,1056142912.0
2020-02-21,5.262384066627136,5.752266988717402,5.243579505641387,5.6633069502079,5860500.0,1356206080.0
2020-02-24,5.6633069502079,6.22961353681717,5.547345490795784,6.22961353681717,6162122.0,1544647296.0
2020-02-25,6.029995889429995,6.575087073901497,5.644020220991749,6.113893161520257,10935590.0,2774800128.0
2020-02-26,5.88245241092643,6.022281197743534,5.502503845368231,5.502503845368231,8620132.0,2024621696.0
2020-02-27,5.491896144299347,5.500575172446616,5.144976102523809,5.330369787114072,8039968.0,1780453120.0
2020-02-28,4.967056025504805,5.204523878978679,4.87906032345611,5.0044240633611,7865414.0,1647916544.0
2020-03-02,5.231525299881292,5.50491468652025,5.183308476840912,5.50491468652025,6377800.0,1411035392.0
2020-03-03,5.785536596615264,5.906078654216216,5.339530983491745,5.382443955997683,9136064.0,2138877696.0
2020-03-04,5.328682198307659,5.56952522939436,5.204523878978679,5.489485303147328,5620547.0,1258941184.0
2020-03-05,5.716586539667521,5.858343999406239,5.282394048188894,5.448501003563004,7217851.0,1659332480.0
2020-03-06,5.207416888361102,5.557229939519063,5.207416888361102,5.4962356583729814,4558188.0,1031055552.0
2020-03-09,5.424392592042815,5.665476707244717,5.256839131977492,5.397632255255403,5880547.0,1329137792.0
2020-03-10,5.315904740201958,5.937419589192464,5.315904740201958,5.937419589192464,8786541.0,2067824128.0
2020-03-11,6.005887477909805,6.340512229810045,5.935490916270848,5.955259813717404,8496695.0,2144303232.0
2020-03-12,5.765285530938304,6.039157085807667,5.713693530285098,6.036505160540446,6813375.0,1655384320.0
2020-03-13,5.689585118764907,6.345333912114083,5.689585118764907,6.233953050890804,7851648.0,1983405312.0
2020-03-16,6.292295406769664,6.4248916701307115,5.6105095289786835,5.769142876781536,8778641.0,2184138496.0
2020-03-17,5.88245241092643,5.954777645487001,5.213685075356351,5.534809116805286,8192998.0,1876096256.0
2020-03-18,5.617018800089135,5.6770487447744085,5.3385666470309365,5.380997451306472,6268596.0,1435319168.0
2020-03-19,5.327958945962053,5.631483847001249,4.9181159501188185,5.4822527796912714,8051412.0,1761912960.0
2020-03-20,5.544934649643766,5.569043061163956,4.961752174970363,5.0603555780879415,10031502.0,2151147776.0
2020-03-23,4.797573892517867,5.014549596199579,4.5564897773159645,4.624475497802901,7836969.0,1556961152.0
2020-03-24,4.7512857423991015,4.797091724287463,4.360729475772019,4.66497762915682,7092737.0,1366934528.0
2020-03-25,4.881953332838533,5.054328475207893,4.824093145190076,5.020576699079627,7320301.0,1500757632.0
2020-03-26,4.942224361639009,5.067105933313594,4.897623800326657,4.95259097859269,3550323.0,732072832.0
2020-03-27,5.110983242280341,5.135091653800531,4.9398135204869895,4.948251464519056,3769475.0,783789184.0
2020-03-30,4.81951254700124,4.900998977939483,4.628815011876535,4.810110266508366,4272154.0,845240192.0
2020-03-31,4.901481146169887,4.956689408551123,4.730070340261334,4.759482602315966,3630804.0,725021888.0
2020-04-01,4.773465480997677,4.908713669625945,4.6770318349169155,4.797573892517867,4077706.0,816905728.0
2020-04-02,4.767679462232831,5.110018905819533,4.749598153592688,5.073856288539248,5979499.0,1224809728.0
2020-04-03,5.000325633402667,5.083981821377727,4.956689408551123,5.002495390439484,3426761.0,711459008.0
2020-04-07,5.183308476840912,5.252981786134261,5.103509634709082,5.139431167874165,4990634.0,1068991680.0
2020-04-08,5.08687483076015,5.2845638052257105,5.065177260391979,5.219471094121197,4076005.0,880751104.0
2020-04-09,5.325548104810035,5.540112967339728,5.2797421229216726,5.425839096734026,4659286.0,1049221952.0
2020-04-10,5.472368330967993,5.657520931443054,5.320726422505996,5.446090162410986,5489677.0,1246011136.0
2020-04-13,5.361228553859916,5.421499582660392,5.110983242280341,5.157994644744711,4094363.0,884603520.0
2020-04-14,5.207416888361102,5.491172891953742,5.1592000653207215,5.448501003563004,4389546.0,972541696.0
2020-04-15,5.505637938865855,5.606893267250655,5.376175769002434,5.3865423859561155,3933110.0,893395968.0
2020-04-16,5.352067357482244,5.5099774529394905,5.263107318972741,5.4559746111342635,3503420.0,786866496.0
2020-04-17,5.528299845694835,5.65703876321265,5.493824817220962,5.549515247832602,5046741.0,1169023104.0
2020-04-20,5.545175733758968,5.733944595962058,5.525647920427613,5.700433903948993,3903903.0,918366976.0
2020-04-21,5.641368295724527,5.7573297551366425,5.542523808491747,5.739971698842106,3683283.0,863470528.0
2020-04-22,5.653422501484622,5.702121492755407,5.5208262381235755,5.612920370130702,3465545.0,803396544.0
2020-04-23,5.612920370130702,5.641127211609326,5.505879022981057,5.542523808491747,2414796.0,556521792.0
2020-04-24,5.542523808491747,5.638716370457305,5.371354086698396,5.442473900682957,2750790.0,625665280.0
2020-04-27,5.444884741834976,5.529987434501248,5.2768491135392495,5.414508143319536,2719265.0,609915840.0
2020-04-28,5.4653768916271375,5.654869006175834,5.364121563242339,5.52902309804044,3729141.0,857065792.0
2020-04-29,5.496958910718587,5.52010298577797,5.388229974762529,5.398355507601009,2653631.0,599072832.0
2020-04-30,5.45934978874709,5.752266988717402,5.45934978874709,5.626903248812413,4677249.0,1092860928.0
2020-05-06,5.549997416063006,5.949473794952559,5.542523808491747,5.9041499812946014,5296260.0,1264698112.0
2020-05-07,6.075319703087952,6.1172683391330835,5.870398205166334,5.9952797768409205,5202424.0,1292992896.0
2020-05-08,5.9952797768409205,6.212255480522633,5.9952797768409205,6.178985872624771,4441322.0,1128498560.0
2020-05-11,6.229131368586766,6.243355331383679,5.984189907541633,6.065676338479876,3847077.0,970414336.0
2020-05-12,6.064470917903867,6.184530807274413,5.929945981621205,6.15487746110458,3620345.0,916069312.0
2020-05-13,22.935628274870847,23.08583959929075,21.997754207274316,22.512764462428265,6478191.0,1152351360.0
2020-05-14,22.506453062242556,23.137593080813577,22.34235665741409,22.631418785919614,4814061.0,869123328.0
2020-05-15,22.85484235249376,23.92778038406449,22.50519078220541,23.108560639959308,6456507.0,1186168960.0
2020-05-18,23.099724679699314,23.099724679699314,21.08007662027205,21.410793990003267,12132893.0,2100752512.0
2020-05-19,21.422154510337545,21.780642040885883,21.10279766094061,21.624119316280268,6317385.0,1074889856.0
2020-05-20,21.640528956763116,21.885411283968672,21.146977462240578,21.44613783104324,4335461.0,738137664.0
2020-05-21,21.447400111080384,21.583726355091724,20.890734614700744,20.953848616557845,4541142.0,760958464.0
2020-05-22,20.966471416929267,21.206304623986256,20.259594596129727,20.423691000958193,4271887.0,699524480.0
2020-05-25,20.171234993529783,20.486805002815295,19.565340575701605,19.855664984244275,6356228.0,1001917632.0
2020-05-26,20.12579291219267,20.38582259984393,19.75468258127291,19.944024586844215,5827995.0,923035904.0
2020-05-27,19.985679828069905,19.99072894821847,19.04780576047337,19.07305136121621,6827548.0,1044846080.0
2020-05-28,19.086936441624772,19.388621370501717,18.75116995174499,19.22200040559897,4856243.0,734242048.0
2020-05-29,18.934200557130584,19.306573168087485,18.74485855155928,19.060428560844787,3084251.0,466259392.0
2020-06-01,19.199279364930412,20.022285949147022,19.199279364930412,19.831681663538575,6887240.0,1079760384.0
2020-06-02,20.007138588701316,20.02733506929559,19.629716857595845,19.855664984244275,4054859.0,636477824.0
2020-06-03,19.889746545247107,20.13210431237838,19.541357254995905,19.75468258127291,4944956.0,776086144.0
2020-06-04,19.80517378275859,19.90615618572995,19.5501932152559,19.632241417670134,2902102.0,452556032.0
2020-06-05,19.74205978090149,20.048793829927007,19.64486421804155,19.985679828069905,4158857.0,655630912.0
2020-06-08,20.197742874309764,20.688769808758018,19.981892987958478,20.005876308664178,5057258.0,815410432.0
2020-06-09,20.070252590558418,20.250758635869733,19.720601020270074,19.969270187587053,3998193.0,631577088.0
2020-06-10,19.944024586844215,19.944024586844215,19.354539809498885,19.43785029195026,5330145.0,822688064.0
2020-06-11,19.43406345183883,19.701666819712944,19.312884568273198,19.36463804979602,5269041.0,813094400.0
2020-06-12,18.92788915694487,19.335605608941755,18.684269109776462,19.27754072723322,5925700.0,892456256.0
2020-06-15,18.997314558987686,19.262393366787514,18.80797255341638,19.014986479507673,4352291.0,655311936.0
2020-06-16,19.331818768830328,20.43631380132961,19.331818768830328,20.171234993529783,10177163.0,1610744576.0
2020-06-17,20.32270859798683,20.38582259984393,19.779928182015748,20.12705519222981,6078829.0,961044096.0
2020-06-18,20.197742874309764,20.889472334663605,20.08287539092984,20.654688247755182,7496981.0,1216395008.0
2020-06-19,20.65973736790375,20.778391691395104,20.360576999101088,20.63322948712377,5446072.0,888776704.0
2020-06-22,20.761982050912255,21.000552977932102,20.499427803186713,20.57264004534095,6296976.0,1032934976.0
2020-06-23,20.43631380132961,20.52214884385527,19.889746545247107,20.113170111821248,6586562.0,1047070464.0
2020-06-24,20.096760471338403,21.288352826400487,20.080350830855558,21.09143714060633,10497378.0,1743383296.0
2020-06-29,20.947537216372137,20.952586336520707,20.575164605415235,20.879374094366465,6059854.0,996898624.0
2020-06-30,21.08007662027205,21.45244923122895,20.95637317663213,21.14571518220344,6460396.0,1083685504.0
2020-07-01,21.18484586335484,21.64684035694883,20.827620612843642,21.331270347663317,7725938.0,1303730432.0
2020-07-02,21.266894065769073,21.40826942992898,20.903357415072165,21.030847698823514,7738521.0,1292336256.0
2020-07-03,21.1835835833177,21.456236071340378,20.92986529585215,21.335057187774744,7450782.0,1253135616.0
2020-07-06,21.45244923122895,22.468584661128293,21.44613783104324,22.2136040936256,9750754.0,1699675264.0
2020-07-07,22.69453278777672,23.66775069641323,22.216128653699887,22.805613431045217,11317489.0,2064264448.0
2020-07-08,22.790466070599514,23.35218068712772,22.594812664842497,23.174199201890694,8306267.0,1519348736.0
2020-07-09,23.161576401519273,24.993144735412372,22.969709835873683,24.500855520926976,10808964.0,2065116416.0
2020-07-10,24.050221547667267,24.488232720555555,23.479670970879067,23.737176098456043,9911274.0,1877246976.0
2020-07-13,24.512216041261254,24.67757472612686,23.968173345253035,24.42890555880988,10125402.0,1947692160.0
2020-07-14,24.24839951349857,24.24839951349857,22.796777470785223,23.23226408359923,12528435.0,2322536960.0
2020-07-15,23.225952683413517,23.35218068712772,21.837444642557273,21.87657532370868,12366915.0,2189144576.0
2020-07-16,21.880362163820102,22.40547065927119,20.14598939278694,20.532247084152406,10727408.0,1803657600.0
2020-07-17,20.532247084152406,20.827620612843642,20.070252590558418,20.533509364189545,7477848.0,1210808960.0
2020-07-20,20.616819846640922,20.94375037626071,20.057629790187,20.85160393354934,7121129.0,1159511040.0
2020-07-21,20.95132405648356,21.131830101794876,20.573902325378093,20.783440811543674,5782918.0,953000128.0
2020-07-22,20.79606361191509,21.08007662027205,20.512050603558134,20.78975221172938,6987592.0,1152558336.0
2020-07-23,20.70139260912944,20.70139260912944,19.753420301235767,20.258332316092584,8663513.0,1384138624.0
2020-07-24,20.070252590558418,20.297462997243986,19.06169084088193,19.12354256270189,8312406.0,1288063616.0
2020-07-27,19.256081966601805,19.312884568273198,18.309371938745276,18.665334909219332,7997057.0,1185893120.0
2020-07-28,18.935462837167726,19.033920680064803,18.371223660565235,18.582024426767955,5832215.0,860971648.0
2020-07-29,18.629991068179354,19.43785029195026,18.62746650810507,19.405031010984562,7887119.0,1193403520.0
2020-07-30,19.56786513577589,19.603208976815868,19.065477680993354,19.26365564682466,5927307.0,903655104.0
2020-07-31,19.254819686564662,19.880910584987113,19.18665656455899,19.45678449250739,6570386.0,1016032448.0
2020-08-03,19.603208976815868,20.036171029555582,19.46435817273024,20.02607278925845,6934174.0,1090000896.0
2020-08-04,20.09549819130126,20.16744815341836,19.553980055367326,19.81779658313001,6435903.0,1009681280.0
2020-08-05,20.576426885452374,20.897046014886456,20.007138588701316,20.07656399074413,7644900.0,1231808384.0
2020-08-06,20.074039430669846,20.074039430669846,19.52747217458734,19.696617699564374,4985805.0,777013248.0
2020-08-07,19.565340575701605,19.647388778115836,18.681744549702177,19.04906804051051,5924462.0,897132480.0
2020-08-10,18.910217236424884,19.297737207827492,18.782726952673542,19.145001323333304,4285097.0,645732608.0
2020-08-11,19.168984644039007,19.240934606156102,18.74485855155928,18.762530472079266,4787330.0,718591552.0
2020-08-12,18.74485855155928,18.79534975304496,17.911753727045532,18.323257019153836,6560745.0,947391104.0
2020-08-13,18.521434984985138,18.521434984985138,18.111193972913973,18.17683253484536,3302989.0,477055488.0
2020-08-14,18.265192137445304,18.45453414301661,18.123816773285398,18.37374822063952,3888477.0,563062208.0
2020-08-17,18.37501050067666,18.736022591299285,18.32578157922812,18.684269109776462,5290450.0,777665472.0
2020-08-18,18.641351588513633,18.76505503215355,18.42928854227377,18.484828863908017,4603933.0,676405760.0
2020-08-19,18.46715694338803,18.47346834357374,17.873885325931273,17.911753727045532,6434473.0,921095552.0
2020-08-20,17.92690108749124,18.367436820453808,17.924376527416953,18.030408050536884,5497826.0,789557760.0
2020-08-21,18.237421976628177,18.301798258522425,17.461119753785827,17.608806518131445,7902796.0,1111292800.0
2020-08-24,17.608806518131445,18.010211569942612,16.829979735214806,17.791837123517038,8012126.0,1102469248.0
2020-08-25,17.794361683591323,18.26266757737102,17.793099403554184,18.18945533521678,6788908.0,969931264.0
2020-08-26,18.2020781355882,18.20838953577391,17.274302308288803,17.331104909960196,6779322.0,946594624.0
2020-08-27,17.293236508845933,17.594921437722878,17.09379626297749,17.32731806984877,4938745.0,678247488.0
2020-08-28,17.334891750071623,17.606281958057156,17.144287464463172,17.563364436794327,5020541.0,690632384.0
2020-08-31,17.602495117945733,18.043030850908305,17.490152194640093,17.50151271497437,5467822.0,769167936.0
2020-09-01,17.545692516274343,17.899130926674115,17.305859309217354,17.89155724645126,4384359.0,615356800.0
2020-09-02,18.03545717068545,18.037981730759736,17.608806518131445,17.760280122588487,3889580.0,547216512.0
2020-09-03,17.79814852370275,17.79814852370275,17.356350510703034,17.419464512560136,4407803.0,608694976.0
2020-09-04,17.103894503274628,17.716100321288515,17.040780501417526,17.432087312931557,4103055.0,566693504.0
2020-09-07,17.42703819278299,17.510348675234365,16.797160454249113,16.797160454249113,5500481.0,745616064.0
2020-09-08,16.79589817421197,16.910765657591895,15.555076897701346,15.649747900487,10864350.0,1372160128.0
2020-09-09,15.311456850532933,15.397291893058592,14.643710710884795,14.646235270959078,10456544.0,1237862784.0
2020-09-10,14.907527238647479,15.045115762695962,14.445532745053493,14.455630985350629,6724452.0,786871680.0
2020-09-11,14.444270465016352,14.680316831961912,14.396303823604955,14.66516947151621,5218616.0,602980416.0
2020-09-14,14.7850860750447,14.954231600021735,14.487187986279181,14.605842309770532,5122459.0,597402240.0
2020-09-15,14.642448430847653,14.879757077830355,14.40640206390209,14.718185233076174,5220420.0,605864768.0
2020-09-16,14.780036954896135,14.781299234933275,14.465729225647765,14.528843227504868,3524966.0,406355712.0
2020-09-17,14.527580947467726,15.709075062232674,14.200650417847939,15.469241855175687,10881941.0,1302725888.0
2020-09-18,15.21047444756157,15.363210332055756,14.960543000207446,15.293784930012944,7562398.0,908085376.0
2020-09-21,15.289998089901518,15.931236348769673,15.224359527970131,15.714124182381243,7672692.0,954630720.0
2020-09-22,15.500798856104238,15.712861902344102,15.387193652761455,15.460405894915693,3944115.0,485233280.0
2020-09-23,15.500798856104238,15.52604445684708,15.162507806150172,15.292522649975803,3543785.0,429939680.0
2020-09-24,15.032492962324543,15.185228846818728,14.806544835676117,14.841888676716094,4081722.0,482869024.0
2020-09-25,14.958018440133161,15.043853482658822,14.705562432704754,14.844413236790377,2623143.0,308504128.0
2020-09-28,14.77751239482185,15.084246443847366,14.579334428990549,14.828003596307532,3187507.0,375097376.0
2020-09-29,14.964329840318872,15.120852564924485,14.778774674858992,14.7850860750447,3474610.0,411342080.0
2020-09-30,14.854511477087515,14.936559679501746,14.61720283010481,14.705562432704754,2594950.0,303918720.0
2020-10-09,14.951707039947452,15.32912877105292,14.936559679501746,15.271063889344388,4970846.0,596837440.0
2020-10-12,15.475553255361397,15.967842469846794,15.462930454989976,15.967842469846794,6959380.0,871457664.0
2020-10-13,16.032218751741038,16.081447673189576,15.855499546541152,15.99056351051535,4501231.0,570305920.0
2020-10-14,15.90472846798969,15.90472846798969,15.407390133355728,15.513421656475659,5484849.0,677871616.0
2020-10-15,15.576535658332762,15.649747900487,15.38340681265003,15.52604445684708,3120258.0,382694336.0
2020-10-16,15.398554173095732,15.555076897701346,15.349325251647192,15.437684854247136,2590854.0,316556160.0
2020-10-19,15.57022425814705,15.715386462418385,15.178917446633019,15.191540247004438,3139163.0,383119872.0
2020-10-20,15.147360445704468,15.336702451275773,15.090557844033075,15.33417789120149,2477959.0,299080320.0
2020-10-21,15.337964731312915,15.374570852390034,14.711873832890463,14.787610635118988,4256347.0,502288352.0
2020-10-22,14.787610635118988,15.082984163810222,14.638661590736225,15.014821041804554,3143749.0,372533664.0
2020-10-23,15.120852564924485,15.207949887487286,14.579334428990549,14.638661590736225,3067479.0,359482368.0
2020-10-26,14.516220427133447,14.59069494932483,14.352124022304983,14.497286226576316,2241411.0,257095952.0
2020-10-27,14.451844145239203,14.75857819426472,14.347074902156415,14.723234353224742,2298366.0,264973072.0
2020-10-28,13.896440928896707,14.200650417847939,13.320841231959937,13.506396397419817,10511429.0,1138614784.0
2020-10-29,13.255202670028552,13.462216596119847,13.01284490289728,13.251415829917125,6034732.0,631820352.0
2020-10-30,13.392791194077033,14.12112677550799,13.367545593334194,13.60737880039118,7610451.0,828414016.0
2020-11-02,13.683115602619702,13.732344524068242,12.621538091383247,12.98255018200587,9507649.0,976174464.0
2020-11-03,12.983812462043012,13.497560437159823,12.904288819703066,13.325890352108505,6620145.0,698204224.0
2020-11-04,13.481150796676976,13.704574363251115,13.32967719221993,13.418036794819873,5125384.0,548913920.0
2020-11-05,13.670492802248281,14.642448430847653,13.453380635859851,14.599530909584821,12035481.0,1352529664.0
2020-11-06,14.520007267244875,14.99336228117314,14.520007267244875,14.795184315341837,10110304.0,1183180544.0
2020-11-09,15.399816453132875,15.856761826578294,15.14862272574161,15.765877663904067,12598339.0,1557868928.0
2020-11-10,15.778500464275487,15.778500464275487,15.147360445704468,15.199113927227291,7485096.0,910904832.0
2020-11-11,15.147360445704468,15.191540247004438,14.627301070401947,14.629825630476232,5817436.0,683647104.0
2020-11-12,14.85198691701323,15.1183280048502,14.680316831961912,14.836839556567528,4344072.0,511911968.0
2020-11-13,14.806544835676117,14.992100001135997,14.516220427133447,14.892379878201776,3881223.0,455203232.0
2020-11-16,14.89490443827606,14.964329840318872,14.494761666502033,14.503597626762028,4610772.0,532752192.0
2020-11-17,14.480876586093471,14.599530909584821,14.011308412276632,14.444270465016352,4829498.0,547399744.0
2020-11-18,14.453106425276346,14.588170389250543,13.695738402991124,13.697000683028266,7386738.0,821225792.0
2020-11-19,13.593493719982618,14.039078573093757,13.463478876156987,13.972177731125228,5193551.0,570515840.0
2020-11-20,13.96081721079095,14.112290815247995,13.747491884513947,13.859834807819587,3501410.0,384768320.0
2020-11-23,13.843425167336742,13.926735649788116,13.60106740020547,13.755065564736798,4167979.0,454121920.0
2020-11-24,13.840900607262459,13.94819441041953,13.646509481542584,13.693213842916839,3888978.0,424455776.0
2020-11-25,13.69447612295398,13.897703208933848,13.492511317011255,13.729819963993958,4398024.0,477756096.0
2020-11-26,13.751278724625372,13.794196245888202,13.468527996305555,13.501347277271249,3518087.0,378859552.0
2020-11-27,13.484937636788402,13.602329680242612,13.257727230102835,13.332201752294216,3972853.0,420944896.0
2020-11-30,13.333464032331356,13.578346359536912,13.19208866817145,13.473577116454123,4538750.0,482760288.0
2020-12-01,13.43949555545129,13.869933048116723,13.380168393705613,13.834589207076746,5544453.0,601494912.0
2020-12-02,13.885080408562429,13.964604050902377,13.645247201505441,13.91663740949098,5228119.0,572350912.0
2020-12-03,13.949456690456673,14.169093416919388,13.808081326296763,13.878769008376718,3773380.0,416696416.0
2020-12-04,13.859834807819587,14.237256538925058,13.809343606333908,14.174142537067956,5070814.0,567556416.0
2020-12-07,14.213273218219358,14.516220427133447,13.810605886371048,14.04160313316804,5276515.0,593114752.0
2020-12-08,13.885080408562429,13.94819441041953,13.553100758794073,13.63262440113402,4485711.0,485642368.0
2020-12-09,13.633886681171164,13.695738402991124,13.351135952851346,13.351135952851346,3294627.0,352487552.0
2020-12-10,13.318316671885654,13.63262440113402,13.281710550808533,13.492511317011255,2940699.0,314476576.0
2020-12-11,13.466003436231272,14.007521572165206,13.32967719221993,13.758852404848225,6804175.0,740316352.0
2020-12-14,13.766426085071076,14.364746822676404,13.695738402991124,14.364746822676404,7212359.0,810722752.0
2020-12-15,14.265026699742183,14.502335346724886,14.123651335582274,14.289010020447881,4931182.0,559145984.0
2020-12-16,14.277649500113602,14.879757077830355,14.238518818962199,14.723234353224742,7205959.0,835718592.0
2020-12-17,14.768676434561856,14.867134277458934,14.516220427133447,14.743430833819014,5242172.0,608710528.0
2020-12-18,14.863347437347509,14.99336228117314,13.910326009305269,14.020144372536626,7514809.0,851359616.0
2020-12-21,13.885080408562429,14.285223180336455,13.633886681171164,14.008783852202349,4641925.0,515121216.0
2020-12-22,13.885080408562429,13.96081721079095,13.394053474114175,13.41551223474559,5893093.0,636360576.0
2020-12-23,13.429397315154153,13.715934883585394,13.257727230102835,13.683115602619702,4821042.0,515194656.0
2020-12-24,13.63262440113402,13.809343606333908,13.453380635859851,13.468527996305555,2834871.0,304796512.0
2020-12-25,13.468527996305555,13.506396397419817,13.216071988877149,13.312005271699942,3643884.0,384568608.0
2020-12-28,13.250153549879983,13.250153549879983,12.875256378848798,12.935845820631616,4135140.0,425118112.0
2020-12-29,12.93332126055733,13.670492802248281,12.916911620074485,13.503871837345534,5803127.0,615894400.0
2020-12-30,13.418036794819873,13.611165640502605,13.190826388134306,13.5089209574941,4322358.0,458918304.0
2020-12-31,13.63262440113402,13.835851487113889,13.50765867745696,13.640198081356873,3939743.0,426365856.0
2021-01-04,13.640198081356873,14.160257456659394,13.561936719054065,14.119864495470848,6015856.0,663122048.0
2021-01-05,14.004997012090923,15.532355857032789,13.897703208933848,15.532355857032789,14450183.0,1700794240.0
2021-01-06,15.55129005758992,15.823942545612601,15.029968402250256,15.26727704923296,10562953.0,1284129408.0
2021-01-07,15.168819206335883,16.578786007823542,15.168819206335883,16.17738095601237,14718174.0,1868072832.0
2021-01-08,16.22787215749805,16.933486698260452,15.926187228621107,16.606556168640665,12337249.0,1619144704.0
2021-01-11,16.612867568826378,17.65677315954284,16.60403160856638,16.79589817421197,13826327.0,1884083200.0
2021-01-12,16.662096490274916,17.16700850513173,16.248068638092324,16.861536736143357,9092661.0,1207052416.0
2021-01-13,16.896880577183335,17.461119753785827,16.699964891389175,17.04204278145467,9328653.0,1259903744.0
2021-01-14,17.048354181640377,17.467431153971535,16.506836045706446,16.59014652815782,9569747.0,1286341632.0
2021-01-15,16.518196566040725,16.899405137257617,16.154659915343814,16.68986665109204,8764614.0,1150849920.0
2021-01-18,16.70880085164917,17.419464512560136,16.553540407080696,17.077386622494643,8098802.0,1092407808.0
2021-01-19,17.091271702903207,17.09884538312606,16.57247460763783,16.586359688046393,6103530.0,810412416.0
2021-01-20,16.59898248841781,16.59898248841781,16.056202072446737,16.2442817979809,6792680.0,874260224.0
2021-01-21,16.32633000039513,16.49168868526074,15.981727550255355,16.07892311311529,5415769.0,693911680.0
2021-01-22,16.094070473560997,16.1571844754181,15.582847058518471,15.770926784052634,7510283.0,939320384.0
2021-01-25,15.715386462418385,15.745681183309793,15.147360445704468,15.306407730384365,6696336.0,819945088.0
2021-01-26,15.350587531684337,16.155922195380956,15.34680069157291,15.46419273502712,7511266.0,932507712.0
2021-01-27,15.522257616735653,15.609354939298454,14.89490443827606,14.935297399464604,6975180.0,835475008.0
2021-01-28,14.644972990921936,14.865871997421792,14.01004613223949,14.017619812462343,7625035.0,866651328.0
2021-01-29,14.160257456659394,14.224633738553637,13.380168393705613,13.549313918682646,6899669.0,748173120.0
2021-02-01,13.572034959351202,14.013832972350915,13.418036794819873,13.641460361394014,5478773.0,592389440.0
2021-02-02,13.74370504440252,13.834589207076746,13.36628331329705,13.60737880039118,5097749.0,546242304.0
2021-02-03,13.530379718125515,13.982275971422364,13.317054391848512,13.506396397419817,6639073.0,717511744.0
2021-02-04,13.442020115525573,13.920424249602405,12.957304581263031,13.907801449230986,7647244.0,808728128.0
2021-02-05,13.784098005591066,13.86740848804244,13.381430673742756,13.396578034188458,5032912.0,541729728.0
2021-02-08,13.330939472257073,13.617477040688316,13.32967719221993,13.526592878014089,3791542.0,405920032.0
2021-02-09,13.608641080428322,14.339501221933562,13.394053474114175,14.23220741877649,6491311.0,710131840.0
2021-02-10,14.112290815247995,14.372320502899255,13.962079490828092,14.253666179407904,5038568.0,567659328.0
2021-02-18,14.470778345796335,14.768676434561856,14.3016328208193,14.343288062044989,5492066.0,632952640.0
2021-02-19,14.26376441970504,14.59195722936197,13.988587371608075,14.555351108284851,4781972.0,541925120.0
2021-02-22,14.559137948396279,14.974428080616008,14.396303823604955,14.49854850661346,5494140.0,638527936.0
2021-02-23,14.415238024162086,14.554088828247709,14.12112677550799,14.18928989751366,4088267.0,463863488.0
2021-02-24,14.213273218219358,14.841888676716094,14.18928989751366,14.627301070401947,6512231.0,753914752.0
2021-02-25,14.705562432704754,14.767414154524714,14.326878421562142,14.420287144310652,3734003.0,428661376.0
2021-02-26,14.112290815247995,14.420287144310652,13.8181795665939,13.886342688599571,4826572.0,537805376.0
2021-03-01,13.885080408562429,14.716922953039033,13.885080408562429,14.632350190550516,5028490.0,573326592.0
2021-03-02,14.59195722936197,14.705562432704754,14.37484506297354,14.53641690772772,3525707.0,405363744.0
2021-03-03,14.389992423419244,14.579334428990549,14.253666179407904,14.554088828247709,3322319.0,379260320.0
2021-03-04,14.440483624904926,14.680316831961912,14.169093416919388,14.206961818033648,3560332.0,403783392.0
2021-03-05,14.021406652573768,14.680316831961912,14.012570692313775,14.56671162861913,4498423.0,515214976.0
2021-03-08,14.655071231219072,15.066574523327377,14.427860824533505,14.440483624904926,5926096.0,694586368.0
2021-03-09,14.459417825462056,14.559137948396279,13.510183237531242,13.708361203362543,6188796.0,685375296.0
2021-03-10,13.926735649788116,13.945669850345247,13.351135952851346,13.37764383363133,4429135.0,473900096.0
2021-03-11,13.429397315154153,13.746229604476804,13.238793029545704,13.643984921468299,3407659.0,364377440.0
2021-03-12,13.63262440113402,13.63893580131973,13.351135952851346,13.433184155265579,2713692.0,289172320.0
2021-03-15,13.127712386277205,13.127712386277205,12.106527836229295,12.281984761392039,9330740.0,916882112.0
2021-03-16,12.155756757677835,12.268099680983477,11.549862339849657,11.621812301966752,9815458.0,914969856.0
2021-03-17,11.510731658698253,11.67609034356386,11.251964251084136,11.671041223415292,6179496.0,563345472.0
2021-03-18,11.634435102338173,11.67609034356386,11.461502737249713,11.495584298252547,4013684.0,366597440.0
2021-03-19,11.36052033427835,11.607927221558189,11.29866861245839,11.424896616172596,3657887.0,331624384.0
2021-03-22,11.41479837587546,11.548600059812514,11.371880854612629,11.511993938735396,2546326.0,231638272.0
2021-03-23,11.566271980332502,11.745515745606673,11.515780778846821,11.611714061669616,3320574.0,305815872.0
2021-03-24,11.5511246198868,11.562485140221076,11.334012453498369,11.36052033427835,2803473.0,252956800.0
2021-03-25,11.33527473353551,11.442568536692583,11.29866861245839,11.399651015429754,1880344.0,169756816.0
2021-03-26,11.419847496024026,11.442568536692583,10.956590722392898,11.272160731678408,6604706.0,583365504.0
2021-03-29,11.310029132792668,11.42237205609831,11.177489728892755,11.209046729821306,3629636.0,323940704.0
2021-03-30,11.209046729821306,11.278472131864117,11.01339332406429,11.21157128989559,3419452.0,302195264.0
2021-03-31,11.222931810229868,11.249439691009853,11.00708192387858,11.111851166961369,2713934.0,238627904.0
2021-04-01,11.196423929449885,11.44635537680401,11.120687127221363,11.388290495095475,4400722.0,394910368.0
2021-04-02,11.486748337992555,11.860383228986597,11.486748337992555,11.85533410883803,6171838.0,574771328.0
2021-04-06,11.981562112552234,12.005545433257932,11.614238621743901,11.64453334263531,3734782.0,346350272.0
2021-04-07,11.652107022858162,11.674828063526718,11.411011535764032,11.568796540406789,2830847.0,258703232.0
2021-04-08,11.547337779775372,11.713958744678122,11.448879936878294,11.493059738178264,2436911.0,223422960.0
2021-04-09,11.46528957736114,11.578894780703925,11.408486975689748,11.44635537680401,2004137.0,181917856.0
2021-04-12,11.448879936878294,11.45266677698972,11.05757312536426,11.073982765847108,3385500.0,300748768.0
2021-04-13,10.476924308278923,10.485760268538916,9.96696317327354,9.984635093793527,10035362.0,811638080.0
2021-04-14,9.972012293422107,10.093191176987743,9.884914970859308,10.059109615984909,4368696.0,346199072.0
2021-04-15,9.990946493979239,10.055322775873481,9.908898291565006,9.944242132604984,3099521.0,244689840.0
2021-04-16,9.908898291565006,10.035126295279209,9.902586891379295,9.964438613199254,2891139.0,228578160.0
2021-04-19,9.961914053124971,10.298942823041896,9.918996531862142,10.256025301779067,4112834.0,330173984.0
2021-04-20,10.211845500479097,10.336811224156158,10.155042898807704,10.186599899736255,2539810.0,205812800.0
2021-04-21,10.170190259253406,10.330499823970447,10.04774909565063,10.221943740776233,2638991.0,212987808.0
2021-04-22,10.228255140961942,10.521104109578895,10.228255140961942,10.293893702893328,3078061.0,252874608.0
2021-04-23,10.281270902521907,10.375941905307561,10.15882973891913,10.25854986185335,2066441.0,168074432.0
2021-04-26,10.25854986185335,10.401187506050402,10.07299469639347,10.076781536504896,3225654.0,261730368.0
2021-04-27,10.076781536504896,10.14746921858485,9.897537771230727,9.917734251825,2829770.0,223456176.0
2021-04-28,9.918996531862142,10.365843665010425,9.785194847925085,10.223206020813373,4211204.0,336942496.0
2021-04-29,10.180288499550544,10.447891867424657,10.155042898807704,10.218156900664805,3088268.0,251467744.0
2021-04-30,10.274959502336198,10.274959502336198,9.956864932976403,10.019978934833505,2817478.0,225103792.0
2021-05-06,9.99725789416495,10.180288499550544,9.859669370116466,9.959389493050688,2155715.0,171341872.0
2021-05-07,9.994733334090665,10.061634176059192,9.795293088222222,9.830636929262198,2868673.0,224343328.0
2021-05-10,9.792768528147938,9.792768528147938,9.51506691997669,9.539050240682387,3305808.0,251293024.0
2021-05-11,9.488559039196707,9.896275491193586,9.451952918119588,9.87355445052503,3174490.0,243552416.0
2021-05-12,9.845784289707904,10.210583220441952,9.77509660762795,10.104551697322021,3455120.0,275158592.0
2021-05-13,10.084355216727749,10.331762104007588,9.983372813756386,10.04774909565063,3391313.0,272665984.0
2021-05-14,9.99725789416495,10.237091101221935,9.944242132604984,10.163878859067697,3142067.0,251720016.0
2021-05-17,10.224468300850516,10.403712066124685,10.143682378473425,10.167665699179123,3357724.0,272806880.0
2021-05-18,10.112125377544874,10.224468300850516,9.97453685349639,10.195435859996248,2048459.0,163873840.0
2021-05-19,10.235828821184795,10.253500741704784,10.079306096579181,10.186599899736255,1885256.0,151845184.0
2021-05-20,10.213107780516237,10.298942823041896,10.133584138176289,10.249713901593356,2453448.0,198695152.0
2021-05-21,10.24087794133336,10.319139303636168,9.941717572530699,9.956864932976403,3054338.0,243681040.0
2021-05-24,9.945504412642126,10.403712066124685,9.820538688965062,10.401187506050402,5189793.0,420453984.0
2021-05-25,10.386040145604698,10.540038310136024,10.35069630456472,10.498383068910337,4625974.0,383682528.0
2021-05-26,10.499645348947482,10.596840911807417,10.398662945976117,10.421383986644674,3554437.0,295118528.0
2021-05-27,10.468088348018929,11.092916966404237,10.4251708267561,10.902312680795792,8152169.0,701120768.0
2021-05-28,10.855608319421535,10.893476720535796,10.65364351347881,10.707921555075917,4892029.0,415560992.0
2021-05-31,10.706659275038774,10.97552492295003,10.70413471496449,10.940181081910051,4261752.0,368479808.0
2021-06-01,12.191986173957032,12.277046542612545,11.93680506799049,12.071483985028387,4112893.0,350787616.0
2021-06-02,12.070066312217461,12.09416675000319,11.694383017322274,11.7071420726206,4197557.0,350304896.0
2021-06-03,11.806379169385368,12.167885736171302,11.702889054187825,11.884351173986255,4224041.0,356669600.0
2021-06-04,11.847491680902198,12.312488362885675,11.810632187818143,12.24018704952849,5932565.0,507757728.0
2021-06-07,12.47268539052023,13.212710597823202,12.461344008032826,13.12056186511306,9243447.0,840535488.0
2021-06-08,13.12056186511306,13.839321980252157,12.940517418125557,13.51325723373935,10268098.0,974328640.0
2021-06-09,13.482068431898997,13.548699054012483,13.036919169268472,13.092208408894555,6406554.0,596749888.0
2021-06-10,13.066690298297903,13.324706749886294,13.008565713049968,13.148915321331566,5415710.0,501732000.0
2021-06-11,13.253823109340033,13.253823109340033,12.759055298327127,12.849786358226341,6267691.0,572087360.0
2021-06-15,12.886645851310398,13.219798961877828,12.854039376659117,13.031248478024771,3996184.0,367696704.0
2021-06-16,13.025577786781069,13.455132648491416,12.933429054070931,13.066690298297903,4569490.0,424648032.0
2021-06-17,12.943352763747406,13.649353823588175,12.907910943474276,13.6451008051554,7096920.0,671104448.0
2021-06-18,13.652189169210024,13.708896081647035,13.276505874314838,13.354477878915725,4744671.0,448526048.0
2021-06-21,13.184357141604696,13.25240543652911,12.90082257941965,13.190027832848399,4588840.0,423952480.0
2021-06-22,13.190027832848399,13.381413662323304,12.983047602453313,13.351642533293877,4073651.0,379154976.0
2021-06-23,13.3530602061048,13.88610518301269,13.283594238369464,13.776944376571446,7443486.0,719655232.0
2021-06-24,14.247611749798624,15.154922348790777,14.247611749798624,15.154922348790777,9776309.0,1029959168.0
2021-06-25,15.210211588416861,15.645437141370907,14.746632579244306,15.571718155202795,14014120.0,1514683392.0
2021-06-28,15.452633639085075,15.792875113707133,15.069861980135261,15.551870735849842,8194069.0,889670848.0
2021-06-29,15.452633639085075,15.54336469898429,15.095380090731917,15.112392164463017,6196590.0,666889280.0
2021-06-30,15.154922348790777,15.821228569925635,15.154922348790777,15.75459794781215,6979951.0,768453120.0
2021-07-01,15.863758754253395,15.863758754253395,15.129404238194121,15.152087003168925,4611438.0,502086496.0
2021-07-02,14.913917970933486,15.357649560753083,14.889817533147756,15.076950344189887,4711418.0,503442560.0
2021-07-05,15.210211588416861,15.594400920177598,15.076950344189887,15.356231887942158,3759382.0,405512992.0
2021-07-06,15.367573270429562,15.485240113736356,15.027331795807504,15.224388316526111,3723881.0,399421952.0
2021-07-07,15.224388316526111,15.350561196698457,15.027331795807504,15.249906427122765,2916033.0,313421056.0
2021-07-08,15.353396542320308,15.395926726648065,15.125151219761346,15.309448685181625,3921007.0,421686848.0
2021-07-09,15.166263731278178,15.499416841845607,14.602029952529934,15.438456910975823,6066889.0,646137344.0
2021-07-12,15.434203892543048,15.560376772715394,15.126568892572271,15.15350467597985,4193447.0,451218464.0
2021-07-13,15.078368017000813,16.246530413203207,14.957865828072169,16.050891565295526,8298720.0,919700480.0
2021-07-14,15.892112210471897,16.545659376308432,15.591565574555748,15.60857764828685,6422280.0,729835840.0
2021-07-15,15.66528456072386,16.001273016913142,15.268336173664794,15.466810367194327,3992068.0,438269440.0
2021-07-16,15.482404768114504,15.669537579156636,15.12373354695042,15.489493132169132,3982869.0,432597856.0
2021-07-19,15.490910804980055,16.443586933921814,15.25415944555554,16.178482118278797,5800951.0,655047872.0
2021-07-20,16.16147004454769,16.16147004454769,15.750344929379374,16.03387949156442,3848669.0,432098272.0
2021-07-21,16.130281242707337,16.42090416894701,15.879353155173572,16.16855840860232,4299833.0,490900896.0
2021-07-22,16.246530413203207,17.104222463812977,16.245112740392283,16.905748270283443,7565196.0,894674304.0
2021-07-23,17.29560829328788,17.357985896968593,16.59669559750174,16.827776265682555,4932405.0,585485376.0
2021-07-26,16.85896506752291,17.101387118191123,15.977172579127412,16.51305290165715,5769205.0,674948864.0
2021-07-27,16.44500460673274,17.862677417657977,16.331590781858722,16.99647933018266,9785410.0,1187679488.0
2021-07-28,16.459181334841993,16.61370767123284,15.353396542320308,16.17422909984602,7205328.0,819432448.0
2021-07-29,16.51872359290085,16.941190090556574,16.359944238077226,16.8135995375733,6117515.0,720520640.0
2021-07-30,16.795169791031274,17.328214767939162,16.515888247279,17.238901380850873,6242459.0,750420992.0
2021-08-02,17.437375574380404,17.95624382317904,16.878812486875862,17.4033514269182,7543020.0,929931328.0
2021-08-03,17.139664284086106,17.642938131964566,16.38829769429573,16.432245551434413,7195117.0,857718528.0
2021-08-04,16.5102175560353,16.89724223341789,16.354273546833525,16.583936542203414,4940193.0,579434688.0
2021-08-05,16.6448964730732,17.009238385480984,15.87084711830802,15.889276864850048,6551504.0,753367616.0
2021-08-06,15.60857764828685,15.987096288803889,15.044343869538608,15.122315874139495,7711833.0,831118848.0
2021-08-09,15.116645182895793,15.353396542320308,14.60344762534086,15.353396542320308,5923922.0,622532288.0
2021-08-10,15.353396542320308,15.566047463959093,15.067026634513411,15.252741772744617,3634198.0,392111392.0
2021-08-11,15.069861980135261,15.214464606849635,14.82318691103427,14.93660073590829,3251673.0,342870144.0
2021-08-12,14.748050252055233,15.232894353391664,14.748050252055233,14.875640805038504,2547835.0,269043968.0
2021-08-13,14.862881749740177,14.956448155261242,14.502792855765167,14.509881219819793,3345583.0,346408576.0
2021-08-16,14.460262671437409,14.695596358050999,14.261788477907876,14.31140702629026,3193036.0,325504928.0
2021-08-17,14.31140702629026,14.386543685269297,13.574217164609136,13.595482256773016,6012230.0,588866240.0
2021-08-18,13.612494330504118,13.751426265974791,13.297770966478716,13.439538247571239,3776842.0,359449664.0
2021-08-19,13.538775344336006,13.857751726794184,13.439538247571239,13.524598616226754,3116083.0,299242048.0
2021-08-20,13.07944935359623,13.618165021747819,12.795914791411183,13.601152948016717,4007096.0,378939776.0
2021-08-23,13.750008593163866,13.750008593163866,13.443791266004014,13.664948224508352,2683916.0,257679440.0
2021-08-24,13.808133178411802,14.159716035521258,13.584140874285612,14.10867981432795,3544325.0,347582176.0
2021-08-25,14.036378500970764,14.173892763630512,13.691884007915931,13.720237464134437,2737266.0,267309184.0
2021-08-26,13.822309906521053,13.86484009084881,13.567128800554512,13.741502556298316,1850917.0,179447584.0
2021-08-27,13.643683132344472,13.723072809756287,13.50758654249565,13.567128800554512,1709282.0,163556960.0
2021-08-30,13.734414192243689,13.734414192243689,13.017071749915518,13.127650229167687,3413892.0,319453568.0
2021-08-31,13.121979537923988,13.249570090907257,12.710854422755668,12.96320018310036,3250273.0,296573952.0
2021-09-01,12.914999307528902,12.994388984940715,12.6002759435035,12.84695101260449,2671761.0,240882960.0
2021-09-02,12.814344537953211,12.961782510289435,12.617288017234602,12.66265354718421,2738672.0,246085392.0
2021-09-03,12.637135436587556,13.068107971108828,12.622958708478304,12.810091519520434,2035814.0,184039472.0
2021-09-06,12.825685920440613,13.354477878915725,12.68958933059179,13.348807187672024,3097123.0,287386976.0
2021-09-07,13.316200713020745,13.503333524062874,13.184357141604696,13.309112348966117,2342197.0,219385456.0
2021-09-08,13.297770966478716,13.37432529826868,13.136156266033238,13.368654607024977,2066659.0,193079440.0
2021-09-09,13.370072279835902,13.381413662323304,13.113473501058435,13.225469653121529,1492274.0,138906928.0
2021-09-10,13.23397568998708,13.467891703789745,12.971706219965911,13.313365367398893,2589879.0,241966352.0
2021-09-13,13.255240782150958,13.411184791352733,12.961782510289435,13.014236404293667,1973873.0,182894512.0
2021-09-14,13.014236404293667,13.564293454932661,12.964617855911285,13.199951542524875,2876269.0,269930560.0
2021-09-15,13.129067901978612,13.309112348966117,12.951858800612959,13.12056186511306,1907472.0,176241104.0
2021-09-16,13.070943316730679,13.104967464192883,12.760472971138052,12.78740875454563,1906834.0,173351728.0
2021-09-17,12.78740875454563,13.042589860512173,12.760472971138052,13.026995459591996,1569928.0,143410016.0
2021-09-22,12.93626439969278,13.467891703789745,12.807256173898585,13.379995989512379,2131663.0,199245712.0
2021-09-23,13.453714975680493,13.90028191112194,13.26374681901651,13.734414192243689,3380416.0,325231712.0
2021-09-24,13.666365897319277,13.822309906521053,13.511839560928427,13.622418040180595,1811031.0,174588000.0
2021-09-27,13.964077187613578,14.1058444687061,13.385666680756081,13.56145810931081,2538031.0,244918448.0
2021-09-28,13.56145810931081,13.715984445701661,13.326124422697221,13.564293454932661,1698332.0,162260512.0
2021-09-29,13.401261081676259,13.467891703789745,13.124814883545836,13.241064054041708,1949320.0,182232160.0
2021-09-30,13.184357141604696,13.550116726823408,13.184357141604696,13.44237359319309,1298522.0,123088624.0
2021-10-08,13.540193017146931,13.747173247542015,13.41543780978551,13.550116726823408,1232551.0,117826360.0
2021-10-11,13.467891703789745,13.673454261373903,13.41260246416366,13.44237359319309,1208005.0,115156256.0
2021-10-12,13.411184791352733,13.411184791352733,12.883810505688546,13.041172187701248,1909636.0,176208560.0
2021-10-13,13.042589860512173,13.158839031008041,12.92208767158353,13.13899161165509,854643.0,78719720.0
2021-10-14,13.170180413495446,13.25240543652911,13.014236404293667,13.05251357018865,649244.0,60040036.0
2021-10-15,13.042589860512173,13.262329146205584,12.930593708449079,13.109220482625659,1043646.0,96682792.0
2021-10-18,13.096461427327332,13.107802809814734,12.788826427356556,12.863963086335593,1336233.0,121205112.0
2021-10-19,12.865380759146518,13.039754514890323,12.84411566698264,12.944770436558333,1062791.0,97047800.0
2021-10-20,12.943352763747406,13.039754514890323,12.872469123201144,12.872469123201144,895654.0,81610632.0
2021-10-21,12.934846726881855,12.966035528722209,12.614452671612753,12.617288017234602,1766572.0,158296208.0
2021-10-22,12.66265354718421,12.784573408923782,12.471267717709303,12.645641473453107,1546631.0,137664480.0
2021-10-25,12.65981820156236,12.666906565616985,12.12110253341077,12.267122832936069,3005594.0,259739312.0
2021-10-26,12.255781450448668,13.068107971108828,12.217504284553687,12.780320390491005,3478313.0,311708704.0
2021-10-27,12.780320390491005,12.78740875454563,12.398966404352116,12.496785828305958,1576340.0,139409376.0
2021-10-28,12.496785828305958,12.712272095566593,12.36210691126806,12.383372003431937,1349766.0,119327384.0
2021-10-29,12.478356081763929,12.601693616314424,12.264287487314219,12.593187579448873,1452246.0,128042528.0
2021-11-01,13.852081035550482,13.852081035550482,13.852081035550482,13.852081035550482,2102751.0,205459808.0
2021-11-02,14.997560666778075,15.23714737182444,14.637471772803064,15.23714737182444,7473444.0,798268608.0
2021-11-03,15.12373354695042,15.683714307265888,15.007484376454551,15.242818063068139,16759134.0,1816488064.0
2021-11-04,15.592983247366673,15.821228569925635,15.274006864908495,15.737585874081049,9799022.0,1081257472.0
2021-11-05,15.611412993908703,16.303237325640218,15.523517279631337,15.99843767129129,7678606.0,865240512.0
2021-11-08,15.865176427064318,15.962995851018158,15.333549122967355,15.50792287871116,6851056.0,749379968.0
2021-11-09,15.558959099904468,15.619919030774254,15.244235735879066,15.56746513677002,5815468.0,634346560.0
2021-11-10,15.509340551522085,15.734750528459196,15.32929610453458,15.571718155202795,3415037.0,373464768.0
2021-11-11,15.520681934009486,15.669537579156636,15.282512901774046,15.395926726648065,4103368.0,447156448.0
2021-11-12,15.461139675950626,15.79003976808528,15.381749998538814,15.550453063038916,5223311.0,573653248.0
2021-11-15,15.527770298064112,16.127445897085487,15.452633639085075,15.839658316467665,5934213.0,664322752.0
2021-11-16,15.781533731219728,16.228100666661177,15.704979399429767,15.737585874081049,5615733.0,634717504.0
2021-11-17,15.685131980076815,16.014032072211467,15.65961386948016,16.008361380967767,4048579.0,453427072.0
2021-11-18,15.916212648257627,16.172811427035093,15.736168201270122,15.833987625223964,4300620.0,484353120.0
2021-11-19,15.751762602190299,15.962995851018158,15.680878961644037,15.866594099875243,3446732.0,385396576.0
2021-11-22,15.90061824733745,16.116104514598085,15.72766216440457,16.03387949156442,4807705.0,540621632.0
2021-11-23,15.926136357934105,15.987096288803889,15.566047463959093,15.578806519257421,6702429.0,743687872.0
2021-11-24,15.578806519257421,16.07640967589218,15.39734439945899,15.642601795749057,6107954.0,678663744.0
2021-11-25,15.551870735849842,15.771610021543253,15.281095228963123,15.357649560753083,3834967.0,417742944.0
2021-11-26,15.298107302694223,15.534858662118738,15.051432233593234,15.222970643715186,3323366.0,357441856.0
2021-11-29,15.222970643715186,15.380332325727887,14.843034330387225,14.984801611479748,4628707.0,489242144.0
2021-11-30,15.081203362622663,15.452633639085075,14.848705021630924,14.88556451471498,4360993.0,463185472.0
2021-12-01,14.800504146059467,15.268336173664794,14.800504146059467,14.989054629912523,2828100.0,299694848.0
2021-12-02,14.963536519315868,15.095380090731917,14.685672648374522,14.86146407692925,2895101.0,304170752.0
2021-12-03,14.862881749740177,15.210211588416861,14.743797233622457,15.09679776354284,3256769.0,345924544.0
2021-12-06,15.166263731278178,15.166263731278178,14.580764860366054,14.67433126588712,2712504.0,283801632.0
2021-12-07,14.793415782004839,14.922424007799037,14.438997579273531,14.482945436412212,2647704.0,272855360.0
2021-12-08,14.51696958387442,15.231476680580737,14.51696958387442,15.139327947870598,3754777.0,397578752.0
2021-12-09,15.154922348790777,15.536276334929664,14.970624883370494,15.502252187467457,4015798.0,435727808.0
2021-12-10,15.488075459358205,15.488075459358205,15.112392164463017,15.179022786576503,2771078.0,297700512.0
2021-12-13,15.295271957072373,15.924718685123178,15.23998271744629,15.605742302665,3678793.0,405732960.0
2021-12-14,15.452633639085075,15.792875113707133,15.452633639085075,15.537694007740589,2318681.0,254927920.0
2021-12-15,15.435621565353971,15.71915612753902,15.405850436324542,15.595818592988524,2455976.0,269790208.0
2021-12-16,15.675208270400336,15.761686311866777,15.431368546921195,15.537694007740589,1751955.0,192210208.0
2021-12-17,15.522099606820412,15.566047463959093,14.987636957101596,15.129404238194121,2951162.0,315541504.0
2021-12-20,15.008902049265476,15.391673708215288,14.64739548247954,14.70410239491655,2162449.0,227604480.0
2021-12-21,14.715443777403951,14.850122694441849,14.583600205987906,14.661572210588794,2040795.0,211487984.0
2021-12-22,14.687090321185446,16.099092440866983,14.619042026261036,15.792875113707133,6793706.0,747320832.0
2021-12-23,15.792875113707133,16.686008984590032,15.707814745051618,16.456345989220143,7434415.0,861174208.0
2021-12-24,16.586771887825265,16.912836634338067,16.416651150514234,16.72428615048501,5481531.0,645085056.0
2021-12-27,16.72428615048501,16.798005136653124,16.327337763425945,16.38829769429573,2685523.0,312489888.0
2021-12-28,16.515888247279,16.841952993791807,16.44216926111089,16.697350367077433,4809200.0,565881856.0
2021-12-29,16.589607233447115,16.799422809464048,16.352855874022598,16.51872359290085,4295398.0,500702880.0
2021-12-30,16.59102490625804,17.468564376220762,16.44500460673274,17.139664284086106,5815194.0,703969664.0
2021-12-31,17.163764721871836,17.329632440750085,16.942607763367498,17.270090182691227,3544732.0,429674272.0
2022-01-04,17.182194468413865,17.542283362388872,16.952531473043976,17.31403803982991,3490977.0,424564160.0
2022-01-05,17.026250459212086,17.27859621955678,16.443586933921814,16.768234007623693,4833085.0,570669632.0
2022-01-06,16.61370767123284,16.841952993791807,16.16147004454769,16.44500460673274,3153967.0,364604576.0
2022-01-07,16.365614929320927,16.664743892426152,16.191241173577122,16.229518339472104,1690959.0,195385632.0
2022-01-10,16.230936012283028,16.511635228846227,15.60857764828685,16.450675297976442,3647531.0,415136768.0
2022-01-11,16.357108892455376,16.538571012253804,15.977172579127412,15.99560232566944,2003664.0,228523136.0
2022-01-12,16.127445897085487,16.416651150514234,15.310866357992552,16.1954941920099,2488070.0,283806624.0
2022-01-13,16.1954941920099,16.1954941920099,15.530605643685963,15.594400920177598,2207226.0,245132976.0
2022-01-14,15.592983247366673,15.999855344102215,15.383167671349739,15.617083685152402,2198658.0,243747776.0
2022-01-17,15.617083685152402,16.218176956984703,15.468228040005252,15.991349307236664,2422885.0,273390240.0
2022-01-18,15.948819122908908,16.93268405369102,15.828316933980263,16.460599007652917,4276902.0,499796320.0
2022-01-19,16.446422279543665,16.646314145884123,16.229518339472104,16.345767509967974,3005665.0,348114272.0
2022-01-20,16.30465499845114,17.063109952296145,16.303237325640218,17.041844860132265,6370909.0,762232640.0
2022-01-21,16.934101726501947,17.068780643539846,16.218176956984703,16.338679145913346,4566909.0,533626112.0
2022-01-24,16.357108892455376,16.585354215014338,16.135951933951038,16.357108892455376,2567183.0,295255040.0
2022-01-25,16.269213178178013,17.010656058291907,16.056562256539227,16.140204952383815,5093945.0,592892032.0
2022-01-26,16.0551445837283,16.524394284144552,16.040967855619048,16.47477573576217,3481396.0,402321248.0
2022-01-27,16.374120966186478,16.61512534404377,16.205417901686374,16.48044642700587,3215401.0,373764160.0
2022-01-28,16.48044642700587,17.012073731102834,15.877935482362645,16.75689262513629,4547864.0,532282560.0
2022-02-07,16.749804261081668,17.044680205754116,15.252741772744617,16.768234007623693,7339029.0,840164736.0
2022-02-08,16.52581195695548,16.572595159716013,15.622754376396104,15.87084711830802,3924344.0,441887424.0
2022-02-09,15.712067763484393,16.059397602161077,15.492328477790982,15.8977829017156,2457810.0,274136608.0
2022-02-10,16.515888247279,17.023415113590236,16.289060597530966,16.515888247279,5252925.0,618288576.0
2022-02-11,16.44500460673274,16.5102175560353,15.934642394799656,16.310325689694842,3787558.0,431612000.0
2022-02-14,16.09058640400143,16.354273546833525,15.733332855648273,15.977172579127412,3136737.0,353782144.0
2022-02-15,15.890694537660973,16.286225251909112,15.889276864850048,15.985678615992965,1848764.0,209075104.0
2022-02-16,16.080662694324957,16.09058640400143,15.663866887912935,15.678043616022189,1978953.0,220290912.0
2022-02-17,15.679461288833112,16.211088592930075,15.577388846446494,15.856670390198767,2061502.0,230693488.0
2022-02-18,15.702144053807917,15.731915182837346,15.286765920206822,15.417191818811943,2701984.0,293625152.0
2022-02-21,15.417191818811943,15.982843270371113,15.336384468589207,15.886441519228198,2829199.0,313574720.0
2022-02-22,15.761686311866777,15.819810897114712,15.42428018286657,15.580224192068346,2309363.0,253817008.0
2022-02-23,15.452633639085075,16.728539168917788,15.438456910975823,16.547077049119356,4944131.0,571661568.0
2022-02-24,16.392550712728507,16.728539168917788,15.907706611392074,16.20967092011915,3193905.0,365967616.0
2022-02-25,16.44500460673274,16.622213708098396,16.229518339472104,16.571177486905086,2994537.0,348682464.0
2022-02-28,16.586771887825265,16.728539168917788,16.338679145913346,16.59386025187989,1718724.0,200149872.0
2022-03-01,16.586771887825265,16.720033132052237,16.26070714131246,16.464852026085694,1817619.0,210726768.0
2022-03-02,16.331590781858722,16.338679145913346,15.99276698004759,16.019702763455168,2437973.0,276837792.0
2022-03-03,16.123192878652713,16.2011648832536,15.454051311896,15.496581496223758,2550607.0,281946784.0
2022-03-04,15.459722003139701,15.795710459328982,15.438456910975823,15.60857764828685,1542249.0,170223728.0
2022-03-07,15.601489284232224,15.601489284232224,14.92384168060996,15.015990413320102,2761326.0,295097824.0
2022-03-08,15.015990413320102,15.09112707229914,14.13278025211368,14.515551911063493,4191495.0,428262880.0
2022-03-09,14.460262671437409,14.772150689840961,13.894611219878241,14.247611749798624,2908964.0,293565792.0
2022-03-10,14.743797233622457,14.743797233622457,14.2575354594751,14.362443247483569,2019896.0,205594464.0
2022-03-11,14.145539307412006,14.393632049323923,13.904534929554716,14.375202302781895,2248209.0,224396752.0
2022-03-14,14.20082854703809,14.288724261315457,13.605405966449492,13.618165021747819,3174658.0,309652736.0
2022-03-15,13.484903777520847,13.904534929554716,13.212710597823202,13.411184791352733,3084101.0,294748640.0
2022-03-16,13.751426265974791,13.893193547067314,13.039754514890323,13.611076657693193,2957485.0,279507104.0
2022-03-17,13.92154700328582,14.389379030891147,13.812386196844578,14.146956980222933,3212985.0,319327264.0
2022-03-18,14.176728109252362,14.176728109252362,13.738667210676464,13.893193547067314,1865208.0,183147648.0
2022-03-21,13.930053040151371,14.063314284378343,13.79962714154625,13.86484009084881,1573090.0,154259456.0
2022-03-22,13.86200474522696,13.86200474522696,13.517510252172126,13.57279949179821,2400363.0,230840944.0
2022-03-23,13.579887855852839,13.832233616197529,13.482068431898997,13.792538777491623,2004757.0,193569248.0
2022-03-24,13.68054262542853,13.706060736025185,13.425361519461987,13.567128800554512,1568255.0,149716464.0
2022-03-25,13.62383571299152,13.670618915752053,13.31194769458797,13.334630459562772,1436818.0,136181856.0
2022-03-28,13.202786888146724,13.303441657722416,12.90082257941965,13.20420456095765,1612987.0,149333472.0
2022-03-29,13.184357141604696,13.397008063243483,12.759055298327127,12.824268247629686,2235395.0,203991264.0
2022-03-30,12.978794584020537,13.099296772949183,12.855457049470044,13.096461427327332,1515707.0,139299888.0
2022-03-31,12.992971312129791,13.07377866235253,12.80300315546581,12.865380759146518,1366630.0,124363784.0
2022-04-01,12.827103593251538,13.024160113970146,12.827103593251538,12.943352763747406,1828380.0,167023376.0
2022-04-06,12.916416980339827,13.08512004483993,12.810091519520434,12.892316542554099,1583414.0,143987056.0
2022-04-07,12.90082257941965,13.041172187701248,12.78740875454563,12.934846726881855,1669475.0,152295056.0
2022-04-08,12.949023454991108,12.984465275264238,12.591769906637948,12.750549261461574,2157229.0,193608656.0
2022-04-11,12.71368976837752,12.71368976837752,12.153709008062052,12.193403846767957,2257530.0,196453696.0
2022-04-12,12.235934031095715,12.875304468822995,12.230263339852012,12.873886796012071,3210577.0,283554752.0
2022-04-13,12.858292395091892,13.29351794804594,12.475520736142078,12.631464745343854,3304925.0,297290976.0
2022-04-14,12.705183731511967,13.007148040239043,12.63288241815478,12.980212256831463,1839841.0,167066640.0
2022-04-15,12.90082257941965,13.262329146205584,12.723613478053995,13.113473501058435,1889779.0,173988208.0
2022-04-18,13.08512004483993,13.887522855823613,12.943352763747406,13.652189169210024,2800210.0,269069600.0
2022-04-19,13.646518477966325,13.706060736025185,13.382831335134231,13.491992141575473,1807152.0,172301344.0
2022-04-20,13.5104218881175,13.808133178411802,13.4934098143864,13.598317602394866,1384851.0,133242960.0
2022-04-21,13.565711127743585,13.819474560899204,13.362983915781278,13.423943846651062,1680915.0,161579232.0
2022-04-22,13.425361519461987,13.844992671495856,13.378578316701455,13.750008593163866,2333023.0,225906496.0
2022-04-25,13.602570620827642,13.94564744107155,13.14749764852064,13.211292925012277,3092239.0,296286816.0
2022-04-26,13.32895976831907,13.480650759088071,12.518050920469836,12.615870344423676,2826876.0,258662464.0
2022-04-27,12.475520736142078,13.226887325932454,12.17780944584778,13.154586012575267,2882650.0,259322352.0
2022-04-28,13.049678224566799,13.279341219936688,12.869633777579295,13.053931242999575,1628977.0,149930864.0
2022-04-29,13.184357141604696,13.609658984882268,12.971706219965911,13.526016289037678,1970266.0,185588816.0
2022-05-05,13.43386755632754,13.891775874256389,13.344554169239247,13.581305528663762,2046737.0,196953888.0
2022-05-06,13.381413662323304,13.435285229138463,13.156003685386192,13.259493800583735,1174087.0,110073432.0
2022-05-09,13.25240543652911,13.377160643890528,12.940517418125557,12.971706219965911,1046120.0,96986816.0
2022-05-10,12.801585482654882,13.679124952617604,12.67115958404976,13.538775344336006,2713302.0,255448528.0
2022-05-11,13.608241312071343,13.969747878857278,13.439538247571239,13.5104218881175,3157626.0,305942688.0
2022-05-12,13.397008063243483,13.666365897319277,13.370072279835902,13.520345597793979,1464290.0,139773168.0
2022-05-13,13.65927753326465,13.734414192243689,13.255240782150958,13.687630989483155,2265194.0,216342160.0
2022-05-16,13.687630989483155,13.751426265974791,13.375742971079603,13.41827315540736,1491176.0,141999152.0
2022-05-17,13.423943846651062,13.68054262542853,13.360148570159426,13.68054262542853,1479710.0,141676240.0
2022-05-18,13.68054262542853,13.944229768260623,13.46930937660067,13.584140874285612,1293766.0,124475920.0
2022-05-19,13.453714975680493,13.730161173810911,13.406931772919958,13.706060736025185,1249917.0,120161416.0
2022-05-20,13.74859092035294,13.893193547067314,13.612494330504118,13.747173247542015,1305863.0,126519536.0
2022-05-23,13.751426265974791,13.816639215277352,13.611076657693193,13.660695206075577,1149632.0,110835400.0
2022-05-24,13.652189169210024,13.652189169210024,13.042589860512173,13.075196335163454,1800323.0,169244352.0
2022-05-25,13.075196335163454,13.238228708419856,13.004312694617193,13.08512004483993,1113366.0,102785312.0
2022-05-26,13.250987763718182,13.250987763718182,12.743460897406948,12.800167809843959,3174085.0,287083712.0
2022-05-27,12.831356611684313,12.914999307528902,12.583263869772397,12.71368976837752,2628135.0,235729296.0
2022-05-30,14.14394022623191,14.52449467178075,13.985375873919894,14.42777041687042,2381803.0,215137104.0
2022-05-31,14.381786754699936,14.743313477971334,13.985375873919894,14.60536249145988,3000327.0,273779040.0
2022-06-01,14.60536249145988,14.725871399217013,14.40715705106986,14.481682296656507,1891926.0,173203696.0
2022-06-02,14.41508526868546,14.838452089358544,14.350073884237533,14.819424367081101,2533236.0,234878336.0
2022-06-06,14.759169913202536,15.64395899910359,14.752827339110056,15.620174346256789,4036128.0,392177920.0
2022-06-07,15.602732267502468,15.661401077857912,15.228520396046108,15.296703067540273,2471295.0,239571008.0
2022-06-08,15.288774849924673,15.391841678927483,14.9843312934856,15.193636238537461,2093767.0,200187504.0
2022-06-09,15.150823863413217,15.188879307968103,14.733799616832613,14.778197635479978,2806718.0,263952656.0
2022-06-10,14.755998626156297,14.905049117329591,14.641832292491644,14.814667436511742,3562673.0,331341920.0
2022-06-13,14.69415852875461,14.844794663451026,14.51339516711891,14.652931797153483,2602385.0,240383376.0
2022-06-14,14.586334769182436,14.632318431352923,14.208951610679836,14.503881305980189,2551211.0,231484480.0
2022-06-15,14.746484765017575,14.851137237543504,14.529251602350111,14.60060556089052,2909273.0,269833408.0
2022-06-16,14.667202588861565,14.886021395052149,14.587920412705557,14.729042686263252,2321118.0,216027792.0
2022-06-17,14.557793185766275,14.825766941173583,14.551450611673793,14.824181297650462,2208698.0,205119248.0
2022-06-20,14.824181297650462,15.016044163948004,14.619633283167962,14.936761987791995,3812645.0,356545216.0
2022-06-21,14.954204066546318,15.012872876901763,14.700501102847088,14.776611991956857,2414616.0,225655984.0
2022-06-22,14.778197635479978,14.824181297650462,14.443626852101623,14.448383782670984,3632379.0,334892512.0
2022-06-23,14.538765463488833,14.649760510107244,14.350073884237533,14.587920412705557,2530949.0,231361264.0
2022-06-24,14.657688727722844,15.214249604338026,14.591091699751798,15.006530302809283,4262073.0,402145568.0
2022-06-27,15.112768418858334,15.198393169106822,14.851137237543504,14.873336246867188,3496035.0,329779264.0
2022-06-28,14.871750603344069,15.25706197946227,14.486439227225867,15.230106039569225,4256258.0,399932288.0
2022-06-29,15.238034257184827,15.361714451988199,14.844794663451026,14.860651098682228,3658731.0,347222752.0
2022-06-30,14.838452089358544,15.093740696580891,14.778197635479978,14.859065455159106,2882718.0,271092992.0
2022-07-01,14.922491196083913,15.249133761846668,14.751241695586936,14.840037732881665,3453057.0,326030432.0
2022-07-04,14.7877114966187,14.79246842718806,14.445212495624741,14.495953088364589,4838767.0,443426016.0
2022-07-05,14.49753873188771,14.648174866584123,14.120155573385107,14.33104616196009,4432565.0,399461536.0
2022-07-06,14.52449467178075,14.962132284161918,14.461068930855944,14.730628329786374,5628475.0,522495392.0
2022-07-07,14.746484765017575,14.765512487295018,14.51022388007267,14.537179819965713,3236317.0,297484128.0
2022-07-08,14.60060556089052,14.819424367081101,14.540351107011952,14.630732787829801,2408188.0,222702080.0
2022-07-11,14.622804570214202,14.622804570214202,14.286648143312725,14.41349962516234,2713434.0,245836768.0
2022-07-12,14.350073884237533,14.545108037581313,14.348488240714412,14.492781801318348,2070610.0,188620528.0
2022-07-13,14.492781801318348,14.554621898720034,14.381786754699936,14.448383782670984,1673986.0,152520352.0
2022-07-14,14.410328338116098,14.514980810642031,14.350073884237533,14.476925366087146,1688585.0,153848528.0
2022-07-15,14.461068930855944,14.656103084199726,14.270791708081523,14.381786754699936,1647440.0,150651936.0
2022-07-18,14.389714972315536,14.442041208578502,14.220051115341679,14.304090222067046,2490582.0,224293152.0
2022-07-19,14.318361013775128,14.354830814806894,14.158211017939992,14.254935272850323,2592725.0,232830208.0
2022-07-20,14.313604083205767,14.373858537084336,14.254935272850323,14.32628923139073,1610075.0,145322576.0
2022-07-21,14.32628923139073,14.537179819965713,14.223222402387918,14.33104616196009,1845285.0,167697536.0
2022-07-22,14.32946051843697,14.33263180548321,13.953663003457489,14.06307240655278,2801019.0,249464272.0
2022-07-25,14.059901119506542,14.093199633492064,13.798269938191712,13.826811521607876,1926249.0,168829328.0
2022-07-26,13.874380827301481,13.974276369258051,13.76338578068307,13.8521818179778,1431363.0,124891680.0
2022-07-27,13.85376746150092,13.912436271856365,13.747529345451868,13.785584790006752,1315983.0,114732520.0
2022-07-28,13.874380827301481,14.245421411711602,13.874380827301481,14.124912503954468,2631102.0,233926336.0
2022-07-29,14.123326860431346,14.159796661463112,13.6555620211109,13.726915979651304,2451519.0,214258912.0
2022-08-01,13.712645187943226,14.080514485307104,13.446257076059036,14.004403596197335,2457610.0,214989920.0
2022-08-02,13.766557067729309,14.048801614844699,13.588964993139852,13.866452609685881,2222803.0,193889792.0
2022-08-03,13.921950132995086,14.389714972315536,13.921950132995086,14.262863490465923,3814359.0,341463616.0
2022-08-04,14.266034777512163,14.33263180548321,14.124912503954468,14.166139235555594,1976152.0,176966336.0
2022-08-05,14.180410027263676,14.740142190925093,14.082100128830223,14.711600607508931,4520201.0,414937504.0
2022-08-08,14.746484765017575,15.141310002274496,14.540351107011952,14.675130806477167,2986146.0,276951616.0
2022-08-09,14.543522394058193,14.70208674637021,14.386543685269297,14.670373875907806,3124453.0,285520704.0
2022-08-10,14.564135759858754,14.97640307587,14.52449467178075,14.68623031113901,2894380.0,269208576.0
2022-08-11,14.70684367693957,15.211078317291785,14.70684367693957,15.109597131812095,4730778.0,448140448.0
2022-08-12,15.095326340104013,15.214249604338026,14.805153575373021,14.813081792988623,1994014.0,187845856.0
2022-08-15,14.746484765017575,14.89236396914463,14.61804763964484,14.749656052063814,1899375.0,176850624.0
2022-08-16,14.763926843771896,14.80039664480366,14.556207542243154,14.587920412705557,1786668.0,165070160.0
2022-08-17,14.587920412705557,14.744899121494454,14.468997148471544,14.729042686263252,1723432.0,159148800.0
2022-08-18,14.71001496398581,14.936761987791995,14.589506056228679,14.873336246867188,2199773.0,205441328.0
2022-08-19,14.9843312934856,15.518693160777097,14.932005057222634,14.932005057222634,5619866.0,540479424.0
2022-08-22,14.828938228219823,15.139724358751378,14.68147338056965,14.727457042740133,3184957.0,298704096.0
2022-08-23,14.727457042740133,14.77502634843374,14.343731310145051,14.397643189931136,3631571.0,331230432.0
2022-08-24,14.365930319468733,14.489610514272107,13.958419934026852,13.993304091535494,6136959.0,546362496.0
2022-08-25,14.03928775370598,14.093199633492064,13.772899641821791,13.842667956839078,3777002.0,329646560.0
2022-08-26,13.93780656822629,13.953663003457489,13.695203109188903,13.723744692605065,3268811.0,284307872.0
2022-08-29,13.585793706093611,13.712645187943226,13.455770937197757,13.555666479154327,3144954.0,268746496.0
2022-08-30,13.533467469830644,13.68093231748082,13.462113511290239,13.59530756723233,3006453.0,256816688.0
2022-08-31,13.49382638175264,13.606407071894173,13.324162524778783,13.465284798336478,2719676.0,230870208.0
2022-09-01,13.558837766200568,13.573108557908649,13.39868777036543,13.419301136165993,1788527.0,152110624.0
2022-09-02,13.425643710258473,13.477969946521439,13.327333811825023,13.422472423212234,1319057.0,111525976.0
2022-09-05,13.411372918550391,13.420886779689113,13.01179075072411,13.194139755882928,2581250.0,213962176.0
2022-09-06,13.229023913391574,13.38283133513423,13.20048232997541,13.273421932038936,1664983.0,139343968.0
2022-09-07,13.273421932038936,13.411372918550391,13.227438269868452,13.322576881255662,2495294.0,209709536.0
2022-09-08,13.336847672963744,13.349532821148705,13.152913024281805,13.160841241897405,1364522.0,113601784.0
2022-09-09,13.186211538267328,13.19255411235981,13.048260551755874,13.146570450189323,1427439.0,118081160.0
2022-09-13,13.141813519619962,13.317819950686301,13.141813519619962,13.206824904067892,1212441.0,101198008.0
2022-09-14,13.054603125848354,13.152913024281805,13.00386253310851,13.068873917556436,1160691.0,95643000.0
2022-09-15,13.146570450189323,13.224266982822213,12.883353625351376,12.951536296845545,2401639.0,197596384.0
2022-09-16,12.92299471342938,13.094244213926357,12.766016004640484,12.83578431965777,2341930.0,191400224.0
2022-09-19,12.83578431965777,12.897624417059458,12.418760073077165,12.490114031617573,1926918.0,152746304.0
2022-09-20,12.574153138342941,12.72954620360872,12.518655615033737,12.686733828484476,1142304.0,90979256.0
2022-09-21,12.621722444036546,12.873839764212654,12.479014526955734,12.816756597380328,1626610.0,130398032.0
2022-09-22,12.73747442122432,12.91348085229066,12.570981851296702,12.597937791189747,1453427.0,116432824.0
2022-09-23,12.597937791189747,12.683562541438233,12.060404636852008,12.322035818166835,2478891.0,192571216.0
2022-09-26,12.198355623363463,12.387047202614763,12.16664275290106,12.193598692794103,1159931.0,89861528.0
2022-09-27,12.1618858223317,12.56463927720422,12.1618858223317,12.479014526955734,1915061.0,150288160.0
2022-09-28,12.479014526955734,12.482185814001973,12.195184336317222,12.198355623363463,1052408.0,81717192.0
2022-09-29,12.288737304181312,12.407660568415325,11.955752164326077,12.06833285446761,1620851.0,124040696.0
2022-09-30,12.044548201620804,12.1539576047161,11.917696719771191,11.984293747742239,1567538.0,118881280.0
2022-10-10,11.98270810421912,11.984293747742239,11.480059107390026,11.53079970012987,1934935.0,141979072.0
2022-10-11,11.53079970012987,11.678264547780048,11.41663336646522,11.511771977852428,1476941.0,107549688.0
2022-10-12,11.481644750913146,11.938310085571755,11.448346236927623,11.936724442048634,2022462.0,148882832.0
2022-10-13,11.860613552938865,12.193598692794103,11.781331376782857,11.984293747742239,1589934.0,120689784.0
2022-10-14,12.07943235912945,12.277637799519471,11.971608599557278,12.147615030623617,1636450.0,125169104.0
2022-10-17,12.004907113542801,12.27288086895011,11.996978895927201,12.1539576047161,1639148.0,125722680.0
2022-10-18,12.26653829485763,12.348991758059878,12.10163136845313,12.234825424395225,1440624.0,111036704.0
2022-10-19,12.241167998487708,12.34740611453676,11.968437312511039,11.979536817172878,1768431.0,134843376.0
2022-10-20,11.928796224433034,12.407660568415325,11.89232642340127,12.136515525961777,2144619.0,164686400.0
2022-10-21,12.225311563256504,12.225311563256504,11.784502663829098,11.830486325999583,3070180.0,230438448.0
2022-10-24,11.828900682476462,12.1777422575629,11.51018633432931,11.570440788207875,2583615.0,192394864.0
2022-10-25,11.575197718777236,11.768646228597897,11.43724673226578,11.592639797531557,1996363.0,145939120.0
2022-10-26,11.589468510485318,12.264952651334509,11.589468510485318,12.16664275290106,3292506.0,250053952.0
2022-10-27,12.165057109377939,12.387047202614763,12.047719488667047,12.249096216103307,2431616.0,187735056.0
2022-10-28,11.89232642340127,12.1777422575629,11.622767024470841,11.651308607887005,2751591.0,206522128.0
2022-10-31,11.591054154008436,12.109559586068734,11.586297223439075,11.90342592806311,2167648.0,162664864.0
2022-11-01,11.952580877279836,11.995393252404082,11.762303654505416,11.995393252404082,2148767.0,161192832.0
2022-11-02,12.044548201620804,12.236411067918347,11.971608599557278,12.057233349805768,2122758.0,162317776.0
2022-11-03,11.955752164326077,12.356919975675481,11.89708335397063,12.315693244074355,2832918.0,217775984.0
2022-11-04,12.314107600551234,12.502799179802533,12.217383345640904,12.425102647169647,3315027.0,258842976.0
2022-11-07,12.447301656493329,12.518655615033737,12.280809086565712,12.36801948033732,2589731.0,202091008.0
2022-11-08,12.36801948033732,12.418760073077165,12.163471465854817,12.271295225426991,2182767.0,168592352.0
2022-11-09,12.1777422575629,12.198355623363463,11.995393252404082,11.995393252404082,2370800.0,180499040.0
2022-11-10,11.893912066924392,12.030277409912726,11.765474941551657,11.773403159167257,2053024.0,153652448.0
2022-11-11,12.1618858223317,12.1618858223317,11.81145860372214,11.836828900092065,3257979.0,245274576.0
2022-11-14,11.878055631693188,12.280809086565712,11.813044247245262,12.046133845143926,3294614.0,251344176.0
2022-11-15,12.049305132190165,12.685148184961355,12.020763548774005,12.683562541438233,5761359.0,453656992.0
2022-11-16,12.701004620192556,12.748573925886163,12.483771457525094,12.56146799015798,3018212.0,239904416.0
2022-11-17,12.56146799015798,12.84371253727337,12.420345716600286,12.83419867613465,3448468.0,274909568.0
2022-11-18,12.811999666810967,12.888110555920736,12.55988234663486,12.55988234663486,2962313.0,237223232.0
2022-11-21,12.517069971510617,12.605866008805346,12.331549679305557,12.586838286527904,2316937.0,182303424.0
2022-11-22,12.526583832649338,12.628065018129028,12.336306609874917,12.396561063753484,1592647.0,125322376.0
2022-11-23,12.407660568415325,12.483771457525094,12.1618858223317,12.312521957028116,1627540.0,126214440.0
2022-11-24,12.35533433215236,12.479014526955734,12.230068493825865,12.290322947704434,1292571.0,100301632.0
2022-11-25,12.228482850302747,12.348991758059878,12.112730873114973,12.119073447207455,1458542.0,112147424.0
2022-11-28,11.89232642340127,11.990636321834721,11.778160089736618,11.836828900092065,2202174.0,164366768.0
2022-11-29,11.841585830661426,12.042962558097686,11.841585830661426,12.014420974681522,1690911.0,127594656.0
2022-11-30,12.019177905250883,12.047719488667047,11.920868006817434,11.976365530126639,1788091.0,134987312.0
2022-12-01,12.098460081406891,12.206283840979063,12.000150182973442,12.044548201620804,2126490.0,162547120.0
2022-12-02,12.049305132190165,12.127001664823055,11.947823946710475,12.009664044112162,1414327.0,107303200.0
2022-12-05,12.050890775713286,12.130172951869294,11.971608599557278,12.122244734253695,2208403.0,168255504.0
2022-12-06,12.123830377776814,12.317278887597476,12.092117507314413,12.241167998487708,2708732.0,208906288.0
2022-12-07,12.209455128025304,12.218968989164026,12.098460081406891,12.125416021299934,1984003.0,151939680.0
2022-12-08,12.122244734253695,12.122244734253695,11.955752164326077,11.981122460696,1910901.0,144568720.0
2022-12-09,11.995393252404082,12.10163136845313,11.939895729094875,12.07467542856009,1643241.0,124662312.0
2022-12-12,12.035034340482087,12.366433836814199,11.974779886603518,12.314107600551234,3048680.0,235653184.0
2022-12-13,12.320450174643716,12.320450174643716,12.019177905250883,12.033448696958965,2311260.0,176908080.0
2022-12-14,12.348991758059878,12.356919975675481,11.90818285863247,11.98587939126536,2864506.0,218984992.0
2022-12-15,11.90501157158623,12.26178136428827,11.854270978846387,12.10163136845313,2671658.0,204198192.0
2022-12-16,12.049305132190165,12.096874437883773,11.860613552938865,11.89232642340127,2153481.0,161670912.0
2022-12-19,11.844757117707665,11.950995233756716,11.622767024470841,11.646551677317644,2334612.0,172556048.0
2022-12-20,11.646551677317644,11.732176427566133,11.556169996499793,11.595811084577797,1488310.0,109099864.0
2022-12-21,11.595811084577797,11.646551677317644,11.476887820343785,11.537142274222353,1207090.0,87865232.0
2022-12-22,11.575197718777236,11.633866529132684,11.461031385112584,11.480059107390026,967434.0,70399400.0
2022-12-23,11.461031385112584,11.591054154008436,11.448346236927623,11.51494326489867,831120.0,60284028.0
2022-12-26,11.511771977852428,11.671921973687565,11.502258116713708,11.621181380947721,1022193.0,74836376.0
2022-12-27,11.649722964363884,11.660822469025726,11.572026431730997,11.621181380947721,929793.0,68047632.0
2022-12-28,11.629109598563323,11.648137320840762,11.464202672158823,11.470545246251305,1289168.0,93481208.0
2022-12-29,11.435661088742663,11.543484848314833,11.435661088742663,11.478473463866905,903964.0,65463636.0
2022-12-30,11.494329899098107,11.575197718777236,11.435661088742663,11.440418019312023,1167053.0,84533944.0
2023-01-03,11.434075445219541,11.637037816178923,11.41663336646522,11.630695242086441,1756478.0,128112824.0
2023-01-04,11.627523955040202,11.71473434881181,11.540313561268592,11.61642445037836,1052966.0,77039568.0
2023-01-05,11.657651181979483,11.729005140519892,11.59898237162404,11.725833853473652,1376106.0,101383672.0
2023-01-06,11.725833853473652,11.827315038953344,11.670336330164446,11.69412098301125,1468613.0,108801320.0
2023-01-09,11.700463557103731,11.838414543615183,11.700463557103731,11.732176427566133,1130000.0,83809552.0
2023-01-10,11.762303654505416,11.860613552938865,11.729005140519892,11.816215534291501,1184965.0,88290520.0
2023-01-11,11.801944742583421,11.89549771044751,11.668750686641326,11.69094969596501,1156930.0,85885824.0
2023-01-12,11.69094969596501,11.730590784043013,11.627523955040202,11.69887791358061,901399.0,66402656.0
2023-01-13,11.757546723936056,11.773403159167257,11.656065538456366,11.773403159167257,947391.0,69871040.0
2023-01-16,11.717905635858052,11.965266025464796,11.717905635858052,11.931967511479273,2532389.0,189958976.0
2023-01-17,11.979536817172878,12.241167998487708,11.950995233756716,12.100045724930013,2496503.0,190939552.0
2023-01-18,12.066747210944488,12.18725611870162,12.066747210944488,12.122244734253695,1740198.0,133049632.0
2023-01-19,12.07943235912945,12.293494234750673,12.07943235912945,12.271295225426991,1995446.0,153709120.0
2023-01-20,12.288737304181312,12.356919975675481,12.199941266886583,12.27288086895011,1824935.0,141134832.0
2023-01-30,12.414003142507807,12.526583832649338,12.315693244074355,12.364848193291081,2808341.0,219454128.0
2023-01-31,12.361676906244838,12.364848193291081,12.08577493322193,12.100045724930013,2572017.0,197245008.0
2023-02-01,12.1618858223317,12.653435314498951,12.1618858223317,12.64867838392959,5887434.0,466149792.0
2023-02-02,12.64867838392959,12.824684814995928,12.574153138342941,12.713689768377519,3818986.0,306510464.0
2023-02-03,12.715275411900638,12.764430361117363,12.553539772542381,12.735888777701199,2317490.0,185058448.0
2023-02-06,12.647092740406471,12.685148184961355,12.488528388094455,12.550368485496142,1934271.0,153244064.0
2023-02-07,12.566224920727342,12.694662046100076,12.55195412901926,12.677219967345755,1439009.0,114569656.0
2023-02-08,12.683562541438233,13.002276889585389,12.550368485496142,12.558296703111742,2580550.0,208065040.0
2023-02-09,12.558296703111742,13.373317473995508,12.445716012970209,13.31306302011694,7085441.0,584782400.0
2023-02-10,13.240123418053415,13.921950132995086,13.233780843960933,13.498583312322001,7622551.0,654685632.0
2023-02-13,13.496997668798882,13.585793706093611,13.360632325810547,13.49382638175264,2887794.0,244986272.0
2023-02-14,13.49382638175264,13.67300409986522,13.332090742394383,13.38124569161111,2814799.0,239638912.0
2023-02-15,13.433571927874075,13.774485285344912,13.303549158978221,13.717402118512586,3649052.0,313159616.0
2023-02-16,13.715816474989465,13.780827859437391,13.230609556914693,13.311477376593821,3901655.0,332532992.0
2023-02-17,13.31306302011694,13.414544205596632,12.9245803569525,12.9245803569525,3351109.0,276427360.0
2023-02-20,12.9245803569525,13.251222922715254,12.84371253727337,13.211581834637249,2887004.0,238111904.0
2023-02-21,13.22109569577597,13.452599650151518,13.038746690617153,13.148156093712444,2142317.0,178373792.0
2023-02-22,13.073630848125797,13.224266982822213,12.968978375599866,13.029232829478431,2319456.0,190917072.0
2023-02-23,13.029232829478431,13.10692936211132,12.9245803569525,13.002276889585389,1624965.0,133294440.0
2023-02-24,13.035575403570911,13.072045204602675,12.802485805672246,12.82785610204217,2600873.0,211338832.0
2023-02-27,12.811999666810967,12.83736996318089,12.588423930051023,12.604280365282225,2560235.0,204711488.0
2023-02-28,12.675634323822633,12.995934315492907,12.555125416065502,12.662949175637673,3694357.0,295713984.0
2023-03-01,12.669291749730153,13.078387778695157,12.653435314498951,12.970564019122985,3783693.0,308108608.0
2023-03-02,12.970564019122985,13.049846195278993,12.854812041935212,12.889696199443858,2590489.0,211492080.0
2023-03-03,13.13229965848124,13.20841054759101,12.82309917147281,12.93885114866058,3198124.0,262323216.0
2023-03-06,13.029232829478431,13.125957084388762,12.84371253727337,12.875425407735776,2642361.0,215491600.0
2023-03-07,12.811999666810967,12.92933728752186,12.459986804678291,12.488528388094455,3051731.0,243588272.0
2023-03-08,12.488528388094455,12.666120462683912,12.420345716600286,12.605866008805346,1935190.0,153247792.0
2023-03-09,12.601109078235986,12.697833333146315,12.504384823325655,12.62965066165215,1841697.0,146505200.0
2023-03-10,12.55671105958862,12.704175907238797,12.380704628522281,12.391804133184124,2634334.0,207743680.0
2023-03-13,12.388632846137883,12.493285318663816,12.209455128025304,12.447301656493329,2532141.0,197280016.0
2023-03-14,12.399732350799724,12.501213536279415,12.155543248239217,12.412417498984686,3006823.0,233755312.0
2023-03-15,12.493285318663816,13.186211538267328,12.493285318663816,12.857983328981453,6761366.0,551742464.0
2023-03-16,12.792971944533527,12.935679861614341,12.697833333146315,12.748573925886163,3581526.0,288975264.0
2023-03-17,12.888110555920736,13.129128371435002,12.859568972504572,13.018133324816588,4045154.0,332023776.0
2023-03-20,13.178283320651728,13.914021915379486,13.160841241897405,13.711059544420104,9963759.0,859210944.0
2023-03-21,13.646048159972178,14.457897643809705,13.636534298833457,13.920364489471968,13420530.0,1197186432.0
2023-03-22,13.953663003457489,14.50863823654955,13.953663003457489,14.448383782670984,10917933.0,985462720.0
2023-03-23,14.499124375410828,15.742268897537041,14.429356060393541,15.675671869565994,16769315.0,1615608064.0
2023-03-24,15.694699591843436,15.758125332768241,14.9843312934856,15.279260988785952,9892336.0,953891456.0
2023-03-27,15.280846632309073,15.618588702733668,14.949447135976957,15.158752081028817,7863553.0,756685632.0
2023-03-28,14.97798871939312,15.001773372239922,14.459483287332823,14.507052593026428,7703719.0,713920832.0
2023-03-29,14.429356060393541,14.811496149465501,14.286648143312725,14.606948134983,6255836.0,574290240.0
2023-03-30,14.572063977474357,14.992259511101201,14.445212495624741,14.665616945338446,4869391.0,451300608.0
2023-03-31,14.557793185766275,14.721114468647652,14.23590755057288,14.638661005445401,5082779.0,465181632.0
2023-04-03,14.667202588861565,15.023972381563604,14.430941703916663,14.855894168112865,7802546.0,728404864.0
2023-04-04,14.871750603344069,15.022386738040483,14.50863823654955,14.629147144306684,7864516.0,730297344.0
2023-04-06,14.587920412705557,15.648715929672951,14.50863823654955,15.349029303803238,13024144.0,1262103424.0
2023-04-07,15.217420891384265,15.325244650956437,14.716357538078292,14.838452089358544,7785482.0,729639232.0
2023-04-10,14.778197635479978,14.951032779500078,14.377029824130576,14.476925366087146,6476067.0,600304128.0
2023-04-11,14.476925366087146,14.616461996121721,14.270791708081523,14.397643189931136,4411793.0,401436192.0
2023-04-12,14.483267940179626,14.708429320462692,14.350073884237533,14.59426298679804,5006395.0,460093696.0
2023-04-13,14.476925366087146,14.548279324627554,13.95683429050373,13.991718448012373,7538252.0,673501184.0
2023-04-14,14.05831547598342,14.174067453171194,13.66824716929586,14.107470425200146,7173112.0,631510848.0
2023-04-17,14.112227355769507,14.33104616196009,13.929878350610686,14.028188249044138,4912894.0,436213152.0
2023-04-18,14.06307240655278,14.13125507804695,13.796684294668594,13.994889735058615,3915688.0,344849536.0
2023-04-19,13.921950132995086,14.68147338056965,13.818883303992276,14.392886259361775,10522237.0,949958528.0
2023-04-20,14.52449467178075,15.83265057835489,14.400814476977377,15.65030157319607,21669312.0,2121919616.0
2023-04-21,15.653472860242312,15.842164439493612,14.905049117329591,14.938347631315114,12186927.0,1180867072.0
2023-04-24,15.055685252026008,15.380742174265642,14.405571407546738,14.540351107011952,7587050.0,707720192.0
2023-04-25,14.405571407546738,14.546693681104433,13.85693874854716,13.999646665627976,6718830.0,598662336.0
2023-04-26,13.826811521607876,13.95207735993437,13.236952131007174,13.249637279192136,8216414.0,696471296.0
2023-04-27,12.99910560253915,13.538224400400004,12.796143231579768,13.002276889585389,6375715.0,528861152.0
2023-04-28,13.005448176631628,13.160841241897405,12.956293227414902,13.043503621186513,5140190.0,423144448.0
2023-05-04,13.10692936211132,13.20841054759101,12.36801948033732,12.526583832649338,7496732.0,597769984.0
2023-05-05,12.459986804678291,12.566224920727342,12.190427405747862,12.231654137348986,4835553.0,375566240.0
2023-05-08,12.233239780872108,12.336306609874917,12.100045724930013,12.192013049270981,5332905.0,410840224.0
2023-05-09,12.195184336317222,12.718446698946877,12.08418928969881,12.260195720765148,7716545.0,604578752.0
2023-05-10,12.242753642010827,12.242753642010827,11.733762071089252,11.814629890768382,7116887.0,534150752.0
2023-05-11,11.849514048277026,12.027106122866483,11.733762071089252,11.855856622369505,3349798.0,250302352.0
2023-05-12,11.855856622369505,11.911354145678713,11.456274454543223,11.478473463866905,7050672.0,516398784.0
2023-05-15,11.459445741589462,11.595811084577797,11.33735119030921,11.586297223439075,5109913.0,369090944.0
2023-05-16,11.591054154008436,11.662408112548844,11.41980465351146,11.535556630699231,5553902.0,404346048.0
2023-05-17,11.473716533297544,11.70680613119621,11.472130889774425,11.689364052441888,4303499.0,316057216.0
2023-05-18,11.69887791358061,12.003321470019682,11.656065538456366,11.91293978920183,5818471.0,435947968.0
2023-05-19,11.893912066924392,11.97795117364976,11.667165043118205,11.88756949283191,4613285.0,343886752.0
2023-05-22,11.920868006817434,12.019177905250883,11.760718010982297,11.827315038953344,3030946.0,226199920.0
2023-05-23,11.80511602962966,11.80511602962966,11.670336330164446,11.670336330164446,2538919.0,187585152.0
2023-05-24,11.633866529132684,11.784502663829098,11.52287148251427,11.648137320840762,2862192.0,210106320.0
2023-05-25,11.681435834826287,12.023934835820244,11.540313561268592,11.847928404753905,4698564.0,348872864.0
2023-05-26,11.767060585074775,12.244339285533947,11.757546723936056,12.114316516638095,6269656.0,476803968.0
2023-05-29,12.206283840979063,12.550368485496142,12.195184336317222,12.35216304510612,7459553.0,584193664.0
2023-05-30,14.007607576924466,14.227727124561849,13.734732104646717,14.225907954746665,5369362.0,415250496.0
2023-05-31,14.307770596429991,14.4278358042322,14.107661916759639,14.251376332159255,4421975.0,346691456.0
2023-06-01,14.153141162139265,14.271387200126291,14.01670342600039,14.167694520660744,3519261.0,274184576.0
2023-06-02,14.167694520660744,14.26411052086555,13.8093180670693,14.034895124152241,3918500.0,301234016.0
2023-06-05,13.963947501360026,14.231365464192221,13.962128331544841,14.076736029901495,2766784.0,214404320.0
2023-06-06,14.080374369531867,14.11130025639001,13.625581915735617,13.669241991300057,3414370.0,259192096.0
2023-06-07,13.734732104646717,13.907553237089292,13.603751877953396,13.760200482059306,2811931.0,212859856.0
2023-06-08,13.711082897049312,13.760200482059306,13.285397160296023,13.385451500131197,3992249.0,293725728.0
2023-06-09,13.389089839761565,13.909372406904474,13.274482141404912,13.880265689861515,4312376.0,322023776.0
2023-06-12,13.843882293557815,14.353249841809616,13.792945538732635,14.1367686338026,5682863.0,443639744.0
2023-06-13,14.100385237498902,14.48968757794849,13.971224180620766,14.48968757794849,4812828.0,379521280.0
2023-06-14,14.409644106080348,14.600656936674776,14.189524558442965,14.42419746460183,3977065.0,314301568.0
2023-06-15,14.382356558852575,14.54426267240404,14.340515653103319,14.367803200331096,2689423.0,212957152.0
2023-06-16,14.313228105875545,14.484230068502935,14.16223701121519,14.45694252127516,3094111.0,243868432.0
2023-06-19,14.415101615525904,14.607933615935513,14.245918822713701,14.511517615730709,2688189.0,213781056.0
2023-06-20,14.484230068502935,14.753467201150313,14.35143067199443,14.458761691090345,2605193.0,207526848.0
2023-06-21,14.40600576644998,14.40600576644998,14.10402357712927,14.10402357712927,2815641.0,219731680.0
2023-06-26,13.967585840990395,14.000330897663725,13.585560179801547,13.605571047768583,2678560.0,202056128.0
2023-06-27,13.618305236474876,13.816594746330042,13.585560179801547,13.734732104646717,1713477.0,129014104.0
2023-06-28,13.734732104646717,13.736551274461902,13.325418896230092,13.463675802184152,2535696.0,187681072.0
2023-06-29,13.454579953108226,13.563730142019327,13.389089839761565,13.436388254956377,2067663.0,153081664.0
2023-06-30,13.421834896434897,13.862073991709666,13.416377386989343,13.711082897049312,3590177.0,270741632.0
2023-07-03,13.752923802798565,14.007607576924466,13.692891198897462,13.745647123537827,2684126.0,203348256.0
2023-07-04,13.694710368712647,13.989415878772617,13.614666896844508,13.832967274666707,3549421.0,270483936.0
2023-07-05,13.843882293557815,13.95121331265373,13.611028557214135,13.625581915735617,2625481.0,198526336.0
2023-07-06,13.607390217583767,14.244099652898514,13.483686670151188,13.931202444686695,5161527.0,396059104.0
2023-07-07,13.862073991709666,13.936659954132251,13.421834896434897,13.767477161320047,4666517.0,351023968.0
2023-07-10,13.763838821689676,13.974862520251135,13.711082897049312,13.971224180620766,3904372.0,297922368.0
2023-07-11,13.934840784317064,14.27502553975666,13.905734067274105,14.167694520660744,3403114.0,263900480.0
2023-07-12,14.16223701121519,14.19862040751889,13.916649086165215,13.943936633392992,2783003.0,215141648.0
2023-07-13,13.943936633392992,14.455123351459973,13.943936633392992,14.37326070977665,4128918.0,324505216.0
2023-07-14,14.36962237014628,14.633401993348103,14.251376332159255,14.535166823328115,4250362.0,338684992.0
2023-07-17,14.460580860905528,14.92264999396252,14.435112483492938,14.615210295196254,4221066.0,341381760.0
2023-07-18,14.586103578153296,15.204621315316192,14.582465238522923,14.68979625761884,5206985.0,425945152.0
2023-07-19,14.691615427434025,14.888085767474005,14.462400030720715,14.498783427024415,3219478.0,258698960.0
2023-07-20,14.67160455946699,14.68979625761884,13.949394142838546,13.967585840990395,4238747.0,330449184.0
2023-07-21,13.974862520251135,14.14768365269371,13.916649086165215,13.945755803208176,1834243.0,141411088.0
2023-07-24,13.945755803208176,14.511517615730709,13.86389316152485,14.113119426205195,2727326.0,213239296.0
2023-07-25,14.353249841809616,14.617029465011438,14.189524558442965,14.50787927610034,3452308.0,273885760.0
2023-07-26,14.475134219427009,14.475134219427009,14.127672784726675,14.1731520301063,2945145.0,230348016.0
2023-07-27,14.13313029417223,14.189524558442965,13.916649086165215,13.918468255980402,3008840.0,231730048.0
2023-07-28,13.916649086165215,14.04217180341298,13.698348708343016,13.97668169006632,2405431.0,183589184.0
2023-07-31,13.962128331544841,14.084012709162236,13.782030519841527,13.92210659561077,3686565.0,282616448.0
2023-08-01,13.985777539142244,13.985777539142244,13.629220255365986,13.751104632983381,3798027.0,287045568.0
2023-08-02,13.669241991300057,14.131311124357046,13.669241991300057,14.12221527528112,4238090.0,325518752.0
2023-08-03,14.01670342600039,14.18406704899741,13.9548516522841,14.047629312858536,1889400.0,146003808.0
2023-08-04,14.049448482673721,14.225907954746665,13.989415878772617,14.125853614911492,1793113.0,139101808.0
2023-08-07,14.06764018082557,14.18770538862778,14.020341765630759,14.073097690271126,1310137.0,101294416.0
2023-08-08,14.06764018082557,14.125853614911492,13.971224180620766,14.029437614706687,1266707.0,97606704.0
2023-08-09,13.942117463577805,14.022160935445946,13.752923802798565,13.771115500950417,2107080.0,160539728.0
2023-08-10,13.818413916145225,13.86025482189448,13.640135274257098,13.736551274461902,1604193.0,121070232.0
2023-08-11,13.711082897049312,13.787488029287083,13.449122443662674,13.47459082107526,2081284.0,155319200.0
2023-08-14,13.309046367893426,13.463675802184152,13.252652103622692,13.412739047358972,1868554.0,137079184.0
2023-08-15,13.352706443457869,13.552815123128216,13.212630367688622,13.347248934012313,2209704.0,162224528.0
2023-08-16,13.270843801774543,13.349068103827497,13.125310216559743,13.134406065635668,1567576.0,113888928.0
2023-08-17,13.099841839147153,13.243556254546768,12.92338236707421,13.210811197873438,1594589.0,114943896.0
2023-08-18,13.267205462144174,13.279939650850467,12.98887248042087,12.98887248042087,1479174.0,106395024.0
2023-08-21,12.970680782269017,13.012521688018273,11.928296478168015,11.990148251884305,7488934.0,506736992.0
2023-08-22,11.99196742169949,12.146596855990214,11.131500099116987,11.604484251065086,9659687.0,610654144.0
2023-08-23,11.66087851533582,11.72273028905211,11.278852854146972,11.304321231559562,4735993.0,297040192.0
2023-08-24,11.549909156609537,11.75911368535581,11.397098892133997,11.589930892543606,3655247.0,232976064.0
2023-08-25,11.569920024576572,11.591750062358791,11.371630514721407,11.429843948807326,3291493.0,207257136.0
2023-08-28,12.108394289871331,12.166607723957249,11.406194741209923,11.442578137513621,3354942.0,216013616.0
2023-08-29,11.442578137513621,11.764571194801366,11.389822212873257,11.66087851533582,3090116.0,197258080.0
2023-08-30,11.81732711944173,12.20662945989132,11.771847874062106,11.986509912253936,4247377.0,280345248.0
2023-08-31,11.97377572354764,12.13750100691429,11.833699647778396,12.037446667079116,2527100.0,166995136.0
2023-09-01,12.172065233402805,12.18843776173947,11.8937322516795,11.99924410096023,1949475.0,128845512.0
2023-09-04,12.05018085578541,12.259385384531685,11.964679874471715,12.259385384531685,3440384.0,229156768.0
2023-09-05,12.243012856195019,12.434025686789443,12.210267799521692,12.373993082888338,2848063.0,193307744.0
2023-09-06,12.313960478987234,12.623219347568684,12.230278667488726,12.555910064406838,3259820.0,222873600.0
2023-09-07,12.49769663032092,12.53408002662462,12.27939625249872,12.281215422313906,2374077.0,161565424.0
2023-09-08,12.226640327858354,12.44675987549574,12.212086969336875,12.4030997999313,1641591.0,111511504.0
2023-09-11,12.444940705680555,12.579559272004245,12.263023724162055,12.475866592538699,1931248.0,132251400.0
2023-09-12,12.461313234017219,12.630496026829425,12.414014818822409,12.506792479396845,1741816.0,119766016.0
2023-09-13,12.461313234017219,12.506792479396845,12.153873535250955,12.2939496110202,2165836.0,146120352.0
2023-09-14,12.292130441205014,12.332152177139086,12.212086969336875,12.27939625249872,1608616.0,108498672.0
2023-09-15,12.35216304510612,12.470409083093143,12.153873535250955,12.233917007119095,1659778.0,112028080.0
2023-09-18,12.182980252293914,12.37035474325797,12.079287572828372,12.25028953545576,1593641.0,107376112.0
2023-09-19,12.241193686379836,12.261204554346872,11.98469074243875,12.048361685970226,2214599.0,146950000.0
2023-09-20,12.044723346339854,12.146596855990214,11.91920062909209,11.94466900650468,1309611.0,86391752.0
2023-09-21,11.942849836689497,12.06109587467652,11.910104780016166,11.910104780016166,1346863.0,88575296.0
2023-09-22,11.910104780016166,12.266662063792426,11.862806364821354,12.230278667488726,2619666.0,174880608.0
2023-09-25,12.243012856195019,12.27575791286835,12.082925912458741,12.115670969132069,1469934.0,98094888.0
2023-09-26,12.121128478577624,12.153873535250955,11.88281723278839,11.8937322516795,1941888.0,128057488.0
2023-09-27,11.897370591309873,12.021074138742451,11.840976327039137,11.873721383712466,1583614.0,103663288.0
2023-09-28,11.924658138537644,12.175703573033177,11.875540553527651,12.110213459686515,1870064.0,123852224.0
2023-10-09,12.102936780425775,12.339428856399824,12.008339950036156,12.23209783730391,2807147.0,187519088.0
2023-10-10,12.272119573237978,12.397642290485745,12.18843776173947,12.295768780835385,1813700.0,122476328.0
2023-10-11,12.317598818617604,12.45767489438685,12.215725308967246,12.368535573442784,2136619.0,145074032.0
2023-10-12,12.40673813956167,12.64323021553572,12.404918969746484,12.554090894591655,3896532.0,268989184.0
2023-10-13,12.492239120875364,12.812413008347924,12.461313234017219,12.701443649621638,3717645.0,259180944.0
2023-10-16,12.703262819436823,12.732369536479784,12.297587950650568,12.357620554551676,2517192.0,171962592.0
2023-10-17,12.40673813956167,12.466770743462774,12.226640327858354,12.335790516769455,1516676.0,102763184.0
2023-10-18,12.3303330073239,12.372173913073155,12.117490138947256,12.13022432765355,1622553.0,108923168.0
2023-10-19,12.110213459686515,12.415833988637594,12.033808327448746,12.070191723752444,1704706.0,114287800.0
2023-10-20,12.030169987818375,12.12658598802318,11.708176930530632,11.735464477758407,2277929.0,148347008.0
2023-10-23,11.682708553118042,11.731826138128035,11.371630514721407,11.433482288437697,1731113.0,109388320.0
2023-10-24,11.560824175500645,11.808231270365805,11.371630514721407,11.724549458867298,1911334.0,122158520.0
2023-10-25,11.819146289256915,11.897370591309873,11.700900251269891,11.739102817388776,1672394.0,108259136.0
2023-10-26,11.64632515681434,11.775486213692476,11.549909156609537,11.746379496649515,1364047.0,87497224.0
2023-10-27,11.88281723278839,12.921563197259024,11.755475345725442,12.49405829069055,9717319.0,670038208.0
2023-10-30,12.42856817734389,12.779667951674593,12.31214130917205,12.69052863073053,6309248.0,436447264.0
2023-10-31,12.723273687403859,12.785125461120149,12.530441686994248,12.65414523442683,2608124.0,180940144.0
2023-11-01,12.65414523442683,12.752380404446818,12.555910064406838,12.652326064611643,2070009.0,143947920.0
2023-11-02,12.70508198925201,12.759657083707559,12.49769663032092,12.517707498287955,2239467.0,155461024.0
2023-11-03,12.535899196439804,12.910648178367913,12.519526668103138,12.854253914097178,3655885.0,256817072.0
2023-11-06,13.005245008757532,13.709263727234127,12.972499952084204,13.636496934626726,7864044.0,582453632.0
2023-11-07,13.552815123128216,13.658326972408947,13.460037462553782,13.620124406290062,3032948.0,226236544.0
2023-11-08,13.60193270813821,13.70744455741894,13.485505839966372,13.620124406290062,3151292.0,235985728.0
2023-11-09,13.621943576105245,13.70744455741894,13.498240028672667,13.552815123128216,2391157.0,178532832.0
2023-11-10,13.480048330520816,13.621943576105245,13.443664934217118,13.50005919848785,2021519.0,150180976.0
2023-11-13,13.571006821280065,13.674699500745612,13.369078971794531,13.456399122923411,2764023.0,204926400.0
2023-11-14,13.461856632368967,13.661965312039316,13.409100707728602,13.652869462963391,2610347.0,195168464.0
2023-11-15,13.807498897254117,13.825690595405966,13.625581915735617,13.780211350026342,3288276.0,248140272.0
2023-11-16,13.711082897049312,14.049448482673721,13.701987047973386,13.880265689861515,4003751.0,305469888.0
2023-11-17,13.825690595405966,14.003969237294097,13.762019651874493,13.852978142633741,2195080.0,167242640.0
2023-11-20,13.851158972818556,14.18042870936704,13.807498897254117,14.022160935445946,3386425.0,261131168.0
2023-11-21,13.973043350435951,14.018522595815575,13.698348708343016,13.711082897049312,2800904.0,212594672.0
2023-11-22,13.692891198897462,13.692891198897462,13.412739047358972,13.436388254956377,3061438.0,227598192.0
2023-11-23,13.436388254956377,13.554634292943403,13.372717311424903,13.476409990890447,1679302.0,124291760.0
2023-11-24,13.510974217378962,13.529165915530813,13.241737084731584,13.258109613068246,1994750.0,145874208.0
2023-11-27,13.256290443253063,13.440026594586746,13.161693612863441,13.367259801979348,1765287.0,128998776.0
2023-11-28,13.352706443457869,13.547357613682662,13.307227198078243,13.430930745510821,1631751.0,120397664.0
2023-11-29,13.430930745510821,13.58737934961673,13.334514745306016,13.370898141609718,1436426.0,106216344.0
2023-11-30,13.361802292533794,13.398185688837494,13.159874443048258,13.296312179187133,1224422.0,89296704.0
2023-12-01,13.296312179187133,13.307227198078243,13.096203499516783,13.230822065840472,1743437.0,126247800.0
2023-12-04,13.279939650850467,13.363621462348975,13.156236103417887,13.216268707318994,1391353.0,101348392.0
2023-12-05,13.201715348797512,13.201715348797512,12.805136329087183,12.80695549890237,2312095.0,164245968.0
2023-12-06,12.80695549890237,12.894275650031247,12.67961361183942,12.725092857219044,2080612.0,145948208.0
2023-12-07,12.732369536479784,12.825147197054218,12.62867685701424,12.71599700814312,1462723.0,102349376.0
2023-12-08,12.706901159067193,13.090745990071227,12.681432781654603,12.899733159476803,2681701.0,190846144.0
2023-12-11,12.825147197054218,13.096203499516783,12.67961361183942,13.070735122104193,2086915.0,148078816.0
2023-12-12,13.061639273028268,13.116214367483817,12.941574065226058,13.043447574876419,1236576.0,88574104.0
2023-12-13,12.990691650236053,13.025255876724566,12.854253914097178,12.896094819846434,921736.0,65552196.0
2023-12-14,12.968861612453834,13.050724254137156,12.772391272413852,12.779667951674593,1355255.0,96111040.0
2023-12-15,12.830604706499773,12.874264782064213,12.666879423133123,12.71599700814312,1188967.0,83258528.0
2023-12-18,12.668698592948308,12.694166970360898,12.532260856809435,12.568644253113135,1051749.0,72890416.0
2023-12-19,12.546814215330913,12.801497989456815,12.49769663032092,12.74146538555571,1088815.0,75968304.0
2023-12-20,12.745103725186079,12.812413008347924,12.579559272004245,12.579559272004245,1093461.0,76188984.0
2023-12-21,12.570463422928318,12.668698592948308,12.366716403627601,12.661421913687567,1734433.0,119503144.0
2023-12-22,12.60320847960165,12.694166970360898,12.324875497878345,12.348524705475748,1954022.0,133713072.0
2023-12-25,12.31214130917205,12.712358668512747,12.243012856195019,12.697805309991269,1665969.0,115615600.0
2023-12-26,12.670517762763495,12.670517762763495,12.4030997999313,12.488600781244996,1130238.0,77532592.0
2023-12-27,12.461313234017219,12.612304328677574,12.414014818822409,12.586835951264984,1031807.0,71139424.0
2023-12-28,12.54135670588536,12.914286517998283,12.51588832847277,12.866988102803473,1662727.0,116886056.0
2023-12-29,12.86153059335792,13.032532555985307,12.825147197054218,12.914286517998283,1845988.0,131262680.0
2024-01-02,12.945212404856427,13.012521688018273,12.78148712148978,12.788763800750518,1607081.0,113568800.0
2024-01-03,12.734188706294969,12.794221310196074,12.40673813956167,12.49405829069055,1639004.0,113136192.0
2024-01-04,12.486781611429809,12.486781611429809,12.115670969132069,12.18843776173947,2151542.0,144530672.0
2024-01-05,12.20299112026095,12.40673813956167,12.075649233198,12.108394289871331,1367312.0,91813096.0
2024-01-08,12.04290417652467,12.16296938432688,11.766390364616552,11.77366704387729,1726588.0,112734016.0
2024-01-09,11.824603798702471,11.961041534841346,11.679070213487671,11.795497081659512,1662452.0,107995752.0
2024-01-10,11.799135421289881,11.877359723342837,11.551728326424723,11.699081081454707,1489715.0,95892344.0
2024-01-11,11.699081081454707,11.833699647778396,11.62449511903212,11.77730538350766,1540525.0,99573184.0
2024-01-12,11.706357760715445,11.730006968312852,11.495334062153987,11.551728326424723,1981417.0,126323472.0
2024-01-15,11.549909156609537,11.613580100141013,11.384364703427702,11.424386439361772,1953040.0,123295296.0
2024-01-16,11.428024778992143,11.562643345315832,11.131500099116987,11.242469457843272,2925807.0,180810512.0
2024-01-17,11.244288627658458,11.362534665645482,11.025988249836258,11.025988249836258,2040012.0,125398656.0
2024-01-18,10.929572249631454,11.058733306509588,10.585749154561489,10.909561381664417,3632850.0,215071840.0
2024-01-19,10.962317306304783,11.056914136694402,10.742197758667398,10.796772853122949,2649407.0,158392352.0
2024-01-22,10.782219494601469,10.860443796654424,10.187350965035975,10.20736183300301,3657380.0,210472288.0
2024-01-23,10.169159266884124,10.358352927663365,10.060009077973024,10.29468198413189,2556099.0,144057856.0
2024-01-24,10.351076248402624,10.40019383341262,9.950858889061927,10.289224474686335,3237314.0,180868064.0
2024-01-25,10.351076248402624,10.631228399941113,10.234649380230785,10.62940923012593,3250365.0,187712784.0
2024-01-26,10.554823267703345,10.6330475697563,10.292862814316704,10.33106538043559,3555259.0,203465808.0
2024-01-29,10.332884550250775,10.423843041010024,10.038179040190805,10.096392474276726,2496388.0,139603792.0
2024-01-30,10.023625681669326,10.194627644296714,9.739835190500466,9.758026888652315,2946084.0,161077504.0
2024-01-31,9.670706737523435,9.896283794606376,9.579748246764186,9.614312473252701,2937009.0,156823936.0
2024-02-01,9.568833227873077,9.730739341424542,9.406927114321611,9.587024926024927,2621576.0,138168096.0
2024-02-02,9.561556548612337,9.712547643272691,8.855718660320559,9.164977528902009,3552311.0,181099376.0
2024-02-05,9.095849075924978,9.223190962987928,8.510076395435409,8.963049679416473,4412838.0,216123984.0
2024-02-06,8.913932094406478,9.506981454156787,8.913932094406478,9.496066435265677,3913463.0,199855168.0
2024-02-07,9.497885605080862,9.88354960590008,9.437853001179757,9.794410284956017,4195602.0,224831280.0
2024-02-08,9.823517001998976,10.20736183300301,9.736196850870098,10.129137530950056,4510806.0,248817120.0
2024-02-19,10.260117757643375,10.361991267293735,10.045455719451546,10.343799569141884,4522745.0,254636752.0
2024-02-20,10.187350965035975,10.496609833617425,10.034540700560434,10.438396399531506,3713184.0,209191328.0
2024-02-21,10.32378870117485,10.55664243751853,10.23646855004597,10.347437908772255,3753169.0,214589664.0
2024-02-22,10.55664243751853,11.382545533612516,10.55664243751853,11.382545533612516,7938264.0,485200128.0
2024-02-23,11.915562289461722,12.12658598802318,11.64632515681434,11.857348855375802,12705971.0,828987008.0
2024-02-26,11.770028704246922,11.770028704246922,11.326151269341782,11.569920024576572,9107661.0,577331584.0
2024-02-27,11.424386439361772,12.726912027034228,11.406194741209923,12.726912027034228,13760264.0,929570560.0
2024-02-28,12.726912027034228,12.987053310605683,11.942849836689497,12.00652078022097,15729821.0,1086242304.0
2024-02-29,11.860987195006171,12.80695549890237,11.85371051574543,12.770572102598669,12124724.0,835941376.0
2024-03-01,12.663241083502754,13.640135274257098,12.661421913687567,13.410919877543787,12422380.0,912192960.0
2024-03-04,13.330876405675648,13.91482991635003,13.330876405675648,13.447303273847487,9276539.0,692418560.0
2024-03-05,13.423654066250084,13.92574493524114,13.127129386374927,13.50005919848785,10784999.0,803564352.0
2024-03-06,13.461856632368967,14.48241089868775,13.372717311424903,14.349611502179243,14349777.0,1100210688.0
2024-03-07,14.371441539961465,15.41564501387765,14.371441539961465,14.771658899302164,14899533.0,1222732416.0
2024-03-08,14.793488937084383,16.24882478923238,14.724360484107354,16.24882478923238,15509638.0,1328337408.0
2024-03-11,16.188792185331273,16.288846525166452,15.475677617778755,16.263378147753862,14511797.0,1260442880.0
2024-03-12,16.11420622290869,16.11420622290869,15.008150975276212,15.331963202379143,14480782.0,1229363072.0
2024-03-13,15.608477014287262,15.774021467469096,15.164599579382124,15.408368334616913,12259031.0,1042060800.0
2024-03-14,15.262834749402113,15.386538296834692,14.920830824147332,15.204621315316192,10148570.0,843645056.0
2024-03-15,14.882628258028449,16.285208185536078,14.81713814468179,16.17605799662498,18205752.0,1553399296.0
2024-03-18,15.83041573173983,16.912821771774905,15.826777392109461,16.690883054322335,16874240.0,1540642048.0
2024-03-19,16.55444531818346,17.058355356989704,16.40891173296866,16.690883054322335,9105234.0,843484544.0
2024-03-20,16.829139960276393,17.13294131941229,16.572637016335307,16.71453226191974,7147883.0,658073984.0
2024-03-21,16.563541167259384,16.876438375471203,16.283389015720896,16.29976154405756,8177261.0,739013312.0
2024-03-22,16.29976154405756,16.536253620031612,16.072365317159434,16.35433663851311,6497807.0,581294528.0
2024-03-25,16.352517468697926,16.481678525576058,15.803128184512056,15.826777392109461,5999831.0,530523328.0
2024-03-26,16.09965286438721,16.439837619826804,15.899544184716863,15.97231097732426,7257044.0,643047360.0
2024-03-27,15.868618297858717,16.24518644960201,15.504784334821718,15.886809996010566,6467206.0,563889344.0
2024-03-28,15.863160788413161,16.39072003481681,15.726723052274288,16.11056788327832,7052350.0,624266368.0
2024-03-29,16.065088637898697,16.254282298677936,15.826777392109461,16.22335641181979,5397298.0,475661632.0
2024-04-01,16.236090600526087,17.747820716944815,15.917735882868712,17.445838527624108,10683475.0,1001134784.0
2024-04-02,17.28211324425746,17.60774464117557,16.89281090380787,17.28029407444227,7026809.0,662831680.0
2024-04-03,17.28029407444227,17.28029407444227,16.679968035431223,17.02742947013156,5488002.0,511328128.0
2024-04-08,16.918279281220457,17.196612262943763,16.64540380894271,16.88189588491676,4206397.0,390079200.0
2024-04-09,16.88189588491676,16.918279281220457,16.552626148368272,16.820044111200467,3217620.0,296060896.0
2024-04-10,16.821863281015652,17.183878074237466,16.243367279786828,16.596286223932715,6275209.0,573319808.0
2024-04-11,16.214260562743863,16.752734828038623,16.208803053298308,16.37252833666496,5329637.0,482538944.0
2024-04-12,16.481678525576058,17.973397774027756,16.46348682742421,17.609563810990757,11454172.0,1101651968.0
2024-04-15,17.50041362207966,17.824225849182586,17.27847490462709,17.824225849182586,6448523.0,624629120.0
2024-04-16,16.936470979372306,17.28029407444227,16.041439430301292,16.183334675885718,15526247.0,1399452928.0
2024-04-17,15.826777392109461,16.485316865206432,15.826777392109461,16.27793150627534,9160749.0,816684096.0
2024-04-18,16.00869437362796,16.46348682742421,15.67396712763392,16.232452260895716,4975908.0,443059808.0
2024-04-19,16.232452260895716,16.250643959047565,15.281026447553963,15.57209361798356,8586364.0,736942464.0
2024-04-22,14.808042295605865,15.408368334616913,14.313228105875545,15.193706296425082,7861410.0,646896512.0
2024-04-23,15.388357466649877,15.643041240775776,15.028161843243248,15.100928635850648,4102549.0,343569856.0
2024-04-24,15.126397013263238,16.16878131736424,15.126397013263238,15.859522448782792,6572543.0,566471360.0
2024-04-25,15.790393995805761,15.96867263769389,15.664871278557996,15.850426599706866,2699058.0,234781376.0
2024-04-26,16.07418448697462,17.07836622495674,16.07418448697462,16.754553997853808,7683657.0,702851584.0
2024-04-29,16.785479884711954,17.13657965904266,16.658137997649003,17.025610300316373,5484895.0,511220064.0
2024-04-30,16.927375130296383,17.318496640561158,16.921917620850827,16.994684413458227,4735069.0,446167712.0
2024-05-06,17.427646829472256,17.431285169102626,16.73636229970196,16.8891725641775,5281115.0,492536704.0
2024-05-07,16.88189588491676,17.318496640561158,16.64540380894271,16.78366071489677,4704629.0,437611872.0
2024-05-08,16.709074752474184,17.054717017359334,16.42710343112051,16.51806192187976,3991506.0,364905824.0
2024-05-09,16.479859355760876,16.59082871448716,16.310676562948668,16.481678525576058,3460060.0,313166400.0
2024-05-10,16.49987022372791,16.49987022372791,15.755829769317247,16.014151883073517,6233720.0,548442624.0
2024-05-13,15.97231097732426,16.414369242414214,15.88135248656501,16.126940411614985,4036262.0,358689216.0
2024-05-14,16.174238826809795,16.42710343112051,15.917735882868712,16.02688607177981,2380292.0,210825376.0
2024-05-15,16.02324773214944,16.265197317569044,15.81950071284872,15.859522448782792,2733665.0,240426864.0
2024-05-16,16.15422795884276,16.305219053503116,15.890448335640935,16.13239792106054,4231213.0,375193984.0
2024-05-17,16.03052441141018,16.13603626069091,15.719446373013547,16.072365317159434,3165612.0,277584064.0
2024-05-20,16.061450298268326,16.24518644960201,15.80494735432724,16.13603626069091,4741739.0,417653600.0
2024-05-21,16.13239792106054,17.13476048922747,16.017790222703884,16.77274569600566,8293318.0,764168576.0
2024-05-22,16.68542554487678,16.82368245083084,16.465305997239394,16.650861318388266,4078660.0,373474080.0
2024-05-23,16.827320790461208,17.50041362207966,16.6708721863553,17.158409696824876,8579165.0,805681216.0
2024-05-24,17.15477135719451,17.374890904831894,16.498051053912725,16.55444531818346,4932129.0,458367584.0
2024-05-27,16.538072789846794,17.07836622495674,16.410730902783843,16.75819233748418,3796475.0,347702592.0
2024-05-28,16.76183067711455,16.76910735637529,16.28156984590571,16.314314902579042,3201027.0,288453696.0
2024-05-29,16.287027355351267,16.55080697855309,16.259739808123488,16.359794147958667,2402836.0,216420864.0
2024-05-30,17.890050439816406,18.69864029020359,17.69801035034945,18.534900845500186,4321481.0,393680480.0
2024-05-31,18.47829955597308,18.640017526050517,18.14475624268837,18.179121311329826,2591350.0,234603280.0
2024-06-03,18.19529310833757,19.68511990767595,18.19529310833757,18.981646737839103,8035936.0,758425024.0
2024-06-04,18.850250887151187,19.15145060642041,18.631931627546646,18.98568968709104,4701505.0,439920256.0
2024-06-05,18.965474940831356,19.32327594962769,18.868444158784897,18.89270185429651,4227773.0,399080416.0
2024-06-06,19.09282784226734,19.87311704789097,18.989732636342975,19.48095097045319,8822522.0,851311808.0
2024-06-07,19.345512170513334,19.64873336440853,18.77545632599037,18.967496415457326,6187468.0,585772864.0
2024-06-11,18.9755823139612,19.385941663032696,18.741091257348916,19.29901825411607,4891921.0,464050752.0
2024-06-12,19.246459913840905,20.19048856416794,19.179751251183962,19.547659633110133,6307055.0,615682496.0
2024-06-13,19.5496811077361,21.20931177565579,19.5496811077361,20.796930951958327,11124163.0,1129540864.0
2024-06-14,20.821188647469942,22.01992310066894,20.443172892413934,21.670207990376483,10133479.0,1070483712.0
2024-06-17,21.629778497857124,22.674880879482558,21.387201542740968,22.211963190135894,8327027.0,907096384.0
2024-06-18,21.93299969175232,22.4262395004885,21.54487656356647,21.935021166378288,6393272.0,692896896.0
2024-06-19,22.032051948424748,22.135147154349113,21.474124951657593,21.700530109766003,4840181.0,520084928.0
2024-06-20,21.42763103526033,21.91278494549264,21.42763103526033,21.528704766558725,3350886.0,359367840.0
2024-06-21,21.185054080144173,21.953214438011997,21.023336110066737,21.710637482895844,3713056.0,395375424.0
2024-06-24,21.530726241184695,22.66477350635272,21.40741628900065,21.488275274039367,7233242.0,788489856.0
2024-06-25,21.32655730396193,21.530726241184695,20.954605972783828,21.174946707014335,5987763.0,628054080.0
2024-06-26,21.42763103526033,21.631799972483094,20.867682563867206,21.53274771581066,5734311.0,604305600.0
2024-06-27,21.35687942335145,21.488275274039367,20.837360444477685,20.877789936997047,4888164.0,510460800.0
2024-06-28,20.750437035561067,21.811711214194244,20.750437035561067,21.381137118863066,6332547.0,675322560.0
2024-07-01,21.342729100969674,21.528704766558725,20.79086652808042,21.461996103901786,3753195.0,393536256.0
2024-07-02,21.385180068115,21.385180068115,20.825231596721878,21.0132287369369,3175587.0,330418112.0
2024-07-03,20.92226237876834,21.16079638463256,20.416893722276352,20.809059799714134,3813833.0,390718816.0
2024-07-04,20.94247712502802,21.559026885948246,20.839381919103655,21.235590945793373,4701729.0,495298816.0
2024-07-05,21.124409841365136,21.439759883016137,20.629148558002985,21.314428456206123,4085587.0,425149312.0
2024-07-08,21.225483572663535,21.627757023231155,21.134517214494974,21.255805692053055,3479416.0,368301408.0
2024-07-09,21.25782716667902,22.185684019998313,21.08195887421981,22.185684019998313,7186422.0,775327360.0
2024-07-10,23.24695819863149,24.40526315931113,23.22472197774584,24.40526315931113,15259468.0,1828377984.0
2024-07-11,24.457821499586295,25.699006919930618,24.279931732501115,25.670706275167067,15933781.0,1979009152.0
2024-07-12,24.864137899405854,25.832424245244507,24.478036245845974,25.498880931959793,9041463.0,1127727488.0
2024-07-15,25.498880931959793,25.965841570558386,25.30077641861493,25.753586734831757,5065464.0,642789376.0
2024-07-16,25.733371988572074,26.404501564393435,25.48270913495205,26.38024386888182,6882711.0,884753536.0
2024-07-17,26.07297972573469,26.240762119690032,24.96521163070425,24.983404902337963,8531690.0,1073904128.0
2024-07-18,24.69231255619858,25.1451228724154,24.05756952364464,24.79540776212294,6431854.0,782370496.0
2024-07-19,24.793386287496975,25.108736329147973,24.27588878324918,24.378983989173545,4646163.0,565869056.0
2024-07-22,24.393134311555322,24.500272466731623,23.85946501029978,24.190986848958524,5095144.0,609026368.0
2024-07-23,24.27588878324918,24.48005772047194,23.14588446733309,23.17620658672261,5690227.0,664303808.0
2024-07-24,23.24695819863149,23.538050544770876,22.545506503420608,22.65264465859691,5771106.0,655241792.0
2024-07-25,22.236220885647512,22.676902354108528,21.975450658897643,22.284736276670742,4655219.0,513001536.0
2024-07-26,22.357509363205587,22.63242991233723,21.993643930531356,22.38378853334317,4022583.0,443969792.0
2024-07-29,22.399960330350915,22.943737004736295,22.034073423050717,22.523270282534963,5095754.0,568814272.0
2024-07-30,22.258457106533157,22.436346873618337,22.005772778287163,22.254414157281225,3188043.0,350070944.0
2024-07-31,22.094717661829755,22.519227333283027,21.552962462070344,22.371659685587364,6832229.0,750967168.0
2024-08-01,23.081197279302117,23.994903810239634,22.81840557792628,23.643167225321207,13290626.0,1541264128.0
2024-08-02,22.440389822870277,23.014488616645174,21.993643930531356,22.438368348244307,8745865.0,974881856.0
2024-08-05,21.36900827110726,22.058331118562332,21.033443483196578,21.033443483196578,9310049.0,988090496.0
2024-08-06,21.761174348545044,21.852140706713598,20.851510766859462,21.181011130892237,6082341.0,635502208.0
2024-08-07,21.069830026464,21.19111850402208,20.487645334185228,20.701921644537833,6003161.0,617231936.0
2024-08-08,20.388593077512798,20.691814271407992,20.174316767160196,20.366356856627153,4628680.0,467250112.0
2024-08-09,20.679685423652185,20.993013990677216,20.503817131192974,20.728200814675418,5509187.0,566322432.0
2024-08-12,20.738308187805256,21.480189375535495,20.621062659499117,21.183032605518207,5557118.0,582052224.0
2024-08-13,21.185054080144173,22.14727600210492,21.183032605518207,21.924913793248447,7077485.0,765048064.0
2024-08-14,22.209941715509927,22.539442079542706,21.805646790316338,21.87235545297328,5385089.0,589675840.0
2024-08-15,21.730852229155524,22.20589876625799,21.098130671227555,21.401351865122745,5620869.0,598318208.0
2024-08-16,21.573177208330023,22.294843649800583,21.573177208330023,21.77128172167488,5586652.0,607604544.0
2024-08-19,21.726809279903588,21.91278494549264,21.528704766558725,21.65403619336874,2764289.0,297137824.0
2024-08-20,21.856183655965538,22.131104205097177,21.464017578527752,21.548919512818404,2485497.0,266838240.0
2024-08-21,21.225483572663535,22.236220885647512,21.201225877151916,21.82181858732408,3928726.0,424054336.0
2024-08-22,21.83394743507989,22.216006139387833,21.366986796481292,22.054288169310393,4048050.0,437935232.0
2024-08-23,21.9592788618899,22.05024522005846,21.567112784452117,21.823840061950047,3140883.0,338328608.0
2024-08-26,21.809689739568274,21.93299969175232,21.322514354709995,21.466039053153718,2828261.0,301588096.0
2024-08-27,21.286127811442572,21.561048360574212,21.005142838433027,21.156753435380622,3448539.0,362027488.0
2024-08-28,21.40741628900065,22.25643563190719,20.83331749522575,20.95258449815786,5894202.0,624764992.0
2024-08-29,20.825231596721878,20.92226237876834,19.206030421321547,20.08941483286954,11803696.0,1159357184.0
2024-08-30,19.994405525449046,20.92226237876834,19.9721693045634,20.372421280505055,9548385.0,965300992.0
2024-09-02,20.550311047590235,20.760544408690905,19.8144942837379,19.830666080745644,5147043.0,511750144.0
2024-09-03,19.85492377625726,20.186445614916003,19.61032534651514,19.63458304202675,5340636.0,521905152.0
2024-09-04,19.10293521539718,19.383920188406726,18.700661764829558,19.26869613472655,6724479.0,632344320.0
2024-09-05,19.254545812344777,19.68916285692789,19.07261309600766,19.274760558604456,3942288.0,377994080.0
2024-09-06,19.274760558604456,19.325297424253655,18.625867203668744,18.627888678294713,4165770.0,388317632.0
2024-09-09,18.555115591759865,18.81386434388376,18.397440570934364,18.609695406661,4119578.0,378687296.0
2024-09-10,18.55107264250793,19.10293521539718,18.484363979850986,18.880573006540708,3978300.0,370851520.0
2024-09-11,18.882594481166674,19.10293521539718,18.514686099240507,18.613738355912936,3238914.0,300248320.0
2024-09-12,18.997818534846846,19.201987472069607,18.504578726110665,18.55713706638583,4068571.0,377604608.0
2024-09-13,18.512664624614537,19.64873336440853,18.496492827606794,19.32327594962769,9049211.0,862090816.0
2024-09-18,19.264653185474614,19.68916285692789,18.93515282144184,19.53553078535432,5190097.0,494971296.0
2024-09-19,19.543616683858197,19.604260922637234,18.132627394932562,18.354989603789036,12167322.0,1117442560.0
2024-09-20,18.169013938199985,18.367118451544844,17.940587305465606,18.08411200390933,7596624.0,680081600.0
2024-09-23,18.098262326291106,18.385311723178557,17.730353944364936,17.746525741372682,6803511.0,603821760.0
2024-09-24,17.799084081647848,18.722897985715207,17.590872195173148,18.514686099240507,8393696.0,756769408.0
2024-09-25,18.76534895286053,19.232309591459128,18.32062453514758,18.334774857529357,9378750.0,869459520.0
2024-09-26,18.328710433651455,18.799714021501988,18.0921979024132,18.77949927524231,7337176.0,668717248.0
2024-09-27,18.965474940831356,20.65744920276654,18.961431991579424,20.392636026764734,12661451.0,1249751424.0
2024-09-30,21.25782716667902,22.4323039243664,20.65744920276654,22.4323039243664,13885676.0,1492930944.0
2024-10-08,24.676140759190833,24.676140759190833,22.879049816705322,24.676140759190833,16883584.0,2020391552.0
2024-10-09,24.257695511615466,25.371528030523812,23.044810736034695,23.507728425381355,13931575.0,1665925248.0
2024-10-10,23.812971093902515,24.152578831065135,22.95990880174404,23.251001147883425,10243820.0,1194071168.0
2024-10-11,23.044810736034695,23.372289625441503,21.528704766558725,21.926935267874413,9192326.0,1014044032.0
2024-10-14,21.91278494549264,22.1169538827154,21.225483572663535,22.032051948424748,8600019.0,925741632.0
2024-10-15,21.92289231862248,22.7415895421395,21.579241632207925,21.76521729779698,8078857.0,884383936.0
2024-10-16,21.045572330952385,21.32655730396193,20.439129943161998,20.728200814675418,9034910.0,930751872.0
2024-10-17,20.821188647469942,21.42763103526033,20.738308187805256,20.958648922035763,7246371.0,755406528.0
2024-10-18,21.019293160814804,23.054918109164532,20.811081274340104,22.834577374934025,13379573.0,1474474752.0
2024-10-21,22.963951750995975,23.647210174573146,22.131104205097177,22.78201903465886,14405896.0,1629908352.0
2024-10-22,22.70116004962014,23.645188699947177,22.468690467633827,22.927565207728552,9951027.0,1135895936.0
2024-10-23,22.6405158108411,22.877028342079353,21.829904485827953,22.074502915570076,12356406.0,1363543424.0
2024-10-24,21.83192596045392,22.46262604375592,21.488275274039367,22.064395542440238,6511595.0,708023168.0
2024-10-25,22.438368348244307,22.86894244357548,21.993643930531356,22.418153601984628,9615825.0,1065537536.0
2024-10-28,22.236220885647512,22.236220885647512,20.958648922035763,21.223462098037565,16242857.0,1706004608.0
2024-10-29,21.156753435380622,21.90065609773683,20.889918784752854,21.468060527779688,12927422.0,1372683904.0
2024-10-30,21.409437763626617,21.62573554860519,20.902047632508662,21.086001823471744,8351542.0,875751168.0
2024-10-31,21.08802329809771,21.581263106833894,20.835338969851716,21.237612420419342,7762127.0,814173376.0
2024-11-01,21.023336110066737,21.40539481437468,20.513924504322812,20.530096301330556,8434430.0,866632640.0
2024-11-04,20.5968049639875,21.185054080144173,20.354228008871345,20.58669759085766,8954895.0,912665024.0
2024-11-05,20.519988928200718,21.83192596045392,20.12175842688503,21.698508635140037,14476114.0,1511132800.0
2024-11-06,21.76319582317101,22.216006139387833,21.07993739959384,21.253784217427086,11400318.0,1219487232.0
2024-11-07,20.92226237876834,21.629778497857124,20.92226237876834,21.621692599353253,9051316.0,952191616.0
2024-11-08,21.837990384331825,22.616258115329487,21.749045500789236,21.797560891812466,10710217.0,1173436672.0
2024-11-11,21.84405480820973,23.32579570904424,21.708616008269875,23.309623912036496,14402490.0,1620212736.0
2024-11-12,23.085240228554053,23.289409165776814,22.598064843695777,22.83255590030806,10013229.0,1133278080.0
2024-11-13,22.842663273437896,23.30558096278456,22.6405158108411,23.23685082550165,8341253.0,950083136.0
2024-11-14,23.27728031802101,23.566351189534426,22.05024522005846,22.110889458837498,8338706.0,934822528.0
2024-11-15,22.01385867679104,22.684988252612396,21.225483572663535,21.24974126817515,6986708.0,760705152.0
2024-11-18,21.40337333974871,21.48423232478743,20.44923731629184,20.72617934004945,6103029.0,629609792.0
2024-11-19,20.72617934004945,21.181011130892237,20.473495011803454,21.09004477272368,5643668.0,580164672.0
2024-11-20,21.077915924967872,21.21739767415966,20.825231596721878,20.954605972783828,4459795.0,463065920.0
2024-11-21,20.825231596721878,20.92428385339431,20.59478348936153,20.788845053454455,4197486.0,431042976.0
2024-11-22,20.788845053454455,20.92226237876834,19.911525065784364,19.911525065784364,6785592.0,682468352.0
2024-11-25,19.889288844898715,19.951954558303722,19.16357945417622,19.5052086659648,5674852.0,546513728.0
2024-11-26,19.40615640929237,19.949933083677752,19.331361848131557,19.66490516141627,3800419.0,370134976.0
2024-11-27,19.602239448011264,20.481580910307326,19.462757698819477,20.19453151341988,4793177.0,473853888.0
2024-11-28,20.19048856416794,20.19251003879391,19.757892994210795,19.812472809111934,3050169.0,301589632.0
2024-11-29,19.759914468836765,20.24102542981714,19.703313179309664,19.98429815231921,3601671.0,355806528.0
2024-12-02,20.057071238854054,20.59478348936153,19.99238405082308,20.59478348936153,5516871.0,553789824.0
2024-12-03,20.437108468536028,20.517967453574748,19.830666080745644,20.03483501796841,5053702.0,501957536.0
2024-12-04,20.133887274640838,20.17229529253423,19.72554940019531,19.810451334485965,3456932.0,340407072.0
2024-12-05,19.721506450943377,20.103565155251317,19.681076958424015,19.881202946394843,2638910.0,259881744.0
2024-12-06,19.881202946394843,20.30166966859618,19.772043316592573,20.152080546274547,3761080.0,373709024.0
2024-12-09,20.11165105375519,20.21878920893149,19.85492377625726,20.020684695586635,2729790.0,270313184.0
2024-12-10,20.821188647469942,20.821188647469942,19.89535326877662,19.99238405082308,4474973.0,447919648.0
2024-12-11,19.860988200135164,20.210703310427622,19.731613824073214,20.018663220960665,3135646.0,310069280.0
2024-12-12,19.98631962694518,20.202617411923747,19.871095573265002,20.117715477633094,2681356.0,266446336.0
2024-12-13,19.93376128667001,20.416893722276352,19.911525065784364,20.15005907164858,4922833.0,490145504.0
2024-12-16,20.17027381790826,20.786823578828486,20.152080546274547,20.651384778888634,7195969.0,732586816.0
2024-12-17,20.544246623712333,22.6405158108411,20.53413925058249,22.339316091571877,16960604.0,1841005184.0
2024-12-18,22.04822374543249,22.438368348244307,21.87235545297328,22.27058595428897,7475136.0,820001216.0
2024-12-19,21.93299969175232,24.061612472896574,21.93299969175232,23.84733616254397,15683051.0,1798129408.0
2024-12-20,23.479427780617804,24.494208042853717,23.418783541838764,23.715940311856052,12573076.0,1486681984.0
2024-12-23,23.96660316547608,25.042027666491034,23.855422061047843,23.964581690850114,13743722.0,1663860864.0
2024-12-24,24.05554804901867,24.64986158905325,23.671467870084758,24.64177569054938,8594636.0,1027233792.0
2024-12-25,24.864137899405854,25.268432824599444,24.45984297421226,24.58113145177034,6923592.0,851576192.0
2024-12-26,24.544744908502917,26.471210227050374,24.257695511615466,25.988077791444038,11405237.0,1446496768.0
2024-12-27,25.982013367566132,26.465145803172472,25.573675493120607,25.810188024358858,7492757.0,964338560.0
2024-12-30,25.79603770197708,26.938170865648974,25.692942496052716,26.258955391323745,8293407.0,1080538752.0
2024-12-31,26.165967558529218,26.17607493165906,25.128951075407656,25.268432824599444,8730353.0,1096081664.0
2025-01-02,25.108736329147973,25.632298257273675,24.23343781610385,24.55283080700679,7959202.0,978480256.0
2025-01-03,24.79945071137488,24.83785872926827,23.853400586421877,23.954474317720273,5480483.0,657935040.0
2025-01-06,24.05554804901867,24.575067027892434,23.449105661228284,23.788713398390904,4802098.0,565846272.0
2025-01-07,23.932238096834627,25.367485081271873,23.71796178648202,25.32301263950058,8944682.0,1097048704.0
2025-01-08,25.070328311254585,26.00627106307775,24.71657025171019,25.789973278099176,9109391.0,1145298432.0
2025-01-09,25.854660466130152,26.859333355236227,25.470580287196242,25.494837982707857,10810910.0,1398420608.0
2025-01-10,25.10469337989604,26.042657606345173,25.10469337989604,25.504945355837695,7338104.0,929794240.0
2025-01-13,25.023834394857325,25.53728894985318,24.56091670551066,24.900524442673277,6247793.0,772512704.0
2025-01-14,24.90658886655118,26.07500120036066,24.621560944289698,25.87487521238983,6185400.0,779729472.0
2025-01-15,25.672727749793037,25.804123600480953,25.00564112322361,25.06628536200265,4762872.0,595521472.0
2025-01-16,25.187573839560724,25.258325451469606,24.01511855649931,24.66199043680906,7162207.0,867004288.0
2025-01-17,24.445692651830488,25.76571558258756,24.445692651830488,25.33109853800445,5435918.0,678090688.0
2025-01-20,25.496859457333823,26.653142943387493,25.369506555897843,26.317578155476813,7027234.0,910595904.0
2025-01-21,26.63899262100572,27.2899074505674,26.51770414344764,27.107974734230282,7217468.0,963826560.0
2025-01-22,27.04733049545125,28.624080703706248,26.86539777911413,28.256172321780085,9128130.0,1263527040.0
2025-01-23,28.256172321780085,28.502792226148173,27.63355813698195,28.167227438237493,6489313.0,901776448.0
2025-01-24,27.997423569656185,28.27638706803976,27.423324775881284,28.043917486053445,5666565.0,782203520.0
2025-01-27,27.69420237576099,27.69420237576099,26.289277510713266,26.38024386888182,7870661.0,1047759744.0
2025-02-05,26.38024386888182,26.4570599046686,23.833185840162198,24.64177569054938,12229963.0,1487584384.0
2025-02-06,24.64177569054938,25.177466466430886,24.219287493722078,25.06628536200265,9481109.0,1160302208.0
2025-02-07,25.070328311254585,25.6686848005411,24.45984297421226,24.829772830764398,9672305.0,1201233408.0
2025-02-10,24.864137899405854,26.295341934591168,24.864137899405854,26.117452167505984,10088926.0,1290156160.0
2025-02-11,26.113409218254052,27.896349838357786,25.89508995864951,27.45566836989677,8703282.0,1168535808.0
2025-02-12,27.492054913164196,28.927301897601442,27.457689844522744,28.9050656767158,8525452.0,1190041600.0
2025-02-13,28.9050656767158,28.9050656767158,27.564827999699045,27.673987629501312,6740272.0,935142464.0
2025-02-14,27.237349110292236,28.549286142545434,27.237349110292236,27.56280652507307,6187278.0,851779328.0
2025-02-17,27.69420237576099,30.320097914893367,27.665901730997444,29.913781515073804,11648232.0,1722030464.0
2025-02-18,29.855158750920737,31.33285670250331,29.715677001728945,30.11997192692254,11102185.0,1677372288.0
2025-02-19,30.10380012991479,30.64353385504824,29.523636912261992,29.905695616569933,8090947.0,1199094528.0
2025-02-20,29.978468703104785,31.169117257799908,29.501400691376343,30.92856177730972,7048267.0,1065730048.0
2025-02-21,31.53500416510011,33.20878515540157,31.43393043380171,32.45477511991553,9056350.0,1459996800.0
2025-02-24,32.07069494098162,32.418388576648105,30.540438649123875,30.82748804601132,7341033.0,1131369728.0
2025-02-25,30.320097914893367,30.508095055108384,29.424584655589562,29.655032762949904,9513435.0,1406545280.0
2025-02-26,29.655032762949904,29.92591036282961,29.08093396917501,29.210308345236957,6363132.0,925198080.0
2025-02-27,29.64492538982007,29.67524750920959,28.062110757687158,28.71909001112674,8372249.0,1185179136.0
2025-02-28,28.144991217351844,28.2804300172917,26.287256036087292,26.459081379294567,13226665.0,1770623104.0
2025-03-03,26.38024386888182,26.38024386888182,24.16875062807288,24.607410621907924,23663140.0,2899405568.0
2025-03-04,24.257695511615466,25.38163540365365,23.606780682053785,25.230024806706055,18605948.0,2258023936.0
2025-03-05,25.601976137884158,25.996163689947906,24.920739188932956,25.320991164874613,12115246.0,1518873216.0
2025-03-06,25.670706275167067,27.20096256702481,25.329077063378485,26.78656026870138,19684474.0,2577286656.0
2025-03-07,26.48131760018022,27.2899074505674,26.27917013758342,26.519725618073608,10916013.0,1448092288.0
2025-03-10,26.582391331478615,26.752195200059926,26.077022674986626,26.56621953447087,8813848.0,1151804416.0
2025-03-11,26.13362396451373,26.883591050747842,25.268432824599444,25.569632543868668,13765778.0,1766471040.0
2025-03-12,25.474623236448174,26.335771427110526,25.179487941056856,25.68687807217481,9922109.0,1268566144.0
2025-03-13,25.27247577385138,26.6652717911433,24.839880203894236,25.87487521238983,14972694.0,1906960256.0
2025-03-14,25.96786304518436,28.05200338455732,25.96382009593242,28.04998190993135,17314394.0,2324186368.0
2025-03-17,28.047960435305384,28.10254025020652,27.304057772949175,27.99540209503022,11860582.0,1621918720.0
2025-03-18,28.098497300954584,29.61460327043055,27.631536662355984,28.979860237876615,12563332.0,1775948288.0
2025-03-19,28.848464387188695,28.848464387188695,26.99275068055011,27.300014823697243,14333020.0,1963505408.0
2025-03-20,27.249477958048043,27.69420237576099,26.693572435906855,26.780495844823474,9039504.0,1214859904.0
2025-03-21,26.727937504548308,26.98264330742027,26.240762119690032,26.49142497331006,7877762.0,1033946816.0
2025-03-24,26.489403498684087,27.20904846552868,26.4004586151415,26.91391317013736,7541864.0,999537024.0
2025-03-25,26.91593464476333,27.253520907299976,25.731350513946108,25.862746364634024,8484415.0,1107668608.0
2025-03-26,25.862746364634024,26.44088810766086,25.72730756469417,25.959777146680484,5305243.0,684615872.0
2025-03-27,25.733371988572074,26.21852589880438,25.45238701556253,25.761672633335625,4484360.0,572356160.0
2025-03-28,25.761672633335625,25.909240281031284,25.43015079467688,25.450365540936563,4344958.0,549780672.0
2025-03-31,25.292690520111062,25.674749224419006,24.97734047846006,25.48270913495205,5706740.0,713868544.0
2025-04-01,25.87487521238983,26.27917013758342,25.470580287196242,25.55143927223496,7270019.0,931027520.0
2025-04-02,25.470580287196242,26.115430692880018,25.37961392902768,25.78795180347321,5102077.0,650927232.0
2025-04-03,25.470580287196242,25.569632543868668,24.122256711675615,24.627625368167603,9972677.0,1224617216.0
2025-04-07,22.236220885647512,22.81840557792628,22.165469273738633,22.165469273738633,8017710.0,886745984.0
2025-04-08,21.63382144710906,22.278671852792836,20.32188441485586,21.114302468235298,15335205.0,1605522816.0
2025-04-09,20.214746259679554,21.706594533643905,20.01259879708276,21.233569471167407,11440517.0,1188767744.0
2025-04-10,22.292822175174614,22.82042705255225,21.686379787384226,21.781389094804723,11509335.0,1270202752.0
2025-04-11,21.629778497857124,22.55965682580238,21.4296525098863,22.27058595428897,9663853.0,1053607296.0
2025-04-14,22.943737004736295,22.984166497255657,21.924913793248447,22.149297476730887,7942949.0,876163840.0
2025-04-15,22.034073423050717,22.04215932155459,21.5873275307118,21.87235545297328,4994087.0,537707264.0
2025-04-16,21.629778497857124,21.83192596045392,21.043550856326416,21.415502187504522,6946315.0,734516608.0
2025-04-17,21.26995601443483,21.734895178407456,21.205268826403856,21.310385506954187,4897114.0,520193888.0
2025-04-18,21.340707626343704,21.83192596045392,21.310385506954187,21.795539417186497,5149042.0,550942848.0
2025-04-21,21.79149646793456,22.436346873618337,21.58328458145986,22.418153601984628,6331748.0,691743104.0
2025-04-22,22.280693327418806,22.90937193609484,22.034073423050717,22.422196551236564,7956736.0,886704192.0
2025-04-23,22.6405158108411,22.800212306292572,21.89257019923296,22.3757026348393,9081337.0,999917568.0
2025-04-24,21.973429184271676,22.08056733944798,21.468060527779688,21.48221085016146,10169420.0,1091053056.0
2025-04-25,21.69042273663616,22.636472861589166,21.631799972483094,22.09876061108169,10726296.0,1179343360.0
2025-04-28,22.224092037891705,22.317079870686232,21.92289231862248,21.99970835440926,4898902.0,534632256.0
2025-04-29,21.99768687978329,22.054288169310393,21.69042273663616,21.84405480820973,4104185.0,443133888.0
2025-04-30,21.902677572362798,22.278671852792836,21.730852229155524,22.03811637230265,5099861.0,556819072.0
2025-05-06,22.35346641395365,23.546136443274747,22.343359040823813,23.37835404931941,10825640.0,1237017728.0
2025-05-07,23.905958926697043,24.02724740425512,23.172163637470675,23.40665469408296,6716938.0,780710592.0
2025-05-08,23.410697643334895,24.10810638929384,23.34803192992989,24.10608491466787,8943673.0,1057472384.0
2025-05-09,23.885744180437364,23.980753487857857,23.184292485226482,23.263129995639233,6318824.0,732862912.0
2025-05-12,23.622952479061528,23.98883938636173,23.29951653890666,23.570394138786362,6367365.0,743366720.0
2025-05-13,23.922130723704786,23.922130723704786,23.34803192992989,23.400590270205054,5186584.0,603886848.0
2025-05-14,23.473363356739902,23.89787302819317,23.271215894143104,23.392504371701182,6549820.0,762557440.0
2025-05-15,23.259087046387297,23.261108521013263,22.478797840763665,22.521248807908993,7287313.0,819712768.0
2025-05-16,22.4828407900156,22.598064843695777,22.292822175174614,22.4323039243664,5693973.0,632346176.0
2025-05-19,22.438368348244307,22.674880879482558,21.935021166378288,22.65264465859691,5323533.0,587832448.0
2025-05-20,22.54348502879464,22.55561387655045,22.236220885647512,22.4828407900156,4073640.0,452033632.0
2025-05-21,22.48486226464157,22.684988252612396,22.339316091571877,22.50305553627528,4414949.0,492314976.0
2025-05-22,22.438368348244307,22.83255590030806,22.240263834899448,22.40198180497688,5412628.0,602362688.0
2025-05-23,22.361552312457526,22.537420604916736,21.943107064882156,21.953214438011997,4651548.0,511586016.0
2025-05-26,21.987579506653454,22.33527314231994,21.868312503721345,22.082588814073947,3394398.0,371254432.0
2025-05-27,21.975450658897643,22.01385867679104,21.235590945793373,21.332621727839836,5834555.0,619967808.0
2025-05-28,21.381137118863066,21.7510669754152,21.35081499947355,21.726809279903588,5108464.0,545989952.0
2025-05-29,77.05875263633625,80.0471286532088,77.05875263633625,79.90616752033745,9724214.0,820010048.0
2025-05-30,78.96642663452847,79.859180476047,77.70717384754444,79.18256703826455,7018213.0,588429504.0
2025-06-03,78.51535100934016,81.62589334136788,78.2052365170232,80.99626694787587,9057579.0,777069824.0
2025-06-04,81.17481771617958,83.91886110274179,80.99626694787587,82.85695390177764,10285617.0,907309248.0
2025-06-05,82.88514612835192,87.8563754142814,82.58442904489304,86.85085266646581,14454028.0,1316598144.0
2025-06-06,85.98629105152155,87.53686351310637,85.3754594757457,86.34339258812895,9109799.0,837599936.0
2025-06-09,86.45616149442603,89.69826755046701,86.45616149442603,88.86189816209702,12376989.0,1170087296.0
2025-06-10,88.28865622175354,90.02717686050015,87.39590238023501,88.71153962036759,9140660.0,862041984.0
2025-06-11,88.75852666465804,90.75077734257306,88.22287435974691,88.29805363061163,9184255.0,873913088.0
2025-06-12,88.31684844832782,91.57774932208497,87.499273877674,90.1681379933715,11199801.0,1075460992.0
2025-06-13,89.77344682133173,91.09848147032238,88.59877071407051,89.74525459475745,7373302.0,703348736.0
2025-06-16,89.69826755046701,94.91382946670684,89.09683338354927,92.98736065079844,12546525.0,1243054976.0
2025-06-17,93.04374510394697,93.97408858089787,89.61369087074421,90.94812292859295,12496727.0,1209649280.0
2025-06-18,90.58162398312746,98.18412774932209,90.40307321482375,97.35715576981018,18778292.0,1905342208.0
2025-06-19,97.59209099126242,99.0956764085568,95.85357035251582,96.38922265742693,10747570.0,1111895040.0
2025-06-20,95.92874962338054,96.38922265742693,92.34833684844833,93.25048809882496,10930694.0,1087350528.0
2025-06-23,92.6490539319072,93.82373003916842,90.96691774630914,92.09460680927991,7142882.0,700416768.0
2025-06-24,92.84639951792708,93.3820518228382,90.7131877071407,91.53076227779452,8247520.0,804661440.0
2025-06-25,91.67172341066586,93.96469117203976,91.67172341066586,93.88011449231698,10624171.0,1051670656.0
2025-06-26,93.91770412774932,103.26812594154866,93.44783368484484,98.40026815305815,18471612.0,1929627904.0
2025-06-27,97.71425730641761,104.54617354624887,96.04151852967762,101.44502862307925,17809632.0,1917733376.0
2025-06-30,102.43175655317867,103.48426634528474,99.61253389575174,101.31346489906599,12783105.0,1378524032.0
2025-07-01,100.58986441699308,106.4538475444411,100.58986441699308,104.30184091593853,12784675.0,1417831040.0
2025-07-02,103.0519855378126,103.65341970473034,98.69158782765894,98.82315155167218,10891714.0,1161364608.0
2025-07-03,99.5561494426032,106.66059053931907,99.5561494426032,106.61360349502863,19223524.0,2127984768.0
2025-07-04,106.61360349502863,109.9496836396505,105.42013257005122,108.91596866526064,18037664.0,2064586624.0
2025-07-07,107.51575474540525,111.07737270262128,105.2509792106056,107.51575474540525,11431074.0,1312313856.0
2025-07-08,107.13046098222357,112.76890629707744,106.19072009641458,111.81037059355228,14994073.0,1772917888.0
2025-07-09,110.83304007231094,113.70864718288641,110.58870744200061,110.97400120518229,9333951.0,1110818048.0
2025-07-10,111.74458873154565,114.51682434468214,108.07020186803254,112.0547032238626,13530815.0,1605107456.0
2025-07-11,109.9496836396505,114.62019584212112,109.9496836396505,110.41015667369689,10560401.0,1259417728.0
2025-07-14,110.76725821030432,116.90376619463694,109.9496836396505,116.50907502259717,13773663.0,1683723776.0
2025-07-15,116.80979210605604,124.29952696595362,116.80979210605604,124.00820729135283,16125378.0,2086470656.0
2025-07-16,123.1060560409762,123.57592648388069,115.58812895450437,116.08619162398313,13561826.0,1714464512.0
2025-07-17,115.58812895450437,124.04579692678519,114.67658029526966,123.0120819523953,16934960.0,2161027840.0
2025-07-18,125.25806266947876,128.27463091292557,122.16631515516723,123.66990057246159,15187102.0,2023194112.0
2025-07-21,126.55490509189514,133.1236938836999,124.0363995179271,132.73840012051824,19021348.0,2605441536.0
2025-07-22,131.61071105754746,135.31329014763483,125.92527869840313,128.74450135583007,15992361.0,2206822656.0
2025-07-23,125.92527869840313,125.92527869840313,122.54221150949081,124.23374510394696,13748868.0,1817345280.0
2025-07-24,126.8838144019283,128.74450135583007,121.22657426935824,124.43109068996685,14124280.0,1873891328.0
2025-07-25,123.1060560409762,125.83130460982224,122.57040373606509,124.02700210906899,10519941.0,1385879680.0
2025-07-28,124.82578186200665,136.4315818017475,124.69421813799337,136.4315818017475,23025308.0,3224534272.0
2025-07-29,136.2624284423019,139.64549563121423,132.52225971678217,135.79255799939742,16864272.0,2426858496.0
2025-07-30,136.14965953600483,136.79808074721302,131.24421211208195,132.4846700813498,12809184.0,1816028288.0
2025-07-31,135.79255799939742,140.93294064477251,132.55045194335645,133.53717987345587,18737292.0,2712435456.0
2025-08-01,130.62398312744804,131.77046700813497,124.56265441398013,127.32549261825852,17298664.0,2354851328.0
2025-08-04,124.70361554685145,128.32161795721603,123.59472130159688,128.02090087375714,11364649.0,1524519168.0
2025-08-05,130.57699608315758,131.563724013257,125.06071708345888,127.7107863814402,11065946.0,1508571776.0
2025-08-06,126.77104549563123,130.32326604398915,126.10382946670684,126.71466104248269,8275808.0,1123467904.0
2025-08-07,126.69586622476649,131.07505875263632,124.74120518228384,126.38575173244955,11844840.0,1609044224.0
2025-08-08,124.70361554685145,128.13366978005422,124.04579692678519,125.45540825549865,7860499.0,1055111616.0
2025-08-11,124.98553781259416,131.67649291955408,124.98553781259416,130.1635100934016,13842377.0,1907803648.0
2025-08-12,130.05074118710453,133.133091292558,128.74450135583007,131.37577583609522,10245205.0,1424654592.0
2025-08-13,131.42276288038565,144.51335341970474,131.3945706538114,144.51335341970474,18880976.0,2810055680.0
2025-08-14,144.56973787285327,145.59405543838506,139.27899668574872,140.9611328713468,12098003.0,1826474240.0
2025-08-15,140.97053028020488,144.51335341970474,136.51615848147034,136.92964447122628,14504615.0,2152028160.0
2025-08-18,138.0855257607713,140.2093401626996,132.40009340162698,137.72842422416392,16202643.0,2350844160.0
2025-08-19,137.20216932811087,140.5946339258813,134.47692075926483,136.2624284423019,11512576.0,1678100352.0
2025-08-20,133.07670683940947,137.1551822838204,129.05461584814705,134.11042181379935,11320600.0,1605760128.0
2025-08-21,133.46200060259116,135.8959294968364,129.40231997589635,133.04851461283522,11427716.0,1617023232.0
2025-08-22,132.1275685447424,143.78035552877373,131.62010846640555,140.88595360048205,18112328.0,2703595264.0
2025-08-25,141.99484784573667,153.99533895751733,139.10044591744503,151.39225670382646,16653943.0,2576803328.0
2025-08-26,151.29828261524557,155.09483579391383,148.55423922868334,152.88644471226274,10516028.0,1707323264.0
2025-08-27,151.8997167821633,167.23628803856585,151.39225670382646,159.28608014462188,13594995.0,2342280704.0
2025-08-28,163.0450436878578,175.21468815908406,160.69569147333536,175.21468815908406,15728591.0,2838481920.0
2025-08-29,178.56016571256401,187.94817716179574,173.95543537210006,186.06869539017777,14791512.0,2852487680.0
2025-09-01,186.06869539017777,190.86137390780357,178.71992166315155,187.83540825549863,17025344.0,3330942720.0
2025-09-02,187.00843627598675,189.8276589334137,169.04998794817715,169.04998794817715,19859960.0,3754020352.0
2025-09-03,171.57789093100334,178.17487194938235,168.1008496535101,174.45349804157877,12246651.0,2261081600.0
2025-09-04,174.45349804157877,177.78957818620066,157.01190720096417,158.6282615245556,21773410.0,3775238144.0
2025-09-05,158.6282615245556,172.0571587827659,158.6282615245556,171.26777643868635,15699656.0,2754372608.0
2025-09-08,170.53477854775534,172.79955408255498,160.39497438987647,165.6951129858391,12425440.0,2184987392.0
2025-09-09,164.46405242542934,169.04059053931908,161.77639349201567,163.46792708647183,7699310.0,1352786560.0
2025-09-10,166.4375082856282,173.85206387466104,166.4375082856282,172.26390177764387,13525729.0,2453782272.0
2025-09-11,173.86146128351913,189.48935221452243,172.91232298885205,189.48935221452243,13451701.0,2614126592.0
2025-09-12,191.72593552274782,192.56230491111782,183.24947273275083,183.59717686050016,11412093.0,2259494912.0
2025-09-15,183.60657426935825,184.73426333232902,175.44022597167822,176.53032539921662,9939253.0,1878988032.0
2025-09-16,176.76526062066887,182.77960228984634,174.79180476047003,177.13175956613438,10842244.0,2057300864.0
2025-09-17,177.24452847243148,178.55076830370595,171.0328412172341,176.62429948779751,8912473.0,1662431360.0
2025-09-18,175.2710726122326,189.8088641156975,173.85206387466104,185.570632720699,15432099.0,3002324736.0
2025-09-19,187.94817716179574,189.3483910816511,181.26661946369387,183.78512503766194,9155138.0,1799562240.0
2025-09-22,183.23067791503465,202.0442904489304,178.62594757457066,201.85634227176863,11842405.0,2447812096.0
2025-09-23,210.1542542934619,214.25152455558904,199.21567038264538,205.7280747213016,15660517.0,3444006656.0
2025-09-24,196.87571557698104,201.33008737571558,191.71653811388973,197.90003314251283,9734154.0,2026995712.0
2025-09-25,198.31351913226877,201.0481651099729,189.8276589334137,195.9453721000301,7595230.0,1586446592.0
2025-09-26,196.78174148840014,198.83037661946372,193.11675203374512,194.10347996384453,6964203.0,1452839936.0
2025-09-29,194.1598644169931,207.95526062066887,190.39150346489907,207.95526062066887,8569061.0,1828097664.0
2025-09-30,215.2006628502561,219.59865019584214,201.85634227176863,203.58546550165713,7868845.0,1729642112.0
2025-10-09,214.2703193733052,223.94025308827963,214.2703193733052,223.94025308827963,9255390.0,2191831296.0
2025-10-10,217.22110575474542,219.899367279301,202.02549563121423,203.72642663452848,13017189.0,2871124480.0
2025-10-13,192.6562789996987,206.7429948779753,192.6562789996987,201.42406146429647,8889367.0,1907448576.0
2025-10-14,205.80325399216633,206.0099969870443,183.20248568846037,184.7530581500452,11766226.0,2394652672.0
2025-10-15,184.66848147032238,189.8276589334137,180.61819825248568,189.8276589334137,8616874.0,1704911744.0
2025-10-16,187.94817716179574,195.46610424826756,186.53856583308226,189.3577884905092,7727180.0,1569092224.0
2025-10-17,188.76575173244953,189.7148900271166,181.36999096113288,184.51812292859296,6832680.0,1351504256.0
2025-10-20,187.00843627598675,192.99458571858995,181.55793913829467,183.22128050617656,9325901.0,1860732160.0
2025-10-21,184.27379029828262,191.63196143416693,179.4905091895149,189.0758662247665,8309502.0,1654991104.0
2025-10-22,188.78454655016571,194.88346489906598,186.53856583308226,189.8182615245556,7272137.0,1475427200.0
2025-10-23,189.7994667068394,191.67894847845736,178.83269056944866,182.03720699005726,10728896.0,2074009344.0
2025-10-24,187.00843627598675,200.23998794817717,185.12895450436878,200.23998794817717,12458095.0,2565475840.0
2025-10-27,203.84859294968362,210.08847243145527,200.91660138595964,207.7485176257909,16309619.0,3573229568.0
2025-10-28,204.89170533293162,218.01988550768306,204.8729105152154,210.73689364266346,11881857.0,2660512768.0
2025-10-29,213.69707743296175,219.06299789093103,206.7429948779753,214.07297378728535,8634087.0,1950588928.0
2025-10-30,216.14040373606508,229.21219945766796,212.38144019282916,219.37311238324796,13554811.0,3199907072.0
2025-10-31,217.49363061163,217.55001506477856,200.15541126845437,201.55562518830973,11429720.0,2504155392.0
2025-11-03,197.3455860198855,206.3670985236517,193.92492919554084,205.6434980415788,12079662.0,2569639680.0
2025-11-04,208.07742693582404,219.8899698704429,205.80325399216633,209.42125640253087,13250342.0,2998127360.0
2025-11-05,200.16480867731244,214.80597167821634,199.97686050015065,212.38144019282916,7622148.0,1680334848.0
2025-11-06,213.32118107863815,220.83910816511,209.56221753540223,216.61027417896958,8779487.0,2012872576.0
2025-11-07,212.48481169026817,214.15755046700812,204.66616752033744,209.33667972280807,7754075.0,1726534016.0
2025-11-10,210.85905995781863,211.7236215727629,197.3455860198855,205.15483278095812,9762793.0,2109010560.0
2025-11-11,208.5003103344381,208.5003103344381,198.75519734859898,199.281452244652,5847196.0,1257439744.0
2025-11-12,196.4152425429346,200.46552576077133,191.89508888219342,195.09020789394395,7543216.0,1565298944.0
2025-11-13,193.4738535703525,197.082458571859,191.70714070503163,194.99623380536306,6658833.0,1378381824.0
2025-11-14,190.39150346489907,193.54903284121724,186.7077191925279,188.2488942452546,6157114.0,1242958336.0
2025-11-17,189.8276589334137,194.1316721904188,187.4877041277493,189.0476739981922,4768116.0,967156032.0
2025-11-18,187.11180777342574,193.39867429948782,187.00843627598675,188.22070201868033,5855016.0,1184203904.0
2025-11-19,187.0836155468515,191.23727026212714,185.12895450436878,187.91058752636337,5228662.0,1047195008.0
2025-11-20,194.52636336245857,196.40584513407654,185.17594154865924,185.9559264838807,6245483.0,1251293824.0
2025-11-21,180.4302500753239,183.12730641759566,176.67128653208798,176.76526062066887,7391684.0,1409155328.0
2025-11-24,178.2124615848147,181.1444531485387,172.91232298885205,176.11683940946068,8079075.0,1513672064.0
2025-11-25,179.4905091895149,192.45893341367884,179.44352214522445,188.77514914130762,10836915.0,2168533248.0
2025-11-26,186.26604097619767,200.06143717987345,184.80944260319373,192.50592045796927,10303225.0,2125523712.0
2025-11-27,191.3594365772823,195.93597469117205,184.941006327207,185.93713166616453,8571906.0,1733295104.0
2025-11-28,184.62149442603194,186.7735010545345,181.85865622175356,183.7663302199458,8272427.0,1617417728.0
2025-12-01,185.41087677011149,187.57228080747214,180.0543537210003,185.22292859294967,6999146.0,1374982784.0
2025-12-02,185.24172341066588,187.47830671889125,183.69115094908105,185.6834016269961,5051549.0,996827584.0
2025-12-03,185.674004218138,188.86912322988852,181.93383549261827,183.24007532389274,6221826.0,1225972480.0
2025-12-04,181.8868484483278,183.95427839710757,178.033910816511,183.53139499849354,4488760.0,866929920.0
2025-12-05,183.7663302199458,183.7663302199458,171.37114793612537,178.5037812594155,13474467.0,2527246080.0
2025-12-08,179.15220247062368,186.63253992166315,177.65801446218742,184.4805332931606,10471219.0,2035252224.0
2025-12-09,185.41087677011149,197.32679120216932,185.12895450436878,193.10735462488702,14540558.0,2960619520.0
2025-12-10,196.59379331123833,203.73582404338657,190.01560711057547,193.72758360952096,14338980.0,2965787136.0
2025-12-11,190.02500451943357,190.97414281410065,181.36999096113288,182.06539921663153,11410707.0,2267121152.0
2025-12-12,181.96202771919252,183.71934317565533,175.35564929195542,180.69337752335042,10507105.0,2008972544.0
2025-12-15,179.499906598373,196.19910213919857,179.1146128351913,189.62091593853572,16570232.0,3367398912.0
2025-12-16,189.6397107562519,198.1725579993974,187.94817716179574,190.1095811991564,11364874.0,2330677504.0
2025-12-17,191.3688339861404,209.120539319072,187.76022898463395,209.120539319072,17283124.0,3662762496.0
2025-12-18,208.62247664959327,210.5019584212112,202.18525158180177,203.6230551370895,12218897.0,2668496640.0
2025-12-19,205.87843326303104,206.63022597167821,199.22506779150348,199.92987345586022,9531315.0,2051333504.0
2025-12-22,209.56221753540223,215.2006628502561,202.99342874359746,212.38144019282916,15333667.0,3423990016.0
2025-12-23,212.40023501054537,219.4294968363965,209.56221753540223,211.0564055438385,9216551.0,2092951680.0
2025-12-24,212.41902982826153,218.4239740885809,205.95361253389575,215.4731877071407,9891419.0,2231879168.0
2025-12-25,213.32118107863815,214.8435613136487,206.2731244350708,210.9718288641157,6737111.0,1502901888.0
2025-12-26,209.65619162398312,211.7142241639048,206.15095811991566,207.1000964145827,5854980.0,1296793856.0
2025-12-29,210.0508827960229,224.9645706538114,209.56221753540223,219.35431756553177,12727464.0,2969185024.0
2025-12-30,220.55718589936728,224.1282012654414,213.88502561012353,219.66443205784876,9373193.0,2189949440.0
2025-12-31,219.8335854172944,224.9645706538114,215.4825851159988,218.29241036456764,6486904.0,1512531456.0
2026-01-05,219.18516420608617,230.23651702319975,217.55001506477856,227.81198553781257,10094381.0,2415788288.0
2026-01-06,225.53781259415487,226.4117716179572,212.09951792708645,220.209481771618,12761135.0,2963641344.0
2026-01-07,220.9236848448328,234.5029406447725,220.49140403736064,229.5786984031335,11747839.0,2857623040.0
2026-01-08,229.31557095510698,231.6743205784875,219.7208165109973,222.71858993672794,6874040.0,1642545536.0
2026-01-09,219.269740885809,222.33329617354624,211.4416993070202,218.25482072913528,7732542.0,1792142336.0
2026-01-12,217.48423320277192,218.02928291654112,208.63187405845133,213.8380385658331,10105039.0,2281439488.0
2026-01-13,211.46989153359445,215.0127146730943,205.99120216932812,206.91214823742092,9373042.0,2089440512.0
2026-01-14,208.62247664959327,213.20841217234107,205.87843326303104,209.39306417595662,9024989.0,2007673856.0
2026-01-15,206.7429948779753,211.31013558300694,204.0741307622778,209.09234709249773,9553658.0,2109320576.0
2026-01-16,211.50748116902682,221.13042783971076,208.86680927990358,218.64011449231697,16018821.0,3664653312.0
2026-01-19,215.9336607411871,230.23651702319975,212.40023501054537,223.61134377824646,12603327.0,2987447040.0
2026-01-20,223.51736968966557,230.03917143717987,214.26092196444714,216.967375715577,10847702.0,2553252864.0
2026-01-21,215.1066887616752,233.8827116601386,214.89994576679723,232.20997288339862,13814602.0,3334604544.0
2026-01-22,237.0026514010244,251.86935221452242,236.9086773124435,249.97107562518832,14759889.0,3844602368.0
2026-01-23,248.47688761675207,249.02193733052127,230.24591443205784,232.55767701114794,15094302.0,3772649728.0
2026-01-26,231.27962940644775,232.4073184694185,226.72188611027417,226.94742392286835,9809479.0,2384860928.0
2026-01-27,226.94742392286835,246.76655920457966,222.90653811388972,238.63780054233203,12988540.0,3284044288.0
2026-01-28,238.63780054233203,240.46089786080145,229.5599035854173,232.11599879481773,11924958.0,2963668480.0
2026-01-29,233.99548056643567,234.2586080144622,217.08014462187407,217.9822958722507,14165078.0,3349292032.0
2026-01-30,215.4731877071407,224.43831575775837,211.59205784874962,219.5234709249774,10364729.0,2404238592.0
2026-02-02,216.90159385357035,224.8611991563724,215.45439288942455,216.61027417896958,9426371.0,2202435328.0
2026-02-03,218.9690238023501,223.2354474239229,212.73854172943658,218.37698704429044,9988337.0,2312866304.0
2026-02-04,215.2100602591142,222.1171557698102,212.23108165109974,216.14040373606508,6986604.0,1599793024.0
2026-02-05,211.86458270563423,215.6705332931606,210.21063874661044,211.67663452847245,5107677.0,1154570624.0
2026-02-06,209.7783579391383,232.84899668574872,208.38754142814102,228.79871346791202,21324754.0,5155424256.0
2026-02-09,233.0557396806267,234.90702922567039,225.53781259415487,231.2232449532992,16192720.0,3965152512.0
2026-02-10,232.11599879481773,239.38959325097923,231.64612835191323,231.82467912021693,8657494.0,2159323392.0
2026-02-11,231.50516721904188,232.58586923772222,223.65833082253693,226.90983428743598,5694961.0,1378233600.0
2026-02-12,225.53781259415487,228.99605905393193,219.30733052124134,222.91593552274782,8233079.0,1951364096.0
2026-02-13,220.83910816511,228.30065079843325,220.70754444109673,220.83910816511,6783107.0,1613307136.0
2026-02-24,226.54333534197048,242.92301898162097,225.54721000301296,242.92301898162097,14257412.0,3626789376.0
2026-02-25,244.33263031033445,251.74718589936728,241.9080988249473,247.8660560409762,11453081.0,3008755200.0
2026-02-26,250.03685748719494,272.65642060861705,244.21986140403737,272.65642060861705,13099107.0,3683041280.0
2026-02-27,266.88641156974995,270.83332329014763,260.1296746007834,268.258433263031,12240844.0,3456989696.0
2026-03-02,261.79301596866526,277.84379029828267,261.79301596866526,272.3087164808677,12671055.0,3630137088.0
2026-03-03,272.33690870744203,273.41761072612235,253.9931666164507,254.62279300994274,9969022.0,2771489280.0
2026-03-04,252.79029828261525,257.9588731545646,249.21928291654112,251.75658330822534,6451547.0,1735143680.0
2026-03-05,258.24079542030734,263.54093401626994,249.21928291654112,252.00091593853574,9234806.0,2512901120.0
2026-03-06,250.0744471226273,252.75270864718289,243.95673395601088,247.88485085869235,5701912.0,1504474624.0
2026-03-09,235.49906598373005,242.90422416390481,226.15804157878878,239.72789996987044,10948291.0,2706650112.0
2026-03-10,244.90587225067793,251.61562217535402,243.39288942452546,247.77208195239533,8476443.0,2228374016.0
2026-03-11,247.15185296776139,250.81684242241639,242.45314853871648,243.95673395601088,7750437.0,2025207424.0
2026-03-12,242.45314853871648,247.15185296776139,234.46535100934017,237.38794516420612,6884902.0,1752231296.0
2026-03-13,234.93522145224466,240.93076830370595,228.8269056944863,235.15136185598072,10413371.0,2597300992.0
2026-03-16,233.27188008436275,241.04353721000302,228.8363031033444,240.57366676709853,10759637.0,2691861760.0
2026-03-17,247.77208195239533,252.13247966254897,238.69418499548058,239.07008134980416,14560432.0,3817294592.0
2026-03-18,244.13528472431457,249.6515637240133,235.95014160891836,248.96555287737272,12027901.0,3134076928.0
2026-03-19,239.63392588128954,242.5471226272974,233.0557396806267,234.92582404338657,11359906.0,2851474944.0
2026-03-20,236.645549864417,241.29726724917143,233.06513708948478,234.6345043687858,7889694.0,1993351296.0
2026-03-23,224.59807170834588,226.5057457065381,216.14980114492317,219.42009942753842,8696726.0,2045600640.0
2026-03-24,222.54003916842424,222.70919252786985,214.34549864416994,220.86730039168424,6445483.0,1498109056.0
2026-03-25,223.54556191623982,232.10660138595964,222.71858993672794,223.64893341367883,8822659.0,2130878976.0
2026-03-26,222.34269358240434,225.36865923470924,217.81314251280506,218.30180777342574,6458972.0,1521079296.0
2026-03-27,212.4472220548358,222.934730340464,210.5019584212112,219.12877975293765,7579609.0,1751950592.0
2026-03-30,215.19126544139803,216.31895450436878,205.33338354926184,211.9867490207894,10435082.0,2334857472.0
2026-03-31,211.6014552576077,211.74241639047906,204.56279602289848,206.2825218439289,8601381.0,1906050688.0
2026-04-01,212.19349201566737,217.73796324194035,210.38918951491414,217.08014462187407,10884946.0,2483284736.0
2026-04-02,214.58043386562218,215.2006628502561,204.86351310635735,205.80325399216633,9160793.0,2030380928.0
2026-04-03,206.79937933112384,207.68273576378428,198.2853269056945,199.95806568243447,10333037.0,2213276416.0
2026-04-07,201.10454956312142,206.1133684844833,200.58769207592647,202.90885206387466,8406380.0,1823389056.0
2026-04-08,209.28029526965952,223.1978577884905,208.93259114191022,223.1978577884905,15538910.0,3613643008.0
2026-04-09,222.75617957216028,230.12374811690268,221.77884905091895,228.3570352515818,15347877.0,3689769472.0
2026-04-10,230.23651702319975,251.19273877674,230.23651702319975,246.24030430852665,22883534.0,5954663424.0
2026-04-13,243.39288942452546,253.63606507984332,243.39288942452546,252.49897860801445,14178851.0,3778592000.0
2026-04-14,255.74108466405542,274.3103645676408,252.58355528773725,268.5497529376318,14708895.0,4176368896.0
2026-04-15,267.80735763784276,267.8261524555589,252.9406568243447,254.60399819222658,14292723.0,3947579392.0
2026-04-16,254.53821633021997,255.80686652606207,250.29058752636334,253.86160289243747,9976000.0,2685927680.0
2026-04-17,253.2131816812293,271.4723470924977,249.99926785176257,266.0030551370895,13350661.0,3732966912.0
2026-04-20,268.60613739078036,280.0427839710756,267.8261524555589,270.28827357637846,11157778.0,3238267136.0
2026-04-21,267.8261524555589,278.7647363663754,265.4674028321784,277.53367580596563,12222697.0,3558122240.0
2026-04-22,278.933889725821,284.55354022295876,275.3440795420307,283.1439288942453,10482358.0,3122418944.0
2026-04-23,283.23790298282614,291.25389273877676,276.5657426935824,283.1439288942453,12233870.0,3698512640.0
2026-04-24,286.62097017173846,294.1388972582103,275.76696294064476,283.20031334739383,15283019.0,4613979648.0
2026-04-27,288.8669508888219,311.0354383850558,288.8669508888219,302.40861705332935,13828996.0,4461181440.0
2026-04-28,301.957541428141,302.44620668876166,289.4401928291654,295.95259716782164,12091785.0,3801898496.0
2026-04-29,289.9100632720699,299.1571135884302,283.80174751431156,295.5579059957819,9742409.0,3042334208.0
2026-04-30,299.47662548960534,303.3013708948479,289.6375384151853,293.6690268153058,10249714.0,3227124992.0
2026-05-06,305.80108165109976,317.4162789996987,299.2980747213016,299.5424073516119,11953673.0,3897876224.0
2026-05-07,303.3013708948479,309.174751431154,298.98796022898466,304.00617655920456,8517894.0,2769460480.0
2026-05-08,297.5783489002712,309.4848659234709,296.1123531184092,301.0647875866225,9519179.0,3076633856.0
2026-05-11,305.7916842422416,315.93148840012054,294.6933443808376,313.42238023501056,12378468.0,4042044416.0
2026-05-12,313.8734558601989,319.13600482072917,305.0868785778849,309.9171467309431,8918105.0,2942192640.0
2026-05-13,307.4644230189816,329.5671286532088,305.42518529677614,327.4996987044291,11902663.0,4061781760.0
2026-05-14,328.05414582705635,328.9093100331425,309.4848659234709,311.3925399216632,9663095.0,3246933504.0
2026-05-15,311.3925399216632,318.93865923470923,299.1195239529979,303.7712413377523,9823950.0,3205800960.0
2026-05-18,301.6192347092498,320.9684995480567,297.24004218138,315.6777583609521,10270423.0,3410330368.0
2026-05-19,313.8734558601989,314.81319674600786,296.3284935221452,312.2758963543236,9060914.0,2946835456.0
2026-05-20,311.0448357939138,322.2089575173245,307.5489996987044,313.76068695390177,9125358.0,3056744960.0
2026-05-21,321.3913829466707,343.9451642060862,321.3913829466707,323.1580958119916,14289953.0,5078854144.0
2026-05-22,336.07953299186505,355.47578487496236,335.76002109069,355.47578487496236,14965451.0,5585495552.0
2026-05-25,379.6741126845435,385.0494305513709,364.49729737872855,375.8963543235915,16196269.0,6472786432.0
2026-05-26,381.53479963844535,406.8984061464297,370.7559716782163,394.2213015968665,21931552.0,9069491200.0
2026-05-27,385.43472431455257,392.8116902681531,366.50834287435976,372.184377824646,19071624.0,7711739392.0
2026-05-28,367.26013558300696,378.7155769810184,361.37735763784275,374.28,14352099.0,5666019328.0
2026-05-29,405.0,425.0,401.31,411.41,15361554.0,6347070976.0
2026-06-01,412.0,425.88,379.86,380.0,16244844.0,6423194112.0
2026-06-02,386.08,404.0,369.0,398.8,14441042.0,5633104896.0
2026-06-03,400.0,406.7,374.48,382.0,21112176.0,8252182528.0
2026-06-04,370.0,398.0,369.53,393.38,15419552.0,5937428480.0
2026-06-05,382.01,392.86,370.49,373.0,13190086.0,5024719360.0
2026-06-08,350.08,393.8,350.0,369.64,16928100.0,6324346368.0
2026-06-09,375.0,399.0,363.0,395.96,16247372.0,6274677248.0
2026-06-10,392.0,394.3,374.5,383.06,11355802.0,4354718208.0
2026-06-11,382.99,390.88,370.0,376.16,9743704.0,3686216704.0
2026-06-12,390.91,401.59,377.56,379.5,10836060.0,4232943872.0
2026-06-15,386.96,401.33,383.03,399.8,13449302.0,5315463168.0
2026-06-16,399.0,413.63,396.66,403.88,15811643.0,6413131776.0
2026-06-17,405.0,444.27,405.0,444.27,12034547.0,5194632704.0
2026-06-18,456.0,459.0,419.0,453.8,19527860.0,8582813696.0
2026-06-22,462.42,469.52,433.76,457.34,17594734.0,7929264128.0
2026-06-23,447.81,455.0,419.0,426.0,15396595.0,6638777344.0
2026-06-24,424.87,436.0,412.0,431.9,13064330.0,5579809792.0
2026-06-25,431.99,459.9,425.19,455.0,13577257.0,6067951616.0
2026-06-26,448.0,448.8,420.47,433.5,11199944.0,4866998272.0
2026-06-29,428.4,453.0,403.83,434.16,12901107.0,5524763136.0
2026-06-30,430.46,469.99,425.87,457.9,13545225.0,6145302016.0
2026-07-01,459.0,484.57,440.5,448.02,11264014.0,5221831168.0
2026-07-02,427.2,468.29,406.0,423.1,16106834.0,6955387392.0
2026-07-03,426.28,465.41,415.0,454.48,17644174.0,7950826496.0
2026-07-06,450.0,455.98,426.88,440.2,15209904.0,6703375872.0
2026-07-07,438.69,443.95,396.18,412.1,18338728.0,7567814144.0
2026-07-08,413.79,422.98,397.0,402.33,9314541.0,3820414464.0
2026-07-09,420.0,442.56,407.19,442.56,15499121.0,6646520832.0
2026-07-10,443.0,459.8,425.0,426.0,13074219.0,5828007424.0
2026-07-13,419.99,445.0,389.73,393.59,19124176.0,7964292608.0
2026-07-14,400.0,416.3,378.0,408.99,21935148.0,8675786752.0
2026-07-15,412.0,414.8,374.94,377.23,16158631.0,6262247424.0
2026-07-16,370.02,388.55,357.0,364.0,12247115.0,4548494848.0
2026-07-17,358.0,359.99,327.6,334.0,14199022.0,4826578432.0
2026-07-20,344.02,354.99,314.37,324.36,15163689.0,5093129216.0
2026-07-21,329.54,352.98,295.28,350.0,17257128.0,5719880704.0
2026-07-22,345.0,366.98,334.0,337.98,12545168.0,4412363264.0
2026-07-23,344.06,351.5,334.0,337.47,9123586.0,3117750528.0
2026-07-24,330.0,339.21,323.0,332.81,7006412.0,2331824384.0
2026-07-27,332.48,354.88,331.06,353.44,10010194.0,3435934464.0
2026-07-28,340.1,343.99,318.1,318.1,9423140.0,3060485888.0
2026-07-29,304.73,319.45,288.0,316.01,15513828.0,4721628160.0
2026-07-30,312.7,317.0,284.41,284.5,13925098.0,4077952000.0
2026-07-31,312.0,312.95,304.4,308.0,15017252.0,4661288960.0
2026-08-03,303.13,310.48,293.88,302.31,9362395.0,2834951424.0
2026-08-04,308.0,332.54,308.0,332.54,10509835.0,3422051840.0
2026-08-05,330.78,356.47,328.0,349.18,14465590.0,4980754432.0
2026-08-06,340.0,367.29,338.08,353.99,10734638.0,3801472768.0
2026-08-07,359.0,388.18,356.0,382.63,13927942.0,5258624512.0
2026-08-10,382.62,383.56,359.36,372.4,11125228.0,4100901632.0
2026-08-11,365.71,395.98,363.01,380.7,11828920.0,4507948544.0
2026-08-12,380.7,394.18,377.0,385.8,9383198.0,3622899200.0
2026-08-13,394.98,402.88,377.15,377.98,8868391.0,3457606912.0
2026-08-14,380.0,382.57,371.0,378.0,6670071.0,2513654272.0
2026-08-17,379.78,393.99,377.13,392.9,8976244.0,3468627456.0
2026-08-18,393.0,393.0,375.8,381.85,8086016.0,3088047104.0
2026-08-19,370.0,372.57,343.67,343.93,14003767.0,4995253760.0
2026-08-20,349.06,353.53,340.51,345.0,8134420.0,2823889664.0
2026-08-21,342.98,362.0,342.98,358.25,8019937.0,2856073472.0
2026-08-24,357.41,360.98,334.0,343.63,7618328.0,2614937344.0
2026-08-25,339.99,346.5,332.0,341.0,7644761.0,2593118208.0
2026-08-26,343.7,353.7,337.05,348.03,7398172.0,2561595392.0
2026-08-27,359.0,368.8,351.44,365.1,9648306.0,3483908608.0
2026-08-28,365.1,380.0,362.21,362.4,9030876.0,3340281600.0
2026-08-31,353.2,370.37,348.69,369.08,8210519.0,2969327360.0
2026-09-01,368.0,368.01,350.38,354.34,5885227.0,2090968192.0
2026-09-02,348.0,353.81,345.01,348.39,3928277.0,1371852288.0
2026-09-03,353.58,354.88,340.01,341.54,4835213.0,1666715392.0
2026-09-04,345.0,352.5,328.21,331.8,6497696.0,2201831936.0
