date,open,high,low,close,volume,amount
2020-11-17,1.0692310869491728,1.2830773043390074,1.0692310869491728,1.2830773043390074,191883.0,6502065.5
2020-11-18,1.4115361628417349,1.4115361628417349,1.4115361628417349,1.4115361628417349,40163.0,1500489.625
2020-11-19,1.552840907194735,1.552840907194735,1.552840907194735,1.552840907194735,51560.0,2119116.0
2020-11-20,1.7081249979142086,1.7081249979142086,1.6265158407477698,1.7081249979142086,12201218.0,549331840.0
2020-11-23,1.6544745334807165,1.6544745334807165,1.5758879376908128,1.6250045600595024,13638869.0,580089152.0
2020-11-24,1.5879781831969517,1.6012018892192914,1.5362168196237938,1.5388615608282616,8233226.0,339056384.0
2020-11-25,1.5418841222047968,1.5483070651299329,1.4939009603523072,1.494278780524374,6895752.0,275419904.0
2020-11-26,1.4753877719210318,1.5301716968707244,1.4753877719210318,1.5059912058584461,5034073.0,200733984.0
2020-11-27,1.5112806882673822,1.5112806882673822,1.4198482066272053,1.4326940924774783,6065141.0,232289888.0
2020-11-30,1.4243820486920078,1.4394948555746816,1.4020906585400637,1.4130474435300022,4161185.0,156260816.0
2020-12-01,1.4092692418093338,1.4546076624573552,1.4054910400886655,1.433071912649545,4431377.0,167678032.0
2020-12-02,1.4334497328216118,1.5309273372148582,1.4149365443903366,1.494278780524374,8345010.0,327595584.0
2020-12-03,1.4595193246942244,1.4666979079634943,1.420981667143406,1.4232485881758072,5645865.0,215539952.0
2020-12-04,1.4073801409489997,1.4096470619814008,1.3752654263233177,1.3858443911411893,3760281.0,138277360.0
2020-12-07,1.3866000314853233,1.403601939228331,1.372242864946783,1.3922673340663259,2210382.0,81341256.0
2020-12-08,1.3907560533780585,1.3971789963031946,1.3639308211613124,1.3673312027099138,2502723.0,91103344.0
2020-12-09,1.365064281677513,1.372242864946783,1.3185924005132907,1.3189702206853575,3128890.0,110998352.0
2020-12-10,1.310658176899887,1.3408837906652349,1.2906337077803443,1.3197258610294913,2295931.0,80225464.0
2020-12-11,1.3117916374160876,1.3371055889445664,1.2713648790049352,1.2758987210697375,2505346.0,86011648.0
2020-12-14,1.271742699177002,1.2823216639948736,1.2554964317781276,1.2751430807256037,1690580.0,56742176.0
2020-12-15,1.2649419360797987,1.332949567051831,1.2622971948753308,1.3174589399970902,2921125.0,100769736.0
2020-12-16,1.3095247163836865,1.3095247163836865,1.2660753965959992,1.2672088571121998,2130195.0,72415416.0
2020-12-17,1.2709870588328684,1.286855506059676,1.2551186116060609,1.2834551245110741,1917938.0,64726432.0
2020-12-18,1.2834551245110741,1.2834551245110741,1.2350941424865178,1.235471962658585,2690009.0,89281800.0
2020-12-21,1.2286711995613817,1.2543629712619273,1.2128027523345741,1.2358497828306518,1560965.0,50968316.0
2020-12-22,1.235471962658585,1.235471962658585,1.1697312527189538,1.1719981737513547,2870476.0,90878528.0
2020-12-23,1.16179702910555,1.1837105990854269,1.1338383363726035,1.1466842222228761,2241670.0,68369312.0
2020-12-24,1.1466842222228761,1.1648195904820846,1.1277932136195339,1.1602857484172826,2346950.0,71465952.0
2020-12-25,1.1504624239435446,1.1651974106541516,1.1379943582653387,1.1576410072128147,1580552.0,48300700.0
2020-12-28,1.1485733230832103,1.1504624239435446,1.100967981402788,1.1032349024351888,2008924.0,59678700.0
2020-12-29,1.0964341393379857,1.1206146303502638,1.0900111964128494,1.1024792620910553,1361881.0,39884572.0
2020-12-30,1.1036127226072558,1.1259041127591998,1.0926559376173173,1.1172142488016623,1540925.0,45411608.0
2020-12-31,1.1145695075971942,1.1379943582653387,1.11268040673686,1.1368608977491381,1893324.0,56473600.0
2021-01-04,1.132704875856403,1.1410169196418734,1.122125911038531,1.1368608977491381,1582642.0,47474668.0
2021-01-05,1.1262819329312665,1.1429060205022077,1.1228815513826649,1.1410169196418734,1736065.0,52022968.0
2021-01-06,1.1334605162005367,1.1391278187815392,1.1032349024351888,1.107768744499991,1620602.0,47726988.0
2021-01-07,1.1036127226072558,1.1070131041558575,1.0382498328396914,1.039761113527959,2311098.0,64813008.0
2021-01-08,1.026915227677686,1.0480731573134294,1.012558061139146,1.0401389337000257,1218519.0,33294728.0
2021-01-11,1.0386276530117582,1.0450505959368948,1.005757298041943,1.005757298041943,1451761.0,39344484.0
2021-01-12,1.005757298041943,1.019736644408416,0.9974452542564721,1.0072685787302103,1035526.0,27625520.0
2021-01-13,1.0072685787302103,1.0136915216553464,0.9634414387704561,0.968730921179392,1577484.0,40852204.0
2021-01-14,0.956262855501186,1.0454284161089615,0.956262855501186,1.0110467804508787,2485004.0,66242712.0
2021-01-15,1.0091576795905444,1.0771653105625767,1.0034903770095416,1.039761113527959,2927911.0,80902848.0
2021-01-18,1.0340938109469562,1.0461840564530953,1.0265374075056193,1.0284265083659534,1462452.0,40083944.0
2021-01-19,1.0242704864732182,1.064319424712304,1.0238926663011514,1.054118280066499,2012733.0,56048264.0
2021-01-20,1.0544961002385658,1.0612968633357691,1.0352272714631567,1.0435393152486274,1257517.0,34732636.0
2021-01-21,1.0352272714631567,1.046939696797229,1.0231370259570176,1.0374941924955579,1148173.0,31451028.0
2021-01-22,1.0374941924955579,1.0393832933558922,1.007646398902277,1.0129358813112128,1188723.0,32051594.0
2021-01-25,1.0095354997626111,1.0722536483257075,0.9876219297827342,1.0552517405826995,2544988.0,69567368.0
2021-01-26,1.0450505959368948,1.1070131041558575,1.0401389337000257,1.0903890165849162,3689375.0,105753000.0
2021-01-27,1.0673419860888387,1.0990788805424536,1.0544961002385658,1.0945450384776514,2311582.0,65731192.0
2021-01-28,1.0873664552083815,1.110413485704459,1.0473175169692956,1.0597855826475018,2071139.0,59560932.0
2021-01-29,1.0597855826475018,1.0669641659167717,1.0144471619994804,1.017469723376015,1664537.0,45403652.0
2021-02-01,1.0087798594184776,1.0601634028195686,1.0023569164933412,1.0518513590340979,1644186.0,45068548.0
2021-02-02,1.0503400783458305,1.0571408414430339,1.0284265083659534,1.0303156092262877,1325651.0,36411652.0
2021-02-03,1.0288043285380204,1.0288043285380204,0.9898888508151352,0.9948005130520042,1101802.0,29382738.0
2021-02-04,0.9853550087503331,1.0110467804508787,0.9853550087503331,0.9970674340844053,1002622.0,26475926.0
2021-02-05,1.0110467804508787,1.0968119595100525,1.0050016576978091,1.0968119595100525,2485557.0,71616832.0
2021-02-08,1.110413485704459,1.1319492355122691,1.054118280066499,1.0790544114229108,4235275.0,122405872.0
2021-02-09,1.0578964817871674,1.0790544114229108,1.046939696797229,1.0752762097022424,2250592.0,63426840.0
2021-02-10,1.0646972448843708,1.0892555560687156,1.0646972448843708,1.071498007981574,1767836.0,50377204.0
2021-02-18,1.0866108148642477,1.1319492355122691,1.0730092886698412,1.1183477093178629,2789351.0,81267680.0
2021-02-19,1.1085243848441249,1.1277932136195339,1.0964341393379857,1.1191033496619964,2608976.0,76791104.0
2021-02-22,1.1145695075971942,1.1191033496619964,1.088122095552515,1.0900111964128494,2409802.0,70490152.0
2021-02-23,1.0854773543480472,1.0854773543480472,1.0582743019592344,1.0684754466050392,1749587.0,49489568.0
2021-02-24,1.0703645474653734,1.1141916874251274,1.0703645474653734,1.0915224771011167,2091908.0,60697016.0
2021-02-25,1.0779209509067103,1.0903890165849162,1.0510957186899643,1.0533626397223652,1564900.0,44232548.0
2021-02-26,1.0424058547324269,1.0476953371413626,1.0227592057849508,1.0473175169692956,1048394.0,28770150.0
2021-03-01,1.0480731573134294,1.0711201878095071,1.0480731573134294,1.064319424712304,840013.0,23599620.0
2021-03-02,1.0707423676374401,1.0722536483257075,1.0390054731838252,1.0446727757648278,883602.0,24594048.0
2021-03-03,1.0427836749044936,1.0605412229916353,1.0393832933558922,1.0597855826475018,736140.0,20513442.0
2021-03-04,1.0601634028195686,1.0820769727994457,1.0563852010989,1.0794322315949776,1617225.0,45908024.0
2021-03-05,1.0722536483257075,1.09114465692905,1.06356378436817,1.0877442753804483,1482040.0,42426164.0
2021-03-08,1.0892555560687156,1.1013458015748547,1.0578964817871674,1.0612968633357691,1419630.0,40671048.0
2021-03-09,1.0605412229916353,1.061674683507836,0.9902666709872021,1.019736644408416,1404202.0,38134776.0
2021-03-10,1.0238926663011514,1.0276708680218198,1.0034903770095416,1.0133137014832798,638901.0,17091256.0
2021-03-11,1.0084020392464108,1.0265374075056193,1.0080242190743438,1.0246483066452852,592683.0,16002184.0
2021-03-12,1.0246483066452852,1.0246483066452852,1.0012234559771407,1.0034903770095416,726485.0,19371878.0
2021-03-15,0.9974452542564721,1.0008456358050737,0.9743982237603945,0.9785542456531299,854880.0,22325440.0
2021-03-16,0.9770429649648625,0.9985787147726727,0.9762873246207289,0.9940448727078706,506084.0,13264631.0
2021-03-17,0.9944226928799375,1.015202802343614,0.9868662894386006,1.0118024207950123,607656.0,16173370.0
2021-03-18,1.0118024207950123,1.0189810040642824,1.0046238375257421,1.0129358813112128,617199.0,16524983.0
2021-03-19,1.0042460173536754,1.041650214388293,1.0031125568374748,1.0310712495704215,1202164.0,32726094.0
2021-03-22,1.0382498328396914,1.095678498993852,1.0238926663011514,1.0779209509067103,2473152.0,70122696.0
2021-03-23,1.0699867272933066,1.0752762097022424,1.0401389337000257,1.0446727757648278,1554903.0,43474768.0
2021-03-24,1.1334605162005367,1.1334605162005367,1.0578964817871674,1.0605412229916353,2265416.0,65027088.0
2021-03-25,1.0446727757648278,1.0503400783458305,1.020114464580483,1.029559968882154,1407083.0,38436036.0
2021-03-26,1.025026126817352,1.0374941924955579,1.025026126817352,1.0333381706028226,741956.0,20276154.0
2021-03-29,1.0352272714631567,1.056007380926833,1.0340938109469562,1.0420280345603599,853437.0,23574214.0
2021-03-30,1.0420280345603599,1.0699867272933066,1.0133137014832798,1.0673419860888387,2134058.0,58960388.0
2021-03-31,1.0609190431637021,1.102857082263122,1.0609190431637021,1.0847217140039136,2779796.0,79611832.0
2021-04-01,1.0771653105625767,1.1021014419189885,1.066586345744705,1.0722536483257075,1733997.0,49642980.0
2021-04-02,1.0696089071212396,1.1795545771926916,1.0696089071212396,1.1243928320709324,4814121.0,143338144.0
2021-04-06,1.1130582269089269,1.1194811698340632,1.097945420026253,1.1138138672530606,2779541.0,81484368.0
2021-04-07,1.1145695075971942,1.164063950137951,1.11268040673686,1.149706783599411,3677786.0,110678208.0
2021-04-08,1.1406390994698068,1.1644417703100178,1.1145695075971942,1.1191033496619964,2938629.0,88803648.0
2021-04-09,1.125148472415066,1.1489511432552773,1.1032349024351888,1.1410169196418734,2382600.0,71253616.0
2021-04-12,1.144417301190475,1.16179702910555,1.1032349024351888,1.1338383363726035,2682408.0,80328312.0
2021-04-13,1.1032349024351888,1.1032349024351888,1.0586521221313012,1.0597855826475018,2877154.0,81895960.0
2021-04-14,1.0578964817871674,1.1440394810184082,1.0533626397223652,1.1145695075971942,3860953.0,113342152.0
2021-04-15,1.107390924327924,1.129682314479868,1.0767874903905097,1.0816991526273787,2028875.0,58689912.0
2021-04-16,1.1024792620910553,1.1024792620910553,1.073764929013975,1.0884999157245818,1383832.0,39864264.0
2021-04-19,1.0888777358966488,1.1017236217469215,1.080943512283245,1.0975675998541863,1640268.0,47359100.0
2021-04-20,1.0919002972731835,1.093411577961451,1.0658307054005713,1.0677198062609055,1815189.0,51804516.0
2021-04-21,1.063941604540237,1.0953006788217852,1.0628081440240364,1.0779209509067103,1339144.0,38237208.0
2021-04-22,1.0771653105625767,1.0994567007145206,1.0711201878095071,1.096056319165919,1620548.0,46761804.0
2021-04-23,1.0990788805424536,1.1115469462206595,1.0673419860888387,1.0752762097022424,2253199.0,64749656.0
2021-04-26,1.0752762097022424,1.0752762097022424,1.0276708680218198,1.0306934293983547,1851719.0,50858312.0
2021-04-27,1.020114464580483,1.0227592057849508,0.9898888508151352,1.0065129383860765,1468517.0,38957176.0
2021-04-28,1.0031125568374748,1.0148249821715472,0.9936670525358038,1.010291140106745,709689.0,18943806.0
2021-04-29,0.9985787147726727,1.0170919032039483,0.9985787147726727,1.0080242190743438,570800.0,15272206.0
2021-04-30,1.0080242190743438,1.0106689602788117,0.9842215482341327,0.9868662894386006,931354.0,24480330.0
2021-05-06,0.9868662894386006,0.9997121752888732,0.9845993684061994,0.995556153396138,494885.0,12985707.0
2021-05-07,0.995556153396138,0.995556153396138,0.9827102675458653,0.9857328289224,580235.0,15173407.0
2021-05-10,0.9857328289224,0.9929114121916701,0.9645748992866566,0.966086179974924,911035.0,23448160.0
2021-05-11,0.9634414387704561,0.9762873246207289,0.9604188773939214,0.9717534825559266,462473.0,11880788.0
2021-05-12,0.970997842211793,0.9891332104710016,0.9694865615235256,0.9891332104710016,537320.0,13965134.0
2021-05-13,0.983465907889999,0.9917779516754694,0.9789320658251968,0.980821166685531,439301.0,11448937.0
2021-05-14,0.9766651447927958,0.9932892323637369,0.9766651447927958,0.9891332104710016,402202.0,10515232.0
2021-05-17,0.9948005130520042,0.9951783332240711,0.9853550087503331,0.9853550087503331,420917.0,11004977.0
2021-05-18,0.9857328289224,0.9895110306430684,0.9717534825559266,0.983465907889999,433036.0,11215513.0
2021-05-19,0.9823324473737983,0.9872441096106673,0.9777986053089962,0.9861106490944669,339700.0,8842318.0
2021-05-20,0.9864884692665337,0.9868662894386006,0.9770429649648625,0.9853550087503331,396866.0,10301447.0
2021-05-21,0.9861106490944669,0.9940448727078706,0.9827102675458653,0.9895110306430684,567985.0,14871122.0
2021-05-24,0.9891332104710016,0.9917779516754694,0.9823324473737983,0.9845993684061994,361977.0,9439823.0
2021-05-25,0.9891332104710016,0.9936670525358038,0.9849771885782663,0.9902666709872021,569478.0,14912486.0
2021-05-26,0.9932892323637369,1.0012234559771407,0.9883775701268679,0.9974452542564721,734736.0,19379210.0
2021-05-27,0.9974452542564721,1.0178475435480818,0.9963117937402717,1.0110467804508787,1027102.0,27455214.0
2021-05-28,1.012558061139146,1.012558061139146,0.9936670525358038,0.9959339735682048,739740.0,19589254.0
2021-05-31,0.9970674340844053,1.0050016576978091,0.9883775701268679,0.9966896139123385,624400.0,16434009.0
2021-06-01,0.9936670525358038,1.0046238375257421,0.9910223113313358,1.0042460173536754,609301.0,16130275.0
2021-06-02,0.997823074428539,1.0114246006229455,0.9925335920196032,1.0087798594184776,817702.0,21712684.0
2021-06-03,1.0091576795905444,1.026915227677686,1.0050016576978091,1.0129358813112128,1077969.0,28999232.0
2021-06-04,1.0038681971816086,1.012180240967079,0.9985787147726727,0.9993343551168063,655199.0,17409294.0
2021-06-07,0.9959339735682048,1.020114464580483,0.995556153396138,1.0140693418274134,558865.0,14931134.0
2021-06-08,1.0170919032039483,1.0170919032039483,1.0016012761492075,1.0042460173536754,603100.0,16033214.0
2021-06-09,1.0034903770095416,1.0046238375257421,0.9966896139123385,1.0000899954609401,425800.0,11264069.0
2021-06-10,1.0016012761492075,1.0129358813112128,1.0000899954609401,1.010291140106745,887698.0,23677198.0
2021-06-11,1.0080242190743438,1.0106689602788117,0.9936670525358038,0.9959339735682048,790932.0,20934980.0
2021-06-15,0.987999749954801,0.9925335920196032,0.9675974606631914,0.9706200220397262,848564.0,21912610.0
2021-06-16,0.970997842211793,0.9804433465134641,0.9679752808352583,0.9725091229000603,422653.0,10899545.0
2021-06-17,0.9736425834162609,0.9876219297827342,0.9736425834162609,0.9849771885782663,440965.0,11464195.0
2021-06-18,0.9917779516754694,0.9936670525358038,0.9811989868575978,0.9895110306430684,366016.0,9549225.0
2021-06-21,0.9895110306430684,1.0042460173536754,0.9868662894386006,1.0038681971816086,626965.0,16557123.0
2021-06-22,1.0012234559771407,1.0155806225156807,0.9974452542564721,1.0084020392464108,750881.0,19955050.0
2021-06-23,1.1709894258041618,1.1912565504815416,1.1709894258041618,1.1795466562235,773216.0,20305730.0
2021-06-24,1.1804474173202724,1.1804474173202724,1.16288257593321,1.1651344786751412,559733.0,14495980.0
2021-06-25,1.1664856203202996,1.1750428507396378,1.16288257593321,1.169187903610617,402748.0,10453184.0
2021-06-28,1.1709894258041618,1.1845008422557484,1.169187903610617,1.1795466562235,543549.0,14204275.0
2021-06-29,1.1795466562235,1.1795466562235,1.1556764871590306,1.1556764871590306,566401.0,14663581.0
2021-06-30,1.1619818148364376,1.2601647743846327,1.1556764871590306,1.2187297639331007,2303536.0,61949164.0
2021-07-01,1.2430503135459565,1.2979967404490749,1.2317907998363011,1.2592640132878603,4329073.0,121703744.0
2021-07-02,1.2331419414814597,1.2389968886104805,1.1885542671912244,1.202516064191197,2758269.0,73935192.0
2021-07-05,1.202516064191197,1.2160274806427835,1.187653506094452,1.1948595948686314,1166865.0,30966168.0
2021-07-06,1.1944092143202452,1.1971114976105623,1.1709894258041618,1.1957603559654038,1220020.0,32031194.0
2021-07-07,1.19621073651379,1.2047679669331282,1.1872031255460656,1.193958833771859,894208.0,23676366.0
2021-07-08,1.1935084532234728,1.1935084532234728,1.1736917090944792,1.1808977978686586,958872.0,25103204.0
2021-07-09,1.1831497006105898,1.1831497006105898,1.166936000868686,1.177294753481569,608680.0,15858015.0
2021-07-12,1.1790962756751138,1.1872031255460656,1.1511726816751684,1.183600081158976,912034.0,23891892.0
2021-07-13,1.173241328546093,1.1813481784170448,1.16288257593321,1.1745924701912516,631710.0,16446407.0
2021-07-14,1.1741420896428654,1.1790962756751138,1.1678367619654584,1.177745134029955,540157.0,14058656.0
2021-07-15,1.1718901869009344,1.177294753481569,1.1556764871590306,1.1592795315461202,608432.0,15729593.0
2021-07-16,1.1592795315461202,1.1687375230622308,1.1556764871590306,1.1633329564815962,306980.0,7934649.5
2021-07-19,1.1534245844170994,1.1664856203202996,1.1466688761913062,1.1538749649654858,487016.0,12469906.0
2021-07-20,1.1538749649654858,1.1624321953848238,1.1493711594816234,1.1592795315461202,407425.0,10458433.0
2021-07-21,1.1673863814170722,1.1673863814170722,1.1543253455138718,1.1646840981267548,516021.0,13301851.0
2021-07-22,1.1579283899009616,1.1727909479977068,1.1561268677074168,1.1718901869009344,571517.0,14767589.0
2021-07-23,1.177745134029955,1.177745134029955,1.1520734427719408,1.152523823320327,584749.0,15033015.0
2021-07-26,1.1498215400300098,1.1561268677074168,1.1259513709655402,1.1268521320623126,761500.0,19247826.0
2021-07-27,1.1282032737074714,1.1394627874171268,1.1223483265784506,1.1264017515139266,560900.0,14071754.0
2021-07-28,1.1264017515139266,1.1268521320623126,1.0719057051591943,1.0728064662559669,894800.0,21562962.0
2021-07-29,1.089920927094643,1.0998292991591399,1.0809133161269187,1.0912720687398016,442700.0,10696965.0
2021-07-30,1.0966766353204362,1.0966766353204362,1.0746079884495117,1.085867502159167,425016.0,10203972.0
2021-08-02,1.085867502159167,1.102531582449457,1.077310271739829,1.1002796797075258,493801.0,11963966.0
2021-08-03,1.0998292991591399,1.1160429989010436,1.0935239714817329,1.102531582449457,493200.0,12108210.0
2021-08-04,1.11289033506234,1.1327070791913334,1.1101880517720226,1.1115391934171814,530300.0,13169461.0
2021-08-05,1.102531582449457,1.1110888128687952,1.092172829836574,1.0944247325785053,593034.0,14455860.0
2021-08-06,1.0890201659978704,1.0939743520301188,1.0831652188688499,1.0935239714817329,366923.0,8856603.0
2021-08-09,1.0935239714817329,1.1079361490300916,1.0903713076430293,1.1079361490300916,431992.0,10566671.0
2021-08-10,1.108836910126864,1.1236994682236092,1.1079361490300916,1.1155926183526572,498014.0,12352456.0
2021-08-11,1.1155926183526572,1.1155926183526572,1.1043331046430018,1.1092872906752502,464704.0,11451931.0
2021-08-12,1.1029819629978432,1.1155926183526572,1.1029819629978432,1.1124399545139538,390360.0,9638616.0
2021-08-13,1.11289033506234,1.1142414767074986,1.106585007384933,1.1133407156107262,371858.0,9173277.0
2021-08-16,1.11289033506234,1.1304551764494024,1.1101880517720226,1.12955441535263,631308.0,15737316.0
2021-08-17,1.1646840981267548,1.1646840981267548,1.1133407156107262,1.1146918572558848,787192.0,19764046.0
2021-08-18,1.1119895739655676,1.121447565481678,1.0989285380623672,1.1196460432881332,414609.0,10232979.0
2021-08-19,1.1200964238365194,1.1227987071268368,1.102531582449457,1.102531582449457,406518.0,10008992.0
2021-08-20,1.1052338657397742,1.1052338657397742,1.0827148383204634,1.085867502159167,436317.0,10548420.0
2021-08-23,1.1007300602559122,1.1205468043849056,1.0890201659978704,1.1205468043849056,609378.0,14991504.0
2021-08-24,1.1200964238365194,1.1453177345461476,1.1137910961591124,1.1372108846751956,981944.0,24697412.0
2021-08-25,1.1426154512558304,1.1556764871590306,1.131806318094561,1.14621849564292,1072893.0,27300176.0
2021-08-26,1.14621849564292,1.1480200178364648,1.121447565481678,1.127302512610699,551309.0,13841829.0
2021-08-27,1.12955441535263,1.1426154512558304,1.1218979460300644,1.1349589819332646,897742.0,22524486.0
2021-08-30,1.1259513709655402,1.1309055569977886,1.0903713076430293,1.0926232103849602,1059307.0,26015188.0
2021-08-31,1.0944247325785053,1.0966766353204362,1.0836155994172358,1.0894705465462569,548164.0,13251516.0
2021-09-01,1.092172829836574,1.1029819629978432,1.0845163605140082,1.0993789186107534,557572.0,13530616.0
2021-09-02,1.0935239714817329,1.1034323435462294,1.0935239714817329,1.0989285380623672,399632.0,9745883.0
2021-09-03,1.0993789186107534,1.1101880517720226,1.0953254936752777,1.1038827240946159,530400.0,12989123.0
2021-09-06,1.1038827240946159,1.1092872906752502,1.0980277769655948,1.1083865295784778,451816.0,11070992.0
2021-09-07,1.108836910126864,1.1200964238365194,1.1011804408042984,1.1160429989010436,534200.0,13192611.0
2021-09-08,1.1160429989010436,1.1327070791913334,1.1115391934171814,1.1227987071268368,625716.0,15611767.0
2021-09-09,1.1227987071268368,1.2290885165459837,1.121447565481678,1.2115236751589213,4261442.0,112627256.0
2021-09-10,1.202516064191197,1.2745769519329917,1.1741420896428654,1.2344930831266183,3931692.0,105651744.0
2021-09-13,1.256561729997543,1.261065535481405,1.187653506094452,1.2016153030944245,2311183.0,62230728.0
2021-09-14,1.1894550282879968,1.2083710113202177,1.1529742038687132,1.1696382841590032,1832908.0,47947912.0
2021-09-15,1.1741420896428654,1.1845008422557484,1.1601802926428928,1.1804474173202724,960500.0,25030010.0
2021-09-16,1.1714398063525482,1.177745134029955,1.1489207789332374,1.1489207789332374,998000.0,25757488.0
2021-09-17,1.1489207789332374,1.1696382841590032,1.139913167965513,1.1592795315461202,884216.0,22676042.0
2021-09-22,1.1426154512558304,1.1687375230622308,1.1412643096106716,1.1547757260622582,618704.0,15850728.0
2021-09-23,1.1552261066106442,1.1660352397719136,1.1534245844170994,1.1561268677074168,599432.0,15401666.0
2021-09-24,1.1552261066106442,1.158829150997734,1.139913167965513,1.139913167965513,561981.0,14299149.0
2021-09-27,1.1394627874171268,1.1394627874171268,1.0993789186107534,1.1101880517720226,836064.0,20659132.0
2021-09-28,1.1034323435462294,1.1236994682236092,1.0998292991591399,1.119195662739747,411500.0,10170174.0
2021-09-29,1.1187452821913608,1.1187452821913608,1.0998292991591399,1.0998292991591399,356016.0,8737675.0
2021-09-30,1.1034323435462294,1.1236994682236092,1.102531582449457,1.1155926183526572,297104.0,7343041.5
2021-10-08,1.1286536542558574,1.1435162123526028,1.1200964238365194,1.1367605041268094,383548.0,9658676.0
2021-10-11,1.1439665929009888,1.1439665929009888,1.125500990417154,1.125500990417154,366134.0,9171371.0
2021-10-12,1.12955441535263,1.12955441535263,1.0989285380623672,1.107035387933319,400522.0,9871423.0
2021-10-13,1.148470398384851,1.2160274806427835,1.148470398384851,1.1615314342880514,1599093.0,41572980.0
2021-10-14,1.1471192567396924,1.1781955145783414,1.1304551764494024,1.1642337175783688,1078183.0,27673158.0
2021-10-15,1.1597299120945064,1.1754932312880242,1.1439665929009888,1.1448673539977614,551462.0,14142617.0
2021-10-18,1.1345086013848784,1.1682871425138446,1.1259513709655402,1.1624321953848238,637116.0,16238594.0
2021-10-19,1.1624321953848238,1.1624321953848238,1.1480200178364648,1.1529742038687132,436450.0,11188360.0
2021-10-20,1.1534245844170994,1.1552261066106442,1.1372108846751956,1.1453177345461476,342880.0,8691579.0
2021-10-21,1.1511726816751684,1.2092717724169904,1.1457681150945338,1.1944092143202452,2574417.0,68005192.0
2021-10-22,1.189905408836383,1.189905408836383,1.1709894258041618,1.1745924701912516,954701.0,24958492.0
2021-10-25,1.1700886647073894,1.1763939923847966,1.1579283899009616,1.1750428507396378,552003.0,14319649.0
2021-10-26,1.1709894258041618,1.1831497006105898,1.1610810537396652,1.1624321953848238,606301.0,15715347.0
2021-10-27,1.1610810537396652,1.1610810537396652,1.1178445210945884,1.1218979460300644,893000.0,22444926.0
2021-10-28,1.1218979460300644,1.142165070707444,1.1079361490300916,1.127752893159085,536500.0,13400554.0
2021-10-29,1.1300047959010162,1.1340582208364922,1.1106384323204088,1.1259513709655402,590400.0,14721222.0
2021-11-01,1.1372108846751956,1.1511726816751684,1.1124399545139538,1.1435162123526028,721945.0,18126724.0
2021-11-02,1.1394627874171268,1.1642337175783688,1.1349589819332646,1.1579283899009616,1154222.0,29531708.0
2021-11-03,1.1570276288041892,1.2047679669331282,1.150271920578396,1.1989130198041074,2434824.0,63808684.0
2021-11-04,1.22953889709437,1.3187142456748409,1.2115236751589213,1.3187142456748409,8559824.0,242370064.0
2021-11-05,1.3646530616102348,1.4506757463520021,1.3515920257070346,1.4506757463520021,8741971.0,274732544.0
2021-11-08,1.4268055772875325,1.4353628077068707,1.3056532097716405,1.3822179029972972,11184253.0,335658784.0
2021-11-09,1.3061035903200267,1.3376302287070618,1.2750273324813777,1.315111201287751,9100594.0,263920944.0
2021-11-10,1.3142104401909787,1.439866613190733,1.2700731464491295,1.3844698057392282,10834377.0,327940000.0
2021-11-11,1.342134034190924,1.454729171287478,1.3344775648683582,1.4394162326423467,9440491.0,294304352.0
2021-11-12,1.423202532900443,1.423202532900443,1.3452866980296276,1.3696072476424832,7049435.0,216644208.0
2021-11-15,1.3592484950296002,1.39617969999727,1.3412332730941516,1.3871720890295456,6064748.0,184264176.0
2021-11-16,1.3813171419005248,1.3813171419005248,1.3015997848361645,1.304752448674868,5380648.0,158706544.0
2021-11-17,1.2975463599006885,1.3353783259651306,1.2925921738684403,1.3308745204812686,3437267.0,100573208.0
2021-11-18,1.3281722371909512,1.3457370785780136,1.302500545932937,1.3205157678683856,3468423.0,101848200.0
2021-11-19,1.3106073958038889,1.3304241399328824,1.300699023739392,1.3187142456748409,2450400.0,71785160.0
2021-11-22,1.3322256621264272,1.3916758945134078,1.306553970868413,1.3605996366747588,4556030.0,135230272.0
2021-11-23,1.3452866980296276,1.3781644780618214,1.3200653873199995,1.3227676706103169,3306200.0,98341072.0
2021-11-24,1.3200653873199995,1.4551795518358643,1.3137600596425925,1.4551795518358643,11078514.0,349256160.0
2021-11-25,1.5267900590292725,1.600652468964612,1.513278642577686,1.600652468964612,19552796.0,689437952.0
2021-11-26,1.6317287268032608,1.7501788110288357,1.6317287268032608,1.6578507986096616,16536948.0,618080960.0
2021-11-29,1.633530248996806,1.719552933738573,1.5830876275775496,1.5907440969001152,9085889.0,326874560.0
2021-11-30,1.6087593188355638,1.6141638854161986,1.523637395190569,1.544354900416335,7094600.0,245086880.0
2021-12-01,1.5439045198679489,1.5817364859323908,1.5159809258680033,1.5502098475453558,5859572.0,201475792.0
2021-12-02,1.535797669996997,1.5470571837066525,1.4637367822552023,1.4709428710293817,6234061.0,207649632.0
2021-12-03,1.4637367822552023,1.4889580929648305,1.435813188255257,1.4385154715455744,4581961.0,148123712.0
2021-12-06,1.3281722371909512,1.3952789389004976,1.3200653873199995,1.366904964352166,7534483.0,226800064.0
2021-12-07,1.3511416451586484,1.3637523005134624,1.2970959793523025,1.3038516875780957,4438694.0,130015528.0
2021-12-08,1.3088058736103438,1.3295233788361098,1.2925921738684403,1.3155615818361373,2978100.0,87023920.0
2021-12-09,1.3164623429329096,1.3430347952876964,1.3164623429329096,1.3250195733522478,3150501.0,92981672.0
2021-12-10,1.3218669095135442,1.3326760426748134,1.3052028292232543,1.3322256621264272,2955633.0,86703056.0
2021-12-13,1.3367294676102894,1.342134034190924,1.3020501653845509,1.315111201287751,3131636.0,91329200.0
2021-12-14,1.3061035903200267,1.3286226177393374,1.302500545932937,1.3286226177393374,2891350.0,84580816.0
2021-12-15,1.3322256621264272,1.3551950700941242,1.3245691928038617,1.350691264610262,4622516.0,137548576.0
2021-12-16,1.3687064865457108,1.3705080087392556,1.3308745204812686,1.3326760426748134,3773502.0,112507992.0
2021-12-17,1.3398821314489928,1.3416836536425378,1.2952944571587577,1.2970959793523025,3105800.0,90273000.0
2021-12-20,1.2894395100297367,1.3079051125135714,1.2867372267394195,1.2939433155135989,1970237.0,56772984.0
2021-12-21,1.2988975015458473,1.2993478820942335,1.256561729997543,1.277729615771695,2945100.0,83072184.0
2021-12-22,1.277729615771695,1.2894395100297367,1.2727754297394467,1.2894395100297367,2150716.0,61125096.0
2021-12-23,1.2925921738684403,1.3236684317070893,1.2750273324813777,1.3196150067716133,4086890.0,118354272.0
2021-12-24,1.3133096790942063,1.3196150067716133,1.2655693409652673,1.2700731464491295,2965800.0,84539240.0
2021-12-27,1.2642181993201087,1.2826838018039435,1.2615159160297913,1.270973907545902,1235535.0,34944632.0
2021-12-28,1.271424288094288,1.2988975015458473,1.2700731464491295,1.2844853239974883,1543920.0,44046708.0
2021-12-29,1.2790807574168537,1.3038516875780957,1.275477713029764,1.290340271126509,1703834.0,48915088.0
2021-12-30,1.290340271126509,1.3286226177393374,1.2844853239974883,1.3182638651264544,2503236.0,72741952.0
2021-12-31,1.3236684317070893,1.3304241399328824,1.3020501653845509,1.3164623429329096,2268176.0,66310656.0
2022-01-04,1.3169127234812958,1.335828706513517,1.302500545932937,1.321416528965158,2241300.0,65561504.0
2022-01-05,1.3218669095135442,1.327721856642565,1.2745769519329917,1.2804318990620123,2348216.0,67575192.0
2022-01-06,1.3061035903200267,1.3452866980296276,1.296645598803916,1.3299737593844962,3722817.0,109188248.0
2022-01-07,1.327721856642565,1.3331264232231996,1.2871876072878055,1.288088368384578,2667416.0,77709152.0
2022-01-10,1.288088368384578,1.29619521825553,1.2299892776427561,1.277729615771695,2375501.0,66696328.0
2022-01-11,1.2804318990620123,1.3160119623845234,1.266920482610426,1.2822334212555573,1823516.0,52290276.0
2022-01-12,1.277729615771695,1.3236684317070893,1.2763784741265365,1.3097066347071165,2039200.0,59149564.0
2022-01-13,1.3061035903200267,1.315111201287751,1.2970959793523025,1.3043020681264819,1419300.0,41066496.0
2022-01-14,1.2970959793523025,1.3106073958038889,1.2799815185136263,1.2849357045458747,1720200.0,49564976.0
2022-01-17,1.2822334212555573,1.36285153941669,1.2781799963200813,1.3560958311908966,5737614.0,170204560.0
2022-01-18,1.3601492561263726,1.3727599114811868,1.3164623429329096,1.3187142456748409,3116192.0,92613920.0
2022-01-19,1.3196150067716133,1.342134034190924,1.3020501653845509,1.3164623429329096,2275416.0,66586684.0
2022-01-20,1.3164623429329096,1.3263707149974064,1.250256402320136,1.252508305062067,3177300.0,89915072.0
2022-01-21,1.2529586856104533,1.2736761908362193,1.2475541190298185,1.2597143938362465,1532400.0,42994176.0
2022-01-24,1.256561729997543,1.2691723853523569,1.2430503135459565,1.254309827255612,1142200.0,31921464.0
2022-01-25,1.254309827255612,1.3155615818361373,1.2182793833847145,1.2763784741265365,5768339.0,163440752.0
2022-01-26,1.2975463599006885,1.3015997848361645,1.250706782868522,1.2741265713846053,2048988.0,58132776.0
2022-01-27,1.2781799963200813,1.2813326601587849,1.219180144481487,1.219180144481487,2067220.0,56961024.0
2022-01-28,1.233592322029846,1.2574624910943155,1.2052183474815144,1.2322411803846873,1321400.0,36297752.0
2022-02-07,1.261065535481405,1.2831341823523297,1.2331419414814597,1.2538594467072257,1755616.0,49164164.0
2022-02-08,1.2538594467072257,1.271424288094288,1.248004499578205,1.270973907545902,1192200.0,33369586.0
2022-02-09,1.2691723853523569,1.285836465642647,1.2592640132878603,1.2795311379652399,1450367.0,41050552.0
2022-02-10,1.2795311379652399,1.2813326601587849,1.2619662965781775,1.2660197215136535,878900.0,24810742.0
2022-02-11,1.2723250491910605,1.2732258102878329,1.2299892776427561,1.2349434636750047,1306200.0,36411848.0
2022-02-14,1.2349434636750047,1.2579128716427015,1.2214320472234181,1.227286994352439,1164686.0,31999624.0
2022-02-15,1.2340427025782321,1.2552105883523843,1.220981666675032,1.2385465080620943,1131934.0,31160360.0
2022-02-16,1.2538594467072257,1.2700731464491295,1.2457525968362737,1.2520579245136807,1161002.0,32421580.0
2022-02-17,1.2520579245136807,1.258363252191088,1.2344930831266183,1.2407984108040253,1097655.0,30403474.0
2022-02-18,1.22953889709437,1.250706782868522,1.2281877554492113,1.248004499578205,764337.0,21081922.0
2022-02-21,1.248004499578205,1.258363252191088,1.2403480302556391,1.2552105883523843,1259900.0,35028212.0
2022-02-22,1.246653357933046,1.2538594467072257,1.2245847110621217,1.2290885165459837,1382116.0,37820228.0
2022-02-23,1.2353938442233907,1.3106073958038889,1.2299892776427561,1.2826838018039435,2894719.0,81613248.0
2022-02-24,1.2826838018039435,1.2957448377071437,1.231340419287915,1.243951074642729,2261634.0,63394116.0
2022-02-25,1.252508305062067,1.281783040707171,1.252508305062067,1.265118960416881,1163118.0,32772086.0
2022-02-28,1.2696227659007433,1.2696227659007433,1.2322411803846873,1.239897649707253,1526761.0,42113944.0
2022-03-01,1.2475541190298185,1.2493556412233635,1.227286994352439,1.2349434636750047,1612003.0,44146964.0
2022-03-02,1.231340419287915,1.2385465080620943,1.2070198696750591,1.236294605320163,1442500.0,39143148.0
2022-03-03,1.238096127513708,1.2407984108040253,1.2070198696750591,1.2155771000943971,1682577.0,45473700.0
2022-03-04,1.210622914062149,1.210622914062149,1.1574780093525754,1.1646840981267548,2249818.0,59151444.0
2022-03-07,1.1646840981267548,1.1687375230622308,1.14621849564292,1.1507223011267822,896611.0,23028008.0
2022-03-08,1.1507223011267822,1.156577248255803,1.1034323435462294,1.1079361490300916,1099700.0,27526956.0
2022-03-09,1.1083865295784778,1.1223483265784506,1.065149996933401,1.0989285380623672,1713000.0,41662408.0
2022-03-10,1.1124399545139538,1.1291040348042438,1.1061346268365466,1.1074857684817054,1128600.0,28020668.0
2022-03-11,1.0953254936752777,1.1200964238365194,1.0764095106430565,1.1124399545139538,1185388.0,28819370.0
2022-03-14,1.1056842462881606,1.1074857684817054,1.0723560857075805,1.0728064662559669,1134577.0,27414080.0
2022-03-15,1.077760652288215,1.077760652288215,1.0133562338689863,1.0133562338689863,1550200.0,35905000.0
2022-03-16,1.0241653670302553,1.0354248807399107,0.9827303565787235,1.0282187919657313,1254606.0,28303376.0
2022-03-17,1.0552416248689043,1.0561423859656767,1.0367760223850695,1.037676783481842,1232600.0,28634318.0
2022-03-18,1.035875261288297,1.0547912443205183,1.03317297799798,1.0547912443205183,1040816.0,24202144.0
2022-03-21,1.0547912443205183,1.0619973330946975,1.0435317306108627,1.0520889610302009,1018006.0,23772982.0
2022-03-22,1.0502874388366559,1.0615469525463115,1.0426309695140903,1.0615469525463115,690993.0,16143783.0
2022-03-23,1.061096571997925,1.0665011385785597,1.0493866777398835,1.0538904832237457,1061600.0,24868924.0
2022-03-24,1.0475851555463387,1.0516385804818147,1.035875261288297,1.0367760223850695,632800.0,14624289.0
2022-03-25,1.0354248807399107,1.0529897221269733,1.0345241196431383,1.0430813500624765,712400.0,16545683.0
2022-03-28,1.0471347749979525,1.0471347749979525,1.0102035700302827,1.0322722169012073,766145.0,17520456.0
2022-03-29,1.0403790667721593,1.0408294473205455,1.0165088977076897,1.025066128127028,676712.0,15420923.0
2022-03-30,1.0268676503205727,1.0511881999334285,1.0259668892238003,1.0448828722560213,956344.0,22058408.0
2022-03-31,1.0448828722560213,1.061096571997925,1.038127164030228,1.0574935276108355,841279.0,19670286.0
2022-04-01,1.057043147062449,1.057043147062449,1.0448828722560213,1.0561423859656767,863543.0,20123322.0
2022-04-06,1.0502874388366559,1.0885697854494845,1.0502874388366559,1.0723560857075805,1002446.0,23871164.0
2022-04-07,1.0665011385785597,1.0741576079011255,1.0322722169012073,1.0367760223850695,1063829.0,24777342.0
2022-04-08,1.041730208417318,1.041730208417318,1.0183104199012345,1.0295699336108899,796764.0,18219022.0
2022-04-11,1.0219134642883243,1.0665011385785597,1.0007455785141721,1.0029974812561033,1967464.0,44625256.0
2022-04-12,1.0268676503205727,1.0399286862237729,0.9908372064496754,1.038127164030228,1349400.0,30429828.0
2022-04-13,1.0349745001915247,1.0412798278689317,1.0178600393528485,1.0178600393528485,696400.0,15814615.0
2022-04-14,1.0237149864818693,1.0403790667721593,1.0138066144173725,1.023264605933483,1112900.0,25405752.0
2022-04-15,1.023264605933483,1.0363256418366833,0.9989440563206273,1.0034478618044895,1735448.0,38835304.0
2022-04-18,1.0029974812561033,1.012455472772214,0.9890356842561306,1.0093028089335103,1152445.0,25651724.0
2022-04-19,1.012455472772214,1.027318030868959,1.002096720159331,1.0133562338689863,1181200.0,26610496.0
2022-04-20,1.0102035700302827,1.021463083739938,0.9935394897399926,0.9980432952238549,960800.0,21469252.0
2022-04-21,0.9944402508367651,0.9971425341270825,0.9453487710626676,0.9476006738045987,1925433.0,41272828.0
2022-04-22,0.9457991516110538,0.9881349231593582,0.9408449655788055,0.975524267804544,1715800.0,36617208.0
2022-04-25,0.9980432952238549,1.0079516672883515,0.916974796514336,0.916974796514336,2314916.0,49797272.0
2022-04-26,0.894005388546639,0.9557075236755506,0.894005388546639,0.9165244159659498,1877400.0,38714044.0
2022-04-27,0.9106694688369289,0.9890356842561306,0.9057152828046806,0.9827303565787235,2771600.0,58829136.0
2022-04-28,1.0804629355785325,1.0809133161269187,1.0403790667721593,1.0809133161269187,3493164.0,83423944.0
2022-04-29,1.1160429989010436,1.1890046477396106,1.1133407156107262,1.1890046477396106,3505864.0,89802000.0
2022-05-05,1.2790807574168537,1.2790807574168537,1.2083710113202177,1.2371953664169355,10270401.0,284713088.0
2022-05-06,1.1489207789332374,1.254309827255612,1.1489207789332374,1.2020656836428107,6305025.0,168631648.0
2022-05-09,1.200264161449266,1.2628670576749499,1.200264161449266,1.210622914062149,5556056.0,151840048.0
2022-05-10,1.2214320472234181,1.2385465080620943,1.202516064191197,1.2340427025782321,3096116.0,84135248.0
2022-05-11,1.2227831888685767,1.3034013070297095,1.2227831888685767,1.2475541190298185,5029540.0,142506560.0
2022-05-12,1.2588136327394739,1.2745769519329917,1.2340427025782321,1.254309827255612,3049416.0,85191688.0
2022-05-13,1.260615154933019,1.2655693409652673,1.2241343305137353,1.2277373749008251,3747600.0,103439072.0
2022-05-16,1.231340419287915,1.2430503135459565,1.1957603559654038,1.202516064191197,2973518.0,80304152.0
2022-05-17,1.202516064191197,1.2110732946105351,1.1781955145783414,1.1894550282879968,2413600.0,63783420.0
2022-05-18,1.1944092143202452,1.2173786222879421,1.1845008422557484,1.2047679669331282,1573300.0,42051584.0
2022-05-19,1.185851983900907,1.2133251973524664,1.185851983900907,1.2092717724169904,1483600.0,39637248.0
2022-05-20,1.2133251973524664,1.2160274806427835,1.1854016033525208,1.1971114976105623,2373000.0,63103096.0
2022-05-23,1.202516064191197,1.22953889709437,1.185851983900907,1.21287481680408,2368236.0,63440980.0
2022-05-24,1.2074702502234453,1.2250350916105077,1.139913167965513,1.1408139290622854,2778300.0,72692720.0
2022-05-25,1.1466688761913062,1.1538749649654858,1.1259513709655402,1.1408139290622854,1213400.0,30658744.0
2022-05-26,1.1417146901590578,1.1516230622235546,1.1110888128687952,1.1372108846751956,1283261.0,32194536.0
2022-05-27,1.1426154512558304,1.1583787704493478,1.1259513709655402,1.1390124068687404,1208400.0,30687520.0
2022-05-30,1.1466688761913062,1.1826993200622036,1.12955441535263,1.1736917090944792,2146001.0,55192724.0
2022-05-31,1.1687375230622308,1.177294753481569,1.1340582208364922,1.1723405674493206,2344700.0,60210360.0
2022-06-01,1.1664856203202996,1.2133251973524664,1.1574780093525754,1.2115236751589213,2743001.0,72679592.0
2022-06-02,1.2124244362556937,1.219180144481487,1.1917069310299278,1.2119740557073075,1669139.0,44656948.0
2022-06-06,1.2119740557073075,1.2601647743846327,1.2083710113202177,1.242149552449184,3032512.0,83141912.0
2022-06-07,1.2448518357395013,1.2579128716427015,1.2160274806427835,1.2254854721588941,2239800.0,61380024.0
2022-06-08,1.236294605320163,1.2371953664169355,1.1957603559654038,1.2151267195460111,1573510.0,42503976.0
2022-06-09,1.2016153030944245,1.2115236751589213,1.1637833370299824,1.1718901869009344,1492416.0,39220664.0
2022-06-10,1.1714398063525482,1.1993634003524933,1.1673863814170722,1.1926076921267004,1687264.0,44520212.0
2022-06-13,1.1926076921267004,1.208821391868604,1.1781955145783414,1.1975618781589485,1612400.0,42822816.0
2022-06-14,1.1957603559654038,1.2588136327394739,1.1894550282879968,1.254760207803998,5002119.0,135969792.0
2022-06-15,1.254760207803998,1.2660197215136535,1.2385465080620943,1.2453022162878875,3031947.0,84317872.0
2022-06-16,1.2389968886104805,1.265118960416881,1.236294605320163,1.250256402320136,2239947.0,62259948.0
2022-06-17,1.2498060217717497,1.2655693409652673,1.2331419414814597,1.261065535481405,2109417.0,58765500.0
2022-06-20,1.2691723853523569,1.2898898905781229,1.252508305062067,1.2529586856104533,2078517.0,58353928.0
2022-06-21,1.2736761908362193,1.2849357045458747,1.2453022162878875,1.254760207803998,2435900.0,68270176.0
2022-06-22,1.242149552449184,1.2655693409652673,1.2340427025782321,1.2340427025782321,2231400.0,61768528.0
2022-06-23,1.22953889709437,1.2430503135459565,1.2119740557073075,1.2367449858685495,1561017.0,42582484.0
2022-06-24,1.2407984108040253,1.2849357045458747,1.2385465080620943,1.2655693409652673,2397700.0,67525272.0
2022-06-27,1.2367449858685495,1.2475541190298185,1.1890046477396106,1.2308900387395285,4039190.0,108900760.0
2022-06-28,3.1796644780842622,3.4654164362673328,3.1473151997993862,3.4654164362673328,10168474.0,255565744.0
2022-06-29,3.4613727764817233,3.4775474156241613,3.260537673796452,3.2753644263436867,10891633.0,268915040.0
2022-06-30,3.3090615912237658,3.5045051475282243,3.2160574161547473,3.402065766292784,9323617.0,230462416.0
2022-07-01,3.4168925188400188,3.7201670027607308,3.4168925188400188,3.6271628276917123,11993657.0,320518336.0
2022-07-04,3.6514247864053693,3.8347373633529993,3.6392938070485408,3.681078291499839,10252648.0,283212192.0
2022-07-05,3.681078291499839,3.693209270856667,3.5355065392178973,3.659512105976588,7168391.0,191603664.0
2022-07-06,3.8441725695194213,3.863042981852266,3.4209361786256283,3.5260713330514752,14665282.0,393487744.0
2022-07-07,3.5045051475282243,3.659512105976588,3.411500972459206,3.4209361786256283,9792091.0,254491312.0
2022-07-08,3.3831953539599398,3.5287671062418813,3.3710643746031113,3.4600248898865202,7220587.0,186187296.0
2022-07-11,3.4721558692433487,3.4910262815761928,3.3292798901518132,3.3831953539599398,4376165.0,110426896.0
2022-07-12,3.3831953539599398,3.4141967456496123,3.260537673796452,3.2713207665580772,4569723.0,112419696.0
2022-07-13,3.3292798901518132,3.3791516941743303,3.2726686531532803,3.3697164880079082,3878838.0,95824696.0
2022-07-14,3.3724122611983143,3.4532854569105043,3.3306277767470163,3.4195882920304252,3522595.0,88635064.0
2022-07-15,3.4263277250064412,3.6635557657621978,3.3966742199119713,3.5112445805042403,6857464.0,180385664.0
2022-07-18,3.5314628794322878,3.6339022606677283,3.450589683720098,3.598857209192446,5942720.0,156184320.0
2022-07-19,3.5597684979315543,3.6231191679061028,3.5530290649555383,3.6055966421684618,4132151.0,110167856.0
2022-07-20,3.6271628276917123,3.6514247864053693,3.5651600443123668,3.6055966421684618,3597396.0,96139424.0
2022-07-21,3.6109881885492743,3.6945571574518703,3.5880741164308207,3.6231191679061028,3722500.0,100697536.0
2022-07-22,3.6029008689780553,3.6231191679061028,3.5179840134802562,3.5638121577171638,4330060.0,114553072.0
2022-07-25,3.558420611336351,3.5718994772883828,3.4573291166961133,3.4788953022193643,2823425.0,73341272.0
2022-07-26,3.4977657145522083,3.500461487742615,3.3872390137455493,3.4708079826481453,2756815.0,70594920.0
2022-07-27,3.4721558692433487,3.5705515906931793,3.4721558692433487,3.5382023124083033,2808319.0,73457480.0
2022-07-28,3.5287671062418813,3.608292415358868,3.5287671062418813,3.567855817502773,2795655.0,74138432.0
2022-07-29,3.5597684979315543,3.5948135494068367,3.524723446456272,3.5314628794322878,1846340.0,48579596.0
2022-08-01,3.5314628794322878,3.5786389102643983,3.4600248898865202,3.5651600443123668,2870555.0,75290096.0
2022-08-02,3.503157260933021,3.503157260933021,3.3427587561038448,3.3764559209839238,4194965.0,105947216.0
2022-08-03,3.3912826735311588,3.5152882402898493,3.3737601477935177,3.393978446721565,3525397.0,90444248.0
2022-08-04,3.4290234981968473,3.450589683720098,3.3090615912237658,3.3818474673647367,2905830.0,72757520.0
2022-08-05,3.360281281841486,3.4478939105296913,3.360281281841486,3.4263277250064412,3212377.0,81543536.0
2022-08-08,3.442502364148879,3.4478939105296913,3.3912826735311588,3.4168925188400188,3082674.0,78135592.0
2022-08-09,3.4155446322448157,3.4586770032913168,3.3872390137455493,3.4573291166961133,3018460.0,76780824.0
2022-08-10,3.4438502507440822,3.5422459721939132,3.4101530858640032,3.4842868486001772,3172990.0,82164192.0
2022-08-11,3.5112445805042403,3.6231191679061028,3.492374168171396,3.582682570050008,3673882.0,97349536.0
2022-08-12,3.5934656628116333,3.5934656628116333,3.4910262815761928,3.5045051475282243,2970450.0,78001448.0
2022-08-15,3.4101530858640032,3.5274192196466783,3.2767123129388898,3.5179840134802562,4722348.0,119563104.0
2022-08-16,3.4977657145522083,3.5355065392178973,3.4276756116016442,3.4465460239344883,3070036.0,78838072.0
2022-08-17,3.451937570315301,3.4735037558385518,3.3885869003407523,3.4465460239344883,2208471.0,56251964.0
2022-08-18,3.4371108177680663,3.5692037040979763,3.3966742199119713,3.5449417453843193,4179611.0,108638008.0
2022-08-19,3.5732473638835858,3.659512105976588,3.5179840134802562,3.524723446456272,4699995.0,124736424.0
2022-08-22,3.5382023124083033,3.6285107142869157,3.4681122094577392,3.5867262298356173,5219020.0,138467856.0
2022-08-23,3.5799867968596013,3.659512105976588,3.5692037040979763,3.624467054501306,4139325.0,110845256.0
2022-08-24,3.6392938070485408,3.6527726730005727,3.4317192713872537,3.4613727764817233,5140065.0,133475480.0
2022-08-25,3.4815910754097703,3.4964178279570057,3.3481503024846573,3.4276756116016442,3111848.0,78483808.0
2022-08-26,3.4371108177680663,3.5638121577171638,3.4168925188400188,3.4411544775536758,3727593.0,96652880.0
2022-08-29,3.4290234981968473,3.4883305083857863,3.3508460756750638,3.4815910754097703,3038790.0,77738016.0
2022-08-30,3.4600248898865202,3.5301149928370847,3.392630560126362,3.4398065909584723,3250765.0,83028512.0
2022-08-31,3.435762931172863,3.4829389620049738,3.1958391172267,3.2012306636075127,6588185.0,161263408.0
2022-09-01,3.2416672614636077,3.313105251009375,3.2079700965835287,3.2241447357259667,3584295.0,86421560.0
2022-09-02,3.2093179831787313,3.2874954057005152,3.1715771585130432,3.2713207665580772,3125655.0,75307096.0
2022-09-05,3.261885560391655,3.2888432922957183,3.1958391172267,3.22144896253556,2701965.0,64930688.0
2022-09-06,3.2281883955115758,3.2807559727244993,3.1917954574410903,3.2672771067724673,3158235.0,76132672.0
2022-09-07,3.2686249933676708,3.3063658180333597,3.2443630346540138,3.2659292201772647,2593890.0,62976624.0
2022-09-08,3.2645813335820613,3.279408086129296,3.1823602512746683,3.1917954574410903,2481950.0,59336540.0
2022-09-09,3.1917954574410903,3.2066222099883253,3.1338363338473547,3.1459673132041828,2110028.0,49304496.0
2022-09-13,3.1661856121322303,3.1958391172267,3.1297926740617448,3.1580982925610113,2218445.0,51968376.0
2022-09-14,3.1068786019432912,3.1432715400137767,3.0731814370632122,3.0960955091816658,1822105.0,41872844.0
2022-09-15,3.0933997359912597,3.1190095813001197,2.9262617981860677,2.9613068496613493,2668415.0,59380280.0
2022-09-16,2.949175870304521,2.989612468160616,2.9114350456388327,2.9181744786148482,2379070.0,51954200.0
2022-09-19,2.941088550733302,2.9788293753989907,2.889868860115582,2.9019998394724107,2118801.0,46041788.0
2022-09-20,2.923566024995661,2.9613068496613493,2.9168265920196452,2.9383927775428957,1396547.0,30416118.0
2022-09-21,2.9626547362565527,3.023309633040695,2.9383927775428957,2.9923082413510222,2784531.0,61722008.0
2022-09-22,2.9788293753989907,3.039484272183133,2.9734378290181778,3.0098307670886633,1874550.0,41875020.0
2022-09-23,3.005787107303054,3.0287011794215077,2.9195223652100517,2.9640026228517558,1763645.0,38858716.0
2022-09-26,2.9343491177572862,3.0030913341126477,2.9100871590436292,2.9586110764709432,1771331.0,38895864.0
2022-09-27,2.9788293753989907,3.0381363855879298,2.9424364373285052,3.0327448392071172,1809236.0,40228156.0
2022-09-28,3.0152223134694762,3.070485663872806,2.9855688083750063,2.9909603547558192,2184662.0,48956732.0
2022-09-29,3.0179180866598827,3.039484272183133,2.9747857156133812,3.0179180866598827,2108311.0,47055624.0
2022-09-30,2.9909603547558192,3.0044392207078507,2.8925646333059882,2.8966082930915977,2148949.0,46675884.0
2022-10-10,2.9127829322340357,2.9222181384004577,2.8170829839746108,2.8373012829026587,2083845.0,43992636.0
2022-10-11,2.8305618499266427,2.85078014885469,2.7968646850465637,2.82517030354583,1760301.0,36892736.0
2022-10-12,2.8386491694978617,2.9680462826373653,2.7995604582369698,2.954567416685334,2886506.0,61525392.0
2022-10-13,2.93165334456688,3.0381363855879298,2.9046956126628167,3.01252654027907,2639794.0,58340716.0
2022-10-14,3.0192659732550853,3.0516152515399617,2.9950040145414287,3.0354406123975237,2452534.0,55085636.0
2022-10-17,3.0192659732550853,3.0933997359912597,3.005787107303054,3.0839645298248373,2126900.0,48275780.0
2022-10-18,3.0933997359912597,3.105530715348088,3.055658911325571,3.070485663872806,1924564.0,43965284.0
2022-10-19,3.0691377772776027,3.1742729317034497,3.06374623089679,3.0933997359912597,3091515.0,71676192.0
2022-10-20,3.0933997359912597,3.1715771585130432,3.0421800453735393,3.1311405606569482,2994455.0,69260984.0
2022-10-21,3.1149659215145102,3.187751797655481,3.0502673649447583,3.1028349421576817,2189242.0,50310800.0
2022-10-24,3.0987912823720722,3.1473151997993862,3.0313969526119138,3.0543110247303678,2125615.0,48849376.0
2022-10-25,3.0327448392071172,3.0543110247303678,2.9451322105189117,3.007134993898257,2286390.0,50840916.0
2022-10-26,3.01252654027907,3.1783165914890588,3.01252654027907,3.1513588595849953,3889435.0,90132168.0
2022-10-27,3.1351842204425577,3.202578550202716,3.1338363338473547,3.1742729317034497,2618922.0,61692616.0
2022-10-28,3.2052743233931222,3.2268405089163728,3.0758772102536187,3.0947476225864627,4563328.0,106684640.0
2022-10-31,3.0866603030152437,3.2039264367979188,3.0866603030152437,3.1405757668233703,3792045.0,88711744.0
2022-11-01,3.1270969008713387,3.2066222099883253,3.113618034919307,3.1864039110602778,3434232.0,80666608.0
2022-11-02,3.187751797655481,3.2578419006060457,3.1756208182986523,3.2322320552971853,4059759.0,97175856.0
2022-11-03,3.2039264367979188,3.3292798901518132,3.1931433440362937,3.313105251009375,4566422.0,111015056.0
2022-11-04,3.3265841169614068,3.336019323127829,3.2915390654861247,3.336019323127829,3868046.0,95141152.0
2022-11-07,3.3225404571757973,3.3225404571757973,3.2254926223211697,3.2470588078444202,4132255.0,100029792.0
2022-11-08,3.2659292201772647,3.3090615912237658,3.2281883955115758,3.3023221582477498,2867010.0,69797624.0
2022-11-09,3.2511024676300297,3.2847996325101088,3.22144896253556,3.2241447357259667,2699625.0,64939808.0
2022-11-10,3.2174053027499507,3.245710921249217,3.1998827770123093,3.2187531893451538,2066850.0,49395824.0
2022-11-11,3.2632334469868582,3.3009742716525468,3.1769687048938557,3.1823602512746683,3224470.0,77357440.0
2022-11-14,3.1715771585130432,3.2443630346540138,3.1607940657514177,3.1783165914890588,2450210.0,58246368.0
2022-11-15,3.1756208182986523,3.2699728799628742,3.1702292719178398,3.2524503542252328,2534350.0,60849176.0
2022-11-16,3.255146127415639,3.295582725271734,3.2443630346540138,3.2632334469868582,2734628.0,66359416.0
2022-11-17,3.2537982408204362,3.295582725271734,3.2308841687019823,3.2915390654861247,2461872.0,59654252.0
2022-11-18,3.3023221582477498,3.3697164880079082,3.279408086129296,3.2874954057005152,3493574.0,86044576.0
2022-11-21,3.2874954057005152,3.2874954057005152,3.2106658697739348,3.2672771067724673,2482790.0,59621396.0
2022-11-22,3.2659292201772647,3.3023221582477498,3.2174053027499507,3.2254926223211697,2381241.0,57630608.0
2022-11-23,3.2308841687019823,3.2349278284875917,3.1405757668233703,3.1850560244650747,2279909.0,53712032.0
2022-11-24,3.1864039110602778,3.2241447357259667,3.1810123646794652,3.1985348904171063,1337301.0,31793528.0
2022-11-25,3.1971870038219032,3.1971870038219032,3.113618034919307,3.113618034919307,1760450.0,41017096.0
2022-11-28,3.1028349421576817,3.1244011276809323,3.0448758185639457,3.0691377772776027,1790760.0,40804756.0
2022-11-29,3.0772250968488213,3.1230532410857292,3.0475715917543518,3.1028349421576817,1707460.0,39280144.0
2022-11-30,3.1176616947049163,3.1176616947049163,3.0691377772776027,3.1028349421576817,1865785.0,42794960.0
2022-12-01,3.1244011276809323,3.1567504059658087,3.1109222617289003,3.1257490142761357,2019615.0,46973352.0
2022-12-02,3.1270969008713387,3.1688813853226367,3.104182828752885,3.1392278802281672,1913734.0,44646140.0
2022-12-05,3.1513588595849953,3.1607940657514177,3.1176616947049163,3.1432715400137767,1852695.0,43057728.0
2022-12-06,3.1365321070377608,3.163489838941824,3.121705354490526,3.1284447874665418,1598976.0,37282840.0
2022-12-07,3.1203574678953228,3.121705354490526,3.070485663872806,3.0758772102536187,2499829.0,57351576.0
2022-12-08,3.0745293236584152,3.0853124164200407,3.0313969526119138,3.0327448392071172,1686175.0,38185376.0
2022-12-09,3.0327448392071172,3.0529631381351647,2.9963519011366317,3.0192659732550853,1719840.0,38530556.0
2022-12-12,3.0192659732550853,3.0367884989927267,2.9788293753989907,3.030049066016711,2009760.0,44886432.0
2022-12-13,3.0313969526119138,3.0313969526119138,2.965350509446959,2.9680462826373653,1530464.0,33916736.0
2022-12-14,2.9788293753989907,2.9976997877318348,2.9249139115908642,2.9383927775428957,1833565.0,40250252.0
2022-12-15,2.9397406641380988,2.9909603547558192,2.9249139115908642,2.9788293753989907,1522921.0,33567692.0
2022-12-16,2.9518716434949273,2.9788293753989907,2.9127829322340357,2.9303054579716767,1604130.0,34873832.0
2022-12-19,2.9114350456388327,2.9222181384004577,2.8278660767362367,2.85078014885469,1646760.0,35000316.0
2022-12-20,2.85078014885469,2.8966082930915977,2.8359533963074552,2.8804336539491597,1238990.0,26368206.0
2022-12-21,2.8817815405443628,2.8939125199011912,2.815735097379408,2.8305618499266427,1514390.0,31921100.0
2022-12-22,2.8615632416163157,2.8615632416163157,2.7618196335712812,2.768559066547297,1396410.0,29084004.0
2022-12-23,2.7955167984513603,2.8238224169506267,2.7550802005952657,2.8049520046177827,1453365.0,30116432.0
2022-12-26,2.8049520046177827,2.8426928292834712,2.7887773654753447,2.8373012829026587,1347330.0,28212992.0
2022-12-27,2.8467364890690807,2.8696505611875343,2.831909736521846,2.8575195818307058,1377169.0,29109288.0
2022-12-28,2.8521280354498932,2.8575195818307058,2.8197787571650177,2.8346055097122522,1192431.0,25056716.0
2022-12-29,2.8305618499266427,2.93165334456688,2.82517030354583,2.9006519528772072,2731682.0,58639048.0
2022-12-30,2.8979561796868007,2.8979561796868007,2.8602153550211122,2.8723463343779407,1509648.0,32199330.0
2023-01-03,2.8790857673539567,2.9424364373285052,2.8642590148067217,2.9397406641380988,2207563.0,47706536.0
2023-01-04,2.9451322105189117,2.9788293753989907,2.9222181384004577,2.941088550733302,2633940.0,57688392.0
2023-01-05,2.9424364373285052,2.989612468160616,2.9303054579716767,2.9801772619941937,2187005.0,48101884.0
2023-01-06,2.9747857156133812,3.0313969526119138,2.95726318987574,3.0273532928263047,2212793.0,49357272.0
2023-01-09,3.0246575196358982,3.1527067461801987,3.0044392207078507,3.1176616947049163,4252660.0,97274024.0
2023-01-10,3.1270969008713387,3.1917954574410903,3.0529631381351647,3.1675334987274337,5904590.0,136967280.0
2023-01-11,3.1675334987274337,3.1742729317034497,3.0907039628008532,3.1001391689672753,4160484.0,96786616.0
2023-01-12,3.1001391689672753,3.1284447874665418,3.0826166432296342,3.1190095813001197,2271916.0,52373516.0
2023-01-13,3.1149659215145102,3.163489838941824,3.1068786019432912,3.1392278802281672,2527697.0,58788660.0
2023-01-16,3.137879993632964,3.1540546327754018,3.1163138081097137,3.1473151997993862,2517445.0,58588084.0
2023-01-17,3.1527067461801987,3.1985348904171063,3.1405757668233703,3.1769687048938557,2131619.0,50203852.0
2023-01-18,3.163489838941824,3.1742729317034497,3.1270969008713387,3.1513588595849953,1967445.0,45933828.0
2023-01-19,3.1459673132041828,3.1823602512746683,3.1405757668233703,3.1769687048938557,1836280.0,43151192.0
2023-01-20,3.1783165914890588,3.2012306636075127,3.1432715400137767,3.162141952346621,1559710.0,36635972.0
2023-01-30,3.1810123646794652,3.1944912306314968,3.162141952346621,3.1837081378698717,2315403.0,54594640.0
2023-01-31,3.1351842204425577,3.1742729317034497,3.0367884989927267,3.1459673132041828,4647925.0,107655648.0
2023-02-01,3.187751797655481,3.2322320552971853,3.1715771585130432,3.2133616429643412,5190462.0,123486496.0
2023-02-02,3.2241447357259667,3.255146127415639,3.2052743233931222,3.2254926223211697,3047543.0,72988344.0
2023-02-03,3.2349278284875917,3.2901911788909213,3.2160574161547473,3.2740165397484833,3476003.0,84060600.0
2023-02-06,3.2901911788909213,3.313105251009375,3.2645813335820613,3.2847996325101088,3480393.0,84967088.0
2023-02-07,3.2578419006060457,3.2672771067724673,3.2268405089163728,3.261885560391655,4144527.0,99802552.0
2023-02-08,3.2807559727244993,3.294234838676531,3.2187531893451538,3.2308841687019823,2855016.0,68705088.0
2023-02-09,3.2227968491307633,3.3023221582477498,3.220101075940357,3.2928869520813278,3477989.0,84461416.0
2023-02-10,3.2928869520813278,3.3279320035566102,3.2699728799628742,3.2969306118669373,3108766.0,76123520.0
2023-02-13,3.318496797390188,3.3751080343887208,3.3158010241997817,3.35354184886547,4192025.0,104161696.0
2023-02-14,3.35354184886547,3.3710643746031113,3.3292798901518132,3.336019323127829,2854569.0,70917032.0
2023-02-15,3.3373672097230322,3.4438502507440822,3.3373672097230322,3.4249798384112378,4152127.0,104971936.0
2023-02-16,3.450589683720098,3.4775474156241613,3.3333235499374227,3.3643249416270957,6287660.0,159444832.0
2023-02-17,3.3414108695086417,3.392630560126362,3.2834517459149057,3.2847996325101088,3969304.0,97718128.0
2023-02-20,3.2753644263436867,3.3724122611983143,3.2713207665580772,3.3521939622702672,3077539.0,75850768.0
2023-02-21,3.344106642699048,3.3966742199119713,3.3252362303662037,3.3494981890798607,3022300.0,75442720.0
2023-02-22,3.3279320035566102,3.3683686014127048,3.3090615912237658,3.336019323127829,2381180.0,58963960.0
2023-02-23,3.3414108695086417,3.3656728282222983,3.3158010241997817,3.3346714365326258,1875411.0,46428852.0
2023-02-24,3.3387150963182353,3.3724122611983143,3.3292798901518132,3.35354184886547,2244198.0,55796972.0
2023-02-27,3.3225404571757973,3.3400629829134387,3.2740165397484833,3.2834517459149057,2783790.0,68233544.0
2023-02-28,3.3063658180333597,3.3616291684366892,3.2753644263436867,3.319844683985391,2717838.0,66875444.0
2023-03-01,3.3050179314381563,3.3791516941743303,3.2969306118669373,3.3724122611983143,3305130.0,82268040.0
2023-03-02,3.3831953539599398,3.402065766292784,3.3521939622702672,3.358933395246283,2872050.0,71871744.0
2023-03-03,3.360281281841486,3.3683686014127048,3.2834517459149057,3.3171489107949848,2687765.0,66211304.0
2023-03-06,3.3238883437710007,3.3481503024846573,3.294234838676531,3.3292798901518132,2084627.0,51408588.0
2023-03-07,3.3158010241997817,3.3319756633422193,3.2052743233931222,3.2106658697739348,2895461.0,69838568.0
2023-03-08,3.2079700965835287,3.295582725271734,3.2079700965835287,3.2847996325101088,2238545.0,54274588.0
2023-03-09,3.2821038593197027,3.3643249416270957,3.2821038593197027,3.3575855086510797,2819035.0,69785360.0
2023-03-10,3.3400629829134387,3.3804995807695333,3.3238883437710007,3.3319756633422193,2522996.0,62785968.0
2023-03-13,3.3063658180333597,3.358933395246283,3.2389714882732012,3.3575855086510797,2363067.0,58345204.0
2023-03-14,3.3562376220558763,3.3697164880079082,3.2524503542252328,3.2888432922957183,2197513.0,53783452.0
2023-03-15,3.3158010241997817,3.3831953539599398,3.3104094778189688,3.3562376220558763,2989725.0,74490440.0
2023-03-16,3.3427587561038448,3.3966742199119713,3.2874954057005152,3.2928869520813278,2412491.0,59653096.0
2023-03-17,3.3144531376045783,3.3831953539599398,3.294234838676531,3.3643249416270957,3371048.0,83970136.0
2023-03-20,3.3724122611983143,3.4398065909584723,3.3643249416270957,3.4236319518160343,4558935.0,115371072.0
2023-03-21,3.4236319518160343,3.4869826217905833,3.3912826735311588,3.4708079826481453,4008587.0,102884088.0
2023-03-22,3.5072009207186308,3.5355065392178973,3.4654164362673328,3.5193319000754593,3899355.0,101249776.0
2023-03-23,3.5045051475282243,3.534158652622694,3.476199529028958,3.5301149928370847,3780282.0,98468848.0
2023-03-24,3.534158652622694,3.5624642711219603,3.4842868486001772,3.558420611336351,3727915.0,97734624.0
2023-03-27,3.590769889621227,3.6527726730005727,3.509896693909037,3.5516811783603353,4229133.0,112281392.0
2023-03-28,3.5692037040979763,3.5692037040979763,3.4991136011474118,3.5085488073138342,2494190.0,65258388.0
2023-03-29,3.5045051475282243,3.5638121577171638,3.4775474156241613,3.524723446456272,2413864.0,63129064.0
2023-03-30,3.503157260933021,3.5692037040979763,3.4910262815761928,3.516636126885053,2027070.0,53075120.0
2023-03-31,3.516636126885053,3.5314628794322878,3.4654164362673328,3.5220276732658653,2104355.0,54723160.0
2023-04-03,3.5193319000754593,3.5732473638835858,3.5045051475282243,3.550333291765132,2291905.0,60264768.0
2023-04-04,3.550333291765132,3.5853783432404143,3.5193319000754593,3.5395501990035068,2214243.0,58259552.0
2023-04-06,3.5206797866706623,3.5530290649555383,3.5112445805042403,3.5382023124083033,2157645.0,56558268.0
2023-04-07,3.5382023124083033,3.5516811783603353,3.4910262815761928,3.5395501990035068,1991178.0,51979988.0
2023-04-10,3.5462896319795223,3.6352501472629313,3.4991136011474118,3.5045051475282243,3997323.0,105975032.0
2023-04-11,3.5045051475282243,3.5422459721939132,3.4478939105296913,3.4532854569105043,3795788.0,98133792.0
2023-04-12,3.4667643228625358,3.5355065392178973,3.451937570315301,3.5220276732658653,2834470.0,73383504.0
2023-04-13,3.5220276732658653,3.5220276732658653,3.4222840652208317,3.43441504457766,2685130.0,68875680.0
2023-04-14,3.4842868486001772,3.4842868486001772,3.3912826735311588,3.4600248898865202,2295810.0,58617788.0
2023-04-17,3.435762931172863,3.4721558692433487,3.3966742199119713,3.4088051992687998,2030595.0,51620104.0
2023-04-18,3.4061094260783933,3.4276756116016442,3.3643249416270957,3.3764559209839238,1988768.0,49950768.0
2023-04-19,3.3697164880079082,3.5934656628116333,3.3575855086510797,3.4815910754097703,4001695.0,103466728.0
2023-04-20,3.4910262815761928,3.5287671062418813,3.4573291166961133,3.5193319000754593,2563970.0,66530008.0
2023-04-21,3.5058530341234277,3.5085488073138342,3.2686249933676708,3.2928869520813278,4938170.0,122988664.0
2023-04-24,3.279408086129296,3.3104094778189688,3.202578550202716,3.2281883955115758,2205570.0,53096452.0
2023-04-25,3.2484066944396237,3.2524503542252328,3.055658911325571,3.1028349421576817,2870273.0,66496716.0
2023-04-26,3.1014870555624787,3.1459673132041828,3.055658911325571,3.0758772102536187,2286527.0,52540756.0
2023-04-27,3.0812687566344312,3.137879993632964,3.0664420040871962,3.0893560762056502,1911495.0,43933716.0
2023-04-28,2.965350509446959,3.007134993898257,2.899304066282004,2.972089942422975,5880442.0,128775768.0
2023-05-04,2.9464800971141147,2.9640026228517558,2.8615632416163157,2.8925646333059882,4270215.0,91967880.0
2023-05-05,2.8925646333059882,2.9046956126628167,2.8197787571650177,2.8386491694978617,2720465.0,57469932.0
2023-05-08,2.85078014885469,2.8763899941635502,2.8170829839746108,2.8453886024738777,2798278.0,59177556.0
2023-05-09,2.8440407158786747,2.8534759220450967,2.8036041180225797,2.8130393241890017,2362841.0,49526516.0
2023-05-10,2.8143872107842047,2.8278660767362367,2.7901252520705477,2.8143872107842047,2052884.0,42823016.0
2023-05-11,2.8305618499266427,2.9033477260676133,2.8305618499266427,2.8871730869251757,3469429.0,74132864.0
2023-05-12,2.8858252003299727,2.899304066282004,2.8642590148067217,2.8790857673539567,1666205.0,35606560.0
2023-05-15,2.8696505611875343,2.8952604064963947,2.8373012829026587,2.8939125199011912,1721839.0,36642744.0
2023-05-16,2.889868860115582,2.9019998394724107,2.866954787997128,2.8817815405443628,1364800.0,29188316.0
2023-05-17,2.8777378807587537,2.907391385853223,2.8683026745923317,2.9046956126628167,1465879.0,31492402.0
2023-05-18,2.9100871590436292,2.9761336022085843,2.9033477260676133,2.9693941692325687,2365225.0,51809912.0
2023-05-19,2.9640026228517558,3.0111786536838667,2.9559153032805368,3.0030913341126477,1741869.0,38648912.0
2023-05-22,2.9909603547558192,3.0327448392071172,2.9855688083750063,3.0165702000646792,1328455.0,29655092.0
2023-05-23,3.0138744268742728,3.0138744268742728,2.9640026228517558,2.9680462826373653,1459965.0,32324574.0
2023-05-24,2.9666983960421627,3.0098307670886633,2.947827983709318,3.0030913341126477,1355567.0,30039962.0
2023-05-25,3.0030913341126477,3.021961746445492,2.9599589630661467,3.0192659732550853,1858660.0,41264620.0
2023-05-26,3.030049066016711,3.0731814370632122,3.0152223134694762,3.030049066016711,2065830.0,46561996.0
2023-05-29,3.023309633040695,3.0691377772776027,3.0192659732550853,3.039484272183133,1943630.0,43942964.0
2023-05-30,3.0246575196358982,3.0839645298248373,3.0246575196358982,3.079920870039228,2253105.0,51127656.0
2023-05-31,3.0785729834440247,3.1203574678953228,3.0516152515399617,3.1095743751336977,2249530.0,51712056.0
2023-06-01,3.1095743751336977,3.1109222617289003,3.0664420040871962,3.079920870039228,2325501.0,53133896.0
2023-06-02,3.0893560762056502,3.121705354490526,3.0570067979207742,3.1001391689672753,1617340.0,37021916.0
2023-06-05,3.0880081896104468,3.1594461791562147,3.0812687566344312,3.1486630863945893,1786595.0,41410232.0
2023-06-06,3.1419236534185733,3.1419236534185733,3.0340927258023207,3.0435279319687423,2230521.0,51115232.0
2023-06-07,3.0664420040871962,3.1446194266089798,3.0570067979207742,3.113618034919307,2891420.0,66920476.0
2023-06-08,3.1122701483241038,3.1122701483241038,3.039484272183133,3.0543110247303678,1678582.0,38209168.0
2023-06-09,3.0570067979207742,3.0866603030152437,3.0327448392071172,3.0610504577063837,1439150.0,32634622.0
2023-06-12,3.0691377772776027,3.0974433957768692,3.0570067979207742,3.0812687566344312,1592292.0,36422648.0
2023-06-13,3.0812687566344312,3.1001391689672753,3.0691377772776027,3.0907039628008532,1702958.0,39012204.0
2023-06-14,8.338483296826414,8.363324855804048,8.247397580575083,8.32192225750799,2266571.0,45395132.0
2023-06-15,8.301220958359961,8.396446934440897,8.251537840404689,8.268098879723112,1668976.0,33499422.0
2023-06-16,8.2598183600639,8.508233949840259,8.19771446261981,8.417148233588927,2929929.0,59267500.0
2023-06-19,8.446130052396168,8.499953430181046,8.379885895122472,8.42542875324814,2124330.0,43222744.0
2023-06-20,8.441989792566563,8.446130052396168,8.32192225750799,8.38402615495208,1773414.0,35926868.0
2023-06-21,8.363324855804048,8.38402615495208,8.17701316347178,8.230836541256657,1705856.0,34010648.0
2023-06-26,8.19771446261981,8.230836541256657,8.032104069435572,8.04452484892439,1747456.0,34259412.0
2023-06-27,8.052805368583602,8.268098879723112,8.032104069435572,8.255678100234295,1088548.0,21532120.0
2023-06-28,8.28051965921193,8.28051965921193,7.961719652332271,8.251537840404689,1896998.0,37236252.0
2023-06-29,8.19771446261981,8.38402615495208,8.185293683130993,8.346763816485625,1629670.0,32739960.0
2023-06-30,8.350904076315231,8.520654729329076,8.330202777167202,8.487532650692229,2193141.0,44778792.0
2023-07-03,8.479252131033016,8.595179406261984,8.40472745410011,8.43370927290735,1866382.0,38115316.0
2023-07-04,8.408867713929714,8.524794989158682,8.408867713929714,8.487532650692229,1209559.0,24779182.0
2023-07-05,8.49581317035144,8.582758626773165,8.417148233588927,8.437849532736957,1285017.0,26345184.0
2023-07-06,8.43370927290735,8.578618366943559,8.400587194270503,8.51651446949947,1595382.0,32845632.0
2023-07-07,8.49581317035144,8.599319666091588,8.437849532736957,8.499953430181046,1354529.0,27846242.0
2023-07-10,8.499953430181046,8.553776807965924,8.359184595974444,8.429569013077744,1543728.0,31436782.0
2023-07-11,8.441989792566563,8.562057327625135,8.375745635292867,8.55791706779553,1777872.0,36570248.0
2023-07-12,8.545496288306712,8.62830148489883,8.458550831884986,8.466831351544199,1371485.0,28317738.0
2023-07-13,8.487532650692229,8.607600185750801,8.466831351544199,8.566197587454742,1808132.0,37360976.0
2023-07-14,8.51651446949947,8.744228760127799,8.512374209669863,8.715246941320556,2057770.0,43171508.0
2023-07-17,8.719387201150163,8.814613177231099,8.611740445580407,8.702826161831739,1585110.0,33253926.0
2023-07-18,8.719387201150163,8.764930059275828,8.657283303706073,8.686265122513316,1420925.0,29866536.0
2023-07-19,8.665563823365284,8.744228760127799,8.574478107113954,8.64072226438765,1191431.0,24834292.0
2023-07-20,8.686265122513316,8.686265122513316,8.446130052396168,8.462691091714593,1498912.0,30888180.0
2023-07-21,8.446130052396168,8.562057327625135,8.268098879723112,8.301220958359961,1783508.0,36007464.0
2023-07-24,8.2598183600639,8.39230667461129,8.226696281427053,8.288800178871142,1180498.0,23747488.0
2023-07-25,8.355044336144838,8.462691091714593,8.326062517337595,8.437849532736957,1218551.0,24742396.0
2023-07-26,8.454410572055382,8.454410572055382,8.326062517337595,8.363324855804048,1321783.0,26712218.0
2023-07-27,8.342623556656019,8.446130052396168,8.276379399382323,8.309501478019172,1650094.0,33314182.0
2023-07-28,8.28051965921193,8.309501478019172,8.127330045516509,8.218415761767842,1348495.0,26694132.0
2023-07-31,8.570337847284348,8.611740445580407,8.19771446261981,8.19771446261981,5109895.0,103549032.0
2023-08-01,8.181153423301387,8.1894339429606,7.895475495058576,7.895475495058576,4438321.0,85583032.0
2023-08-02,7.924457313865817,7.928597573695423,7.845792377103304,7.878914455740152,1755126.0,33390404.0
2023-08-03,7.841652117273698,7.912036534376999,7.796109259148031,7.812670298466457,1766860.0,33480554.0
2023-08-04,7.812670298466457,7.883054715569757,7.771267700170396,7.841652117273698,1695877.0,32090612.0
2023-08-07,7.825091077955274,7.8706339360809405,7.796109259148031,7.820950818125668,1151921.0,21783760.0
2023-08-08,7.841652117273698,7.866493676251333,7.812670298466457,7.854072896762515,1095861.0,20738844.0
2023-08-09,7.854072896762515,7.854072896762515,7.705023542896701,7.713304062555912,1757809.0,32907710.0
2023-08-10,7.692602763407883,7.791968999318426,7.663620944600642,7.775407960000003,1058968.0,19823502.0
2023-08-11,7.796109259148031,7.812670298466457,7.717444322385519,7.72572484204473,1091277.0,20479676.0
2023-08-14,7.663620944600642,7.754706660851973,7.597376787326946,7.717444322385519,1209615.0,22407536.0
2023-08-15,7.713304062555912,7.7629871805111845,7.618078086474975,7.651200165111824,917729.0,17039336.0
2023-08-16,7.626358606134188,7.684322243748671,7.580815748008521,7.584956007838128,723211.0,13317371.0
2023-08-17,7.576675488178917,7.705023542896701,7.518711850564433,7.688462503578277,1069595.0,19728778.0
2023-08-18,7.676041724089459,7.758846920681578,7.618078086474975,7.618078086474975,1102740.0,20477858.0
2023-08-21,7.6553404249414285,7.6677612044302474,7.576675488178917,7.576675488178917,934345.0,17201522.0
2023-08-22,7.626358606134188,7.663620944600642,7.369662496698618,7.55183392920128,2005888.0,36225036.0
2023-08-23,7.5269923702236445,7.584956007838128,7.460748212949949,7.473168992438767,920170.0,16695196.0
2023-08-24,7.473168992438767,7.547693669371674,7.394504055676253,7.448327433461131,1081611.0,19541114.0
2023-08-25,7.41934561465389,7.452467693290737,7.199911843684774,7.212332623173592,1684507.0,29792166.0
2023-08-28,7.502150811246009,7.5725352283493095,7.262015741128862,7.2909975599361045,2571231.0,46275092.0
2023-08-29,7.3365404180617695,7.638779385623005,7.303418339424923,7.6346391257934005,2293305.0,41714576.0
2023-08-30,7.630498865963793,7.924457313865817,7.630498865963793,7.887194975399364,3087411.0,58360568.0
2023-08-31,7.862353416421727,7.928597573695423,7.775407960000003,7.84993263693291,1401060.0,26567262.0
2023-09-01,7.895475495058576,8.027963809605966,7.800249518977638,7.928597573695423,2546540.0,48752076.0
2023-09-04,7.833371597614486,7.990701471139513,7.791968999318426,7.89961575488818,2043366.0,38769656.0
2023-09-05,7.89961575488818,8.007262510457936,7.866493676251333,7.95343913267306,2348791.0,45170316.0
2023-09-06,7.907896274547394,8.094207966879662,7.887194975399364,8.048665108753996,1712187.0,33125064.0
2023-09-07,8.048665108753996,8.098348226709268,7.949298872843452,7.965859912161876,2018344.0,39168896.0
2023-09-08,7.978280691650695,8.08592744722045,7.949298872843452,8.069366407902026,1417852.0,27496956.0
2023-09-11,8.090067707050055,8.437849532736957,7.990701471139513,8.185293683130993,3714242.0,73592008.0
2023-09-12,8.19771446261981,8.276379399382323,7.9989819907987245,8.139750825005327,2685736.0,52565268.0
2023-09-13,8.305361218189566,8.305361218189566,8.02382354977636,8.143891084834934,2597055.0,51091368.0
2023-09-14,8.135610565175721,8.218415761767842,7.982420951480301,8.036244329265179,1656452.0,32233960.0
2023-09-15,8.036244329265179,8.065226148072421,7.907896274547394,7.924457313865817,1551073.0,29889374.0
2023-09-18,7.9161767942066055,8.040384589094785,7.854072896762515,7.95343913267306,1710550.0,32869418.0
2023-09-19,7.957579392502664,8.00312225062833,7.812670298466457,7.820950818125668,1117598.0,21245380.0
2023-09-20,7.78782873948882,7.970000171991483,7.783688479659214,7.816810558296061,1131113.0,21499100.0
2023-09-21,7.825091077955274,7.895475495058576,7.783688479659214,7.812670298466457,958256.0,18091622.0
2023-09-22,7.78782873948882,8.011402770287543,7.779548219829608,7.9989819907987245,933348.0,17854080.0
2023-09-25,7.990701471139513,8.143891084834934,7.957579392502664,8.106628746368479,1536235.0,29947840.0
2023-09-26,8.065226148072421,8.106628746368479,7.982420951480301,8.032104069435572,844855.0,16366137.0
2023-09-27,8.036244329265179,8.292940438700748,7.957579392502664,8.16873264381257,2782798.0,54813696.0
2023-09-28,8.073506667731632,8.23911706091587,7.804389778807245,8.185293683130993,5032482.0,97471608.0
2023-10-09,8.201854722449417,8.330202777167202,8.065226148072421,8.098348226709268,2477833.0,48780392.0
2023-10-10,8.15631186432375,8.23911706091587,8.098348226709268,8.152171604494146,1622968.0,31954710.0
2023-10-11,8.152171604494146,8.408867713929714,8.152171604494146,8.375745635292867,3525440.0,70833656.0
2023-10-12,8.39230667461129,9.005065129392975,8.39230667461129,8.756649539616616,8000085.0,169917264.0
2023-10-13,8.686265122513316,8.756649539616616,8.615880705410012,8.69040538234292,3894565.0,81549528.0
2023-10-16,8.549636548136318,8.73180798063898,8.545496288306712,8.591039146432378,2448320.0,50940140.0
2023-10-17,8.549636548136318,8.806332657571888,8.549636548136318,8.694545642172526,3038633.0,63736456.0
2023-10-18,8.677984602854103,8.694545642172526,8.466831351544199,8.49581317035144,2012279.0,41529736.0
2023-10-19,8.466831351544199,8.566197587454742,8.363324855804048,8.40472745410011,1773619.0,36253116.0
2023-10-20,8.388166414781686,8.541356028477106,8.222556021597446,8.251537840404689,2207234.0,44586288.0
2023-10-23,8.19771446261981,8.276379399382323,8.02382354977636,8.077646927561238,1764222.0,34595920.0
2023-10-24,8.077646927561238,8.512374209669863,8.027963809605966,8.470971611373805,2875777.0,58081548.0
2023-10-25,8.528935248988288,8.55791706779553,8.342623556656019,8.487532650692229,2185580.0,44729420.0
2023-10-26,8.408867713929714,8.677984602854103,8.375745635292867,8.636582004558043,1751230.0,36189408.0
2023-10-27,8.702826161831739,9.224498900362091,8.595179406261984,9.021626168711398,6072416.0,131822312.0
2023-10-30,8.930540452460066,8.942961231948885,8.363324855804048,8.789771618253464,5809265.0,122320320.0
2023-10-31,8.851875515697554,8.980223570415339,8.735948240468586,8.748369019957403,3102833.0,66221772.0
2023-11-01,8.748369019957403,8.789771618253464,8.636582004558043,8.64900278404686,1851220.0,38870444.0
2023-11-02,8.64900278404686,8.73180798063898,8.553776807965924,8.562057327625135,1812671.0,37781524.0
2023-11-03,8.562057327625135,8.798052137912675,8.537215768647501,8.756649539616616,2533458.0,53389676.0
2023-11-06,8.872576814845583,8.889137854164007,8.694545642172526,8.860156035356765,3357886.0,71425696.0
2023-11-07,8.827033956719918,9.149974223429183,8.798052137912675,9.083730066155487,4303268.0,93639704.0
2023-11-08,9.042327467859428,9.137553443940366,8.971943050756128,9.104431365303517,2628423.0,57526736.0
2023-11-09,9.10029110547391,9.125132664451547,8.942961231948885,8.96780279092652,1537739.0,33440820.0
2023-11-10,8.92640019263046,9.042327467859428,8.889137854164007,8.922259932800856,1236758.0,26739384.0
2023-11-13,8.934680712289673,9.038187208029822,8.843594996038341,8.96780279092652,1873119.0,40584372.0
2023-11-14,8.984363830244943,9.067169026837062,8.930540452460066,9.038187208029822,1846512.0,40223504.0
2023-11-15,9.067169026837062,9.11271188496273,8.971943050756128,9.013345649052185,1566267.0,34145428.0
2023-11-16,8.951241751608096,9.145833963599577,8.901558633652824,9.009205389222581,2990617.0,65461664.0
2023-11-17,8.988504090074551,9.911782032076681,8.984363830244943,9.61368332434505,15966804.0,373391584.0
2023-11-20,9.621963844004263,9.667506702129929,9.299023577294998,9.394249553375936,12609330.0,286845728.0
2023-11-21,9.414950852523964,9.439792411501601,9.063028767007458,9.15411448325879,7041461.0,156122480.0
2023-11-22,9.10029110547391,9.241059939680515,9.009205389222581,9.083730066155487,3464634.0,76388232.0
2023-11-23,9.046467727689034,9.253480719169332,9.017485908881792,9.220358640532485,4134090.0,91685384.0
2023-11-24,9.232779420021302,9.265901498658149,8.938820972119279,8.942961231948885,3667805.0,79796368.0
2023-11-27,8.905698893482432,9.07130928666667,8.897418373823218,9.013345649052185,2994308.0,65157908.0
2023-11-28,9.017485908881792,9.32800539610224,9.017485908881792,9.236919679850908,3112417.0,69265240.0
2023-11-29,9.232779420021302,9.270041758487755,9.14169370376997,9.166535262747606,2063765.0,45798424.0
2023-11-30,9.170675522577213,9.18309630206603,8.87671707467519,8.992644349904156,3148273.0,68235536.0
2023-12-01,8.996784609733762,9.013345649052185,8.839454736208737,8.96780279092652,1951058.0,42160588.0
2023-12-04,9.005065129392975,9.067169026837062,8.909839153312037,9.017485908881792,1708136.0,37182264.0
2023-12-05,8.984363830244943,8.984363830244943,8.827033956719918,8.831174216549522,1692783.0,36313700.0
2023-12-06,8.822893696890311,8.918119672971248,8.781491098594252,8.810472917401494,1380554.0,29497608.0
2023-12-07,8.847735255867947,9.692348261107565,8.773210578935041,9.249340459339725,8499649.0,190216656.0
2023-12-08,9.15411448325879,9.323865136272634,8.827033956719918,8.897418373823218,8051689.0,174660464.0
2023-12-11,8.822893696890311,9.187236561895636,8.773210578935041,9.14169370376997,5369069.0,116509400.0
2023-12-12,9.108571625133123,9.303163837124602,9.029906688370609,9.158254743088396,3369865.0,74544120.0
2023-12-13,9.18309630206603,9.207937861043666,8.992644349904156,9.050607987518639,1819298.0,39815184.0
2023-12-14,9.087870325985094,9.125132664451547,8.942961231948885,8.971943050756128,1569203.0,34199808.0
2023-12-15,8.971943050756128,9.158254743088396,8.918119672971248,8.976083310585732,1776996.0,38733116.0
2023-12-18,8.963662531096913,8.963662531096913,8.735948240468586,8.764930059275828,2013105.0,42907652.0
2023-12-19,8.810472917401494,8.980223570415339,8.744228760127799,8.942961231948885,1574829.0,33713080.0
2023-12-20,8.980223570415339,9.253480719169332,8.86429629518637,9.029906688370609,3140238.0,69256416.0
2023-12-21,8.980223570415339,9.050607987518639,8.802192397742282,9.021626168711398,2082298.0,44933696.0
2023-12-22,9.021626168711398,9.021626168711398,8.673844343024497,8.723527460979769,2694275.0,57422116.0
2023-12-25,8.735948240468586,9.009205389222581,8.66142356353568,8.934680712289673,2770051.0,59356328.0
2023-12-26,8.913979413141643,8.963662531096913,8.673844343024497,8.860156035356765,3520967.0,75046728.0
2023-12-27,8.818753437060705,9.0920105858147,8.636582004558043,9.054748247348247,4431090.0,95708720.0
2023-12-28,9.017485908881792,9.067169026837062,8.719387201150163,9.021626168711398,3948044.0,85383864.0
2023-12-29,9.000924869563367,9.381828773887117,9.000924869563367,9.356987214909482,5332344.0,119692912.0
2024-01-02,9.39838981320554,9.646805402981899,9.299023577294998,9.54329890724175,7182085.0,165282768.0
2024-01-03,9.452213190990417,9.60540280468584,9.257620978998938,9.37768851405751,4763302.0,107789320.0
2024-01-04,9.443932671331206,9.506036568775297,9.232779420021302,9.253480719169332,4264331.0,96134336.0
2024-01-05,9.253480719169332,9.286602797806179,8.971943050756128,9.10029110547391,4308169.0,94895072.0
2024-01-08,9.029906688370609,9.046467727689034,8.694545642172526,8.702826161831739,3597489.0,76731472.0
2024-01-09,8.773210578935041,8.913979413141643,8.673844343024497,8.777350838764646,2706685.0,57556568.0
2024-01-10,8.744228760127799,8.744228760127799,8.499953430181046,8.541356028477106,2361585.0,49051156.0
2024-01-11,8.487532650692229,8.744228760127799,8.487532650692229,8.71110668149095,1710276.0,35810588.0
2024-01-12,8.715246941320556,8.752509279787011,8.458550831884986,8.512374209669863,2878560.0,59482844.0
2024-01-15,8.528935248988288,8.611740445580407,8.375745635292867,8.578618366943559,2127777.0,43859836.0
2024-01-16,8.607600185750801,8.607600185750801,8.437849532736957,8.549636548136318,1502833.0,30935950.0
2024-01-17,8.562057327625135,8.562057327625135,8.297080698530353,8.313641737848776,1337037.0,27275234.0
2024-01-18,8.28051965921193,8.334343036996808,7.903756014717787,8.143891084834934,3220924.0,62773844.0
2024-01-19,8.135610565175721,8.164592383982963,8.011402770287543,8.04452484892439,1575288.0,30703398.0
2024-01-22,8.056945628413208,8.110769006198085,7.518711850564433,7.605657306986158,2968653.0,56137156.0
2024-01-23,7.535272889882856,7.721584582215124,7.2909975599361045,7.502150811246009,3010786.0,53984772.0
2024-01-24,7.506291071075614,7.589096267667733,7.16264950521832,7.460748212949949,2435038.0,43350024.0
2024-01-25,7.535272889882856,7.978280691650695,7.4441871736315255,7.949298872843452,3388771.0,63423952.0
2024-01-26,7.928597573695423,8.032104069435572,7.858213156592122,7.89961575488818,1928309.0,37005876.0
2024-01-29,7.8706339360809405,7.974140431821089,7.518711850564433,7.597376787326946,2466653.0,45552636.0
2024-01-30,7.506291071075614,7.601517047156552,7.245454701810439,7.311698859084134,2218366.0,39851624.0
2024-01-31,7.295137819765711,7.386223536017042,6.934935214589991,6.980478072715657,3336322.0,57107204.0
2024-02-01,6.914233915441962,6.997039112034081,6.645117026517574,6.90595339578275,2437038.0,40255420.0
2024-02-02,6.90595339578275,7.026020930841322,6.214530004238553,6.520909231629395,3500398.0,55702956.0
2024-02-05,6.529189751288607,6.686519624813633,6.057200130713527,6.458805334185305,5143541.0,79610480.0
2024-02-06,6.33045727946752,7.104685867603836,6.135865067476041,6.976337812886052,6510267.0,105503416.0
2024-02-07,6.934935214589991,7.1005456077742295,6.591293648732696,6.7486235222577236,5137044.0,84604088.0
2024-02-08,6.7486235222577236,7.423485874483495,6.4877871529925475,7.423485874483495,7533569.0,129313056.0
2024-02-19,7.493870291586798,7.816810558296061,7.452467693290737,7.609797566815764,4957062.0,91513672.0
2024-02-20,7.506291071075614,7.5725352283493095,7.386223536017042,7.5269923702236445,2540173.0,45820560.0
2024-02-21,7.866493676251333,8.230836541256657,7.804389778807245,7.866493676251333,6787759.0,131224688.0
2024-02-22,7.742285881363155,8.052805368583602,7.705023542896701,8.019683289946755,2929393.0,55982936.0
2024-02-23,8.019683289946755,8.210135242108628,7.928597573695423,8.110769006198085,4040968.0,78816624.0
2024-02-26,8.110769006198085,8.313641737848776,8.065226148072421,8.106628746368479,3239616.0,63990364.0
2024-02-27,8.28051965921193,8.810472917401494,8.28051965921193,8.528935248988288,5467758.0,113217984.0
2024-02-28,8.454410572055382,8.636582004558043,7.8706339360809405,7.8706339360809405,5907297.0,118227912.0
2024-02-29,7.874774195910545,8.636582004558043,7.841652117273698,8.570337847284348,5497523.0,109714216.0
2024-03-01,8.491672910521835,8.798052137912675,8.491672910521835,8.595179406261984,4826365.0,100694200.0
2024-03-04,8.541356028477106,8.541356028477106,8.276379399382323,8.479252131033016,3723129.0,75282840.0
2024-03-05,8.396446934440897,8.549636548136318,8.292940438700748,8.371605375463261,2400795.0,48853288.0
2024-03-06,8.42542875324814,8.446130052396168,8.218415761767842,8.388166414781686,2808513.0,56617828.0
2024-03-07,8.38402615495208,8.487532650692229,8.230836541256657,8.23911706091587,2574164.0,51875276.0
2024-03-08,8.272239139552719,8.363324855804048,8.17701316347178,8.32192225750799,2776965.0,55521108.0
2024-03-11,8.28051965921193,8.375745635292867,8.210135242108628,8.313641737848776,2805288.0,56109288.0
2024-03-12,8.330202777167202,8.669704083194892,8.330202777167202,8.578618366943559,3377247.0,69761368.0
2024-03-13,8.591039146432378,9.005065129392975,8.578618366943559,8.839454736208737,5601788.0,119885608.0
2024-03-14,8.773210578935041,8.818753437060705,8.566197587454742,8.673844343024497,2580675.0,54201524.0
2024-03-15,8.653143043876467,8.839454736208737,8.636582004558043,8.802192397742282,2122434.0,44795688.0
2024-03-18,8.860156035356765,9.684067741448352,8.702826161831739,9.684067741448352,15985123.0,368113024.0
2024-03-19,9.721330079914805,10.652888541576148,9.609543064515446,10.652888541576148,23865454.0,591501248.0
2024-03-20,10.55766256549521,10.897163871522901,10.255423597933975,10.408613211629396,23153556.0,585723072.0
2024-03-21,10.139496322705007,10.38377165265176,9.853818394462197,10.205740479978703,15797625.0,385500992.0
2024-03-22,10.135356062875402,10.176758661171462,9.638524883322686,9.882800213269439,9578205.0,228650720.0
2024-03-25,9.86209891412141,10.118795023556979,9.510176828604902,9.530878127752931,9910799.0,235454128.0
2024-03-26,9.514317088434508,10.040130086794465,9.32800539610224,9.77929371752929,11997348.0,280050464.0
2024-03-27,9.63438462349308,9.77929371752929,9.116852144792334,9.195517081554849,9224298.0,209163824.0
2024-03-28,9.108571625133123,9.588841765367414,9.087870325985094,9.356987214909482,6311666.0,142346864.0
2024-03-29,9.311444356783815,9.394249553375936,9.087870325985094,9.274182018317362,3777963.0,84304640.0
2024-04-01,9.365267734568693,9.584701505537808,9.365267734568693,9.547439167071355,5149437.0,118116984.0
2024-04-02,9.547439167071355,9.659226182470716,9.41909111235357,9.526737867923327,4603131.0,105949392.0
2024-04-03,9.472914490138448,9.667506702129929,9.431511891842389,9.526737867923327,4565375.0,105368032.0
2024-04-08,9.493615789286478,9.671646961959533,9.274182018317362,9.290743057635787,3713834.0,84879072.0
2024-04-09,9.236919679850908,9.61368332434505,9.191376821725243,9.535018387582538,3818211.0,86675328.0
2024-04-10,9.48119500979766,9.833117095314167,9.48119500979766,9.588841765367414,6619028.0,154367648.0
2024-04-11,9.56400020638978,9.949044370543135,9.443932671331206,9.746171638892442,6005113.0,142166768.0
2024-04-12,9.737891119233229,9.961465150031952,9.671646961959533,9.733750859403624,4164558.0,99108272.0
2024-04-15,9.667506702129929,9.837257355143773,9.33628591576145,9.54329890724175,4680689.0,108138080.0
2024-04-16,9.394249553375936,9.472914490138448,9.067169026837062,9.253480719169332,4370195.0,97300784.0
2024-04-17,9.356987214909482,9.808275536336533,9.30730409695421,9.808275536336533,5030793.0,117068464.0
2024-04-18,9.84139761497338,10.164337881682645,9.75859241838126,9.990446968839194,5591822.0,134448992.0
2024-04-19,10.023569047476041,10.16847814151225,9.853818394462197,10.102233984238554,3679751.0,89392608.0
2024-04-22,10.060831385942496,10.694291139872208,9.911782032076681,10.474857368903091,5927152.0,148414288.0
2024-04-23,10.375491132992549,10.549382045836,10.143636582534615,10.238862558615551,4014580.0,100006640.0
2024-04-24,10.238862558615551,10.354789833844519,10.044270346624073,10.222301519297128,3101205.0,76018760.0
2024-04-25,10.197459960319492,10.470717109073485,10.09809372440895,10.44587555009585,5100361.0,127236800.0
2024-04-26,10.392052172310972,10.781236596293933,10.387911912481366,10.433454770607032,5090186.0,129527776.0
2024-04-29,10.835059974078812,10.847480753567629,10.23058203895634,10.38377165265176,8329426.0,211231056.0
2024-04-30,10.499698927880727,11.422976869882858,10.499698927880727,11.422976869882858,12187391.0,328558688.0
2024-05-06,11.48094050749734,12.329693772566564,11.294628815165073,12.006753505857299,15784053.0,450704224.0
2024-05-07,11.737636616932912,11.957070387902027,11.617569081874338,11.874265191309908,8001548.0,228048592.0
2024-05-08,11.808021034036212,11.808021034036212,11.38985479124601,11.468519728008523,5515442.0,153943568.0
2024-05-09,11.468519728008523,11.791459994717789,11.468519728008523,11.534763885282219,4714467.0,132044072.0
2024-05-10,11.832862593013848,12.669195078594253,11.799740514377,12.110260001597448,10192598.0,300495808.0
2024-05-13,12.023314545175722,12.288291174270505,11.882545710969119,12.130961300745478,6623522.0,193365552.0
2024-05-14,12.006753505857299,12.462182087113955,11.886685970798727,11.928088569094784,5622228.0,163901616.0
2024-05-15,11.803880774206608,11.919808049435574,11.66725219982961,11.774898955399365,3840471.0,109250176.0
2024-05-16,11.84114311267306,11.94464960841321,11.249085957039409,11.476800247667734,6991774.0,193489920.0
2024-05-17,11.32775089380192,11.555465184430249,11.32775089380192,11.439537909201281,4558747.0,125976328.0
2024-05-20,11.439537909201281,11.671392459659216,11.336031413461132,11.621709341703944,5526205.0,153808112.0
2024-05-21,11.621709341703944,12.205485977678386,11.559605444259855,12.081278182790205,6553834.0,188499840.0
2024-05-22,12.081278182790205,12.172363899041537,11.84114311267306,12.11854052125666,3832798.0,111096936.0
2024-05-23,12.031595064834933,12.226187276826415,11.534763885282219,11.663111940000004,5232650.0,149086432.0
2024-05-24,11.613428822044732,11.692093758807244,11.195262579254528,11.253226216869013,6442530.0,176961664.0
2024-05-27,11.32775089380192,11.381574271586798,11.137298941640045,11.356732712609162,5018721.0,135992272.0
2024-05-28,11.356732712609162,11.530623625452613,11.22424439806177,11.315330114313102,2702652.0,74356688.0
2024-05-29,11.315330114313102,11.69623401863685,11.25736647669862,11.414696350223645,3604163.0,100097416.0
2024-05-30,10.690150880042602,11.385714531416404,10.499698927880727,11.25736647669862,10289779.0,273723744.0
2024-05-31,11.23666517755059,11.514062586134187,11.232524917720983,11.298769074994679,4580580.0,125423304.0
2024-06-03,11.311189854483496,11.650691160511187,11.265646996357832,11.476800247667734,5308103.0,146982320.0
2024-06-04,11.476800247667734,11.526483365623006,11.191122319424924,11.443678169030887,4327702.0,118561168.0
2024-06-05,11.410556090394039,11.410556090394039,11.249085957039409,11.269787256187437,2334354.0,63787252.0
2024-06-06,11.220104138232166,11.32775089380192,10.694291139872208,10.79365737578275,6276969.0,165373136.0
2024-06-07,10.934426209989354,10.959267768966988,10.68187036038339,10.760535297145903,3123026.0,81309288.0
2024-06-11,18.416588563472608,19.070031958669233,18.326458439997214,18.91230424258729,4312885.0,108378024.0
2024-06-12,18.91981508621024,19.37797654721017,18.91981508621024,19.287846423734774,3587751.0,91895376.0
2024-06-13,19.227759674751177,19.663388604882257,19.190205456636427,19.287846423734774,2561857.0,66208476.0
2024-06-14,19.032477740554484,20.639798275865715,18.987412678816785,20.12906090950514,6596349.0,174459712.0
2024-06-17,19.888713913570747,21.105470580488596,19.888713913570747,20.74495008658701,6246498.0,172582288.0
2024-06-18,20.579711526882114,20.857612740931256,20.444516341669022,20.549668152390318,4458013.0,122258144.0
2024-06-19,20.51211393427557,20.594733214128016,20.20416934573463,20.414472967177225,2671195.0,72335320.0
2024-06-20,20.474559716160822,20.66984165035751,20.12906090950514,20.166615127619885,3261529.0,88360872.0
2024-06-21,19.97133319342319,20.249234407472333,19.52819341966916,20.114039222259237,2622981.0,69513312.0
2024-06-24,20.20416934573463,20.249234407472333,19.302868110980672,19.302868110980672,4026275.0,105184984.0
2024-06-25,19.190205456636427,19.408019921701968,18.784619900997146,19.055010271423335,3421921.0,87018160.0
2024-06-26,18.88977171171844,19.52819341966916,18.88977171171844,19.250292205620024,2840415.0,72623784.0
2024-06-27,19.09256448953808,19.408019921701968,18.769598213751244,18.84470664998074,2306594.0,58540140.0
2024-06-28,18.84470664998074,19.43055245257082,18.777109057374194,19.02496689693153,2585618.0,65895788.0
2024-07-01,18.979901835193836,19.27282473648887,18.63440302853815,19.13762955127578,3171541.0,79901552.0
2024-07-02,19.14514039489873,19.483128357931466,18.7020006211447,18.84470664998074,3150093.0,80131848.0
2024-07-03,18.84470664998074,18.897282555341388,18.47667531245621,18.506718686948005,2646501.0,65569044.0
2024-07-04,18.47667531245621,18.822174119111892,18.40156687622671,18.40156687622671,2109221.0,52185476.0
2024-07-05,18.296415065505414,18.972390991570887,18.101133131308725,18.84470664998074,4110353.0,101274952.0
2024-07-08,18.7320439956365,19.039988584177433,18.40156687622671,18.47667531245621,4054526.0,100780696.0
2024-07-09,18.326458439997214,18.499207843325056,17.48524395422685,18.17624156753822,8572276.0,205101616.0
2024-07-10,18.228817472898868,19.055010271423335,18.16873072391527,18.559294592308653,5657367.0,140627968.0
2024-07-11,18.814663275488943,20.414472967177225,18.814663275488943,20.414472967177225,17885100.0,475349024.0
2024-07-12,20.27176693834118,20.27176693834118,18.371523501734913,18.38654518898081,20927836.0,518089664.0
2024-07-15,18.101133131308725,18.626892184915203,17.875807822620235,18.17624156753822,11083904.0,268240064.0
2024-07-16,18.13868734942347,18.273882534636563,17.620439139439945,17.94340541522678,7682128.0,183563088.0
2024-07-17,17.95091625884973,17.96593794609563,17.4326680488662,17.4326680488662,6157177.0,144219616.0
2024-07-18,17.425157205243252,17.425157205243252,16.644029468456488,17.177299365685915,6264375.0,141598560.0
2024-07-19,17.117212616702314,17.545330703210446,16.95948490062037,17.214853583800664,3709124.0,85502600.0
2024-07-22,17.03459333684987,17.25991864553836,16.982017431489222,17.117212616702314,3927561.0,89441272.0
2024-07-23,17.02708249322692,17.087169242210518,16.52385597048929,16.52385597048929,5272783.0,117164096.0
2024-07-24,16.381149941653245,16.644029468456488,16.050672822243463,16.12578125847296,4595507.0,99350616.0
2024-07-25,15.922988480653316,16.00560776050576,15.539935455882885,15.83285835717792,2942817.0,61693400.0
2024-07-26,15.825347513554972,16.178357163833606,15.757749920948424,16.15582463296476,2830407.0,60271644.0
2024-07-29,16.283508974554902,16.59896440671879,16.05818366586641,16.55389934498109,3749266.0,82184872.0
2024-07-30,16.55389934498109,16.59896440671879,16.223422225571305,16.54638850135814,2390494.0,52356248.0
2024-07-31,16.52385597048929,17.102190929456416,16.403682472522096,17.01957164960397,3171490.0,71248880.0
2024-08-01,17.03459333684987,17.147255991194115,16.899398151636774,16.98952827511217,3029623.0,68509864.0
2024-08-02,16.749181279177783,16.98952827511217,16.418704159767994,16.456258377882744,4063313.0,90177736.0
2024-08-05,16.33608487991555,16.381149941653245,15.547446299505832,15.547446299505832,4914311.0,103863832.0
2024-08-06,15.667619797473028,15.998096916882814,15.667619797473028,15.930499324276267,2705261.0,57098992.0
2024-08-07,15.945521011522166,16.426215003390947,15.772771608194324,16.208400538325403,2840333.0,61426136.0
2024-08-08,16.148313789341806,16.163335476587708,15.705174015587776,15.998096916882814,1962681.0,41722704.0
2024-08-09,16.07320535311231,16.2985306618008,15.922988480653316,15.968053542391017,2093127.0,44908104.0
2024-08-12,15.960542698768066,16.028140291374612,15.682641484718927,15.742728233702525,2265304.0,47766044.0
2024-08-13,15.682641484718927,16.013118604128714,15.577489673997631,15.922988480653316,2079011.0,43770032.0
2024-08-14,15.960542698768066,15.983075229636915,15.720195702833676,15.870412575292669,1595281.0,33676916.0
2024-08-15,15.772771608194324,16.185868007456556,15.705174015587776,15.922988480653316,2057365.0,43779640.0
2024-08-16,15.953031855145115,16.230933069194254,15.953031855145115,16.09573788398116,1934019.0,41490680.0
2024-08-19,15.938010167899215,16.140802945718857,15.62255473573533,15.705174015587776,2820052.0,59419940.0
2024-08-20,15.645087266604177,15.85539088804677,15.547446299505832,15.660108953850079,1661966.0,34661004.0
2024-08-21,15.660108953850079,15.83285835717792,15.547446299505832,15.682641484718927,1490405.0,31195968.0
2024-08-22,15.757749920948424,15.892945106161518,15.56246798675173,15.592511361243533,2145685.0,44848692.0
2024-08-23,15.682641484718927,15.750239077325473,15.442294488784537,15.667619797473028,1812068.0,37690380.0
2024-08-26,15.56246798675173,16.10324872760411,15.554957143128783,15.938010167899215,2402815.0,50902236.0
2024-08-27,15.885434262538567,15.922988480653316,15.62255473573533,15.735217390079574,2260771.0,47353232.0
2024-08-28,15.720195702833676,16.09573788398116,15.645087266604177,15.960542698768066,2448482.0,51841560.0
2024-08-29,16.3736390980303,16.696605373817135,16.00560776050576,16.56892103222699,5011888.0,109396840.0
2024-08-30,16.56892103222699,17.01957164960397,16.32106319266965,16.74167043555483,6002074.0,133896664.0
2024-09-02,16.74167043555483,17.447689736112103,16.636518624833535,16.689094530194183,5209975.0,117965232.0
2024-09-03,16.689094530194183,17.23738611466951,16.56141018860404,17.147255991194115,4317961.0,98154952.0
2024-09-04,17.094680085833467,17.199831896554763,16.77922465366958,16.966995744243324,2110433.0,47614548.0
2024-09-05,17.124723460325267,18.66444640302995,17.109701773079365,18.101133131308725,13672742.0,327044416.0
2024-09-06,18.236328316521817,18.40156687622671,17.575374077702246,17.815721073636634,8957977.0,213206448.0
2024-09-09,17.650482513931742,17.72559095016124,16.696605373817135,16.81677887178433,8589855.0,195010944.0
2024-09-10,16.809268028161377,17.365070456259655,16.644029468456488,17.274940332784258,4681711.0,106348880.0
2024-09-11,17.22236442742361,17.425157205243252,17.02708249322692,17.28245117640721,3516836.0,80852680.0
2024-09-12,17.28245117640721,17.402624674374405,16.79424634091548,16.85433308989908,2590480.0,58702304.0
2024-09-13,16.936952369751523,17.04961502409577,16.576431875849938,16.613986093964687,2488501.0,55629396.0
2024-09-18,16.606475250341738,16.79424634091548,16.283508974554902,16.70411621744008,2917336.0,64214088.0
2024-09-19,16.70411621744008,17.312494550899007,16.583942719472887,17.139745147571166,4352715.0,98742680.0
2024-09-20,17.274940332784258,17.718080106538288,17.139745147571166,17.425157205243252,5094509.0,118296664.0
2024-09-23,17.417646361620303,17.4927547978498,16.944463213374473,17.03459333684987,2420970.0,55378968.0
2024-09-24,17.139745147571166,17.612928295816992,16.85433308989908,17.597906608571094,3890240.0,89560856.0
2024-09-25,17.673015044800593,17.93589457160383,17.169788522062962,17.169788522062962,6921292.0,162088832.0
2024-09-26,17.22236442742361,18.88977171171844,17.04961502409577,18.379034345357862,12980597.0,314188576.0
2024-09-27,18.40156687622671,19.009945209685633,17.93589457160383,18.84470664998074,14925447.0,367902752.0
2024-09-30,19.408019921701968,20.286788625587082,18.596848810423403,20.121550065882186,17460454.0,454991264.0
2024-10-08,22.066858564226152,22.074369407849105,19.685921135751105,21.15053564222629,20723688.0,573153728.0
2024-10-09,20.406962123554276,20.78250430470176,19.197716300259376,19.453084983439663,13639772.0,364733312.0
2024-10-10,19.84364885183305,20.729928399341112,19.678410292128156,19.881203069947798,10623027.0,285491552.0
2024-10-11,19.888713913570747,19.888713913570747,17.890829509866133,18.056068069571026,14462668.0,359328384.0
2024-10-14,17.860786135374333,18.243839160144766,17.447689736112103,18.13868734942347,10694726.0,255072384.0
2024-10-15,18.026024695079226,18.454142781587358,17.785677699144838,17.808210230013685,5969219.0,143931040.0
2024-10-16,17.50026564147275,17.853275291751384,17.357559612636706,17.5528415468334,4502345.0,105483664.0
2024-10-17,17.650482513931742,18.348990970866062,17.650482513931742,17.800699386390736,6398169.0,153605776.0
2024-10-18,17.72559095016124,18.416588563472608,17.71056926291534,18.086111444062823,8395660.0,203536512.0
2024-10-21,18.236328316521817,18.536762061439806,17.95842710247268,18.19126325478412,10424699.0,253027968.0
2024-10-22,18.19126325478412,18.61938134129225,17.91336204073498,18.379034345357862,8215356.0,200206384.0
2024-10-23,18.21379578565297,18.43161025071851,17.96593794609563,18.048557225948077,7112838.0,172531344.0
2024-10-24,18.026024695079226,18.566805435931602,17.988470476964476,18.041046382325124,5660067.0,136644144.0
2024-10-25,18.18375241116117,19.06252111504628,18.18375241116117,18.671957246652898,11369254.0,282494112.0
2024-10-28,18.69448977752175,18.84470664998074,18.056068069571026,18.42409940709556,8759435.0,213012000.0
2024-10-29,18.326458439997214,18.36401265811196,18.03353553870218,18.086111444062823,5692878.0,137727168.0
2024-10-30,17.88331866624318,17.890829509866133,17.274940332784258,17.462711423358,10112448.0,235464720.0
2024-10-31,17.274940332784258,17.4326680488662,17.04961502409577,17.25240780191541,7463503.0,171189808.0
2024-11-01,17.274940332784258,17.289962020030156,16.56892103222699,16.70411621744008,6127473.0,137819568.0
2024-11-04,16.719137904685983,17.102190929456416,16.719137904685983,17.094680085833467,3915204.0,88481232.0
2024-11-05,17.094680085833467,17.657993357554695,17.087169242210518,17.612928295816992,6222966.0,144320112.0
2024-11-06,17.68803673204649,18.40156687622671,17.507776485095697,18.19877409840707,10167197.0,243657456.0
2024-11-07,18.777109057374194,18.784619900997146,18.18375241116117,18.36401265811196,9311101.0,228406384.0
2024-11-08,18.36401265811196,18.84470664998074,18.311436752751312,18.38654518898081,8331238.0,205996256.0
2024-11-11,18.38654518898081,19.107586176783983,18.311436752751312,19.107586176783983,8484459.0,212740256.0
2024-11-12,19.115097020406928,19.535704263292114,18.7320439956365,18.964880147947937,8653556.0,220588112.0
2024-11-13,18.777109057374194,19.070031958669233,18.469164468833256,18.927325929833188,5539237.0,138560304.0
2024-11-14,18.86723918084959,18.957369304324985,18.25135000376772,18.318947596374265,4944275.0,122406584.0
2024-11-15,18.258860847390665,18.604359654046352,17.93589457160383,17.973448789718578,5411881.0,131965560.0
2024-11-18,17.973448789718578,18.026024695079226,17.335027081767855,17.44017889248915,4804447.0,112421848.0
2024-11-19,17.447689736112103,19.13762955127578,17.447689736112103,19.002434366062687,10320246.0,253006832.0
2024-11-20,18.934836773456137,19.57325848140686,18.762087370128295,19.513171732423263,10471482.0,269108928.0
2024-11-21,19.438063296193764,20.12906090950514,19.280335580111824,19.738497041111753,9553927.0,250271456.0
2024-11-22,19.61081269952161,19.738497041111753,18.69448977752175,18.754576526505346,7486350.0,191714352.0
2024-11-25,18.814663275488943,19.61081269952161,18.709511464767647,19.58828016865276,8074819.0,206496960.0
2024-11-26,19.400509078079015,19.58828016865276,18.88226086809549,19.077542802292182,5368559.0,137013360.0
2024-11-27,18.88977171171844,19.34042232909542,18.416588563472608,19.257803049242973,5096476.0,128193392.0
2024-11-28,19.257803049242973,19.257803049242973,18.739554839259444,18.82968496273484,4631806.0,116938968.0
2024-11-29,18.739554839259444,19.34793317271837,18.566805435931602,19.280335580111824,5367609.0,136202192.0
2024-12-02,19.280335580111824,19.453084983439663,19.09256448953808,19.235270518374126,5205863.0,133276120.0
2024-12-03,19.235270518374126,19.37797654721017,18.739554839259444,18.927325929833188,5224714.0,131743024.0
2024-12-04,18.777109057374194,18.88226086809549,18.36401265811196,18.43161025071851,5323255.0,131765592.0
2024-12-05,18.39405603260376,18.66444640302995,18.341480127243113,18.574316279554555,2879044.0,71066240.0
2024-12-06,18.61938134129225,18.762087370128295,18.38654518898081,18.747065682882397,3076319.0,76371952.0
2024-12-09,18.784619900997146,20.09150669139039,18.784619900997146,19.475617514308514,9559301.0,248633856.0
2024-12-10,19.903735600816646,20.01639825516089,19.423041608947866,19.490639201554412,8169272.0,214128800.0
2024-12-11,19.43055245257082,20.27176693834118,19.197716300259376,20.20416934573463,9171571.0,241937376.0
2024-12-12,20.20416934573463,20.27927778196413,19.700942822997003,19.978844037046144,5707606.0,151413872.0
2024-12-13,19.941289818931395,20.031419942406792,19.52819341966916,19.746007884734702,4663933.0,122657968.0
2024-12-16,19.678410292128156,19.84364885183305,19.302868110980672,19.423041608947866,3632526.0,94320448.0
2024-12-17,19.415530765324917,19.52819341966916,18.762087370128295,18.85972833722664,4984060.0,126835576.0
2024-12-18,18.88977171171844,19.58076932502981,18.514229530570955,19.385487390833116,5163098.0,132194520.0
2024-12-19,19.047499427800382,19.60330185589866,19.039988584177433,19.490639201554412,3676620.0,94813808.0
2024-12-20,19.490639201554412,19.866181382701896,19.400509078079015,19.678410292128156,4504964.0,118332656.0
2024-12-23,19.678410292128156,19.730986197488804,18.987412678816785,19.08505364591513,4099066.0,105090840.0
2024-12-24,19.13011870765283,19.52819341966916,18.82968496273484,19.490639201554412,3928119.0,100399008.0
2024-12-25,19.265313892865922,19.663388604882257,19.002434366062687,19.17518376939053,2730968.0,69942448.0
2024-12-26,19.077542802292182,20.068974160521538,19.047499427800382,19.933778975308446,8701146.0,230024496.0
2024-12-27,19.978844037046144,20.04644162965269,19.685921135751105,19.746007884734702,4500116.0,118993824.0
2024-12-30,19.7610295719806,20.121550065882186,19.558236794160962,19.663388604882257,5072212.0,133813408.0
2024-12-31,19.746007884734702,19.963822349800243,19.205227143882325,19.212737987505275,5805042.0,151033856.0
2025-01-02,19.212737987505275,19.250292205620024,18.296415065505414,18.5818271231775,4735937.0,118454920.0
2025-01-03,18.574316279554555,18.7020006211447,17.657993357554695,17.70305841929239,4384900.0,105981720.0
2025-01-06,17.69554757566944,18.13868734942347,17.350048769013757,17.612928295816992,3243126.0,76775440.0
2025-01-07,17.635460826685843,18.101133131308725,17.627949983062894,18.093622287685772,2395286.0,57229608.0
2025-01-08,17.95091625884973,18.018513851456277,17.18481020930886,17.69554757566944,3515628.0,82549072.0
2025-01-09,17.627949983062894,18.063578913193975,17.582884921325196,17.657993357554695,2509980.0,59437276.0
2025-01-10,17.567863234079297,18.514229530570955,17.387602987128503,17.71056926291534,5545438.0,133546552.0
2025-01-13,17.51528732871865,17.657993357554695,17.22236442742361,17.357559612636706,3276805.0,75957632.0
2025-01-14,17.350048769013757,18.056068069571026,17.350048769013757,17.99598132058743,4914410.0,116901160.0
2025-01-15,18.00349216421038,18.16121988029232,17.74812348103009,17.95091625884973,2487170.0,59585616.0
2025-01-16,18.16873072391527,18.296415065505414,17.800699386390736,17.96593794609563,2898879.0,69671496.0
2025-01-17,17.95091625884973,18.589337966800453,17.92087288435793,18.44663193796441,4226404.0,103180784.0
2025-01-20,18.589337966800453,18.762087370128295,18.40156687622671,18.506718686948005,2320771.0,57312912.0
2025-01-21,18.596848810423403,18.69448977752175,18.258860847390665,18.604359654046352,2544251.0,62525884.0
2025-01-22,18.409077719849662,18.814663275488943,18.409077719849662,18.559294592308653,2549117.0,63142808.0
2025-01-23,18.67946809027585,18.784619900997146,18.356501814489015,18.416588563472608,2836735.0,70179192.0
2025-01-24,18.273882534636563,18.972390991570887,18.273882534636563,18.972390991570887,4220525.0,105220544.0
2025-01-27,18.972390991570887,19.06252111504628,18.506718686948005,18.536762061439806,2922222.0,72846040.0
2025-02-05,18.63440302853815,18.7320439956365,18.13117650580052,18.326458439997214,2915112.0,71205840.0
2025-02-06,18.326458439997214,18.979901835193836,18.21379578565297,18.972390991570887,4464286.0,111606224.0
2025-02-07,18.979901835193836,19.34042232909542,18.649424715784047,18.7320439956365,7383109.0,187153504.0
2025-02-10,18.814663275488943,18.814663275488943,18.333969283620164,18.5818271231775,6010081.0,147964640.0
2025-02-11,18.551783748685704,18.66444640302995,18.40156687622671,18.514229530570955,2989950.0,73765320.0
2025-02-12,18.544272905062755,19.070031958669233,18.43161025071851,18.777109057374194,5750713.0,143409120.0
2025-02-13,18.792130744620092,19.032477740554484,18.454142781587358,18.454142781587358,5364871.0,133265944.0
2025-02-14,18.409077719849662,18.686978933898796,18.266371691013617,18.499207843325056,3833868.0,94183496.0
2025-02-17,18.491696999702107,20.346875374570676,18.491696999702107,19.851159695455998,24506660.0,648779456.0
2025-02-18,19.678410292128156,20.05395247327564,19.31037895460362,19.423041608947866,14029108.0,368376256.0
2025-02-19,19.453084983439663,20.391940436308374,19.453084983439663,20.369407905439527,11440471.0,304821728.0
2025-02-20,20.579711526882114,21.075427205996796,20.20416934573463,20.887656115423052,11955534.0,328406080.0
2025-02-21,21.105470580488596,22.62266099232443,21.022851300636148,22.41986821450479,16220817.0,471657536.0
2025-02-24,23.208506794914502,24.643077926897895,23.193485107668604,24.109808029668468,21245200.0,677011456.0
2025-02-25,23.80186344112753,25.581933379766603,23.644135725045587,24.883424922832283,14585358.0,477243648.0
2025-02-26,25.304032165717462,26.26542014945502,25.033641795291274,26.07764905888128,14392528.0,493092224.0
2025-02-27,26.070138215258332,26.070138215258332,24.48535021081595,25.048663482537176,14815671.0,495493568.0
2025-02-28,25.16132613688142,25.221412885865018,23.891993564602924,24.012167062570118,9142698.0,296695648.0
2025-03-03,24.26002490212746,25.20639119861912,23.388767041865297,24.154873091406163,10052751.0,326665632.0
2025-03-04,24.02718874981602,24.89844661007818,23.80937428475048,24.590502021537247,8446394.0,276814176.0
2025-03-05,24.665610457766743,25.003598420799477,24.410241774586453,24.883424922832283,5402286.0,177597200.0
2025-03-06,25.086217700651922,25.461759881799406,24.582991177914295,24.815827330225734,6399165.0,212536032.0
2025-03-07,25.183858667750272,26.791179203061503,25.086217700651922,26.34052858568452,10645151.0,370849856.0
2025-03-10,27.03903704261884,28.285837084028483,27.03903704261884,28.015446713602294,12026979.0,443964096.0
2025-03-11,27.609861157963014,27.97789249548755,26.400615334668117,27.767588874044957,11805501.0,427705984.0
2025-03-12,27.857718997520358,27.9253165901269,27.03903704261884,27.264362351307327,7332172.0,268957536.0
2025-03-13,27.549774408979417,27.902784059258053,26.498256301766464,26.956417762766392,5680642.0,204330784.0
2025-03-14,26.96392860638934,27.25685150768438,26.220355087717323,26.96392860638934,5496419.0,196772064.0
2025-03-17,27.331959943913876,28.39098889474978,27.11414547884834,28.285837084028483,11415991.0,424411072.0
2025-03-18,28.090555149831793,28.608803359815326,27.760078030422008,28.39098889474978,6644486.0,250288208.0
2025-03-19,28.759020232274317,29.20216000602835,27.985403339110498,28.586270828946475,5937427.0,225019776.0
2025-03-20,28.616314203438275,28.766531075897262,27.56479609622532,27.669947906946614,6051531.0,224477872.0
2025-03-21,27.79012140491381,27.895273215635104,27.03152619899589,27.09161294797949,6136452.0,223001456.0
2025-03-24,26.978950293635243,27.482176816372874,26.671005705094306,27.399557536520422,5096890.0,184071584.0
2025-03-25,27.79012140491381,27.940338277372803,26.648473174225455,26.7761575158156,4277425.0,153877056.0
2025-03-26,26.663494861471357,27.699991281438415,26.60340811248776,26.986461137258193,3686087.0,133082056.0
2025-03-27,26.8963310137828,27.32444910029093,26.490745458143515,26.731092454077906,2839040.0,101777008.0
2025-03-28,26.761135828569703,26.978950293635243,26.287952680323873,26.287952680323873,3340499.0,118058096.0
2025-03-31,26.287952680323873,26.287952680323873,25.14630444963552,26.05511652801243,4494588.0,153793184.0
2025-04-01,26.13773580786488,26.26542014945502,25.762193626717394,26.10018158975013,2544096.0,88035080.0
2025-04-02,26.10018158975013,28.270815396782588,25.995029779028833,27.99291418273345,7525299.0,276139872.0
2025-04-03,27.63990453245481,27.827675623028554,26.29546352394682,26.408126178291063,6232710.0,223335808.0
2025-04-07,24.03469959343897,25.086217700651922,23.76430922301278,23.76430922301278,1791999.0,57688180.0
2025-04-08,22.029304346111402,23.11837667143911,21.390882638160683,21.390882638160683,3836279.0,110885408.0
2025-04-09,19.250292205620024,20.602244057750966,19.250292205620024,19.813605477341248,22031202.0,571689664.0
2025-04-10,21.030362144259097,21.73638144481637,20.50460309065262,20.51211393427557,16111577.0,453559584.0
2025-04-11,19.956311506177293,21.045383831504996,19.956311506177293,20.587222370505067,8685398.0,238806512.0
2025-04-14,21.413415169029534,22.217075436685146,20.729928399341112,20.74495008658701,11773170.0,335906944.0
2025-04-15,20.880145271800103,21.27070914019349,20.136571753128084,21.27070914019349,8729009.0,240185680.0
2025-04-16,21.022851300636148,21.20311154758694,20.068974160521538,20.384429592685425,6216801.0,170203232.0
2025-04-17,20.25674525109528,20.594733214128016,19.595791012275708,19.828627164587147,6860131.0,183160512.0
2025-04-18,19.693431979374054,19.7910729464724,19.37797654721017,19.58076932502981,4727390.0,122983312.0
2025-04-21,19.595791012275708,20.399451279931323,19.490639201554412,20.384429592685425,5306661.0,141321984.0
2025-04-22,20.331853687324777,20.49709224702967,19.888713913570747,19.896224757193696,4006458.0,107050960.0
2025-04-23,19.52819341966916,20.880145271800103,19.16016208214463,20.79001514832471,10852188.0,291542016.0
2025-04-24,20.51211393427557,21.556121197865576,20.51211393427557,20.75997177383291,7903004.0,220980016.0
2025-04-25,20.887656115423052,21.30826335830824,20.729928399341112,21.060405518750898,5071203.0,141994736.0
2025-04-28,21.097959736865644,21.360839263668886,20.767482617455858,21.158046485849244,3819161.0,107117568.0
2025-04-29,20.872634428177154,21.49603444888198,20.564689839636216,21.18808986034104,4551302.0,127816040.0
2025-04-30,21.173068173095142,22.269651342045794,21.173068173095142,22.006771815242555,6139548.0,179010048.0
2025-05-06,22.299694716537594,22.509998337980182,21.67629469583277,21.871576630029463,7806068.0,229336128.0
2025-05-07,22.059347720603203,22.344759778275293,21.63874047771802,21.796468193799964,4823402.0,141076480.0
2025-05-08,21.63874047771802,23.974612844455372,21.63874047771802,23.974612844455372,9331880.0,289086432.0
2025-05-09,23.659157412291485,24.03469959343897,22.983181486226016,23.05828992245551,9653395.0,301574112.0
2025-05-12,23.486408008963643,25.003598420799477,23.125887515062058,24.087275498799617,11952094.0,381695104.0
2025-05-13,24.5078827416848,24.628056239651993,23.569027288816088,23.80937428475048,8023280.0,257370736.0
2025-05-14,24.192427309520912,24.297579120242208,23.163441733176807,23.32116944925875,4448305.0,139049632.0
2025-05-15,23.2986369183899,23.471386321717745,22.63768267957033,22.682747741308027,4845628.0,148053472.0
2025-05-16,22.757856177537523,24.26002490212746,22.570085086963783,23.68920078678328,9452015.0,295778240.0
2025-05-19,23.53898391432429,23.711733317652133,22.682747741308027,23.088333296947308,5440700.0,166880960.0
2025-05-20,23.10335498419321,23.283615231144,22.540041712471986,23.020735704340762,3404904.0,104292496.0
2025-05-21,23.020735704340762,23.193485107668604,22.570085086963783,23.043268235209613,3487200.0,106282184.0
2025-05-22,23.02824654796371,23.636624881422634,22.938116424488314,23.09584414057026,5836445.0,181039680.0
2025-05-23,23.125887515062058,23.599070663307888,22.697769428553926,23.231039325783353,5263941.0,163124032.0
2025-05-26,23.24606101302925,24.19993815314386,23.05828992245551,23.77933091025868,8647952.0,273284128.0
2025-05-27,23.78684175388163,23.78684175388163,22.15698868770155,22.540041712471986,9747840.0,294842752.0
2025-05-28,22.442400745373636,22.56257424334083,22.164499531324502,22.457422432619534,3492253.0,103989176.0
2025-05-29,22.344759778275293,23.11837667143911,22.344759778275293,22.735323646668675,3926329.0,119123648.0
2025-05-30,22.532530868849033,22.63768267957033,22.172010374947448,22.232097123931048,3699330.0,109985176.0
2025-06-03,22.15698868770155,23.005714017094864,21.67629469583277,22.532530868849033,6060100.0,180326560.0
2025-06-04,22.37480315276709,22.720301959422777,22.37480315276709,22.532530868849033,2926493.0,87922032.0
2025-06-05,22.532530868849033,23.644135725045587,22.389824840012988,22.885540519127666,7516184.0,230302832.0
2025-06-06,22.607639305078532,22.750345333914574,22.1945429058163,22.37480315276709,5068261.0,151078032.0
2025-06-09,22.32973809102939,22.509998337980182,21.781446506554065,22.284673029291696,5445257.0,160899616.0
2025-06-10,22.284673029291696,22.457422432619534,21.556121197865576,21.93166337901306,4762230.0,139045328.0
2025-06-11,21.93166337901306,22.63768267957033,21.826511568291764,22.1044127823409,4268955.0,126969224.0
2025-06-12,22.111923625963854,23.3587236673735,22.014282658865504,22.908073049996517,8565066.0,259430672.0
2025-06-13,22.960648955357165,23.043268235209613,22.254629654799896,22.284673029291696,4037900.0,121170776.0
2025-06-16,22.209564593062197,22.525020025226084,22.089391095095003,22.41235737088184,2483250.0,73957832.0
2025-06-17,22.41235737088184,23.043268235209613,22.389824840012988,22.908073049996517,5106175.0,155237264.0
2025-06-18,22.825453770144073,24.282557432996306,22.757856177537523,23.80186344112753,10550187.0,331853440.0
2025-06-19,23.80937428475048,24.357665869225805,23.599070663307888,23.711733317652133,7530573.0,240836544.0
2025-06-20,23.72675500489803,24.26753574575041,23.2986369183899,23.704222474029184,6071349.0,192165088.0
2025-06-23,23.696711630406234,23.891993564602924,23.10335498419321,23.77182006663573,5457090.0,171702832.0
2025-06-24,24.03469959343897,25.311543009340415,24.03469959343897,24.282557432996306,10280935.0,337306240.0
2025-06-25,24.32011165111106,24.785783955733937,24.25251405850451,24.552947803422494,6829560.0,223624752.0
2025-06-26,24.545436959799545,26.46070208365171,24.335133338356954,25.739661095848547,15223381.0,518188992.0
2025-06-27,25.957475560914087,26.663494861471357,25.40167313281581,25.604465910635454,13633806.0,472189472.0
2025-06-30,25.672063503241997,26.438169552782867,24.65809961414379,26.310485211192724,10426604.0,358137888.0
2025-07-01,26.302974367569774,26.310485211192724,25.672063503241997,25.792237001209195,7685346.0,265201440.0
2025-07-02,29.712938331318014,29.721729141475212,28.30640870616687,28.455852478839176,7862069.0,258594032.0
2025-07-03,28.526178960096736,29.37888754534462,28.262454655380893,28.367944377267232,6205233.0,203463472.0
2025-07-04,28.262454655380893,29.009673518742442,28.253663845223702,28.99209189842805,5364444.0,174806096.0
2025-07-07,28.99209189842805,29.220652962515118,27.866868198307134,28.429480048367598,7074313.0,229216288.0
2025-07-08,28.35036275695284,29.062418379685614,28.253663845223702,28.508597339782344,3970634.0,129445528.0
2025-07-09,28.508597339782344,28.71957678355502,25.932889963724303,26.715272067714633,11091614.0,345980832.0
2025-07-10,26.715272067714633,27.365792019347037,26.56582829504232,26.63615477629988,5974545.0,182522400.0
2025-07-11,26.58340991535671,26.600991535671103,25.88893591293833,26.407593712212815,6493038.0,194305776.0
2025-07-14,26.504292623941957,27.01415961305925,26.31968561064087,26.970205562273275,4074569.0,123729088.0
2025-07-15,26.970205562273275,27.998730350665056,26.81197097944377,27.400955259975817,10452512.0,326511520.0
2025-07-16,27.400955259975817,29.686565900846436,27.154812575574365,28.772321644498184,14982075.0,484406656.0
2025-07-17,28.43827085852479,28.649250302297464,27.954776299879082,28.359153567110035,9403617.0,302651200.0
2025-07-18,28.359153567110035,28.561342200725516,27.251511487303507,27.506444981862153,7405188.0,233153648.0
2025-07-21,27.29546553808948,27.57677146311971,26.99657799274486,27.54160822249093,4360555.0,135705888.0
2025-07-22,27.506444981862153,27.682261185006045,27.304256348246675,27.383373639661425,3832068.0,119589040.0
2025-07-23,27.251511487303507,27.52402660217654,27.075695284159615,27.330628778718257,3747775.0,116366120.0
2025-07-24,27.40974607013301,27.48886336154776,27.075695284159615,27.172394195888753,3798478.0,117617960.0
2025-07-25,27.12844014510278,27.682261185006045,27.066904474002417,27.321837968561063,4139968.0,128876208.0
2025-07-28,27.40974607013301,27.52402660217654,26.891088270858525,27.23392986698912,3327059.0,102564760.0
2025-07-29,27.11964933494559,27.418536880290205,26.961414752116085,27.23392986698912,4294899.0,132632920.0
2025-07-30,27.12844014510278,27.330628778718257,26.55703748488513,27.207557436517533,5211639.0,159861616.0
2025-07-31,26.978996372430473,27.55918984280532,26.81197097944377,26.855925030229745,4787255.0,148042864.0
2025-08-01,26.56582829504232,27.04932285368803,26.56582829504232,26.67131801692866,2925960.0,89057832.0
2025-08-04,26.504292623941957,26.688899637243047,26.205405078597337,26.61857315598549,2700092.0,81314096.0
2025-08-05,26.81197097944377,27.735006045949213,26.759226118500607,27.084486094316805,3691734.0,113635544.0
2025-08-06,27.022950423216443,27.16360338573156,26.829552599758163,26.978996372430473,2584740.0,79340352.0
2025-08-07,26.978996372430473,27.251511487303507,26.81197097944377,26.82076178960097,2840145.0,87044224.0
2025-08-08,26.82076178960097,27.066904474002417,26.504292623941957,26.706481257557435,3494764.0,105903944.0
2025-08-11,26.66252720677146,27.19876662636034,26.37243047158404,26.882297460701327,4551180.0,138542848.0
2025-08-12,27.075695284159615,29.000882708585248,27.075695284159615,28.974510278113666,17193720.0,555222400.0
2025-08-13,28.95692865779927,29.440423216444984,28.816275695284162,29.308561064087066,10283748.0,340789952.0
2025-08-14,29.194280532043532,31.42714631197098,29.194280532043532,30.592019347037482,20095324.0,697183040.0
2025-08-15,30.671136638452236,32.30622732769045,30.44257557436518,31.998548972188633,13148717.0,467003360.0
2025-08-18,31.98975816203144,32.52599758162032,30.662345828295045,31.638125755743655,14802300.0,532252032.0
2025-08-19,34.80281741233374,34.80281741233374,34.80281741233374,34.80281741233374,7256905.0,287300864.0
2025-08-20,34.46876662636034,35.163240628778716,32.68423216444982,34.28415961305925,24992852.0,964673344.0
2025-08-21,35.005006045949216,36.059903264812576,34.125925030229745,35.251148730350664,21004544.0,836291584.0
2025-08-22,34.635792019347036,38.767472793228535,34.32811366384522,38.283978234582825,23358134.0,973696192.0
2025-08-25,38.38067714631197,38.45979443772672,34.45997581620315,34.45997581620315,26928808.0,1111685504.0
2025-08-26,34.178669891172916,36.38516324062878,34.125925030229745,35.54124546553809,15436519.0,622323392.0
2025-08-27,35.664316807738814,36.45548972188634,34.64458282950423,34.64458282950423,13859231.0,561628544.0
2025-08-28,35.022587666263604,35.50608222490931,33.95010882708585,34.68853688029021,11408828.0,451392192.0
2025-08-29,35.21598548972189,36.66646916565901,35.04016928657799,36.05111245465538,12586089.0,513289248.0
2025-09-01,36.71042321644498,37.62466747279323,36.1829746070133,36.80712212817412,10521148.0,441699872.0
2025-09-02,36.833494558645704,37.58071342200726,35.04016928657799,35.963204353083434,11380458.0,465985920.0
2025-09-03,35.8577146311971,36.543397823458285,34.820399032648126,34.94347037484885,5398071.0,217421584.0
2025-09-04,34.96984280532044,35.42696493349455,32.56116082224909,33.28200725513906,9091065.0,351153024.0
2025-09-05,33.44903264812575,35.33905683192261,33.30837968561064,35.33905683192261,7207858.0,282048704.0
2025-09-08,35.576408706166866,36.85986698911729,34.79402660217654,35.38301088270858,6695839.0,271407296.0
2025-09-09,34.94347037484885,36.376372430471584,33.985272067714625,34.635792019347036,10430647.0,416201152.0
2025-09-10,34.91709794437727,36.00715840386941,34.723700120918984,35.532454655380896,9402024.0,379245888.0
2025-09-11,35.5148730350665,36.358790810157195,34.89072551390568,36.20934703748488,7568969.0,307346496.0
2025-09-12,36.20934703748488,36.56977025392987,34.28415961305925,35.989576783555016,10178155.0,412226912.0
2025-09-15,36.306045949214024,37.03568319226119,35.901668681983075,36.1829746070133,11172612.0,461998912.0
2025-09-16,36.11264812575574,37.95871825876662,35.38301088270858,36.930193470374846,14380108.0,596109888.0
2025-09-17,36.43790810157195,37.78290205562273,36.05111245465538,36.886239419588875,13693074.0,572311232.0
2025-09-18,36.94777509068924,38.240024183796855,36.20055622732769,37.12359129383313,13135017.0,554808256.0
2025-09-19,37.80048367593712,38.6707738814994,34.6973276904474,34.8731438935913,14692482.0,599282112.0
2025-09-22,34.81160822249093,35.40938331318017,34.020435308343416,35.20719467956469,8320181.0,328770016.0
2025-09-23,35.20719467956469,35.33905683192261,33.63363966142684,34.30174123337364,6133202.0,238741376.0
2025-09-24,34.2050423216445,34.5303022974607,33.651221281741236,34.27536880290206,4948117.0,192368384.0
2025-09-25,33.941318016928655,34.3720677146312,32.96553808948005,33.369915356711005,6613150.0,252530976.0
2025-09-26,33.466614268440146,33.466614268440146,32.31501813784764,32.45567110036276,5445133.0,202556160.0
2025-09-29,32.45567110036276,32.74576783555018,31.734824667472793,31.831523579201935,5192704.0,188973584.0
2025-09-30,31.84910519951632,32.32380894800484,31.559008464328898,31.778778718258764,5753365.0,208432832.0
2025-10-09,31.963385731559853,32.30622732769045,30.996396614268438,31.348029020556226,5910513.0,211529968.0
2025-10-10,31.2337484885127,31.2337484885127,30.099733978234585,30.205223700120918,6306011.0,219375392.0
2025-10-13,28.43827085852479,29.422841596130592,27.69105199516324,29.08,7833905.0,257244768.0
2025-10-14,29.08,30.51290205562273,28.693204353083434,30.11731559854897,9108652.0,308401888.0
2025-10-15,30.13489721886336,30.416203143893593,29.66019347037485,29.994244256348246,4357151.0,148424080.0
2025-10-16,29.827218863361548,30.240386940749698,29.519540507859734,29.563494558645708,3352032.0,113813536.0
2025-10-17,29.563494558645708,29.70414752116082,28.48222490931076,28.526178960096736,3256333.0,106987968.0
2025-10-20,28.71078597339782,29.493168077388148,28.71078597339782,29.37888754534462,4096400.0,135972288.0
2025-10-21,29.36130592503023,29.66019347037485,29.036045949214028,29.493168077388148,2830630.0,94774784.0
2025-10-22,29.519540507859734,29.7393107617896,29.115163240628775,29.27339782345828,2919210.0,97602512.0
2025-10-23,29.290979443772674,29.449214026602178,28.640459492140263,29.405259975816204,2710858.0,89347024.0
2025-10-24,29.36130592503023,30.108524788391776,29.36130592503023,29.774474002418376,3731301.0,126688816.0
2025-10-27,30.13489721886336,32.70181378476421,30.108524788391776,32.41171704957678,13518958.0,493896960.0
2025-10-28,32.13920193470375,32.80730350665054,31.866686819830715,32.64906892382104,6228035.0,230309856.0
2025-10-29,32.64027811366385,33.12377267230955,31.312865779927446,31.646916565900845,5959838.0,216536976.0
2025-10-30,31.646916565900845,31.910640870616685,30.592019347037482,30.592019347037482,4276486.0,150749840.0
2025-10-31,30.416203143893593,31.207376058041113,30.328295042321646,30.77662636033857,4193564.0,146956864.0
2025-11-03,30.609600967351874,30.71509068923821,29.625030229746073,30.22280532043531,4290833.0,146288096.0
2025-11-04,30.214014510278112,30.51290205562273,29.792055622732768,30.108524788391776,3204166.0,109384208.0
2025-11-05,29.712938331318014,30.187642079806533,29.211862152357917,29.84480048367594,4265744.0,144265584.0
2025-11-06,29.84480048367594,30.240386940749698,29.69535671100363,30.15247883917775,3472764.0,118342472.0
2025-11-07,29.976662636033858,30.741463119709792,29.730519951632406,30.539274486094317,5026761.0,173885280.0
2025-11-10,30.54806529625151,32.06887545344619,29.976662636033858,31.29528415961306,7351738.0,258433088.0
2025-11-11,31.33923821039903,31.910640870616685,31.18979443772672,31.734824667472793,5049771.0,181528256.0
2025-11-12,31.734824667472793,32.10403869407497,31.47110036275695,31.47989117291415,4411057.0,159341312.0
2025-11-13,31.38319226118501,31.62054413542926,30.706299879081016,30.873325272067714,3976654.0,140392832.0
2025-11-14,30.794207980652963,31.813941958887543,30.688718258766624,31.216166868198304,4271109.0,152587568.0
2025-11-17,31.119467956469165,31.497472793228535,30.63597339782346,30.802998790810157,3075300.0,108122800.0
2025-11-18,30.855743651753325,30.855743651753325,29.92391777509069,30.046989117291414,3180865.0,109408128.0
2025-11-19,30.108524788391776,30.12610640870617,29.14153567110036,29.194280532043532,2747700.0,92121584.0
2025-11-20,29.449214026602178,29.7393107617896,28.851438935912938,29.255816203143894,2833127.0,94046736.0
2025-11-21,28.921765417170494,29.17669891172914,27.37458282950423,27.60314389359129,4477917.0,142597952.0
2025-11-24,27.77896009673519,27.831704957678355,26.37243047158404,27.515235792019347,4198707.0,129688208.0
2025-11-25,27.67347037484885,28.376735187424426,27.55918984280532,27.954776299879082,2811052.0,89729784.0
2025-11-26,27.954776299879082,28.447061668681982,27.78775090689238,27.97235792019347,2714419.0,86638096.0
2025-11-27,27.998730350665056,28.57013301088271,27.866868198307134,28.236082224909307,2818305.0,90539152.0
2025-11-28,28.218500604594922,28.70199516324063,27.866868198307134,28.51738814993954,2839172.0,91529264.0
2025-12-01,28.51738814993954,28.658041112454658,28.315199516324064,28.38552599758162,2634400.0,85243720.0
2025-12-02,28.38552599758162,29.115163240628775,28.174546553808945,28.754740024183796,4806900.0,157590272.0
2025-12-03,29.106372430471584,29.150326481257554,28.253663845223702,28.28882708585248,3180383.0,103180608.0
2025-12-04,29.018464328899636,30.13489721886336,28.66683192261185,29.501958887545346,10276190.0,343362560.0
2025-12-05,28.851438935912938,29.09758162031439,27.69105199516324,28.983301088270856,7267846.0,235517296.0
2025-12-08,29.28218863361548,30.592019347037482,29.123954050785976,29.625030229746073,7707821.0,259246048.0
2025-12-09,29.37009673518742,29.55470374848851,28.833857315598546,29.308561064087066,4469222.0,149061072.0
2025-12-10,29.32614268440145,29.563494558645708,28.130592503022974,28.262454655380893,6218601.0,202281296.0
2025-12-11,28.20091898428053,28.33278113663845,27.18118500604595,27.22513905683192,4846082.0,152503840.0
2025-12-12,27.18118500604595,28.48222490931076,26.855925030229745,27.629516324062877,6068026.0,190258048.0
2025-12-15,27.46249093107618,29.616239419588872,27.154812575574365,28.94813784764208,10269868.0,333856320.0
2025-12-16,28.658041112454658,28.71078597339782,27.72621523579202,28.28882708585248,5152703.0,165486128.0
2025-12-17,27.998730350665056,28.262454655380893,27.251511487303507,28.174546553808945,4253784.0,134432704.0
2025-12-18,27.954776299879082,28.499806529625154,27.70863361547763,27.963567110036273,2975500.0,95418096.0
2025-12-19,28.042684401451027,29.009673518742442,28.016311970979444,28.675622732769042,4190222.0,136592656.0
2025-12-22,28.939347037484886,29.431632406287783,28.130592503022974,28.974510278113666,3899518.0,128994480.0
2025-12-23,28.877811366384524,29.343724304715842,28.48222490931076,29.036045949214028,3841574.0,126484672.0
2025-12-24,29.009673518742442,29.7393107617896,28.90418379685611,29.60744860943168,4510259.0,151025184.0
2025-12-25,29.625030229746073,30.196432889963724,29.589866989117287,29.792055622732768,3567879.0,121228728.0
2025-12-26,29.598657799274488,30.205223700120918,29.405259975816204,29.625030229746073,3463268.0,117339584.0
2025-12-29,29.449214026602178,29.677775090689238,29.036045949214028,29.203071342200726,3096705.0,103307720.0
2025-12-30,29.09758162031439,29.783264812575577,28.9129746070133,29.633821039903264,3380269.0,113404544.0
2025-12-31,29.677775090689238,29.730519951632406,29.167908101571946,29.431632406287783,2338733.0,78258752.0
2026-01-05,29.422841596130592,29.598657799274488,29.106372430471584,29.36130592503023,4375956.0,146166576.0
2026-01-06,29.625030229746073,30.15247883917775,29.37888754534462,29.976662636033858,4788068.0,163109808.0
2026-01-07,30.249177750906888,30.63597339782346,29.37009673518742,29.493168077388148,5060519.0,172300608.0
2026-01-08,29.36130592503023,29.783264812575577,29.106372430471584,29.45800483675937,4032840.0,135349168.0
2026-01-09,29.46679564691657,31.207376058041113,29.449214026602178,30.952442563482467,9709342.0,338505312.0
2026-01-12,30.50411124546554,30.899697702539296,30.240386940749698,30.794207980652963,7718865.0,269162048.0
2026-01-13,30.846952841596135,31.29528415961306,30.12610640870617,30.161269649334947,6727810.0,234588512.0
2026-01-14,30.231596130592504,31.172212817412333,29.84480048367594,31.00518742442564,8960638.0,311608544.0
2026-01-15,31.119467956469165,31.374401451027808,30.284340991535675,30.539274486094317,5655813.0,197479472.0
2026-01-16,30.592019347037482,30.890906892382105,30.25796856106409,30.77662636033857,5682842.0,197813728.0
2026-01-19,30.767835550181378,30.899697702539296,30.416203143893593,30.574437726723097,3793247.0,132140360.0
2026-01-20,30.618391777509068,30.767835550181378,29.255816203143894,29.589866989117287,5467705.0,185668560.0
2026-01-21,29.545912938331316,30.03819830713422,29.13274486094317,29.93270858524788,3562447.0,120720944.0
2026-01-22,29.897545344619104,29.93270858524788,28.53496977025393,28.842648125755744,7299407.0,241121536.0
2026-01-23,28.816275695284162,29.449214026602178,28.66683192261185,29.352515114873036,5106099.0,168820528.0
2026-01-26,29.28218863361548,29.317351874244256,27.699842805320436,27.928403869407497,6942290.0,222869472.0
2026-01-27,27.866868198307134,28.069056831922612,27.058113663845223,28.05147521160822,3698918.0,116129128.0
2026-01-28,27.981148730350665,28.02510278113664,27.31304715840387,27.339419588875455,3648544.0,114124256.0
2026-01-29,27.269093107617895,27.647097944377265,26.908669891172913,27.04932285368803,3024051.0,93568984.0
2026-01-30,26.987787182587667,27.330628778718257,26.66252720677146,27.251511487303507,2804221.0,86198832.0
2026-02-02,27.444909310761787,27.444909310761787,26.35484885126965,26.45154776299879,3312581.0,101186008.0
2026-02-03,26.63615477629988,26.978996372430473,26.574619105199517,26.952623941958887,2358700.0,71883440.0
2026-02-04,26.89987908101572,27.14602176541717,26.66252720677146,26.9262515114873,1933780.0,59114184.0
2026-02-05,26.908669891172913,27.066904474002417,26.61857315598549,26.715272067714633,1993073.0,60801004.0
2026-02-06,26.61857315598549,26.970205562273275,26.460338573155987,26.688899637243047,1995973.0,60858264.0
2026-02-09,27.04932285368803,27.22513905683192,26.89987908101572,27.16360338573156,2513325.0,77359336.0
2026-02-10,27.172394195888753,27.418536880290205,26.952623941958887,27.22513905683192,1911965.0,59229916.0
2026-02-11,27.22513905683192,27.49765417170496,27.093276904474003,27.357001209189843,1570150.0,48899364.0
2026-02-12,27.365792019347037,27.515235792019347,27.14602176541717,27.357001209189843,1758848.0,54842460.0
2026-02-13,27.24272067714631,27.770169286577993,27.23392986698912,27.55918984280532,2306273.0,72339832.0
2026-02-24,27.770169286577993,28.130592503022974,27.699842805320436,28.02510278113664,2637842.0,83980368.0
2026-02-25,27.954776299879082,28.192128174123336,27.831704957678355,28.095429262394198,2037752.0,64998252.0
2026-02-26,28.148174123337366,28.183337363966146,27.928403869407497,28.130592503022974,1877225.0,59866468.0
2026-02-27,27.981148730350665,28.130592503022974,27.67347037484885,28.077847642079806,1898800.0,60268744.0
2026-03-02,27.48007255139057,28.033893591293833,27.392164449818623,27.849286577992743,2653495.0,83738408.0
2026-03-03,27.840495767835552,28.28882708585248,26.609782345828293,26.63615477629988,3452684.0,107169728.0
2026-03-04,26.37243047158404,26.882297460701327,26.082333736396617,26.17024183796856,2294245.0,68961480.0
2026-03-05,26.69769044740024,27.52402660217654,26.69769044740024,27.23392986698912,2933510.0,90913640.0
2026-03-06,26.943833131801693,27.339419588875455,26.908669891172913,27.172394195888753,1518461.0,46914948.0
2026-03-09,26.908669891172913,26.908669891172913,26.17024183796856,26.768016928657797,2763556.0,83491584.0
2026-03-10,27.005368802902055,27.436118500604596,26.987787182587667,27.400955259975817,2251835.0,69956936.0
2026-03-11,27.436118500604596,27.998730350665056,27.251511487303507,27.85807738814994,2803374.0,88609840.0
2026-03-12,27.743796856106407,27.954776299879082,27.357001209189843,27.5943530834341,1980372.0,62259672.0
2026-03-13,27.57677146311971,28.447061668681982,27.2603022974607,27.963567110036273,4362037.0,138835104.0
2026-03-16,28.113010882708586,28.877811366384524,27.866868198307134,28.825066505441352,5916503.0,192781600.0
2026-03-17,28.877811366384524,28.90418379685611,28.007521160822247,28.130592503022974,4000374.0,128832264.0
2026-03-18,27.954776299879082,28.218500604594922,26.302103990326483,27.893240628778717,6249593.0,192904224.0
2026-03-19,27.752587666263604,28.227291414752116,27.52402660217654,27.761378476420795,3473764.0,110286000.0
2026-03-20,27.928403869407497,28.552551390568315,27.585562273276903,27.647097944377265,3971925.0,127179320.0
2026-03-23,26.9350423216445,27.11964933494559,25.09776299879081,25.704328899637243,6042537.0,181004608.0
2026-03-24,26.091124546553807,26.416384522370013,25.57246674727932,26.407593712212815,2814385.0,83303632.0
2026-03-25,26.416384522370013,27.998730350665056,26.381221281741233,27.655888754534462,4419510.0,138165504.0
2026-03-26,27.80533252720677,27.981148730350665,26.970205562273275,27.075695284159615,2516617.0,78281168.0
2026-03-27,26.73285368802902,27.31304715840387,26.425175332527207,26.84713422007255,1969200.0,60366884.0
2026-03-30,26.37243047158404,27.48007255139057,26.25814993954051,27.40974607013301,2825172.0,86796800.0
2026-03-31,27.321837968561063,27.67347037484885,26.908669891172913,27.154812575574365,1982641.0,61488060.0
2026-04-01,27.48007255139057,27.585562273276903,26.952623941958887,27.24272067714631,1746915.0,54152088.0
2026-04-02,27.321837968561063,27.77896009673519,26.838343409915357,27.216348246674727,2097942.0,65005636.0
2026-04-03,27.23392986698912,27.392164449818623,26.741644498186215,27.04932285368803,1662238.0,51084840.0
2026-04-07,26.9262515114873,27.4273276904474,26.776807738814995,26.89987908101572,2215062.0,68221632.0
2026-04-08,27.4273276904474,27.831704957678355,27.2603022974607,27.82291414752116,4209782.0,132496792.0
2026-04-09,27.78775090689238,28.262454655380893,27.49765417170496,28.130592503022974,3742180.0,119178440.0
2026-04-10,28.227291414752116,30.723881499395407,28.227291414752116,30.565646916565903,22092014.0,760015872.0
2026-04-13,29.985453446191052,30.48652962515115,29.501958887545346,30.433784764207978,9560221.0,326813728.0
2026-04-14,30.583228536880288,31.11067714631197,30.50411124546554,30.7326723095526,7089235.0,248293888.0
2026-04-15,30.706299879081016,30.706299879081016,29.792055622732768,29.93270858524788,5415406.0,185652336.0
2026-04-16,29.92391777509069,30.064570737605806,29.317351874244256,29.501958887545346,4614530.0,155213696.0
2026-04-17,29.501958887545346,29.976662636033858,29.150326481257554,29.220652962515118,3905580.0,130881856.0
2026-04-20,29.106372430471584,31.181003627569527,29.106372430471584,31.163422007255143,13161755.0,458310688.0
2026-04-21,31.15463119709794,31.435937122128173,30.50411124546554,30.934860943168076,6742609.0,237348320.0
2026-04-22,30.767835550181378,32.22711003627569,30.688718258766624,31.893059250302297,10002556.0,358936096.0
2026-04-23,31.90185006045949,31.963385731559853,31.119467956469165,31.690870616686816,6709771.0,240116528.0
2026-04-24,31.52384522370012,31.550217654171707,30.78541717049577,31.29528415961306,4338529.0,153713456.0
2026-04-27,31.040350665054415,31.24253929866989,29.879963724304716,30.688718258766624,6482267.0,224884448.0
2026-04-28,30.644764207980653,31.251330108827084,30.090943168077384,30.759044740024187,5926767.0,206406960.0
2026-04-29,29.537122128174126,31.29528415961306,29.37009673518742,31.172212817412333,7026969.0,246550944.0
2026-04-30,31.022769044740024,31.374401451027808,30.54806529625151,30.92607013301088,4041952.0,142237744.0
2026-05-06,31.30407496977025,31.919431680773883,30.671136638452236,31.515054413542927,6351551.0,227213936.0
2026-05-07,31.506263603385733,31.734824667472793,31.181003627569527,31.26012091898428,4242265.0,151436512.0
2026-05-08,31.04914147521161,32.174365175332525,30.811789600967348,31.82273276904474,6694261.0,241714320.0
2026-05-11,31.82273276904474,32.14799274486094,31.075513905683195,31.27770253929867,5404015.0,193260112.0
2026-05-12,31.18979443772672,31.18979443772672,29.950290205562272,30.020616686819828,4612868.0,159233808.0
2026-05-13,30.15247883917775,31.2337484885127,29.897545344619104,30.767835550181378,5550638.0,194764000.0
2026-05-14,30.767835550181378,30.92607013301088,29.625030229746073,29.66019347037485,5003080.0,170815152.0
2026-05-15,30.020616686819828,32.174365175332525,29.45800483675937,32.13041112454655,14742748.0,523335104.0
2026-05-18,31.831523579201935,32.13041112454655,30.77662636033857,31.075513905683195,7252569.0,258054864.0
2026-05-19,31.084304715840386,31.172212817412333,29.967871825876667,30.706299879081016,5658904.0,195700208.0
2026-05-20,31.075513905683195,33.36112454655381,31.040350665054415,32.49962515114873,13471674.0,495650816.0
2026-05-21,33.053446191052,34.11713422007255,32.613905683192264,32.772140266021765,13441569.0,510961472.0
2026-05-22,33.484195888754535,33.923736396614274,32.3941354292624,33.49298669891173,9523019.0,359480736.0
2026-05-25,34.50392986698912,36.81591293833132,34.11713422007255,36.39395405078597,16024918.0,648445248.0
2026-05-26,36.04232164449819,39.250967351874245,35.38301088270858,38.90812575574365,15847813.0,671954496.0
2026-05-27,38.77626360338573,41.74755743651753,38.34551390568319,38.8290084643289,16787596.0,764234816.0
2026-05-28,38.35430471584039,41.316807738814994,37.76532043530835,38.72351874244256,17459996.0,781623872.0
2026-05-29,39.136686819830715,39.49711003627569,35.82255139056832,36.35,13036904.0,544858112.0
2026-06-01,40.34,42.0,39.96,40.41,7905806.0,323462688.0
2026-06-02,40.25,42.38,38.4,42.31,9842318.0,396442688.0
2026-06-03,42.97,43.2,40.15,40.79,10695065.0,448646240.0
2026-06-04,41.14,43.7,38.4,39.09,20973858.0,846211712.0
2026-06-05,38.3,39.89,35.5,37.74,14910953.0,557543936.0
2026-06-08,36.0,38.2,33.97,33.97,11299263.0,402078560.0
2026-06-09,34.18,35.3,32.96,34.27,10027438.0,343053312.0
2026-06-10,33.92,34.33,32.48,33.87,8396196.0,279529664.0
2026-06-11,33.45,33.67,30.48,30.6,12718990.0,398555296.0
2026-06-12,31.0,32.12,30.4,30.41,9824944.0,306257504.0
2026-06-15,31.0,31.94,30.31,31.55,9156677.0,283505952.0
2026-06-16,31.31,33.25,31.03,33.14,9368591.0,302034656.0
2026-06-17,33.25,35.64,33.01,35.02,12243453.0,424960032.0
2026-06-18,34.51,35.21,32.8,32.95,11264795.0,379786560.0
2026-06-22,33.57,33.89,31.03,31.86,8588753.0,274372128.0
2026-06-23,31.57,32.88,31.2,31.52,5873572.0,186726128.0
2026-06-24,31.4,32.09,30.57,31.26,5438027.0,170237376.0
2026-06-25,31.88,32.41,30.71,31.03,8884410.0,280602720.0
2026-06-26,30.66,31.47,29.8,29.83,6597055.0,200379392.0
2026-06-29,29.68,32.81,29.61,32.81,8059265.0,255552592.0
2026-06-30,33.5,34.37,32.5,32.55,12081648.0,399530144.0
2026-07-01,33.0,33.03,31.88,31.99,6461364.0,209116016.0
2026-07-02,31.81,31.86,30.01,30.16,7332024.0,228095648.0
2026-07-03,30.2,30.28,29.25,29.28,7452033.0,221985856.0
2026-07-06,29.28,29.56,26.62,26.73,9004003.0,248308992.0
2026-07-07,26.86,27.1,25.86,26.43,6594409.0,173359824.0
2026-07-08,26.5,27.5,25.25,26.69,7127309.0,186566832.0
2026-07-09,26.53,27.45,25.35,27.42,6562498.0,172887984.0
2026-07-10,27.57,29.15,27.55,27.6,8121777.0,230974720.0
2026-07-13,27.52,28.68,26.33,26.41,6183558.0,169478800.0
2026-07-14,26.4,26.76,25.36,26.15,4139048.0,107314928.0
2026-07-15,26.3,26.53,25.7,25.94,3647065.0,95241184.0
2026-07-16,25.73,26.58,25.33,25.72,4256946.0,109923352.0
2026-07-17,25.37,26.24,23.5,23.61,5618900.0,139521968.0
2026-07-20,23.9,24.12,21.3,21.66,6659723.0,151316064.0
2026-07-21,22.0,22.68,20.68,22.5,6178607.0,135017088.0
2026-07-22,22.5,22.63,21.38,21.52,4897939.0,107644368.0
2026-07-23,21.55,22.89,21.55,22.86,6411090.0,142563472.0
2026-07-24,22.5,23.34,22.26,22.92,6103996.0,139319776.0
2026-07-27,22.75,22.84,21.8,22.31,7789765.0,173532496.0
2026-07-28,21.91,22.69,21.8,22.08,4569526.0,102004952.0
2026-07-29,22.0,22.43,21.74,22.24,5082434.0,112392144.0
2026-07-30,22.0,22.24,20.9,20.96,5336145.0,114395344.0
2026-07-31,21.4,22.48,21.4,22.15,7213806.0,159042304.0
2026-08-03,22.15,22.21,21.78,21.95,5199110.0,114129608.0
2026-08-04,22.35,22.83,22.13,22.7,5075695.0,114417576.0
2026-08-05,22.7,23.74,22.65,23.54,4921268.0,114748864.0
2026-08-06,23.54,23.97,23.24,23.72,4586300.0,108328168.0
2026-08-07,23.75,24.19,23.16,24.05,4680402.0,110831448.0
2026-08-10,24.11,24.16,23.51,24.06,3371502.0,80300944.0
2026-08-11,24.0,24.13,23.67,23.86,2406894.0,57545668.0
2026-08-12,23.7,24.28,23.7,24.03,2300501.0,55295416.0
2026-08-13,24.21,24.49,23.3,23.33,3310410.0,78954488.0
2026-08-14,23.49,23.81,23.15,23.47,2782796.0,65226100.0
2026-08-17,23.74,25.1,23.18,25.02,6215419.0,150798064.0
2026-08-18,25.32,26.5,24.97,25.19,7592412.0,193528480.0
2026-08-19,25.12,25.12,23.19,23.25,5597155.0,133609552.0
2026-08-20,23.72,24.47,23.23,23.67,3842314.0,91358448.0
2026-08-21,23.64,24.28,23.15,24.07,3203325.0,75958848.0
2026-08-24,24.08,25.13,23.92,24.77,5796700.0,142781712.0
2026-08-25,24.48,25.02,24.18,24.79,4389600.0,108248616.0
2026-08-26,24.8,25.63,24.69,25.47,4580607.0,115742520.0
2026-08-27,25.48,26.97,25.48,26.5,5303126.0,139433296.0
2026-08-28,26.51,27.23,26.49,26.88,5058253.0,136251168.0
2026-08-31,26.53,27.44,26.11,27.4,6357957.0,171405744.0
2026-09-01,27.7,28.25,27.17,27.4,5179166.0,142647600.0
2026-09-02,27.33,28.09,27.03,27.91,4023575.0,111312680.0
2026-09-03,28.04,28.74,27.85,28.63,4822000.0,136831680.0
2026-09-04,28.88,29.13,27.2,27.48,5959083.0,166667920.0
