date,open,high,low,close,volume,amount
2015-01-05,1.9527467855505376,2.141790417034338,1.9527467855505376,2.141790417034338,124714232.0,2465291008.0
2015-01-06,2.159744281476933,2.18086647493881,2.0425161077635154,2.06575052057158,106628112.0,2120764416.0
2015-01-07,2.0541333141675477,2.1544637331114638,2.0404038884173277,2.0837043850141757,66041292.0,1316711936.0
2015-01-08,2.0731432882832372,2.1006021397836774,1.987598404762635,2.0118889272437936,52147992.0,1002721088.0
2015-01-09,2.001327830512855,2.0488527658020783,1.9759811983586026,1.9780934177047902,44596616.0,849432384.0
2015-01-12,1.9538028952236315,1.9559151145698193,1.8893802051649065,1.9105023986267835,40558664.0,737419264.0
2015-01-13,1.8946607535303759,1.9295123727424728,1.8587530246451847,1.8788191084339678,31147980.0,559619904.0
2015-01-14,1.8576969149720908,1.8756507794146864,1.803835321644304,1.8228452957599937,47689352.0,827385152.0
2015-01-15,1.7964425539326474,1.8492480375873401,1.7446931799510483,1.848191927914246,54768864.0,927885120.0
2015-01-16,1.8397430505294954,1.8936046438572818,1.8291819537985567,1.8598091343182783,40986552.0,724042880.0
2015-01-19,1.7901058958940839,1.8534724762797155,1.7119537800851388,1.73413208322011,48745104.0,823326656.0
2015-01-20,1.7309637542008283,1.7869375668748027,1.7309637542008283,1.7784886894900516,29426474.0,492209952.0
2015-01-21,1.7858814572017085,1.8640335730106536,1.77532036047077,1.855584695625903,41375664.0,716622784.0
2015-01-22,1.869314121376123,1.9823178563971655,1.869314121376123,1.9316245920886606,69079080.0,1268536192.0
2015-01-23,1.9854861854164472,2.006608378878324,1.8946607535303759,1.9031096309151265,48288148.0,889171712.0
2015-01-26,1.9031096309151265,1.9633078822814762,1.8745946697415925,1.9316245920886606,34078876.0,623510016.0
2015-01-27,1.9379612501272239,1.9685884306469457,1.8936046438572818,1.9369051404541298,35667740.0,654315584.0
2015-01-28,1.9020535212420329,1.9221196050308158,1.8904363148380001,1.8999413018958449,22610100.0,408049504.0
2015-01-29,1.8735385600684984,1.8957168632034695,1.848191927914246,1.8524163666066213,27828644.0,492877568.0
2015-01-30,1.8566408052989967,1.8957168632034695,1.8513602569335277,1.855584695625903,18769044.0,332426880.0
2015-02-02,1.8376308311833074,1.8883240954918123,1.8154525280483367,1.8576969149720908,18860728.0,331713440.0
2015-02-03,1.8777629987608742,1.8936046438572818,1.848191927914246,1.8904363148380001,16738111.0,297065024.0
2015-02-04,1.9453540178388808,1.9633078822814762,1.9009974115689388,1.9041657405882204,32830660.0,600820288.0
2015-02-05,1.9538028952236315,1.959083443589101,1.8386869408564015,1.8439674892218707,28816344.0,516778176.0
2015-02-06,1.8312941731447443,1.8503041472604338,1.7510298379896112,1.8186208570676181,27500340.0,469340864.0
2015-02-09,1.8017231022981164,1.8228452957599937,1.783769237855521,1.8154525280483367,13919146.0,237626464.0
2015-02-10,1.8080597603366797,1.8365747215102137,1.804891431317398,1.8312941731447443,15174244.0,261582208.0
2015-02-11,1.8249575151061814,1.8355186118371196,1.805947540990492,1.8091158700097734,11636249.0,200319392.0
2015-02-12,1.811228089355961,1.8154525280483367,1.7721520314514887,1.7932742249133657,15586213.0,263419216.0
2015-02-13,1.8133403087021491,1.869314121376123,1.8101719796828672,1.8323502828178384,28476800.0,496693568.0
2015-02-16,1.8355186118371196,1.8534724762797155,1.8291819537985567,1.8429113795487768,13551363.0,236058880.0
2015-02-17,1.8429113795487768,1.8672019020299355,1.8429113795487768,1.8608652439913724,14307209.0,251342992.0
2015-02-25,1.8682580117030294,1.8682580117030294,1.8239014054330873,1.8291819537985567,14683154.0,256075296.0
2015-02-26,1.827069734452369,1.9252879340500975,1.8228452957599937,1.9210634953577221,34453464.0,615927232.0
2015-02-27,1.9432417984926929,1.9432417984926929,1.8893802051649065,1.9083901792805957,25354090.0,459947552.0
2015-03-02,1.9347929211079422,2.015057256263075,1.9347929211079422,1.9770373080316963,49715712.0,932081088.0
2015-03-03,1.9622517726083821,2.0351233400518582,1.9316245920886606,1.9707006499931332,58074352.0,1095112832.0
2015-03-04,1.959083443589101,1.9854861854164472,1.9326807017617544,1.9485223468581623,29011400.0,536648000.0
2015-03-05,1.9379612501272239,1.9411295791465053,1.9020535212420329,1.933736811434848,25422626.0,462523264.0
2015-03-06,1.9284562630693791,2.0140011465899814,1.9210634953577221,1.9770373080316963,47753660.0,895224192.0
2015-03-09,1.9485223468581623,1.965420101627664,1.905221850261314,1.9633078822814762,28079964.0,515124896.0
2015-03-10,1.9643639919545703,1.9981595014935736,1.9485223468581623,1.951690675877444,26622686.0,497982848.0
2015-03-11,1.9411295791465053,1.9611956629352885,1.912614617972971,1.9326807017617544,20302990.0,371991104.0
2015-03-12,1.9527467855505376,1.9633078822814762,1.92317571470391,1.9622517726083821,24809508.0,456779072.0
2015-03-13,1.966476211300758,2.0140011465899814,1.9622517726083821,1.9812617467240718,39742448.0,748513280.0
2015-03-16,1.987598404762635,2.0435722174366093,1.966476211300758,2.0404038884173277,46599888.0,888221568.0
2015-03-17,2.0699749592639556,2.090041043052739,2.017169475609263,2.0551894238406416,57621108.0,1120159232.0
2015-03-18,2.0562455335137355,2.091097152725833,2.0330111207056705,2.090041043052739,57226684.0,1122050304.0
2015-03-19,2.1016582494567713,2.160800391150027,2.0615260818792045,2.0837043850141757,64289904.0,1284990208.0
2015-03-20,2.0847604946872695,2.1069387978222403,2.05202109482136,2.0720871786101434,46970208.0,923194944.0
2015-03-23,2.1967081200352183,2.2389525069589724,2.131229320303399,2.152351513765276,82539944.0,1694790400.0
2015-03-24,2.176642036246435,2.309711855056261,2.1248926622648363,2.307599635710073,113041744.0,2362202112.0
2015-03-25,2.2579624810746615,2.307599635710073,2.220998642516377,2.246345274670629,63313176.0,1354242176.0
2015-03-26,2.217830313497095,2.248457494016817,2.1650248298424026,2.1956520103621244,54613976.0,1139146240.0
2015-03-27,2.2125497651316257,2.2822530035558204,2.187203132977374,2.2294475199011274,55208064.0,1165895424.0
2015-03-30,2.2167742038240013,2.2801407842096326,2.191427571669749,2.2664113584594126,61636384.0,1308065024.0
2015-03-31,2.272748016497976,2.2959824293060405,2.1967081200352183,2.205156997419969,56280312.0,1198371712.0
2015-04-01,2.1945959006890305,2.2389525069589724,2.177698145919529,2.219942532843283,43658956.0,912752192.0
2015-04-02,2.2294475199011274,2.3329462678643256,2.198820339381406,2.32872182917195,99016872.0,2126631680.0
2015-04-03,2.300206867998416,2.410042274000177,2.2822530035558204,2.329777938845044,85727136.0,1900799104.0
2015-04-07,2.3625173387109535,2.4343327964813355,2.3403390355759823,2.400537286942332,80074448.0,1819954176.0
2015-04-08,2.40264950628852,2.4153228223656464,2.313936293748636,2.3392829259028884,61712892.0,1373695488.0
2015-04-09,2.34245125492217,2.3614612290378596,2.24106472630516,2.30126297767151,54823824.0,1190771072.0
2015-04-10,2.2811968938827265,2.3392829259028884,2.2611308100939436,2.3171046227679177,42066184.0,919826816.0
2015-04-13,2.324497390479575,2.3340023775374195,2.2811968938827265,2.312880184075542,59605744.0,1301430144.0
2015-04-14,2.303375197017697,2.303375197017697,2.2547941520553803,2.2664113584594126,54526232.0,1172922240.0
2015-04-15,2.2600747004208492,2.2653552487863187,2.1787542555926227,2.2241669715356585,54513228.0,1149997312.0
2015-04-16,2.2009325587275934,2.269579687478694,2.1861470233042795,2.2526819327091925,46239716.0,979195712.0
2015-04-17,2.291757990613665,2.387863970865206,2.2811968938827265,2.35618068067239,114716048.0,2526578432.0
2015-04-20,2.3614612290378596,2.4438377835391805,2.3023190873446038,2.3213290614602933,126879792.0,2856992256.0
2015-04-21,2.291757990613665,2.3413951452490767,2.233671958593503,2.330834048518138,94809312.0,2051647232.0
2015-04-22,2.329777938845044,2.4258839190965844,2.329777938845044,2.3973689579230504,106752280.0,2409523200.0
2015-04-23,2.385751751519018,2.5990859054839768,2.3804712031535487,2.562122066925692,166761840.0,3941486848.0
2015-04-24,2.512484912290281,2.5747953830028183,2.481857731770559,2.5198776800019376,95751408.0,2287325696.0
2015-04-27,2.5293826670597825,2.5864125894068506,2.482913841443653,2.549448750848566,90649008.0,2179848448.0
2015-04-28,2.5483926411754716,2.5483926411754716,2.4068739449808954,2.439613344846805,92714032.0,2169048064.0
2015-04-29,2.4480622222315556,2.5716270539835366,2.4480622222315556,2.5135410219633747,86454040.0,2066511360.0
2015-04-30,2.534663215425252,2.5505048605216594,2.4343327964813355,2.438557235173711,52853392.0,1237296512.0
2015-05-04,2.502979925232436,2.5663465056180677,2.47129663503962,2.4913627188284035,67576968.0,1608656384.0
2015-05-05,2.460735538308682,2.497699376866967,2.330834048518138,2.338226816229795,64680076.0,1470243328.0
2015-05-06,2.3551245709992963,2.459679428635588,2.3340023775374195,2.3646295580571413,69364216.0,1570918272.0
2015-05-07,2.3171046227679177,2.429052248115866,2.3044313066907915,2.3234412808064806,44152936.0,985516352.0
2015-05-08,2.3498440226338273,2.3973689579230504,2.3023190873446038,2.3625173387109535,39959612.0,888480960.0
2015-05-11,2.410042274000177,2.439613344846805,2.374134545114986,2.427996138442772,58394960.0,1335026560.0
2015-05-12,2.427996138442772,2.439613344846805,2.379415093480455,2.4269400287696787,50315164.0,1147308160.0
2015-05-13,2.4322205771351477,2.480801622097465,2.410042274000177,2.452286660923931,69210560.0,1604384896.0
2015-05-14,2.4586233189624944,2.4998115962131546,2.396312848249957,2.492418828501498,78160824.0,1811346304.0
2015-05-15,2.4702405253665267,2.5663465056180677,2.424827809423491,2.427996138442772,74375688.0,1759245952.0
2015-05-18,2.384695641845924,2.4501744415777433,2.324497390479575,2.358292900018578,49997924.0,1122588160.0
2015-05-19,2.3318901581912312,2.4491183319046494,2.3318901581912312,2.440669454519899,54925096.0,1251737344.0
2015-05-20,2.4132106030194587,2.467072196347245,2.396312848249957,2.4079300546539892,62046552.0,1426840448.0
2015-05-21,2.4058178353078015,2.41637893203874,2.366741777403329,2.400537286942332,48617164.0,1097671168.0
2015-05-22,2.4110983836732705,2.494531047847685,2.4110983836732705,2.488194389809122,79492544.0,1848542336.0
2015-05-25,2.4797455124243712,2.5452243121561904,2.460735538308682,2.5431120928100026,92605840.0,2204249088.0
2015-05-26,2.555785408887129,2.592749247445414,2.4913627188284035,2.5811320410413816,104996240.0,2534746624.0
2015-05-27,2.5874686990799445,2.787073427294683,2.5219898993481253,2.7131457501781133,144320384.0,3579394048.0
2015-05-28,2.6402741827346374,2.8514961173534084,2.5230460090212192,2.5462804218292843,165136304.0,4196750592.0
2015-05-29,2.596973686137789,2.69307966638933,2.440669454519899,2.625488647311323,124158608.0,3068455680.0
2015-06-01,2.6297130860036986,2.815588388468217,2.5811320410413816,2.788129536967777,117644656.0,3027014656.0
2015-06-02,2.7849612079484953,2.815588388468217,2.7205385178897705,2.7923539756601525,91071856.0,2385775360.0
2015-06-03,2.7986906336987154,2.8103078401027477,2.671957472927453,2.708921311485738,68841488.0,1780663680.0
2015-06-04,2.7025846534471745,2.782848988602308,2.5050921445786236,2.757502356448055,87459176.0,2210509824.0
2015-06-05,2.7670073435058997,3.020473665048425,2.7670073435058997,2.976117058778483,177463936.0,4851642880.0
2015-06-08,3.0099125683174863,3.166216799935377,3.0014636909327357,3.0109686779905807,142584816.0,4143493376.0
2015-06-09,3.041595858510302,3.1324212903963735,2.9074699300273825,3.0563813939336164,93483080.0,2674144768.0
2015-06-10,3.020473665048425,3.1260846323578106,2.9676681813937322,3.051100845568147,73466184.0,2136053248.0
2015-06-11,3.0479325165488653,3.0732791487031177,2.946545987931855,2.98350982649014,71703840.0,2030945024.0
2015-06-12,2.977173168451577,3.026810323086988,2.94232154923948,2.968724291066826,67160920.0,1895210112.0
2015-06-15,2.976117058778483,3.026810323086988,2.9064138203542886,2.92859212348926,64860840.0,1825111680.0
2015-06-16,2.872618310815285,2.872618310815285,2.7596145757942425,2.7712317821982753,57515952.0,1535430784.0
2015-06-17,2.7712317821982753,2.9127504783928515,2.7163140791973945,2.905357710681195,62810196.0,1688432640.0
2015-06-18,2.904301601008101,2.972948729759201,2.7564462467749613,2.7627829048135246,49793864.0,1360930432.0
2015-06-19,2.7237068469090517,2.7986906336987154,2.5568415185602227,2.575851492675912,50850256.0,1304426240.0
2015-06-23,2.5747953830028183,2.6730135826005466,2.4301083577889604,2.670901363254359,48567256.0,1187333120.0
2015-06-24,2.6846307890045793,2.8134761691220294,2.6423864020808248,2.786017317621589,69206472.0,1781811456.0
2015-06-25,2.7670073435058997,2.817700607814405,2.607534782868728,2.621264208618948,53571168.0,1383808768.0
2015-06-26,2.534663215425252,2.575851492675912,2.359349009691672,2.359349009691672,56385168.0,1312202112.0
2015-06-29,2.4353889061544294,2.453342770597025,2.123836552591742,2.1248926622648363,80166056.0,1728466176.0
2015-06-30,2.0752555076294246,2.2738041261710698,1.933736811434848,2.271691906824882,78398224.0,1574223616.0
2015-07-01,2.2579624810746615,2.3181607324410116,2.044628327109703,2.044628327109703,63941936.0,1342269184.0
2015-07-02,2.0699749592639556,2.0963777010913023,1.8397430505294954,1.8397430505294954,83864000.0,1535554688.0
2015-07-03,1.7964425539326474,1.9136707276460652,1.6559799674111644,1.8175647473945244,96075936.0,1593309312.0
2015-07-06,1.9907667337819166,1.9907667337819166,1.6549238577380707,1.7806009088362393,89035056.0,1532324480.0
2015-07-07,1.7024487930272942,1.7182904381237019,1.6021183740833778,1.6063428127757533,124799496.0,1911195008.0
2015-07-08,1.4458141424654873,1.4753852133121153,1.4458141424654873,1.4458141424654873,49059672.0,672777536.0
2015-07-09,1.4458141424654873,1.5905011676793455,1.3655498073103542,1.5905011676793455,82426512.0,1184465152.0
2015-07-10,1.6211283481990673,1.7499737283165175,1.601062264410284,1.7499737283165175,74412088.0,1213155328.0
2015-07-13,1.8006669926250227,1.9252879340500975,1.77532036047077,1.9252879340500975,117379584.0,2063852800.0
2015-07-14,1.869314121376123,1.9622517726083821,1.7806009088362393,1.8154525280483367,93258912.0,1650934784.0
2015-07-15,1.7647592637398317,1.7827131281824269,1.6338016642761937,1.6338016642761937,67388416.0,1080204032.0
2015-07-16,1.6338016642761937,1.7172343284506082,1.5450884517363097,1.6792143802192294,49978652.0,782842112.0
2015-07-17,1.9208279601068885,2.0428428179501563,1.8906262626209311,2.005392713067569,47622544.0,776482368.0
2015-07-20,1.996936237771501,2.0694203117377983,1.9570699970900372,2.010224984665322,52319716.0,871199616.0
2015-07-21,1.9703587439838584,2.0416347500507177,1.9582780649894755,2.016265324162514,45708952.0,759384576.0
2015-07-22,2.0174733920619516,2.071836447536675,1.9679426081849818,2.0259298673580197,55075612.0,923442688.0
2015-07-23,2.0271379352574583,2.111702688218139,1.9872716945759945,2.1008300771231943,75000048.0,1277410816.0
2015-07-24,2.088749398128811,2.1829786942849982,2.0368024784529646,2.0537154290451007,99000896.0,1731034112.0
2015-07-27,1.981231355078803,2.0271379352574583,1.8483438861405908,1.8483438861405908,68471872.0,1101517056.0
2015-07-28,1.7625710652804718,1.8483438861405908,1.6647175654259698,1.7782759479731698,71123320.0,1030666304.0
2015-07-29,1.8157260528557566,1.8942504663192459,1.775859812174293,1.887002058922616,47977428.0,722537216.0
2015-07-30,1.8821697873248628,1.9280763675035182,1.8121018491574419,1.816934120755195,38598308.0,603573376.0
2015-07-31,1.7891485590681142,1.878545583626548,1.779484015872608,1.8712971762299182,32912170.0,499249888.0
2015-08-03,1.816934120755195,1.9292844354029566,1.816934120755195,1.9256602317046414,43414104.0,669700096.0
2015-08-04,1.9256602317046414,2.005392713067569,1.902706941615314,1.993312034073186,38051852.0,616917696.0
2015-08-05,1.9908958982743095,2.005392713067569,1.9159956885091352,1.9256602317046414,29753948.0,482519104.0
2015-08-06,1.8857939910231778,1.9220360280063267,1.8725052441293566,1.8942504663192459,21835210.0,342681280.0
2015-08-07,1.9099553490119439,1.9655264723861052,1.9039150095147521,1.9377409106990244,29756788.0,476932960.0
2015-08-10,1.952237725492284,2.080292922832743,1.9461973859950925,2.058547700642854,48932112.0,818040064.0
2015-08-11,2.08995746602825,2.1962674411788194,2.08995746602825,2.1370721141063433,77183664.0,1371937920.0
2015-08-12,2.087541330229373,2.17452221898893,2.0404266821512795,2.0911655339276876,53613252.0,932550592.0
2015-08-13,2.106870416620386,2.1878109658827514,2.094789737626003,2.180562558486122,60926948.0,1084465664.0
2015-08-14,2.1733141510894916,2.2047239164748875,2.0911655339276876,2.1165349598158922,53029052.0,942816256.0
2015-08-17,2.1104946203187005,2.168481879491739,2.0694203117377983,2.164857675793424,42271632.0,744237120.0
2015-08-18,2.17452221898893,2.1841867621844364,1.948613521793969,1.948613521793969,55859052.0,957267712.0
2015-08-19,1.9087472811125055,2.0512992932462244,1.829014799749578,2.029554071056335,36358536.0,583167360.0
2015-08-20,2.0029765772686923,2.111702688218139,1.9908958982743095,2.001768509369254,36646908.0,624872384.0
2015-08-21,1.9908958982743095,2.0368024784529646,1.861632633034412,1.9002908058164374,29765104.0,481957440.0
2015-08-24,1.8121018491574419,1.854384225637782,1.7106241456046252,1.7106241456046252,36015676.0,516175520.0
2015-08-25,1.5596156581748384,1.5982738309568638,1.5390785038843873,1.5390785038843873,48933988.0,628784896.0
2015-08-26,1.5559914544765234,1.5946496272585486,1.390486152253477,1.438808868231009,58632540.0,730719488.0
2015-08-27,1.479883176811911,1.5149171458956212,1.4376008003315706,1.5125010100967446,34400228.0,421165472.0
2015-08-28,1.5692802013703446,1.6635094975265317,1.5523672507782085,1.6635094975265317,70638288.0,953717632.0
2015-08-31,1.6514288185321486,1.6538449543310252,1.566864065571468,1.6465965469343955,45351888.0,604189888.0
2015-09-01,1.6188109852473147,1.681630516018106,1.5463269112810172,1.6707579049231613,48922216.0,660345088.0
2015-09-02,1.583777016163604,1.734785503593391,1.554783386577085,1.7033757382079953,69849512.0,968359296.0
2015-09-07,1.6864627876158593,1.775859812174293,1.632099732141136,1.6381400716383274,27596896.0,389709408.0
2015-09-08,1.6272674605433828,1.71424834930294,1.5886092877613573,1.7069999419063102,17759888.0,244035152.0
2015-09-09,1.76377913317991,1.8145179849563184,1.7601549294815952,1.8036453738613738,39669084.0,586424064.0
2015-09-10,1.7504903862860888,1.7915646948669908,1.7299532319956379,1.7396177751911441,25915822.0,375862240.0
2015-09-11,1.7577387936827187,1.7831082195709227,1.7106241456046252,1.7396177751911441,16677100.0,241136608.0
2015-09-14,1.755322657883842,1.7686114047776633,1.56565599767203,1.6623014296270933,35279896.0,488704160.0
2015-09-15,1.6308916642416977,1.652636886431587,1.5221655532922511,1.554783386577085,18201708.0,239591216.0
2015-09-16,1.5729044050686596,1.7106241456046252,1.554783386577085,1.6840466518169825,22147232.0,298342592.0
2015-09-17,1.7335774356939526,1.7734436763754164,1.6925031271130506,1.702167670308557,39168684.0,565512384.0
2015-09-18,1.726329028297323,1.734785503593391,1.6550530222304636,1.6792143802192294,22922052.0,320352544.0
2015-09-21,1.6333078000405743,1.7106241456046252,1.6236432568450678,1.7094160777051868,21860424.0,302214272.0
2015-09-22,1.7057918740068718,1.7613629973810334,1.681630516018106,1.7166644851018167,27533596.0,392064448.0
2015-09-23,1.6623014296270933,1.6767982444203529,1.6260593926439446,1.6465965469343955,22666334.0,309744544.0
2015-09-24,1.647804614833834,1.6671337012248466,1.6236432568450678,1.656261090129902,14584714.0,199133920.0
2015-09-25,1.6550530222304636,1.6550530222304636,1.5898173556607957,1.603106102554617,18229582.0,244289616.0
2015-09-28,1.603106102554617,1.6163948494484381,1.5777366766664127,1.6055222383534933,10573308.0,140040096.0
2015-09-29,1.570488269269783,1.5765286087669745,1.5366623680855107,1.549951114979332,17968564.0,231474496.0
2015-09-30,1.5608237260742766,1.5874012198619192,1.554783386577085,1.5692802013703446,11595875.0,150892928.0
2015-10-08,1.640556207437204,1.6767982444203529,1.632099732141136,1.6381400716383274,23489608.0,322211136.0
2015-10-09,1.644180411135519,1.7239128924984464,1.640556207437204,1.6997515345096805,29094864.0,407273888.0
2015-10-12,1.7335774356939526,1.7891485590681142,1.7202886888001314,1.7734436763754164,36932836.0,537401280.0
2015-10-13,1.743241978889459,1.76377913317991,1.7190806209006932,1.7504903862860888,23244236.0,334854848.0
2015-10-14,1.743241978889459,1.7951888985653057,1.7239128924984464,1.7251209603978845,23817496.0,346815232.0
2015-10-15,1.7335774356939526,1.7661952689787865,1.726329028297323,1.7649872010793484,22472404.0,325477536.0
2015-10-16,1.7698194726771015,1.779484015872608,1.7456581146883356,1.7698194726771015,32003120.0,466829056.0
2015-10-19,1.7698194726771015,1.8628407009338501,1.7444500467888973,1.81330991705688,47456356.0,706465088.0
2015-10-20,1.779484015872608,1.796396966464744,1.755322657883842,1.7891485590681142,29013884.0,426581152.0
2015-10-21,1.787940491168676,1.8000211701630588,1.6188109852473147,1.6502207506327105,34064928.0,486423072.0
2015-10-22,1.6647175654259698,1.7130402814035017,1.6345158679400125,1.702167670308557,23391408.0,324610752.0
2015-10-23,1.7057918740068718,1.7456581146883356,1.7009596024091187,1.7420339109900207,27348428.0,390234144.0
2015-10-26,1.787940491168676,1.787940491168676,1.7396177751911441,1.7492823183866506,26209120.0,382827328.0
2015-10-27,1.7359935714928292,1.7396177751911441,1.6743821086214763,1.731161299895076,22558176.0,319059168.0
2015-10-28,1.7154564172023783,1.7698194726771015,1.7082080098057486,1.731161299895076,25307828.0,364732800.0
2015-10-29,1.7202886888001314,1.7529065220849653,1.7166644851018167,1.7335774356939526,17423554.0,250109600.0
2015-10-30,1.7202886888001314,1.726329028297323,1.6804224481186678,1.6985434666102421,18056728.0,254802864.0
2015-11-02,1.6792143802192294,1.7033757382079953,1.6671337012248466,1.673174040722038,13677976.0,190410912.0
2015-11-03,1.6804224481186678,1.697335398710804,1.6695498370237232,1.6804224481186678,10618125.0,147877312.0
2015-11-04,1.690086991314174,1.7613629973810334,1.6864627876158593,1.7601549294815952,29006722.0,416762496.0
2015-11-05,1.7674033368782252,1.8688810404310419,1.7589468615821569,1.8084776454591271,59045324.0,886657472.0
2015-11-06,1.7939808306658673,1.8737133120287948,1.7855243553697993,1.8531761577383439,45139904.0,680814016.0
2015-11-09,1.8217663923529481,1.8894181947214927,1.8060615096602504,1.861632633034412,45668000.0,699428480.0
2015-11-10,1.8483438861405908,2.0355944105535264,1.8326390034478928,2.016265324162514,75973768.0,1214334208.0
2015-11-11,1.9679426081849818,1.981231355078803,1.9099553490119439,1.9341167070007097,49634432.0,795942016.0
2015-11-12,1.9317005712018331,1.993312034073186,1.9039150095147521,1.9220360280063267,40357260.0,650192576.0
2015-11-13,1.878545583626548,1.8797536515259865,1.8145179849563184,1.8265986639507013,40890820.0,625096320.0
2015-11-16,1.7988131022636207,1.866464904632165,1.7891485590681142,1.8580084293360972,22609752.0,344223040.0
2015-11-17,1.8604245651349738,1.895458534218684,1.8314309355484546,1.8326390034478928,29190004.0,451033792.0
2015-11-18,1.8278067318501399,1.866464904632165,1.8121018491574419,1.8181421886546334,17770508.0,270328608.0
2015-11-19,1.8265986639507013,1.8592164972355354,1.8265986639507013,1.8580084293360972,15593814.0,238141104.0
2015-11-20,1.8604245651349738,1.8942504663192459,1.8483438861405908,1.87008910833048,24460880.0,379482400.0
2015-11-23,1.87008910833048,1.9570699970900372,1.8410954787439608,1.8833778552243012,40848548.0,638827968.0
2015-11-24,1.8712971762299182,1.8737133120287948,1.825390596051263,1.8568003614366586,21785732.0,333030176.0
2015-11-25,1.8894181947214927,1.9147876206096968,1.8773375157271097,1.8930423984198075,31850684.0,499998176.0
2015-11-26,1.8942504663192459,2.0150572562630753,1.8688810404310419,1.9425731822967776,58729848.0,946538432.0
2015-11-27,1.9280763675035182,1.9317005712018331,1.7649872010793484,1.796396966464744,36267612.0,559476352.0
2015-11-30,1.7939808306658673,1.8121018491574419,1.681630516018106,1.7565307257832803,27497692.0,398265248.0
2015-12-01,1.7504903862860888,1.7951888985653057,1.7251209603978845,1.7855243553697993,16977916.0,248290768.0
2015-12-02,1.7951888985653057,1.8676729725316035,1.7855243553697993,1.8519680898389055,26937428.0,408448064.0
2015-12-03,1.8278067318501399,1.8568003614366586,1.816934120755195,1.8471358182411524,20024352.0,304670912.0
2015-12-04,1.8326390034478928,1.8471358182411524,1.784316287470361,1.7927727627664292,20110232.0,301704032.0
2015-12-07,1.81330991705688,1.8278067318501399,1.7988131022636207,1.8108937812580035,14355260.0,215496704.0
2015-12-08,1.7831082195709227,1.787940491168676,1.7359935714928292,1.7516984541855272,18354260.0,266684576.0
2015-12-09,1.7420339109900207,1.775859812174293,1.734785503593391,1.7492823183866506,12149725.0,176562064.0
2015-12-10,1.7480742504872122,1.7976050343641825,1.7420339109900207,1.7613629973810334,20341576.0,298352384.0
2015-12-11,1.7516984541855272,1.9256602317046414,1.7420339109900207,1.861632633034412,44237692.0,675045824.0
2015-12-14,1.825390596051263,2.047675089547909,1.8241825281518247,1.9800232871793648,72739112.0,1176804096.0
2015-12-15,1.9691506760844202,1.9691506760844202,1.9014988737158758,1.9208279601068885,39522476.0,631349504.0
2015-12-16,1.9099553490119439,2.029554071056335,1.9099553490119439,1.984855558777118,48996940.0,797900992.0
2015-12-17,1.9993523735703775,2.0512992932462244,1.9667345402855436,2.0066007809670072,55096876.0,915197440.0
2015-12-18,1.981231355078803,2.0778767870338664,1.9329086391012713,2.021097595760267,60237672.0,997851264.0
2015-12-21,2.0271379352574583,2.0645880401400456,1.9908958982743095,2.0355944105535264,45499540.0,766203456.0
2015-12-22,2.039218614251841,2.1165349598158922,2.0271379352574583,2.0645880401400456,44279224.0,762109440.0
2015-12-23,2.0416347500507177,2.095997805525441,2.004184645168131,2.007808848866446,35711400.0,602926400.0
2015-12-24,2.0174733920619516,2.0512992932462244,1.9570699970900372,1.9908958982743095,25953692.0,428897376.0
2015-12-25,1.996936237771501,2.0114330525647603,1.9703587439838584,2.004184645168131,15517636.0,255969840.0
2015-12-28,2.0066007809670072,2.007808848866446,1.8966666021181224,1.9039150095147521,28473448.0,459564320.0
2015-12-29,1.9039150095147521,1.9268682996040798,1.8833778552243012,1.9232440959057648,16591574.0,261850848.0
2015-12-30,1.943781250196216,1.952237725492284,1.8966666021181224,1.9220360280063267,16111023.0,256981408.0
2015-12-31,1.9232440959057648,1.9498215896934075,1.9002908058164374,1.9014988737158758,16663301.0,265534896.0
2016-01-04,1.8978746700175608,1.9051230774141905,1.7251209603978845,1.731161299895076,17338092.0,263575712.0
2016-01-05,1.6804224481186678,1.7710275405765399,1.652636886431587,1.7154564172023783,28582120.0,405281184.0
2016-01-06,1.7359935714928292,1.845927750341714,1.7045838061074337,1.8108937812580035,32436696.0,479702784.0
2016-01-07,1.7782759479731698,1.784316287470361,1.6308916642416977,1.6345158679400125,9004556.0,126983600.0
2016-01-08,1.6912950592136125,1.775859812174293,1.6308916642416977,1.7504903862860888,31543944.0,450215968.0
2016-01-11,1.7275370961967613,1.7589468615821569,1.6188109852473147,1.624851324744506,30573352.0,429327200.0
2016-01-12,1.6369320037388893,1.665925633325408,1.599481898856302,1.632099732141136,19110762.0,258896560.0
2016-01-13,1.6381400716383274,1.6743821086214763,1.6018980346551785,1.60793837415237,18877016.0,256627488.0
2016-01-14,1.570488269269783,1.6465965469343955,1.5596156581748384,1.6429723432360805,20456546.0,271523520.0
2016-01-15,1.6417642753366424,1.6417642753366424,1.5149171458956212,1.5596156581748384,22303414.0,291104864.0
2016-01-18,1.5221655532922511,1.6163948494484381,1.5221655532922511,1.570488269269783,18574684.0,243209536.0
2016-01-19,1.5765286087669745,1.6357239358394506,1.570488269269783,1.624851324744506,15349532.0,204409328.0
2016-01-20,1.60793837415237,1.649012682733272,1.5958576951579873,1.6272674605433828,19522288.0,261675200.0
2016-01-21,1.60793837415237,1.640556207437204,1.562031793973715,1.5644479297725913,16677471.0,221236384.0
2016-01-22,1.5825689482641658,1.6151867815489998,1.5644479297725913,1.5982738309568638,11700877.0,154299824.0
2016-01-25,1.6127706457501232,1.6429723432360805,1.60793837415237,1.6260593926439446,13136082.0,176707424.0
2016-01-26,1.6103545099512466,1.6163948494484381,1.4859235163091025,1.5064606705995534,18398060.0,237441632.0
2016-01-27,1.5330381643871958,1.5644479297725913,1.4738428373147192,1.542702707582702,16156108.0,204219936.0
2016-01-28,1.5330381643871958,1.5584075902754,1.4496814793259536,1.460554090420898,18890908.0,233684096.0
2016-01-29,1.4255201213371878,1.5197494174933746,1.4255201213371878,1.4992122632029237,14693864.0,180705840.0
2016-02-01,1.4786751089124726,1.5004203311023618,1.4327685287338172,1.460554090420898,10199275.0,123907688.0
2016-02-02,1.4653863620186514,1.5004203311023618,1.4653863620186514,1.4955880595046087,9793557.0,120680816.0
2016-02-03,1.4774670410130344,1.496796127404047,1.45209761512483,1.4895477200074172,8432533.0,103046128.0
2016-02-04,1.525789756990566,1.6018980346551785,1.525789756990566,1.575320540867536,24344048.0,316397760.0
2016-02-05,1.5765286087669745,1.6006899667557404,1.5523672507782085,1.554783386577085,16495166.0,214611456.0
2016-02-15,1.5221655532922511,1.6598852938282167,1.5161252137950598,1.624851324744506,28103008.0,371858400.0
2016-02-26,1.56565599767203,1.606730306252932,1.4943799916051703,1.5716963371692212,30345964.0,390189376.0
2016-02-29,1.5644479297725913,1.5644479297725913,1.4255201213371878,1.5149171458956212,26234670.0,324358496.0
2016-03-01,1.5197494174933746,1.624851324744506,1.4980041953034853,1.620019053146753,33344840.0,435376928.0
2016-03-02,1.6127706457501232,1.7819001516714845,1.606730306252932,1.7819001516714845,53592452.0,758401536.0
2016-03-03,1.8302228676490162,1.918411824308012,1.7710275405765399,1.7746517442748546,65352440.0,998937280.0
2016-03-04,1.825390596051263,1.8845859231237394,1.7456581146883356,1.8265986639507013,57035584.0,857570624.0
2016-03-07,1.918411824308012,2.0090169167658836,1.8507600219394673,1.9280763675035182,66570924.0,1062434752.0
2016-03-08,1.9208279601068885,1.9208279601068885,1.8398874108445227,1.8942504663192459,50065232.0,776649984.0
2016-03-09,1.775859812174293,1.787940491168676,1.7154564172023783,1.7565307257832803,44085304.0,640367488.0
2016-03-10,1.7613629973810334,1.7770678800737314,1.6683417691242848,1.681630516018106,30543818.0,435572448.0
2016-03-11,1.6804224481186678,1.7541145899844037,1.6671337012248466,1.7396177751911441,31068668.0,440368896.0
2016-03-14,1.7251209603978845,1.8241825281518247,1.6985434666102421,1.7601549294815952,42523120.0,621881600.0
2016-03-15,1.7275370961967613,1.738409707291706,1.6792143802192294,1.7033757382079953,25304738.0,357489440.0
2016-03-16,1.7033757382079953,1.7239128924984464,1.6755901765209145,1.7130402814035017,23368252.0,329630816.0
2016-03-17,1.743241978889459,1.7770678800737314,1.7130402814035017,1.7565307257832803,28640112.0,414453312.0
2016-03-18,1.7976050343641825,1.8688810404310419,1.7915646948669908,1.81330991705688,48293304.0,728505280.0
2016-03-21,1.8060615096602504,1.8519680898389055,1.7746517442748546,1.8374712750456461,45410528.0,684781632.0
2016-03-22,1.8084776454591271,1.8410954787439608,1.7891485590681142,1.8036453738613738,30849976.0,461969856.0
2016-03-23,1.7939808306658673,1.8241825281518247,1.7698194726771015,1.8096857133585653,27771682.0,413767200.0
2016-03-24,1.7516984541855272,1.7516984541855272,1.7033757382079953,1.7069999419063102,38571888.0,550833600.0
2016-03-25,1.7069999419063102,1.7178725530012549,1.6586772259287785,1.702167670308557,24373314.0,340862720.0
2016-03-28,1.7118322135040633,1.7335774356939526,1.681630516018106,1.6876708555152975,20478514.0,290037408.0
2016-03-29,1.6876708555152975,1.7033757382079953,1.6550530222304636,1.6671337012248466,18200938.0,252237648.0
2016-03-30,1.6864627876158593,1.71424834930294,1.6864627876158593,1.7094160777051868,19898272.0,280609760.0
2016-03-31,1.7094160777051868,1.7190806209006932,1.6792143802192294,1.7106241456046252,22929502.0,322817664.0
2016-04-01,1.7033757382079953,1.7396177751911441,1.6912950592136125,1.7359935714928292,27078504.0,385921024.0
2016-04-05,1.7106241456046252,1.7480742504872122,1.7033757382079953,1.7456581146883356,22268840.0,318568672.0
2016-04-06,1.7408258430905825,1.7601549294815952,1.7130402814035017,1.731161299895076,20022740.0,287962432.0
2016-04-07,1.7323693677945144,1.7408258430905825,1.6912950592136125,1.6961273308113656,19829210.0,280529280.0
2016-04-08,1.661093361727655,1.6719659728225997,1.6260593926439446,1.644180411135519,29331788.0,399673088.0
2016-04-11,1.647804614833834,1.6949192629119272,1.647804614833834,1.6767982444203529,24137446.0,334975360.0
2016-04-12,1.6780063123197912,1.6925031271130506,1.6574691580293401,1.6912950592136125,18298544.0,253472656.0
2016-04-13,1.7396177751911441,1.8604245651349738,1.7396177751911441,1.8326390034478928,110785048.0,1677959936.0
2016-04-14,1.8302228676490162,1.8326390034478928,1.76377913317991,1.7819001516714845,60732384.0,898683712.0
2016-04-15,1.7855243553697993,1.7939808306658673,1.7492823183866506,1.7710275405765399,28420980.0,416242208.0
2016-04-18,1.7516984541855272,1.7589468615821569,1.71424834930294,1.7166644851018167,26096116.0,373175936.0
2016-04-19,1.7396177751911441,1.755322657883842,1.7130402814035017,1.7323693677945144,23543616.0,337828064.0
2016-04-20,1.7831082195709227,1.7915646948669908,1.6586772259287785,1.6949192629119272,41219232.0,587081344.0
2016-04-21,1.7009596024091187,1.7939808306658673,1.6997515345096805,1.7492823183866506,48997864.0,711270272.0
2016-04-22,1.7057918740068718,1.7154564172023783,1.6767982444203529,1.7118322135040633,26111748.0,366841504.0
2016-04-25,1.702167670308557,1.7480742504872122,1.6671337012248466,1.738409707291706,25978472.0,366649600.0
2016-04-26,1.7166644851018167,1.7335774356939526,1.6804224481186678,1.71424834930294,21512420.0,303690624.0
2016-04-27,1.7094160777051868,1.71424834930294,1.6840466518169825,1.6925031271130506,17262296.0,242621152.0
2016-04-28,1.6876708555152975,1.697335398710804,1.649012682733272,1.6707579049231613,17594048.0,242772032.0
2016-04-29,1.673174040722038,1.6985434666102421,1.673174040722038,1.6828385839175444,13305555.0,185657168.0
2016-05-03,1.7009596024091187,1.7202886888001314,1.685254719716421,1.7178725530012549,27475314.0,388567136.0
2016-05-04,1.6912950592136125,1.7094160777051868,1.6876708555152975,1.6949192629119272,18937276.0,265701088.0
2016-05-05,1.6925031271130506,1.7094160777051868,1.6828385839175444,1.6997515345096805,15274926.0,214211520.0
2016-05-06,1.6925031271130506,1.7009596024091187,1.6345158679400125,1.6381400716383274,25588304.0,353054336.0
2016-05-09,1.620019053146753,1.6284755284428212,1.5608237260742766,1.5765286087669745,19996534.0,262690048.0
2016-05-10,1.5596156581748384,1.5825689482641658,1.5559914544765234,1.570488269269783,10703345.0,139221520.0
2016-05-11,1.5825689482641658,1.5886092877613573,1.5559914544765234,1.5716963371692212,9255323.0,120558224.0
2016-05-12,1.5559914544765234,1.5741124729680978,1.5197494174933746,1.5729044050686596,14028627.0,179425136.0
2016-05-13,1.5475349791804554,1.5729044050686596,1.5414946396832638,1.5632398618731531,9971899.0,128723192.0
2016-05-16,1.5608237260742766,1.5861931519624808,1.5451188433815786,1.5861931519624808,11389785.0,148540416.0
2016-05-17,1.5861931519624808,1.606730306252932,1.575320540867536,1.5849850840630424,14472121.0,190713968.0
2016-05-18,1.570488269269783,1.5729044050686596,1.5354543001860725,1.5523672507782085,13227652.0,170349904.0
2016-05-19,1.5608237260742766,1.5861931519624808,1.5571995223759618,1.566864065571468,13570300.0,176392560.0
2016-05-20,1.5511591828787703,1.5765286087669745,1.5463269112810172,1.5741124729680978,10524445.0,136006768.0
2016-05-23,1.570488269269783,1.583777016163604,1.5632398618731531,1.575320540867536,9792954.0,127637440.0
2016-05-24,1.5716963371692212,1.5716963371692212,1.5439107754821404,1.5559914544765234,9903154.0,127379992.0
2016-05-25,1.566864065571468,1.575320540867536,1.5463269112810172,1.5511591828787703,7238261.0,93441184.0
2016-05-26,1.5584075902754,1.5716963371692212,1.5282058927894426,1.5692802013703446,15351315.0,196948752.0
2016-05-27,1.5584075902754,1.5644479297725913,1.5487430470798937,1.5523672507782085,8905124.0,114703936.0
2016-05-30,1.5475349791804554,1.5644479297725913,1.5354543001860725,1.542702707582702,6227539.0,79773448.0
2016-05-31,1.5475349791804554,1.6127706457501232,1.5475349791804554,1.6103545099512466,23533768.0,309310688.0
2016-06-01,1.6018980346551785,1.647804614833834,1.5934415593591105,1.6163948494484381,27537800.0,369322048.0
2016-06-02,1.611562577850685,1.6369320037388893,1.6006899667557404,1.6163948494484381,17615000.0,235697248.0
2016-06-03,1.6163948494484381,1.6212271210461913,1.5970657630574254,1.6176029173478765,14876781.0,198190640.0
2016-06-06,1.6369320037388893,1.647804614833834,1.6127706457501232,1.6212271210461913,16617618.0,223751792.0
2016-06-07,1.6236432568450678,1.6308916642416977,1.6103545099512466,1.6139787136495616,12628367.0,169203920.0
2016-06-08,1.604314170454055,1.604314170454055,1.5741124729680978,1.5849850840630424,16809468.0,220768736.0
2016-06-13,1.570488269269783,1.575320540867536,1.5414946396832638,1.542702707582702,16914328.0,218930320.0
2016-06-14,1.5439107754821404,1.5584075902754,1.5354543001860725,1.5559914544765234,7854127.0,100575848.0
2016-06-15,1.542702707582702,1.5874012198619192,1.5366623680855107,1.583777016163604,14467775.0,188571664.0
2016-06-16,1.603106102554617,1.6272674605433828,1.591025423560234,1.60793837415237,29208332.0,389166336.0
2016-06-17,1.5934415593591105,1.6357239358394506,1.5886092877613573,1.611562577850685,24174252.0,322770720.0
2016-06-20,1.60793837415237,1.6163948494484381,1.5741124729680978,1.5874012198619192,13096185.0,172116816.0
2016-06-21,1.606730306252932,1.6091464420518085,1.562031793973715,1.5692802013703446,15771569.0,207130576.0
2016-06-22,1.5716963371692212,1.604314170454055,1.5608237260742766,1.5982738309568638,13498181.0,177432048.0
2016-06-23,1.5934415593591105,1.5934415593591105,1.570488269269783,1.5861931519624808,10778405.0,141177184.0
2016-06-24,1.5861931519624808,1.603106102554617,1.5463269112810172,1.5716963371692212,18653656.0,243708352.0
2016-06-27,1.5692802013703446,1.6018980346551785,1.5596156581748384,1.6006899667557404,19127424.0,251209440.0
2016-06-28,1.5898173556607957,1.6284755284428212,1.5825689482641658,1.6212271210461913,27693764.0,369314976.0
2016-06-29,1.6369320037388893,1.647804614833834,1.6163948494484381,1.624851324744506,25986812.0,350461984.0
2016-06-30,1.6296835963422593,1.640556207437204,1.6212271210461913,1.6284755284428212,16200055.0,218681552.0
2016-07-01,1.6284755284428212,1.649012682733272,1.6188109852473147,1.6308916642416977,20439996.0,276108864.0
2016-07-04,1.6357239358394506,1.7939808306658673,1.6357239358394506,1.7855243553697993,104635616.0,1526772352.0
2016-07-05,1.7504903862860888,1.7589468615821569,1.7118322135040633,1.7456581146883356,53708940.0,770785536.0
2016-07-06,1.7190806209006932,1.804853441760812,1.71424834930294,1.7577387936827187,62304168.0,910855232.0
2016-07-07,1.7516984541855272,1.8423035466433992,1.743241978889459,1.7891485590681142,67929648.0,1012833216.0
2016-07-08,1.743241978889459,1.7855243553697993,1.738409707291706,1.7504903862860888,30706188.0,446481120.0
2016-07-11,1.7686114047776633,1.9147876206096968,1.7674033368782252,1.8423035466433992,68076104.0,1047412800.0
2016-07-12,1.8604245651349738,1.9570699970900372,1.8447196824422758,1.8894181947214927,61573280.0,966703936.0
2016-07-13,1.9341167070007097,2.047675089547909,1.8990827379169992,2.007808848866446,83091424.0,1356686592.0
2016-07-14,1.9800232871793648,1.984855558777118,1.91961989220745,1.9594861328889137,54549712.0,880478400.0
2016-07-15,1.940157046497901,1.9763990834810499,1.9256602317046414,1.9461973859950925,37075424.0,597424000.0
2016-07-18,1.9244521638052032,1.9304925033023947,1.8797536515259865,1.8930423984198075,41892928.0,657969792.0
2016-07-19,1.9087472811125055,1.9389489785984628,1.8652568367327267,1.9159956885091352,38028676.0,599747904.0
2016-07-20,1.9268682996040798,1.9280763675035182,1.8495519540400291,1.8555922935372204,37071988.0,576254400.0
2016-07-21,1.8423035466433992,1.8930423984198075,1.8410954787439608,1.8845859231237394,32397170.0,501467872.0
2016-07-22,1.8821697873248628,1.8821697873248628,1.8350551392467693,1.8447196824422758,27109376.0,416056224.0
2016-07-25,1.8362632071462077,1.8580084293360972,1.8217663923529481,1.8507600219394673,16316328.0,248315120.0
2016-07-26,1.8398874108445227,1.8749213799282332,1.8386793429450845,1.8737133120287948,21927270.0,337829920.0
2016-07-27,1.878545583626548,1.8797536515259865,1.7372016393922678,1.7613629973810334,44080544.0,654708032.0
2016-07-28,1.7613629973810334,1.787940491168676,1.7420339109900207,1.7806920837720461,26401214.0,386747424.0
2016-07-29,1.7819001516714845,1.7939808306658673,1.746866182587774,1.7504903862860888,18012572.0,263416528.0
2016-08-01,1.7577387936827187,1.7915646948669908,1.743241978889459,1.7891485590681142,22405376.0,328492832.0
2016-08-02,1.7613629973810334,1.7903566269675526,1.7541145899844037,1.7831082195709227,13316024.0,195211216.0
2016-08-03,1.784316287470361,1.7976050343641825,1.76377913317991,1.7734436763754164,17170136.0,253148064.0
2016-08-04,1.7770678800737314,1.7831082195709227,1.7492823183866506,1.775859812174293,15002466.0,219494640.0
2016-08-05,1.772235608475978,1.7819001516714845,1.7541145899844037,1.7661952689787865,13819130.0,201959696.0
2016-08-08,1.7492823183866506,1.8096857133585653,1.7372016393922678,1.8072695775596888,25887276.0,381795168.0
2016-08-09,1.7988131022636207,1.8108937812580035,1.7915646948669908,1.8060615096602504,17086670.0,254676816.0
2016-08-10,1.804853441760812,1.866464904632165,1.7988131022636207,1.8338470713473312,28188976.0,428229696.0
2016-08-11,1.8193502565540718,1.8531761577383439,1.81330991705688,1.8145179849563184,22124730.0,335756608.0
2016-08-12,1.9348818741153324,1.9517069338902484,1.8908778716270909,1.9478242277883449,18548314.0,275191872.0
2016-08-15,1.9387645802172362,1.9918282302765866,1.9193510497077177,1.982768582705478,28981480.0,439637088.0
2016-08-16,1.9814743473381768,1.9918282302765866,1.960766581461357,1.9801801119708755,26283588.0,401040032.0
2016-08-17,1.9698262290324657,1.9750031705016706,1.943941521686441,1.9620608168286584,19422892.0,293909888.0
2016-08-18,1.960766581461357,1.9711204643997668,1.9452357570537422,1.9685319936651646,17140956.0,259202880.0
2016-08-19,1.9581781107267546,1.965943522930562,1.9348818741153324,1.9530011692575497,14034966.0,211452272.0
2016-08-22,1.9530011692575497,1.9568838753594533,1.897349048463597,1.8986432838308982,17110142.0,253990080.0
2016-08-23,1.8999375191981995,1.9128798728712115,1.8869951655251873,1.9038202253001033,11155493.0,163713520.0
2016-08-24,1.892172106994392,1.9102914021366093,1.892172106994392,1.8986432838308982,9620128.0,141375376.0
2016-08-25,1.8792297533213798,1.8908778716270909,1.863698928913765,1.8895836362597895,13694747.0,198677024.0
2016-08-26,1.8960548130962958,1.908997166769308,1.8844066947905849,1.8869951655251873,11720058.0,171925520.0
2016-08-29,1.885700930157886,1.8895836362597895,1.8649931642810664,1.8779355179540786,10750252.0,155828336.0
2016-08-30,1.880523988688681,1.892172106994392,1.874052811852175,1.880523988688681,9838315.0,143067408.0
2016-08-31,1.8831124594232835,1.8869951655251873,1.8611104581791629,1.8779355179540786,11167903.0,161840784.0
2016-09-01,1.880523988688681,1.8895836362597895,1.8714643411175726,1.8727585764848738,11373361.0,165160816.0
2016-09-02,1.874052811852175,1.8831124594232835,1.8481681045061504,1.8572277520772589,12304818.0,177351680.0
2016-09-05,1.8611104581791629,1.9025259899328018,1.8585219874445602,1.885700930157886,18425944.0,268399152.0
2016-09-06,1.8792297533213798,1.8947605777289946,1.8533450459753553,1.892172106994392,13455718.0,195107808.0
2016-09-07,1.8960548130962958,1.9077029314020069,1.8895836362597895,1.8908778716270909,17632312.0,258733488.0
2016-09-08,1.885700930157886,1.8908778716270909,1.8753470472194762,1.8818182240559822,9792335.0,142356272.0
2016-09-09,1.885700930157886,1.8908778716270909,1.863698928913765,1.8649931642810664,11046144.0,160009104.0
2016-09-12,1.8313430447312344,1.8339315154658369,1.7731024532026793,1.7899275129775953,20913396.0,291455488.0
2016-09-13,1.8067525727525113,1.8080468081198124,1.7821621007737878,1.7912217483448964,8506082.0,117815696.0
2016-09-14,1.7834563361410891,1.798987160548704,1.7743966885699807,1.7925159837121978,7083678.0,97986160.0
2016-09-19,1.8041641020179087,1.8209891617928247,1.8028698666506076,1.8093410434871138,7997677.0,111862360.0
2016-09-20,1.8054583373852098,1.811929514221716,1.7951044544468,1.8041641020179087,4584516.0,63874332.0
2016-09-21,1.8002813959160051,1.8313430447312344,1.8002813959160051,1.811929514221716,7626037.0,107006256.0
2016-09-22,1.8261661032620295,1.8313430447312344,1.8145179849563184,1.8184006910582224,8132739.0,114599432.0
2016-09-23,1.8287545739966322,1.840402692302343,1.8158122203236198,1.8209891617928247,9328423.0,131703040.0
2016-09-26,1.823577632527427,1.823577632527427,1.7834563361410891,1.7912217483448964,11567938.0,160899792.0
2016-09-27,1.7860448068756918,1.8028698666506076,1.7808678654064867,1.8028698666506076,6949456.0,96147848.0
2016-09-28,1.8028698666506076,1.8028698666506076,1.787339042242993,1.7925159837121978,5152853.0,71404936.0
2016-09-29,1.798987160548704,1.8196949264255236,1.798987160548704,1.8054583373852098,10105107.0,141415744.0
2016-09-30,1.798987160548704,1.8145179849563184,1.793810219079499,1.8041641020179087,7809064.0,108874352.0
2016-10-10,1.8093410434871138,1.8274603386293307,1.8054583373852098,1.8274603386293307,10789553.0,151486384.0
2016-10-11,1.8378142215677404,1.8429911630369455,1.8248718678947282,1.8378142215677404,12190845.0,172643920.0
2016-10-12,1.8287545739966322,1.8287545739966322,1.8171064556909209,1.823577632527427,7764982.0,109378872.0
2016-10-13,1.822283397160126,1.8365199862004393,1.8184006910582224,1.8248718678947282,7427002.0,104901680.0
2016-10-14,1.8132237495890173,1.8171064556909209,1.7976929251814027,1.8145179849563184,9271270.0,129307624.0
2016-10-17,1.8196949264255236,1.8339315154658369,1.8054583373852098,1.8106352788544149,12405843.0,174664480.0
2016-10-18,1.8080468081198124,1.8365199862004393,1.8028698666506076,1.8352257508331382,14818459.0,208530960.0
2016-10-19,1.8429911630369455,1.892172106994392,1.8429911630369455,1.8546392813426567,26903056.0,388174400.0
2016-10-20,1.8442853984042467,1.8546392813426567,1.839108456935042,1.8494623398734515,9970995.0,142356752.0
2016-10-21,1.8507565752407529,1.8766412825867773,1.8378142215677404,1.8598162228118613,16850994.0,242148256.0
2016-10-24,1.863698928913765,1.8999375191981995,1.8533450459753553,1.892172106994392,25354992.0,369177728.0
2016-10-25,1.9012317545655006,1.9232337558096215,1.8792297533213798,1.9219395204423202,25647026.0,376332544.0
2016-10-26,1.920645285075019,1.9387645802172362,1.892172106994392,1.8960548130962958,24628548.0,364241472.0
2016-10-27,1.8960548130962958,1.9051144606674044,1.885700930157886,1.892172106994392,12462730.0,182381104.0
2016-10-28,1.9025259899328018,1.9051144606674044,1.8572277520772589,1.8727585764848738,14368998.0,208798432.0
2016-10-31,1.8882894008924884,1.897349048463597,1.86887587038297,1.8908778716270909,14987937.0,218118368.0
2016-11-01,1.8947605777289946,1.9219395204423202,1.8844066947905849,1.9102914021366093,20103106.0,295834752.0
2016-11-02,1.9167625789731155,1.9193510497077177,1.8766412825867773,1.885700930157886,22287244.0,327486016.0
2016-11-03,1.8766412825867773,1.9219395204423202,1.862404693546464,1.9167625789731155,20212118.0,295215232.0
2016-11-04,1.936176109482634,1.9491184631556462,1.9012317545655006,1.9038202253001033,24013870.0,357356864.0
2016-11-07,1.9115856375039104,2.0668938815800577,1.8986432838308982,2.0319495266629244,75831064.0,1175320576.0
2016-11-08,2.0190071729899124,2.039714938866732,2.000887877847695,2.008653290051502,44924036.0,700427968.0
2016-11-09,2.056539998641648,2.0940728242933835,2.012535996153406,2.0655996462127564,75100064.0,1194947328.0
2016-11-10,2.2157309488196986,2.2726773049809523,2.2144367134523972,2.2713830696136514,214799200.0,3761742592.0
2016-11-11,2.2726773049809523,2.499168494258667,2.253263774471434,2.499168494258667,154028928.0,2809280768.0
2016-11-14,2.501756964993269,2.7398962725766953,2.5004627296259683,2.6480055614983082,209018032.0,4200325888.0
2016-11-15,2.589764969969753,2.6531825029675127,2.492697317422161,2.5134050832989807,133427824.0,2649115904.0
2016-11-16,2.5134050832989807,2.6467113261310065,2.49140308205486,2.6040015590100665,126988344.0,2510032640.0
2016-11-17,2.5302301430738967,2.629886266356091,2.5004627296259683,2.6052957943773674,85040184.0,1684977792.0
2016-11-18,2.613061206581175,2.741190507943996,2.5082281418297754,2.7075403883941647,109999088.0,2215942912.0
2016-11-21,2.637651678559898,2.919794988631565,2.624709324886886,2.7036576822922607,125114096.0,2639487744.0
2016-11-22,2.7360135664747913,2.8874391044490344,2.668713327375128,2.717894271332574,165787152.0,3527881216.0
2016-11-23,2.668713327375128,2.7049519176595616,2.6156496773157776,2.635063207825296,76886048.0,1582559872.0
2016-11-24,2.717894271332574,2.8524947495319015,2.679067210313537,2.7088346237614656,132281392.0,2817701632.0
2016-11-25,2.717894271332574,2.7282481542709838,2.5638802626237283,2.675184504211634,74634880.0,1527605632.0
2016-11-28,2.6777729749462362,2.821433100716672,2.6402401492945002,2.7437789786785984,108298936.0,2281791488.0
2016-11-29,2.680361445680839,2.6855383871500433,2.5807053223986443,2.594941911438958,86804048.0,1760749312.0
2016-11-30,2.5172877894008843,2.5690572040929336,2.437045196628208,2.4732837869126425,86677720.0,1669679104.0
2016-12-01,2.510816612564378,2.535407084543101,2.486226140585655,2.499168494258667,50522744.0,979811328.0
2016-12-02,2.4849319052183536,2.490108846687558,2.3878642526707616,2.439633667362811,48630668.0,914015808.0
2016-12-05,2.3982181356091714,2.515993554033583,2.3982181356091714,2.4732837869126425,47164252.0,898193152.0
2016-12-06,2.525053201604692,2.525053201604692,2.3749218989977496,2.383981546568858,62497612.0,1174198400.0
2016-12-07,2.389158488038063,2.492697317422161,2.3710391928958456,2.47069531617804,56308692.0,1062398016.0
2016-12-08,2.4331624905263047,2.501756964993269,2.413748960016786,2.4564587271377265,52439044.0,998520704.0
2016-12-09,2.4228086075878945,2.4952857881567634,2.4215143722205936,2.492697317422161,38210156.0,724997248.0
2016-12-12,2.510816612564378,2.5302301430738967,2.3102101306326883,2.3192697782037968,53831048.0,1010150016.0
2016-12-13,2.2907966001231697,2.3218582489383994,2.245498362267627,2.315387072101893,49221660.0,872215296.0
2016-12-14,2.286913894021266,2.316681307469194,2.2286733024927106,2.303738953796182,39385208.0,694099840.0
2016-12-15,2.3179755428364954,2.361979545324737,2.2843254232866634,2.3179755428364954,35579128.0,637709760.0
2016-12-16,2.303738953796182,2.3102101306326883,2.2377329500638194,2.263617657409844,44102128.0,773953088.0
2016-12-19,2.2403214207984217,2.2843254232866634,2.2157309488196986,2.233850243961916,34599968.0,600605440.0
2016-12-20,2.211848242717795,2.251969539104133,2.191140476840975,2.2480868330022292,46077960.0,788602368.0
2016-12-21,2.2597349513079403,2.2675003635117474,2.2286733024927106,2.261029186675241,35487548.0,616528896.0
2016-12-22,2.245498362267627,2.261029186675241,2.205377065881289,2.241615656165723,26496256.0,457155200.0
2016-12-23,2.2558522452060363,2.2623234220425426,2.1872577707390715,2.2144367134523972,30990756.0,530996096.0
2016-12-26,2.1743154170660595,2.2144367134523972,2.119957531639408,2.207965536615891,42685232.0,713158912.0
2016-12-27,2.195023182942879,2.241615656165723,2.1872577707390715,2.219613654921602,34546572.0,591917248.0
2016-12-28,2.245498362267627,2.2752657757155546,2.2209078902889035,2.2403214207984217,43804232.0,761513024.0
2016-12-29,2.2209078902889035,2.245498362267627,2.1872577707390715,2.236438714696518,28399940.0,486733440.0
2016-12-30,2.2312617732273132,2.246792597634928,2.160078828025746,2.165255769494951,32870230.0,559551104.0
2017-01-03,2.200200124412084,2.2325560085946146,2.1781981231679626,2.2105540073504932,33770228.0,576970048.0
2017-01-04,2.1937289475755777,2.24938106836953,2.1743154170660595,2.245498362267627,43891256.0,752361536.0
2017-01-05,2.2778542464501577,2.360685309957436,2.27008883424635,2.3231524843057003,76955712.0,1374521472.0
2017-01-06,2.293385070857772,2.3257409550403025,2.2843254232866634,2.3127986013672905,34514676.0,615120256.0
2017-01-09,2.315387072101893,2.3360948379787128,2.292090835490471,2.328329425774905,26460136.0,472919872.0
2017-01-10,2.3205640135710977,2.3878642526707616,2.292090835490471,2.34386025018252,54393576.0,986028672.0
2017-01-11,2.3813930758342554,2.435750961260907,2.3373890733460136,2.339977544080616,71509232.0,1317508736.0
2017-01-12,2.33350636724411,2.347742956284424,2.261029186675241,2.286913894021266,36960160.0,658100992.0
2017-01-13,2.316681307469194,2.355508368488231,2.251969539104133,2.2713830696136514,35674304.0,636705280.0
2017-01-16,2.2752657757155546,2.361979545324737,2.1678442402295532,2.3179755428364954,52483432.0,934049984.0
2017-01-17,2.2830311879193625,2.3011504830615794,2.207965536615891,2.2791484818174585,32188188.0,563998144.0
2017-01-18,2.251969539104133,2.3140928367345914,2.233850243961916,2.2895023647558688,27475444.0,485136928.0
2017-01-19,2.2752657757155546,2.288208129388567,2.239027185431121,2.258440715940639,21330074.0,372914400.0
2017-01-20,2.2480868330022292,2.2726773049809523,2.2209078902889035,2.233850243961916,26529580.0,460800320.0
2017-01-23,2.245498362267627,2.431868255159003,2.2403214207984217,2.361979545324737,62403828.0,1130579456.0
2017-01-24,2.342566014815219,2.394335429507268,2.3322121318768088,2.3813930758342554,41448116.0,759610048.0
2017-01-25,2.4331624905263047,2.4965800235240643,2.4098662539148825,2.4448106088320154,65404128.0,1238594176.0
2017-01-26,2.443516373464714,2.6894210932519473,2.439633667362811,2.6894210932519473,82511408.0,1649085440.0
2017-02-03,2.6402401492945002,2.6531825029675127,2.5625860272564274,2.5975303821735602,62802504.0,1263993600.0
2017-02-06,2.5664687333583305,2.578116851664042,2.4616356686069314,2.539289790645005,60892964.0,1180561920.0
2017-02-07,2.5198762601354865,2.5664687333583305,2.49140308205486,2.552232144318017,45960412.0,899644416.0
2017-02-08,2.532818613808499,2.6065900297446687,2.5069339064624745,2.602707323642765,58484952.0,1156953600.0
2017-02-09,2.5936476760716562,2.6285920309887896,2.5470552028488123,2.5587033211545234,52452180.0,1047826496.0
2017-02-10,2.536701319910403,2.6609479151713202,2.527641672339294,2.6234150895195847,62224444.0,1246391040.0
2017-02-13,2.8473178080626966,2.878379456877926,2.6907153286192482,2.7153058005979718,89987464.0,1917139072.0
2017-02-14,2.73471933110749,2.830492748287781,2.693303799353851,2.781311804330334,69595776.0,1476722304.0
2017-02-15,2.7114230944960678,2.717894271332574,2.6337689724579945,2.636357443192597,62123356.0,1288011776.0
2017-02-16,2.6402401492945002,2.698480740823056,2.602707323642765,2.626003560254187,48433688.0,992053504.0
2017-02-17,2.6014130882754642,2.6117669712138736,2.552232144318017,2.5768226162967407,38193120.0,761489920.0
2017-02-20,2.5625860272564274,2.61823814805038,2.5587033211545234,2.6156496773157776,32707616.0,655732352.0
2017-02-21,2.6402401492945002,2.6518882676002113,2.579411087031343,2.6014130882754642,32027592.0,646581312.0
2017-02-22,2.6091785004792714,2.635063207825296,2.581999557765945,2.594941911438958,27964318.0,562822464.0
2017-02-23,2.58717649923515,2.6091785004792714,2.5315243784411976,2.552232144318017,43821024.0,869526464.0
2017-02-24,2.4719895515453416,2.4719895515453416,2.4253970783224967,2.459047197872329,58367280.0,1104185472.0
2017-02-27,2.4448106088320154,2.4616356686069314,2.4215143722205936,2.435750961260907,26598036.0,501674976.0
2017-02-28,2.440927902730112,2.474578022279944,2.435750961260907,2.4486933149339194,23955640.0,453616352.0
2017-03-01,2.4564587271377265,2.5470552028488123,2.4266913136897985,2.5198762601354865,54419460.0,1051490368.0
2017-03-02,2.5198762601354865,2.521170495502788,2.459047197872329,2.474578022279944,32087308.0,617534848.0
2017-03-03,2.4202201368532923,2.424102842955196,2.377510369732352,2.4150431953840874,35243856.0,654742592.0
2017-03-06,2.4111604892821834,2.440927902730112,2.394335429507268,2.418925901485991,26621352.0,496603680.0
2017-03-07,2.400806606343774,2.4150431953840874,2.3865700173034607,2.4098662539148825,28164160.0,521847648.0
2017-03-08,2.393041194139966,2.4202201368532923,2.3710391928958456,2.4176316661186896,34924128.0,646128960.0
2017-03-09,2.3865700173034607,2.3878642526707616,2.3490371916517248,2.3632737806920385,25960038.0,474807584.0
2017-03-10,2.3632737806920385,2.3813930758342554,2.3568026038555323,2.3697449575285443,20483516.0,375184384.0
2017-03-13,2.3736276636304483,2.452576021035823,2.3684507221612434,2.4499875503012203,51993020.0,969339840.0
2017-03-14,2.4577529625050274,2.4577529625050274,2.4228086075878945,2.430574019791702,27636562.0,520639488.0
2017-03-15,2.430574019791702,2.4719895515453416,2.4279855490571,2.4564587271377265,32758574.0,620882560.0
2017-03-16,2.4952857881567634,2.515993554033583,2.4629299039742327,2.4758722576472447,36888000.0,708873472.0
2017-03-17,2.477166493014546,2.477166493014546,2.400806606343774,2.4072777831802803,28500102.0,536954496.0
2017-03-20,2.4176316661186896,2.424102842955196,2.3529198977536283,2.3736276636304483,32565374.0,599543744.0
2017-03-21,2.355508368488231,2.3632737806920385,2.3102101306326883,2.338683308713315,38196552.0,689815168.0
2017-03-22,2.303738953796182,2.3231524843057003,2.2817369525520608,2.3011504830615794,42283668.0,750052736.0
2017-03-23,2.315387072101893,2.3231524843057003,2.28044271718476,2.3205640135710977,29266500.0,522428352.0
2017-03-24,2.3011504830615794,2.3192697782037968,2.2558522452060363,2.307621659898085,39819660.0,703226944.0
2017-03-27,2.2856196586539648,2.2895023647558688,2.2623234220425426,2.2713830696136514,30854772.0,541771008.0
2017-03-28,2.28044271718476,2.293385070857772,2.2752657757155546,2.2856196586539648,22243264.0,392380480.0
2017-03-29,2.307621659898085,2.3231524843057003,2.292090835490471,2.3063274245307843,31466406.0,561545792.0
2017-03-30,2.298562012326977,2.298562012326977,2.205377065881289,2.2144367134523972,36776620.0,636182976.0
2017-03-31,2.2260848317581083,2.242909891533024,2.2170251841869995,2.2325560085946146,16757033.0,288770976.0
2017-04-05,2.251969539104133,2.297267776959676,2.245498362267627,2.2907966001231697,29564980.0,520585792.0
2017-04-06,2.3063274245307843,2.3244467196730016,2.294679306225073,2.3024447184288808,32229172.0,575109696.0
2017-04-07,2.292090835490471,2.3645680160593394,2.2765600110828563,2.3102101306326883,40494296.0,726164544.0
2017-04-10,2.293385070857772,2.303738953796182,2.2739715403482537,2.28044271718476,21301204.0,375882944.0
2017-04-11,2.2739715403482537,2.2739715403482537,2.219613654921602,2.2687945988790488,31287034.0,543480704.0
2017-04-12,2.258440715940639,2.2856196586539648,2.235144479329217,2.253263774471434,19945808.0,348061920.0
2017-04-13,2.2234963610235057,2.2713830696136514,2.219613654921602,2.2623234220425426,15366652.0,267252048.0
2017-04-14,2.2623234220425426,2.2623234220425426,2.2260848317581083,2.229967537860012,17682668.0,305572256.0
2017-04-17,2.239027185431121,2.253263774471434,2.200200124412084,2.2273790671254097,17956846.0,308882880.0
2017-04-18,2.2260848317581083,2.239027185431121,2.1743154170660595,2.1756096524333604,18975578.0,324071040.0
2017-04-19,2.154901886556541,2.154901886556541,2.091484353558781,2.0966612950279857,28936172.0,472084928.0
2017-04-20,2.0966612950279857,2.110897884068299,2.0552457632743466,2.0824247059876724,25720972.0,412721376.0
2017-04-21,2.091484353558781,2.110897884068299,2.0850131767222746,2.105720942599094,13963862.0,226643488.0
2017-04-24,2.099249765762588,2.103132471864492,2.042303409601334,2.0435976449686355,17925474.0,285316000.0
2017-04-25,2.047480351070539,2.081130470620371,2.047480351070539,2.0552457632743466,14123334.0,225418000.0
2017-04-26,2.064305410845455,2.109603648700998,2.064305410845455,2.0888958828241786,18357478.0,296253376.0
2017-04-27,2.0772477645184675,2.1134863548029017,2.047480351070539,2.107015177966396,20530504.0,330206560.0
2017-04-28,2.097955530395287,2.141959532883529,2.092778588926082,2.125134473108613,16332966.0,267585088.0
2017-05-02,2.138076826781625,2.154901886556541,2.109603648700998,2.1186632962721066,14221742.0,233862432.0
2017-05-03,2.110897884068299,2.1277229438432155,2.091484353558781,2.097955530395287,14997921.0,243767600.0
2017-05-04,2.0500688218051417,2.0630111754781537,2.029361055928322,2.0371264681321293,28461020.0,449193696.0
2017-05-05,2.0254783498264186,2.0254783498264186,1.9530011692575497,1.9724146997670682,28594318.0,437847776.0
2017-05-08,1.9737089351343693,1.9931224656438877,1.943941521686441,1.960766581461357,18069432.0,274748576.0
2017-05-09,1.9517069338902484,1.9879455241746828,1.943941521686441,1.9775916412362728,13348856.0,203137216.0
2017-05-10,1.9762974058689717,1.982768582705478,1.9141741082385129,1.9167625789731155,15970294.0,241204032.0
2017-05-11,1.9012317545655006,1.9141741082385129,1.8287545739966322,1.9012317545655006,24988220.0,362485920.0
2017-05-12,1.8960548130962958,1.9193510497077177,1.880523988688681,1.9025259899328018,12982205.0,190652304.0
2017-05-15,1.9102914021366093,1.9284106972788264,1.9051144606674044,1.9193510497077177,11990528.0,177641072.0
2017-05-16,1.9180568143404166,1.9620608168286584,1.8895836362597895,1.960766581461357,17451520.0,259522320.0
2017-05-17,1.9581781107267546,1.9711204643997668,1.943941521686441,1.9530011692575497,14722741.0,222867472.0
2017-05-18,1.9284106972788264,1.9530011692575497,1.9167625789731155,1.9232337558096215,11443781.0,170910832.0
2017-05-19,1.9219395204423202,1.9555896399921522,1.9193510497077177,1.937470344849935,12477328.0,186744416.0
2017-05-22,1.9581781107267546,1.9957109363784902,1.9400588155845375,1.9478242277883449,25213068.0,383906112.0
2017-05-23,1.9517069338902484,1.9530011692575497,1.892172106994392,1.9284106972788264,16230132.0,240820000.0
2017-05-24,1.9025259899328018,1.9245279911769226,1.880523988688681,1.9077029314020069,13064258.0,191901744.0
2017-05-25,1.908997166769308,1.9866512888073815,1.9025259899328018,1.9724146997670682,23622948.0,355829056.0
2017-05-26,1.967237758297863,1.9866512888073815,1.9620608168286584,1.9698262290324657,15536741.0,236800528.0
2017-05-31,1.9737089351343693,2.000887877847695,1.9491184631556462,1.9542954046248509,16622487.0,253239104.0
2017-06-01,1.9530011692575497,1.9530011692575497,1.9128798728712115,1.9154683436058142,16275434.0,243059264.0
2017-06-02,1.9154683436058142,1.9478242277883449,1.9051144606674044,1.9413530509518386,11661678.0,173686704.0
2017-06-05,1.9400588155845375,1.9620608168286584,1.937470344849935,1.9530011692575497,11339810.0,171007008.0
2017-06-06,1.9530011692575497,1.967237758297863,1.9387645802172362,1.965943522930562,11384252.0,171804944.0
2017-06-07,1.9685319936651646,2.0138302315207075,1.9581781107267546,2.0073590546842013,23205406.0,357230304.0
2017-06-08,2.000887877847695,2.012535996153406,1.9801801119708755,2.0060648193169,15513889.0,239138320.0
2017-06-09,2.0267725851937195,2.0332437620302257,1.9970051717457913,2.0151244668880084,20370282.0,316678304.0
2017-06-12,2.028066820561021,2.029361055928322,1.9775916412362728,1.9814743473381768,17883214.0,277108288.0
2017-06-13,1.9698262290324657,2.0668938815800577,1.9698262290324657,2.052657292539744,36928976.0,581206912.0
2017-06-14,2.0384207034994306,2.046186115703238,2.0190071729899124,2.042303409601334,18550168.0,291384704.0
2017-06-15,2.0332437620302257,2.051363057172443,2.022889879091816,2.041009174234033,15203108.0,239311760.0
2017-06-16,2.0319495266629244,2.05912846937625,2.011241760786105,2.028066820561021,20937664.0,328655200.0
2017-06-19,2.0190071729899124,2.0500688218051417,2.012535996153406,2.047480351070539,18644320.0,293158336.0
2017-06-20,2.056539998641648,2.0604227047435515,2.0319495266629244,2.0384207034994306,18479960.0,291514304.0
2017-06-21,2.042303409601334,2.042303409601334,2.012535996153406,2.029361055928322,15602844.0,244346880.0
2017-06-22,2.0358322327648284,2.0772477645184675,2.0319495266629244,2.034537997397527,35370080.0,561513920.0
2017-06-23,2.028066820561021,2.092778588926082,2.0241841144591173,2.0901901181914795,29191506.0,463679840.0
2017-06-26,2.099249765762588,2.1290171792105164,2.081130470620371,2.1277229438432155,33449992.0,545064576.0
2017-06-27,2.119957531639408,2.1328998853124204,2.0888958828241786,2.1238402377413115,28383904.0,462808096.0
2017-06-28,2.1173690609048053,2.1794923585352644,2.1134863548029017,2.156196121923842,41174448.0,684575872.0
2017-06-29,2.1781981231679626,2.2105540073504932,2.1626672987603484,2.1743154170660595,40623868.0,685917504.0
2017-06-30,2.1678442402295532,2.202788595146686,2.158784592658445,2.1820808292698666,25517856.0,430312352.0
2017-07-03,2.1743154170660595,2.192434712208277,2.1432537682508297,2.191140476840975,28301022.0,473879488.0
2017-07-04,2.1704327109641555,2.1794923585352644,2.125134473108613,2.1328998853124204,30525636.0,506631936.0
2017-07-05,2.1328998853124204,2.191140476840975,2.1290171792105164,2.188552006106373,31917336.0,534605856.0
2017-07-06,2.1704327109641555,2.2234963610235057,2.161373063393047,2.20667130124859,36110604.0,611040384.0
2017-07-07,2.189846241473674,2.2856196586539648,2.1820808292698666,2.2765600110828563,47888168.0,828645888.0
2017-07-10,2.264911892777145,2.3192697782037968,2.239027185431121,2.24938106836953,53319660.0,936912192.0
2017-07-11,2.2403214207984217,2.250675303736832,2.189846241473674,2.202788595146686,36412976.0,623194560.0
2017-07-12,2.411429009764316,2.431299525442186,2.358914075472804,2.429880202893767,32287264.0,545228736.0
2017-07-13,2.4128483323127354,2.5207168459925993,2.4128483323127354,2.448331396023217,68026576.0,1181555712.0
2017-07-14,2.428460880345347,2.4554280087653133,2.3972357842801237,2.428460880345347,28207596.0,482218976.0
2017-07-17,2.431299525442186,2.488072427378956,2.313495753923388,2.4327188479906052,57079520.0,976296192.0
2017-07-18,2.427041557796928,2.547683974412565,2.4227835901516706,2.532071426379953,78608040.0,1386025984.0
2017-07-19,2.5235554910894376,2.668326391028202,2.509362265605245,2.6669070684797824,108180424.0,1999987072.0
2017-07-20,2.6399399400598167,2.6654877459313635,2.604456876349335,2.6328433273177203,59211120.0,1096770816.0
2017-07-21,2.625746714575624,2.65271384299559,2.588844328316723,2.6385206175113973,54008536.0,996955584.0
2017-07-24,2.6243273920272046,2.681100293963975,2.566135167542015,2.5689738126388537,55448888.0,1018049728.0
2017-07-25,2.560457877348338,2.668326391028202,2.5576192322514997,2.6626491008345248,78882536.0,1457111680.0
2017-07-26,2.8230325488059007,2.9294817399373447,2.760582356675453,2.8556769674195435,192262880.0,3857005568.0
2017-07-27,2.808839323321708,2.852838322322705,2.693874196899748,2.784710839998581,112226720.0,2199478528.0
2017-07-28,2.74780845373968,2.8159359360638043,2.7123253900291986,2.781872194901742,75554288.0,1468685824.0
2017-07-31,2.784710839998581,2.952190900712053,2.784710839998581,2.942255642873118,112214704.0,2263843072.0
2017-08-01,2.8783861281942515,2.920965804646829,2.813097290966966,2.825871193902739,80387056.0,1626916224.0
2017-08-02,2.8201939037090624,2.923804449743668,2.7690982919659692,2.784710839998581,89219872.0,1783860096.0
2017-08-03,2.788968807643838,2.8670315478068975,2.7506470988365184,2.797484742934354,68084336.0,1348603520.0
2017-08-04,2.8003233880311926,2.915288514453152,2.774775582159646,2.781872194901742,83334384.0,1674549888.0
2017-08-07,2.7449698086428413,2.831548484096416,2.6569718106408473,2.827290516451159,84440112.0,1628454272.0
2017-08-08,2.845741709580609,2.923804449743668,2.8003233880311926,2.808839323321708,89986224.0,1815512064.0
2017-08-09,2.852838322322705,2.9096112242594754,2.770517614514388,2.9081919017110556,84277680.0,1691790848.0
2017-08-10,2.845741709580609,2.871289515452155,2.7733562596112264,2.783291517450161,69748064.0,1384583424.0
2017-08-11,2.695293519448167,2.7180026802228756,2.505104297959987,2.5207168459925993,101582320.0,1861683584.0
2017-08-14,2.5292327812831146,2.5760704253809497,2.498007685217891,2.5491032969609844,41910244.0,750435008.0
2017-08-15,2.536329394025211,2.566135167542015,2.509362265605245,2.5263941361862763,35815896.0,639072000.0
2017-08-16,2.527813458734695,2.5391680391220492,2.459685976410571,2.513620233250503,41059944.0,722361088.0
2017-08-17,2.611553489091431,2.6356819724145586,2.559038554799919,2.570393135187273,66668600.0,1218164736.0
2017-08-18,2.5207168459925993,2.5462646518641456,2.49942700776631,2.542006684218888,28975930.0,514931488.0
2017-08-21,2.5349100714767916,2.6172307792851086,2.5235554910894376,2.607295521446174,44592784.0,810287104.0
2017-08-22,2.608714843994593,2.6612297782861054,2.584586360671466,2.648455875350332,48436432.0,894896064.0
2017-08-23,2.5959409410588195,2.604456876349335,2.5405873616704686,2.5505226195094033,38791824.0,702261760.0
2017-08-24,2.5632965224451767,2.583167038123046,2.5405873616704686,2.5505226195094033,24027912.0,433504288.0
2017-08-25,2.5987795861556577,2.6626491008345248,2.587425005768304,2.630004682220882,60258640.0,1114337152.0
2017-08-28,2.604456876349335,2.7080674223839405,2.5945216185104005,2.705228777287102,62841652.0,1176097536.0
2017-08-29,2.7180026802228756,2.803162033128031,2.6981321645450063,2.7236799704165526,69848176.0,1356671360.0
2017-08-30,2.737873195900745,2.780452872353323,2.7080674223839405,2.7520664213849377,51215168.0,993126080.0
2017-08-31,2.74780845373968,2.803162033128031,2.7350345508039067,2.7733562596112264,49778968.0,974435712.0
2017-09-01,2.784710839998581,2.845741709580609,2.743550486094422,2.8159359360638043,69344648.0,1366412160.0
2017-09-04,2.874128160548994,3.008963802648823,2.845741709580609,2.9067725791626366,95102808.0,1961292544.0
2017-09-05,2.9096112242594754,2.963545481099407,2.8414837419353507,2.953610223260472,79793064.0,1638356864.0
2017-09-06,2.8783861281942515,2.9124498693563137,2.849999677225866,2.868450870355317,66387308.0,1347862016.0
2017-09-07,2.8840634183879286,2.9110305468078947,2.760582356675453,2.7634210017722918,67310408.0,1342343296.0
2017-09-08,2.774775582159646,2.8102586458701273,2.7109060674807797,2.743550486094422,53366200.0,1041250560.0
2017-09-11,2.696712841996587,2.7989040654827733,2.6796809714155554,2.7960654203859345,71606760.0,1383394688.0
2017-09-12,2.783291517450161,2.8216132262574813,2.7392925184491648,2.7492277762880994,57128136.0,1119555840.0
2017-09-13,2.7392925184491648,2.7520664213849377,2.692454874351329,2.7222606478681333,45212888.0,865691840.0
2017-09-14,2.7023901321902635,2.737873195900745,2.6626491008345248,2.7123253900291986,56022292.0,1063479872.0
2017-09-15,2.6981321645450063,2.7023901321902635,2.6229080694787856,2.6271660371240433,45138988.0,843606464.0
2017-09-18,2.6229080694787856,2.668326391028202,2.6229080694787856,2.6626491008345248,34442632.0,643087488.0
2017-09-19,2.6640684233829437,2.6796809714155554,2.6214887469303663,2.630004682220882,30755966.0,574456640.0
2017-09-20,2.6214887469303663,2.6896162292544905,2.6129728116398505,2.6867775841576518,42401256.0,794592384.0
2017-09-21,2.654133165544009,2.6626491008345248,2.6001989087040775,2.604456876349335,33557136.0,622922368.0
2017-09-22,2.5803283930262078,2.605876198897754,2.53774871657363,2.5803283930262078,28480616.0,515680000.0
2017-09-25,2.584586360671466,2.6001989087040775,2.542006684218888,2.5618771998967573,20106684.0,364548128.0
2017-09-26,2.5689738126388537,2.620069424381947,2.5689738126388537,2.5945216185104005,27183598.0,496705408.0
2017-09-27,2.5774897479293695,2.611553489091431,2.570393135187273,2.6101341665430122,20221160.0,370389952.0
2017-09-28,2.6101341665430122,2.6214887469303663,2.5916829734135622,2.603037553800916,22608090.0,414687968.0
2017-09-29,2.6512945204471707,2.658391133189267,2.6001989087040775,2.620069424381947,48298428.0,894828032.0
2017-10-09,2.668326391028202,2.6782616488671365,2.6214887469303663,2.6229080694787856,30633066.0,569697024.0
2017-10-10,2.6328433273177203,2.6399399400598167,2.560457877348338,2.588844328316723,30524288.0,555460032.0
2017-10-11,2.588844328316723,2.5945216185104005,2.5561999097030808,2.5632965224451767,24311814.0,440608640.0
2017-10-12,2.5803283930262078,2.604456876349335,2.5263941361862763,2.6016182312524965,38142792.0,689309184.0
2017-10-13,2.607295521446174,2.620069424381947,2.5774897479293695,2.607295521446174,25844240.0,473634848.0
2017-10-16,2.5959409410588195,2.781872194901742,2.566135167542015,2.737873195900745,93664248.0,1772124288.0
2017-10-17,2.696712841996587,2.7279379380618103,2.6512945204471707,2.659810455737686,54863264.0,1042240640.0
2017-10-18,2.6399399400598167,2.675423003770298,2.583167038123046,2.5945216185104005,33779840.0,626404928.0
2017-10-19,2.5746511028325307,2.6001989087040775,2.547683974412565,2.5533612646062416,26553332.0,479733760.0
2017-10-20,2.5533612646062416,2.611553489091431,2.5448453293157263,2.5959409410588195,20167464.0,367845088.0
2017-10-23,2.5902636508651424,2.5916829734135622,2.559038554799919,2.570393135187273,14903793.0,270324352.0
2017-10-24,2.5902636508651424,2.6470365528019126,2.587425005768304,2.625746714575624,34654780.0,641778432.0
2017-10-25,2.611553489091431,2.6342626498661392,2.584586360671466,2.6129728116398505,22783882.0,418358432.0
2017-10-26,2.6143921341882703,2.6640684233829437,2.608714843994593,2.6456172302534937,30951332.0,576914368.0
2017-10-27,2.6512945204471707,2.6555524880924284,2.5732317802841114,2.581747715574627,30976380.0,568269568.0
2017-10-30,2.554780587154661,2.564715844993596,2.4625246215074097,2.488072427378956,33713364.0,594979264.0
2017-10-31,2.4838144597336984,2.515039555798922,2.4554280087653133,2.503684975411568,21561636.0,377464320.0
2017-11-01,2.5391680391220492,2.5505226195094033,2.49942700776631,2.51787820089576,22513664.0,400334112.0
2017-11-02,2.51787820089576,2.5235554910894376,2.4724598793463444,2.4738792018947637,15297781.0,269247008.0
2017-11-03,2.475298524443183,2.488072427378956,2.401493751925382,2.4128483323127354,23310278.0,399878080.0
2017-11-06,2.4142676548611552,2.4667825891526673,2.3972357842801237,2.4611052989589903,17596550.0,302224032.0
2017-11-07,2.4625246215074097,2.5022656528631484,2.4554280087653133,2.482395137185279,16245781.0,283802592.0
2017-11-08,2.454008686216894,2.4781371695400214,2.4369768156358633,2.4497507185716363,16036565.0,277547424.0
2017-11-09,2.451170041120055,2.4852337822821178,2.4469120734747976,2.4582666538621516,11605379.0,201321264.0
2017-11-10,2.4625246215074097,2.4639439440558286,2.4185256225064125,2.4242029127000895,18721764.0,320726400.0
2017-11-13,2.415686977409574,2.4667825891526673,2.4142676548611552,2.465363266604248,16805500.0,288931712.0
2017-11-14,2.475298524443183,2.5022656528631484,2.4667825891526673,2.4781371695400214,22956788.0,402021984.0
2017-11-15,2.427041557796928,2.4369768156358633,2.3915584940864467,2.3943971391832855,28062904.0,476426560.0
2017-11-16,2.3958164617317044,2.410009687215897,2.3560754303759657,2.358914075472804,15955165.0,268129200.0
2017-11-17,2.358914075472804,2.3688493333117386,2.2822706578581635,2.293625238245518,25030230.0,407946912.0
2017-11-20,2.293625238245518,2.3234310117623225,2.2567228519866176,2.319173044117065,16819128.0,272110432.0
2017-11-21,2.3234310117623225,2.336204914698096,2.307818463729711,2.326269656859161,16445928.0,269045984.0
2017-11-22,2.3702686558601576,2.392977816634866,2.3518174627307076,2.377365268602254,21230028.0,354522752.0
2017-11-23,2.3986551068285427,2.49942700776631,2.3858812038927697,2.4142676548611552,47080592.0,813174528.0
2017-11-24,2.415686977409574,2.4894917499273754,2.3943971391832855,2.465363266604248,26812108.0,463158208.0
2017-11-27,2.488072427378956,2.516458878347341,2.427041557796928,2.4383961381842822,34042996.0,596354624.0
2017-11-28,2.4171062999579935,2.490911072475795,2.4171062999579935,2.48097581463686,28131704.0,487680256.0
2017-11-29,2.4639439440558286,2.6569718106408473,2.4639439440558286,2.6101341665430122,79181880.0,1449315328.0
2017-11-30,2.6186501018335275,2.668326391028202,2.5916829734135622,2.6172307792851086,39255224.0,726297792.0
2017-12-01,2.608714843994593,2.658391133189267,2.554780587154661,2.6186501018335275,32520816.0,595190848.0
2017-12-04,2.6399399400598167,2.725099292964972,2.6186501018335275,2.6441979077050743,49048212.0,925124736.0
2017-12-05,2.6271660371240433,2.631424004769301,2.49942700776631,2.5306521038315335,38318744.0,689771200.0
2017-12-06,2.4554280087653133,2.4611052989589903,2.3958164617317044,2.448331396023217,40386856.0,690623104.0
2017-12-07,2.4383961381842822,2.4611052989589903,2.377365268602254,2.388719848989608,27744288.0,472562656.0
2017-12-08,2.377365268602254,2.4185256225064125,2.3702686558601576,2.408590364667478,20311428.0,343642208.0
2017-12-11,2.3972357842801237,2.4383961381842822,2.3844618813443503,2.4369768156358633,19808152.0,336499712.0
2017-12-12,2.4454927509263786,2.4781371695400214,2.4142676548611552,2.415686977409574,21448738.0,369946656.0
2017-12-13,2.3972357842801237,2.4412347832811205,2.392977816634866,2.4369768156358633,18016808.0,306417152.0
2017-12-14,2.448331396023217,2.459685976410571,2.3972357842801237,2.408590364667478,16131107.0,275752576.0
2017-12-15,2.4242029127000895,2.4497507185716363,2.3915584940864467,2.4369768156358633,16149384.0,275392672.0
2017-12-18,2.4639439440558286,2.5122009107020835,2.454008686216894,2.5107815881536646,30484934.0,533379456.0
2017-12-19,2.5107815881536646,2.5292327812831146,2.4866531048305367,2.5065236205084065,20883580.0,368656896.0
2017-12-20,2.49942700776631,2.51787820089576,2.4398154607327016,2.4568473313137322,22914104.0,399672032.0
2017-12-21,2.498007685217891,2.560457877348338,2.490911072475795,2.547683974412565,40422688.0,720039168.0
2017-12-22,2.5533612646062416,2.5803283930262078,2.5235554910894376,2.5561999097030808,27463496.0,493976512.0
2017-12-25,2.611553489091431,2.6328433273177203,2.564715844993596,2.578909070477789,32983342.0,604537792.0
2017-12-26,2.554780587154661,2.705228777287102,2.5434260067673073,2.6782616488671365,52596872.0,976724224.0
2017-12-27,2.6896162292544905,2.7392925184491648,2.6640684233829437,2.676842326318717,56925568.0,1084583040.0
2017-12-28,2.7180026802228756,2.9096112242594754,2.7180026802228756,2.8570962899679624,96170696.0,1899774976.0
2017-12-29,2.8727088380005745,2.8982566438721213,2.831548484096416,2.86277358016164,51692472.0,1043164992.0
2018-01-02,2.874128160548994,2.93941699777628,2.852838322322705,2.915288514453152,62784076.0,1277823232.0
2018-01-03,2.869870192903736,2.9124498693563137,2.852838322322705,2.8783861281942515,53711512.0,1090306048.0
2018-01-04,2.8386450968385124,2.959287513454149,2.807420000773289,2.952190900712053,73429280.0,1481029376.0
2018-01-05,2.9096112242594754,2.9223851271952483,2.8386450968385124,2.859934935064801,55653108.0,1131247616.0
2018-01-08,2.8187745811606426,3.008963802648823,2.8116779684185462,2.9550295458088915,76940976.0,1585487488.0
2018-01-09,2.93799767522786,2.9819966742288577,2.913869191904733,2.9791580291320185,41835648.0,868452736.0
2018-01-10,2.9465136105183762,3.051543479101401,2.9096112242594754,2.9323203850341835,65337544.0,1369345152.0
2018-01-11,2.93799767522786,2.990512609519373,2.837225774290093,2.891160031130025,50814616.0,1035905280.0
2018-01-12,2.8670315478068975,2.8812247732910903,2.8244518713543196,2.852838322322705,44725800.0,897469248.0
2018-01-15,2.869870192903736,2.913869191904733,2.803162033128031,2.8854827409363475,59741724.0,1206917760.0
2018-01-16,2.8556769674195435,2.868450870355317,2.7761949047080647,2.8045813556764503,51701888.0,1026507776.0
2018-01-17,2.76625964686913,2.7676789694175494,2.692454874351329,2.7208413253197143,50988088.0,979751168.0
2018-01-18,2.7307765831586486,2.756324389030196,2.7123253900291986,2.7350345508039067,29643452.0,572076864.0
2018-01-19,2.7492277762880994,2.7733562596112264,2.7066480998355216,2.770517614514388,36924612.0,713076736.0
2018-01-22,2.7534857439333567,2.8116779684185462,2.7392925184491648,2.808839323321708,41637768.0,815918272.0
2018-01-23,2.7989040654827733,2.831548484096416,2.770517614514388,2.814516613515385,41473288.0,820112768.0
2018-01-24,2.760582356675453,2.762001679223873,2.674003681221879,2.70948674493236,79885720.0,1527009792.0
2018-01-25,2.781872194901742,2.896837321323702,2.781872194901742,2.876966805645832,92608168.0,1848631936.0
2018-01-26,2.814516613515385,2.8641929027100588,2.8116779684185462,2.8570962899679624,43072828.0,860433472.0
2018-01-29,2.9039339340657984,2.963545481099407,2.8656122252584786,2.892579353678444,63379504.0,1305326592.0
2018-01-30,2.871289515452155,3.007544480100404,2.868450870355317,2.8939986762268637,70487744.0,1457766656.0
2018-01-31,2.825871193902739,2.9493522556152145,2.770517614514388,2.943674965421537,61767756.0,1239743744.0
2018-02-01,2.959287513454149,2.9706420938415032,2.764840324320711,2.7761949047080647,67229280.0,1363886080.0
2018-02-02,2.7080674223839405,3.054382124198239,2.696712841996587,3.054382124198239,88648864.0,1821030656.0
2018-02-05,2.991931932067792,3.1934757339433264,2.9819966742288577,3.142380122200233,122794312.0,2678844160.0
2018-02-06,3.0941231555539788,3.245990668234839,3.054382124198239,3.069994672230851,116138176.0,2568050688.0
2018-02-07,3.169347250620199,3.203410991782261,2.913869191904733,2.93941699777628,115124344.0,2507359232.0
2018-02-08,2.8244518713543196,2.854257644871124,2.7066480998355216,2.759163034127034,85943360.0,1685922176.0
2018-02-09,2.6456172302534937,2.675423003770298,2.4838144597336984,2.4838144597336984,95820992.0,1709655680.0
2018-02-12,2.490911072475795,2.536329394025211,2.4242029127000895,2.516458878347341,55435676.0,972649088.0
2018-02-13,2.5505226195094033,2.6016182312524965,2.5292327812831146,2.5675544900904343,53989248.0,975150656.0
2018-02-14,2.607295521446174,2.611553489091431,2.5618771998967573,2.583167038123046,42624608.0,777155904.0
2018-02-22,2.611553489091431,2.674003681221879,2.583167038123046,2.6498751978987514,59945876.0,1111203968.0
2018-02-23,2.681100293963975,2.693874196899748,2.608714843994593,2.6697457135766207,44213776.0,825348288.0
2018-02-26,2.672584358673459,2.74780845373968,2.625746714575624,2.7265186155133914,58023732.0,1099464192.0
2018-02-27,2.7222606478681333,2.7222606478681333,2.628585359672462,2.6356819724145586,51618544.0,968076416.0
2018-02-28,2.583167038123046,2.6612297782861054,2.5576192322514997,2.6158114567366892,41561080.0,761427008.0
2018-03-01,2.578909070477789,2.6186501018335275,2.5618771998967573,2.6001989087040775,35632160.0,650395456.0
2018-03-02,2.570393135187273,2.620069424381947,2.5632965224451767,2.5803283930262078,32826696.0,598942208.0
2018-03-05,2.5774897479293695,2.6158114567366892,2.5434260067673073,2.5519419420578227,30393900.0,551873152.0
2018-03-06,2.570393135187273,2.654133165544009,2.532071426379953,2.642778585156655,63213624.0,1158762112.0
2018-03-07,2.6186501018335275,2.6328433273177203,2.5760704253809497,2.5803283930262078,40866168.0,749948672.0
2018-03-08,2.5803283930262078,2.637101294962978,2.570393135187273,2.603037553800916,38257252.0,702211968.0
2018-03-09,2.5774897479293695,2.597360263607239,2.5519419420578227,2.588844328316723,38988252.0,706314112.0
2018-03-12,2.6186501018335275,2.6456172302534937,2.6001989087040775,2.631424004769301,52526504.0,971099264.0
2018-03-13,2.6243273920272046,2.6243273920272046,2.5860056832198848,2.588844328316723,32442352.0,594981440.0
2018-03-14,2.588844328316723,2.648455875350332,2.5860056832198848,2.6271660371240433,49844868.0,922529280.0
2018-03-15,2.625746714575624,2.6342626498661392,2.5803283930262078,2.611553489091431,32448712.0,595788416.0
2018-03-16,2.587425005768304,2.5987795861556577,2.5448453293157263,2.5519419420578227,39250944.0,710658048.0
2018-03-19,2.5249748136378565,2.5391680391220492,2.4852337822821178,2.5122009107020835,30627116.0,541069184.0
2018-03-20,2.490911072475795,2.5349100714767916,2.471040556797925,2.522136168541018,21529630.0,380369824.0
2018-03-21,2.5022656528631484,2.53774871657363,2.4696212342495056,2.507942943056826,31567648.0,557058176.0
2018-03-22,2.527813458734695,2.53774871657363,2.4894917499273754,2.509362265605245,21756106.0,385265728.0
2018-03-23,2.4000744293769625,2.4838144597336984,2.3518174627307076,2.48097581463686,70679232.0,1196539392.0
2018-03-26,2.4185256225064125,2.459685976410571,2.4029130744738008,2.4497507185716363,19851940.0,340784384.0
2018-03-27,2.4838144597336984,2.493749717572633,2.4582666538621516,2.4795564920884403,22630228.0,394253792.0
2018-03-28,2.4412347832811205,2.4611052989589903,2.410009687215897,2.431299525442186,20403892.0,349270944.0
2018-03-29,2.431299525442186,2.482395137185279,2.408590364667478,2.4611052989589903,26972992.0,465839488.0
2018-03-30,2.4667825891526673,2.4724598793463444,2.444073428377959,2.454008686216894,16580036.0,286846944.0
2018-04-02,2.4497507185716363,2.509362265605245,2.4469120734747976,2.4781371695400214,25824524.0,451613696.0
2018-04-03,2.454008686216894,2.4625246215074097,2.4142676548611552,2.4327188479906052,18286620.0,313947264.0
2018-04-04,2.444073428377959,2.448331396023217,2.3986551068285427,2.401493751925382,20650730.0,352797792.0
2018-04-09,2.3915584940864467,2.4242029127000895,2.3688493333117386,2.3943971391832855,16523791.0,278533152.0
2018-04-10,2.4142676548611552,2.459685976410571,2.411429009764316,2.4554280087653133,26250490.0,450767456.0
2018-04-11,2.4923303950242137,2.5022656528631484,2.452589363668475,2.4625246215074097,25261968.0,439910016.0
2018-04-12,2.448331396023217,2.448331396023217,2.410009687215897,2.4142676548611552,22823352.0,389868544.0
2018-04-13,2.431299525442186,2.431299525442186,2.411429009764316,2.4185256225064125,10951476.0,186637840.0
2018-04-16,2.410009687215897,2.428460880345347,2.3844618813443503,2.419944945054832,16758611.0,284018912.0
2018-04-17,2.434138170539024,2.4554280087653133,2.392977816634866,2.3958164617317044,17690374.0,301904160.0
2018-04-18,2.4142676548611552,2.4242029127000895,2.339043559794934,2.4029130744738008,22053648.0,370255392.0
2018-04-19,2.448331396023217,2.482395137185279,2.434138170539024,2.4738792018947637,43079144.0,746428736.0
2018-04-20,2.4398154607327016,2.4568473313137322,2.392977816634866,2.448331396023217,30810972.0,526257728.0
2018-04-23,2.448331396023217,2.4696212342495056,2.4227835901516706,2.4667825891526673,22311772.0,385583872.0
2018-04-24,2.4454927509263786,2.5008463303147295,2.4369768156358633,2.48097581463686,40340732.0,703936000.0
2018-04-25,2.4696212342495056,2.4738792018947637,2.427041557796928,2.4355574930874435,22804808.0,392333536.0
2018-04-26,2.4383961381842822,2.4383961381842822,2.3858812038927697,2.419944945054832,21048176.0,357061440.0
2018-04-27,2.4185256225064125,2.452589363668475,2.392977816634866,2.4355574930874435,15833108.0,270398976.0
2018-05-02,2.405751719570639,2.425622235248509,2.4000744293769625,2.4142676548611552,11398702.0,193670000.0
2018-05-03,2.4142676548611552,2.4369768156358633,2.3958164617317044,2.427041557796928,13925804.0,237172064.0
2018-05-04,2.428460880345347,2.4454927509263786,2.419944945054832,2.425622235248509,13050931.0,223729376.0
2018-05-07,2.428460880345347,2.4667825891526673,2.419944945054832,2.459685976410571,22459036.0,388093856.0
2018-05-08,2.4582666538621516,2.493749717572633,2.452589363668475,2.4724598793463444,26981100.0,470258080.0
2018-05-09,2.4554280087653133,2.476717846991602,2.4497507185716363,2.4582666538621516,14260737.0,247171856.0
2018-05-10,2.4724598793463444,2.490911072475795,2.4582666538621516,2.476717846991602,19363132.0,337334944.0
2018-05-11,2.4923303950242137,2.5334907489283727,2.476717846991602,2.5107815881536646,44759288.0,789505600.0
2018-05-14,2.513620233250503,2.53774871657363,2.493749717572633,2.5249748136378565,28097664.0,497676992.0
2018-05-15,2.505104297959987,2.522136168541018,2.4781371695400214,2.515039555798922,20790568.0,365929536.0
2018-05-16,2.4838144597336984,2.5022656528631484,2.465363266604248,2.4682019117010867,17551688.0,307374784.0
2018-05-17,2.476717846991602,2.4866531048305367,2.4582666538621516,2.471040556797925,10232130.0,178137120.0
2018-05-18,2.471040556797925,2.532071426379953,2.448331396023217,2.527813458734695,33019924.0,582753280.0
2018-05-21,2.53774871657363,2.5519419420578227,2.496588362669472,2.522136168541018,32847580.0,582578560.0
2018-05-22,2.51787820089576,2.51929752344418,2.4795564920884403,2.509362265605245,19932160.0,350953280.0
2018-05-23,2.507942943056826,2.516458878347341,2.4611052989589903,2.4639439440558286,18383400.0,322054848.0
2018-05-24,2.4497507185716363,2.4582666538621516,2.4171062999579935,2.427041557796928,19583464.0,335634208.0
2018-05-25,2.431299525442186,2.4398154607327016,2.4128483323127354,2.4383961381842822,13465709.0,230247856.0
2018-05-28,2.431299525442186,2.4383961381842822,2.3972357842801237,2.408590364667478,12659196.0,215467552.0
2018-05-29,2.407171042119059,2.4383961381842822,2.405751719570639,2.429880202893767,13178362.0,224898000.0
2018-05-30,2.3986551068285427,2.3986551068285427,2.3021411735360333,2.3149150764718067,23015216.0,382706816.0
2018-05-31,2.331946947052838,2.3475594950854495,2.313495753923388,2.341882204891773,14237093.0,233953392.0
2018-06-01,2.3347855921496765,2.3617527205696422,2.3248503343107414,2.3333662696012576,11404435.0,188132560.0
2018-06-04,2.363172043118061,2.3688493333117386,2.336204914698096,2.341882204891773,10819107.0,178983280.0
2018-06-05,2.354656107827546,2.363172043118061,2.337624237246515,2.3617527205696422,10881750.0,180443440.0
2018-06-06,2.405751719570639,2.4639439440558286,2.405751719570639,2.44265410582954,34812828.0,597330560.0
2018-06-07,2.4838144597336984,2.505104297959987,2.4412347832811205,2.451170041120055,32919308.0,573521472.0
2018-06-08,2.4554280087653133,2.4838144597336984,2.405751719570639,2.429880202893767,27805496.0,478395680.0
2018-06-11,2.4454927509263786,2.476717846991602,2.4355574930874435,2.454008686216894,20306684.0,351121056.0
2018-06-12,2.429880202893767,2.444073428377959,2.3915584940864467,2.4227835901516706,19004882.0,324061984.0
2018-06-13,2.4171062999579935,2.428460880345347,2.3688493333117386,2.40433239702222,17681668.0,299072576.0
2018-06-14,2.388719848989608,2.431299525442186,2.3844618813443503,2.4142676548611552,14402701.0,244593264.0
2018-06-15,2.3958164617317044,2.4128483323127354,2.3433015274401923,2.408590364667478,22448920.0,376586912.0
2018-06-19,2.337624237246515,2.434138170539024,2.310657108826549,2.4128483323127354,70210432.0,1181081216.0
2018-06-20,2.3731073009569963,2.388719848989608,2.316334399020226,2.3660106882149003,14582992.0,241875280.0
2018-06-21,2.358914075472804,2.40433239702222,2.3333662696012576,2.336204914698096,15218289.0,253528000.0
2018-06-22,2.313495753923388,2.331946947052838,2.25104556179294,2.322011689213903,12695219.0,206000032.0
2018-06-25,2.340462882343353,2.3518174627307076,2.2822706578581635,2.2851093029550027,12791609.0,208940640.0
2018-06-26,2.2567228519866176,2.27091607747081,2.228336401018232,2.2581421745350365,13001822.0,206169152.0
2018-06-27,2.2553035294381982,2.273754722567648,2.221239788276136,2.2581421745350365,10042289.0,159154640.0
2018-06-28,2.239690981405586,2.259561497083456,2.221239788276136,2.2240784333729744,7981864.0,126225440.0
2018-06-29,2.221239788276136,2.2581421745350365,2.1914340147593316,2.249626239244521,11996299.0,188633984.0
2018-07-02,2.2467875941476825,2.25104556179294,2.1005973716604993,2.138919080467819,19693052.0,302010688.0
2018-07-03,2.1374997579193997,2.1460156932099155,2.076468888337372,2.1289838226288844,14877706.0,221839136.0
2018-07-04,2.1091133069510146,2.133241790274142,2.072210920692114,2.1204678873383687,12266925.0,182814624.0
2018-07-05,2.1005973716604993,2.153112305952012,2.0580176952079214,2.1516929834035925,25075120.0,373130688.0
2018-07-06,2.116209919693111,2.1431770481130767,2.0835655010794683,2.1176292422415304,10633523.0,158855696.0
2018-07-09,2.1304031451773033,2.164466886339366,2.1304031451773033,2.1602089186941082,9167320.0,138850848.0
2018-07-10,2.1602089186941082,2.1900146922109123,2.147435015758335,2.1701441765330425,9998932.0,152763472.0
2018-07-11,2.1147905971446916,2.1147905971446916,2.0693722755952755,2.082146178531049,15481028.0,228137088.0
2018-07-12,2.076468888337372,2.138919080467819,2.073630243240533,2.127564500080465,15303238.0,227529008.0
2018-07-13,2.1289838226288844,2.1431770481130767,2.1091133069510146,2.134661112822561,11834736.0,177326944.0
2018-07-16,2.1417577255646574,2.1417577255646574,2.1005973716604993,2.1204678873383687,7419677.0,110690104.0
2018-07-17,2.1190485647899493,2.1233065324352074,2.093500758918403,2.104855339305757,6924189.0,102606616.0
2018-07-18,2.1091133069510146,2.116209919693111,2.0892427912731453,2.0906621138215646,8055094.0,119288944.0
2018-07-19,2.1020166942089187,2.110532629499434,2.0793075334342106,2.0864041461763065,7414197.0,109369192.0
2018-07-20,2.072210920692114,2.1233065324352074,2.0693722755952755,2.1176292422415304,11304805.0,167620784.0
2018-07-23,2.1190485647899493,2.1843374020172353,2.1119519520478534,2.1814987569203965,18872802.0,286023360.0
2018-07-24,2.1715634990814623,2.2638194647287135,2.164466886339366,2.23259436866349,27299496.0,427677888.0
2018-07-25,2.5594344765304684,2.56593875728404,2.504148090125109,2.5350434237045745,18808046.0,292941056.0
2018-07-26,2.528539142951003,2.5594344765304684,2.4976438093715374,2.5122784410670738,11835387.0,183511424.0
2018-07-27,2.5008959497483234,2.5220348621974313,2.48788738824118,2.4895134584295726,7363197.0,113213520.0
2018-07-30,2.5155305814438598,2.548051985211718,2.496017739183144,2.505774160313502,12794408.0,198511968.0
2018-07-31,2.496017739183144,2.525287002574217,2.484635247864394,2.507400230501895,9210598.0,141958384.0
2018-08-01,2.523660932385824,2.528539142951003,2.4700006161688575,2.4732527565456435,10418765.0,160561616.0
2018-08-02,2.4504877739081423,2.4504877739081423,2.348045352039388,2.4017056682563545,13941917.0,205254288.0
2018-08-03,2.390323176937604,2.4212185105170696,2.367558194300103,2.3724364048652817,10709534.0,157441920.0
2018-08-06,2.3594278433581386,2.3805667558072465,2.3041414569527787,2.3090196675179575,11327155.0,162717840.0
2018-08-07,2.3155239482715295,2.439105282589392,2.302515386764386,2.411462089386712,19614048.0,286429920.0
2018-08-08,2.390323176937604,2.4212185105170696,2.3821928259956393,2.3838188961840325,10352624.0,152589072.0
2018-08-09,2.3789406856188537,2.4439834931545708,2.369184264488496,2.4326010018358204,16152730.0,240560176.0
2018-08-10,2.4212185105170696,2.435853142212606,2.4049578086331405,2.4260967210822484,8795627.0,130964560.0
2018-08-13,2.398453527879569,2.4049578086331405,2.3578017731697454,2.3919492471259973,12329100.0,180707520.0
2018-08-14,2.388697106749211,2.4244706508938556,2.3724364048652817,2.422844580705463,12552009.0,185288848.0
2018-08-15,2.4049578086331405,2.4065838788215337,2.351297492416174,2.352923562604567,9829382.0,143540160.0
2018-08-16,2.297637176199207,2.3496714222277806,2.284628614692064,2.3155239482715295,10935526.0,155752272.0
2018-08-17,2.335036790532244,2.346419281850995,2.2878807550688496,2.2895068252572424,7696725.0,109292992.0
2018-08-20,2.2895068252572424,2.318776088648315,2.2764982637500992,2.3155239482715295,6696465.0,94704216.0
2018-08-21,2.3155239482715295,2.35454963279296,2.3138978780831367,2.3399150010974235,8920059.0,128232600.0
2018-08-22,2.3382889309090307,2.351297492416174,2.3204021588367083,2.3285325097786727,6245468.0,89652896.0
2018-08-23,2.3285325097786727,2.3447932116626022,2.3073935973295647,2.330158579967066,5629488.0,80430000.0
2018-08-24,2.3334107203438514,2.3399150010974235,2.305767527141172,2.323654299213494,5888951.0,84100664.0
2018-08-27,2.3399150010974235,2.370810334676889,2.335036790532244,2.367558194300103,9054708.0,131224280.0
2018-08-28,2.3740624750536745,2.4082099490099265,2.3594278433581386,2.390323176937604,12538708.0,183837264.0
2018-08-29,2.388697106749211,2.4049578086331405,2.370810334676889,2.3773146154304605,8724602.0,127978800.0
2018-08-30,2.367558194300103,2.3919492471259973,2.3285325097786727,2.3366628607206374,9185904.0,132829912.0
2018-08-31,2.3285325097786727,2.3594278433581386,2.3106457377063507,2.3594278433581386,6858420.0,98346456.0
2018-09-03,2.348045352039388,2.348045352039388,2.294385035822421,2.3204021588367083,7722968.0,109851272.0
2018-09-04,2.3204021588367083,2.3415410712858162,2.3106457377063507,2.3285325097786727,6236963.0,89318312.0
2018-09-05,2.3138978780831367,2.3204021588367083,2.297637176199207,2.297637176199207,6027662.0,85533672.0
2018-09-06,2.302515386764386,2.3138978780831367,2.279750404126885,2.283002544503671,6721950.0,94907224.0
2018-09-07,2.283002544503671,2.3171500184599223,2.281376474315278,2.2895068252572424,6536372.0,92281176.0
2018-09-10,2.2878807550688496,2.294385035822421,2.2521072109242053,2.256985421489384,9067262.0,126261392.0
2018-09-11,2.256985421489384,2.2667418426197417,2.2423507897938473,2.255359351300991,4357944.0,60347580.0
2018-09-12,2.255359351300991,2.2699939829965277,2.2488550705474193,2.26023756186617,3728221.0,51824144.0
2018-09-13,2.2895068252572424,2.3041414569527787,2.2683679128081344,2.2878807550688496,7040486.0,98907208.0
2018-09-14,2.2927589656340284,2.3106457377063507,2.281376474315278,2.2878807550688496,5988681.0,84476832.0
2018-09-17,2.2667418426197417,2.2683679128081344,2.2472290003590265,2.250481140735812,5234006.0,72533736.0
2018-09-18,2.2439768599822405,2.286254684880457,2.2439768599822405,2.286254684880457,8749376.0,121931936.0
2018-09-19,2.300889316575993,2.3366628607206374,2.2992632463876004,2.3138978780831367,14949827.0,212980576.0
2018-09-20,2.3106457377063507,2.3415410712858162,2.305767527141172,2.3073935973295647,11665045.0,166548416.0
2018-09-21,2.3138978780831367,2.364306053923317,2.3090196675179575,2.3578017731697454,18687424.0,268789728.0
2018-09-25,2.35454963279296,2.3756885452420677,2.3382889309090307,2.352923562604567,11538771.0,166925392.0
2018-09-26,2.352923562604567,2.3805667558072465,2.3415410712858162,2.3496714222277806,15574814.0,226200496.0
2018-09-27,2.3561757029813526,2.36593212411171,2.335036790532244,2.3366628607206374,10939800.0,158237024.0
2018-09-28,2.32690643959028,2.3578017731697454,2.325280369401887,2.352923562604567,9620487.0,138907088.0
2018-10-08,2.330158579967066,2.3415410712858162,2.279750404126885,2.2927589656340284,12185952.0,173682064.0
2018-10-09,2.2895068252572424,2.335036790532244,2.2895068252572424,2.323654299213494,10215493.0,145456560.0
2018-10-10,2.3382889309090307,2.3854449663724253,2.3334107203438514,2.3561757029813526,15872901.0,230409664.0
2018-10-11,2.286254684880457,2.302515386764386,2.164299420750987,2.2000729648956314,21734608.0,300078848.0
2018-10-12,2.201699035084024,2.2309682984750974,2.139908367925093,2.214707596591168,12548121.0,169334256.0
2018-10-15,2.22121187734474,2.2228379475331326,2.161047280374201,2.1626733505625944,8883662.0,119151904.0
2018-10-16,2.167551561127773,2.185438333200095,2.0862480517081265,2.1041348237804485,10073215.0,132310896.0
2018-10-17,2.133404087171521,2.141534438113486,2.0895001920849126,2.117143385287592,6869004.0,89463656.0
2018-10-18,2.1138912449108065,2.1138912449108065,2.0407180864331247,2.050474507563482,9438789.0,120489056.0
2018-10-19,2.0423441566215175,2.0911262622733053,2.0195791739840163,2.0911262622733053,9006186.0,114148576.0
2018-10-22,2.100882683403663,2.2033251052724174,2.0846219815197338,2.169177631316166,18746284.0,248319232.0
2018-10-23,2.167551561127773,2.167551561127773,2.118769455475985,2.125273736229557,10281224.0,135474016.0
2018-10-24,2.1268998064179496,2.169177631316166,2.120395525664378,2.1626733505625944,11101603.0,146769552.0
2018-10-25,2.097630543026877,2.1545429996206296,2.0911262622733053,2.1464126486786648,9038363.0,117707920.0
2018-10-26,2.1594212101858083,2.190316543765274,2.1382822977367004,2.1464126486786648,11039130.0,146913280.0
2018-10-29,2.1431605083018788,2.1561690698090223,2.096004472838484,2.1138912449108065,8366775.0,109208048.0
2018-10-30,2.1138912449108065,2.161047280374201,2.1057608939688417,2.1496647890554508,8925607.0,117372280.0
2018-10-31,2.1496647890554508,2.2228379475331326,2.133404087171521,2.19356868414206,21024324.0,282594880.0
2018-11-01,2.190316543765274,2.2195858071563466,2.1708037015045587,2.188690473576881,17321720.0,233944496.0
2018-11-02,2.23259436866349,2.256985421489384,2.1951947543304526,2.255359351300991,25915628.0,354973344.0
2018-11-05,2.2407247196054545,2.2472290003590265,2.2033251052724174,2.226090087909918,14473321.0,198082592.0
2018-11-06,2.214707596591168,2.2244640177215254,2.19356868414206,2.216333666779561,9205910.0,125069576.0
2018-11-07,2.217959736967954,2.2521072109242053,2.1984468947072386,2.2033251052724174,16963716.0,232555776.0
2018-11-08,2.22121187734474,2.2277161580983114,2.1724297716929515,2.1821861928233095,10200897.0,138003760.0
2018-11-09,2.1724297716929515,2.187064403388488,2.161047280374201,2.161047280374201,7299785.0,97459424.0
2018-11-12,2.152916929432237,2.1951947543304526,2.148038718867058,2.1951947543304526,8679889.0,116264216.0
2018-11-13,2.1708037015045587,2.2309682984750974,2.16592549093938,2.2114554562143818,16011137.0,216575328.0
2018-11-14,2.20495117546081,2.226090087909918,2.188690473576881,2.191942613953667,12676292.0,172273936.0
2018-11-15,2.185438333200095,2.2309682984750974,2.185438333200095,2.2277161580983114,13170493.0,179456736.0
2018-11-16,2.2390986494170617,2.2407247196054545,2.217959736967954,2.226090087909918,14223146.0,195104464.0
2018-11-19,2.23259436866349,2.255359351300991,2.216333666779561,2.255359351300991,13962379.0,192024656.0
2018-11-20,2.234220438851883,2.283002544503671,2.22121187734474,2.2228379475331326,19117698.0,264308064.0
2018-11-21,2.187064403388488,2.217959736967954,2.1594212101858083,2.209829386025989,10650182.0,143499040.0
2018-11-22,2.2114554562143818,2.22121187734474,2.2000729648956314,2.216333666779561,7267181.0,98863208.0
2018-11-23,2.217959736967954,2.22121187734474,2.1301519467947356,2.1382822977367004,11349212.0,151019056.0
2018-11-26,2.1350301573599144,2.148038718867058,2.1138912449108065,2.1220215958527713,8132549.0,106628512.0
2018-11-27,2.1464126486786648,2.1496647890554508,2.1220215958527713,2.133404087171521,5226808.0,68676672.0
2018-11-28,2.125273736229557,2.16592549093938,2.1220215958527713,2.157795139997415,8414716.0,111359280.0
2018-11-29,2.19356868414206,2.214707596591168,2.1545429996206296,2.1545429996206296,13376284.0,180186288.0
2018-11-30,2.1561690698090223,2.1773079822581307,2.1464126486786648,2.1594212101858083,7611999.0,101262392.0
2018-12-03,2.2114554562143818,2.2358465090402757,2.1968208245188454,2.216333666779561,13219597.0,180014736.0
2018-12-04,2.209829386025989,2.2114554562143818,2.188690473576881,2.208203315837596,10667637.0,144261984.0
2018-12-05,2.1789340524465235,2.209829386025989,2.1626733505625944,2.187064403388488,10631536.0,142928352.0
2018-12-06,2.1724297716929515,2.1838122630117023,2.157795139997415,2.1594212101858083,7650840.0,101948448.0
2018-12-07,2.169177631316166,2.1740558418813447,2.152916929432237,2.161047280374201,3995952.0,53091332.0
2018-12-10,2.152916929432237,2.16592549093938,2.141534438113486,2.1545429996206296,5704522.0,75550592.0
2018-12-11,2.1561690698090223,2.1740558418813447,2.1496647890554508,2.1626733505625944,4602225.0,61175072.0
2018-12-12,2.1708037015045587,2.1756819120697375,2.157795139997415,2.1594212101858083,3559487.0,47423992.0
2018-12-13,2.164299420750987,2.1984468947072386,2.144786578490272,2.190316543765274,9283191.0,124461008.0
2018-12-14,2.1838122630117023,2.188690473576881,2.1464126486786648,2.152916929432237,7407247.0,99015432.0
2018-12-17,2.1512908592438436,2.164299420750987,2.1464126486786648,2.161047280374201,4512804.0,59824424.0
2018-12-18,2.1773079822581307,2.1773079822581307,2.1350301573599144,2.148038718867058,5205124.0,68889096.0
2018-12-19,2.136656227548307,2.1626733505625944,2.133404087171521,2.1496647890554508,6054368.0,79958680.0
2018-12-20,2.141534438113486,2.1512908592438436,2.1220215958527713,2.1350301573599144,4633670.0,60916748.0
2018-12-21,2.1350301573599144,2.1382822977367004,2.1090130343456277,2.125273736229557,4763344.0,62204560.0
2018-12-24,2.123647666041164,2.141534438113486,2.1090130343456277,2.117143385287592,3663601.0,47766544.0
2018-12-25,2.097630543026877,2.117143385287592,2.0667352094474114,2.1106391045340205,7007869.0,90109352.0
2018-12-26,2.1041348237804485,2.1464126486786648,2.1041348237804485,2.1431605083018788,7751218.0,101459288.0
2018-12-27,2.161047280374201,2.16592549093938,2.123647666041164,2.125273736229557,5571953.0,73459808.0
2018-12-28,2.1382822977367004,2.1496647890554508,2.1268998064179496,2.139908367925093,4141430.0,54454092.0
2019-01-02,2.1382822977367004,2.139908367925093,2.1057608939688417,2.1122651747224133,4432680.0,57651396.0
2019-01-03,2.1122651747224133,2.123647666041164,2.097630543026877,2.1090130343456277,4994526.0,64814964.0
2019-01-04,2.0862480517081265,2.148038718867058,2.0813698411429478,2.1431605083018788,9018656.0,117718720.0
2019-01-07,2.1594212101858083,2.22121187734474,2.1496647890554508,2.201699035084024,16238256.0,218618032.0
2019-01-08,2.1951947543304526,2.2000729648956314,2.1740558418813447,2.1756819120697375,5851160.0,78492288.0
2019-01-09,2.185438333200095,2.208203315837596,2.1724297716929515,2.1756819120697375,8896055.0,119894584.0
2019-01-10,2.1724297716929515,2.187064403388488,2.16592549093938,2.1708037015045587,5579120.0,74665544.0
2019-01-11,2.1773079822581307,2.19356868414206,2.1708037015045587,2.188690473576881,5852534.0,78632344.0
2019-01-14,2.1789340524465235,2.2033251052724174,2.1708037015045587,2.1756819120697375,6316626.0,84973104.0
2019-01-15,2.1756819120697375,2.191942613953667,2.1626733505625944,2.1838122630117023,8649430.0,115729544.0
2019-01-16,2.1821861928233095,2.190316543765274,2.1724297716929515,2.187064403388488,5073296.0,68053544.0
2019-01-17,2.185438333200095,2.2065772456492034,2.169177631316166,2.1789340524465235,9516719.0,128006344.0
2019-01-18,2.1805601226349163,2.216333666779561,2.1756819120697375,2.213081526402775,15274094.0,207318784.0
2019-01-21,2.226090087909918,2.23259436866349,2.1951947543304526,2.2033251052724174,11284642.0,153519584.0
2019-01-22,2.1951947543304526,2.1951947543304526,2.1594212101858083,2.1594212101858083,9217593.0,123277112.0
2019-01-23,2.1594212101858083,2.1594212101858083,2.133404087171521,2.1382822977367004,9153465.0,120641184.0
2019-01-24,2.139908367925093,2.148038718867058,2.117143385287592,2.136656227548307,10742513.0,140766880.0
2019-01-25,2.1431605083018788,2.144786578490272,2.128525876606343,2.128525876606343,6896165.0,90659560.0
2019-01-28,2.1512908592438436,2.1545429996206296,2.1268998064179496,2.1350301573599144,8715776.0,114787424.0
2019-01-29,2.1301519467947356,2.133404087171521,2.0943784026500913,2.1122651747224133,8746845.0,113593808.0
2019-01-30,2.117143385287592,2.1301519467947356,2.100882683403663,2.1138912449108065,4851812.0,63271832.0
2019-01-31,2.136656227548307,2.187064403388488,2.136656227548307,2.157795139997415,16949836.0,225299328.0
2019-02-01,2.16592549093938,2.188690473576881,2.1464126486786648,2.185438333200095,12580988.0,168027856.0
2019-02-11,2.185438333200095,2.2114554562143818,2.1773079822581307,2.2114554562143818,15741248.0,212666704.0
2019-02-12,2.201699035084024,2.226090087909918,2.19356868414206,2.213081526402775,15581525.0,211637536.0
2019-02-13,2.213081526402775,2.279750404126885,2.208203315837596,2.255359351300991,25540376.0,352277952.0
2019-02-14,2.2521072109242053,2.283002544503671,2.237472579228669,2.253733281112598,15553396.0,216138080.0
2019-02-15,2.250481140735812,2.2651157724313484,2.22121187734474,2.2309682984750974,13906419.0,191909552.0
2019-02-18,2.26023756186617,2.300889316575993,2.2407247196054545,2.2992632463876004,24124048.0,337272160.0
2019-02-19,2.302515386764386,2.3285325097786727,2.2683679128081344,2.283002544503671,23979716.0,338692864.0
2019-02-20,2.325280369401887,2.398453527879569,2.325280369401887,2.343167141474209,33896304.0,492089984.0
2019-02-21,2.370810334676889,2.387071036560818,2.32690643959028,2.3366628607206374,29071600.0,422102368.0
2019-02-22,2.323654299213494,2.3740624750536745,2.296011106010814,2.369184264488496,22537892.0,323285856.0
2019-02-25,2.4260967210822484,2.6065905119938635,2.411462089386712,2.6065905119938635,71324208.0,1109660288.0
2019-02-26,2.6114687225590423,2.761067179891192,2.5610605467188616,2.635859775384936,73427312.0,1206463616.0
2019-02-27,2.6098426523706495,2.655372617645651,2.5366694938929677,2.5691908976608264,44376720.0,709460032.0
2019-02-28,2.5821994591679696,2.596834090863506,2.507400230501895,2.528539142951003,27992068.0,437877568.0
2019-03-01,2.5431737746465393,2.55455626596529,2.5008959497483234,2.551304125588504,23540528.0,366021696.0
2019-03-04,2.5773212486027908,2.6277294244429714,2.5610605467188616,2.5773212486027908,52620420.0,839147264.0
2019-03-05,2.614720862935828,2.634233705196543,2.5740691082260048,2.614720862935828,42216856.0,677420736.0
2019-03-06,2.634233705196543,2.713911144427797,2.6179730033126143,2.686267951225117,61795008.0,1014792896.0
2019-03-07,2.6667551089644017,2.82123177686173,2.6277294244429714,2.731797916500119,69770376.0,1176296960.0
2019-03-08,2.634233705196543,2.670007249341188,2.5220348621974313,2.525287002574217,57830760.0,926401344.0
2019-03-11,2.5447998448349325,2.600086231240292,2.5139045112554665,2.591955880298327,30345820.0,476808928.0
2019-03-12,2.6098426523706495,2.6277294244429714,2.549678055400111,2.5773212486027908,34876348.0,555883584.0
2019-03-13,2.5821994591679696,2.59358195048672,2.520408792009038,2.5334173535161817,25141096.0,395651072.0
2019-03-14,2.5431737746465393,2.5870776697331483,2.4862613180527866,2.505774160313502,25853336.0,403422144.0
2019-03-15,2.5090263006902878,2.5610605467188616,2.507400230501895,2.552930195776897,20135856.0,313512512.0
2019-03-18,2.5805733889795763,2.614720862935828,2.5610605467188616,2.6114687225590423,32533408.0,518383936.0
2019-03-19,2.6179730033126143,2.6228512138777926,2.572443038037612,2.59358195048672,21665796.0,345272672.0
2019-03-20,2.5903298101099343,2.603338371617078,2.5464259150233253,2.583825529356363,21422968.0,339288192.0
2019-03-21,2.614720862935828,2.6635029685876157,2.5984601610518987,2.655372617645651,46678396.0,756725056.0
2019-03-22,2.626103354254578,2.639111915761722,2.5594344765304684,2.6098426523706495,27275016.0,435785824.0
2019-03-25,2.5350434237045745,2.5594344765304684,2.505774160313502,2.525287002574217,28958130.0,452006272.0
2019-03-26,2.5334173535161817,2.549678055400111,2.4716266863572502,2.481383107487608,19490784.0,301102304.0
2019-03-27,2.496017739183144,2.504148090125109,2.461870265226893,2.4895134584295726,11768027.0,179679968.0
2019-03-28,2.4748788267340363,2.4862613180527866,2.4537399142849283,2.458618124850107,13028256.0,197881616.0
2019-03-29,2.4683745459804647,2.5399216342697533,2.4602441950385,2.5366694938929677,21187644.0,327173600.0
2019-04-01,2.5789473187911836,2.757815039514406,2.5789473187911836,2.707406863674225,69649232.0,1148140416.0
2019-04-02,2.709032933862618,2.728545776123333,2.6407379859501146,2.6911461617902956,49493648.0,816390912.0
2019-04-03,2.668381179152795,2.709032933862618,2.6586247580224374,2.709032933862618,32802636.0,542281856.0
2019-04-04,2.7366761270652975,2.7838321625286926,2.6830158108483313,2.7106590040510112,46012112.0,772357120.0
2019-04-08,2.722041495369761,2.8374924787456592,2.713911144427797,2.778953951963514,62900792.0,1072465088.0
2019-04-09,2.7691975308331567,2.7691975308331567,2.6992765127322604,2.7383021972536907,31597642.0,528909920.0
2019-04-10,2.697650442543867,2.722041495369761,2.645616196515294,2.681389740659938,31245084.0,513854336.0
2019-04-11,2.6830158108483313,2.7106590040510112,2.616346933124221,2.6293554946313646,23030782.0,376907104.0
2019-04-12,2.6212251436894,2.6521204772688654,2.6179730033126143,2.647242266703687,15393222.0,249361184.0
2019-04-15,2.762693250079584,2.780580022151907,2.647242266703687,2.6537465474572586,32894288.0,549555712.0
2019-04-16,2.634233705196543,2.8602574613831604,2.626103354254578,2.774075741398335,81285592.0,1386643840.0
2019-04-17,2.7643193202679774,2.798466794224229,2.7415543376304763,2.770823601021549,39415908.0,670296832.0
2019-04-18,2.770823601021549,2.853753180629589,2.7561889693260126,2.757815039514406,38946184.0,670428480.0
2019-04-19,2.731797916500119,2.7464325481956555,2.6521204772688654,2.730171846311726,37973132.0,630824320.0
2019-04-22,2.728545776123333,2.728545776123333,2.6586247580224374,2.66025082821083,27684860.0,456896576.0
2019-04-23,2.6586247580224374,2.6830158108483313,2.6179730033126143,2.6195990735010066,25291996.0,410909376.0
2019-04-24,2.6212251436894,2.6423640561385078,2.6017123014286847,2.6407379859501146,17831808.0,287714912.0
2019-04-25,2.6309815648197574,2.6326076350081506,2.5122784410670738,2.531791283327789,29537180.0,467741536.0
2019-04-26,2.5366694938929677,2.5431737746465393,2.504148090125109,2.505774160313502,18658520.0,289377216.0
2019-04-29,2.5090263006902878,2.5269130727626097,2.4602441950385,2.4716266863572502,18447788.0,283178880.0
2019-04-30,2.479757037299215,2.5155305814438598,2.4765048969224295,2.4927655988063586,14147829.0,217138128.0
2019-05-06,2.3578017731697454,2.390323176937604,2.261863632054563,2.2895068252572424,32024468.0,458670272.0
2019-05-07,2.297637176199207,2.325280369401887,2.2699939829965277,2.3171500184599223,17135334.0,242868704.0
2019-05-08,2.258611491677777,2.322028229025101,2.258611491677777,2.300889316575993,14622180.0,206486800.0
2019-05-09,2.284628614692064,2.3090196675179575,2.2651157724313484,2.279750404126885,12181443.0,171142208.0
2019-05-10,2.3090196675179575,2.330158579967066,2.2439768599822405,2.325280369401887,17967608.0,255285296.0
2019-05-13,2.302515386764386,2.3041414569527787,2.2764982637500992,2.286254684880457,10650125.0,149988032.0
2019-05-14,2.2699939829965277,2.2992632463876004,2.2634897022429556,2.2699939829965277,10202648.0,143263888.0
2019-05-15,2.2911328954456356,2.305767527141172,2.281376474315278,2.2992632463876004,11453222.0,161576816.0
2019-05-16,2.3073935973295647,2.419592440328677,2.294385035822421,2.395201387502783,34058472.0,496796640.0
2019-05-17,2.3724364048652817,2.3789406856188537,2.2716200531849204,2.284628614692064,22024820.0,315105920.0
2019-05-20,2.274872193561706,2.352923562604567,2.2439768599822405,2.3366628607206374,18695508.0,264324528.0
2019-05-21,2.3415410712858162,2.4976438093715374,2.3155239482715295,2.4326010018358204,40103072.0,595893440.0
2019-05-22,2.419592440328677,2.430974931647427,2.367558194300103,2.367558194300103,23852048.0,350647872.0
2019-05-23,2.3594278433581386,2.3821928259956393,2.32690643959028,2.3399150010974235,13850175.0,200350176.0
2019-05-24,2.3285325097786727,2.390323176937604,2.318776088648315,2.335036790532244,12900685.0,186659824.0
2019-05-27,2.3415410712858162,2.411462089386712,2.3317846501554587,2.39357531731439,16694993.0,243886240.0
2019-05-28,2.3821928259956393,2.398453527879569,2.369184264488496,2.39357531731439,14574607.0,213610080.0
2019-05-29,2.4033317384447472,2.4521138440965355,2.4033317384447472,2.427722791270641,27413516.0,410074976.0
2019-05-30,2.4000795980679617,2.435853142212606,2.36593212411171,2.4179663701402836,20946702.0,309235712.0
2019-05-31,2.4017056682563545,2.4521138440965355,2.3838188961840325,2.4179663701402836,21133876.0,314937632.0
2019-06-03,2.4065838788215337,2.422844580705463,2.3561757029813526,2.370810334676889,16846412.0,246887472.0
2019-06-04,2.370810334676889,2.398453527879569,2.3106457377063507,2.322028229025101,13778600.0,198885120.0
2019-06-05,2.348045352039388,2.3805667558072465,2.343167141474209,2.3578017731697454,12316470.0,178884976.0
2019-06-06,2.3399150010974235,2.3968274576911757,2.3382889309090307,2.3561757029813526,13791977.0,200966976.0
2019-06-10,2.3854449663724253,2.3919492471259973,2.3399150010974235,2.3821928259956393,13052551.0,190175520.0
2019-06-11,2.3740624750536745,2.463496335415286,2.3724364048652817,2.456992054661714,28303908.0,424111616.0
2019-06-12,2.4537399142849283,2.5431737746465393,2.4423574229661775,2.456992054661714,40391408.0,618293504.0
2019-06-13,2.437479212400999,2.463496335415286,2.416340299951891,2.4439834931545708,18306598.0,274704480.0
2019-06-14,2.4456095633429635,2.491139528617966,2.419592440328677,2.455365984473321,22463856.0,339308384.0
2019-06-17,2.439105282589392,2.496017739183144,2.427722791270641,2.4651224056036787,18084544.0,274508800.0
2019-06-18,2.4651224056036787,2.4781309671108223,2.4179663701402836,2.4407313527777847,13199482.0,197976512.0
2019-06-19,2.4927655988063586,2.502522019936716,2.4488617037197495,2.458618124850107,19880176.0,302888192.0
2019-06-20,2.479757037299215,2.5334173535161817,2.458618124850107,2.525287002574217,30301144.0,465541440.0
2019-06-21,2.5187827218206453,2.59358195048672,2.5008959497483234,2.5269130727626097,37221192.0,582689088.0
2019-06-24,2.5269130727626097,2.5821994591679696,2.5139045112554665,2.567564827472433,27611776.0,434515360.0
2019-06-25,2.59358195048672,2.6423640561385078,2.5447998448349325,2.6179730033126143,50455880.0,806392704.0
2019-06-26,2.5773212486027908,2.600086231240292,2.5415477044581465,2.5431737746465393,26716708.0,422405664.0
2019-06-27,2.5366694938929677,2.575695178414398,2.5220348621974313,2.5464259150233253,18720660.0,294191904.0
2019-06-28,2.5626866169072544,2.59358195048672,2.5269130727626097,2.5594344765304684,21495874.0,338882944.0
2019-07-01,2.5773212486027908,2.591955880298327,2.55455626596529,2.5870776697331483,29322892.0,463671776.0
2019-07-02,2.56593875728404,2.567564827472433,2.5269130727626097,2.5334173535161817,22632000.0,353442656.0
2019-07-03,2.55455626596529,2.570816967849219,2.5106523708786805,2.5155305814438598,20442404.0,319445472.0
2019-07-04,2.5187827218206453,2.5610605467188616,2.507400230501895,2.523660932385824,17647688.0,275259488.0
2019-07-05,2.5269130727626097,2.5350434237045745,2.504148090125109,2.525287002574217,10295812.0,159369152.0
2019-07-08,2.5139045112554665,2.5139045112554665,2.4033317384447472,2.4033317384447472,21987142.0,329189856.0
2019-07-09,2.4000795980679617,2.411462089386712,2.3805667558072465,2.390323176937604,9922957.0,146081776.0
2019-07-10,2.3919492471259973,2.4000795980679617,2.3578017731697454,2.3594278433581386,10803064.0,157471152.0
2019-07-11,2.4049578086331405,2.4260967210822484,2.3919492471259973,2.3968274576911757,15058787.0,223086512.0
2019-07-12,2.395201387502783,2.4179663701402836,2.387071036560818,2.4082099490099265,7630992.0,112851352.0
2019-07-15,2.4065838788215337,2.4439834931545708,2.3740624750536745,2.4407313527777847,13128332.0,195256496.0
2019-07-16,2.435853142212606,2.463496335415286,2.427722791270641,2.4521138440965355,10753100.0,162100144.0
2019-07-17,2.4472356335313568,2.4683745459804647,2.430974931647427,2.4326010018358204,7437918.0,111862936.0
2019-07-18,2.4472356335313568,2.4716266863572502,2.4212185105170696,2.422844580705463,11002551.0,165439040.0
2019-07-19,2.4683745459804647,2.551304125588504,2.4651224056036787,2.528539142951003,36130568.0,558611456.0
2019-07-22,2.5090263006902878,2.5399216342697533,2.4781309671108223,2.4943916689947514,19584896.0,302203456.0
2019-07-23,2.483009177676001,2.49926987955993,2.4602441950385,2.4781309671108223,11442439.0,174432768.0
2019-07-24,2.479757037299215,2.49926987955993,2.4667484757920715,2.484635247864394,14572852.0,222268144.0
2019-07-25,2.483009177676001,2.483009177676001,2.4407313527777847,2.456992054661714,12375536.0,186818480.0
2019-07-26,2.7887140940782844,2.790588229894197,2.7549796493918532,2.77934341499872,9949662.0,147009392.0
2019-07-29,2.79246236571011,2.801833044789674,2.758727921023679,2.762476192655505,6838192.0,101148608.0
2019-07-30,2.783091686630546,2.822448538764715,2.7755951433668944,2.8168261313169767,15020578.0,224879440.0
2019-07-31,2.781217550814633,2.7868399582623713,2.738112427048638,2.7643503284714175,12229853.0,180158480.0
2019-08-01,2.738112427048638,2.743734834496377,2.7174969330735967,2.724993476337248,12200435.0,177475520.0
2019-08-02,2.683762488387166,2.724993476337248,2.6800142167553407,2.7100003898099456,10680362.0,154124704.0
2019-08-05,2.6893848958349045,2.7456089703122895,2.674391809307602,2.6987555749144687,14632661.0,211810416.0
2019-08-06,2.674391809307602,2.7174969330735967,2.629412549725694,2.661272858596212,14982118.0,213495264.0
2019-08-07,2.6893848958349045,2.801833044789674,2.6893848958349045,2.77934341499872,33378166.0,490938976.0
2019-08-08,2.7999589089737613,2.8093295880533256,2.762476192655505,2.7680986001032433,12834227.0,190222064.0
2019-08-09,2.781217550814633,2.798084773157848,2.726867612153161,2.736238291232725,10728219.0,157900560.0
2019-08-12,2.7324900196008994,2.7456089703122895,2.691259031650817,2.736238291232725,9841447.0,142262128.0
2019-08-13,2.728741747969074,2.7568537852077664,2.7081262539940325,2.751231377760028,13687415.0,199597296.0
2019-08-14,2.760602056839592,2.7680986001032433,2.7006297107303814,2.7100003898099456,13401594.0,194946752.0
2019-08-15,2.6762659451235145,2.6987555749144687,2.6631469944121253,2.687510760018992,9343846.0,133606184.0
2019-08-16,2.6931331674667303,2.70625211817812,2.6781400809394276,2.6856366242030787,7983885.0,114720776.0
2019-08-19,2.6931331674667303,2.743734834496377,2.6800142167553407,2.743734834496377,15046486.0,217604128.0
2019-08-20,2.728741747969074,2.7999589089737613,2.723119340521335,2.758727921023679,17197680.0,253542896.0
2019-08-21,2.747483106128202,2.7531055135759406,2.723119340521335,2.7324900196008994,8263325.0,120548392.0
2019-08-22,2.738112427048638,2.747483106128202,2.7025038465462945,2.7174969330735967,7410269.0,107469072.0
2019-08-23,2.7174969330735967,2.7306158837849868,2.6856366242030787,2.7025038465462945,9215635.0,133057456.0
2019-08-26,2.659398722780299,2.6987555749144687,2.6556504511484738,2.6800142167553407,7854798.0,112285168.0
2019-08-27,2.6893848958349045,2.724993476337248,2.6856366242030787,2.7174969330735967,10192636.0,147317408.0
2019-08-28,2.7174969330735967,2.7174969330735967,2.691259031650817,2.6931331674667303,6576394.0,94807704.0
2019-08-29,2.691259031650817,2.7081262539940325,2.6687694018598633,2.6706435376757764,10043009.0,143525904.0
2019-08-30,2.696881439098556,2.7006297107303814,2.661272858596212,2.6818883525712534,9029558.0,129020848.0
2019-09-02,2.6800142167553407,2.7399865628645506,2.6762659451235145,2.726867612153161,16442850.0,238201248.0
2019-09-03,2.726867612153161,2.728741747969074,2.704377982362207,2.7174969330735967,8582572.0,124259016.0
2019-09-04,2.726867612153161,2.760602056839592,2.726867612153161,2.7531055135759406,16569936.0,242531840.0
2019-09-05,2.8055813164214998,2.837441625292018,2.783091686630546,2.7868399582623713,32495776.0,487338944.0
2019-09-06,2.8093295880533256,2.822448538764715,2.76622446428733,2.7887140940782844,13189299.0,196714368.0
2019-09-09,2.8055813164214998,2.813077859685151,2.783091686630546,2.8112037238692382,15271243.0,227997616.0
2019-09-10,2.798084773157848,2.835567489476105,2.7962106373419355,2.822448538764715,16481259.0,247710160.0
2019-09-11,2.8299450820283663,2.8430640327397563,2.7849658224464586,2.8112037238692382,17125766.0,257227936.0
2019-09-12,2.822448538764715,2.835567489476105,2.798084773157848,2.8205744029488025,12049708.0,181149680.0
2019-09-16,2.863679526714797,2.882420884873926,2.837441625292018,2.844938168555669,20463956.0,312511488.0
2019-09-17,2.837441625292018,2.844938168555669,2.769972735919156,2.7718468717350686,16449231.0,245559856.0
2019-09-18,2.7737210075509817,2.79246236571011,2.747483106128202,2.762476192655505,12246340.0,180542016.0
2019-09-19,2.7718468717350686,2.7737210075509817,2.728741747969074,2.76622446428733,11863775.0,174062976.0
2019-09-20,2.769972735919156,2.769972735919156,2.7456089703122895,2.762476192655505,11252622.0,165417360.0
2019-09-23,2.7549796493918532,2.7568537852077664,2.6950073032826434,2.7137486614417714,12308792.0,178324640.0
2019-09-24,2.723119340521335,2.7306158837849868,2.7118745256258587,2.715622797257684,6771049.0,98296448.0
2019-09-25,2.715622797257684,2.715622797257684,2.687510760018992,2.7025038465462945,7484860.0,107882152.0
2019-09-26,2.70625211817812,2.7212452047054225,2.683762488387166,2.7081262539940325,8651532.0,124820464.0
2019-09-27,2.7006297107303814,2.7100003898099456,2.683762488387166,2.6987555749144687,7506449.0,108016760.0
2019-09-30,2.691259031650817,2.715622797257684,2.691259031650817,2.6931331674667303,5451412.0,78568512.0
2019-10-08,2.691259031650817,2.7081262539940325,2.687510760018992,2.691259031650817,6009957.0,86417376.0
2019-10-09,2.6781400809394276,2.6893848958349045,2.6631469944121253,2.6818883525712534,6759980.0,96569152.0
2019-10-10,2.683762488387166,2.7006297107303814,2.6762659451235145,2.7006297107303814,5690337.0,81699304.0
2019-10-11,2.71937106888951,2.728741747969074,2.691259031650817,2.7174969330735967,9850278.0,142658400.0
2019-10-14,2.7324900196008994,2.7456089703122895,2.7174969330735967,2.736238291232725,9932053.0,144821568.0
2019-10-15,2.726867612153161,2.728741747969074,2.696881439098556,2.6987555749144687,6893622.0,99644456.0
2019-10-16,2.7006297107303814,2.7100003898099456,2.6706435376757764,2.6762659451235145,9285424.0,133152400.0
2019-10-17,2.6762659451235145,2.7174969330735967,2.661272858596212,2.6893848958349045,10766049.0,154170176.0
2019-10-18,2.6818883525712534,2.691259031650817,2.6425315004370837,2.6444056362529964,9762875.0,138670080.0
2019-10-21,2.6425315004370837,2.6631469944121253,2.6237901422779557,2.6575245869643864,6808851.0,95954096.0
2019-10-22,2.6575245869643864,2.6950073032826434,2.6462797720689095,2.6800142167553407,6113429.0,87158392.0
2019-10-23,2.6781400809394276,2.6818883525712534,2.653776315332561,2.659398722780299,4674442.0,66447736.0
2019-10-24,2.674391809307602,2.723119340521335,2.6706435376757764,2.704377982362207,12821559.0,184200976.0
2019-10-25,2.6800142167553407,2.7006297107303814,2.665021130228038,2.6950073032826434,7684771.0,110057352.0
2019-10-28,2.6800142167553407,2.70625211817812,2.6800142167553407,2.6987555749144687,7176614.0,103131720.0
2019-10-29,2.70625211817812,2.7081262539940325,2.653776315332561,2.653776315332561,7903402.0,112575520.0
2019-10-30,2.6500280437007353,2.674391809307602,2.6500280437007353,2.6687694018598633,5148706.0,73148704.0
2019-10-31,2.6668952660439507,2.6668952660439507,2.6462797720689095,2.6500280437007353,4060415.0,57512500.0
2019-11-01,2.6462797720689095,2.6631469944121253,2.6425315004370837,2.661272858596212,6321126.0,89583744.0
2019-11-04,2.6668952660439507,2.691259031650817,2.6556504511484738,2.6706435376757764,8440685.0,120454912.0
2019-11-05,2.672517673491689,2.7118745256258587,2.6575245869643864,2.7100003898099456,14450538.0,207579328.0
2019-11-06,2.6950073032826434,2.743734834496377,2.6950073032826434,2.7174969330735967,15818226.0,229889776.0
2019-11-07,2.7006297107303814,2.724993476337248,2.6950073032826434,2.704377982362207,6881970.0,99341512.0
2019-11-08,2.7306158837849868,2.736238291232725,2.6987555749144687,2.7025038465462945,7884059.0,114296880.0
2019-11-11,2.6856366242030787,2.6856366242030787,2.6256642780938684,2.63316082135752,10278995.0,145339328.0
2019-11-12,2.629412549725694,2.651902179516648,2.6256642780938684,2.6369090929893453,5182944.0,72861984.0
2019-11-13,2.6350349571734326,2.6462797720689095,2.6256642780938684,2.6462797720689095,4602032.0,64694884.0
2019-11-14,2.6462797720689095,2.6500280437007353,2.6369090929893453,2.6444056362529964,3805480.0,53673316.0
2019-11-15,2.6500280437007353,2.6500280437007353,2.6162935990143046,2.62004187064613,6022253.0,84589712.0
2019-11-18,2.6237901422779557,2.629412549725694,2.608797055750653,2.6144194631983915,6930076.0,96778312.0
2019-11-19,2.6181677348302173,2.631286685541607,2.608797055750653,2.631286685541607,5805381.0,81213728.0
2019-11-20,2.629412549725694,2.6350349571734326,2.621916006462043,2.629412549725694,4753647.0,66706700.0
2019-11-21,2.631286685541607,2.631286685541607,2.599426376671089,2.6031746483029146,6165312.0,85804888.0
2019-11-22,2.608797055750653,2.627538413909781,2.586307425959699,2.599426376671089,6111664.0,85004816.0
2019-11-25,2.6050487841188277,2.674391809307602,2.6031746483029146,2.6575245869643864,15481891.0,218889664.0
2019-11-26,2.6500280437007353,2.6631469944121253,2.63316082135752,2.6369090929893453,9119472.0,128878912.0
2019-11-27,2.6500280437007353,2.6762659451235145,2.6369090929893453,2.665021130228038,10551641.0,149690192.0
2019-11-28,2.6575245869643864,2.6631469944121253,2.63316082135752,2.640657364621171,6972615.0,98465920.0
2019-11-29,2.6500280437007353,2.651902179516648,2.63316082135752,2.640657364621171,3790780.0,53367596.0
2019-12-02,2.6444056362529964,2.687510760018992,2.6444056362529964,2.6781400809394276,12851600.0,183367888.0
2019-12-03,2.6687694018598633,2.6818883525712534,2.6556504511484738,2.672517673491689,6423673.0,91451896.0
2019-12-04,2.672517673491689,2.683762488387166,2.661272858596212,2.683762488387166,7986436.0,113939120.0
2019-12-05,2.687510760018992,2.704377982362207,2.6762659451235145,2.6818883525712534,7533377.0,107922656.0
2019-12-06,2.6800142167553407,2.687510760018992,2.6631469944121253,2.6800142167553407,6687022.0,95260968.0
2019-12-09,2.7118745256258587,2.726867612153161,2.6950073032826434,2.7174969330735967,16738481.0,242390704.0
2019-12-10,2.7737210075509817,2.9030363788489666,2.7718468717350686,2.8280709462124536,49064280.0,741055680.0
2019-12-11,2.8393157611079305,2.86555366253071,2.813077859685151,2.8486864401874947,26409726.0,400732032.0
2019-12-12,2.9049105146648793,2.921777737008095,2.8393157611079305,2.8468123043715816,25061280.0,382710304.0
2019-12-13,2.858057119267059,2.901162243033054,2.837441625292018,2.863679526714797,24968980.0,382193312.0
2019-12-16,2.8486864401874947,2.863679526714797,2.826196810396541,2.8618053908988843,19908312.0,302181568.0
2019-12-17,2.880546749058013,2.959260453326351,2.876798477426187,2.933022551903572,35324248.0,552273664.0
2019-12-18,2.919903601192182,2.9423932309831358,2.897413971401228,2.901162243033054,17353060.0,269785888.0
2019-12-19,2.901162243033054,2.9180294653762693,2.889917428137577,2.914281193744444,11875108.0,184185952.0
2019-12-20,2.9367708235353973,2.9480156384308747,2.850560576003408,2.856182983451146,15234120.0,234402112.0
2019-12-23,2.856182983451146,2.856182983451146,2.7774692791828075,2.79246236571011,16369686.0,246460736.0
2019-12-24,2.8168261313169767,3.056715515753818,2.801833044789674,3.0417224292265157,54109784.0,855298304.0
2019-12-25,3.026729342699213,3.0885758246243364,3.007987984540085,3.0435965650424284,39297684.0,638873728.0
2019-12-26,3.0248552068833003,3.127932676758506,3.000491441276434,3.0304776143310392,35298944.0,574829824.0
2019-12-27,3.0473448366742546,3.3022273076383986,3.0342258859628646,3.1466740349176336,70278512.0,1181251456.0
2019-12-30,3.1073171827834645,3.28348594947927,3.0867016888084233,3.240380825713275,61979096.0,1055777344.0
2019-12-31,3.2047722452109317,3.232884282449624,3.1410516274698956,3.1729119363404132,34686856.0,589162112.0
2020-01-02,3.19727570194728,3.2797376778474447,3.191653294499542,3.2103946526586697,35147156.0,606442624.0
2020-01-03,3.2047722452109317,3.2534997764246647,3.165415393076762,3.2178911959223218,26801078.0,459737792.0
2020-01-06,3.2047722452109317,3.2366325540814493,3.157918849813111,3.18415675123589,38838888.0,662194688.0
2020-01-07,3.1954015661313675,3.234758418265537,3.1597929856290237,3.2047722452109317,33220752.0,566684544.0
2020-01-08,3.219765331738234,3.221639467554147,3.1166878618630287,3.157918849813111,33032048.0,557846912.0
2020-01-09,3.1860308870518033,3.1954015661313675,3.126058540942593,3.156044713997198,21999820.0,371198400.0
2020-01-10,3.157918849813111,3.169163664708588,3.0998206395198133,3.1541705781812848,23704580.0,396283264.0
2020-01-13,3.1241844051266803,3.163541257260849,3.1016947753357265,3.157918849813111,17937550.0,299972192.0
2020-01-14,3.1879050228677164,3.2235136033700598,3.1597929856290237,3.167289528892675,31684204.0,540418944.0
2020-01-15,3.157918849813111,3.167289528892675,3.0848275529925107,3.0923240962561622,20812148.0,345520032.0
2020-01-16,3.0998206395198133,3.127932676758506,3.066086194833382,3.0829534171765975,13865552.0,228469040.0
2020-01-17,3.090449960440249,3.0998206395198133,3.0473448366742546,3.0529672441219926,12513097.0,204622016.0
2020-01-20,3.05109310830608,3.071708602281121,3.0361000217787772,3.069834466465208,12136931.0,197897600.0
2020-01-21,3.0604637873856437,3.062337923201557,2.9236518728240077,2.9255260086399204,32298586.0,510510880.0
2020-01-22,2.908658786296705,2.9536380458786127,2.8524347118193205,2.9386449593513104,26938996.0,418457920.0
2020-01-23,2.8842950206898386,2.9367708235353973,2.801833044789674,2.835567489476105,25554532.0,389854080.0
2020-02-03,2.552572981273268,2.5825591543278734,2.552572981273268,2.552572981273268,23133120.0,315257792.0
2020-02-04,2.53383162311414,2.5825591543278734,2.515090264955012,2.5675660678005707,39629612.0,540058240.0
2020-02-05,2.5675660678005707,2.653776315332561,2.5675660678005707,2.601300512487002,37820896.0,525103712.0
2020-02-06,2.6106711915665657,2.6369090929893453,2.5750626110642223,2.631286685541607,44428276.0,617392960.0
2020-02-07,2.601300512487002,2.6237901422779557,2.5825591543278734,2.62004187064613,26547324.0,369083680.0
2020-02-10,2.599426376671089,2.674391809307602,2.5919298334074377,2.6687694018598633,36514856.0,514661728.0
2020-02-11,2.672517673491689,2.6931331674667303,2.6425315004370837,2.6706435376757764,32353212.0,460505664.0
2020-02-12,2.659398722780299,2.7025038465462945,2.6425315004370837,2.687510760018992,32231962.0,460637888.0
2020-02-13,2.6950073032826434,2.7324900196008994,2.6706435376757764,2.683762488387166,31847844.0,458663648.0
2020-02-14,2.683762488387166,2.7755951433668944,2.6706435376757764,2.736238291232725,36224968.0,527731520.0
2020-02-17,2.7343641554168125,2.794336501526023,2.7212452047054225,2.79246236571011,36980404.0,543925440.0
2020-02-18,2.7755951433668944,2.794336501526023,2.736238291232725,2.769972735919156,32207874.0,475269088.0
2020-02-19,2.7737210075509817,2.79246236571011,2.749357241944115,2.7549796493918532,30579332.0,451457120.0
2020-02-20,2.7549796493918532,2.801833044789674,2.7025038465462945,2.790588229894197,42494552.0,625703488.0
2020-02-21,2.7737210075509817,2.826196810396541,2.76622446428733,2.794336501526023,36932872.0,551751360.0
2020-02-24,2.7868399582623713,2.8205744029488025,2.751231377760028,2.7868399582623713,37916168.0,563168256.0
2020-02-25,2.736238291232725,2.7531055135759406,2.659398722780299,2.726867612153161,42074808.0,609034112.0
2020-02-26,2.672517673491689,2.7774692791828075,2.6706435376757764,2.7212452047054225,33624568.0,489523904.0
2020-02-27,2.728741747969074,2.747483106128202,2.6931331674667303,2.6950073032826434,23603452.0,342133376.0
2020-02-28,2.6256642780938684,2.6575245869643864,2.565691931984658,2.565691931984658,38903120.0,540919424.0
2020-03-02,2.5806850185119607,2.6856366242030787,2.5788108826960476,2.6800142167553407,28187796.0,398766304.0
2020-03-03,2.7306158837849868,2.7456089703122895,2.6556504511484738,2.672517673491689,27183728.0,391911840.0
2020-03-04,2.6800142167553407,2.7118745256258587,2.6668952660439507,2.7118745256258587,24423292.0,350135840.0
2020-03-05,2.728741747969074,2.781217550814633,2.70625211817812,2.7643503284714175,43747420.0,640539520.0
2020-03-06,2.726867612153161,2.7456089703122895,2.691259031650817,2.704377982362207,30546736.0,442494496.0
2020-03-09,2.6425315004370837,2.6444056362529964,2.5825591543278734,2.6069229199347403,40188256.0,561077440.0
2020-03-10,2.5938039692233503,2.653776315332561,2.584433290143786,2.651902179516648,24344880.0,340344832.0
2020-03-11,2.6425315004370837,2.651902179516648,2.6181677348302173,2.6181677348302173,16982628.0,238763312.0
2020-03-12,2.6050487841188277,2.6106711915665657,2.569440203616484,2.584433290143786,19638222.0,270768256.0
2020-03-13,2.490726499348145,2.552572981273268,2.46074032629354,2.5432023021937042,27720472.0,368976800.0
2020-03-16,2.5488247096414427,2.5638177961687454,2.479481684452668,2.4851040919004066,19863272.0,268153152.0
2020-03-17,2.4869782277163193,2.524460944034576,2.438250696502586,2.481355820268581,17840644.0,235360336.0
2020-03-18,2.4851040919004066,2.5038454500595346,2.395145572736591,2.3988938443684167,24331596.0,318453440.0
2020-03-19,2.3351732266273806,2.3576628564183344,2.2677043372545187,2.3070611893886883,31922274.0,393376192.0
2020-03-20,2.318306004284165,2.3670335354978986,2.2920681028613856,2.363285263866073,17285168.0,214565616.0
2020-03-23,2.2826974237818214,2.316431868468252,2.277075016334083,2.284571559597734,14168157.0,173260992.0
2020-03-24,2.3464180415228575,2.3670335354978986,2.3145577326523394,2.36141112805016,20529948.0,257316880.0
2020-03-25,2.436376560686673,2.44762137558215,2.385774893657027,2.4120127950798063,19573736.0,252577120.0
2020-03-26,2.3876490294729398,2.4082645234479805,2.363285263866073,2.3764042145774624,13673758.0,174288144.0
2020-03-27,2.4007679801843294,2.4082645234479805,2.3745300787615498,2.380152486209288,11180967.0,142535456.0
2020-03-30,2.3464180415228575,2.363285263866073,2.3145577326523394,2.3351732266273806,9588034.0,119314944.0
2020-03-31,2.3689076713138113,2.3932714369206782,2.3389214982592064,2.3670335354978986,10357390.0,130543664.0
2020-04-01,2.36141112805016,2.4026421160002425,2.352040448970596,2.3557887206024217,12009942.0,152530640.0
2020-04-02,2.3258025475478163,2.385774893657027,2.3239284117319037,2.385774893657027,10192908.0,128026560.0
2020-04-03,2.3820266220252013,2.3820266220252013,2.359536992234247,2.372655942945637,8330508.0,105430976.0
2020-04-07,2.4120127950798063,2.479481684452668,2.4007679801843294,2.466362733741278,24849612.0,324137536.0
2020-04-08,2.436376560686673,2.5000971784277093,2.4326282890548474,2.4851040919004066,18756440.0,247588176.0
2020-04-09,2.52071267240275,2.5282092156664016,2.458866190477627,2.462614462109453,14109843.0,186855616.0
2020-04-10,2.483229956084494,2.483229956084494,2.4138869308957194,2.4494955113980628,13080644.0,171036864.0
2020-04-13,2.451369647213976,2.5075937216913604,2.423257609975283,2.5075937216913604,19018456.0,251308224.0
2020-04-14,2.511341993323186,2.558195388721007,2.4851040919004066,2.5375798947459653,25458852.0,343429792.0
2020-04-15,2.5169644007709246,2.5188385365868373,2.462614462109453,2.466362733741278,16901754.0,224808160.0
2020-04-16,2.455117918845801,2.455117918845801,2.425131745791196,2.44762137558215,11612890.0,151137008.0
2020-04-17,2.4738592770049297,2.4851040919004066,2.451369647213976,2.4532437830298885,10764796.0,141651552.0
2020-04-20,2.4644885979253655,2.4644885979253655,2.4401248323184985,2.455117918845801,9322967.0,121972144.0
2020-04-21,2.4401248323184985,2.4401248323184985,2.3988938443684167,2.415761066711632,11044600.0,142363568.0
2020-04-22,2.3988938443684167,2.4120127950798063,2.3782783503933755,2.4120127950798063,9061016.0,115948088.0
2020-04-23,2.415761066711632,2.4213834741593705,2.3876490294729398,2.3988938443684167,9184244.0,117836208.0
2020-04-24,2.395145572736591,2.404516251816155,2.3689076713138113,2.3745300787615498,8601654.0,109311632.0
2020-04-27,2.3689076713138113,2.4138869308957194,2.3689076713138113,2.385774893657027,8211564.0,104833744.0
2020-04-28,2.383900757841114,2.385774893657027,2.3108094610205137,2.350166313154683,9592672.0,120061088.0
2020-04-29,2.3258025475478163,2.3557887206024217,2.320180140100078,2.344543905706945,6496236.0,81276192.0
2020-04-30,2.352040448970596,2.404516251816155,2.352040448970596,2.3988938443684167,11224228.0,142845472.0
2020-05-06,2.3670335354978986,2.425131745791196,2.36141112805016,2.419509338343458,11717044.0,150208352.0
2020-05-07,2.4213834741593705,2.4213834741593705,2.4007679801843294,2.4101386592638936,8919284.0,114737664.0
2020-05-08,2.427005881607109,2.451369647213976,2.4138869308957194,2.4345024248707605,12207145.0,158543376.0
2020-05-11,2.4438731039503243,2.455117918845801,2.415761066711632,2.428880017423022,9050519.0,117730016.0
2020-05-12,2.427005881607109,2.427005881607109,2.3895231652888524,2.4007679801843294,7944676.0,101856744.0
2020-05-13,2.385774893657027,2.3932714369206782,2.3707818071297244,2.383900757841114,5741666.0,72979736.0
2020-05-14,2.383900757841114,2.415761066711632,2.372655942945637,2.383900757841114,6401781.0,81703392.0
2020-05-15,2.3820266220252013,2.391397301104765,2.363285263866073,2.363285263866073,9229015.0,117049592.0
2020-05-18,2.3820266220252013,2.455117918845801,2.3707818071297244,2.4345024248707605,23214300.0,300750208.0
2020-05-19,2.470111005373104,2.488852363532232,2.4345024248707605,2.4401248323184985,18900708.0,248217056.0
2020-05-20,2.4401248323184985,2.4532437830298885,2.404516251816155,2.4120127950798063,10418359.0,134823760.0
2020-05-21,2.428880017423022,2.451369647213976,2.4007679801843294,2.406390387632068,12455575.0,161591200.0
2020-05-22,2.385774893657027,2.3970197085525036,2.3426697698910317,2.3670335354978986,12681716.0,160075456.0
2020-05-25,2.359536992234247,2.3764042145774624,2.353914584786509,2.359536992234247,5496469.0,69271432.0
2020-05-26,2.3670335354978986,2.380152486209288,2.359536992234247,2.3782783503933755,6669646.0,84406688.0
2020-05-27,2.3764042145774624,2.3782783503933755,2.3426697698910317,2.363285263866073,7259129.0,91429648.0
2020-05-28,2.36141112805016,2.391397301104765,2.3557887206024217,2.380152486209288,8581581.0,108719104.0
2020-05-29,2.372655942945637,2.3895231652888524,2.3557887206024217,2.3895231652888524,8177873.0,103315144.0
2020-06-01,2.385774893657027,2.438250696502586,2.385774893657027,2.436376560686673,16719800.0,216256320.0
2020-06-02,2.4494955113980628,2.451369647213976,2.4176352025275447,2.427005881607109,11270219.0,146055056.0
2020-06-03,2.4438731039503243,2.4738592770049297,2.4419989681344116,2.4438731039503243,20194984.0,264919408.0
2020-06-04,2.4494955113980628,2.451369647213976,2.4026421160002425,2.4138869308957194,10417222.0,134569136.0
2020-06-05,2.419509338343458,2.4494955113980628,2.4007679801843294,2.4457472397662374,9787086.0,126638008.0
2020-06-08,2.5282092156664016,2.599426376671089,2.511341993323186,2.5506988454573554,53889364.0,736853952.0
2020-06-09,2.545076438009617,2.608797055750653,2.5319574872982273,2.5488247096414427,28915882.0,395709952.0
2020-06-10,2.6050487841188277,2.608797055750653,2.5188385365868373,2.5300833514823142,20440218.0,278043776.0
2020-06-11,2.5806850185119607,2.5825591543278734,2.483229956084494,2.4963489067958835,22398452.0,302652864.0
2020-06-12,2.4326282890548474,2.456992054661714,2.4026421160002425,2.451369647213976,23578488.0,306019808.0
2020-06-15,2.428880017423022,2.4494955113980628,2.4120127950798063,2.4138869308957194,14502106.0,187601888.0
2020-06-16,2.428880017423022,2.483229956084494,2.423257609975283,2.479481684452668,17965338.0,235719728.0
2020-06-17,2.455117918845801,2.481355820268581,2.438250696502586,2.475733412820843,12429681.0,163001968.0
2020-06-18,2.475733412820843,2.522586808218663,2.44762137558215,2.494474770979971,14688949.0,195421008.0
2020-06-19,2.5000971784277093,2.5094678575072735,2.479481684452668,2.501971314243622,13234973.0,176268256.0
2020-06-22,2.515090264955012,2.5357057589300527,2.4869782277163193,2.494474770979971,16801784.0,225034896.0
2020-06-23,2.5000971784277093,2.5282092156664016,2.4851040919004066,2.5000971784277093,12324761.0,164706336.0
2020-06-24,2.5057195858754473,2.52071267240275,2.4869782277163193,2.488852363532232,9644413.0,128560024.0
2020-06-29,2.513216129139099,2.522586808218663,2.4719851411890166,2.501971314243622,15330768.0,204469872.0
2020-06-30,2.5169644007709246,2.524460944034576,2.501971314243622,2.522586808218663,15221688.0,204253296.0
2020-07-01,2.5394540305618785,2.6181677348302173,2.5394540305618785,2.6106711915665657,44041656.0,607595520.0
2020-07-02,2.6050487841188277,2.6931331674667303,2.599426376671089,2.6818883525712534,51907944.0,737314432.0
2020-07-03,2.6893848958349045,2.7774692791828075,2.665021130228038,2.7137486614417714,55568744.0,805758784.0
2020-07-06,2.760602056839592,2.96488286077409,2.760602056839592,2.9573863175104385,76720136.0,1172379776.0
2020-07-07,3.0361000217787772,3.0773310097288595,2.882420884873926,2.8842950206898386,74867152.0,1180006400.0
2020-07-08,2.8861691565057512,3.090449960440249,2.867427798346623,3.015484527803736,81320800.0,1300022400.0
2020-07-09,3.066086194833382,3.118561997678942,2.9780018114854796,3.0923240962561622,88940256.0,1448503808.0
2020-07-10,3.026729342699213,3.049218972490167,2.933022551903572,2.944267366799049,58284236.0,931521344.0
2020-07-13,3.0361000217787772,3.178534343788152,3.028603478515126,3.133555084206244,84932552.0,1408251904.0
2020-07-14,3.06421205901747,3.1410516274698956,3.0098621203559977,3.069834466465208,56451696.0,925824064.0
2020-07-15,3.0848275529925107,3.1166878618630287,2.9348966877194846,2.974253539853654,46444000.0,744513856.0
2020-07-16,3.1182658161612964,3.1742705902809347,2.982254221870746,2.9842543923750187,42128004.0,649242368.0
2020-07-17,2.988254733383564,3.050260019016021,2.9642526873322907,3.002255926913474,30456492.0,457936896.0
2020-07-20,3.0382589959903843,3.2082734888535724,3.0162571204433837,3.1782709312894806,43960440.0,687460608.0
2020-07-21,3.2022729773407543,3.224274852887755,3.1162656456570237,3.140267691708297,25934730.0,409149856.0
2020-07-22,3.2602779219646654,3.296280991041576,3.1842714428022987,3.194272295323663,42383848.0,684387840.0
2020-07-23,3.188271783810844,3.222274682383482,3.110265134144205,3.1862716133065714,32348680.0,512906752.0
2020-07-24,3.158269226246752,3.2062733183492997,3.0362588254861116,3.0462596780074755,32424484.0,504937152.0
2020-07-27,3.076262235571568,3.2182743413749364,3.076262235571568,3.2042731478450266,49252836.0,780776832.0
2020-07-28,3.3062818435629397,3.324283378101395,3.1242663276741145,3.1602693967510254,53016564.0,854896832.0
2020-07-29,3.154268885238207,3.176270760785208,3.0642612125459308,3.176270760785208,31600392.0,493623648.0
2020-07-30,3.1642697377595708,3.1902719543151172,3.108264963639932,3.1382675212040243,26233272.0,412616832.0
2020-07-31,3.140267691708297,3.3182828665885764,3.130266839186933,3.2382760464176648,59636368.0,968605632.0
2020-08-03,3.230275364400573,3.280279627007393,3.1842714428022987,3.2582777514603922,50274368.0,812332736.0
2020-08-04,3.272278944990302,3.4682956544090366,3.232275534904846,3.372287470203942,78572016.0,1308730624.0
2020-08-05,3.3902890047423972,3.424291903315035,3.3022815025543943,3.384288493229579,48665908.0,818009344.0
2020-08-06,3.4102907097851256,3.4662954839047635,3.3282837191099404,3.4162912212979433,59648628.0,1017515328.0
2020-08-07,3.4522942903748546,3.4522942903748546,3.2642782629732108,3.322283207597122,44790844.0,752945984.0
2020-08-10,3.2182743413749364,3.2382760464176648,3.1602693967510254,3.1902719543151172,35485064.0,566724032.0
2020-08-11,3.2062733183492997,3.2282751938963004,3.068261553554476,3.072261894563022,35412200.0,557372608.0
2020-08-12,3.008256438426292,3.030258313973293,2.9362503002724716,3.002255926913474,34953120.0,521390848.0
2020-08-13,3.0282581434690203,3.0382589959903843,2.9942552448963826,3.0042560974177466,19219534.0,289771520.0
2020-08-14,2.9862545628792914,3.0262579729647476,2.9642526873322907,3.020257461451929,17429844.0,261486432.0
2020-08-17,3.020257461451929,3.110265134144205,3.0042560974177466,3.108264963639932,26164500.0,402096480.0
2020-08-18,3.150268544229661,3.1662699082638435,3.0962639406142958,3.1262664981783876,22991660.0,359712480.0
2020-08-19,3.1802711017937533,3.2202745118792095,3.144268032716843,3.1462682032211156,30490528.0,484906528.0
2020-08-20,3.120265986665569,3.154268885238207,3.0962639406142958,3.120265986665569,15695272.0,244767280.0
2020-08-21,3.108264963639932,3.152268714733934,3.108264963639932,3.1182658161612964,14360804.0,224391088.0
2020-08-24,3.100264281622841,3.108264963639932,3.050260019016021,3.090263429101477,12574562.0,193671232.0
2020-08-25,3.0982641111185685,3.100264281622841,3.0062562679220193,3.0262579729647476,17730724.0,270379936.0
2020-08-26,3.0262579729647476,3.054260360024567,2.9842543923750187,3.000255756409201,12980597.0,195517680.0
2020-08-27,3.020257461451929,3.034258654981839,3.000255756409201,3.022257631956202,7593188.0,114553288.0
2020-08-28,3.022257631956202,3.090263429101477,3.012256779434838,3.090263429101477,13372324.0,204379408.0
2020-08-31,3.0962639406142958,3.2042731478450266,3.0962639406142958,3.1242663276741145,28240916.0,446253376.0
2020-09-01,3.132267009691206,3.252277239947574,3.130266839186933,3.2462767284347556,39737284.0,638858304.0
2020-09-02,3.2062733183492997,3.226275023392027,3.152268714733934,3.1902719543151172,25623218.0,408154016.0
2020-09-03,3.1902719543151172,3.232275534904846,3.1642697377595708,3.176270760785208,17258454.0,275671136.0
2020-09-04,3.0982641111185685,3.1362673506997516,3.0742620650672947,3.090263429101477,20932912.0,324573568.0
2020-09-07,3.140267691708297,3.240276216921937,3.140267691708297,3.1642697377595708,36405632.0,581819520.0
2020-09-08,3.176270760785208,3.2162741708706633,3.1042646226313866,3.1902719543151172,25335968.0,399635232.0
2020-09-09,3.120265986665569,3.134267180195479,3.070261724058749,3.082262747084386,17317484.0,268776128.0
2020-09-10,3.1182658161612964,3.14226786221257,3.0262579729647476,3.030258313973293,15619100.0,240774928.0
2020-09-11,3.002255926913474,3.0382589959903843,2.976253710357928,3.0322584844775657,14692997.0,220869872.0
2020-09-14,3.04225933699893,3.0862630880929314,2.976253710357928,3.054260360024567,10560207.0,161250480.0
2020-09-15,3.0602608715373854,3.088263258597204,3.022257631956202,3.082262747084386,10720296.0,164450560.0
2020-09-16,3.058260701033112,3.0742620650672947,3.012256779434838,3.0262579729647476,10446979.0,158888064.0
2020-09-17,3.008256438426292,3.022257631956202,2.9742535398536547,2.9982555859049285,11828399.0,177162416.0
2020-09-18,3.030258313973293,3.212273829862118,3.030258313973293,3.1982726363322085,34853996.0,546817536.0
2020-09-21,3.2082734888535724,3.2482768989390283,3.1982726363322085,3.2062733183492997,31257520.0,503188608.0
2020-09-22,3.1782709312894806,3.1802711017937533,3.0862630880929314,3.090263429101477,19994200.0,312706944.0
2020-09-23,3.090263429101477,3.110265134144205,3.0162571204433837,3.034258654981839,16770108.0,256114784.0
2020-09-24,2.9802540513664733,2.9962554154006558,2.9282496182553803,2.9282496182553803,24118350.0,356700608.0
2020-09-25,2.950251493802381,2.9642526873322907,2.9042475722041066,2.9182487657340164,15102069.0,221084176.0
2020-09-28,2.9322499592639257,2.94225081178529,2.882245696657106,2.888246208169924,14880012.0,215702672.0
2020-09-29,2.920248936238289,2.920248936238289,2.8362417750588316,2.850242968588741,21707204.0,312028928.0
2020-09-30,2.8562434801015595,2.858243650605832,2.8142398995118305,2.8342416045545584,13115873.0,185788320.0
2020-10-09,2.8942467196827426,2.9262494477511076,2.882245696657106,2.910248083716925,17771272.0,258068608.0
2020-10-12,2.9142484247254705,2.988254733383564,2.9142484247254705,2.982254221870746,16882328.0,249762096.0
2020-10-13,2.9802540513664733,2.988254733383564,2.934250129768199,2.970253198845109,11805379.0,174541088.0
2020-10-14,2.954251834810927,2.954251834810927,2.9162485952297437,2.9242492772468345,10539500.0,154370096.0
2020-10-15,2.9282496182553803,2.958252175819472,2.920248936238289,2.9282496182553803,6574360.0,96530032.0
2020-10-16,2.94225081178529,2.9662528578365635,2.920248936238289,2.9322499592639257,9738024.0,142998928.0
2020-10-19,2.940250641281017,3.030258313973293,2.9282496182553803,2.9602523463237453,18542488.0,275679744.0
2020-10-20,2.9462511527938355,2.950251493802381,2.8902463786741968,2.9462511527938355,11669582.0,169998976.0
2020-10-21,3.0042560974177466,3.0162571204433837,2.950251493802381,2.988254733383564,19141258.0,285067936.0
2020-10-22,2.970253198845109,3.030258313973293,2.934250129768199,2.9662528578365635,15187620.0,226143968.0
2020-10-23,2.94225081178529,3.0042560974177466,2.930249788759653,2.968253028340836,14784658.0,219760896.0
2020-10-26,2.958252175819472,3.002255926913474,2.9262494477511076,2.9862545628792914,16366923.0,242840704.0
2020-10-27,2.958252175819472,2.9642526873322907,2.8962468901870158,2.9242492772468345,16225281.0,237421632.0
2020-10-28,2.9242492772468345,3.0842629175886587,2.912248254221198,3.054260360024567,34672284.0,523362624.0
2020-10-29,3.002255926913474,3.082262747084386,2.944250982289563,3.044259507503203,29238616.0,438675584.0
2020-10-30,3.0262579729647476,3.0262579729647476,2.9602523463237453,2.9602523463237453,16378138.0,245418192.0
2020-11-02,2.958252175819472,3.014256949939111,2.940250641281017,3.010256608930565,14333942.0,213415952.0
2020-11-03,3.0262579729647476,3.240276216921937,3.0262579729647476,3.2202745118792095,62246160.0,990944384.0
2020-11-04,3.1842714428022987,3.196272465827936,3.0962639406142958,3.1282666686826603,35614960.0,558996160.0
2020-11-05,3.1702702492723893,3.188271783810844,3.112265304648478,3.152268714733934,24548370.0,386749920.0
2020-11-06,3.1802711017937533,3.2282751938963004,3.154268885238207,3.1902719543151172,22067216.0,351212384.0
2020-11-09,3.2662784334774835,3.3062818435629397,3.230275364400573,3.240276216921937,43228440.0,705333504.0
2020-11-10,3.240276216921937,3.2922806500330304,3.2062733183492997,3.224274852887755,35128600.0,570918080.0
2020-11-11,3.2162741708706633,3.326283548605667,3.2062733183492997,3.2602779219646654,42542988.0,697099840.0
2020-11-12,3.226275023392027,3.226275023392027,3.1602693967510254,3.176270760785208,25315808.0,402834624.0
2020-11-13,3.1782709312894806,3.2182743413749364,3.1362673506997516,3.1842714428022987,21184394.0,336431616.0
2020-11-16,3.2362758759133916,3.5022985529816744,3.222274682383482,3.4882973594517646,103497104.0,1777902336.0
2020-11-17,3.430292414827853,3.5203000875201296,3.4202915623064896,3.4442936083577624,80539936.0,1398396800.0
2020-11-18,3.440293267349217,3.598306737186768,3.4382930968449448,3.5102992349987656,75161216.0,1316346240.0
2020-11-19,3.4762963364261275,3.514299576007311,3.3762878112124874,3.4342927558363994,47100228.0,807408832.0
2020-11-20,3.414291050793671,3.6763133868534075,3.4082905392808525,3.6103077602124056,82190768.0,1453173248.0
2020-11-23,3.7183169674431364,3.9503367459387815,3.67031287534059,3.8363270271952317,104831120.0,1995613696.0
2020-11-24,3.8363270271952317,4.090348681237877,3.74231901349441,4.030343566109694,96640272.0,1888675456.0
2020-11-25,4.030343566109694,4.150353796366062,3.9223343588789623,3.9483365754345083,86963864.0,1739879936.0
2020-11-26,3.97033845098151,4.1143507272891515,3.9223343588789623,4.1143507272891515,89500688.0,1796183040.0
2020-11-27,4.078347658212241,4.210358911494246,3.930335040896053,4.17035550140879,95755168.0,1948858496.0
2020-11-30,4.200358058972881,4.576390113776168,4.180356353930153,4.400375109400161,105062520.0,2301793280.0
2020-12-01,4.2763645381352475,4.47038107704971,4.252362492083975,4.460380224528346,73150784.0,1597137152.0
2020-12-02,4.404375450408708,4.590391307306078,4.292365902169431,4.346370505784796,94259200.0,2089387264.0
2020-12-03,4.254362662588247,4.272364197126702,4.078347658212241,4.080347828716513,95473848.0,1984378496.0
2020-12-04,4.0823479992207865,4.240361469058337,4.064346464682331,4.236361128049792,70108888.0,1459339008.0
2020-12-07,4.200358058972881,4.280364879143793,4.112350556784878,4.124351579810515,60450192.0,1262827904.0
2020-12-08,4.126351750314788,4.150353796366062,3.9763389624943275,4.058345953169512,62111472.0,1255396352.0
2020-12-09,4.080347828716513,4.2063585704857,4.0503452711524215,4.064346464682331,57405392.0,1181627392.0
2020-12-10,4.000341008545601,4.098349363254968,3.9363355524088717,4.094349022246423,54358200.0,1091437568.0
2020-12-11,4.260363174101066,4.310367436707886,3.8823309487935065,3.9783391329986006,94854312.0,1958216960.0
2020-12-14,3.9023326538362344,3.9763389624943275,3.828326345178141,3.914333676861871,55205880.0,1075517440.0
2020-12-15,3.8663295847593235,3.896332142323416,3.7923232761012304,3.87032992576787,43288208.0,830614080.0
2020-12-16,3.8943319718191427,3.97033845098151,3.824326004169595,3.8803307782892333,47206252.0,917424640.0
2020-12-17,3.8783306077849606,4.1843566949387,3.846327879716596,4.1843566949387,85002736.0,1713465472.0
2020-12-18,4.180356353930153,4.32036828922925,4.15635430787888,4.2823650496480665,86049160.0,1833547392.0
2020-12-21,4.2823650496480665,4.398374938895889,4.166355160400244,4.398374938895889,79547544.0,1700184064.0
2020-12-22,4.27036402662243,4.290365731665157,3.9583374279558723,3.9583374279558723,97979024.0,2026920448.0
2020-12-23,3.930335040896053,4.058345953169512,3.8803307782892333,3.9943404970327827,61281288.0,1212524160.0
2020-12-24,4.040344418631057,4.058345953169512,3.8583289027422323,3.9223343588789623,43420640.0,860767360.0
2020-12-25,3.8743302667764152,4.168355330904517,3.854328561733687,4.118351068297697,56956676.0,1151501184.0
2020-12-28,4.110350386280605,4.242361639562611,4.096349192750696,4.168355330904517,57628912.0,1200316800.0
2020-12-29,4.1603546488874255,4.166355160400244,3.930335040896053,3.9483365754345083,49457528.0,987320448.0
2020-12-30,3.928334870391781,4.0503452711524215,3.9083331653490525,4.012342031571238,35958280.0,717894656.0
2020-12-31,3.9783391329986006,4.040344418631057,3.912333506357598,3.9903401560242373,47895920.0,952417152.0
2021-01-04,4.004341349554147,4.2823650496480665,4.004341349554147,4.2763645381352475,79101360.0,1646220032.0
2021-01-05,4.238361298554065,4.296366243177976,4.144353284853243,4.198357888468609,75402984.0,1590076800.0
2021-01-06,4.340369994271978,4.3923744273830705,4.146353455357516,4.214359252502791,93836000.0,1994746240.0
2021-01-07,4.214359252502791,4.588391136801805,4.214359252502791,4.562388920246258,132856024.0,2926019584.0
2021-01-08,4.660397274955626,4.9924255786649105,4.444378860494163,4.968423532613637,135270016.0,3167401984.0
2021-01-11,4.800409210254722,4.880416030425634,4.580390454784713,4.62039386487017,115144576.0,2729274880.0
2021-01-12,4.42037681444289,4.688399662015446,4.37037255183607,4.67039812747699,83637680.0,1881534592.0
2021-01-13,4.630394717391534,4.87041517790427,4.480381929571073,4.510384487135166,92419864.0,2167249664.0
2021-01-14,4.5603887497419855,4.562388920246258,4.280364879143793,4.3603716993147055,62287304.0,1366739968.0
2021-01-15,4.438378348981345,4.508384316630893,4.266363685613884,4.37037255183607,55420056.0,1218408960.0
2021-01-18,4.27036402662243,4.444378860494163,4.132352261827607,4.394374597887343,52154988.0,1119898624.0
2021-01-19,4.378373233853161,4.380373404357433,4.162354819391698,4.174355842417335,51204796.0,1089348096.0
2021-01-20,4.172355671913063,4.292365902169431,4.1603546488874255,4.274364367630976,38821960.0,823097472.0
2021-01-21,4.2763645381352475,4.610393012348806,4.238361298554065,4.58439079579326,77607088.0,1734208000.0
2021-01-22,4.490382782092437,4.538386874194985,4.386373915870252,4.462380395032619,56205836.0,1255680000.0
2021-01-25,4.452379542511255,4.680398979998354,4.400375109400161,4.544387385707803,64715468.0,1468142848.0
2021-01-26,4.460380224528346,4.478381759066801,4.202358229477155,4.23436095754552,60049204.0,1300642944.0
2021-01-27,4.23436095754552,4.280364879143793,4.066346635186604,4.174355842417335,39459928.0,819846144.0
2021-01-28,3.9643379394686913,4.052345441656694,3.862329243750778,3.8783306077849606,56294496.0,1112439936.0
2021-01-29,3.9423360639216902,3.9643379394686913,3.684314068870499,3.7683212300499567,48844920.0,930932608.0
2021-02-01,3.7683212300499567,3.9243345293832355,3.740318842990137,3.9103333358533257,37970976.0,730308480.0
2021-02-02,3.9003324833319613,3.9783391329986006,3.844327709212323,3.9103333358533257,30197032.0,588824128.0
2021-02-03,3.9003324833319613,4.010341861066966,3.8063244696311402,3.8783306077849606,40704364.0,795555264.0
2021-02-04,3.8983323128276886,3.9803393035028733,3.7583203775285923,3.8603290732465054,39931144.0,773029440.0
2021-02-05,3.8763304372806875,3.9203341883746896,3.722317308451682,3.7323181609730463,36654096.0,697383872.0
2021-02-08,3.840327368203777,3.986339815015692,3.8003239581183212,3.9583374279558723,40161780.0,785695872.0
2021-02-09,4.062346294178058,4.2563628330925205,4.042344589135331,4.23436095754552,56892436.0,1177655424.0
2021-02-10,4.2183595935113365,4.630394717391534,4.200358058972881,4.58439079579326,81464768.0,1821742848.0
2021-02-18,5.042429841271731,5.042429841271731,4.900417735468362,5.042429841271731,93876648.0,2354708736.0
2021-02-19,5.042429841271731,5.508469568767293,4.990425408160638,5.388459338510925,168023312.0,4428009472.0
2021-02-22,5.7924937803740315,5.926505204160309,5.656482186083481,5.926505204160309,90720032.0,2667327488.0
2021-02-23,5.926505204160309,6.340540498544779,5.738489176758666,6.0645169689551315,201987008.0,6111996928.0
2021-02-24,5.996511171809857,6.100520038032042,5.616478775998024,5.658482356587753,159758080.0,4639970816.0
2021-02-25,5.9605081027329465,5.9605081027329465,5.640480822049298,5.700485937177482,130238808.0,3782829312.0
2021-02-26,5.344455587416923,5.836497531468033,5.340455246408378,5.5804757069211135,119541496.0,3319805952.0
2021-03-01,5.500468886750202,5.716487301211664,5.42046206657929,5.640480822049298,113533664.0,3150984704.0
2021-03-02,5.48446752271602,5.500468886750202,5.204443652117828,5.330454393887013,107950064.0,2860191232.0
2021-03-03,5.42046206657929,5.4444641126305635,5.260448426237466,5.37045780397247,85707904.0,2299076096.0
2021-03-04,5.1804416060665535,5.318453370861377,5.080433080852914,5.100434785895642,86882272.0,2246217216.0
2021-03-05,4.852413643365815,5.100434785895642,4.786408016724812,5.008426942699093,75784592.0,1870898048.0
2021-03-08,5.150439048502462,5.200443311109282,4.810410062776086,4.810410062776086,70404624.0,1762770688.0
2021-03-09,4.890416882946997,5.110435638417006,4.676398638989808,4.904418076476907,99123672.0,2439263232.0
2021-03-10,4.8444129613487235,4.948421827570908,4.802409380758995,4.850413472861542,48808864.0,1187459712.0
2021-03-11,4.882416200929907,5.336454905399832,4.882416200929907,5.336454905399832,114310248.0,2941587200.0
2021-03-12,5.336454905399832,5.400460361536562,5.174441094553735,5.400460361536562,96994328.0,2570204672.0
2021-03-15,5.430462919100654,5.578475536416842,5.252447744220375,5.356456610442561,84702808.0,2299118080.0
2021-03-16,5.280450131280194,5.298451665818649,4.942421316058091,5.024428306733276,81291344.0,2071852288.0
2021-03-17,4.860414325382906,5.036429329758912,4.780407505211993,5.000426260682002,58990236.0,1443266560.0
2021-03-18,5.0764327398443685,5.130437343459733,4.92041944051109,4.932420463536727,53942784.0,1353167488.0
2021-03-19,4.804409551263268,4.9344206340409995,4.780407505211993,4.822411085801723,43941052.0,1066299456.0
2021-03-22,4.842412790844451,4.930420293032453,4.736403754117992,4.906418246981181,44300320.0,1077610112.0
2021-03-23,4.966423362109364,4.9924255786649105,4.62039386487017,4.660397274955626,60415676.0,1429229696.0
2021-03-24,4.5603887497419855,4.578390284280441,4.310367436707886,4.324368630237795,70255496.0,1549561984.0
2021-03-25,4.326368800742068,4.414376302930071,4.322368459733522,4.328368971246341,37313140.0,813330432.0
2021-03-26,4.316367948220703,4.440378519485617,4.288365561160885,4.40637562091298,40942568.0,895037696.0
2021-03-29,4.440378519485617,4.446379030998436,4.332369312254887,4.404375450408708,37252372.0,818470528.0
2021-03-30,4.340369994271978,4.538386874194985,4.2443618100668825,4.50638414612662,62773516.0,1381846144.0
2021-03-31,4.438378348981345,4.458380054024072,4.35637135830616,4.4243771554514355,32386024.0,712530432.0
2021-04-01,4.402375279904435,4.4883826115881655,4.344370335280523,4.440378519485617,32773458.0,724664320.0
2021-04-02,4.422376984947162,4.638395399408625,4.394374597887343,4.62039386487017,55528532.0,1260108288.0
2021-04-06,4.740404095126538,4.776407164203448,4.612393182853078,4.616393523861624,46642904.0,1093109632.0
2021-04-07,4.566389261254804,4.674398468485536,4.484382270579619,4.6503964224342615,41323728.0,946834432.0
2021-04-08,4.700400685041082,5.116436149929824,4.700400685041082,5.092434103878551,120879824.0,3001115392.0
2021-04-09,5.088433762870006,5.088433762870006,4.894417223955543,4.92041944051109,78349984.0,1942112000.0
2021-04-12,4.832411938323086,4.874415518912816,4.632394887895806,4.680398979998354,54373364.0,1287177600.0
2021-04-13,4.63439505840008,4.72040239008381,4.626394376382988,4.696400344032536,32956216.0,771024704.0
2021-04-14,4.7024008555453545,4.774406993699175,4.660397274955626,4.736403754117992,33652184.0,795135552.0
2021-04-15,4.82041091529745,5.100434785895642,4.80640972176754,5.054430864297367,78594176.0,1940619520.0
2021-04-16,5.240446721194738,5.246447232707556,4.988425237656365,5.010427113203366,80626288.0,2062961152.0
2021-04-19,4.952422168579455,5.3544564399382875,4.894417223955543,5.300451836322922,79810048.0,2027248000.0
2021-04-20,5.1804416060665535,5.372457974476743,5.124436831946916,5.200443311109282,70337824.0,1838298496.0
2021-04-21,5.072432398835822,5.130437343459733,5.004426601690548,5.106435297408461,45644072.0,1158268160.0
2021-04-22,5.174441094553735,5.2764497902716485,5.110435638417006,5.118436320434097,50083464.0,1299267584.0
2021-04-23,5.096434444887096,5.2184448456477375,5.066431887323004,5.1844419470751,46226956.0,1191760000.0
2021-04-26,5.28445047228874,5.488467863724566,5.224445357160556,5.356456610442561,92011760.0,2460190976.0
2021-04-27,5.422462237083563,5.6504816745706625,5.400460361536562,5.622479287510843,101736304.0,2815391488.0
2021-04-28,5.432463089604926,5.468466158681837,5.300451836322922,5.410461214057926,76669608.0,2064687616.0
2021-04-29,5.556473660869841,5.576475365912568,5.4344632601092,5.466465988177564,59215096.0,1631522176.0
2021-04-30,5.3804586564938335,5.398460191032289,5.23444620968192,5.312452859348559,60434560.0,1609498624.0
2021-05-06,5.556473660869841,5.614478605493752,5.404460702545108,5.490468034228838,67803368.0,1869181824.0
2021-05-07,5.600477411963842,5.742489517767211,5.544472637844203,5.60647792347666,81664592.0,2299639552.0
2021-05-10,5.802494632895395,6.164525494168772,5.7604910523056665,6.162525323664499,105637752.0,3150185216.0
2021-05-11,5.900502987604762,6.010512365339767,5.642480992553571,5.8444982134851236,92156040.0,2678425088.0
2021-05-12,5.8504987249979425,5.9545075912201275,5.740489347262938,5.904503328613307,51971140.0,1526218496.0
2021-05-13,5.652481845074935,5.6764838911262085,5.414461555066472,5.436463430613473,76788032.0,2125615744.0
2021-05-14,5.3864591680066525,5.446464283134836,5.216444675143464,5.312452859348559,75615208.0,1997376896.0
2021-05-17,5.224445357160556,5.440463771622018,5.224445357160556,5.402460532040835,55568272.0,1482675968.0
2021-05-18,5.480467181707474,5.53447178532284,5.422462237083563,5.500468886750202,46861656.0,1284001664.0
2021-05-19,5.400460361536562,5.402460532040835,5.278449960775921,5.3344547348955595,46425980.0,1239044480.0
2021-05-20,5.004426601690548,5.120436490938371,4.92041944051109,5.08443342186146,58042728.0,1456447616.0
2021-05-21,5.060431375810186,5.222445186656283,5.030428818246094,5.154439389511007,39816392.0,1023101376.0
2021-05-24,5.056431034801641,5.098434615391369,4.960422850596546,5.026428477237548,45173092.0,1131176704.0
2021-05-25,5.042429841271731,5.174441094553735,4.980424555639273,5.118436320434097,52538744.0,1336863104.0
2021-05-26,5.058431205305913,5.150439048502462,5.002426431186275,5.1484388779981884,50980672.0,1298747776.0
2021-05-27,5.086433592365732,5.136437854972552,5.042429841271731,5.100434785895642,45154816.0,1147362048.0
2021-05-28,5.300451836322922,5.326454052878468,5.1344376844682795,5.164440242032372,65501168.0,1716935168.0
2021-05-31,5.216444675143464,5.2764497902716485,5.17044075354519,5.248447403211829,41439404.0,1081332736.0
2021-06-01,5.210444163630646,5.274449619767376,5.08443342186146,5.258448255733193,41793668.0,1082868224.0
2021-06-02,5.200443311109282,5.238446550690465,5.106435297408461,5.106435297408461,32899908.0,850487104.0
2021-06-03,5.060431375810186,5.196442970100736,5.042429841271731,5.102434956399915,30048296.0,771149504.0
2021-06-04,4.92041944051109,5.028428647741821,4.862414495887179,4.960422850596546,40564636.0,1001356608.0
2021-06-07,4.968423532613637,5.030428818246094,4.956422509588,4.966423362109364,24550290.0,611936896.0
2021-06-08,4.976424214630728,5.000426260682002,4.800409210254722,4.82041091529745,38314368.0,931476544.0
2021-06-09,4.858414154878633,4.938420975049545,4.816410574288904,4.88441637143418,27933224.0,681474944.0
2021-06-10,4.852413643365815,4.896417394459816,4.814410403784631,4.8444129613487235,24323216.0,590353472.0
2021-06-11,4.840412620340178,4.950421998075182,4.726402901596628,4.922419611015362,48900292.0,1186015488.0
2021-06-15,4.826411426810268,4.828411597314541,4.596391818818896,4.6183936943658965,50584208.0,1180027392.0
2021-06-16,4.540387044699258,4.590391307306078,4.42037681444289,4.448379201502709,38556848.0,866759488.0
2021-06-17,4.4243771554514355,4.498383464109528,4.410375961921526,4.448379201502709,23832228.0,531852384.0
2021-06-18,4.35637135830616,4.472381247553982,4.284365220152339,4.454379713015527,31508362.0,693637952.0
2021-06-21,4.396374768391616,4.452379542511255,4.380373404357433,4.416376473434344,25157858.0,554495680.0
2021-06-22,4.454379713015527,4.562388920246258,4.430377666964254,4.528386021673621,36051056.0,812508992.0
2021-06-23,4.5603887497419855,4.608392841844533,4.522385510160802,4.564389090750532,28685596.0,654625792.0
2021-06-24,4.600392159827441,4.62039386487017,4.504383975622347,4.526385851169348,23834366.0,541543040.0
2021-06-25,4.576390113776168,4.710401537562446,4.550387897220622,4.694400173528263,41313976.0,959924416.0
2021-06-28,4.640395569912897,4.642395740417171,4.5603887497419855,4.580390454784713,27616600.0,633209024.0
2021-06-29,4.566389261254804,4.574389943271895,4.452379542511255,4.460380224528346,23374924.0,525688704.0
2021-06-30,4.448379201502709,4.52038533965653,4.438378348981345,4.4763815885625275,16330733.0,365317504.0
2021-07-01,4.4823821000753465,4.498383464109528,4.386373915870252,4.390374256878798,18834418.0,418302272.0
2021-07-02,4.374372892844615,4.526385851169348,4.326368800742068,4.412376132425798,26627204.0,590088448.0
2021-07-05,4.412376132425798,4.662397445459899,4.410375961921526,4.660397274955626,48471752.0,1108219776.0
2021-07-06,4.67039812747699,4.708401367058173,4.5603887497419855,4.706401196553901,38365728.0,888599872.0
2021-07-07,4.5603887497419855,4.718402219579537,4.532386362682167,4.684399321006899,34881260.0,808553600.0
2021-07-08,4.662397445459899,4.828411597314541,4.568389431759077,4.580390454784713,42250016.0,992051840.0
2021-07-09,4.526385851169348,4.97042370311791,4.5023838051180745,4.880416030425634,79390040.0,1908818048.0
2021-07-12,5.074432569340096,5.1344376844682795,4.912418758493998,4.922419611015362,77326288.0,1939245696.0
2021-07-13,4.92041944051109,4.976424214630728,4.8244112563059955,4.880416030425634,38902552.0,949558080.0
2021-07-14,4.840412620340178,4.842412790844451,4.680398979998354,4.706401196553901,39262388.0,930599808.0
2021-07-15,4.690399832519717,4.944421486562363,4.644395910921443,4.942421316058091,52745036.0,1270601984.0
2021-07-16,5.088433762870006,5.124436831946916,4.940421145553818,4.978424385135001,73538624.0,1850501760.0
2021-07-19,4.916419099502544,5.072432398835822,4.900417735468362,4.948421827570908,53452720.0,1338325376.0
2021-07-20,4.937999709147211,5.000532419689387,4.879635845974513,4.965097217048821,42299264.0,1001057536.0
2021-07-21,5.000532419689387,5.083909367078957,4.96718164073356,5.017207809167301,39372600.0,949233216.0
2021-07-22,5.023461080221519,5.302773853976575,4.965097217048821,5.300689430291835,76359216.0,1901518336.0
2021-07-23,5.302773853976575,5.577917780362152,5.263169803966529,5.392404072420361,85631216.0,2235222784.0
2021-07-26,5.569580085623194,5.650872609328024,5.36739098820349,5.523722764558932,99378288.0,2640740352.0
2021-07-27,5.690476659338069,5.8780747909645985,5.504962951396279,5.523722764558932,113821008.0,3124734976.0
2021-07-28,5.41950158032197,5.457021206647276,5.117260146034784,5.231903448695441,66295588.0,1685233280.0
2021-07-29,5.350715598725577,5.415332732952492,5.248578838173355,5.3944884961051,56750916.0,1451975040.0
2021-07-30,5.296520582922357,5.406995038213536,5.23398787238018,5.3819819539966645,53008024.0,1349142656.0
2021-08-02,5.350715598725577,5.540398154036845,5.181877280261699,5.511216222450496,69779600.0,1784483712.0
2021-08-03,5.36739098820349,5.375728682942447,5.044305317068911,5.106838027611087,68771744.0,1727475712.0
2021-08-04,5.108922451295827,5.219396906587005,5.0505585881231285,5.181877280261699,37531808.0,931004352.0
2021-08-05,5.079740519709478,5.111006874980566,4.915071048615079,4.954675098625125,60851296.0,1454358272.0
2021-08-06,4.94008413283195,5.196468246054874,4.929662014408254,5.165201890783786,54384248.0,1329539328.0
2021-08-09,5.004701267058866,5.131851111827959,4.935915285462472,5.10058475655687,39646632.0,954909760.0
2021-08-10,5.046389740753651,5.092247061817913,4.971350488103039,5.063065130231564,34365848.0,830529664.0
2021-08-11,5.163117467099046,5.183961703946439,5.063065130231564,5.0880782144484344,39412008.0,966896832.0
2021-08-12,5.081824943394217,5.31528039608501,5.01929223285204,5.31528039608501,70662336.0,1770088192.0
2021-08-13,5.231903448695441,5.311111548715531,5.175624009207482,5.267338651336008,49289880.0,1239761664.0
2021-08-16,5.377813106627186,5.413248309267753,5.035967622329954,5.052643011807867,56075696.0,1402823296.0
2021-08-17,5.002616843374127,5.1610330434143075,4.900480082821906,4.950506251255646,46090240.0,1112633472.0
2021-08-18,4.890057964398209,4.99427914863517,4.840031795964467,4.948421827570907,30020772.0,707848384.0
2021-08-19,4.8296096775407715,4.83169410122551,4.721219645934331,4.764992543313856,42165896.0,965294912.0
2021-08-20,4.752486001205421,4.75457042489016,4.669109053815851,4.731641764358028,30106892.0,679247488.0
2021-08-23,4.794174474900204,4.846285067018686,4.762908119629117,4.8212719828018145,30004496.0,692382272.0
2021-08-24,4.852538338072903,5.060980706546825,4.852538338072903,4.998447996004648,52648080.0,1257619968.0
2021-08-25,5.002616843374127,5.129766688143219,4.937999709147211,5.117260146034784,52966524.0,1282844544.0
2021-08-26,5.044305317068911,5.302773853976575,5.031798774960476,5.158948619729568,68911184.0,1719091456.0
2021-08-27,5.150610924990612,5.309027125030791,5.150610924990612,5.298605006607096,65861220.0,1662229760.0
2021-08-30,5.423670427691449,5.479949867179408,5.284014040813922,5.386150801366143,81212856.0,2094960000.0
2021-08-31,5.31528039608501,5.542482577721585,5.211059211848049,5.529976035613149,86964392.0,2255956480.0
2021-09-01,5.4820342908641475,5.600846440894283,5.108922451295827,5.183961703946439,85548528.0,2188844288.0
2021-09-02,5.108922451295827,5.492456409287843,5.106838027611087,5.361137717149272,65241868.0,1663502976.0
2021-09-03,5.361137717149272,5.836386317269815,5.327786938193444,5.4820342908641475,110551112.0,2959300608.0
2021-09-06,5.596677593524805,5.623775101426414,5.213143635532788,5.4090794618982745,64331636.0,1667146880.0
2021-09-07,5.4090794618982745,5.559157967199499,5.356968869779794,5.494540832972582,61496812.0,1614106752.0
2021-09-08,5.459105630332016,5.621690677741674,5.384066377681403,5.540398154036845,74061680.0,1958046848.0
2021-09-09,5.471612172440451,5.869737096225642,5.436176969799884,5.857230554117207,119293128.0,3276079616.0
2021-09-10,5.836386317269815,6.16780968314335,5.796782267259769,5.957282890984689,125557200.0,3591419904.0
2021-09-13,6.117783514709609,6.507570743755843,6.057335227852172,6.451291304267884,130100448.0,3939957504.0
2021-09-14,6.24910220684818,6.24910220684818,5.894750180442513,5.95519846729995,112664056.0,3283344896.0
2021-09-15,5.84889285937825,6.003140212048952,5.755093793564985,5.909341146235687,65495300.0,1846872704.0
2021-09-16,5.965620585723646,6.076095041014824,5.627943948795893,5.667547998805938,84229832.0,2362263552.0
2021-09-17,5.6070997119485,5.719658590924419,5.348631175040837,5.479949867179408,63466700.0,1685175552.0
2021-09-22,5.319449243454488,5.438261393484623,5.254832109227572,5.429923698745667,54552600.0,1399522560.0
2021-09-23,5.5007941040268005,5.55498911983002,5.323618090823967,5.377813106627186,47711396.0,1240868864.0
2021-09-24,5.388235225050883,5.4820342908641475,5.167286314468525,5.183961703946439,52660976.0,1338958848.0
2021-09-27,5.140188806566915,5.223565753956484,4.887973540713469,4.923408743354036,56911908.0,1369117952.0
2021-09-28,4.935915285462472,5.025545503906258,4.923408743354036,5.002616843374127,31381642.0,749321152.0
2021-09-29,4.960928369679342,4.9776037591572555,4.798343322269683,4.927577590723515,33421010.0,785737920.0
2021-09-30,4.931746438092993,5.117260146034784,4.921324319669297,5.098500332872131,34133292.0,824313280.0
2021-10-08,5.1881305513159175,5.1881305513159175,5.010954538113084,5.07348724865526,24772028.0,603341760.0
2021-10-11,5.07557167234,5.202721517109092,4.975519335472517,5.200637093424352,31643022.0,776046336.0
2021-10-12,5.167286314468525,5.200637093424352,4.94008413283195,5.065149553916304,30700628.0,745203648.0
2021-10-13,5.042220893384172,5.094331485502653,4.942168556516689,5.063065130231564,20640578.0,496791648.0
2021-10-14,5.148526501305872,5.384066377681403,5.111006874980566,5.300689430291835,55785580.0,1403580288.0
2021-10-15,5.413248309267753,5.55498911983002,5.325702514508706,5.346546751356097,56955592.0,1483088512.0
2021-10-18,5.513300646135235,5.594593169840065,5.415332732952492,5.5841710514163685,59843032.0,1583162368.0
2021-10-19,5.479949867179408,5.573748932992673,5.398657343474578,5.544567001406324,43891696.0,1153980288.0
2021-10-20,5.348631175040837,5.392404072420361,5.298605006607096,5.338209056617141,40397476.0,1035379648.0
2021-10-21,5.388235225050883,5.4549367829625375,5.2881828881834,5.294436159237617,38952060.0,1004737856.0
2021-10-22,5.211059211848049,5.304858277661314,5.094331485502653,5.104753603926348,39617176.0,985716864.0
2021-10-25,5.104753603926348,5.186046127631178,5.027629927590998,5.146442077621133,23837644.0,585751360.0
2021-10-26,5.150610924990612,5.194383822370135,5.0880782144484344,5.12768226445848,23434094.0,577502848.0
2021-10-27,5.065149553916304,5.092247061817913,4.975519335472517,5.000532419689387,28630852.0,688555520.0
2021-10-28,4.94008413283195,4.96718164073356,4.758739272259637,4.827525253856033,39556012.0,918521280.0
2021-10-29,4.794174474900204,4.906733353876122,4.7837523564765085,4.854622761757642,27696616.0,643510656.0
2021-11-01,4.794174474900204,4.925493167038775,4.767076966998595,4.8754669986050345,22172708.0,516202432.0
2021-11-02,4.883804693343991,4.927577590723515,4.712881951195375,4.78166793279177,30790122.0,712191808.0
2021-11-03,4.7754146617375515,4.910902201245601,4.752486001205421,4.910902201245601,22043866.0,510214784.0
2021-11-04,4.85879160912712,4.892142388082948,4.837947372279729,4.871298151235556,19259356.0,449248704.0
2021-11-05,4.794174474900204,4.80668101700864,4.723304069619071,4.723304069619071,27012584.0,616579392.0
2021-11-08,4.7566548485748985,4.835862948594989,4.7566548485748985,4.80668101700864,16946114.0,390328672.0
2021-11-09,4.840031795964467,4.852538338072903,4.769161390683334,4.819187559117076,14416058.0,331887616.0
2021-11-10,4.787921203845987,4.787921203845987,4.714966374880115,4.777499085422291,17093822.0,389043488.0
2021-11-11,4.773330238052813,4.862960456496599,4.75457042489016,4.846285067018686,17887778.0,413467264.0
2021-11-12,4.8942268117676875,4.921324319669297,4.8212719828018145,4.840031795964467,17513268.0,408632128.0
2021-11-15,4.856707185442382,4.88588911702873,4.773330238052813,4.815018711747597,14615483.0,336722848.0
2021-11-16,4.798343322269683,4.83169410122551,4.752486001205421,4.762908119629117,15014660.0,344736672.0
2021-11-17,4.714966374880115,4.80668101700864,4.714966374880115,4.771245814368074,13007599.0,297776288.0
2021-11-18,4.735810611727507,4.842116219649207,4.723304069619071,4.794174474900204,21031240.0,483609536.0
2021-11-19,4.796258898584944,4.910902201245601,4.773330238052813,4.898395659137166,28309334.0,659759104.0
2021-11-22,4.892142388082948,4.925493167038775,4.85879160912712,4.883804693343991,21712052.0,508585152.0
2021-11-23,4.900480082821906,4.9776037591572555,4.883804693343991,4.902564506506644,26203484.0,620203456.0
2021-11-24,4.88588911702873,4.927577590723515,4.842116219649207,4.927577590723515,19751188.0,462813440.0
2021-11-25,4.960928369679342,5.000532419689387,4.917155472299819,4.9859414538962135,26934996.0,642908416.0
2021-11-26,4.915071048615079,4.9588439459946025,4.871298151235556,4.896311235452426,21368186.0,502881440.0
2021-11-29,4.752486001205421,4.83169410122551,4.733726188042768,4.785836780161248,21198812.0,486120128.0
2021-11-30,4.796258898584944,4.842116219649207,4.733726188042768,4.750401577520681,21123040.0,484189952.0
2021-12-01,4.733726188042768,4.794174474900204,4.6920377143479834,4.794174474900204,17136038.0,389960704.0
2021-12-02,4.752486001205421,4.7754146617375515,4.723304069619071,4.735810611727507,16856318.0,383816448.0
2021-12-03,4.739979459096984,4.792090051215466,4.729557340673289,4.777499085422291,15611194.0,356788960.0
2021-12-06,4.762908119629117,4.898395659137166,4.762908119629117,4.80668101700864,26802260.0,622143872.0
2021-12-07,4.827525253856033,4.883804693343991,4.75457042489016,4.835862948594989,19513386.0,451112224.0
2021-12-08,4.835862948594989,4.917155472299819,4.835862948594989,4.904648930191383,27274144.0,639987776.0
2021-12-09,4.919239895984558,4.937999709147211,4.8671293038660774,4.902564506506644,24705166.0,581070016.0
2021-12-10,4.883804693343991,4.898395659137166,4.842116219649207,4.85879160912712,16463201.0,384196992.0
2021-12-13,4.869213727550816,4.8942268117676875,4.825440830171293,4.8671293038660774,19083796.0,445622432.0
2021-12-14,4.835862948594989,4.842116219649207,4.767076966998595,4.773330238052813,21240988.0,487379552.0
2021-12-15,4.769161390683334,4.787921203845987,4.748317153835942,4.75457042489016,14131086.0,322992608.0
2021-12-16,4.75457042489016,4.86087603281186,4.750401577520681,4.844200643333946,21248992.0,491183744.0
2021-12-17,4.892142388082948,4.960928369679342,4.8483694907034245,4.854622761757642,28156662.0,661574592.0
2021-12-20,4.83377852491025,4.865044880181339,4.742063882781724,4.748317153835942,20165058.0,462399488.0
2021-12-21,4.762908119629117,4.77958350910703,4.7378950354122455,4.77958350910703,12827140.0,292779904.0
2021-12-22,4.792090051215466,4.800427745954423,4.758739272259637,4.769161390683334,10863153.0,248708224.0
2021-12-23,4.796258898584944,4.83377852491025,4.764992543313856,4.825440830171293,17938460.0,413327072.0
2021-12-24,4.804596593323901,4.810849864378119,4.725388493303811,4.733726188042768,18494704.0,421294272.0
2021-12-27,4.729557340673289,4.742063882781724,4.6920377143479834,4.696206561717462,12477837.0,282046880.0
2021-12-28,4.7378950354122455,4.748317153835942,4.698290985402201,4.717050798564854,10620989.0,240347712.0
2021-12-29,4.698290985402201,4.72747291698855,4.6920377143479834,4.698290985402201,10769239.0,242995488.0
2021-12-30,4.694122138032722,4.706628680141157,4.633673851175285,4.637842698544763,19304706.0,430751456.0
2021-12-31,4.612829614327892,4.660771359076895,4.612829614327892,4.654518088022677,10858580.0,241726032.0
2022-01-04,4.64618039328372,4.677446748554809,4.623251732751589,4.6649402064463725,13085557.0,292155264.0
2022-01-05,4.685784443293765,4.694122138032722,4.6274205801210675,4.6732779011853305,13505539.0,302057952.0
2022-01-06,4.639927122229503,4.662855782761634,4.631589427490545,4.650349240653198,9466311.0,211113104.0
2022-01-07,4.639927122229503,4.687868866978504,4.633673851175285,4.658686935392156,12870457.0,287720704.0
2022-01-10,4.658686935392156,4.70037540908694,4.654518088022677,4.687868866978504,11103906.0,249517200.0
2022-01-11,4.669109053815851,4.72747291698855,4.660771359076895,4.706628680141157,15178855.0,342825376.0
2022-01-12,4.7566548485748985,4.8296096775407715,4.744148306466464,4.823356406486554,31902364.0,734035968.0
2022-01-13,4.919239895984558,4.954675098625125,4.804596593323901,4.80668101700864,38516784.0,901603712.0
2022-01-14,4.792090051215466,4.792090051215466,4.696206561717462,4.704544256456418,19667636.0,445876736.0
2022-01-17,4.650349240653198,4.6837000196090255,4.612829614327892,4.662855782761634,18152272.0,404068256.0
2022-01-18,4.6732779011853305,4.708713103825897,4.642011545914242,4.6837000196090255,14671214.0,329258400.0
2022-01-19,4.660771359076895,4.7024598327716784,4.616998461697371,4.644095969598982,15399077.0,343988480.0
2022-01-20,4.669109053815851,4.744148306466464,4.669109053815851,4.704544256456418,18912804.0,427109984.0
2022-01-21,4.6920377143479834,4.721219645934331,4.629505003805806,4.675362324870069,12714001.0,285400576.0
2022-01-24,4.648264816968459,4.648264816968459,4.483595345874061,4.531537090623063,20064320.0,436705888.0
2022-01-25,4.500270735351974,4.533621514307803,4.310588180040706,4.312672603725446,21519366.0,455587392.0
2022-01-26,4.318925874779662,4.375205314267621,4.27515297740014,4.366867619528665,13988433.0,291135680.0
2022-01-27,4.366867619528665,4.366867619528665,4.21887353791218,4.21887353791218,13901210.0,284592960.0
2022-01-28,4.252224316868007,4.262646435291703,4.133412166837872,4.206366995803744,13200364.0,265983776.0
2022-02-07,4.2730685537154,4.389796280060796,4.2730685537154,4.32517914583388,15149694.0,314879456.0
2022-02-08,4.354361077420229,4.4064716695387105,4.29808163793227,4.404387245853971,18947708.0,396820000.0
2022-02-09,4.400218398484492,4.56697229326363,4.398133974799753,4.550296903785716,29190694.0,632446336.0
2022-02-10,4.637842698544763,4.733726188042768,4.637842698544763,4.714966374880115,40653200.0,915306560.0
2022-02-11,4.70037540908694,4.750401577520681,4.650349240653198,4.654518088022677,28451332.0,641083712.0
2022-02-14,4.587816530111023,4.694122138032722,4.56905671694837,4.623251732751589,15330506.0,341480192.0
2022-02-15,4.616998461697371,4.658686935392156,4.5357059379925415,4.583647682741543,12668587.0,278402816.0
2022-02-16,4.589900953795762,4.654518088022677,4.585732106426283,4.6003230722194575,11987360.0,265525440.0
2022-02-17,4.585732106426283,4.635758274860024,4.56905671694837,4.6086607669584145,11878746.0,262437664.0
2022-02-18,4.6086607669584145,4.689953290663244,4.5815632590568045,4.654518088022677,18913896.0,419898368.0
2022-02-21,4.631589427490545,4.642011545914242,4.585732106426283,4.61908288538211,12706646.0,281211136.0
2022-02-22,4.6003230722194575,4.650349240653198,4.531537090623063,4.596154224849979,14052909.0,309244864.0
2022-02-23,4.629505003805806,4.642011545914242,4.556550174839933,4.604491919588936,14209722.0,313088160.0
2022-02-24,4.556550174839933,4.589900953795762,4.431484753755581,4.4815109221893215,24340192.0,527518848.0
2022-02-25,4.529452666938324,4.637842698544763,4.504439582721453,4.525283819568846,25163180.0,552481664.0
2022-02-28,4.587816530111023,4.61908288538211,4.483595345874061,4.61908288538211,17723196.0,388554240.0
2022-03-01,4.606576343273676,4.6274205801210675,4.519030548514627,4.556550174839933,16033080.0,350256960.0
2022-03-02,4.573225564317847,4.72747291698855,4.56488786957889,4.687868866978504,37777432.0,845001280.0
2022-03-03,4.769161390683334,4.906733353876122,4.75457042489016,4.817103135432336,46888228.0,1087030400.0
2022-03-04,4.787921203845987,4.865044880181339,4.714966374880115,4.744148306466464,28002448.0,641162944.0
2022-03-07,4.898395659137166,4.915071048615079,4.723304069619071,4.764992543313856,30169292.0,695799680.0
2022-03-08,4.648264816968459,4.648264816968459,4.323094722149141,4.4627511090266685,44861288.0,966654720.0
2022-03-09,4.396049551115014,4.4064716695387105,4.108399082621002,4.231380080020616,38781676.0,794608128.0
2022-03-10,4.283490672139096,4.304334908986488,4.210535843173223,4.24597104581379,26055930.0,532340736.0
2022-03-11,4.189691606325831,4.3147570274101845,4.087554845773609,4.289743943193313,23409816.0,470081120.0
2022-03-14,4.2147046905427015,4.2730685537154,4.110483506305741,4.110483506305741,21471280.0,431224672.0
2022-03-15,4.068795032610956,4.072963879980435,3.7311183956832026,3.7477937851611167,36347100.0,675073664.0
2022-03-16,3.81866419044225,3.9166321036249934,3.691514345673158,3.8957878667776016,24041168.0,439771680.0
2022-03-17,3.960405001004517,4.029190982600911,3.9187165273097326,3.960405001004517,23807688.0,453918656.0
2022-03-18,3.9895869325908664,4.068795032610956,3.964573848373995,4.054204066817782,19507176.0,376990752.0
2022-03-21,4.072963879980435,4.091723693143088,3.9875025089061267,4.043781948394085,17907696.0,347556928.0
2022-03-22,4.0854704220888705,4.118821201044698,4.03335982997039,4.091723693143088,15121506.0,296833312.0
2022-03-23,4.0667106089262175,4.095892540512566,4.035444253655129,4.070879456295696,10867314.0,211894528.0
2022-03-24,4.089639269458349,4.152171980000525,4.070879456295696,4.097976964197305,16059406.0,316081632.0
2022-03-25,4.027106558916172,4.145918708946308,4.027106558916172,4.087554845773609,14890962.0,293428960.0
2022-03-28,4.081301574719391,4.164678522108961,3.9916713562756048,4.125074472098915,15699456.0,307895168.0
2022-03-29,4.145918708946308,4.1771850642173955,4.0854704220888705,4.0938081168278275,10217716.0,201963952.0
2022-03-30,4.097976964197305,4.129243319468394,4.060457337871999,4.116736777359958,13435757.0,264074432.0
2022-03-31,4.0854704220888705,4.110483506305741,3.9937557799603445,4.018768864177216,15358406.0,297588800.0
2022-04-01,3.9687426957434737,4.060457337871999,3.9583205773197774,4.041697524709346,10521183.0,203365824.0
2022-04-06,4.041697524709346,4.114652353675219,3.9875025089061267,4.108399082621002,18303348.0,356209984.0
2022-04-07,4.068795032610956,4.089639269458349,4.006262322068779,4.012515593122997,10615488.0,206053824.0
2022-04-08,4.010431169438258,4.152171980000525,3.931223069418168,4.104230235251523,19837468.0,385959392.0
2022-04-11,4.064626185241478,4.127158895783655,3.9395607641571244,3.9541517299502993,21704590.0,418200160.0
2022-04-12,3.910378832570776,4.016684440492476,3.870774782560731,4.010431169438258,13941252.0,263750112.0
2022-04-13,4.008346745753519,4.285575095823835,3.9812492378519093,4.2147046905427015,42991312.0,864746816.0
2022-04-14,4.231380080020616,4.329347993203359,4.19177603001057,4.264730858976443,27666320.0,566449600.0
2022-04-15,4.264730858976443,4.339770111627055,4.179269487902135,4.22095796159692,22716888.0,464824320.0
2022-04-18,4.1688473694784385,4.202198148434267,4.089639269458349,4.110483506305741,16556123.0,327479104.0
2022-04-19,4.143834285261568,4.2418021984443115,4.137581014207351,4.1771850642173955,15724467.0,315582144.0
2022-04-20,4.156340827370004,4.156340827370004,3.997924627329823,4.0208532878619545,19067588.0,372548064.0
2022-04-21,4.00417789838404,4.012515593122997,3.824917461496468,3.852014969398078,21856052.0,409350496.0
2022-04-22,3.8353395799201637,3.872859206245469,3.741540514106899,3.8415928509743815,12267548.0,224165216.0
2022-04-25,3.710274158835811,3.720696277259507,3.543520264056673,3.543520264056673,24343140.0,423535200.0
2022-04-26,3.5226760272092807,3.543520264056673,3.335077895582751,3.353837708745404,24041044.0,394827104.0
2022-04-27,3.289220574518488,3.5101694851008456,3.276714032410053,3.506000637731367,19146536.0,313136320.0
2022-04-28,3.4914096719381926,3.6060529745988497,3.4622277403518433,3.5497735351108908,17503358.0,296439968.0
2022-04-29,3.5643645009040656,3.683176650934201,3.5518579587956296,3.672754532510505,16405130.0,285229504.0
2022-05-05,3.637319329869938,3.708189735151071,3.616475093022546,3.670670108825765,14162748.0,249734912.0
2022-05-06,3.5601956535345867,3.576871043012501,3.501831790361889,3.518507179839802,15928551.0,270377024.0
2022-05-09,3.4809875535144963,3.543520264056673,3.449721198243408,3.4789031298297575,13897057.0,232474112.0
2022-05-10,3.4226236903417986,3.501831790361889,3.3663442508538393,3.4997473666771493,20369644.0,336338560.0
2022-05-11,3.4789031298297575,3.647741448293634,3.468481011406061,3.556026806165108,20107256.0,343930240.0
2022-05-12,3.5226760272092807,3.57895546669724,3.495578519307671,3.5351825693177164,12645339.0,214518880.0
2022-05-13,3.5330981456329766,3.5643645009040656,3.501831790361889,3.5476891114261515,9442859.0,160314192.0
2022-05-16,3.5643645009040656,3.610221821968328,3.5497735351108908,3.5956308561751538,15130172.0,260021424.0
2022-05-17,3.6081373982835885,3.6456570246088944,3.5664489245888045,3.628981635130981,14101361.0,244150128.0
2022-05-18,3.631066058815721,3.6414881772394163,3.57895546669724,3.5956308561751538,11228362.0,193923088.0
2022-05-19,3.5289292982634985,3.5893775851209355,3.4976629429924104,3.5852087377514574,11191197.0,190025296.0
2022-05-20,3.6227283640767634,3.73945609042216,3.6206439403920245,3.7332028193679423,24396388.0,431817248.0
2022-05-23,3.7540470562153345,3.8353395799201637,3.7123585825205496,3.7936511062253793,18161832.0,329456736.0
2022-05-24,3.7728068693779875,3.820748614126989,3.649825871978374,3.649825871978374,18100878.0,324458592.0
2022-05-25,3.649825871978374,3.7498782088458555,3.647741448293634,3.720696277259507,12295016.0,219078656.0
2022-05-26,3.7248651246289852,3.7894822588559007,3.68526107461894,3.76446917463903,13786675.0,247714480.0
2022-05-27,3.783228987801683,3.806157648333815,3.708189735151071,3.73945609042216,11748916.0,211996176.0
2022-05-30,3.758215903584813,3.7853134114864226,3.710274158835811,3.7477937851611167,8802185.0,158220176.0
2022-05-31,3.7498782088458555,3.783228987801683,3.701936464096854,3.776975716747466,13077081.0,235362400.0
2022-06-01,3.7540470562153345,3.7540470562153345,3.6998520404121145,3.751962632530595,11230984.0,201125232.0
2022-06-02,3.743624937791638,3.7915666825406404,3.710274158835811,3.7748912930627263,10727726.0,193791888.0
2022-06-06,3.7936511062253793,3.9187165273097326,3.7894822588559007,3.8853657483539052,20010256.0,371729856.0
2022-06-07,3.893703443092862,3.906209985201297,3.837424003604903,3.8666059351912523,13019312.0,241433232.0
2022-06-08,3.870774782560731,3.912463256255515,3.8165797667575108,3.9020411378318185,16201778.0,301349664.0
2022-06-09,3.8999567141470797,3.92496979836395,3.8395084272896427,3.8895345957233833,15677756.0,292410976.0
2022-06-10,3.8353395799201637,3.9395607641571244,3.797819953594858,3.929138645733429,20103158.0,375347008.0
2022-06-13,3.8770280536149486,3.904125561516558,3.8415928509743815,3.8770280536149486,17206564.0,319716896.0
2022-06-14,3.8353395799201637,3.9208009509944715,3.7728068693779875,3.9208009509944715,19139138.0,352968928.0
2022-06-15,3.904125561516558,4.00417789838404,3.887450172038644,3.9166321036249934,20672588.0,391161216.0
2022-06-16,3.9208009509944715,3.9812492378519093,3.8666059351912523,3.870774782560731,18698912.0,350398976.0
2022-06-17,3.849930545713338,3.8853657483539052,3.8103264957032934,3.856183816767556,15159495.0,279961408.0
2022-06-20,3.852014969398078,3.872859206245469,3.8124109193880322,3.8165797667575108,17181776.0,315544128.0
2022-06-21,3.824917461496468,3.8353395799201637,3.68526107461894,3.7186118535747674,23858874.0,429202912.0
2022-06-22,3.73945609042216,3.7540470562153345,3.6685856851410263,3.6748389561952437,12502468.0,222695184.0
2022-06-23,3.6581635667173305,3.7123585825205496,3.599799703544632,3.7061053114663323,16277524.0,285449696.0
2022-06-24,3.666501261456287,3.68526107461894,3.628981635130981,3.6456570246088944,19725526.0,345340320.0
2022-06-27,3.653994719347852,3.762384750954291,3.6331504825004592,3.7352872430526816,19617126.0,349672352.0
2022-06-28,3.7290339719984638,3.887450172038644,3.716527429890028,3.8603526641370345,26972084.0,493279296.0
2022-06-29,3.8603526641370345,3.8624370878217738,3.716527429890028,3.720696277259507,20086516.0,364287712.0
2022-06-30,3.722780700944246,3.751962632530595,3.7123585825205496,3.716527429890028,14338497.0,256393232.0
2022-07-01,3.7061053114663323,3.7144430062052893,3.647741448293634,3.6935987693578967,14832760.0,261488944.0
2022-07-04,3.6685856851410263,3.697767616727375,3.6394037535546775,3.6935987693578967,13872907.0,243952784.0
2022-07-05,3.6935987693578967,3.7707224456932478,3.672754532510505,3.716527429890028,17917852.0,320370816.0
2022-07-06,3.666501261456287,3.666501261456287,3.5456046877414127,3.574786619327761,25370458.0,437464320.0
2022-07-07,3.574786619327761,3.666501261456287,3.5664489245888045,3.637319329869938,17641242.0,306688864.0
2022-07-08,3.7144430062052893,3.7311183956832026,3.5956308561751538,3.6081373982835885,15757236.0,275983872.0
2022-07-11,3.581039890381979,3.581039890381979,3.501831790361889,3.5226760272092807,18551312.0,313324832.0
2022-07-12,3.506000637731367,3.5539423824803693,3.4997473666771493,3.518507179839802,10812963.0,183068160.0
2022-07-13,3.5122539087855853,3.5226760272092807,3.4705654350908,3.4934940956229323,13142454.0,220244480.0
2022-07-14,3.4997473666771493,3.506000637731367,3.464312164036583,3.4809875535144963,10595121.0,177072480.0
2022-07-15,3.468481011406061,3.483071977199236,3.426792537711277,3.4351302324502337,12946696.0,214302560.0
2022-07-18,3.4601433166671045,3.5872931614361967,3.4559744692976255,3.581039890381979,21006040.0,356819776.0
2022-07-19,3.576871043012501,3.653994719347852,3.556026806165108,3.616475093022546,15422905.0,267628096.0
2022-07-20,3.6227283640767634,3.647741448293634,3.6060529745988497,3.6248127877615026,10903344.0,189726400.0
2022-07-21,3.618559516707285,3.637319329869938,3.581039890381979,3.5956308561751538,10423050.0,180504032.0
2022-07-22,3.5956308561751538,3.637319329869938,3.5601956535345867,3.6206439403920245,10306309.0,177744304.0
2022-07-25,4.934846955134159,4.937773910623562,4.83240351300504,4.852892201430863,11035392.0,183978896.0
2022-07-26,4.852892201430863,4.961189554538789,4.844111334962653,4.946554777091772,10630404.0,178816416.0
2022-07-27,4.923139133176545,4.937773910623562,4.896796533771914,4.923139133176545,6558900.0,110214592.0
2022-07-28,4.969970421007,5.010947797858647,4.949481732581176,4.984605198454017,10473043.0,178081072.0
2022-07-29,5.005093886879841,5.022655619816261,4.923139133176545,4.934846955134159,9118311.0,154504992.0
2022-08-01,4.937773910623562,4.981678242964613,4.890942622793108,4.943627821602369,10104497.0,170516368.0
2022-08-02,4.888015667303704,4.888015667303704,4.735813981854727,4.811914824579215,12337565.0,202445600.0
2022-08-03,4.785572225174585,4.85874611240967,4.765083536748761,4.770937447727568,9441707.0,155386192.0
2022-08-04,4.791426136153391,4.808987869089812,4.721179204407709,4.762156581259357,6971199.0,113469008.0
2022-08-05,4.770937447727568,4.993386064922227,4.768010492238163,4.972897376496403,17222210.0,288178624.0
2022-08-08,4.972897376496403,5.051925174710296,4.934846955134159,5.010947797858647,10773143.0,184139728.0
2022-08-09,5.0021669313904376,5.022655619816261,4.964116510028193,5.0021669313904376,9919127.0,169478304.0
2022-08-10,5.022655619816261,5.072413863136119,4.9582625990493865,4.981678242964613,11812927.0,202411424.0
2022-08-11,5.034363441773874,5.066559952157312,4.993386064922227,5.063632996667909,16656294.0,286786688.0
2022-08-12,5.0694869076467155,5.11631819547717,5.057779085689102,5.078267774114926,13411574.0,233200640.0
2022-08-15,5.031436486284472,5.087048640583136,5.008020842369244,5.063632996667909,11770718.0,203149856.0
2022-08-16,5.063632996667909,5.084121685093733,5.01387475334805,5.031436486284472,8886976.0,152905792.0
2022-08-17,5.043144308242085,5.057779085689102,4.969970421007,5.010947797858647,9022122.0,154165344.0
2022-08-18,5.010947797858647,5.010947797858647,4.949481732581176,4.964116510028193,7985293.0,135601408.0
2022-08-19,4.975824331985806,4.999239975901033,4.931919999644756,4.931919999644756,8340491.0,141432304.0
2022-08-22,4.946554777091772,5.025582575305665,4.888015667303704,5.019728664326857,11258628.0,191500752.0
2022-08-23,4.990459109432824,5.01387475334805,4.952408688070579,4.978751287475211,8435583.0,143334960.0
2022-08-24,5.010947797858647,5.08997559607254,4.876307845346091,4.890942622793108,18448168.0,313800384.0
2022-08-25,4.8997234892613175,5.022655619816261,4.861673067899073,5.019728664326857,14759541.0,249261776.0
2022-08-26,4.984605198454017,5.046071263731488,4.964116510028193,4.981678242964613,15323671.0,261864976.0
2022-08-29,4.876307845346091,4.955335643559982,4.847038290452056,4.937773910623562,12065532.0,202113168.0
2022-08-30,4.931919999644756,4.9582625990493865,4.876307845346091,4.89386957828251,9625195.0,161312256.0
2022-08-31,4.879234800835494,4.879234800835494,4.788499180663988,4.794353091642795,14012126.0,230599600.0
2022-09-01,4.797280047132198,4.8265496020262315,4.768010492238163,4.779718314195777,9664033.0,158303024.0
2022-09-02,4.782645269685181,4.791426136153391,4.7299600708759195,4.732887026365323,11954643.0,193795712.0
2022-09-05,4.721179204407709,4.773864403216971,4.683128783045465,4.773864403216971,9700080.0,156809920.0
2022-09-06,4.776791358706374,4.873380889856686,4.776791358706374,4.86752697887788,15060853.0,248882992.0
2022-09-07,4.844111334962653,4.961189554538789,4.8265496020262315,4.952408688070579,19879726.0,334639104.0
2022-09-08,4.943627821602369,4.993386064922227,4.9289930441553516,4.9582625990493865,12291166.0,208410496.0
2022-09-09,5.016801708837455,5.10753732900896,4.999239975901033,5.072413863136119,22383282.0,387701888.0
2022-09-13,5.072413863136119,5.133879928413591,5.057779085689102,5.063632996667909,15806053.0,275003936.0
2022-09-14,4.964116510028193,5.046071263731488,4.952408688070579,4.972897376496403,11748894.0,200434880.0
2022-09-15,5.025582575305665,5.037290397263279,4.864600023388477,4.917285222197738,12164755.0,205000256.0
2022-09-16,4.917285222197738,4.923139133176545,4.7123983379395,4.7123983379395,19414568.0,317038976.0
2022-09-19,4.727033115386516,4.741667892833533,4.6480053171726246,4.662640094619641,14489097.0,232162880.0
2022-09-20,4.703617471471289,4.741667892833533,4.691909649513676,4.7153252934289025,9912858.0,159690816.0
2022-09-21,4.691909649513676,4.803133958111005,4.64507836168322,4.765083536748761,10130891.0,163510448.0
2022-09-22,4.724106159897113,4.8265496020262315,4.7123983379395,4.785572225174585,9244500.0,151293024.0
2022-09-23,4.782645269685181,4.814841780068618,4.700690515981885,4.732887026365323,7964127.0,129409168.0
2022-09-26,4.665567050109044,4.671420961087851,4.50751145368126,4.5162923201494705,16908632.0,264640192.0
2022-09-27,4.528000142107084,4.548488830532907,4.440191477424982,4.533854053085891,11537615.0,176690800.0
2022-09-28,4.481168854276629,4.504584498191857,4.407994967041544,4.407994967041544,10468000.0,158580864.0
2022-09-29,4.457753210361402,4.481168854276629,4.399214100573333,4.425556699977964,9372576.0,142234176.0
2022-09-30,4.451899299382595,4.49873058721305,4.416775833509754,4.460680165850805,7733970.0,118088528.0
2022-10-10,4.478241898787226,4.5309270975964875,4.419702788999158,4.437264521935578,9895665.0,151356224.0
2022-10-11,4.466534076829612,4.484095809766033,4.402141056062737,4.475314943297822,6861662.0,104245152.0
2022-10-12,4.5748314299375386,4.697763560492482,4.481168854276629,4.63629749521501,23108116.0,362474144.0
2022-10-13,4.568977518958731,4.607027940320976,4.533854053085891,4.568977518958731,10887322.0,169929712.0
2022-10-14,4.577758385426942,4.64507836168322,4.577758385426942,4.63629749521501,11806613.0,186349632.0
2022-10-17,4.601174029342169,4.6275166287468,4.566050563469328,4.615808806789186,10477681.0,164724400.0
2022-10-18,4.630443584236203,4.64507836168322,4.5748314299375386,4.592393162873959,8137186.0,127857656.0
2022-10-19,4.580685340916346,4.604100984831573,4.519219275638873,4.522146231128277,7344705.0,114438568.0
2022-10-20,4.513365364660067,4.557269697001118,4.469461032319016,4.528000142107084,6951902.0,107121128.0
2022-10-21,4.554342741511714,4.589466207384556,4.522146231128277,4.539707964064697,7518589.0,117079824.0
2022-10-24,4.592393162873959,4.63629749521501,4.492876676234243,4.528000142107084,10953730.0,171215520.0
2022-10-25,4.501657542702453,4.566050563469328,4.416775833509754,4.513365364660067,7614007.0,116529424.0
2022-10-26,4.519219275638873,4.580685340916346,4.492876676234243,4.566050563469328,8055084.0,125089496.0
2022-10-27,4.6128818512997825,4.665567050109044,4.604100984831573,4.6275166287468,14305531.0,226592240.0
2022-10-28,4.571904474448135,4.577758385426942,4.478241898787226,4.50751145368126,12975013.0,200640800.0
2022-10-31,4.487022765255436,4.563123607979925,4.448972343893192,4.50751145368126,9987376.0,153730864.0
2022-11-01,4.52507318661768,4.60995489581038,4.495803631723646,4.607027940320976,11833785.0,184755376.0
2022-11-02,4.601174029342169,4.7123983379395,4.586539251895152,4.677274872066659,15548383.0,248399984.0
2022-11-03,4.6275166287468,4.700690515981885,4.6128818512997825,4.665567050109044,10322201.0,164465040.0
2022-11-04,4.668494005598448,4.782645269685181,4.656786183640834,4.768010492238163,16125550.0,261287296.0
2022-11-07,4.961189554538789,5.048998219220892,4.926066088665948,4.984605198454017,39993496.0,680923520.0
2022-11-08,4.961189554538789,5.016801708837455,4.917285222197738,4.972897376496403,21352296.0,362095488.0
2022-11-09,5.063632996667909,5.075340818625523,4.9582625990493865,4.981678242964613,19716446.0,337244992.0
2022-11-10,4.940700866112965,5.016801708837455,4.8997234892613175,4.981678242964613,14564106.0,246481376.0
2022-11-11,5.1572955723288185,5.212907726627483,5.092902551561942,5.177784260754643,37436352.0,660148800.0
2022-11-14,5.186565127222852,5.221688593095693,5.028509530795068,5.0548521301996985,25186394.0,439709248.0
2022-11-15,5.022655619816261,5.113391239987767,4.964116510028193,5.092902551561942,15977442.0,276464064.0
2022-11-16,5.060706041178506,5.151441661350011,5.0402173527526815,5.101683418030153,14464694.0,251592976.0
2022-11-17,5.060706041178506,5.095829507051347,4.999239975901033,5.046071263731488,10320232.0,177760080.0
2022-11-18,5.034363441773874,5.034363441773874,4.981678242964613,4.981678242964613,9081489.0,155157104.0
2022-11-21,4.949481732581176,4.949481732581176,4.852892201430863,4.926066088665948,8476880.0,142088480.0
2022-11-22,4.911431311218932,5.008020842369244,4.890942622793108,4.908504355729527,11558000.0,194735952.0
2022-11-23,4.949481732581176,5.022655619816261,4.9289930441553516,4.949481732581176,11751356.0,199584176.0
2022-11-24,4.975824331985806,5.01387475334805,4.943627821602369,4.9582625990493865,7250190.0,123068344.0
2022-11-25,4.949481732581176,5.051925174710296,4.943627821602369,5.031436486284472,10934755.0,187432848.0
2022-11-28,4.917285222197738,5.0021669313904376,4.844111334962653,4.993386064922227,12390426.0,208510016.0
2022-11-29,5.005093886879841,5.081194729604329,4.99631302041163,5.075340818625523,12486104.0,215413440.0
2022-11-30,5.063632996667909,5.1426607948818015,5.048998219220892,5.087048640583136,13448511.0,233800912.0
2022-12-01,5.2099807711380794,5.2275425040745,5.104610373519557,5.125099061945381,14467550.0,254891040.0
2022-12-02,5.125099061945381,5.1426607948818015,5.034363441773874,5.066559952157312,9435848.0,163352160.0
2022-12-05,5.10753732900896,5.2685198809261475,5.095829507051347,5.242177281521517,23928686.0,425953856.0
2022-12-06,5.192419038201659,5.233396415053306,5.151441661350011,5.198272949180467,15228321.0,269558368.0
2022-12-07,5.166076438797028,5.192419038201659,5.095829507051347,5.122172106455977,11756996.0,206199936.0
2022-12-08,5.1426607948818015,5.166076438797028,5.10753732900896,5.139733839392397,8362075.0,146708448.0
2022-12-09,5.1426607948818015,5.294862480330779,5.1426607948818015,5.291935524841374,25027326.0,447873408.0
2022-12-12,5.224615548585097,5.230469459563904,5.066559952157312,5.081194729604329,21098300.0,369857984.0
2022-12-13,5.063632996667909,5.192419038201659,5.063632996667909,5.139733839392397,12615730.0,221556880.0
2022-12-14,5.1572955723288185,5.233396415053306,5.1572955723288185,5.1719303497758355,10094333.0,178919552.0
2022-12-15,5.139733839392397,5.1572955723288185,5.078267774114926,5.110464284498364,8361317.0,145722000.0
2022-12-16,5.063632996667909,5.11631819547717,5.048998219220892,5.113391239987767,9010225.0,156569152.0
2022-12-19,5.125099061945381,5.163149483307625,4.964116510028193,4.98753215394342,10347848.0,178573248.0
2022-12-20,5.008020842369244,5.0402173527526815,4.946554777091772,4.9670434655175955,6788782.0,115739328.0
2022-12-21,5.005093886879841,5.037290397263279,4.961189554538789,4.98753215394342,6103065.0,104072264.0
2022-12-22,5.010947797858647,5.043144308242085,4.890942622793108,4.920212177687141,7241257.0,122729520.0
2022-12-23,4.861673067899073,4.931919999644756,4.85874611240967,4.9143582667083345,4527198.0,75704024.0
2022-12-26,4.9143582667083345,4.931919999644756,4.86752697887788,4.908504355729527,4916437.0,82239560.0
2022-12-27,4.923139133176545,5.110464284498364,4.917285222197738,5.078267774114926,10678499.0,183040176.0
2022-12-28,5.037290397263279,5.218761637606289,5.022655619816261,5.163149483307625,20609636.0,363110368.0
2022-12-29,5.130952972924188,5.163149483307625,5.081194729604329,5.110464284498364,8342114.0,145838144.0
2022-12-30,5.122172106455977,5.151441661350011,5.081194729604329,5.101683418030153,6888473.0,120181696.0
2023-01-03,5.084121685093733,5.130952972924188,4.9670434655175955,5.122172106455977,10135940.0,175041760.0
2023-01-04,5.057779085689102,5.101683418030153,5.025582575305665,5.0402173527526815,7755194.0,134155992.0
2023-01-05,5.060706041178506,5.072413863136119,5.005093886879841,5.0402173527526815,8622654.0,148501824.0
2023-01-06,5.051925174710296,5.113391239987767,5.048998219220892,5.075340818625523,8281446.0,143730864.0
2023-01-09,5.1572955723288185,5.382671145012881,5.1426607948818015,5.350474634629444,34651536.0,628203904.0
2023-01-10,5.359255501097653,5.414867655396319,5.312424213267199,5.370963323055268,19862256.0,364196192.0
2023-01-11,5.441210254800949,5.479260676163194,5.3943789669704945,5.432429388332739,22256314.0,414089632.0
2023-01-12,5.490968498120808,5.546580652419472,5.400232877949302,5.411940699906915,16218513.0,302692832.0
2023-01-13,5.4382832993115455,5.499749364589017,5.376817234034075,5.420721566375126,12433805.0,230371184.0
2023-01-16,5.4382832993115455,5.4529180767585625,5.350474634629444,5.397305922459899,15701187.0,290205344.0
2023-01-17,5.411940699906915,5.414867655396319,5.3416937681612335,5.373890278544671,11290405.0,207227120.0
2023-01-18,5.4675528542055805,5.619754539654558,5.423648521864529,5.572923251824103,27213396.0,515424544.0
2023-01-19,5.5260919639936485,5.684147560421433,5.523165008504246,5.643170183569786,22258036.0,426646112.0
2023-01-20,5.646097139059188,5.780737091571746,5.646097139059188,5.736832759230695,20431424.0,400204768.0
2023-01-30,5.81000664646578,5.81878751293399,5.6519510500379955,5.678293649442626,22603564.0,441441536.0
2023-01-31,5.6373162725909784,5.754394492167115,5.628535406122769,5.69000147140024,14608183.0,285325984.0
2023-02-01,5.7104901598260644,5.8509840233174275,5.704636248847256,5.7690292696141325,23208412.0,459134432.0
2023-02-02,5.745613625698905,5.754394492167115,5.640243228080382,5.69878233786845,23366988.0,453665600.0
2023-02-03,5.669512782974416,5.678293649442626,5.558288474377085,5.628535406122769,17851932.0,341970432.0
2023-02-06,5.540726741440666,5.590484984760524,5.502676320078422,5.572923251824103,12267763.0,232704400.0
2023-02-07,5.602192806718137,5.643170183569786,5.558288474377085,5.613900628675751,9320984.0,178184304.0
2023-02-08,5.646097139059188,5.649024094548592,5.540726741440666,5.558288474377085,8285942.0,158158496.0
2023-02-09,5.531945874972455,5.590484984760524,5.511457186546631,5.58755802927112,9038591.0,171784464.0
2023-02-10,5.567069340845296,5.575850207313507,5.490968498120808,5.511457186546631,9797168.0,184874704.0
2023-02-13,5.508530231057228,5.575850207313507,5.4821876316525975,5.567069340845296,9545245.0,180733664.0
2023-02-14,5.599265851228734,5.891961400169075,5.599265851228734,5.7104901598260644,34787360.0,682756480.0
2023-02-15,5.7104901598260644,6.052943952086263,5.6958553823790465,5.8656188007644445,46941044.0,944400192.0
2023-02-16,5.812933601955183,5.81878751293399,5.619754539654558,5.684147560421433,28325084.0,556077824.0
2023-02-17,5.722197981783678,5.8509840233174275,5.692928426889643,5.69878233786845,21426824.0,422687808.0
2023-02-20,5.719271026294273,5.84513011233862,5.719271026294273,5.839276201359814,24680482.0,489491712.0
2023-02-21,5.886107489190269,5.968062242893565,5.8217144684233935,5.8948883556584795,25629088.0,516182528.0
2023-02-22,5.859764889785637,5.927084866041916,5.81878751293399,5.839276201359814,16632927.0,333127200.0
2023-02-23,5.833422290381007,5.8656188007644445,5.786591002550552,5.839276201359814,12024074.0,239215040.0
2023-02-24,5.771956225103535,5.815860557444587,5.730978848251887,5.763175358635325,11937989.0,235013024.0
2023-02-27,5.69878233786845,5.786591002550552,5.669512782974416,5.728051892762484,10804934.0,211374704.0
2023-02-28,5.728051892762484,5.786591002550552,5.654878005527399,5.742686670209501,11412109.0,222585824.0
2023-03-01,5.780737091571746,5.883180533700866,5.730978848251887,5.883180533700866,18780216.0,374104768.0
2023-03-02,5.871472711743251,5.935865732510127,5.830495334891604,5.883180533700866,16050140.0,322856896.0
2023-03-03,5.924157910552513,5.924157910552513,5.804152735486973,5.874399667232655,10137280.0,202756704.0
2023-03-06,5.891961400169075,5.906596177616093,5.804152735486973,5.842203156849218,10081081.0,201029024.0
2023-03-07,5.848057067828025,5.94757355446774,5.795371869018763,5.801225779997569,16911974.0,339810560.0
2023-03-08,5.733905803741291,5.733905803741291,5.619754539654558,5.6812206049320295,15482344.0,299789056.0
2023-03-09,5.719271026294273,5.763175358635325,5.649024094548592,5.736832759230695,9779161.0,190736672.0
2023-03-10,5.66365887199561,5.69878233786845,5.590484984760524,5.593411940249927,10215136.0,196208064.0
2023-03-13,5.590484984760524,5.684147560421433,5.5787771628029095,5.66365887199561,10223996.0,196919952.0
2023-03-14,5.66365887199561,5.795371869018763,5.610973673186348,5.654878005527399,14889541.0,289640480.0
2023-03-15,5.6665858274850125,5.70756320433666,5.599265851228734,5.657804961016802,10098609.0,195026800.0
2023-03-16,5.529018919483052,5.540726741440666,5.368036367565864,5.3943789669704945,22139152.0,411676640.0
2023-03-17,5.429502432843336,5.514384142036035,5.423648521864529,5.479260676163194,15023111.0,280856096.0
2023-03-20,5.517311097525439,5.613900628675751,5.505603275567824,5.5260919639936485,13039566.0,247471024.0
2023-03-21,5.56121542986649,5.610973673186348,5.529018919483052,5.60511976220754,8487226.0,161764368.0
2023-03-22,5.616827584165155,5.640243228080382,5.514384142036035,5.552434563398279,9361392.0,177990496.0
2023-03-23,5.5787771628029095,5.6665858274850125,5.517311097525439,5.631462361612171,11426197.0,219060720.0
2023-03-24,5.654878005527399,5.684147560421433,5.602192806718137,5.6519510500379955,9697643.0,186942768.0
2023-03-27,5.657804961016802,5.716344070804871,5.555361518887683,5.687074515910837,14600708.0,281133056.0
2023-03-28,5.7104901598260644,5.8509840233174275,5.6958553823790465,5.751467536677711,13096841.0,258038064.0
2023-03-29,5.801225779997569,5.804152735486973,5.66365887199561,5.719271026294273,12108905.0,236453840.0
2023-03-30,5.736832759230695,5.780737091571746,5.66365887199561,5.780737091571746,9946405.0,194626672.0
2023-03-31,5.795371869018763,5.81878751293399,5.751467536677711,5.792444913529359,10618399.0,210106608.0
2023-04-03,5.774883180592939,5.81878751293399,5.719271026294273,5.763175358635325,12375363.0,243311344.0
2023-04-04,5.754394492167115,5.804152735486973,5.660731916506205,5.780737091571746,12713236.0,250004432.0
2023-04-06,5.78366404706115,5.853910978806831,5.766102314124728,5.8217144684233935,11870774.0,235785168.0
2023-04-07,5.827568379402201,5.853910978806831,5.771956225103535,5.792444913529359,7897501.0,156644480.0
2023-04-10,5.763175358635325,5.859764889785637,5.7104901598260644,5.7778101360823415,9981301.0,197750528.0
2023-04-11,5.766102314124728,5.924157910552513,5.730978848251887,5.924157910552513,19161556.0,383281728.0
2023-04-12,5.927084866041916,6.231488236939872,5.927084866041916,6.15246043872598,35940700.0,751178176.0
2023-04-13,6.184656949109416,6.313442990643168,6.085140462469701,6.140752616768366,26602024.0,562344256.0
2023-04-14,6.2490499698762925,6.2929543022173435,6.175876082641207,6.237342147918678,18427710.0,392471744.0
2023-04-17,6.175876082641207,6.313442990643168,6.149533483236577,6.2929543022173435,18137200.0,387371296.0
2023-04-18,6.2783195247703265,6.31636994613257,6.202218682045838,6.234415192429275,14363075.0,306139168.0
2023-04-19,6.28124648025973,6.371982100431236,6.219780414982258,6.2490499698762925,18593060.0,400576320.0
2023-04-20,6.2051456375352405,6.257830836344502,6.117336972853138,6.199291726556434,16639144.0,351541792.0
2023-04-21,6.199291726556434,6.257830836344502,6.088067417959104,6.111483061874331,15667579.0,330276960.0
2023-04-24,6.105629150895525,6.170022171662399,5.956354420935951,5.994404842298195,13750185.0,283430848.0
2023-04-25,6.070505685022684,6.096848284427314,5.853910978806831,5.965135287404161,13395787.0,273213664.0
2023-04-26,5.877326622722058,5.976843109361775,5.7778101360823415,5.891961400169075,14184327.0,284711360.0
2023-04-27,5.853910978806831,5.92123095506311,5.795371869018763,5.883180533700866,10365906.0,207514704.0
2023-04-28,5.883180533700866,6.009039619745212,5.868545756253848,5.973916153872371,11870951.0,241769760.0
2023-05-04,5.941719643488934,6.073432640512087,5.927084866041916,6.047090041107457,14903392.0,306788768.0
2023-05-05,6.032455263660439,6.061724818554474,5.824641423912796,5.897815311147882,15691422.0,317046112.0
2023-05-08,5.897815311147882,6.126117839321348,5.897815311147882,6.090994373448507,17613628.0,364198272.0
2023-05-09,6.090994373448507,6.187583904598821,6.003185708766406,6.011966575234616,16617436.0,345573440.0
2023-05-10,6.000258753277002,6.047090041107457,5.918303999573706,5.941719643488934,10654270.0,217152656.0
2023-05-11,5.912450088594899,5.918303999573706,5.801225779997569,5.801225779997569,13314813.0,266066832.0
2023-05-12,5.684147560421433,5.687074515910837,5.511457186546631,5.549507607908876,18869348.0,359206208.0
2023-05-15,5.549507607908876,5.613900628675751,5.4968224090996145,5.610973673186348,13113870.0,249064656.0
2023-05-16,5.613900628675751,5.669512782974416,5.590484984760524,5.60511976220754,8622276.0,165748784.0
2023-05-17,5.5699962963347005,5.631462361612171,5.537799785951263,5.619754539654558,8757960.0,167405472.0
2023-05-18,5.722197981783678,5.725124937273081,5.596338895739331,5.619754539654558,8874741.0,171605152.0
2023-05-19,5.5787771628029095,5.660731916506205,5.543653696930069,5.60511976220754,6174443.0,118203344.0
2023-05-22,5.590484984760524,5.628535406122769,5.567069340845296,5.581704118292314,5399031.0,103112056.0
2023-05-23,5.567069340845296,5.590484984760524,5.473406765184387,5.473406765184387,6455901.0,121867416.0
2023-05-24,5.470479809694984,5.4968224090996145,5.406086788928108,5.409013744417512,6572691.0,122394888.0
2023-05-25,5.385598100502285,5.420721566375126,5.306570302288392,5.362182456587058,7482888.0,136924512.0
2023-05-26,5.362182456587058,5.45877198773737,5.315351168756603,5.417794610885722,6011954.0,110719752.0
2023-05-29,5.441210254800949,5.455845032247967,5.382671145012881,5.420721566375126,7018417.0,129796936.0
2023-05-30,5.417794610885722,5.461698943226773,5.350474634629444,5.411940699906915,6467292.0,119457472.0
2023-05-31,5.406086788928108,5.441210254800949,5.36510941207646,5.414867655396319,5592446.0,103386768.0
2023-06-01,5.420721566375126,5.4675528542055805,5.376817234034075,5.414867655396319,9284469.0,172198960.0
2023-06-02,5.444137210290354,5.555361518887683,5.444137210290354,5.552434563398279,10887788.0,205413568.0
2023-06-05,5.5260919639936485,5.58755802927112,5.473406765184387,5.552434563398279,8777806.0,166523936.0
2023-06-06,5.56121542986649,5.625608450633364,5.4968224090996145,5.517311097525439,7494104.0,142507040.0
2023-06-07,5.514384142036035,5.549507607908876,5.4821876316525975,5.502676320078422,5380556.0,101287264.0
2023-06-08,5.502676320078422,5.5699962963347005,5.473406765184387,5.552434563398279,5292615.0,100060072.0
2023-06-09,5.56121542986649,5.599265851228734,5.537799785951263,5.558288474377085,5292594.0,100609912.0
2023-06-12,5.537799785951263,5.584631073781717,5.523165008504246,5.555361518887683,5351694.0,101633944.0
2023-06-13,5.546580652419472,5.567069340845296,5.47633372067379,5.529018919483052,6098101.0,114952432.0
2023-06-14,5.56121542986649,5.628535406122769,5.552434563398279,5.5787771628029095,7098673.0,135357696.0
2023-06-15,5.5787771628029095,5.602192806718137,5.531945874972455,5.596338895739331,7370715.0,140380480.0
2023-06-16,5.596338895739331,5.669512782974416,5.581704118292314,5.6519510500379955,11768939.0,226466208.0
2023-06-19,5.6519510500379955,5.6519510500379955,5.534872830461858,5.575850207313507,8939416.0,170318368.0
2023-06-20,5.5787771628029095,5.581704118292314,5.508530231057228,5.517311097525439,6151107.0,116289064.0
2023-06-21,5.531945874972455,5.558288474377085,5.455845032247967,5.455845032247967,7307352.0,137277088.0
2023-06-26,5.3943789669704945,5.485114587142,5.335839857182426,5.417794610885722,8728452.0,161893584.0
2023-06-27,5.429502432843336,5.537799785951263,5.417794610885722,5.514384142036035,7152001.0,134016824.0
2023-06-28,5.517311097525439,5.543653696930069,5.4529180767585625,5.531945874972455,7612178.0,143197472.0
2023-06-29,5.493895453610211,5.531945874972455,5.461698943226773,5.488041542631404,6624889.0,124081216.0
2023-06-30,5.473406765184387,5.56121542986649,5.473406765184387,5.555361518887683,8190956.0,154632112.0
2023-07-03,5.593411940249927,5.654878005527399,5.575850207313507,5.616827584165155,13448430.0,258356880.0
2023-07-04,5.643170183569786,5.669512782974416,5.596338895739331,5.628535406122769,9164054.0,176223376.0
2023-07-05,5.619754539654558,5.722197981783678,5.602192806718137,5.684147560421433,12735087.0,246987392.0
2023-07-06,5.678293649442626,5.687074515910837,5.590484984760524,5.599265851228734,9510548.0,182922320.0
2023-07-07,5.564142385355893,5.646097139059188,5.517311097525439,5.616827584165155,9863550.0,187968960.0
2023-07-10,5.610973673186348,5.678293649442626,5.608046717696944,5.628535406122769,7921987.0,152554240.0
2023-07-11,5.628535406122769,5.660731916506205,5.575850207313507,5.634389317101575,6605654.0,126968872.0
2023-07-12,5.608046717696944,5.649024094548592,5.596338895739331,5.602192806718137,6054951.0,116338464.0
2023-07-13,5.701709293357854,5.8217144684233935,5.701709293357854,5.7778101360823415,17186264.0,338645984.0
2023-07-14,5.853910978806831,5.924157910552513,5.798298824508166,5.81878751293399,15470642.0,309294976.0
2023-07-17,5.780737091571746,5.786591002550552,5.684147560421433,5.713417115315467,9448402.0,184795824.0
2023-07-18,5.713417115315467,5.739759714720098,5.6812206049320295,5.722197981783678,6373865.0,124307680.0
2023-07-19,5.713417115315467,5.757321447656519,5.704636248847256,5.757321447656519,8257756.0,161792672.0
2023-07-20,5.736832759230695,5.771956225103535,5.701709293357854,5.701709293357854,8568246.0,167875152.0
2023-07-21,7.516963426118884,7.552402226975389,7.457898758024707,7.501212847960437,7909288.0,150690864.0
2023-07-24,7.48546226980199,7.516963426118884,7.446085824405872,7.450023468945484,6033753.0,114459416.0
2023-07-25,7.528776359737719,7.658718629544907,7.520901070658496,7.627217473228014,13472313.0,260341344.0
2023-07-26,7.654780985005297,7.729596231257919,7.615404539609178,7.66265627408452,9624892.0,187397056.0
2023-07-27,7.678406852242967,7.79653618843132,7.674469207703354,7.698095074941025,13116456.0,257823840.0
2023-07-28,7.654780985005297,7.800473832970931,7.603591605990342,7.788660899352097,12038404.0,236558848.0
2023-07-31,7.851663211985885,7.993418415411909,7.851663211985885,7.871351434683943,16074717.0,323114240.0
2023-08-01,7.97373019271385,8.091859528902203,7.894977301921615,7.9540419700157905,16215338.0,328225792.0
2023-08-02,7.97373019271385,8.013106638109967,7.910727880080061,7.9540419700157905,13720939.0,277479648.0
2023-08-03,7.879226723763168,7.9067902355404485,7.808349122050155,7.883164368302778,11154080.0,222660384.0
2023-08-04,7.97373019271385,7.99735605995152,7.879226723763168,7.883164368302778,8988644.0,181027360.0
2023-08-07,7.883164368302778,7.93041610277812,7.831974989287826,7.891039657382002,9693805.0,193577120.0
2023-08-08,7.86347614560472,7.942229036396956,7.812286766589767,7.9067902355404485,9694078.0,194052480.0
2023-08-09,7.851663211985885,7.86347614560472,7.7768479657332605,7.82016205566899,8181611.0,162433744.0
2023-08-10,7.82016205566899,7.859538501065108,7.804411477510543,7.835912633827437,5125011.0,101954800.0
2023-08-11,7.83985027836705,7.855600856525496,7.658718629544907,7.66265627408452,8374257.0,164770080.0
2023-08-14,7.61934218414879,7.658718629544907,7.520901070658496,7.639030406846848,7379834.0,142441920.0
2023-08-15,7.639030406846848,7.678406852242967,7.520901070658496,7.587841027831895,6816973.0,131396264.0
2023-08-16,7.528776359737719,7.57602809421306,7.481524625262377,7.513025781579271,6202945.0,118511512.0
2023-08-17,7.489399914341601,7.524838715198107,7.410647023549366,7.513025781579271,8382900.0,158860848.0
2023-08-18,7.524838715198107,7.5602775160546125,7.39883408993053,7.402771734470142,7794610.0,148005280.0
2023-08-21,7.414584668088977,7.50908813703966,7.355519999994801,7.355519999994801,6964141.0,131406600.0
2023-08-22,7.363395289074024,7.473649336183154,7.355519999994801,7.442148179866259,7799145.0,146904256.0
2023-08-23,7.513025781579271,7.513025781579271,7.3752082226928595,7.3909588008513065,8113332.0,153157280.0
2023-08-24,7.406709379009754,7.552402226975389,7.406709379009754,7.457898758024707,9123380.0,173175616.0
2023-08-25,7.410647023549366,7.453961113485095,7.355519999994801,7.3909588008513065,7605156.0,142812000.0
2023-08-28,7.674469207703354,7.733533875797532,7.446085824405872,7.481524625262377,17608222.0,338287552.0
2023-08-29,7.446085824405872,7.516963426118884,7.3909588008513065,7.481524625262377,13651860.0,258495328.0
2023-08-30,7.48546226980199,7.611466895069565,7.469711691643542,7.493337558881214,11698134.0,223670192.0
2023-08-31,7.493337558881214,7.572090449673449,7.418522312628589,7.442148179866259,10393500.0,197595536.0
2023-09-01,7.481524625262377,7.678406852242967,7.469711691643542,7.646905695926073,18936250.0,365961504.0
2023-09-04,7.678406852242967,8.036732505347638,7.650843340465684,7.9855431263326855,28883554.0,579625472.0
2023-09-05,7.914665524619673,8.024919571728802,7.879226723763168,8.009168993570356,15905498.0,321402240.0
2023-09-06,8.009168993570356,8.032794860808027,7.902852591000838,7.922540813698897,8712003.0,175721232.0
2023-09-07,7.977667837253462,7.989480770872296,7.82016205566899,7.843787922906662,9029015.0,180745056.0
2023-09-08,7.824099700208603,7.86347614560472,7.725658586718308,7.741409164876755,5465311.0,107845264.0
2023-09-11,7.75322209849559,7.934353747317731,7.745346809416367,7.86347614560472,9824056.0,196182224.0
2023-09-12,7.914665524619673,7.926478458238508,7.808349122050155,7.824099700208603,8135697.0,162105040.0
2023-09-13,7.824099700208603,7.891039657382002,7.765035032114425,7.82016205566899,7101126.0,141048416.0
2023-09-14,7.800473832970931,7.961917259095014,7.800473832970931,7.95010432547618,12067075.0,242163424.0
2023-09-15,7.965854903634626,8.095797173441815,7.946166680936567,7.989480770872296,17160242.0,348976608.0
2023-09-18,7.910727880080061,7.965854903634626,7.851663211985885,7.910727880080061,10875112.0,217979824.0
2023-09-19,7.9382913918573434,7.9855431263326855,7.855600856525496,7.926478458238508,9349227.0,188363936.0
2023-09-20,7.95010432547618,7.9540419700157905,7.859538501065108,7.883164368302778,6560488.0,131425224.0
2023-09-21,7.859538501065108,7.898914946461225,7.79653618843132,7.808349122050155,7076300.0,140752144.0
2023-09-22,7.8162244111293795,7.83985027836705,7.698095074941025,7.7768479657332605,9837350.0,193699312.0
2023-09-25,7.772910321193648,7.828037344748213,7.721720942178695,7.7374715203371425,6740766.0,132904728.0
2023-09-26,7.721720942178695,7.765035032114425,7.68628214132219,7.702032719480637,6040382.0,118448944.0
2023-09-27,7.721720942178695,7.733533875797532,7.631155117767625,7.64296805138646,6947915.0,135228128.0
2023-09-28,7.646905695926073,7.674469207703354,7.552402226975389,7.583903383292284,9517210.0,183457360.0
2023-10-09,7.520901070658496,7.520901070658496,7.363395289074024,7.4224599571682015,17031606.0,320858624.0
2023-10-10,7.4224599571682015,7.465774047103931,7.363395289074024,7.379145867232471,10164430.0,190994608.0
2023-10-11,7.379145867232471,7.402771734470142,7.284642398281789,7.308268265519459,13205199.0,245657536.0
2023-10-12,7.331894132757131,7.418522312628589,7.331894132757131,7.418522312628589,10529638.0,197438128.0
2023-10-13,7.3437070663759645,7.355519999994801,7.288580042821401,7.312205910059071,7647483.0,141927280.0
2023-10-16,7.327956488217518,7.359457644534413,7.272829464662953,7.308268265519459,7222686.0,133982768.0
2023-10-17,7.300392976440236,7.316143554598682,7.229515374727224,7.280704753742176,6785838.0,125324816.0
2023-10-18,7.280704753742176,7.288580042821401,7.123198972157706,7.123198972157706,10746120.0,196261664.0
2023-10-19,7.11138603853887,7.146824839395376,7.068071948603141,7.079884882221976,8158547.0,147300608.0
2023-10-20,7.060196659523918,7.11138603853887,7.009007280508964,7.0286955032070235,7477724.0,134063296.0
2023-10-23,7.020820214127799,7.044446081365471,6.82393798714721,6.883002655241388,8578798.0,150435872.0
2023-10-24,6.91056616701867,6.957817901494011,6.855439143464105,6.953880256954399,9484801.0,166537616.0
2023-10-25,7.052321370444694,7.131074261236929,7.040508436825858,7.107448393999259,11696417.0,210696864.0
2023-10-26,7.0286955032070235,7.103510749459646,6.9971943468901285,7.091697815840812,6151122.0,110201248.0
2023-10-27,7.060196659523918,7.190138929331106,7.052321370444694,7.162575417553824,7206798.0,130812424.0
2023-10-30,7.1743883511726585,7.264954175583729,7.166513062093435,7.233453019266836,8439512.0,154901200.0
2023-10-31,7.233453019266836,7.253141241964895,7.1743883511726585,7.225577730187612,6064400.0,111073528.0
2023-11-01,7.225577730187612,7.237390663806447,7.119261327618093,7.142887194855764,8817749.0,160191232.0
2023-11-02,7.1743883511726585,7.190138929331106,7.0877601713012,7.091697815840812,6307070.0,114096176.0
2023-11-03,7.103510749459646,7.146824839395376,7.083822526761588,7.123198972157706,8853000.0,159963152.0
2023-11-06,7.142887194855764,7.201951862949941,7.131074261236929,7.1980142184103295,14499011.0,263933696.0
2023-11-07,7.182263640251882,7.182263640251882,6.993256702350518,7.068071948603141,14685300.0,262756960.0
2023-11-08,7.040508436825858,7.040508436825858,6.949942612414787,6.969630835112846,12544736.0,222631264.0
2023-11-09,6.953880256954399,7.016882569588188,6.942067323335563,6.9971943468901285,7931890.0,140619200.0
2023-11-10,6.973568479652458,6.97750612419207,6.914503811558281,6.922379100637505,9340873.0,164496064.0
2023-11-13,6.942067323335563,6.973568479652458,6.890877944320611,6.969630835112846,10118276.0,178192704.0
2023-11-14,7.001131991429741,7.001131991429741,6.953880256954399,6.973568479652458,8481821.0,150294224.0
2023-11-15,7.020820214127799,7.123198972157706,7.020820214127799,7.103510749459646,16083493.0,289517600.0
2023-11-16,7.0877601713012,7.0877601713012,7.001131991429741,7.024757858667411,9816990.0,175395440.0
2023-11-17,7.0050696359693525,7.044446081365471,6.961755546033623,7.044446081365471,7320228.0,130114504.0
2023-11-20,7.048383725905081,7.064134304063529,6.985381413271293,7.060196659523918,7931893.0,141689280.0
2023-11-21,7.150762483934988,7.178325995712271,7.068071948603141,7.083822526761588,15869967.0,287680352.0
2023-11-22,7.056259014984306,7.075947237682364,7.001131991429741,7.009007280508964,7593520.0,135642192.0
2023-11-23,7.012944925048576,7.060196659523918,6.961755546033623,7.052321370444694,6328191.0,112658280.0
2023-11-24,7.044446081365471,7.064134304063529,7.0050696359693525,7.0286955032070235,5184377.0,92556424.0
2023-11-27,7.0286955032070235,7.040508436825858,6.938129678795953,6.9971943468901285,6683880.0,118467968.0
2023-11-28,6.973568479652458,7.016882569588188,6.93419203425634,7.001131991429741,7354772.0,130146184.0
2023-11-29,7.079884882221976,7.103510749459646,6.993256702350518,7.009007280508964,12133248.0,217441904.0
2023-11-30,6.9893190578109055,7.009007280508964,6.938129678795953,6.973568479652458,7154106.0,126611272.0
2023-12-01,6.9893190578109055,6.9971943468901285,6.871189721622551,6.949942612414787,11958454.0,210065952.0
2023-12-04,7.040508436825858,7.142887194855764,7.024757858667411,7.056259014984306,19798308.0,356044352.0
2023-12-05,6.961755546033623,6.9893190578109055,6.839688565305658,6.851501498924493,15585511.0,273551616.0
2023-12-06,6.847563854384881,6.886940299780998,6.753060385434198,6.847563854384881,10327974.0,179052208.0
2023-12-07,6.851501498924493,6.871189721622551,6.7806238972114805,6.835750920766046,8128672.0,140935760.0
2023-12-08,6.847563854384881,6.871189721622551,6.7806238972114805,6.7963744753699284,7768200.0,134484320.0
2023-12-11,6.768810963592646,6.784561541751093,6.64674398286468,6.768810963592646,11311791.0,192382720.0
2023-12-12,6.760935674513423,6.80031211990954,6.693995717340022,6.80031211990954,6338558.0,108823056.0
2023-12-13,6.80031211990954,6.80031211990954,6.682182783721186,6.686120428260798,7102167.0,121324448.0
2023-12-14,6.753060385434198,6.784561541751093,6.654619271943903,6.658556916483516,7022936.0,119700464.0
2023-12-15,6.713683940038081,6.77668625267187,6.693995717340022,6.73337216273614,8459390.0,144681136.0
2023-12-18,6.693995717340022,6.737309807275751,6.654619271943903,6.682182783721186,7216535.0,122554680.0
2023-12-19,6.650681627404293,6.682182783721186,6.619180471087398,6.662494561023128,5687881.0,95991832.0
2023-12-20,6.686120428260798,6.741247451815363,6.674307494641963,6.682182783721186,8317538.0,141761296.0
2023-12-21,6.654619271943903,6.717621584577692,6.5955546038497275,6.713683940038081,8109191.0,137261392.0
2023-12-22,6.717621584577692,6.8121250535283755,6.670369850102352,6.77668625267187,12986913.0,222534304.0
2023-12-25,6.75699802997381,6.792436830830316,6.717621584577692,6.7806238972114805,7291691.0,125122584.0
2023-12-26,6.753060385434198,6.8121250535283755,6.73337216273614,6.77668625267187,6758088.0,116228296.0
2023-12-27,6.75699802997381,6.902690877939446,6.741247451815363,6.898753233399834,12104787.0,210438816.0
2023-12-28,6.918441456097893,7.012944925048576,6.91056616701867,7.001131991429741,17107464.0,302961984.0
2023-12-29,6.961755546033623,7.040508436825858,6.949942612414787,7.032633147746635,12491322.0,222086544.0
2024-01-02,7.040508436825858,7.170450706633047,7.001131991429741,7.119261327618093,17717088.0,319954656.0
2024-01-03,7.068071948603141,7.142887194855764,7.056259014984306,7.115323683078482,12569118.0,226890000.0
2024-01-04,7.107448393999259,7.1743883511726585,7.091697815840812,7.138949550316153,12538106.0,226997296.0
2024-01-05,7.127136616697318,7.194076573870718,7.056259014984306,7.075947237682364,14857093.0,268960192.0
2024-01-08,7.075947237682364,7.186201284791494,7.048383725905081,7.0877601713012,18643562.0,337624448.0
2024-01-09,7.064134304063529,7.284642398281789,6.9893190578109055,7.245265952885671,25490696.0,465399936.0
2024-01-10,7.233453019266836,7.280704753742176,7.138949550316153,7.142887194855764,16893696.0,309323328.0
2024-01-11,7.142887194855764,7.178325995712271,7.095635460380423,7.138949550316153,13613681.0,246697040.0
2024-01-12,7.103510749459646,7.209827152029164,7.103510749459646,7.131074261236929,8836412.0,160643584.0
2024-01-15,7.095635460380423,7.178325995712271,7.091697815840812,7.146824839395376,10007269.0,181538960.0
2024-01-16,7.146824839395376,7.170450706633047,7.0286955032070235,7.154700128474601,12533942.0,226080560.0
2024-01-17,7.150762483934988,7.150762483934988,6.965693190573235,6.973568479652458,8998797.0,161235536.0
2024-01-18,6.953880256954399,6.973568479652458,6.705808650958858,6.914503811558281,17722940.0,307067616.0
2024-01-19,6.8593767880037175,6.961755546033623,6.851501498924493,6.883002655241388,7969605.0,139831808.0
2024-01-22,6.835750920766046,6.906628522479058,6.62311811562701,6.658556916483516,12728560.0,219232896.0
2024-01-23,6.654619271943903,6.753060385434198,6.497113490359433,6.693995717340022,12613990.0,211982976.0
2024-01-24,6.745185096354975,6.890877944320611,6.638868693785457,6.890877944320611,12626898.0,216957920.0
2024-01-25,6.922379100637505,7.142887194855764,6.867252077082941,7.142887194855764,19773852.0,353811936.0
2024-01-26,7.142887194855764,7.276767109202566,7.119261327618093,7.241328308346059,18481438.0,338753536.0
2024-01-29,7.280704753742176,7.316143554598682,7.146824839395376,7.2058895074895535,12876822.0,237324624.0
2024-01-30,7.154700128474601,7.284642398281789,7.142887194855764,7.166513062093435,11866275.0,217442560.0
2024-01-31,7.186201284791494,7.213764796568777,7.0286955032070235,7.0877601713012,14171519.0,256742240.0
2024-02-01,6.9893190578109055,7.264954175583729,6.961755546033623,7.103510749459646,17479532.0,315627968.0
2024-02-02,7.103510749459646,7.166513062093435,6.760935674513423,6.942067323335563,18659428.0,331756512.0
2024-02-05,6.883002655241388,7.068071948603141,6.662494561023128,6.886940299780998,19417868.0,338504960.0
2024-02-06,6.831813276226435,7.186201284791494,6.8121250535283755,7.135011905776541,22167198.0,396029760.0
2024-02-07,7.127136616697318,7.209827152029164,7.040508436825858,7.209827152029164,25814602.0,467031616.0
2024-02-08,7.182263640251882,7.245265952885671,7.091697815840812,7.190138929331106,28233974.0,513262560.0
2024-02-19,7.217702441108388,7.4224599571682015,7.138949550316153,7.414584668088977,33263692.0,617871232.0
2024-02-20,7.394896445390919,7.516963426118884,7.3437070663759645,7.426397601707812,23462670.0,443158560.0
2024-02-21,7.418522312628589,7.6075292505299545,7.406709379009754,7.501212847960437,26686428.0,511472960.0
2024-02-22,7.513025781579271,7.745346809416367,7.465774047103931,7.721720942178695,27071496.0,523160992.0
2024-02-23,7.717783297639085,8.009168993570356,7.705970364020249,7.887102012842391,31299044.0,625678080.0
2024-02-26,7.855600856525496,7.926478458238508,7.674469207703354,7.682344496782579,26663554.0,526795456.0
2024-02-27,7.639030406846848,7.7689726766540375,7.611466895069565,7.733533875797532,19108548.0,373464480.0
2024-02-28,7.698095074941025,7.7689726766540375,7.623279828688402,7.623279828688402,22758152.0,444256448.0
2024-02-29,7.631155117767625,7.725658586718308,7.615404539609178,7.713845653099472,18322236.0,357065472.0
2024-03-01,7.66265627408452,7.788660899352097,7.650843340465684,7.761097387574814,17362950.0,340461824.0
2024-03-04,7.7847232548124845,7.867413790144332,7.702032719480637,7.765035032114425,16555913.0,326845024.0
2024-03-05,7.765035032114425,7.875289079223555,7.682344496782579,7.7374715203371425,17501700.0,345153920.0
2024-03-06,7.7374715203371425,7.875289079223555,7.7374715203371425,7.812286766589767,21380916.0,424505376.0
2024-03-07,7.875289079223555,8.300554689501627,7.871351434683943,8.099734817981426,48420784.0,998605504.0
2024-03-08,8.15092419699638,8.269053533184733,8.052483083506084,8.229677087788614,34384604.0,713481088.0
2024-03-11,8.190300642392497,8.272991177724345,8.052483083506084,8.146986552456768,26845488.0,554577472.0
2024-03-12,8.13123597429832,8.143048907917157,7.902852591000838,7.934353747317731,26879968.0,544553472.0
2024-03-13,7.934353747317731,8.005231349030744,7.835912633827437,7.9855431263326855,23292476.0,468936736.0
2024-03-14,8.347806423976968,8.658880342606299,8.304492334041239,8.343868779437358,61204560.0,1314967168.0
2024-03-15,8.387182869373087,9.009330706631747,8.269053533184733,8.958141327616794,75763464.0,1672202624.0
2024-03-18,9.052644796567476,9.17077413275583,8.871513147745336,9.0605200856467,67854752.0,1555538944.0
2024-03-19,8.977829550314853,9.367656359736419,8.958141327616794,9.013268351171359,48455784.0,1123957376.0
2024-03-20,8.899076659522619,9.135335331899324,8.784884967873875,8.966016616696017,41896076.0,951009728.0
2024-03-21,9.099896531042818,9.16683648821622,8.922702526760288,9.001455417552524,40253116.0,924012544.0
2024-03-22,8.899076659522619,8.96995426123563,8.631316830829018,8.741570877938146,39384352.0,877611520.0
2024-03-25,8.77307203425504,9.05658244110709,8.741570877938146,8.863637858666111,36425312.0,824067840.0
2024-03-26,8.851824925047277,8.891201370443394,8.666755631685524,8.816386124190771,22595364.0,503152416.0
2024-03-27,8.769134389715429,8.867575503205723,8.686443854383581,8.710069721621252,21838336.0,486803584.0
2024-03-28,8.70613207708164,8.910889593141452,8.59587802997251,8.8597002141265,31988996.0,713431424.0
2024-03-29,8.891201370443394,9.210150578151948,8.855762569586886,9.16683648821622,44623264.0,1028982848.0
2024-04-01,9.300716402563019,9.603915032113125,9.155023554597383,9.273152890785736,54611208.0,1296067968.0
2024-04-02,9.225901156310394,9.540912719479337,9.210150578151948,9.466097473226712,48184028.0,1155277824.0
2024-04-03,9.54878800855856,9.989804196995081,9.320404625261078,9.970115974297022,72341256.0,1784529792.0
2024-04-08,9.981928907915856,10.828522483932389,9.942552462519739,10.080370021406152,99484760.0,2599142144.0
2024-04-09,10.056744154168479,10.222125224832174,9.83623605995022,10.037055931470421,54713040.0,1390443648.0
2024-04-10,10.107933533183434,10.548949721619952,10.060681798708092,10.395381584575093,67665832.0,1764884992.0
2024-04-11,10.096120599564598,10.359942783718587,9.804734903633326,10.068557087787315,54038232.0,1383670144.0
2024-04-12,10.19062406851528,10.237875802990622,9.958303040678185,10.198499357594503,49848800.0,1282950912.0
2024-04-15,9.962240685217798,10.45444625266927,9.765358458237209,10.422945096352375,52853424.0,1356053760.0
2024-04-16,10.30087811562441,10.422945096352375,9.911051306202845,9.942552462519739,49550380.0,1279803264.0
2024-04-17,9.883487794425562,10.257564025688682,9.875612505346337,10.249688736609457,43845320.0,1126252288.0
2024-04-18,10.159122912198386,10.816709550313552,10.096120599564598,10.797021327615495,64106968.0,1699810816.0
2024-04-19,10.797021327615495,11.104157601705213,10.493822698065387,10.70251785866481,62828236.0,1723680000.0
2024-04-22,10.867898929328506,11.084469379007153,10.336316916480916,10.352067494639362,55403272.0,1508360704.0
2024-04-23,9.883487794425562,10.103995888643821,9.686605567444973,9.70629379014303,66844376.0,1668648448.0
2024-04-24,9.733857301920313,9.962240685217798,9.690543211984584,9.962240685217798,38571444.0,965304576.0
2024-04-25,9.844111349029443,10.092182955024986,9.737794946459926,10.092182955024986,31831964.0,805843072.0
2024-04-26,10.127621755881492,10.529261498921892,10.10005824410421,10.466259186288104,47368848.0,1245536128.0
2024-04-29,10.237875802990622,10.34025456102053,9.962240685217798,10.249688736609457,53668056.0,1382221056.0
2024-04-30,10.403256873654318,10.525323854382282,10.198499357594503,10.289065182005574,40267472.0,1059465792.0
2024-05-06,10.060681798708092,10.285127537465964,9.930739528900903,10.253626381149068,35789380.0,918701056.0
2024-05-07,10.308753404703634,10.383568650956258,10.119746466802269,10.139434689500327,32220674.0,839695424.0
2024-05-08,10.029180642391196,10.174873490356834,9.918926595282068,10.021305353311973,23665468.0,604026176.0
2024-05-09,10.040993576010033,10.289065182005574,10.001617130613914,10.222125224832174,25092306.0,648583424.0
2024-05-10,10.336316916480916,10.580450877936848,10.19062406851528,10.54501207708034,40946904.0,1080528256.0
2024-05-13,10.375693361877035,10.556825010699175,10.241813447530234,10.525323854382282,30932772.0,817985088.0
2024-05-14,10.667079057808305,10.828522483932389,10.501697987144611,10.745831948600541,39741488.0,1076787584.0
2024-05-15,10.623764967872576,10.730081370442093,10.458383897208881,10.572575588857623,28554480.0,767711040.0
2024-05-16,10.690704925045976,10.797021327615495,10.32056633832247,10.36781807279781,32367510.0,866956288.0
2024-05-17,10.36781807279781,10.552887366159565,10.178811134896446,10.533199143461506,26559156.0,699431552.0
2024-05-20,10.966340042818802,11.245912805131237,10.777333104917435,11.151409336180555,65190480.0,1828020864.0
2024-05-21,11.16322226979939,11.202598715195506,10.647390835110246,10.749769593140153,42242176.0,1165884416.0
2024-05-22,10.667079057808305,10.777333104917435,10.485947408986164,10.552887366159565,26195480.0,705690240.0
2024-05-23,10.03311828693081,10.198499357594503,9.954365396138574,10.048868865089256,35018560.0,895551808.0
2024-05-24,9.962240685217798,10.237875802990622,9.94649010705935,10.107933533183434,24768562.0,636476864.0
2024-05-27,10.111871177723044,10.336316916480916,10.107933533183434,10.273314603847128,19100840.0,496446240.0
2024-05-28,10.391443940035481,10.548949721619952,10.273314603847128,10.293002826545187,28995344.0,767281600.0
2024-05-29,10.30087811562441,10.580450877936848,10.202437002134117,10.501697987144611,24496408.0,650334464.0
2024-05-30,10.422945096352375,10.485947408986164,10.029180642391196,10.05280650962887,30685940.0,796677376.0
2024-05-31,10.03311828693081,10.127621755881492,9.926801884361291,10.037055931470421,21703948.0,552887680.0
2024-06-03,9.966178329757408,10.092182955024986,9.800797259093715,9.911051306202845,20850822.0,526165312.0
2024-06-04,9.911051306202845,10.068557087787315,9.859861927187891,9.962240685217798,17765928.0,449134688.0
2024-06-05,9.74567023553915,9.828360770870997,9.56847623125662,9.70235614560342,22344340.0,551128064.0
2024-06-06,9.81654783725216,9.918926595282068,9.74567023553915,9.785046680935269,18822136.0,470286720.0
2024-06-07,9.918926595282068,9.930739528900903,9.698418501063808,9.800797259093715,16389972.0,408276192.0
2024-06-11,9.607852676652737,9.678730278365748,9.529099785860502,9.639353832969633,21416422.0,522126976.0
2024-06-12,9.631478543890408,9.796859614554103,9.596039743033902,9.741732590999538,14381233.0,354007616.0
2024-06-13,9.70629379014303,9.765358458237209,9.489723340464385,9.607852676652737,15949265.0,389101856.0
2024-06-14,9.521224496781278,9.63541618843002,9.497598629543608,9.588164453954679,16561139.0,403075360.0
2024-06-17,9.56847623125662,9.655104411128079,9.363718715196807,9.375531648815642,18296242.0,439473632.0
2024-06-18,9.39128222697409,9.584226809415068,9.363718715196807,9.529099785860502,17246436.0,415909248.0
2024-06-19,9.556663297637785,9.694480856524198,9.529099785860502,9.580289164875454,14495594.0,353727904.0
2024-06-20,9.619665610271573,9.72598201284109,9.48184805138516,9.560600942177397,16196476.0,395153184.0
2024-06-21,9.599977387573514,9.682667922905361,9.45822218414749,9.513349207702054,14157778.0,343990880.0
2024-06-24,9.363718715196807,9.442471605989043,9.292841113483796,9.344030492498748,13879481.0,330015360.0
2024-06-25,9.363718715196807,9.59210209849429,9.328279914340301,9.466097473226712,15217435.0,365715968.0
2024-06-26,9.418845738751372,9.442471605989043,9.253464668087677,9.430658672370207,14389686.0,341773856.0
2024-06-27,9.363718715196807,9.37159400427603,9.155023554597383,9.158961199136995,14745880.0,345385024.0
2024-06-28,9.158961199136995,9.41490809421176,9.158961199136995,9.32434226980069,17663460.0,417536512.0
2024-07-01,9.328279914340301,9.544850364018949,9.32434226980069,9.521224496781278,12785965.0,306744064.0
2024-07-02,9.521224496781278,9.54878800855856,9.320404625261078,9.379469293355255,14950986.0,357159424.0
2024-07-03,9.399157516053313,9.45822218414749,9.316466980721465,9.39128222697409,11553404.0,275376672.0
2024-07-04,9.505473918622831,9.576351520335843,9.265277601706513,9.265277601706513,19681864.0,470552288.0
2024-07-05,9.292841113483796,9.59210209849429,9.2613399571669,9.572413875796231,20787002.0,499143488.0
2024-07-08,9.607852676652737,9.74567023553915,9.48184805138516,9.509411563162443,23189932.0,566127936.0
2024-07-09,9.477910406845549,9.662979700207302,9.399157516053313,9.662979700207302,22453696.0,545503424.0
2024-07-10,9.596039743033902,9.619665610271573,9.300716402563019,9.332217558879913,23804848.0,572196928.0
2024-07-11,9.395219871513701,9.800797259093715,9.328279914340301,9.753545524618373,31542652.0,771964864.0
2024-07-12,9.710231434682644,9.733857301920313,9.344030492498748,9.418845738751372,32334500.0,780988096.0
2024-07-15,9.418845738751372,9.607852676652737,9.277090535325348,9.497598629543608,20649100.0,498585888.0
2024-07-16,9.418845738751372,9.525162141320891,9.344030492498748,9.513349207702054,19553072.0,469343872.0
2024-07-17,9.473972762305937,9.517286852241668,9.092021241963595,9.158961199136995,28608294.0,670658816.0
2024-07-18,9.021143640250582,9.143210620978547,8.899076659522619,9.119584753740877,21351752.0,488176416.0
2024-07-19,8.8597002141265,8.96995426123563,8.690381498923193,8.934515460379124,20161072.0,455079360.0
2024-07-22,8.8597002141265,8.930577815839511,8.666755631685524,8.812448479651158,18552812.0,413727168.0
2024-07-23,8.804573190571935,8.855762569586886,8.469873404704934,8.477748693784157,19658820.0,429271232.0
2024-07-24,11.474712011805728,11.605726801664597,11.36007407067922,11.425581465608653,17001966.0,356930816.0
2024-07-25,11.250895079130165,11.321861423637051,11.108962390116394,11.196305583355638,15622633.0,320736800.0
2024-07-26,11.305484574904693,11.578432053777332,11.267271927862524,11.45833516307337,14328195.0,300690016.0
2024-07-29,11.491088860538088,11.605726801664597,11.370991969834126,11.474712011805728,9338844.0,196275824.0
2024-07-30,11.403745667298843,11.403745667298843,11.229059280820355,11.294566675749788,10609679.0,219150288.0
2024-07-31,11.441958314341013,11.725823692368557,11.365533020256674,11.709446843636197,17871756.0,378378688.0
2024-08-01,11.856838482227422,11.92780482673431,11.616644700819501,11.660316297439122,16083042.0,346019904.0
2024-08-02,11.409204616876295,11.447417263918464,11.289107726172334,11.343697221946863,13801637.0,287478432.0
2024-08-05,11.130798188426205,11.376450919411578,11.054372894341865,11.05983184391932,16656278.0,341095552.0
2024-08-06,11.17992873462328,11.207223482510544,10.868768608708471,11.04345499518696,18647660.0,376017216.0
2024-08-07,10.961570751525167,11.152633986736015,10.92881705406045,11.016160247299696,10928934.0,221280544.0
2024-08-08,10.868768608708471,11.048913944764411,10.80872016335649,10.977947600257526,9210325.0,184734320.0
2024-08-09,11.070749743074224,11.223600331242901,11.048913944764411,11.054372894341865,12435344.0,253651136.0
2024-08-12,11.010701297722244,11.119880289271299,10.967029701102621,11.065290793496771,6813448.0,137688864.0
2024-08-13,11.147175037158563,11.169010835468374,10.98340654983498,11.087126591806582,8365220.0,169456288.0
2024-08-14,11.065290793496771,11.114421339693845,10.934276003637905,10.934276003637905,6953325.0,140260256.0
2024-08-15,10.934276003637905,11.152633986736015,10.90698125575064,11.098044490961486,9348935.0,189315600.0
2024-08-16,11.212682432087995,11.294566675749788,11.092585541384034,11.17992873462328,11328040.0,231919744.0
2024-08-19,11.15809293631347,11.491088860538088,11.130798188426205,11.327320373214503,14959387.0,312091200.0
2024-08-20,11.332779322791957,11.398286717721389,11.08166764222913,11.14171608758111,8925276.0,183165936.0
2024-08-21,11.098044490961486,11.272730877439976,11.05983184391932,11.18538768420073,8008288.0,164139024.0
2024-08-22,11.190846633778184,11.23997717997526,10.923358104483,10.961570751525167,10265830.0,207032848.0
2024-08-23,10.917899154905546,11.048913944764411,10.852391759976111,10.994324448989886,8209621.0,164790400.0
2024-08-26,11.136257138003655,11.212682432087995,11.048913944764411,11.17992873462328,12035039.0,245625824.0
2024-08-27,11.147175037158563,11.147175037158563,10.98340654983498,11.092585541384034,10647064.0,215671728.0
2024-08-28,11.054372894341865,11.229059280820355,10.819638062511396,10.88514545744083,15400351.0,310541120.0
2024-08-29,10.80872016335649,11.092585541384034,10.721376970117246,11.037996045609507,18359140.0,368126112.0
2024-08-30,11.054372894341865,11.272730877439976,10.890604407018282,11.10350344053894,22920212.0,464944128.0
2024-09-02,11.010701297722244,11.04345499518696,10.721376970117246,10.797802264201586,21429542.0,425199776.0
2024-09-03,10.743212768427057,10.934276003637905,10.737753818849605,10.841473860821207,11109328.0,220780288.0
2024-09-04,10.65041062561036,10.65041062561036,10.437511592089702,10.486642138286777,19568734.0,377455424.0
2024-09-05,10.486642138286777,10.606739028990738,10.284661003921023,10.404757894624984,17075488.0,325905568.0
2024-09-06,10.432052642512248,10.519395835751494,10.361086298005363,10.361086298005363,8267014.0,157892640.0
2024-09-09,10.262825205611213,10.284661003921023,10.126351466174894,10.23553045772395,13356431.0,249983616.0
2024-09-10,10.273743104766119,10.333791550118098,10.028090373780744,10.170023062794515,11315094.0,210028064.0
2024-09-11,10.088138819132725,10.15910516363961,10.049926172090554,10.153646214062158,8931380.0,165378544.0
2024-09-12,10.202776760259233,10.273743104766119,10.066303020822915,10.164564113217065,12268788.0,228448560.0
2024-09-13,10.251907306456308,10.333791550118098,10.14272831490725,10.148187264484704,16174027.0,302912320.0
2024-09-18,10.186399911526875,10.382922096315173,10.14272831490725,10.339250499695552,16197977.0,305075552.0
2024-09-19,10.372004197160269,10.705000121384888,10.224612558569044,10.683164323075077,24747236.0,477635936.0
2024-09-20,10.655869575187813,10.890604407018282,10.601280079413286,10.841473860821207,26342028.0,519817312.0
2024-09-23,10.80872016335649,10.988865499412432,10.781425415469228,10.857850709553565,17856632.0,355695040.0
2024-09-24,10.950652852370261,11.316402474059599,10.868768608708471,11.294566675749788,28004588.0,570225280.0
2024-09-25,11.600267852087143,11.856838482227422,11.447417263918464,11.447417263918464,36041728.0,767885056.0
2024-09-26,11.452876213495918,11.87321533095978,11.420122516031203,11.87321533095978,28415170.0,605088640.0
2024-09-27,12.22804705349421,12.359061843353079,12.031524868705912,12.34268499462072,24051720.0,537503424.0
2024-09-30,12.910415750675808,13.44539280926618,12.681139868422791,13.325295918562219,68662552.0,1643172736.0
2024-10-08,14.624525917995978,14.629984867573432,13.079643187576844,13.620079195744669,82457840.0,2082134784.0
2024-10-09,13.16698638081609,13.16698638081609,12.369979742507983,12.375438692085437,53062880.0,1237112704.0
2024-10-10,12.282636549268739,13.035971590957221,12.282636549268739,12.713893565887508,36330240.0,844440128.0
2024-10-11,12.801236759126752,12.844908355746375,12.391815540817793,12.522830330676662,21697636.0,501263296.0
2024-10-14,12.533748229831568,12.801236759126752,12.490076633211944,12.675680918845337,23541352.0,545830144.0
2024-10-15,12.56104297771883,12.637468271803169,12.282636549268739,12.288095498846193,24023280.0,547493952.0
2024-10-16,12.195293356029495,12.36452079293053,12.102491213212799,12.249882851804024,16407101.0,367997472.0
2024-10-17,12.32630814588836,12.446405036592322,12.064278566170628,12.091573314057891,15664458.0,351828448.0
2024-10-18,12.091573314057891,12.528289280254114,12.036983818283364,12.337226045043268,25360936.0,569325632.0
2024-10-21,12.380897641662889,12.746647263352227,12.380897641662889,12.571960876873737,34450008.0,794592896.0
2024-10-22,12.375438692085437,12.599255624761,12.359061843353079,12.582878776028641,21451152.0,491131392.0
2024-10-23,12.588337725606094,12.664763019690433,12.473699784479587,12.539207179409019,23638168.0,543977216.0
2024-10-24,12.451863986169775,12.50099453236685,12.309931297156004,12.462781885324679,15782967.0,358716672.0
2024-10-25,12.397274490395247,12.610173523915906,12.397274490395247,12.506453481944304,17972324.0,410970176.0
2024-10-28,12.506453481944304,12.702975666732602,12.457322935747229,12.697516717155152,24617108.0,569105984.0
2024-10-29,12.708434616310056,12.708434616310056,12.359061843353079,12.375438692085437,25954000.0,593496064.0
2024-10-30,12.217129154339306,12.277177599691285,11.905969028424497,11.982394322508837,33083904.0,730401856.0
2024-10-31,11.976935372931385,12.004230120818647,11.813166885607801,11.878674280537235,27555428.0,600639168.0
2024-11-01,11.856838482227422,12.697516717155152,11.807707936030347,12.435487137437418,60842312.0,1378944384.0
2024-11-04,12.473699784479587,12.50099453236685,12.16799860814223,12.495535582789397,31644000.0,714849536.0
2024-11-05,12.435487137437418,12.768483061662037,12.391815540817793,12.763024112084583,48590852.0,1125737344.0
2024-11-06,12.763024112084583,12.965005246450335,12.571960876873737,12.626550372648264,42327320.0,989073408.0
2024-11-07,12.419110288705058,12.719352515464962,12.129785961100062,12.719352515464962,39206948.0,896410624.0
2024-11-08,12.97046419602779,13.079643187576844,12.57741982645119,12.648386170958076,45397480.0,1064630016.0
2024-11-11,12.506453481944304,12.588337725606094,12.34268499462072,12.588337725606094,31350926.0,717099840.0
2024-11-12,12.490076633211944,12.719352515464962,12.288095498846193,12.331767095465814,33320122.0,763117376.0
2024-11-13,12.288095498846193,12.50099453236685,12.255341801381475,12.337226045043268,19075076.0,431803584.0
2024-11-14,12.309931297156004,12.369979742507983,12.009689070396101,12.015148019973553,24754696.0,551554432.0
2024-11-15,12.064278566170628,12.173457557719685,11.900510078847045,11.900510078847045,16664176.0,367513504.0
2024-11-18,11.900510078847045,12.162539658564778,11.835002683917612,11.87321533095978,23307316.0,511643360.0
2024-11-19,11.97147642335393,12.06973751574808,11.785872137720537,12.009689070396101,15238223.0,332973952.0
2024-11-20,12.009689070396101,12.064278566170628,11.900510078847045,12.02606591912846,14828034.0,325788800.0
2024-11-21,12.009689070396101,12.086114364480439,11.92780482673431,12.031524868705912,12641239.0,277631872.0
2024-11-22,12.031524868705912,12.086114364480439,11.583891003354784,11.583891003354784,21495384.0,465139168.0
2024-11-25,11.600267852087143,11.769495288988178,11.441958314341013,11.545678356312614,12634513.0,268569376.0
2024-11-26,11.491088860538088,11.594808902509689,11.463794112650824,11.474712011805728,8538770.0,180045120.0
2024-11-27,11.474712011805728,11.572973104199878,11.283648776594882,11.572973104199878,12313919.0,257950416.0
2024-11-28,11.572973104199878,11.572973104199878,11.381909868989032,11.387368818566484,11755084.0,246908272.0
2024-11-29,11.381909868989032,11.545678356312614,11.354615121101768,11.491088860538088,13791710.0,289709024.0
2024-12-02,11.502006759692993,11.676693146171482,11.480170961383182,11.649398398284218,14678540.0,311994752.0
2024-12-03,11.649398398284218,11.698528944481293,11.556596255467522,11.682152095748933,12069011.0,257037232.0
2024-12-04,11.736741591523462,11.75311844025582,11.622103650396953,11.676693146171482,13093112.0,280446400.0
2024-12-05,11.627562599974407,11.63302154955186,11.512924658847899,11.556596255467522,12137106.0,256886560.0
2024-12-06,11.562055205044974,11.720364742791103,11.540219406735162,11.703987894058747,12950556.0,276317792.0
2024-12-09,11.665775247016576,11.807707936030347,11.600267852087143,11.654857347861672,15728826.0,337230368.0
2024-12-10,11.998771171241195,12.02606591912846,11.676693146171482,11.698528944481293,25137840.0,545286784.0
2024-12-11,11.682152095748933,11.993312221663741,11.671234196594028,11.867756381382328,23000622.0,500457184.0
2024-12-12,11.87321533095978,11.97147642335393,11.818625835185253,11.96601747377648,15107524.0,329812000.0
2024-12-13,11.87321533095978,11.88959217969214,11.594808902509689,11.605726801664597,22189524.0,475188960.0
2024-12-16,11.616644700819501,11.638480499129312,11.425581465608653,11.447417263918464,13901410.0,293209952.0
2024-12-17,11.420122516031203,11.578432053777332,11.420122516031203,11.463794112650824,11079089.0,233420496.0
2024-12-18,11.480170961383182,11.545678356312614,11.381909868989032,11.398286717721389,11115719.0,233259728.0
2024-12-19,11.305484574904693,11.398286717721389,11.207223482510544,11.387368818566484,9709726.0,201376992.0
2024-12-20,11.381909868989032,11.425581465608653,11.207223482510544,11.234518230397805,16519852.0,340623744.0
2024-12-23,11.267271927862524,11.43649936476356,11.245436129552713,11.349156171524315,14359344.0,298933152.0
2024-12-24,11.272730877439976,11.447417263918464,11.26181297828507,11.441958314341013,10429359.0,217516864.0
2024-12-25,11.447417263918464,11.491088860538088,11.370991969834126,11.452876213495918,9334307.0,195601568.0
2024-12-26,11.469253062228276,11.518383608425351,11.414663566453749,11.441958314341013,8476608.0,177957520.0
2024-12-27,11.447417263918464,11.529301507580257,11.392827768143938,11.43649936476356,11403252.0,239232832.0
2024-12-30,11.414663566453749,11.567514154622426,11.409204616876295,11.540219406735162,13204410.0,278532896.0
2024-12-31,11.507465709270445,11.545678356312614,11.196305583355638,11.267271927862524,13396828.0,278976352.0
2025-01-02,11.250895079130165,11.327320373214503,10.972488650680074,11.048913944764411,14733605.0,301290496.0
2025-01-03,11.048913944764411,11.45833516307337,11.04345499518696,11.16355188589092,23812414.0,491642784.0
2025-01-06,11.218141381665449,11.463794112650824,11.114421339693845,11.30002562532724,17322848.0,359053120.0
2025-01-07,11.354615121101768,11.485629910960634,11.190846633778184,11.409204616876295,13616336.0,283413184.0
2025-01-08,11.354615121101768,11.381909868989032,11.037996045609507,11.190846633778184,15711532.0,322145888.0
2025-01-09,11.16355188589092,11.310943524482145,11.114421339693845,11.250895079130165,9352001.0,192336800.0
2025-01-10,11.27818982701743,11.398286717721389,11.119880289271299,11.174469785045826,13071727.0,269468736.0
2025-01-13,11.108962390116394,11.447417263918464,11.065290793496771,11.387368818566484,17826372.0,369568448.0
2025-01-14,11.332779322791957,11.523842558002803,11.272730877439976,11.507465709270445,25204976.0,527451328.0
2025-01-15,11.452876213495918,11.480170961383182,11.33823827236941,11.381909868989032,15538389.0,324459520.0
2025-01-16,11.491088860538088,11.725823692368557,11.469253062228276,11.714905793213651,32338304.0,688041728.0
2025-01-17,11.654857347861672,11.698528944481293,11.562055205044974,11.654857347861672,17748302.0,378632032.0
2025-01-20,11.649398398284218,11.649398398284218,11.441958314341013,11.463794112650824,21679356.0,457586912.0
2025-01-21,11.512924658847899,11.562055205044974,11.33823827236941,11.45833516307337,12310702.0,257985536.0
2025-01-22,11.485629910960634,11.485629910960634,11.332779322791957,11.409204616876295,9025437.0,188259392.0
2025-01-23,11.463794112650824,11.562055205044974,11.316402474059599,11.327320373214503,15031882.0,314927360.0
2025-01-24,11.332779322791957,11.529301507580257,11.316402474059599,11.529301507580257,17034960.0,357488192.0
2025-01-27,11.540219406735162,11.660316297439122,11.507465709270445,11.518383608425351,15091910.0,320078720.0
2025-02-05,11.529301507580257,11.562055205044974,11.387368818566484,11.469253062228276,14324464.0,300371776.0
2025-02-06,11.540219406735162,11.627562599974407,11.45833516307337,11.627562599974407,17566532.0,372049664.0
2025-02-07,11.605726801664597,11.884133230114687,11.562055205044974,11.835002683917612,31748348.0,684899200.0
2025-02-10,11.900510078847045,12.031524868705912,11.818625835185253,11.884133230114687,22162568.0,483151776.0
2025-02-11,11.905969028424497,12.173457557719685,11.900510078847045,11.993312221663741,36180664.0,796193536.0
2025-02-12,12.004230120818647,12.004230120818647,11.709446843636197,11.807707936030347,28336928.0,614220352.0
2025-02-13,11.85137953264997,11.922345877156856,11.764036339410726,11.785872137720537,14921305.0,323251200.0
2025-02-14,11.818625835185253,11.938722725889216,11.764036339410726,11.87321533095978,17408076.0,377889504.0
2025-02-17,11.758577389833272,11.758577389833272,11.583891003354784,11.627562599974407,20945712.0,446920352.0
2025-02-18,11.627562599974407,11.654857347861672,11.452876213495918,11.480170961383182,14511139.0,307198336.0
2025-02-19,11.523842558002803,11.540219406735162,11.431040415186107,11.518383608425351,14213382.0,298717312.0
2025-02-20,11.485629910960634,11.512924658847899,11.387368818566484,11.502006759692993,12089933.0,253759072.0
2025-02-21,11.512924658847899,11.594808902509689,11.425581465608653,11.463794112650824,16576402.0,348954016.0
2025-02-24,11.425581465608653,11.502006759692993,11.354615121101768,11.452876213495918,13299936.0,278808896.0
2025-02-25,11.392827768143938,11.43649936476356,11.305484574904693,11.310943524482145,12918601.0,268674272.0
2025-02-26,11.398286717721389,11.682152095748933,11.392827768143938,11.589349952932237,27667248.0,586219456.0
2025-02-27,11.589349952932237,11.616644700819501,11.36007407067922,11.480170961383182,18700750.0,392982112.0
2025-02-28,11.420122516031203,11.469253062228276,11.310943524482145,11.310943524482145,14611170.0,304623936.0
2025-03-03,11.343697221946863,11.529301507580257,11.33823827236941,11.409204616876295,15944721.0,334453664.0
2025-03-04,11.387368818566484,11.452876213495918,11.310943524482145,11.425581465608653,9653817.0,201272384.0
2025-03-05,11.398286717721389,11.507465709270445,11.327320373214503,11.502006759692993,12617440.0,264053520.0
2025-03-06,11.665775247016576,11.774954238565632,11.622103650396953,11.682152095748933,35429164.0,758433088.0
2025-03-07,11.709446843636197,11.982394322508837,11.703987894058747,11.85137953264997,38254424.0,833656384.0
2025-03-10,11.87321533095978,11.998771171241195,11.79133108729799,11.944181675466666,26369980.0,574885632.0
2025-03-11,11.802248986452895,11.900510078847045,11.725823692368557,11.900510078847045,18024818.0,389780704.0
2025-03-12,12.015148019973553,12.053360667015722,11.884133230114687,11.97147642335393,22147544.0,485320320.0
2025-03-13,12.009689070396101,12.140703860254966,11.916886927579403,12.009689070396101,25529856.0,561943936.0
2025-03-14,12.217129154339306,12.30447234757855,12.06973751574808,12.162539658564778,42815896.0,955668608.0
2025-03-17,12.173457557719685,12.271718650113835,12.020606969551006,12.042442767860816,26391012.0,585940160.0
2025-03-18,12.097032263635345,12.36452079293053,12.058819616593176,12.195293356029495,33507712.0,750484032.0
2025-03-19,12.20075230560695,12.271718650113835,12.080655414902987,12.16799860814223,18216284.0,405315264.0
2025-03-20,12.331767095465814,12.440946087014868,12.195293356029495,12.238964952649118,32225566.0,726687296.0
2025-03-21,12.173457557719685,12.32630814588836,11.982394322508837,12.020606969551006,30609816.0,681685888.0
2025-03-24,12.080655414902987,12.877662053211091,12.02606591912846,12.730270414619866,75728936.0,1743893120.0
2025-03-25,12.823072557436562,13.303460120252408,12.730270414619866,13.106937935464108,88223480.0,2103306368.0
2025-03-26,13.34713171687203,13.827519279687873,13.117855834619014,13.156068481661183,110310888.0,2726084352.0
2025-03-27,12.719352515464962,13.01413579264741,12.681139868422791,12.757565162507131,54676988.0,1279646080.0
2025-03-28,12.801236759126752,12.975923145605242,12.675680918845337,12.817613607859112,43474096.0,1019803648.0
2025-03-31,12.664763019690433,12.812154658281658,12.451863986169775,12.57741982645119,37411076.0,863298112.0
2025-04-01,12.642927221380623,12.741188313774773,12.522830330676662,12.670221969267887,26810708.0,619971712.0
2025-04-02,12.555584028141379,12.65930407011298,12.435487137437418,12.47915873405704,22051998.0,506128864.0
2025-04-03,12.288095498846193,12.375438692085437,12.173457557719685,12.195293356029495,28939074.0,649546368.0
2025-04-07,10.977947600257526,11.18538768420073,10.977947600257526,10.977947600257526,41992300.0,846609920.0
2025-04-08,10.92881705406045,10.92881705406045,10.541231634061305,10.80872016335649,46325856.0,906612672.0
2025-04-09,10.601280079413286,10.939734953215357,10.377463146737723,10.939734953215357,36150844.0,703898624.0
2025-04-10,11.18538768420073,11.365533020256674,11.0270781464546,11.321861423637051,41403460.0,851676032.0
2025-04-11,11.30002562532724,11.370991969834126,11.207223482510544,11.305484574904693,26859544.0,555566400.0
2025-04-14,11.45833516307337,11.807707936030347,11.43649936476356,11.616644700819501,35867512.0,763063616.0
2025-04-15,11.643939448706764,11.643939448706764,11.414663566453749,11.523842558002803,17997058.0,378926848.0
2025-04-16,11.649398398284218,11.660316297439122,11.256354028707618,11.425581465608653,21643556.0,451250080.0
2025-04-17,11.605726801664597,11.611185751242047,11.420122516031203,11.480170961383182,22733102.0,478760736.0
2025-04-18,11.441958314341013,11.53476045715771,11.409204616876295,11.518383608425351,12087844.0,254139392.0
2025-04-21,11.518383608425351,11.944181675466666,11.485629910960634,11.933263776311762,31907114.0,688531008.0
2025-04-22,11.938722725889216,12.22258810391676,11.85137953264997,12.118868061945156,32345694.0,712561600.0
2025-04-23,12.118868061945156,12.151621759409874,11.905969028424497,11.938722725889216,22167094.0,487562944.0
2025-04-24,11.905969028424497,11.98785327208629,11.742200541100916,11.813166885607801,14467692.0,314138368.0
2025-04-25,11.900510078847045,11.94964062504412,11.764036339410726,11.79133108729799,14911917.0,324039168.0
2025-04-28,11.747659490678368,11.796790036875443,11.627562599974407,11.75311844025582,11445883.0,245654864.0
2025-04-29,11.785872137720537,11.802248986452895,11.682152095748933,11.69306999490384,11028260.0,237116528.0
2025-04-30,11.69306999490384,11.758577389833272,11.605726801664597,11.616644700819501,13510480.0,288958144.0
2025-05-06,11.682152095748933,11.895051129269591,11.671234196594028,11.895051129269591,15944101.0,345436096.0
2025-05-07,12.020606969551006,12.036983818283364,11.796790036875443,11.900510078847045,14492279.0,315686848.0
2025-05-08,11.79133108729799,11.88959217969214,11.736741591523462,11.835002683917612,11610141.0,251660416.0
2025-05-09,11.835002683917612,11.845920583072518,11.709446843636197,11.75311844025582,9557367.0,205930864.0
2025-05-12,11.802248986452895,11.97147642335393,11.802248986452895,11.96601747377648,15266969.0,332750240.0
2025-05-13,11.998771171241195,12.020606969551006,11.884133230114687,11.944181675466666,10988112.0,240379872.0
2025-05-14,11.993312221663741,12.10795016279025,11.94964062504412,12.102491213212799,18423756.0,406339328.0
2025-05-15,12.020606969551006,12.031524868705912,11.878674280537235,11.895051129269591,12644373.0,276392576.0
2025-05-16,11.900510078847045,11.97147642335393,11.780413188143083,11.856838482227422,12632003.0,274306080.0
2025-05-19,11.802248986452895,11.824084784762706,11.75311844025582,11.79133108729799,8847842.0,191028160.0
2025-05-20,11.796790036875443,11.840461633495066,11.774954238565632,11.79133108729799,8019620.0,173371696.0
2025-05-21,11.835002683917612,11.998771171241195,11.807707936030347,11.993312221663741,16455671.0,359575008.0
2025-05-22,11.92780482673431,11.94964062504412,11.845920583072518,11.856838482227422,9810276.0,213715024.0
2025-05-23,11.85137953264997,11.982394322508837,11.824084784762706,11.824084784762706,11569100.0,252105472.0
2025-05-26,11.916886927579403,12.009689070396101,11.85137953264997,11.922345877156856,14876103.0,325212864.0
2025-05-27,11.900510078847045,11.922345877156856,11.589349952932237,11.616644700819501,17414742.0,373659552.0
2025-05-28,11.627562599974407,11.714905793213651,11.627562599974407,11.649398398284218,6699380.0,143184752.0
2025-05-29,11.627562599974407,11.725823692368557,11.562055205044974,11.703987894058747,9126887.0,195260688.0
2025-05-30,11.660316297439122,11.682152095748933,11.562055205044974,11.600267852087143,8391635.0,178565696.0
2025-06-03,11.638480499129312,11.79133108729799,11.638480499129312,11.709446843636197,12301636.0,264106496.0
2025-06-04,11.720364742791103,12.080655414902987,11.720364742791103,12.036983818283364,29275060.0,643042112.0
2025-06-05,12.036983818283364,12.091573314057891,11.911427978001951,11.933263776311762,13958298.0,306248384.0
2025-06-06,12.031524868705912,12.195293356029495,12.031524868705912,12.157080708987325,21994540.0,489098976.0
2025-06-09,12.118868061945156,12.135244910677514,11.993312221663741,12.086114364480439,16419748.0,362922304.0
2025-06-10,12.14616280983242,12.16799860814223,11.982394322508837,12.053360667015722,14813983.0,327639168.0
2025-06-11,12.053360667015722,12.249882851804024,12.053360667015722,12.173457557719685,15972424.0,356053056.0
2025-06-12,12.173457557719685,12.271718650113835,12.064278566170628,12.255341801381475,12877502.0,287764096.0
2025-06-13,12.2062112551844,12.348143944198172,12.14616280983242,12.184375456874589,17658394.0,395331264.0
2025-06-16,12.184375456874589,12.26625970053638,12.102491213212799,12.135244910677514,13888748.0,309406912.0
2025-06-17,12.12432701152261,12.195293356029495,12.091573314057891,12.113409112367703,8531001.0,189591264.0
2025-06-18,12.12432701152261,12.140703860254966,11.955099574621572,12.080655414902987,10643762.0,234679648.0
2025-06-19,12.02606591912846,12.075196465325535,11.764036339410726,11.807707936030347,13341557.0,290652384.0
2025-06-20,11.807707936030347,11.867756381382328,11.758577389833272,11.785872137720537,9100858.0,196923008.0
2025-06-23,11.764036339410726,11.856838482227422,11.75311844025582,11.818625835185253,8114888.0,175607472.0
2025-06-24,11.87321533095978,12.031524868705912,11.824084784762706,11.96601747377648,14178394.0,310741184.0
2025-06-25,11.998771171241195,12.080655414902987,11.94964062504412,12.080655414902987,13988600.0,307631808.0
2025-06-26,12.102491213212799,12.22258810391676,12.080655414902987,12.12432701152261,17938492.0,399629856.0
2025-06-27,12.353602893775625,12.965005246450335,12.34268499462072,12.866744154056185,61338288.0,1431643776.0
2025-06-30,13.101478985886654,13.123314784196467,12.604714574338452,12.790318859971848,43431340.0,1018273728.0
2025-07-01,12.724811465042412,12.986841044760146,12.528289280254114,12.986841044760146,39905616.0,932183360.0
2025-07-02,12.839449406168923,13.298001170674954,12.806695708704206,12.986841044760146,61865800.0,1476291456.0
2025-07-03,13.041430540534675,13.15060953208373,12.899497851520902,13.008676843069956,36303732.0,864509376.0
2025-07-04,12.91587470025326,12.91587470025326,12.724811465042412,12.817613607859112,31276608.0,733866240.0
2025-07-07,12.746647263352227,12.828531507014016,12.681139868422791,12.702975666732602,18537512.0,432726720.0
2025-07-08,12.730270414619866,12.861285204478733,12.730270414619866,12.779400960816941,18088248.0,423970496.0
2025-07-09,13.008676843069956,13.025053691802317,12.47915873405704,12.506453481944304,52371924.0,1218291968.0
2025-07-10,12.50099453236685,12.632009322225716,12.473699784479587,12.588337725606094,25561850.0,588884160.0
2025-07-11,12.610173523915906,13.063266338844485,12.582878776028641,12.817613607859112,53835436.0,1264926848.0
2025-07-14,12.883121002788545,13.063266338844485,12.866744154056185,12.883121002788545,33387244.0,791954816.0
2025-07-15,12.806695708704206,12.97046419602779,12.719352515464962,12.779400960816941,23323544.0,548038272.0
2025-07-16,12.779400960816941,12.823072557436562,12.610173523915906,12.670221969267887,15924100.0,370118528.0
2025-07-17,12.664763019690433,12.702975666732602,12.593796675183548,12.648386170958076,17400156.0,402852544.0
2025-07-18,12.686598818000244,12.899497851520902,12.686598818000244,12.866744154056185,27241742.0,639340480.0
2025-07-21,12.93771049856307,13.358049616026936,12.926792599408166,13.319836968984765,52509536.0,1264865664.0
2025-07-22,18.165501797356814,18.448739709915685,17.989434986847243,18.441084631197874,52219668.0,1241541248.0
2025-07-23,18.441084631197874,18.456394788633492,18.165501797356814,18.249707663252693,38187456.0,913063680.0
2025-07-24,18.28032797812392,18.74728777991017,18.211432269663657,18.66308191401429,43763360.0,1059089280.0
2025-07-25,18.54060065452937,18.647771756578674,18.310948292995153,18.34156860786638,29266930.0,705234240.0
2025-07-28,18.173156876074618,18.303293214277346,17.99709006556505,18.28798305684173,24639184.0,585207104.0
2025-07-29,18.18081195479243,18.272672899406114,17.981779908129436,18.104261167614354,22759710.0,537839808.0
2025-07-30,18.11191624633216,18.2573627419705,17.821023255055483,17.951159593258208,23215044.0,548216000.0
2025-07-31,17.606681050956876,17.606681050956876,17.147376327888434,17.208616957630895,48630532.0,1101888128.0
2025-08-01,17.185651721477473,17.384683768140466,17.109100934299402,17.26985758737335,21072624.0,474528672.0
2025-08-04,17.216272036348702,17.39233884685827,17.177996642759666,17.384683768140466,19868556.0,449219744.0
2025-08-05,17.438269319165116,17.62199120839249,17.36937361070485,17.553095499932226,22043772.0,503978720.0
2025-08-06,17.45357947660073,18.165501797356814,17.4229591617295,18.004745144282857,43089476.0,1009290048.0
2025-08-07,18.004745144282857,18.104261167614354,17.71385215300618,17.958814671976015,26954896.0,629512256.0
2025-08-08,17.9435045145404,18.34156860786638,17.866953727362326,18.242052584534886,34327576.0,817155520.0
2025-08-11,18.356878765301996,18.548255733247178,18.157846718639004,18.387499080173225,31764554.0,763074304.0
2025-08-12,18.379844001455417,18.448739709915685,18.23439750581708,18.39515415889103,21575196.0,517321760.0
2025-08-13,18.586531126836217,19.336728841181337,18.563565890682792,19.068801086058077,54870624.0,1361487488.0
2025-08-14,19.053490928622463,19.4056245496416,18.91569951170193,18.923354590419738,40529780.0,1012806848.0
2025-08-15,18.885079196830702,19.650587068611436,18.885079196830702,19.397969470923794,42519096.0,1072400512.0
2025-08-18,19.420934707077215,19.420934707077215,18.938664747855352,19.045835849904655,48072736.0,1200060032.0
2025-08-19,18.999905377597813,19.099421400929305,18.670736992732095,18.762597937345785,34583664.0,852329920.0
2025-08-20,18.74728777991017,19.08411124349369,18.716667465038938,18.999905377597813,26770860.0,661565632.0
2025-08-21,19.022870613751234,19.1989374242608,18.80087333093482,18.86211396067728,22333806.0,553335552.0
2025-08-22,18.831493645806052,18.95397490529097,18.68604715016771,18.923354590419738,24467148.0,601642432.0
2025-08-25,19.260178054003262,20.814159033718152,19.260178054003262,20.645747301926388,93587592.0,2498380288.0
2025-08-26,20.592161750901738,20.75291840397569,20.38547462552094,20.538576199877085,52327112.0,1404978176.0
2025-08-27,20.52326604244147,20.607471908337356,19.964445296041536,19.972100374759343,44126780.0,1170756480.0
2025-08-28,19.681207383482665,20.07161639809084,19.443899943230637,19.964445296041536,41303644.0,1068766400.0
2025-08-29,20.278303523471635,21.748078637290646,20.240028129882603,21.357669622682472,81137584.0,2244663040.0
2025-09-01,21.778698952161875,22.329864619844006,21.120362182430444,22.16910796677005,97749144.0,2796063744.0
2025-09-02,22.33751969856181,22.91930568111517,21.87821497549337,22.199728281641278,88557960.0,2582596864.0
2025-09-03,22.888685366243937,23.5776424508466,22.414070485739884,22.73558379188779,98677792.0,2944059392.0
2025-09-04,22.750893949323405,23.470471348797297,21.51077119703862,21.901180211646793,82279296.0,2401040896.0
2025-09-05,21.778698952161875,22.551861902660416,21.778698952161875,22.498276351635766,61933784.0,1798979328.0
2025-09-08,22.727928713169987,22.73558379188779,21.709803243701607,21.839939581904336,56343700.0,1621221376.0
2025-09-09,21.74042355857284,22.4293806431755,21.732768479855032,21.93945560523583,58240632.0,1678301184.0
2025-09-10,21.434220409860544,22.02366147113171,21.258153599350976,21.893525132928985,45058540.0,1270980224.0
2025-09-11,21.970075920107057,22.299244304972774,21.839939581904336,22.199728281641278,45385480.0,1309618816.0
2025-09-12,22.56717206009603,24.228324141860224,22.56717206009603,23.707778789049325,90937728.0,2783596544.0
2025-09-15,23.38626548290142,23.707778789049325,23.09537249162474,23.17957835752062,58916844.0,1797690752.0
2025-09-16,23.65419323802467,23.853225284687664,22.31455446240839,23.011166625728855,67949920.0,2031501440.0
2025-09-17,22.758549028041216,24.04460225263285,22.528896666506995,23.77667449750959,72700608.0,2209385728.0
2025-09-18,23.00351154701105,23.00351154701105,21.98538607754267,22.25331383266593,79200632.0,2327962112.0
2025-09-19,21.954765762671443,22.467656036764538,21.81697434575091,22.199728281641278,39481720.0,1140796288.0
2025-09-22,22.551861902660416,22.582482217531645,21.587321984216693,21.93180052651802,40990100.0,1170737664.0
2025-09-23,21.88587005421118,22.291589226254967,21.464840724731776,21.771043873444068,36506812.0,1040597632.0
2025-09-24,21.549046590627654,21.93180052651802,21.411255173707122,21.832284503186525,30289698.0,856953344.0
2025-09-25,23.631228001871253,23.646538159306868,22.79682442163025,23.164268200085004,101371416.0,3083270400.0
2025-09-26,23.539367057257564,25.18520898158614,23.508746742386336,23.960396386736967,85210952.0,2713135104.0
2025-09-29,24.47328666083006,24.787144888260162,23.86088036340547,24.69528394364647,73432360.0,2341296896.0
2025-09-30,25.261759768764215,27.167874369498243,25.093348036972454,27.167874369498243,103709064.0,3608167168.0
2025-10-09,29.87777223560204,29.885427314319845,29.357226882791142,29.885427314319845,35422228.0,1379789568.0
2025-10-10,30.62031487122935,32.87090801426471,30.314111722517058,32.227881401968894,180448000.0,7526018560.0
2025-10-13,29.67874018893905,31.99822904043467,29.594534323043163,31.692025891722377,154519408.0,6171738624.0
2025-10-14,32.151330614790815,33.09290529708112,29.433777669969217,29.533293693300706,138675392.0,5633484800.0
2025-10-15,29.533293693300706,30.513143769180047,28.10944905178854,30.383007430977322,79981688.0,3094321920.0
2025-10-16,30.084459360982834,30.360042194823897,29.181160072281568,29.44143274868702,60905904.0,2361120000.0
2025-10-17,29.701705425092467,30.061494124829416,28.323791255887148,28.568753774856983,68195368.0,2593966592.0
2025-10-20,28.56109869613918,29.227090544588414,28.25489554742688,28.484547908961105,58507016.0,2189306880.0
2025-10-21,28.721855349213133,29.3189514892021,28.538133459985755,28.874956923569275,53112896.0,2008683008.0
2025-10-22,27.558283384106417,28.61468424716383,27.336286101290003,28.415652200500837,45476904.0,1671240448.0
2025-10-23,28.155379524095387,28.484547908961105,27.558283384106417,28.423307279218648,38842020.0,1423248768.0
2025-10-24,28.989783104336386,29.923702707908884,28.706545191777515,29.923702707908884,81194200.0,3108906752.0
2025-10-27,30.849967232763568,32.1283653786374,30.375352352259515,31.791541915053873,96830192.0,3973547520.0
2025-10-28,31.385822743010085,31.393477821727892,29.893082393037652,30.000253495086955,82074800.0,3268051968.0
2025-10-29,30.352387116106094,33.00104435246743,30.352387116106094,32.87090801426471,102964136.0,4273569280.0
2025-10-30,32.151330614790815,34.56268041090013,32.074779827612744,33.18476624169481,122218936.0,5360643584.0
2025-10-31,32.824977541957864,33.14649084810577,31.42409813659912,31.454718451470352,75574568.0,3165114112.0
2025-11-03,30.926518019941643,31.25568640480736,29.617499559196588,30.551419162769083,63364304.0,2511283968.0
2025-11-04,30.199285541749948,30.490178533026626,29.341916725355524,29.548603850736324,46764312.0,1823325824.0
2025-11-05,28.3773768069118,30.206940620467755,28.3773768069118,29.98494333765134,51374992.0,1983026560.0
2025-11-06,30.000253495086955,30.911207862506032,29.854806999448616,30.582039477640315,61777576.0,2453867264.0
2025-11-07,30.069149203547223,30.796381681738918,29.76294605483493,30.520798847897854,45274320.0,1799836416.0
2025-11-10,30.849967232763568,31.355202428138856,30.314111722517058,30.811691839174532,52606840.0,2112330240.0
2025-11-11,31.133205145322442,31.34754734942105,29.93135778662669,30.061494124829416,47774340.0,1899850752.0
2025-11-12,29.839496842013,30.48252345430882,29.510328457147285,29.870117156884234,34018940.0,1330169600.0
2025-11-13,30.122734754571873,31.2939617983964,29.770601133552738,30.980103570966296,64221792.0,2586235648.0
2025-11-14,30.27583632892802,30.696865658407425,29.701705425092467,29.96197810149792,39291996.0,1549737088.0
2025-11-17,29.671085110221238,29.770601133552738,28.74482058536655,28.959162789465157,43792232.0,1669075968.0
2025-11-18,28.55344361742137,28.76013074280217,28.017588107174856,28.29317094101592,36841976.0,1364368256.0
2025-11-19,28.40799712178303,28.936197553311732,28.247240468709073,28.62999440459944,32237116.0,1202792704.0
2025-11-20,28.890267081004893,29.165849914845957,28.369721728193994,28.415652200500837,25719960.0,966914752.0
2025-11-21,27.63483417128449,27.849176375383095,27.17552944821605,27.305665786418775,35933832.0,1292242688.0
2025-11-24,27.51235291179957,27.7496603520516,27.091323582320168,27.481732596928342,23012014.0,825292800.0
2025-11-25,27.810900981794056,28.55344361742137,27.696074801026946,28.216620153837844,29728824.0,1092968576.0
2025-11-26,28.285515862298116,28.74482058536655,28.025243185892663,28.40799712178303,25709134.0,954185856.0
2025-11-27,28.943852632029547,29.173504993563764,28.484547908961105,28.538133459985755,29454904.0,1108993408.0
2025-11-28,31.60804084540489,32.225452386606506,31.52228924246022,32.0968249821895,20301916.0,755735104.0
2025-12-01,34.00051056756115,35.30393493232012,34.00051056756115,35.03810496319164,89751472.0,3641520640.0
2025-12-02,33.90618380432201,34.69509855141297,33.90618380432201,34.69509855141297,50968612.0,2040853248.0
2025-12-03,34.38639278081216,35.31251009261458,34.09483733080028,34.70367371170743,47838820.0,1936262656.0
2025-12-04,36.01567323676086,36.65881025884588,35.20960816908098,35.252483970553314,67940456.0,2834829056.0
2025-12-05,35.158157207314176,37.64495369270957,35.158157207314176,37.14759439563049,79433800.0,3395658496.0
2025-12-08,37.156169555924954,38.52819520303966,36.290078366183806,38.36526715744479,81540816.0,3542776576.0
2025-12-09,37.687829494181905,37.687829494181905,35.91277131322727,36.04139871764426,71808928.0,3068701184.0
2025-12-10,36.34152932795061,36.65881025884588,35.852745191165994,36.35010448824507,43077552.0,1821401472.0
2025-12-11,37.078993113274755,37.28479696034196,35.28678461173118,35.31251009261458,50762628.0,2131360768.0
2025-12-12,36.187176442650205,36.358679648539535,35.41541201614818,35.72411778674899,44111728.0,1840097280.0
2025-12-15,34.60077178817383,36.170026122061266,34.60077178817383,35.29535977202564,38575788.0,1595637888.0
2025-12-16,35.166732367608645,35.92992163381619,34.31779149845643,34.78085015435764,37713544.0,1537545216.0
2025-12-17,34.90947755877464,35.77556874851579,34.62649726905723,35.47543813820945,38954188.0,1603153280.0
2025-12-18,35.22675848966991,36.12715032058894,34.90090239848018,35.166732367608645,32674616.0,1352448768.0
2025-12-19,35.166732367608645,36.10142483970554,34.70367371170743,35.887045832343865,37323140.0,1552424576.0
2025-12-22,36.04139871764426,36.76171218237948,36.0328235573498,36.51303253383994,45927764.0,1952296832.0
2025-12-23,36.50445737354548,36.83888862502968,35.75841842792686,36.0842745191166,46103136.0,1947700992.0
2025-12-24,36.787437663262885,37.199045357397296,36.238627404417,36.95894086915222,45448524.0,1941217024.0
2025-12-25,36.27292804559487,38.202339111849916,35.68124198527666,37.6621040132985,59649412.0,2578500096.0
2025-12-26,38.19376395155545,41.426599382569464,38.19376395155545,41.426599382569464,100423504.0,4737699840.0
2025-12-29,43.2273830444075,44.162075516504395,41.91538351935407,42.00971028259321,136093872.0,6831358464.0
2025-12-30,40.1746259795773,43.99057231061505,39.805894086915224,43.09018047969604,93050840.0,4591828992.0
2025-12-31,43.09018047969604,47.403486107812874,43.08160531940157,47.094780337212065,128845208.0,7005041664.0
2026-01-05,47.18053194015673,47.403486107812874,45.276846354785086,46.563120398955114,101793232.0,5507189760.0
2026-01-06,48.020897649014486,49.27287105200665,46.93185229161719,48.85268819757777,97218368.0,5433251840.0
2026-01-07,47.592139634291144,48.44965566373783,46.73462360484446,47.403486107812874,83408912.0,4623726080.0
2026-01-08,46.305865590121115,48.44965566373783,46.13436238423177,47.1891071004512,66824984.0,3688231680.0
2026-01-09,46.46879363571598,49.718779387318925,46.305865590121115,48.44965566373783,73210840.0,4134630656.0
2026-01-12,49.10136784611731,49.73592970790786,47.52353835193541,48.038047969603426,67234048.0,3777680128.0
2026-01-13,47.72934219900261,50.38764189028734,47.506388031346475,49.05849204464498,71126288.0,4090828032.0
2026-01-14,49.39292329612919,53.38894799335075,49.39292329612919,51.2794585609119,97116352.0,5788633088.0
2026-01-15,50.670622180004756,55.23260745666112,49.847406791735935,53.16599382569461,94017496.0,5781279232.0
2026-01-16,53.174568985989076,57.16201852291617,52.479981002137265,54.97535264782712,103534680.0,6697000960.0
2026-01-19,53.95490857278556,53.95490857278556,49.47867489907386,51.87971978152458,92318432.0,5560056320.0
2026-01-20,52.857288055093804,53.42324863452861,50.421942531465206,52.22272619330325,70542480.0,4273002752.0
2026-01-21,51.96547138446925,53.32892187128948,50.859275706483025,53.32892187128948,64373404.0,3910861056.0
2026-01-22,52.359928758014725,52.7801116124436,51.2794585609119,51.70821657563524,51453368.0,3109218304.0
2026-01-23,51.70821657563524,52.63433388743766,50.927876988838754,51.116530515317024,79002544.0,4770785792.0
2026-01-26,52.19700071241985,54.966777487532646,52.17985039183092,53.869156969840894,107730424.0,6770382848.0
2026-01-27,52.20557587271432,54.083535977202565,51.2794585609119,52.136974590358584,79461712.0,4857876992.0
2026-01-28,52.18842555212539,56.25305153170268,50.936452149133224,55.155431014010915,128970168.0,8124132352.0
2026-01-29,56.20160056993589,60.62638328188079,52.30847779624792,60.42915459510805,169142240.0,11274096640.0
2026-01-30,55.995796722868675,57.89090714794586,54.383666587508905,54.383666587508905,90724152.0,5851970048.0
2026-02-02,48.94701496081691,48.94701496081691,48.94701496081691,48.94701496081691,13934900.0,795404096.0
2026-02-03,47.1633816195678,51.236582759439564,46.700322963666586,50.63632153882688,110738016.0,6283930112.0
2026-02-04,52.154124910947516,52.19700071241985,49.916008074091664,50.47339349323201,65050264.0,3865536768.0
2026-02-05,48.706910472571835,49.847406791735935,46.61457136072192,47.900845404891946,71298752.0,3989829120.0
2026-02-06,45.44834956067442,48.17525053431489,44.5994086915222,47.2662835431014,53932048.0,2953426944.0
2026-02-09,48.183825694609354,48.4325053431489,47.20625742104013,47.55783899311328,40502216.0,2251001088.0
2026-02-10,47.66931607694135,48.921289479933506,47.33488482545714,47.67789123723581,36730748.0,2053991168.0
2026-02-11,47.54926383281881,48.86126335787224,47.52353835193541,48.42393018285443,38818520.0,2189441024.0
2026-02-12,48.27815245784849,49.33289717406792,48.23527665637616,48.526832106388035,38359992.0,2181007104.0
2026-02-13,47.386335787223935,48.23527665637616,47.1633816195678,47.1891071004512,37316772.0,2072143360.0
2026-02-24,48.78408691522204,49.410073616718115,48.21812633578722,48.97274044170031,40989556.0,2338494208.0
2026-02-25,48.97274044170031,50.936452149133224,48.44965566373783,49.427223937307055,68215272.0,3957536000.0
2026-02-26,49.45294941819046,49.727354547613395,48.38962954167656,48.7926620755165,38851120.0,2218100736.0
2026-02-27,48.44965566373783,49.958883875564,48.44965566373783,49.77023034908573,51660444.0,2980188672.0
2026-03-02,50.07893611968653,51.70821657563524,47.78079316076941,51.116530515317024,89222296.0,5157671424.0
2026-03-03,50.130387081453335,50.15611256233674,47.85796960341962,47.86654476371408,62328184.0,3556836864.0
2026-03-04,46.43449299453811,48.226701496081695,46.305865590121115,47.04332937544526,40032816.0,2208955136.0
2026-03-05,47.67789123723581,47.89227024459748,46.44306815483258,47.23198290192353,37132732.0,2037680640.0
2026-03-06,46.563120398955114,46.93185229161719,45.14821895036808,45.95428401804797,39575552.0,2122928896.0
2026-03-09,44.17065067679886,44.865238660650675,42.53279506055569,44.393604844455005,58030368.0,2961835776.0
2026-03-10,45.276846354785086,45.53410116361909,44.7280360959392,44.968140584184276,32163720.0,1690327040.0
2026-03-11,45.34544763714082,45.576976965091426,44.4707812871052,44.659434813583474,31845534.0,1667283968.0
2026-03-12,44.4193303253384,45.062467347423414,43.58753977677511,44.20495131797673,34577380.0,1785308288.0
2026-03-13,44.162075516504395,45.30257183566849,43.42461173118024,43.51036333412491,36249804.0,1875873792.0
2026-03-16,42.79004986938969,43.30455948705771,41.117893611968654,42.232664450249345,54111104.0,2656206592.0
2026-03-17,42.8672263120399,43.038729517929234,41.58952742816433,41.60667774875327,29743820.0,1469330432.0
2026-03-18,41.675279031109,41.76960579434814,40.74916171930658,41.38372358109712,29892010.0,1436510464.0
2026-03-19,39.600090239848015,40.843488482545716,38.9826786986464,39.16275706483021,49540364.0,2295297792.0
2026-03-20,39.45431251484208,39.87449536927096,38.502469722156256,38.588221325100925,33676080.0,1537589760.0
2026-03-23,37.04469247209689,38.14231298978865,36.187176442650205,36.40155545001188,46771160.0,2025089536.0
2026-03-24,37.3019472809309,37.6106530515317,36.59878413678461,37.49917596770363,38890900.0,1683002368.0
2026-03-25,38.63967228686773,38.9055022559962,37.97080978389931,38.36526715744479,40127752.0,1800885504.0
2026-03-26,38.36526715744479,38.87120161481833,37.77358109712657,37.910783661838046,24747008.0,1105141120.0
2026-03-27,36.71883638090715,37.96223462360485,36.71883638090715,37.6363785324151,33188584.0,1449149696.0
2026-03-30,37.473450486820234,37.85933270007124,36.93321538826882,37.54205176917597,26680324.0,1165071872.0
2026-03-31,37.81645689859891,37.987960104488245,36.787437663262885,36.873189266207554,25015976.0,1089125760.0
2026-04-01,37.979384944193775,38.785450011873664,37.5592020897649,38.202339111849916,35612284.0,1580107776.0
2026-04-02,37.96223462360485,37.96223462360485,36.787437663262885,37.09614343386369,23224986.0,1011717312.0
2026-04-03,37.13044407504155,37.3533982426977,36.27292804559487,36.41013061030634,16863012.0,719870464.0
2026-04-07,36.62450961766801,36.95894086915222,36.40155545001188,36.73598670149609,16627801.0,711648576.0
2026-04-08,38.588221325100925,39.21420802659701,38.185188791260984,39.13703158394681,50613208.0,2289287168.0
2026-04-09,38.57964616480646,39.02555450011874,38.31381619567799,38.63109712657326,25018084.0,1127796736.0
2026-04-10,38.97410353835194,39.17133222512467,38.45959392068392,38.502469722156256,28004008.0,1264505984.0
2026-04-13,38.5453455236286,39.23135834718594,38.5453455236286,39.05127998100214,37414936.0,1696773248.0
2026-04-14,40.13175017810496,40.620534314889575,39.29138446924721,39.73729280455949,46704800.0,2173573888.0
2026-04-15,40.79203752077891,41.88108287817621,39.91737117074329,40.19177630016623,69994728.0,3330429952.0
2026-04-16,40.311828544288765,40.77488720018998,39.99454761339349,40.49190691047257,45194548.0,2128310272.0
2026-04-17,40.123175017810496,40.509057231061504,39.88307052956542,40.08887437663263,29933232.0,1402649856.0
2026-04-20,40.3032533839943,40.732011398717646,39.76301828544288,40.011697933982425,40229736.0,1882919040.0
2026-04-21,40.011697933982425,40.011697933982425,38.84547613393493,39.63439088102589,30278986.0,1391321856.0
2026-04-22,39.44573735454762,39.797318926620754,38.896927095701734,39.40286155307528,30650822.0,1409892608.0
2026-04-23,39.91737117074329,40.19177630016623,37.996535264782715,38.29666587508905,45569500.0,2062156288.0
2026-04-24,37.95365946331037,38.63109712657326,37.490600807409166,38.40814295891712,30982312.0,1371591168.0
2026-04-27,38.37384231773925,38.79402517216813,38.24521491332225,38.40814295891712,25497794.0,1144470272.0
2026-04-28,38.10801234861078,38.24521491332225,37.5592020897649,37.97080978389931,22691668.0,1003220160.0
2026-04-29,37.73070529565424,39.788743766326284,37.687829494181905,39.77159344573736,54246840.0,2470102528.0
2026-04-30,39.488613156019944,39.57436475896461,38.51104488245072,38.9826786986464,41375104.0,1883060224.0
2026-05-06,39.10273094276894,40.38900498693897,38.828325813346,40.24322726193303,59425328.0,2748440320.0
2026-05-07,40.68913559724531,41.640978389931135,40.2518024222275,40.817763001662314,58355280.0,2773784576.0
2026-05-08,40.3032533839943,42.27554025172168,39.88307052956542,41.81248159582047,70111136.0,3352855808.0
2026-05-11,41.829631916409404,41.829631916409404,40.74058655901211,41.3922987413916,64215796.0,3091206656.0
2026-05-12,42.58424602232249,43.19308240322963,41.86393255758727,42.138337687010214,83030960.0,4119549184.0
2026-05-13,42.93582759439563,43.638990738541914,42.635696984089286,42.92725243410116,74039904.0,3721572864.0
2026-05-14,42.71287342673949,44.48793160769414,41.4952006649252,41.50377582521966,70638144.0,3532822528.0
2026-05-15,41.18649489432439,41.24652101638566,39.32568511042508,39.76301828544288,58999876.0,2748444928.0
2026-05-18,38.399567798622655,39.04270482070767,37.902208501543576,38.96552837805746,45887088.0,2059540480.0
2026-05-19,38.68254808834006,38.75114937069579,37.190470197102826,37.83360721918784,38293816.0,1687106304.0
2026-05-20,37.04469247209689,39.13703158394681,36.65881025884588,38.55392068392306,56332188.0,2480020736.0
2026-05-21,39.06843030159107,39.720142483970555,37.24192115886963,37.28479696034196,43598528.0,1963812480.0
2026-05-22,37.387698883875565,39.45431251484208,37.03611731180242,38.828325813346,48702472.0,2184081920.0
2026-05-25,39.608665400142485,39.73729280455949,38.330966516266926,38.61394680598433,39679996.0,1802157312.0
2026-05-26,38.31381619567799,40.13175017810496,37.64495369270957,39.908796010448825,59569224.0,2714145280.0
2026-05-27,39.90022085015436,39.908796010448825,37.67067917359297,37.83360721918784,51447240.0,2303888640.0
2026-05-28,37.73070529565424,37.73070529565424,36.27292804559487,37.276221800047495,35329772.0,1523243904.0
2026-05-29,37.94508430301591,38.75972453099027,37.04469247209689,37.3019472809309,48131156.0,2119819520.0
2026-06-01,37.31909760151983,37.979384944193775,36.91606506767988,37.01039183091902,33788768.0,1475817344.0
2026-06-02,37.73070529565424,40.714861078128706,37.73070529565424,40.714861078128706,84092576.0,3844118784.0
2026-06-03,41.58952742816433,42.429893137022084,40.67198527665638,41.17791973402993,101473416.0,4930404352.0
2026-06-04,40.35470434576111,40.90351460460698,39.29138446924721,39.488613156019944,57632432.0,2675192832.0
2026-06-05,39.01697933982427,40.543357872239376,37.765005936832104,38.03941106625505,64237532.0,2911001856.0
2026-06-08,35.972797435288534,36.590208976490146,34.65222274994063,35.046680123486105,69996448.0,2892673792.0
2026-06-09,35.50973877938732,35.569764901448586,34.21488957492282,35.466862977914985,45071668.0,1833345664.0
2026-06-10,34.51502018522916,35.07240560436951,34.00051056756115,34.72082403229637,38035024.0,1534101120.0
2026-06-11,34.30064117786749,35.30393493232012,33.94905960579435,34.42069342199003,40949684.0,1646200960.0
2026-06-12,35.37253621467585,37.85933270007124,35.252483970553314,36.91606506767988,91427024.0,3921636608.0
2026-06-15,37.987960104488245,40.611959154595105,37.73070529565424,40.611959154595105,92320648.0,4273437952.0
2026-06-16,40.57765851341724,41.418024222274994,39.75444312514842,39.87449536927096,79288760.0,3752669696.0
2026-06-17,40.3032533839943,41.803906435526,39.18848254571361,41.555226786986466,70475512.0,3343748352.0
2026-06-18,42.87580147233436,45.7141795298029,42.87580147233436,45.7141795298029,124605728.0,6580530688.0
2026-06-22,45.33687247684635,47.309159344573736,43.27883400617431,47.04332937544526,160404656.0,8463056896.0
2026-06-23,46.305865590121115,46.305865590121115,42.335566373782946,42.335566373782946,94749104.0,4797966336.0
2026-06-24,41.08359297079078,41.58095226786987,39.48003799572548,40.5862336737117,95281176.0,4469880832.0
2026-06-25,39.17133222512467,40.02884825457136,38.493894561861794,38.956953217763,71681056.0,3271189504.0
2026-06-26,38.922652576585136,39.51433863690335,36.187176442650205,36.35010448824507,76723496.0,3351968768.0
2026-06-29,36.27292804559487,38.53677036333412,36.27292804559487,38.15088815008312,66693812.0,2923666944.0
2026-06-30,37.31052244122536,37.64495369270957,36.48730705295654,37.13044407504155,52666432.0,2267789568.0
2026-07-01,36.60735929707908,37.4305746853479,36.32437900736167,36.684535739729284,52639768.0,2255841280.0
2026-07-02,36.864614105913084,37.3276727618143,35.578340061743056,35.94707195440513,67358672.0,2857340416.0
2026-07-03,37.173319876513894,38.09086202802185,36.94179054856328,37.11329375445263,78445872.0,3423136000.0
2026-07-06,37.11329375445263,38.40814295891712,35.887045832343865,35.964222274994064,62693408.0,2695518976.0
2026-07-07,35.252483970553314,35.672666824982194,34.8151507955355,34.93520303965804,36207500.0,1483805440.0
2026-07-08,34.61792210876276,35.02952980289717,34.043386369033485,34.17201377345049,34432720.0,1383313152.0
2026-07-09,35.07240560436951,35.58691522203752,33.10869389693659,34.93520303965804,61034604.0,2454111744.0
2026-07-10,35.40683685585372,37.696404654476375,34.960928520541444,36.778862502968416,77493040.0,3285475328.0
2026-07-13,35.578340061743056,35.578340061743056,34.30064117786749,34.30064117786749,51054828.0,2068959488.0
2026-07-14,34.21488957492282,37.65352885300403,33.91475896461648,37.602077891237236,84440008.0,3546402560.0
2026-07-15,37.5592020897649,37.5592020897649,36.04139871764426,36.25577772500594,54239968.0,2324978688.0
2026-07-16,35.39826169555925,37.02754215150796,35.166732367608645,36.11,49067552.0,2080513536.0
2026-07-17,40.5,40.68,38.68,39.03,58473440.0,2310354688.0
2026-07-20,39.03,39.39,37.46,38.62,52331512.0,2010263680.0
2026-07-21,39.2,40.88,38.8,40.8,58557976.0,2326575872.0
2026-07-22,41.71,44.42,41.71,43.05,98518272.0,4263612672.0
2026-07-23,43.48,45.85,42.51,45.06,91211832.0,4075719424.0
2026-07-24,42.73,43.94,42.37,42.5,59627544.0,2561573888.0
2026-07-27,43.2,43.4,42.16,43.2,38372296.0,1643299712.0
2026-07-28,41.99,42.99,41.81,42.55,29728208.0,1260983424.0
2026-07-29,42.35,43.28,41.82,42.85,39274968.0,1672848128.0
2026-07-30,43.06,43.63,41.7,42.14,40870732.0,1745398400.0
2026-07-31,43.14,44.24,42.72,43.28,55165320.0,2393761024.0
2026-08-03,43.49,43.49,42.19,42.99,44121232.0,1888930816.0
2026-08-04,42.99,44.26,42.51,44.0,53362264.0,2314073600.0
2026-08-05,44.55,46.86,44.02,46.63,86173416.0,3942581760.0
2026-08-06,47.75,47.85,45.71,46.25,77923528.0,3646846720.0
2026-08-07,46.81,49.98,46.81,49.58,95532368.0,4639801856.0
2026-08-10,49.0,49.44,47.8,48.74,75361928.0,3654308864.0
2026-08-11,48.83,49.77,46.08,46.2,91261648.0,4367179776.0
2026-08-12,45.88,47.32,45.88,46.47,46144696.0,2147923200.0
2026-08-13,46.09,46.94,44.23,44.36,71704600.0,3253594368.0
2026-08-14,44.06,45.13,43.78,44.61,40100296.0,1786929792.0
2026-08-17,46.15,47.74,45.71,47.72,75170520.0,3508700928.0
2026-08-18,46.5,46.94,45.86,46.6,56653992.0,2627819008.0
2026-08-19,45.01,45.42,43.86,44.02,54977400.0,2453103872.0
2026-08-20,45.3,46.11,44.28,44.57,52257060.0,2364969728.0
2026-08-21,44.86,46.09,44.5,45.86,45704976.0,2076863616.0
2026-08-24,46.73,46.99,45.01,45.95,63492440.0,2918683136.0
2026-08-25,45.77,45.77,43.59,44.15,54237968.0,2403270912.0
2026-08-26,44.96,48.57,44.96,48.57,87458496.0,4149840384.0
2026-08-27,47.65,49.47,47.62,49.2,126027832.0,6157355520.0
2026-08-28,49.62,49.77,48.31,49.01,70437976.0,3452443904.0
2026-08-31,47.47,48.46,46.47,48.4,66524784.0,3153487616.0
2026-09-01,49.2,49.85,48.0,48.08,72918192.0,3554781440.0
2026-09-02,46.7,47.36,45.72,46.55,63922624.0,2973955328.0
2026-09-03,47.0,47.42,46.4,46.88,40804336.0,1916577536.0
2026-09-04,47.61,47.77,45.61,45.86,49327960.0,2296476160.0
