date,open,high,low,close,volume,amount
2015-01-05,7.035519443977266,7.2923395581666375,6.9949688996315755,7.089586836438187,15807782.0,167182144.0
2015-01-06,7.022002595862037,7.1639295010719515,6.880075690652119,7.157171077014337,17220408.0,178377904.0
2015-01-07,7.096345260495801,7.332890102512327,7.062553140207726,7.265305861936177,18541112.0,198368480.0
2015-01-08,7.265305861936177,7.2720642859937925,7.008485747746805,7.028761019919651,13760840.0,144610112.0
2015-01-09,7.028761019919651,7.197721621360027,6.961176779343501,6.967935203401116,11814709.0,123872544.0
2015-01-12,6.981452051516346,6.9949688996315755,6.697598241096514,6.704356665154129,11613754.0,116567008.0
2015-01-13,6.697598241096514,6.792216177903125,6.690839817038898,6.7584240576150485,6417043.0,63986928.0
2015-01-14,6.785457753845509,6.8665588425368895,6.697598241096514,6.7178735132693586,6718393.0,67379320.0
2015-01-15,6.7178735132693586,6.8868341147097345,6.704356665154129,6.873317266594505,10162198.0,102447456.0
2015-01-16,6.8868341147097345,6.913867810940196,6.7584240576150485,6.880075690652119,9696200.0,98209408.0
2015-01-19,6.555671335886597,6.650289272693208,6.190716436775385,6.190716436775385,17131452.0,162921472.0
2015-01-20,6.21099170894823,6.393469158503837,6.21099170894823,6.352918614158146,12094619.0,113044288.0
2015-01-21,6.427261278791911,6.98821047557396,6.366435462273376,6.98821047557396,28236054.0,281747392.0
2015-01-22,7.096345260495801,7.596468640759315,6.9949688996315755,7.332890102512327,54829040.0,590175104.0
2015-01-23,7.245030589763333,7.332890102512327,7.103103684553417,7.1639295010719515,27067136.0,288894464.0
2015-01-26,7.103103684553417,7.393715919030863,7.103103684553417,7.312614830339483,23776468.0,256126464.0
2015-01-27,7.299097982224254,7.562676520471239,7.1639295010719515,7.461300159607013,27736094.0,303051264.0
2015-01-28,7.386957494973248,7.393715919030863,7.245030589763333,7.359923798742789,14431598.0,156323632.0
2015-01-29,7.231513741648102,7.73839554596923,7.136895804841492,7.474817007722245,30487404.0,340866080.0
2015-01-30,7.332890102512327,7.454541735549398,7.238272165705718,7.245030589763333,15614797.0,169297328.0
2015-02-02,7.1639295010719515,7.420749615261324,7.035519443977266,7.2720642859937925,10921223.0,116895408.0
2015-02-03,7.2720642859937925,7.650536033220235,7.2720642859937925,7.542401248298395,24480264.0,271670016.0
2015-02-04,7.52212597612555,7.988457236100988,7.481575431779859,7.68432815350831,36038512.0,412860544.0
2015-02-05,7.839771906833456,7.873564027121533,7.508609128010319,7.515367552067934,22342924.0,252296736.0
2015-02-06,7.447783311491784,7.805979786545382,7.305856406281868,7.623502336989775,22022050.0,248037696.0
2015-02-09,7.5694349445288545,7.623502336989775,7.353165374685174,7.4410248874341685,14958676.0,165755728.0
2015-02-10,7.4410248874341685,7.481575431779859,7.245030589763333,7.420749615261324,12548524.0,136705488.0
2015-02-11,7.427508039318939,8.096592021022829,7.4004743430884785,7.812738210602997,29562514.0,339184128.0
2015-02-12,7.812738210602997,8.008732508273832,7.691086577565926,7.927631419582453,25925800.0,302108896.0
2015-02-13,7.927631419582453,8.441271647961196,7.907356147409606,7.941148267697683,39628540.0,478229408.0
2015-02-16,7.927631419582453,8.25879419840559,7.907356147409606,8.130384141310904,25955204.0,311350304.0
2015-02-17,8.143900989426134,8.502097464479732,8.143900989426134,8.360170559269815,34276552.0,422506336.0
2015-02-25,8.346653711154586,8.346653711154586,7.981698812043373,8.130384141310904,24321770.0,291938656.0
2015-02-26,8.022249356389063,8.225002078117514,7.961423539870527,8.20472680594467,19310472.0,231413344.0
2015-02-27,8.197968381887055,8.197968381887055,8.029007780446678,8.103350445080444,16847854.0,202051536.0
2015-03-02,8.137142565368519,8.27231104652082,8.069558324792368,8.164176261598978,21633712.0,260776432.0
2015-03-03,8.116867293195673,8.116867293195673,7.8262550587182265,7.866805603063917,23558930.0,276898496.0
2015-03-04,7.846530330891071,8.650782793747263,7.846530330891071,8.650782793747263,42239212.0,526809632.0
2015-03-05,8.785951274899563,9.191456718356466,8.556164856940653,8.9819455725704,67678480.0,882376000.0
2015-03-06,8.921119756051864,9.029254540973705,8.657541217804878,8.76567600272672,33940764.0,441625120.0
2015-03-09,8.752159154611489,9.02249611691609,8.502097464479732,8.907602907936635,32838276.0,427046592.0
2015-03-10,8.88732763576379,9.292833079220692,8.731883882438643,9.029254540973705,33700576.0,448173664.0
2015-03-11,8.94139502822471,9.819990155714665,8.907602907936635,9.313108351393536,38221592.0,531286048.0
2015-03-12,9.218490414586928,9.718613794850441,9.04952981314655,9.103597205607471,42702684.0,588448448.0
2015-03-13,9.123872477780315,9.225248838644543,8.921119756051864,9.137389325895546,23395392.0,313261568.0
2015-03-16,9.069805085319395,9.576686889640524,9.063046661261781,9.495585800949144,31263636.0,435027744.0
2015-03-17,9.51586107312199,10.137636086422573,9.387451016027303,10.070051845846423,43101352.0,620850112.0
2015-03-18,10.002467605270272,10.13087766236496,9.813231731657051,10.043018149615962,27895632.0,411374016.0
2015-03-19,9.934883364694121,10.44176516901525,9.78619803542659,10.110602390192113,31719840.0,474568064.0
2015-03-20,9.968675484982198,10.678310011031778,9.948400212809352,10.252529295402029,30987936.0,471333408.0
2015-03-23,10.252529295402029,10.421489896842406,10.137636086422573,10.293079839747719,29347830.0,444185216.0
2015-03-24,10.272804567574873,10.272804567574873,9.6104790099286,9.928124940636506,33882648.0,497154656.0
2015-03-25,9.928124940636506,9.928124940636506,9.66454640238952,9.847023851945126,22047852.0,319323392.0
2015-03-26,9.84026542788751,10.610725770455627,9.644271130216675,10.252529295402029,38585356.0,580392320.0
2015-03-27,10.110602390192113,10.218737175113953,9.921366516578892,10.151152934537803,19903428.0,296128384.0
2015-03-30,10.151152934537803,10.333630384093409,10.070051845846423,10.232254023229185,25828406.0,390253504.0
2015-03-31,10.407973048727175,10.462040441188096,10.009226029327888,10.022742877443118,27678718.0,417587872.0
2015-04-01,10.002467605270272,10.475557289303326,9.928124940636506,10.448523593072867,36894896.0,561096896.0
2015-04-02,10.475557289303326,10.67155158697416,10.232254023229185,10.610725770455627,34569008.0,532855616.0
2015-04-03,10.48231571336094,10.752652675665543,10.340388808151026,10.549899953937091,30083310.0,468626912.0
2015-04-07,10.516107833649016,10.901338004933073,10.448523593072867,10.705343707262237,30787084.0,486068832.0
2015-04-08,10.664793162916547,10.772927947838388,10.137636086422573,10.44176516901525,28247852.0,439461536.0
2015-04-09,10.435006744957635,11.15139969506483,10.27956299163249,11.050023334200606,50501312.0,806228672.0
2015-04-10,10.813478492184078,11.482562473887967,10.712102131319853,11.273051328101902,40130364.0,659484480.0
2015-04-13,11.340635568678053,12.104337487188554,11.340635568678053,11.428495081427048,39274720.0,679955328.0
2015-04-14,11.360910840850897,11.610972530982654,11.063540182315835,11.218983935640983,29667784.0,496025312.0
2015-04-15,11.117607574776756,11.367669264908512,10.502590985533786,10.597208922340396,25230688.0,405932128.0
2015-04-16,10.448523593072867,11.036506486085374,10.21197875105634,10.887821156817843,24625162.0,387029856.0
2015-04-17,10.914854853048302,11.489320897945584,10.772927947838388,11.198708663468135,38109136.0,630398208.0
2015-04-20,11.07029860637345,11.421736657369431,10.712102131319853,10.867545884644997,36591808.0,599127232.0
2015-04-21,10.718860555377468,11.408219809254202,10.705343707262237,11.401461385196589,35992840.0,591581568.0
2015-04-22,11.556905138521735,11.719107315904495,11.28656817621713,11.61773095504027,35254536.0,598958592.0
2015-04-23,11.556905138521735,11.705590467789264,11.300085024332361,11.442011929542277,28609112.0,486047712.0
2015-04-24,11.327118720562822,11.969169006036251,11.16491654318006,11.955652157921023,41768472.0,721958336.0
2015-04-27,11.935376885748177,12.367916025435541,11.692073619674035,11.7664162843078,39975312.0,707286528.0
2015-04-28,11.590697258809808,11.73938258807734,11.07029860637345,11.131124422891984,28826328.0,482661312.0
2015-04-29,11.131124422891984,11.543388290406503,11.110849150719142,11.442011929542277,17212162.0,288695232.0
2015-04-30,11.387944537081358,11.658281499385959,11.185191815352907,11.198708663468135,15454288.0,260643216.0
2015-05-04,11.185191815352907,11.421736657369431,10.914854853048302,10.995955941739684,18445300.0,304849696.0
2015-05-05,11.050023334200606,11.259534479986671,10.38769777655433,10.394456200611947,18373496.0,294228992.0
2015-05-06,10.428248320900021,10.806720068126463,9.988950757155042,10.218737175113953,17220904.0,266217536.0
2015-05-07,10.198461902941109,10.34714723220864,9.759164339196131,9.819990155714665,17780360.0,261765056.0
2015-05-08,9.941641788751738,10.462040441188096,9.867299124117972,10.38769777655433,19771612.0,295146400.0
2015-05-11,10.38769777655433,10.786444795953619,10.38769777655433,10.732377403492698,22347680.0,350486368.0
2015-05-12,10.739135827550314,10.847270612472155,10.489074137418555,10.772927947838388,17824252.0,282063456.0
2015-05-13,10.772927947838388,11.036506486085374,10.509349409591401,11.009472789854915,26016020.0,414908288.0
2015-05-14,10.948646973336379,11.137882846949601,10.745894251607927,10.786444795953619,19301966.0,312086816.0
2015-05-15,10.725618979435081,10.745894251607927,10.205220326998724,10.326871960035794,18181676.0,279480704.0
2015-05-18,10.110602390192113,10.739135827550314,10.103843966134498,10.685068435089393,16943712.0,262943968.0
2015-05-19,10.698585283204622,11.266292904044288,10.631001042628473,11.137882846949601,27752648.0,453320544.0
2015-05-20,11.117607574776756,11.577180410694579,11.009472789854915,11.144641271007215,29675564.0,495760576.0
2015-05-21,11.097332302603911,11.732624164019725,11.01623121391253,11.6312478031555,29221846.0,494884608.0
2015-05-22,11.867792645172026,12.077303790958092,11.502837746060813,11.813725252711105,35791556.0,621300608.0
2015-05-25,11.597455682867425,12.212472272110393,11.523113018233659,12.097579063130937,37226016.0,656752128.0
2015-05-26,12.090820639073323,12.415224993838846,11.92861846169056,12.300331784859388,36642896.0,661336704.0
2015-05-27,12.232747544283239,12.239505968340854,11.827242100826336,12.111095911246169,35303248.0,627507072.0
2015-05-28,12.084062215015706,12.584185595279221,10.948646973336379,10.975680669566838,34926460.0,619687552.0
2015-05-29,11.01623121391253,11.374427688966126,10.543141529879476,11.036506486085374,25491446.0,416232032.0
2015-06-01,11.171674967237676,11.813725252711105,10.982439093624455,11.678556771558805,21981598.0,372406048.0
2015-06-02,11.685315195616418,12.807213589180517,11.624489379097884,12.658528259912988,38686704.0,694759936.0
2015-06-03,12.705837228316293,12.976174190620894,12.002961126324328,12.415224993838846,35056032.0,649179392.0
2015-06-04,12.374674449493154,13.658775020440014,11.881309493287254,13.658775020440014,56699280.0,1064269248.0
2015-06-05,13.85476931811085,14.158898400703528,13.219477456695035,13.665533444497628,52042260.0,1054681088.0
2015-06-08,13.665533444497628,14.179173672876374,13.287061697271186,13.766909805361855,37725780.0,767501888.0
2015-06-09,13.597949203921479,13.7871850775347,12.881556253814283,13.13161794394604,32418794.0,637821248.0
2015-06-10,13.00996631090897,13.510089691172482,12.692320380201062,13.334370665674491,24654498.0,481486688.0
2015-06-11,13.381679634077797,13.7871850775347,13.192443760464576,13.665533444497628,28646148.0,571884544.0
2015-06-12,13.604707627979092,14.530611723872354,13.523606539287714,13.969662527090307,35074896.0,722379520.0
2015-06-15,13.922353558687002,14.185932096933987,13.307336969444032,13.40195490625064,27330516.0,556135936.0
2015-06-16,13.341129089732105,13.341129089732105,12.570668747163992,12.699078804258676,18377614.0,351103520.0
2015-06-17,12.678803532085833,13.922353558687002,12.577427171221606,13.780426653477086,20248700.0,393557536.0
2015-06-18,14.02663132401958,14.336145756445285,13.456843391599525,13.477946648355823,16431770.0,325886848.0
2015-06-19,12.978502905123431,13.97035597266945,12.647885215941425,12.711194986210321,21050860.0,400042720.0
2015-06-23,12.626781959185127,13.076984769986156,11.480171675426256,12.978502905123431,15933045.0,283997376.0
2015-06-24,12.978502905123431,13.224707567280245,12.345405202434485,13.006640580798495,19731716.0,361927200.0
2015-06-25,13.020709418636029,13.710082472675104,12.73229824296662,12.894089878098237,27124780.0,512328352.0
2015-06-26,12.450921486215975,12.51423125648487,11.606791215964044,11.606791215964044,18363856.0,312721344.0
2015-06-29,11.93740890514605,11.93740890514605,10.44611209436764,10.44611209436764,18979356.0,293049024.0
2015-06-30,9.848186486272523,11.008865607868927,9.40501809439026,10.868177229493606,23976696.0,344062400.0
2015-07-01,10.551628378149132,11.05810654030029,9.784876716003629,9.784876716003629,18903702.0,284375936.0
2015-07-02,9.580878567359411,9.848186486272523,8.807092486295142,8.807092486295142,18726968.0,241804640.0
2015-07-03,8.1106850133373,8.66640410791982,7.92779012144938,7.92779012144938,19202524.0,220275440.0
2015-07-06,8.652335270082288,8.652335270082288,7.132900783628814,7.132900783628814,34365184.0,374195872.0
2015-07-07,6.457596567427268,6.513871918777397,6.4224244728334385,6.4224244728334385,8186800.0,74834144.0
2015-07-08,5.782292351225725,5.782292351225725,5.782292351225725,5.782292351225725,2432400.0,19994328.0
2015-07-10,6.3591147025645425,6.3591147025645425,6.3591147025645425,6.3591147025645425,9593487.0,86725120.0
2015-07-13,6.992212405253491,6.992212405253491,6.992212405253491,6.992212405253491,3920196.0,38966748.0
2015-07-14,7.688619878211334,7.688619878211334,7.315795675516731,7.688619878211334,54708140.0,593918720.0
2015-07-15,7.477587310648352,7.604206851186142,6.92186821606583,6.92186821606583,38075064.0,390300480.0
2015-07-16,6.232495162026753,7.2665547430853685,6.232495162026753,7.0484877566036195,37680876.0,363023968.0
2015-07-17,7.034418918766088,7.723791972805165,6.964074729578427,7.625310107942439,41539248.0,434841216.0
2015-07-20,7.632344526861205,7.984065472799509,7.393174283623158,7.758964067398995,45215196.0,497324384.0
2015-07-21,7.625310107942439,8.061444080905938,7.477587310648352,7.9348245403681466,36040484.0,402212320.0
2015-07-22,7.871514770099251,8.138822689012363,7.674551040373802,8.047375243068403,35611368.0,401665248.0
2015-07-23,8.117719432256065,8.624197594407223,7.984065472799509,8.532750148463265,46907344.0,557645696.0
2015-07-24,8.44833712143807,8.905574351157867,8.188063621443726,8.30764874306275,48057312.0,582126144.0
2015-07-27,8.05440966198717,8.5046124727882,7.477587310648352,7.477587310648352,34999112.0,401488704.0
2015-07-28,6.865592864715701,7.498690567404649,6.731938905259146,6.978143567415959,38342072.0,380954048.0
2015-07-29,7.11883194579128,7.526828243079714,6.682697972827784,7.512759405242181,29189604.0,295150144.0
2015-07-30,7.456484053892053,8.265442229550153,7.3650366079480944,7.969996634961977,49572496.0,565836352.0
2015-07-31,7.991099891718275,8.764885972782546,7.948893378205679,8.764885972782546,84467264.0,1004127744.0
2015-08-03,8.441302702519305,8.560887824138328,7.885583607936785,7.885583607936785,49662276.0,577522496.0
2015-08-04,7.597172432267375,8.64530085116352,7.491656148485884,8.624197594407223,63156156.0,724289728.0
2015-08-05,8.441302702519305,9.320605067365067,8.335786418737813,8.898539932239101,68036456.0,839913728.0
2015-08-06,8.553853405219563,8.856333418726503,8.370958513331644,8.490543634950669,41041092.0,502387584.0
2015-08-07,8.687507364676119,8.898539932239101,8.53978456738203,8.708610621432417,39261136.0,485838720.0
2015-08-10,8.849298999807738,9.489431121415452,8.680472945757352,9.271364134933703,44881832.0,578694208.0
2015-08-11,9.144744594395913,9.805979972759927,9.01109063493936,9.482396702496686,55576732.0,742222592.0
2015-08-12,9.215088783583575,9.454259026821621,9.06033156737072,9.102538080883317,35898496.0,470388256.0
2015-08-13,9.158813432233446,9.813014391678692,9.158813432233446,9.79894555384116,57928456.0,786649024.0
2015-08-14,10.094391148429336,10.129563243023167,9.573844148440646,9.630119499790773,49696712.0,690595200.0
2015-08-17,9.482396702496686,9.770807878166096,9.172882270070978,9.76377345924733,36521384.0,493220352.0
2015-08-18,9.700463688978434,10.045150215997973,8.785989229538844,8.785989229538844,44025912.0,595518656.0
2015-08-19,8.314683161981517,9.032193891695657,7.906686864693083,8.9196431889954,38373260.0,457544992.0
2015-08-20,8.73674829710748,9.383914837633961,8.511646891706967,8.532750148463265,32446128.0,413356320.0
2015-08-21,8.159925945768661,8.427233864681773,7.681585459292568,7.7378608106426965,26623970.0,304685056.0
2015-08-24,7.322830094435497,7.526828243079714,6.964074729578427,6.964074729578427,27798582.0,278429376.0
2015-08-25,6.281736094458116,6.8726272836344675,6.267667256620585,6.267667256620585,27020832.0,249049312.0
2015-08-26,6.549044013371228,6.8937305403907665,6.27470167553935,6.837455189040638,71997064.0,692277760.0
2015-08-27,6.928902634984596,7.519793824160947,6.781179837690509,7.519793824160947,72350520.0,732079424.0
2015-08-28,7.491656148485884,8.124753851174832,7.24545148632907,7.878549189018018,67775832.0,728179008.0
2015-08-31,7.604206851186142,7.73082639172393,7.2806235809229,7.393174283623158,41532256.0,443242432.0
2015-09-01,7.322830094435497,7.3650366079480944,6.654560297152719,6.654560297152719,34404156.0,335341504.0
2015-09-02,6.098841202570198,6.879661702553233,5.98629049986994,5.98629049986994,33610388.0,301419008.0
2015-09-07,6.190288648514158,6.520906337696163,6.176219810676624,6.478699824183567,29288504.0,264154112.0
2015-09-08,6.450562148508502,7.01331566200979,6.394286797158373,6.957040310659661,31890286.0,301896288.0
2015-09-09,6.964074729578427,7.308761256597966,6.942971472822128,7.21027939173524,36663968.0,373042080.0
2015-09-10,7.139935202547579,7.203244972816474,6.809317513365572,6.851524026878169,24434200.0,244404832.0
2015-09-11,6.8937305403907665,7.238417067410303,6.8937305403907665,7.2243482295727715,25866712.0,260717232.0
2015-09-14,7.329864513354264,7.3439333511917955,6.4998030809398655,6.4998030809398655,27486236.0,268165920.0
2015-09-15,6.155116553920327,6.4013212160771396,5.8526365404133855,5.880774216088449,23050184.0,198770656.0
2015-09-16,5.8878086350072145,6.4716654052648,5.8878086350072145,6.4716654052648,19862688.0,174320752.0
2015-09-17,6.4716654052648,6.731938905259146,6.260632837701818,6.295804932295648,24986988.0,232436304.0
2015-09-18,6.457596567427268,6.5771816890462915,6.288770513376882,6.5349751755336944,18208368.0,165878064.0
2015-09-21,6.352080283645777,6.788214256609275,6.330977026889479,6.753042162015444,21342782.0,200036032.0
2015-09-22,6.72490448634038,7.01331566200979,6.689732391746549,6.823386351203105,26762540.0,260448272.0
2015-09-23,6.542009594452462,6.6967668106653155,6.4013212160771396,6.556078432289994,26508836.0,246202480.0
2015-09-24,6.605319364721357,6.999246824172257,6.56311285120876,6.816351932284339,26572374.0,255467744.0
2015-09-25,6.689732391746549,6.809317513365572,6.260632837701818,6.36614912148331,23505032.0,218259296.0
2015-09-28,6.345045864727011,6.591250526883823,6.330977026889479,6.556078432289994,10819621.0,99615776.0
2015-09-29,6.4013212160771396,6.556078432289994,6.309873770133181,6.464630986346034,14243974.0,130094064.0
2015-09-30,6.4716654052648,6.549044013371228,6.4224244728334385,6.429458891752205,10293920.0,94853208.0
2015-10-08,6.6756635539090174,6.928902634984596,6.5771816890462915,6.816351932284339,25241284.0,241142784.0
2015-10-09,6.76007658093421,6.992212405253491,6.731938905259146,6.92186821606583,24188294.0,235805840.0
2015-10-12,6.964074729578427,7.308761256597966,6.914833797147065,7.217313810654006,32093242.0,325991040.0
2015-10-13,7.139935202547579,7.315795675516731,7.111797526872515,7.24545148632907,26590556.0,273327424.0
2015-10-14,7.196210553897708,7.24545148632907,7.01331566200979,7.0484877566036195,21950644.0,222713888.0
2015-10-15,6.999246824172257,7.37207102686686,6.992212405253491,7.336898932273029,26870512.0,276490720.0
2015-10-16,7.37207102686686,8.005168729555809,7.238417067410303,7.850411513342954,47248328.0,506811168.0
2015-10-19,7.787101743074059,8.293579905225217,7.632344526861205,7.998134310637041,54780004.0,617166144.0
2015-10-20,7.878549189018018,8.075512918743469,7.702688716048866,8.047375243068403,33085088.0,372376544.0
2015-10-21,7.991099891718275,8.082547337662234,7.24545148632907,7.24545148632907,35100568.0,381528800.0
2015-10-22,7.252485905247837,7.597172432267375,7.055522175522386,7.526828243079714,26715804.0,280566528.0
2015-10-23,7.611241270104907,7.941858959286912,7.526828243079714,7.885583607936785,34480312.0,378048448.0
2015-10-26,7.948893378205679,8.047375243068403,7.808204999830357,7.871514770099251,33311264.0,375772544.0
2015-10-27,7.758964067398995,7.9348245403681466,7.37207102686686,7.815239418749123,28188092.0,306123648.0
2015-10-28,7.808204999830357,7.920755702530615,7.533862661998481,7.56903475659231,23181292.0,255604224.0
2015-10-29,7.667516621455036,8.14585710793113,7.540897080917246,7.92779012144938,40497400.0,456899168.0
2015-10-30,7.808204999830357,8.005168729555809,7.597172432267375,7.864480351180486,28063778.0,311804160.0
2015-11-02,7.6604822025362695,8.159925945768661,7.5620003376735445,7.885583607936785,30105556.0,338795168.0
2015-11-03,7.920755702530615,8.356889675494113,7.815239418749123,8.244338972793855,44220340.0,513979136.0
2015-11-04,8.230270134956323,8.961849702507996,8.103650594418532,8.814126905213907,59099128.0,719508096.0
2015-11-05,8.708610621432417,9.074400405208253,8.546818986300798,8.659369689001055,69965632.0,877564160.0
2015-11-06,8.652335270082288,9.02515947277689,8.59605991873216,8.86336783764527,45021024.0,566170496.0
2015-11-09,8.778954810620078,9.215088783583575,8.72267945926995,8.856333418726503,46805880.0,593828480.0
2015-11-10,8.750817134945013,8.884471094401569,8.497578053869434,8.715645040351182,43960804.0,541049792.0
2015-11-11,8.680472945757352,8.849298999807738,8.567922243057094,8.821161324132673,30966536.0,382902496.0
2015-11-12,8.729713878188715,9.074400405208253,8.729713878188715,8.95481528358923,40044776.0,508314944.0
2015-11-13,8.82819574305144,8.961849702507996,8.497578053869434,8.715645040351182,30635504.0,379587424.0
2015-11-16,8.476474797113136,9.053297148451954,8.469440378194369,9.018125053858125,27174356.0,339041792.0
2015-11-17,9.123641337639617,9.54570647276558,8.870402256564036,8.912608770076632,43446372.0,570947200.0
2015-11-18,8.912608770076632,9.102538080883317,8.567922243057094,8.673438526838586,23058222.0,291206976.0
2015-11-19,8.715645040351182,8.975918540345528,8.567922243057094,8.926677607914165,20885660.0,259090864.0
2015-11-20,8.898539932239101,9.25729529709617,8.73674829710748,9.130675756558382,28674044.0,367293472.0
2015-11-23,9.144744594395913,9.278398553852469,8.870402256564036,8.968884121426761,25342300.0,327294144.0
2015-11-24,8.98998737818306,9.046262729533188,8.743782716026248,9.032193891695657,16221467.0,205116560.0
2015-11-25,9.004056216020592,9.369845999796429,8.940746445751698,9.278398553852469,27602436.0,360235680.0
2015-11-26,9.292467391690003,9.60198182411571,9.193985526827277,9.320605067365067,34797476.0,464346560.0
2015-11-27,9.165847851152211,9.320605067365067,8.392061770087942,8.399096189006709,31851610.0,400695584.0
2015-11-30,8.279511067387684,8.581991080894626,7.639378945779971,8.553853405219563,25878962.0,300588768.0
2015-12-01,8.427233864681773,9.06033156737072,8.265442229550153,8.72267945926995,26554300.0,327031360.0
2015-12-02,8.617163175488457,8.659369689001055,8.124753851174832,8.574956661975861,18945904.0,227618560.0
2015-12-03,8.715645040351182,9.433155770065325,8.708610621432417,9.433155770065325,54490948.0,715863360.0
2015-12-04,9.271364134933703,9.813014391678692,9.144744594395913,9.566809729521879,69521960.0,942644672.0
2015-12-07,9.44019018898409,10.087356729510569,9.285432972771236,9.83411764843499,49524812.0,676070784.0
2015-12-08,9.616050661953242,10.024046959241675,9.369845999796429,9.390949256552727,45686460.0,627872768.0
2015-12-09,9.158813432233446,9.355777161958898,8.884471094401569,8.982952959264294,29818772.0,386554112.0
2015-12-10,9.02515947277689,9.236192040339875,8.82819574305144,8.997021797101825,24041548.0,308134528.0
2015-12-11,9.004056216020592,9.018125053858125,8.715645040351182,8.800058067376376,15600637.0,195815920.0
2015-12-14,8.617163175488457,9.137710175477148,8.581991080894626,9.137710175477148,17238864.0,218165424.0
2015-12-15,9.081434824127019,9.278398553852469,9.074400405208253,9.130675756558382,16665635.0,217119520.0
2015-12-16,9.130675756558382,9.334673905202598,9.081434824127019,9.144744594395913,20056784.0,262640768.0
2015-12-17,9.130675756558382,9.468327864659155,9.130675756558382,9.376880418715196,25101454.0,332371648.0
2015-12-18,9.341708324121363,9.482396702496686,9.15177901331468,9.201019945746042,19456420.0,256676848.0
2015-12-21,9.158813432233446,9.609016243034477,9.109572499802082,9.573844148440646,29662146.0,396430016.0
2015-12-22,9.496465540334219,9.616050661953242,9.362811580877663,9.594947405196944,25029942.0,338020992.0
2015-12-23,9.609016243034477,9.918530675460184,9.44019018898409,9.679360432222136,35996384.0,493859776.0
2015-12-24,9.707498107897202,9.707498107897202,9.271364134933703,9.426121351146557,20455310.0,274745248.0
2015-12-25,9.468327864659155,10.150666499779465,9.412052513309026,10.024046959241675,39203804.0,547385664.0
2015-12-28,9.92556509437895,10.375767905179979,9.517568797090517,9.538672053846815,43905316.0,623976448.0
2015-12-29,9.573844148440646,10.129563243023167,9.369845999796429,10.101425567348102,29831952.0,412472960.0
2015-12-30,10.094391148429336,10.221010688967125,9.869289743028821,10.150666499779465,29274600.0,419043712.0
2015-12-31,10.192873013292061,10.199907432210827,9.63715391870954,9.658257175465838,24607236.0,346092480.0
2016-01-04,9.63715391870954,9.693429270059669,8.694541783594884,8.694541783594884,19605112.0,254249024.0
2016-01-05,8.14585710793113,8.638266432244755,7.864480351180486,8.406130607925475,25229838.0,298434720.0
2016-01-06,8.441302702519305,8.59605991873216,8.244338972793855,8.560887824138328,18024794.0,216853984.0
2016-01-07,8.356889675494113,8.356889675494113,7.702688716048866,7.702688716048866,5493700.0,62362232.0
2016-01-08,7.815239418749123,7.9559277971244455,7.161038459303877,7.709723134967633,20640772.0,226527200.0
2016-01-11,7.484621729567118,7.590138013348608,6.935937053903362,6.935937053903362,20422720.0,209504832.0
2016-01-12,6.964074729578427,7.139935202547579,6.76007658093421,7.006281243091024,17514128.0,174405072.0
2016-01-13,7.055522175522386,7.132900783628814,6.450562148508502,6.4998030809398655,17207564.0,168581136.0
2016-01-14,6.232495162026753,6.802283094446807,6.190288648514158,6.788214256609275,15157256.0,140610976.0
2016-01-15,6.7178700674216145,6.886696121471999,6.330977026889479,6.4998030809398655,15844617.0,149996192.0
2016-01-18,6.302839351214415,6.809317513365572,6.260632837701818,6.6967668106653155,15441275.0,145023744.0
2016-01-19,6.612353783640122,6.999246824172257,6.612353783640122,6.957040310659661,17378874.0,168963568.0
2016-01-20,6.928902634984596,7.01331566200979,6.710835648502847,6.802283094446807,17651940.0,172357120.0
2016-01-21,6.682697972827784,6.971109148497193,6.556078432289994,6.591250526883823,15686757.0,151421328.0
2016-01-22,6.654560297152719,6.809317513365572,6.513871918777397,6.774145418771743,12523538.0,119379344.0
2016-01-25,6.851524026878169,6.928902634984596,6.753042162015444,6.865592864715701,10401976.0,101320304.0
2016-01-26,6.753042162015444,6.823386351203105,6.176219810676624,6.176219810676624,15388677.0,141050000.0
2016-01-27,6.239529580945519,6.302839351214415,5.71898258095683,6.070703526895135,14564340.0,125356200.0
2016-01-28,6.000359337707472,6.148082135001561,5.697879324200531,5.747120256631893,11565579.0,98157104.0
2016-01-29,5.768223513388191,6.105875621488964,5.740085837713128,6.0284970133825375,11666564.0,98710336.0
2016-02-01,5.972221662032409,6.119944459326496,5.838567702575853,5.965187243113642,8990784.0,76589088.0
2016-02-02,6.021462594463771,6.232495162026753,6.000359337707472,6.190288648514158,11097211.0,97083600.0
2016-02-03,6.056634689057601,6.450562148508502,6.035531432301303,6.316908189051947,16469067.0,146346336.0
2016-02-04,6.267667256620585,6.492768662021099,6.267667256620585,6.450562148508502,14915298.0,136135904.0
2016-02-05,6.506837499858631,6.591250526883823,6.267667256620585,6.295804932295648,10219728.0,92918528.0
2016-02-15,6.000359337707472,6.387252378239608,5.979256080951174,6.281736094458116,8549151.0,75145920.0
2016-02-16,6.330977026889479,6.591250526883823,6.330977026889479,6.584216107965058,14648223.0,135456944.0
2016-02-17,6.5349751755336944,6.6756635539090174,6.485734243102334,6.63345704039642,15227425.0,142457872.0
2016-02-18,6.668629134990251,6.746007743096678,6.584216107965058,6.619388202558889,15508977.0,146929680.0
2016-02-19,6.5771816890462915,6.689732391746549,6.5349751755336944,6.668629134990251,10087276.0,94856224.0
2016-02-22,6.781179837690509,6.928902634984596,6.72490448634038,6.8726272836344675,19466936.0,189043248.0
2016-02-23,6.865592864715701,6.865592864715701,6.612353783640122,6.767110999852976,14046159.0,134490544.0
2016-02-24,6.72490448634038,6.999246824172257,6.6967668106653155,6.971109148497193,22161704.0,216027552.0
2016-02-25,6.8726272836344675,6.92186821606583,6.27470167553935,6.27470167553935,17946164.0,168066944.0
2016-02-26,6.330977026889479,6.4013212160771396,6.035531432301303,6.253598418783052,12122443.0,107727120.0
2016-02-29,6.197323067432924,6.239529580945519,5.683810486362999,5.8104300269007885,13330398.0,110763160.0
2016-03-01,5.845602121494619,6.070703526895135,5.782292351225725,6.000359337707472,11343362.0,95512024.0
2016-03-02,6.0073937566262385,6.387252378239608,5.979256080951174,6.352080283645777,14155426.0,124681792.0
2016-03-03,6.316908189051947,6.527940756614929,6.295804932295648,6.352080283645777,12075262.0,110072776.0
2016-03-04,6.323942607970713,6.4998030809398655,6.0284970133825375,6.2043574863516895,15172971.0,136116816.0
2016-03-07,6.295804932295648,6.478699824183567,6.27470167553935,6.415390053914671,10745802.0,97736104.0
2016-03-08,6.4013212160771396,6.584216107965058,6.169185391757859,6.570147270127526,14803910.0,134146640.0
2016-03-09,6.408355634995906,6.506837499858631,6.330977026889479,6.373183540402076,8466125.0,77210256.0
2016-03-10,6.415390053914671,6.738973324177912,6.338011445808245,6.506837499858631,22382676.0,208396592.0
2016-03-11,6.387252378239608,6.4716654052648,6.253598418783052,6.3591147025645425,11293335.0,102213984.0
2016-03-14,6.4716654052648,6.72490448634038,6.394286797158373,6.542009594452462,16363046.0,153437344.0
2016-03-15,6.5349751755336944,6.6756635539090174,6.478699824183567,6.5771816890462915,14386792.0,134697760.0
2016-03-16,6.6756635539090174,6.6756635539090174,6.3591147025645425,6.387252378239608,12092768.0,111604304.0
2016-03-17,6.36614912148331,6.612353783640122,6.36614912148331,6.5982849458025905,14721958.0,136607600.0
2016-03-18,6.626422621477655,6.92186821606583,6.591250526883823,6.823386351203105,22965372.0,221652496.0
2016-03-21,6.935937053903362,7.2665547430853685,6.844489607959404,7.154004040385111,38181216.0,385620800.0
2016-03-22,7.020350080928556,7.11883194579128,6.942971472822128,7.034418918766088,21264224.0,212486928.0
2016-03-23,6.978143567415959,7.139935202547579,6.964074729578427,7.125866364710047,15609446.0,156407008.0
2016-03-24,7.034418918766088,7.090694270116217,6.886696121471999,6.900764959309533,18345864.0,182261952.0
2016-03-25,6.8726272836344675,7.104763107953748,6.8726272836344675,7.097728689034982,15826512.0,158135760.0
2016-03-28,7.097728689034982,7.2243482295727715,6.942971472822128,7.01331566200979,18132980.0,182897056.0
2016-03-29,7.027384499847321,7.041453337684854,6.746007743096678,6.858558445796936,12428382.0,121762696.0
2016-03-30,6.907799378228298,7.175107297141409,6.907799378228298,7.139935202547579,16769532.0,168347024.0
2016-03-31,7.154004040385111,7.3650366079480944,7.11883194579128,7.196210553897708,22223490.0,228634288.0
2016-04-01,7.139935202547579,7.203244972816474,6.942971472822128,7.097728689034982,14382848.0,144484640.0
2016-04-05,7.0484877566036195,7.350967770110561,7.0484877566036195,7.329864513354264,18497572.0,190358272.0
2016-04-06,7.273589162004135,7.358002189029328,7.196210553897708,7.322830094435497,15419983.0,159691936.0
2016-04-07,7.322830094435497,7.449449634973287,7.182141716060176,7.2243482295727715,19584644.0,204367280.0
2016-04-08,7.132900783628814,7.168072878222643,6.978143567415959,7.090694270116217,12922050.0,129753536.0
2016-04-11,7.182141716060176,7.414277540379456,7.161038459303877,7.2665547430853685,16693497.0,172803616.0
2016-04-12,7.2806235809229,7.2806235809229,7.076625432278685,7.217313810654006,12881194.0,131396064.0
2016-04-13,7.24545148632907,7.449449634973287,7.24545148632907,7.315795675516731,22053282.0,231182432.0
2016-04-14,7.37207102686686,7.491656148485884,7.308761256597966,7.477587310648352,16960292.0,178411488.0
2016-04-15,7.456484053892053,7.477587310648352,7.3650366079480944,7.393174283623158,13623416.0,143445408.0
2016-04-18,7.329864513354264,7.336898932273029,7.217313810654006,7.2665547430853685,11503101.0,119071040.0
2016-04-19,7.3439333511917955,7.477587310648352,7.273589162004135,7.470552891729585,15761001.0,165433200.0
2016-04-20,7.463518472810819,7.463518472810819,6.858558445796936,7.027384499847321,22935608.0,232848576.0
2016-04-21,7.020350080928556,7.161038459303877,6.92186821606583,6.942971472822128,11431312.0,114726520.0
2016-04-22,6.999246824172257,7.132900783628814,6.950005891740895,7.111797526872515,10461466.0,104769728.0
2016-04-25,7.055522175522386,7.076625432278685,6.823386351203105,6.985177986334725,8494844.0,83723176.0
2016-04-26,6.942971472822128,7.0695910133599185,6.8937305403907665,7.062556594441151,9232897.0,91811120.0
2016-04-27,7.0695910133599185,7.21027939173524,7.041453337684854,7.0695910133599185,12173213.0,123228936.0
2016-04-28,7.097728689034982,7.097728689034982,6.865592864715701,7.006281243091024,10610121.0,105125496.0
2016-04-29,6.950005891740895,7.062556594441151,6.935937053903362,6.999246824172257,6066217.0,60453168.0
2016-05-03,6.971109148497193,7.231382648491538,6.886696121471999,7.203244972816474,14634750.0,147261088.0
2016-05-04,7.139935202547579,7.2243482295727715,7.090694270116217,7.168072878222643,11371324.0,115693712.0
2016-05-05,7.168072878222643,7.301726837679199,7.132900783628814,7.2665547430853685,12711575.0,130428496.0
2016-05-06,7.259520324166603,7.287657999841667,6.858558445796936,6.865592864715701,15690451.0,157510368.0
2016-05-09,6.823386351203105,6.823386351203105,6.352080283645777,6.4224244728334385,12384962.0,115183248.0
2016-05-10,6.394286797158373,6.513871918777397,6.387252378239608,6.4224244728334385,5692942.0,52160180.0
2016-05-11,6.506837499858631,6.513871918777397,6.338011445808245,6.36614912148331,7839550.0,71531728.0
2016-05-12,6.197323067432924,6.253598418783052,6.049600270138836,6.239529580945519,10168359.0,89133928.0
2016-05-13,6.162150972839092,6.302839351214415,6.126978878245263,6.169185391757859,6153468.0,54439904.0
2016-05-16,6.155116553920327,6.3591147025645425,6.119944459326496,6.295804932295648,6643128.0,58952400.0
2016-05-17,6.295804932295648,6.36614912148331,6.1832542295953905,6.27470167553935,6821127.0,60830528.0
2016-05-18,6.2043574863516895,6.225460743107988,5.944083986357343,5.98629049986994,9869930.0,85025624.0
2016-05-19,6.021462594463771,6.141047716082795,5.993324918788707,6.021462594463771,5926514.0,51220956.0
2016-05-20,5.972221662032409,6.176219810676624,5.922980729601046,6.162150972839092,6103571.0,52879200.0
2016-05-23,6.169185391757859,6.267667256620585,6.148082135001561,6.2043574863516895,5913698.0,52195160.0
2016-05-24,6.176219810676624,6.190288648514158,6.070703526895135,6.119944459326496,4703604.0,40926060.0
2016-05-25,6.190288648514158,6.225460743107988,6.119944459326496,6.155116553920327,4889761.0,42934204.0
2016-05-26,6.162150972839092,6.232495162026753,5.993324918788707,6.218426324189221,6590604.0,57178904.0
2016-05-27,6.93227628487421,6.948139617333876,6.845027956346045,6.860891288805711,4827837.0,41928708.0
2016-05-30,6.852959622575878,6.908481286184711,6.757779627817879,6.829164623886378,4285619.0,36985900.0
2016-05-31,6.829164623886378,7.209884602918371,6.829164623886378,7.201952936688539,14061498.0,125623960.0
2016-06-01,7.162294605539372,7.249542934067538,7.1543629393095385,7.201952936688539,10495349.0,95329840.0
2016-06-02,7.201952936688539,7.28126959898687,7.170226271769205,7.273337932757037,7698106.0,70149720.0
2016-06-03,7.273337932757037,7.344722928825536,7.194021270458705,7.265406266527204,8111743.0,74351608.0
2016-06-06,7.265406266527204,7.336791262595702,7.170226271769205,7.241611267837705,7852741.0,71751080.0
2016-06-07,7.225747935378037,7.320927930136037,7.1543629393095385,7.273337932757037,7531613.0,68936432.0
2016-06-08,7.265406266527204,7.297132931446536,7.138499606849873,7.241611267837705,7030919.0,64070500.0
2016-06-13,7.146431273079706,7.217816269148204,6.797437958967046,6.837096290116211,7896773.0,70608736.0
2016-06-14,6.845027956346045,6.948139617333876,6.813301291426712,6.916412952414544,4351061.0,37801168.0
2016-06-15,6.88468628749521,7.186089604228872,6.829164623886378,7.114704608160373,6260963.0,55876968.0
2016-06-16,7.138499606849873,7.201952936688539,7.067114610781374,7.114704608160373,6327465.0,56864588.0
2016-06-17,7.138499606849873,7.28126959898687,7.106772941930541,7.233679601607871,9041383.0,82210032.0
2016-06-20,7.186089604228872,7.249542934067538,7.075046277011207,7.225747935378037,7016066.0,63469468.0
2016-06-21,7.257474600297371,7.376449593744869,7.1543629393095385,7.312996263906204,11747365.0,107679888.0
2016-06-22,7.241611267837705,7.352654595055369,7.162294605539372,7.328859596365869,9188998.0,84230224.0
2016-06-23,7.320927930136037,7.344722928825536,7.186089604228872,7.249542934067538,7132338.0,65236880.0
2016-06-24,7.249542934067538,7.28126959898687,6.908481286184711,7.067114610781374,9435377.0,84761256.0
2016-06-27,7.0512512783217085,7.249542934067538,7.011592947172542,7.241611267837705,7318480.0,66257716.0
2016-06-28,7.186089604228872,7.368517927515034,7.186089604228872,7.344722928825536,10655253.0,97881240.0
2016-06-29,7.344722928825536,7.63026291309953,7.328859596365869,7.4874929209625325,19624864.0,185370464.0
2016-06-30,7.4557662560432005,7.495424587192366,7.352654595055369,7.439902923583535,11037796.0,103222664.0
2016-07-01,7.4795612547327,7.519219585881866,7.408176258664201,7.4319712573537,6429063.0,60360504.0
2016-07-04,7.392312926204535,7.693716242938196,7.360586261285202,7.638194579329364,14912250.0,142928848.0
2016-07-05,7.654057911789031,7.654057911789031,7.558877917031031,7.622331246869697,9508907.0,91137944.0
2016-07-06,7.598536248180198,7.693716242938196,7.582672915720532,7.638194579329364,9055571.0,87191352.0
2016-07-07,7.63026291309953,7.693716242938196,7.598536248180198,7.638194579329364,9719371.0,93629552.0
2016-07-08,7.646126245559198,7.757169572776861,7.598536248180198,7.685784576708363,10396606.0,100507720.0
2016-07-11,7.67785291047853,7.733374574087362,7.558877917031031,7.582672915720532,11714795.0,113013616.0
2016-07-12,7.582672915720532,7.661989578018863,7.4161079248940345,7.646126245559198,11667048.0,111230480.0
2016-07-13,7.622331246869697,7.7888962376961945,7.622331246869697,7.717511241627696,13073029.0,127050416.0
2016-07-14,7.725442907857529,7.7888962376961945,7.67785291047853,7.773032905236529,10012566.0,97711376.0
2016-07-15,7.773032905236529,7.8206229026155265,7.669921244248696,7.685784576708363,7741222.0,75578368.0
2016-07-18,7.70164790916803,7.757169572776861,7.543014584571365,7.709579575397863,8730315.0,84457072.0
2016-07-19,7.709579575397863,7.7888962376961945,7.606467914410031,7.780964571466361,7091775.0,68814408.0
2016-07-20,7.780964571466361,7.884076232454192,7.741306240317195,7.773032905236529,10607238.0,104616528.0
2016-07-21,7.765101239006694,7.8999395649138595,7.717511241627696,7.876144566224359,11491448.0,113347560.0
2016-07-22,7.85234956753486,7.8602812337646935,7.661989578018863,7.693716242938196,10965340.0,107200240.0
2016-07-25,7.661989578018863,7.836486235075194,7.646126245559198,7.780964571466361,12343294.0,120437808.0
2016-07-26,7.757169572776861,8.169616216728189,7.733374574087362,8.090299554429855,29916580.0,300001440.0
2016-07-27,8.05064122328069,8.106162886889523,7.558877917031031,7.606467914410031,26106156.0,257821824.0
2016-07-28,7.582672915720532,8.367907872474017,7.582672915720532,8.169616216728189,51107356.0,521285760.0
2016-07-29,7.995119559671857,8.455156201002183,7.931666229833192,8.241001212796688,54818824.0,565953664.0
2016-08-01,8.090299554429855,8.161684550498354,7.804759570155861,7.915802897373526,26849852.0,270038400.0
2016-08-02,7.836486235075194,8.708969520356845,7.8206229026155265,8.708969520356845,45552796.0,487182368.0
2016-08-03,8.637584524288346,9.065894500699338,8.494814532151349,8.875534511183341,80721520.0,894289984.0
2016-08-04,8.724832852816512,9.065894500699338,8.589994526909347,8.986577838401006,57492156.0,638944960.0
2016-08-05,8.875534511183341,8.92312450856234,8.64551619051818,8.693106187897179,40609180.0,447780320.0
2016-08-08,8.605857859369014,8.812081181344675,8.526541197070681,8.740696185276176,32933412.0,361132928.0
2016-08-09,8.724832852816512,8.788286182655177,8.526541197070681,8.764491183965678,30478054.0,333007552.0
2016-08-10,8.724832852816512,8.724832852816512,8.510677864611015,8.550336195760181,26022736.0,282632960.0
2016-08-11,8.486882865921515,8.788286182655177,8.407566203623183,8.415497869853017,32628644.0,355012064.0
2016-08-12,8.328249541324851,8.708969520356845,8.248932879026519,8.653447856748013,30244140.0,322975456.0
2016-08-15,8.57413119444968,8.931056174792174,8.486882865921515,8.867602844953508,45043784.0,497467552.0
2016-08-16,8.804149515114842,8.92312450856234,8.685174521667344,8.788286182655177,28375286.0,313617024.0
2016-08-17,8.732764519046345,9.065894500699338,8.66931118920768,8.962782839711508,40392712.0,452711072.0
2016-08-18,8.883466177413174,8.962782839711508,8.629652858058513,8.64551619051818,29017836.0,321193664.0
2016-08-19,8.637584524288346,9.240391157755669,8.542404529530348,9.034167835780005,40029084.0,448984224.0
2016-08-22,8.986577838401006,9.287981155134668,8.74862785150601,8.764491183965678,32878218.0,374325632.0
2016-08-23,8.685174521667344,8.820012847574509,8.566199528219848,8.732764519046345,20286150.0,221797408.0
2016-08-24,8.708969520356845,8.812081181344675,8.407566203623183,8.502746198381182,22100816.0,239421424.0
2016-08-25,8.42342953608285,8.478951199691682,8.209274547877353,8.367907872474017,16322140.0,171659184.0
2016-08-26,8.407566203623183,8.44722453477235,8.217206214107186,8.256864545256352,12187454.0,128411736.0
2016-08-29,8.209274547877353,8.415497869853017,8.209274547877353,8.37583953870385,8939587.0,94082168.0
2016-08-30,8.39963453739335,8.502746198381182,8.248932879026519,8.304454542635353,10151777.0,107435904.0
2016-08-31,8.320317875095018,8.59792619313918,8.288591210175685,8.486882865921515,15879559.0,170080960.0
2016-09-01,8.558267861990013,9.034167835780005,8.502746198381182,8.788286182655177,40636008.0,449264384.0
2016-09-02,8.64551619051818,8.756559517735843,8.550336195760181,8.66931118920768,19430440.0,211797872.0
2016-09-05,8.708969520356845,9.010372837090506,8.66931118920768,8.851739512493843,28147804.0,313921792.0
2016-09-06,8.804149515114842,8.899329509872842,8.582062860679514,8.89139784364301,19061168.0,210438192.0
2016-09-07,8.859671178723675,8.915192842332507,8.693106187897179,8.724832852816512,17411816.0,193244192.0
2016-09-08,8.740696185276176,9.494204477110332,8.685174521667344,9.12141616430817,39271092.0,453705504.0
2016-09-09,9.19280116037667,9.494204477110332,9.12141616430817,9.14521116299767,43528696.0,510345888.0
2016-09-12,8.804149515114842,9.002441170860672,8.510677864611015,8.566199528219848,29159164.0,322371520.0
2016-09-13,8.67724285543751,8.780354516425344,8.526541197070681,8.708969520356845,14363969.0,157078592.0
2016-09-14,8.605857859369014,8.708969520356845,8.407566203623183,8.57413119444968,15328614.0,165626928.0
2016-09-19,8.57413119444968,8.637584524288346,8.518609530840848,8.605857859369014,11856244.0,128309760.0
2016-09-20,8.44722453477235,8.502746198381182,8.344112873784518,8.383771204933684,16281602.0,172622704.0
2016-09-21,8.35204454001435,8.534472863300515,8.336181207554684,8.439292868542516,9969331.0,106355696.0
2016-09-22,8.478951199691682,8.59792619313918,8.431361202312683,8.44722453477235,11202016.0,120274280.0
2016-09-23,8.526541197070681,8.66931118920768,8.44722453477235,8.59792619313918,14601387.0,157947680.0
2016-09-26,8.605857859369014,8.621721191828678,8.12202621934919,8.20134288164752,15729490.0,165940384.0
2016-09-27,8.114094553119356,8.39963453739335,8.058572889510524,8.383771204933684,13854956.0,143534432.0
2016-09-28,8.344112873784518,8.724832852816512,8.304454542635353,8.494814532151349,20093380.0,217162688.0
2016-09-29,8.42342953608285,8.867602844953508,8.336181207554684,8.653447856748013,25717222.0,281248480.0
2016-09-30,8.566199528219848,8.796217848885009,8.471019533461849,8.701037854127012,16042004.0,174997760.0
2016-10-10,8.756559517735843,9.153142829227503,8.693106187897179,9.042099502009838,26805236.0,302387168.0
2016-10-11,9.002441170860672,9.287981155134668,8.931056174792174,9.026236169550174,29447556.0,337861888.0
2016-10-12,8.94691950725184,9.287981155134668,8.938987841022007,9.272117822675002,25071616.0,288716960.0
2016-10-13,9.240391157755669,9.613179470557828,9.16900616168717,9.272117822675002,39175872.0,463005824.0
2016-10-14,9.208664492836336,9.280049488904835,9.034167835780005,9.14521116299767,23094136.0,265379472.0
2016-10-17,9.16900616168717,9.256254490215335,9.026236169550174,9.097621165618671,16383154.0,188644640.0
2016-10-18,9.089689499388838,9.486272810880498,9.057962834469505,9.462477812190997,28401708.0,334594624.0
2016-10-19,9.359366151203167,9.502136143340165,9.256254490215335,9.367297817433,19600842.0,230832128.0
2016-10-20,9.303844487594334,9.660769467936827,9.272117822675002,9.295912821364501,25838112.0,308412224.0
2016-10-21,9.303844487594334,9.383161149892667,8.97071450594134,9.081757833159005,25931768.0,299080896.0
2016-10-24,9.081757833159005,9.56558947317883,9.081757833159005,9.533862808259496,24891556.0,292063040.0
2016-10-25,9.446614479731332,9.795607793843992,9.446614479731332,9.541794474489329,28744360.0,347771104.0
2016-10-26,9.502136143340165,9.763881128924659,9.462477812190997,9.74008613023516,26316924.0,319731360.0
2016-10-27,9.700427799085993,9.74008613023516,9.478341144650663,9.557657806948997,16628194.0,200957024.0
2016-10-28,9.597316138098162,9.629042803017496,9.272117822675002,9.311776153824168,16075271.0,191090256.0
2016-10-31,9.240391157755669,9.303844487594334,9.129347830538004,9.256254490215335,14079756.0,163619648.0
2016-11-01,9.264186156445168,9.383161149892667,9.089689499388838,9.335571152513667,18789420.0,218910096.0
2016-11-02,9.295912821364501,9.295912821364501,9.042099502009838,9.073826166929171,16252119.0,187430944.0
2016-11-03,9.042099502009838,9.399024482352333,9.034167835780005,9.343502818743499,18690208.0,218348144.0
2016-11-04,9.280049488904835,9.319707820054001,9.113484498078337,9.184869494146836,12666791.0,147182688.0
2016-11-07,9.153142829227503,9.335571152513667,9.153142829227503,9.224527825296002,10253797.0,119723160.0
2016-11-08,9.248322823985502,9.581452805638495,9.232459491525836,9.47040947842083,23784216.0,283110496.0
2016-11-09,9.422819481041833,9.502136143340165,9.129347830538004,9.280049488904835,18145556.0,213418544.0
2016-11-10,9.3910928161225,9.629042803017496,9.327639486283834,9.581452805638495,24405436.0,292540032.0
2016-11-11,9.541794474489329,9.660769467936827,9.454546145961165,9.541794474489329,21968512.0,265023360.0
2016-11-14,9.51799947579983,9.636974469247328,9.399024482352333,9.525931142029663,19389866.0,232473648.0
2016-11-15,9.494204477110332,10.057352779428488,9.486272810880498,9.755949462694826,32442846.0,400731968.0
2016-11-16,9.74008613023516,9.795607793843992,9.605247804327995,9.629042803017496,19193326.0,234358400.0
2016-11-17,9.64490613547716,9.660769467936827,9.486272810880498,9.629042803017496,12983866.0,156898016.0
2016-11-18,9.64490613547716,9.676632800396494,9.430751147271666,9.446614479731332,13743307.0,165542176.0
2016-11-21,9.422819481041833,9.819402792533491,9.414887814811998,9.700427799085993,23021748.0,280827200.0
2016-11-22,9.660769467936827,9.787676127614159,9.557657806948997,9.732154464005326,17966762.0,219076176.0
2016-11-23,9.71629113154566,10.041489446968821,9.66870113416666,9.732154464005326,32531312.0,404663072.0
2016-11-24,9.676632800396494,10.104942776807487,9.573521139408664,9.985967783359989,35073552.0,434756576.0
2016-11-25,9.922514453521323,9.954241118440656,9.581452805638495,9.874924456142324,23981472.0,295590336.0
2016-11-28,9.827334458763325,9.859061123682658,9.700427799085993,9.71629113154566,14864659.0,183010704.0
2016-11-29,9.700427799085993,9.732154464005326,9.287981155134668,9.343502818743499,17942698.0,216712352.0
2016-11-30,9.406956148582164,9.430751147271666,9.12141616430817,9.21659615906617,13968511.0,163158976.0
2016-12-01,9.161074495457337,9.351434484973332,9.14521116299767,9.280049488904835,11391367.0,133008664.0
2016-12-02,9.264186156445168,9.327639486283834,8.97071450594134,9.002441170860672,13827746.0,158866048.0
2016-12-05,8.954851173481673,9.113484498078337,8.875534511183341,9.026236169550174,6719353.0,76361400.0
2016-12-06,9.057962834469505,9.319707820054001,9.042099502009838,9.14521116299767,11188228.0,129646328.0
2016-12-07,9.184869494146836,9.319707820054001,9.089689499388838,9.287981155134668,10544203.0,122729192.0
2016-12-08,9.264186156445168,9.311776153824168,9.129347830538004,9.14521116299767,8687000.0,100944320.0
2016-12-09,9.14521116299767,9.383161149892667,9.137279496767837,9.287981155134668,11564013.0,135530800.0
2016-12-12,9.272117822675002,9.311776153824168,8.59792619313918,8.653447856748013,17716910.0,198772416.0
2016-12-13,8.64551619051818,8.772422850195511,8.534472863300515,8.708969520356845,7693248.0,83909816.0
2016-12-14,8.708969520356845,8.780354516425344,8.534472863300515,8.558267861990013,8467221.0,92804264.0
2016-12-15,8.613789525598847,8.867602844953508,8.550336195760181,8.788286182655177,9209110.0,101429560.0
2016-12-16,8.764491183965678,8.915192842332507,8.732764519046345,8.788286182655177,7863023.0,87443416.0
2016-12-19,8.756559517735843,8.915192842332507,8.74862785150601,8.907261176102676,7752187.0,86504384.0
2016-12-20,8.84380784626401,8.883466177413174,8.780354516425344,8.875534511183341,5885477.0,65547820.0
2016-12-21,8.899329509872842,9.010372837090506,8.867602844953508,8.938987841022007,7719570.0,87112248.0
2016-12-22,8.94691950725184,8.99450950463084,8.851739512493843,8.954851173481673,6852049.0,77024296.0
2016-12-23,8.962782839711508,8.99450950463084,8.716901186586679,8.756559517735843,6591990.0,73369104.0
2016-12-26,8.67724285543751,8.84380784626401,8.550336195760181,8.835876180034177,7690449.0,84391712.0
2016-12-27,8.820012847574509,8.931056174792174,8.74862785150601,8.915192842332507,8126120.0,90584904.0
2016-12-28,8.851739512493843,9.089689499388838,8.851739512493843,8.94691950725184,10343281.0,117218312.0
2016-12-29,8.931056174792174,9.073826166929171,8.883466177413174,9.042099502009838,8061441.0,91400656.0
2016-12-30,9.002441170860672,9.089689499388838,8.94691950725184,9.002441170860672,6051944.0,68865960.0
2017-01-03,9.010372837090506,9.224527825296002,9.002441170860672,9.208664492836336,10949866.0,126423144.0
2017-01-04,9.295912821364501,9.295912821364501,9.137279496767837,9.280049488904835,13562964.0,157562112.0
2017-01-05,9.200732826606503,9.51799947579983,9.153142829227503,9.414887814811998,18401142.0,216350048.0
2017-01-06,9.422819481041833,9.502136143340165,9.295912821364501,9.430751147271666,18434886.0,218522448.0
2017-01-09,9.399024482352333,9.66870113416666,9.383161149892667,9.597316138098162,18407610.0,221834944.0
2017-01-10,9.581452805638495,9.589384471868328,9.319707820054001,9.351434484973332,14318104.0,170760000.0
2017-01-11,9.375229483662833,9.86699278991249,9.272117822675002,9.64490613547716,25730888.0,311044128.0
2017-01-12,9.51799947579983,9.652837801706994,9.399024482352333,9.446614479731332,17007078.0,203851216.0
2017-01-13,9.446614479731332,9.581452805638495,9.042099502009838,9.081757833159005,15855359.0,186080784.0
2017-01-16,9.026236169550174,9.105552831848504,8.328249541324851,8.653447856748013,16585917.0,183691424.0
2017-01-17,8.605857859369014,8.724832852816512,8.37583953870385,8.701037854127012,9839217.0,106593456.0
2017-01-18,8.64551619051818,8.788286182655177,8.57413119444968,8.716901186586679,7080650.0,77694744.0
2017-01-19,8.74862785150601,8.820012847574509,8.637584524288346,8.693106187897179,8199127.0,90213952.0
2017-01-20,8.653447856748013,8.899329509872842,8.64551619051818,8.835876180034177,9174183.0,101856128.0
2017-01-23,8.859671178723675,9.002441170860672,8.827944513804344,8.938987841022007,7526648.0,84566480.0
2017-01-24,8.92312450856234,8.954851173481673,8.851739512493843,8.915192842332507,5997822.0,67348776.0
2017-01-25,8.92312450856234,8.97071450594134,8.867602844953508,8.915192842332507,5157841.0,58039912.0
2017-01-26,8.915192842332507,8.986577838401006,8.875534511183341,8.899329509872842,4484631.0,50460600.0
2017-02-03,8.931056174792174,8.962782839711508,8.835876180034177,8.954851173481673,5171405.0,57986208.0
2017-02-06,8.931056174792174,9.113484498078337,8.867602844953508,9.089689499388838,10566940.0,119766592.0
2017-02-07,9.153142829227503,9.581452805638495,9.097621165618671,9.343502818743499,28756348.0,340612512.0
2017-02-08,9.256254490215335,9.406956148582164,9.161074495457337,9.399024482352333,14714184.0,172237184.0
2017-02-09,9.359366151203167,9.462477812190997,9.335571152513667,9.383161149892667,11710379.0,138615008.0
2017-02-10,9.375229483662833,9.755949462694826,9.359366151203167,9.414887814811998,19656988.0,236335760.0
2017-02-13,9.351434484973332,9.779744461384325,9.335571152513667,9.66870113416666,23259980.0,281749152.0
2017-02-14,9.605247804327995,9.676632800396494,9.486272810880498,9.660769467936827,15845399.0,191218000.0
2017-02-15,9.621111136787663,9.64490613547716,9.3910928161225,9.438682813501499,15771997.0,188950800.0
2017-02-16,9.454546145961165,10.382551094851648,9.438682813501499,9.89078778860199,39720000.0,499063232.0
2017-02-17,9.835266124993158,10.057352779428488,9.66870113416666,9.748017796464993,24681904.0,306055520.0
2017-02-20,9.684564466626329,9.93837778598099,9.597316138098162,9.91458278729149,17607624.0,217729216.0
2017-02-21,9.859061123682658,10.041489446968821,9.787676127614159,9.930446119751156,17326650.0,216492512.0
2017-02-22,9.91458278729149,10.144601107956651,9.835266124993158,9.993899449589822,18277444.0,229501792.0
2017-02-23,9.970104450900322,9.985967783359989,9.748017796464993,9.827334458763325,13699023.0,169642272.0
2017-02-24,9.835266124993158,10.549116085678145,9.755949462694826,10.144601107956651,28250404.0,360673984.0
2017-02-27,10.001831115819655,10.168396106646153,9.89078778860199,9.985967783359989,15634326.0,196881344.0
2017-02-28,9.93837778598099,10.11287444303732,9.787676127614159,10.001831115819655,14955143.0,187502528.0
2017-03-01,9.954241118440656,10.287371100093651,9.89078778860199,10.11287444303732,19514192.0,247118032.0
2017-03-02,10.081147778117987,10.247712768944483,9.930446119751156,9.93837778598099,14861732.0,188974848.0
2017-03-03,9.89078778860199,9.91458278729149,9.652837801706994,9.660769467936827,16303464.0,200206256.0
2017-03-06,9.597316138098162,9.74008613023516,9.549726140719162,9.692496132856162,13036466.0,158406192.0
2017-03-07,9.660769467936827,9.755949462694826,9.549726140719162,9.66870113416666,10204438.0,124082280.0
2017-03-08,9.66870113416666,9.835266124993158,9.589384471868328,9.779744461384325,14280433.0,175167664.0
2017-03-09,9.708359465315826,9.74008613023516,9.557657806948997,9.605247804327995,9877610.0,120142384.0
2017-03-10,9.660769467936827,9.676632800396494,9.414887814811998,9.422819481041833,12031212.0,145045472.0
2017-03-13,9.3910928161225,9.557657806948997,9.351434484973332,9.533862808259496,9584082.0,114159832.0
2017-03-14,9.51799947579983,9.557657806948997,9.399024482352333,9.438682813501499,7728011.0,92323536.0
2017-03-15,9.406956148582164,9.56558947317883,9.406956148582164,9.478341144650663,7309670.0,87484952.0
2017-03-16,9.541794474489329,9.684564466626329,9.510067809569998,9.660769467936827,11128322.0,134955808.0
2017-03-17,9.64490613547716,9.676632800396494,9.406956148582164,9.438682813501499,13748987.0,165408944.0
2017-03-20,9.430751147271666,9.541794474489329,9.367297817433,9.533862808259496,7516987.0,89659608.0
2017-03-21,9.533862808259496,9.581452805638495,9.422819481041833,9.573521139408664,9048786.0,108593960.0
2017-03-22,9.51799947579983,9.51799947579983,9.232459491525836,9.256254490215335,15855088.0,186785760.0
2017-03-23,9.256254490215335,9.335571152513667,9.089689499388838,9.19280116037667,11273204.0,130846656.0
2017-03-24,9.16900616168717,9.264186156445168,9.065894500699338,9.240391157755669,10173642.0,117757200.0
2017-03-27,9.232459491525836,9.295912821364501,9.208664492836336,9.248322823985502,6288039.0,73380512.0
2017-03-28,9.224527825296002,9.319707820054001,9.137279496767837,9.295912821364501,7092958.0,82707536.0
2017-03-29,9.303844487594334,9.327639486283834,9.002441170860672,9.026236169550174,9348333.0,108055576.0
2017-03-30,9.018304503320339,9.137279496767837,8.764491183965678,8.804149515114842,10035077.0,113280544.0
2017-03-31,8.84380784626401,8.94691950725184,8.812081181344675,8.89139784364301,5836862.0,65360664.0
2017-04-05,8.94691950725184,9.113484498078337,8.883466177413174,9.081757833159005,7445376.0,84746432.0
2017-04-06,9.097621165618671,9.161074495457337,9.050031168239672,9.113484498078337,5794899.0,66554468.0
2017-04-07,9.12141616430817,9.19280116037667,9.050031168239672,9.137279496767837,6692645.0,77111472.0
2017-04-10,9.105552831848504,9.12141616430817,8.859671178723675,8.915192842332507,8239746.0,93268048.0
2017-04-11,8.899329509872842,9.073826166929171,8.84380784626401,9.073826166929171,7860679.0,88891168.0
2017-04-12,9.050031168239672,9.153142829227503,8.938987841022007,9.097621165618671,6665329.0,76139024.0
2017-04-13,9.065894500699338,9.335571152513667,9.050031168239672,9.232459491525836,10962481.0,127266984.0
2017-04-14,9.16900616168717,9.240391157755669,8.954851173481673,8.962782839711508,9225661.0,105634760.0
2017-04-17,8.915192842332507,9.026236169550174,8.67724285543751,8.796217848885009,9608369.0,107181552.0
2017-04-18,8.796217848885009,8.867602844953508,8.407566203623183,8.42342953608285,9073904.0,99251912.0
2017-04-19,8.37583953870385,8.463087867232016,8.106162886889523,8.233069546566854,8842137.0,91936240.0
2017-04-20,8.233069546566854,8.312386208865185,7.995119559671857,8.12995788557902,7126482.0,73264328.0
2017-04-21,8.145821218038687,8.20134288164752,8.066504555740357,8.106162886889523,4027627.0,41260180.0
2017-04-24,8.12995788557902,8.12995788557902,7.638194579329364,7.669921244248696,8835599.0,86851784.0
2017-04-25,7.67785291047853,7.892007898684025,7.67785291047853,7.757169572776861,5867142.0,57748592.0
2017-04-26,7.765101239006694,7.868212899994527,7.67785291047853,7.780964571466361,5194072.0,51089480.0
2017-04-27,7.773032905236529,7.884076232454192,7.566809583260865,7.8602812337646935,8013178.0,78049008.0
2017-04-28,7.836486235075194,7.907871231143693,7.812691236385694,7.884076232454192,4669648.0,46337116.0
2017-05-02,7.876144566224359,7.876144566224359,7.725442907857529,7.82855456884536,3938947.0,38729184.0
2017-05-03,7.780964571466361,7.884076232454192,7.773032905236529,7.8602812337646935,4255745.0,42036088.0
2017-05-04,7.85234956753486,7.907871231143693,7.757169572776861,7.804759570155861,4462212.0,44051784.0
2017-05-05,7.765101239006694,7.804759570155861,7.519219585881866,7.543014584571365,5881946.0,56792348.0
2017-05-08,7.495424587192366,7.622331246869697,7.495424587192366,7.519219585881866,3960075.0,37761488.0
2017-05-09,7.543014584571365,7.685784576708363,7.519219585881866,7.638194579329364,3746550.0,36017292.0
2017-05-10,7.661989578018863,7.8206229026155265,7.566809583260865,7.582672915720532,6252899.0,60798948.0
2017-05-11,7.4874929209625325,7.773032905236529,7.257474600297371,7.598536248180198,8499294.0,80789424.0
2017-05-12,7.495424587192366,7.638194579329364,7.400244592434368,7.574741249490699,7156947.0,67871312.0
2017-05-15,7.582672915720532,7.606467914410031,7.408176258664201,7.4161079248940345,5365601.0,50948104.0
2017-05-16,7.4319712573537,7.574741249490699,7.241611267837705,7.558877917031031,7447107.0,69665600.0
2017-05-17,7.550946250801198,7.646126245559198,7.535082918341533,7.614399580639864,5686448.0,54458508.0
2017-05-18,7.535082918341533,7.614399580639864,7.447834589813367,7.471629588502867,4022308.0,38207224.0
2017-05-19,7.471629588502867,7.519219585881866,7.4161079248940345,7.495424587192366,3099246.0,29205096.0
2017-05-22,7.4557662560432005,7.511287919652033,7.186089604228872,7.209884602918371,5913301.0,54505372.0
2017-05-23,7.209884602918371,7.233679601607871,6.805369625196879,6.829164623886378,8736289.0,77222520.0
2017-05-24,6.805369625196879,6.916412952414544,6.670531299289714,6.868822955035545,5427702.0,46560888.0
2017-05-25,6.876754621265377,7.03538794586204,6.741916295358213,7.003661280942708,5930686.0,51701388.0
2017-05-26,6.97986628225321,7.067114610781374,6.93227628487421,6.964002949793542,4584493.0,40415148.0
2017-05-31,7.03538794586204,7.1543629393095385,6.964002949793542,6.971934616023375,4198961.0,37370504.0
2017-06-01,6.964002949793542,6.995729614712875,6.615009635680882,6.630872968140548,4280297.0,36757024.0
2017-06-02,6.615009635680882,6.7895062927372125,6.567419638301883,6.765711294047712,4636088.0,38957176.0
2017-06-05,6.757779627817879,6.860891288805711,6.7498479615880465,6.845027956346045,3923812.0,33746388.0
2017-06-06,6.8212329576565445,6.876754621265377,6.805369625196879,6.868822955035545,2507395.0,21633612.0
2017-06-07,6.876754621265377,7.0829779432410405,6.845027956346045,7.067114610781374,5695663.0,50308688.0
2017-06-08,7.059182944551541,7.146431273079706,7.027456279632208,7.0512512783217085,4948111.0,44233616.0
2017-06-09,7.067114610781374,7.106772941930541,6.97986628225321,7.0829779432410405,4207367.0,37435936.0
2017-06-12,7.019524613402375,7.043319612091875,6.829164623886378,6.845027956346045,4083370.0,35769464.0
2017-06-13,6.845027956346045,7.027456279632208,6.837096290116211,7.019524613402375,3539720.0,31088688.0
2017-06-14,7.011592947172542,7.233679601607871,6.995729614712875,7.1226362743902065,9024728.0,81346888.0
2017-06-15,7.090909609470873,7.836486235075194,7.090909609470873,7.836486235075194,13618668.0,130216976.0
2017-06-16,7.939597896063025,7.979256227212192,7.535082918341533,7.646126245559198,22662888.0,222308336.0
2017-06-19,7.558877917031031,7.773032905236529,7.5033562534222,7.685784576708363,10942429.0,105629312.0
2017-06-20,7.685784576708363,7.773032905236529,7.566809583260865,7.638194579329364,9668200.0,93136688.0
2017-06-21,7.511287919652033,7.614399580639864,7.368517927515034,7.543014584571365,11120722.0,104986416.0
2017-06-22,7.4874929209625325,7.836486235075194,7.463697922273034,7.685784576708363,18740700.0,181175056.0
2017-06-23,7.590604581950365,7.685784576708363,7.344722928825536,7.558877917031031,10181085.0,96639040.0
2017-06-26,7.519219585881866,7.8206229026155265,7.511287919652033,7.765101239006694,12888024.0,124815136.0
2017-06-27,7.709579575397863,8.05064122328069,7.70164790916803,7.85234956753486,21528140.0,214058624.0
2017-06-28,7.780964571466361,7.971324560982358,7.709579575397863,7.892007898684025,11639169.0,115323504.0
2017-06-29,7.836486235075194,7.8999395649138595,7.733374574087362,7.796827903926028,7856954.0,77379480.0
2017-06-30,7.812691236385694,7.82855456884536,7.622331246869697,7.8206229026155265,6725102.0,65680072.0
2017-07-03,7.82855456884536,7.979256227212192,7.796827903926028,7.947529562292858,11516533.0,114493056.0
2017-07-04,7.892007898684025,8.114094553119356,7.836486235075194,7.931666229833192,13809560.0,138673440.0
2017-07-05,7.8999395649138595,8.20134288164752,7.85234956753486,8.12995788557902,18305708.0,186341952.0
2017-07-06,8.106162886889523,8.12202621934919,7.995119559671857,8.106162886889523,10088945.0,102411008.0
2017-07-07,8.074436221970188,8.137889551808854,8.018914558361356,8.106162886889523,9442057.0,96071792.0
2017-07-10,8.082367888200022,8.288591210175685,8.02684622459119,8.137889551808854,12606081.0,129564056.0
2017-07-11,8.106162886889523,8.177547882958022,7.765101239006694,7.780964571466361,10687542.0,107597624.0
2017-07-12,7.780964571466361,7.844417901305027,7.495424587192366,7.709579575397863,10471201.0,100984240.0
2017-07-13,7.693716242938196,7.844417901305027,7.685784576708363,7.7888962376961945,7879533.0,77197800.0
2017-07-14,7.709579575397863,7.780964571466361,7.535082918341533,7.558877917031031,8115089.0,78277904.0
2017-07-17,7.550946250801198,7.654057911789031,7.098841275700706,7.114704608160373,11260830.0,103992216.0
2017-07-18,7.059182944551541,7.4161079248940345,7.059182944551541,7.328859596365869,7428394.0,67969280.0
2017-07-19,7.273337932757037,7.471629588502867,7.233679601607871,7.463697922273034,8234255.0,76525152.0
2017-07-20,7.4557662560432005,7.773032905236529,7.400244592434368,7.614399580639864,12448217.0,118865656.0
2017-07-21,7.543014584571365,7.574741249490699,7.463697922273034,7.519219585881866,7791828.0,73816392.0
2017-07-24,7.4557662560432005,8.082367888200022,7.4319712573537,8.042709557050857,23253070.0,229248896.0
2017-07-25,7.931666229833192,7.971324560982358,7.7888962376961945,7.876144566224359,14468630.0,143242128.0
2017-07-26,7.67785291047853,7.709579575397863,7.543014584571365,7.654057911789031,13485805.0,129493256.0
2017-07-27,7.614399580639864,7.812691236385694,7.566809583260865,7.7492379065470285,11659262.0,113538072.0
2017-07-28,7.70164790916803,7.765101239006694,7.614399580639864,7.646126245559198,7920700.0,76674224.0
2017-07-31,7.661989578018863,7.7492379065470285,7.606467914410031,7.67785291047853,6130599.0,59370712.0
2017-08-01,7.685784576708363,7.892007898684025,7.646126245559198,7.773032905236529,10342298.0,101536224.0
2017-08-02,7.733374574087362,7.82855456884536,7.5033562534222,7.543014584571365,11228217.0,108481424.0
2017-08-03,7.5033562534222,7.63026291309953,7.447834589813367,7.535082918341533,7022600.0,66589248.0
2017-08-04,7.519219585881866,7.606467914410031,7.4319712573537,7.447834589813367,5043812.0,47850048.0
2017-08-07,7.471629588502867,7.519219585881866,7.4319712573537,7.4874929209625325,3656113.0,34450496.0
2017-08-08,7.5033562534222,7.527151252111699,7.4319712573537,7.471629588502867,4615863.0,43476216.0
2017-08-09,7.4557662560432005,7.5033562534222,7.4319712573537,7.463697922273034,4117302.0,38752648.0
2017-08-10,7.495424587192366,7.495424587192366,7.217816269148204,7.28126959898687,7383675.0,68311600.0
2017-08-11,7.28126959898687,7.297132931446536,7.114704608160373,7.13056794062004,5485074.0,49876352.0
2017-08-14,7.138499606849873,7.30506459767637,7.138499606849873,7.297132931446536,3375450.0,30843788.0
2017-08-15,7.30506459767637,7.352654595055369,7.257474600297371,7.320927930136037,4115000.0,37898328.0
2017-08-16,7.312996263906204,7.360586261285202,7.249542934067538,7.336791262595702,4297803.0,39622684.0
2017-08-17,7.352654595055369,7.408176258664201,7.312996263906204,7.392312926204535,4362710.0,40519624.0
2017-08-18,7.336791262595702,7.550946250801198,7.320927930136037,7.424039591123867,6116611.0,57517576.0
2017-08-21,7.4161079248940345,7.463697922273034,7.392312926204535,7.447834589813367,4652364.0,43569036.0
2017-08-22,7.4557662560432005,7.558877917031031,7.360586261285202,7.4795612547327,8173480.0,76967168.0
2017-08-23,7.4557662560432005,7.4874929209625325,7.328859596365869,7.344722928825536,5120465.0,47789648.0
2017-08-24,7.352654595055369,7.447834589813367,7.297132931446536,7.352654595055369,3592200.0,33371850.0
2017-08-25,7.352654595055369,7.4795612547327,7.336791262595702,7.447834589813367,5268511.0,49410424.0
2017-08-28,7.447834589813367,7.685784576708363,7.439902923583535,7.606467914410031,12047704.0,115466096.0
2017-08-29,7.582672915720532,7.654057911789031,7.535082918341533,7.558877917031031,5555900.0,53193272.0
2017-08-30,7.574741249490699,7.685784576708363,7.535082918341533,7.606467914410031,7484021.0,71974656.0
2017-08-31,7.574741249490699,7.661989578018863,7.550946250801198,7.638194579329364,6647809.0,63840904.0
2017-09-01,7.614399580639864,7.669921244248696,7.535082918341533,7.590604581950365,6341980.0,60643808.0
2017-09-04,7.614399580639864,7.8602812337646935,7.582672915720532,7.765101239006694,14285244.0,139661472.0
2017-09-05,7.733374574087362,7.804759570155861,7.70164790916803,7.741306240317195,6546546.0,63919328.0
2017-09-06,7.717511241627696,7.82855456884536,7.685784576708363,7.741306240317195,7222181.0,70390224.0
2017-09-07,7.741306240317195,7.868212899994527,7.709579575397863,7.796827903926028,10957516.0,107467024.0
2017-09-08,7.741306240317195,7.7888962376961945,7.622331246869697,7.67785291047853,7385209.0,71639472.0
2017-09-11,7.661989578018863,7.757169572776861,7.654057911789031,7.685784576708363,5907721.0,57271416.0
2017-09-12,7.685784576708363,7.780964571466361,7.638194579329364,7.67785291047853,9361127.0,90895952.0
2017-09-13,7.654057911789031,7.85234956753486,7.598536248180198,7.796827903926028,10857123.0,106263592.0
2017-09-14,7.773032905236529,8.042709557050857,7.717511241627696,7.915802897373526,19249568.0,191607184.0
2017-09-15,7.907871231143693,7.955461228522691,7.804759570155861,7.884076232454192,11178782.0,110723368.0
2017-09-18,7.85234956753486,7.915802897373526,7.804759570155861,7.8999395649138595,6808634.0,67452136.0
2017-09-19,7.876144566224359,7.915802897373526,7.70164790916803,7.765101239006694,6766100.0,66569944.0
2017-09-20,7.757169572776861,7.892007898684025,7.717511241627696,7.836486235075194,5694855.0,56142316.0
2017-09-21,7.8206229026155265,7.884076232454192,7.638194579329364,7.646126245559198,7269540.0,71102032.0
2017-09-22,7.63026291309953,7.63026291309953,7.471629588502867,7.511287919652033,6375128.0,60497792.0
2017-09-25,7.495424587192366,7.550946250801198,7.400244592434368,7.439902923583535,3259606.0,30677628.0
2017-09-26,7.5033562534222,7.5033562534222,7.368517927515034,7.424039591123867,3324302.0,31123672.0
2017-09-27,7.4557662560432005,7.543014584571365,7.400244592434368,7.495424587192366,3432204.0,32435354.0
2017-09-28,7.527151252111699,7.527151252111699,7.4161079248940345,7.4319712573537,2977000.0,28052124.0
2017-09-29,7.439902923583535,7.4795612547327,7.4319712573537,7.447834589813367,3460137.0,32502276.0
2017-10-09,7.574741249490699,7.757169572776861,7.511287919652033,7.646126245559198,7728401.0,74196496.0
2017-10-10,7.614399580639864,7.7492379065470285,7.598536248180198,7.741306240317195,7473220.0,72436824.0
2017-10-11,7.765101239006694,7.765101239006694,7.63026291309953,7.646126245559198,4460140.0,43312192.0
2017-10-12,7.654057911789031,7.709579575397863,7.558877917031031,7.606467914410031,3775901.0,36320704.0
2017-10-13,7.582672915720532,7.646126245559198,7.582672915720532,7.63026291309953,3918406.0,37625844.0
2017-10-16,7.654057911789031,7.654057911789031,7.360586261285202,7.376449593744869,6741900.0,63548224.0
2017-10-17,7.408176258664201,7.471629588502867,7.376449593744869,7.4319712573537,2431300.0,22791232.0
2017-10-18,7.4557662560432005,7.495424587192366,7.376449593744869,7.384381259974702,3340509.0,31323968.0
2017-10-19,7.392312926204535,7.471629588502867,7.289201265216703,7.376449593744869,4310912.0,40007460.0
2017-10-20,7.360586261285202,7.447834589813367,7.336791262595702,7.439902923583535,2507573.0,23409542.0
2017-10-23,7.400244592434368,7.606467914410031,7.392312926204535,7.558877917031031,6186902.0,58600192.0
2017-10-24,7.519219585881866,7.582672915720532,7.360586261285202,7.543014584571365,5935920.0,56062004.0
2017-10-25,7.527151252111699,7.598536248180198,7.495424587192366,7.566809583260865,3861504.0,36768120.0
2017-10-26,7.574741249490699,7.669921244248696,7.535082918341533,7.606467914410031,5311400.0,50966520.0
2017-10-27,7.614399580639864,7.654057911789031,7.4161079248940345,7.439902923583535,3985300.0,37780888.0
2017-10-30,7.463697922273034,7.519219585881866,7.289201265216703,7.4161079248940345,4971511.0,46255116.0
2017-10-31,7.447834589813367,7.765101239006694,7.424039591123867,7.725442907857529,11109805.0,106936576.0
2017-11-01,7.717511241627696,7.947529562292858,7.661989578018863,7.923734563603359,15762908.0,155823552.0
2017-11-02,7.892007898684025,8.034777890821024,7.8206229026155265,7.923734563603359,14518901.0,145489024.0
2017-11-03,8.034777890821024,8.034777890821024,7.82855456884536,7.923734563603359,11905222.0,119245824.0
2017-11-06,8.003051225901691,8.018914558361356,7.907871231143693,7.995119559671857,9463239.0,94967976.0
2017-11-07,8.010982892131523,8.042709557050857,7.8999395649138595,8.034777890821024,6918255.0,69571280.0
2017-11-08,7.995119559671857,8.185479549187855,7.947529562292858,8.02684622459119,9324385.0,94970896.0
2017-11-09,8.02684622459119,8.066504555740357,7.876144566224359,7.955461228522691,7244013.0,72664080.0
2017-11-10,7.995119559671857,8.114094553119356,7.907871231143693,8.066504555740357,8006399.0,81022208.0
2017-11-13,8.074436221970188,8.15375288426852,7.939597896063025,7.971324560982358,8852249.0,89520504.0
2017-11-14,8.003051225901691,8.003051225901691,7.757169572776861,7.804759570155861,9206498.0,91026696.0
2017-11-15,7.804759570155861,7.907871231143693,7.7492379065470285,7.804759570155861,5559046.0,54733728.0
2017-11-16,7.85234956753486,7.868212899994527,7.685784576708363,7.70164790916803,3768100.0,36986960.0
2017-11-17,7.693716242938196,7.693716242938196,7.320927930136037,7.400244592434368,8396200.0,79059392.0
2017-11-20,7.376449593744869,7.392312926204535,7.1543629393095385,7.376449593744869,4543671.0,41716452.0
2017-11-21,7.408176258664201,7.566809583260865,7.320927930136037,7.4557662560432005,4137952.0,38892732.0
2017-11-22,7.527151252111699,7.535082918341533,7.4161079248940345,7.471629588502867,2552224.0,24007460.0
2017-11-23,7.4874929209625325,7.63026291309953,7.344722928825536,7.4557662560432005,5187800.0,49059632.0
2017-11-24,7.320927930136037,7.598536248180198,7.312996263906204,7.4874929209625325,3461601.0,32603820.0
2017-11-27,7.527151252111699,7.622331246869697,7.4557662560432005,7.527151252111699,4081504.0,38994716.0
2017-11-28,7.654057911789031,7.717511241627696,7.535082918341533,7.63026291309953,4557605.0,43903556.0
2017-11-29,7.582672915720532,7.622331246869697,7.368517927515034,7.558877917031031,5000449.0,47265836.0
2017-11-30,7.543014584571365,7.67785291047853,7.447834589813367,7.606467914410031,5351105.0,51148752.0
2017-12-01,7.590604581950365,7.646126245559198,7.566809583260865,7.590604581950365,2728100.0,26134640.0
2017-12-04,7.693716242938196,7.773032905236529,7.590604581950365,7.654057911789031,5810100.0,56296688.0
2017-12-05,7.582672915720532,7.646126245559198,7.225747935378037,7.519219585881866,5627810.0,53006340.0
2017-12-06,7.4795612547327,7.598536248180198,7.4319712573537,7.574741249490699,7662466.0,72730208.0
2017-12-07,7.558877917031031,7.638194579329364,7.495424587192366,7.511287919652033,3963942.0,37889328.0
2017-12-08,7.511287919652033,7.661989578018863,7.439902923583535,7.646126245559198,4060333.0,38813660.0
2017-12-11,7.67785291047853,7.725442907857529,7.63026291309953,7.654057911789031,2754115.0,26656824.0
2017-12-12,7.709579575397863,8.003051225901691,7.598536248180198,7.8602812337646935,18528200.0,182547040.0
2017-12-13,7.812691236385694,7.955461228522691,7.733374574087362,7.8999395649138595,9641843.0,95307128.0
2017-12-14,7.812691236385694,7.979256227212192,7.812691236385694,7.939597896063025,11499216.0,114849568.0
2017-12-15,7.907871231143693,7.939597896063025,7.796827903926028,7.884076232454192,8659801.0,85994784.0
2017-12-18,7.85234956753486,7.892007898684025,7.606467914410031,7.685784576708363,6874013.0,66741948.0
2017-12-19,7.693716242938196,8.169616216728189,7.654057911789031,7.955461228522691,14412658.0,144924256.0
2017-12-20,7.939597896063025,7.979256227212192,7.717511241627696,7.804759570155861,8330278.0,82416032.0
2017-12-21,7.812691236385694,7.82855456884536,7.638194579329364,7.804759570155861,6098624.0,59566020.0
2017-12-22,7.796827903926028,7.884076232454192,7.709579575397863,7.765101239006694,5978668.0,58908912.0
2017-12-25,7.741306240317195,7.804759570155861,7.4795612547327,7.614399580639864,7970500.0,76435584.0
2017-12-26,7.654057911789031,7.654057911789031,7.4874929209625325,7.622331246869697,4137512.0,39533868.0
2017-12-27,7.566809583260865,7.646126245559198,7.463697922273034,7.495424587192366,4447441.0,42357108.0
2017-12-28,7.495424587192366,7.582672915720532,7.463697922273034,7.543014584571365,4042110.0,38401120.0
2017-12-29,7.519219585881866,7.566809583260865,7.5033562534222,7.527151252111699,1926111.0,18286680.0
2018-01-02,7.574741249490699,7.654057911789031,7.511287919652033,7.614399580639864,4357720.0,41758636.0
2018-01-03,7.614399580639864,7.685784576708363,7.590604581950365,7.67785291047853,4774959.0,46018484.0
2018-01-04,7.654057911789031,7.685784576708363,7.574741249490699,7.614399580639864,3241101.0,31146188.0
2018-01-05,7.654057911789031,7.669921244248696,7.550946250801198,7.558877917031031,4506183.0,43228832.0
2018-01-08,7.574741249490699,7.574741249490699,7.4795612547327,7.527151252111699,3946401.0,37420208.0
2018-01-09,7.582672915720532,7.606467914410031,7.495424587192366,7.535082918341533,2758372.0,26276428.0
2018-01-10,7.5033562534222,7.550946250801198,7.344722928825536,7.543014584571365,6767182.0,63337200.0
2018-01-11,7.511287919652033,7.606467914410031,7.4795612547327,7.566809583260865,3239512.0,30846236.0
2018-01-12,7.63026291309953,7.63026291309953,7.511287919652033,7.527151252111699,3484600.0,33261802.0
2018-01-15,7.495424587192366,7.543014584571365,7.368517927515034,7.424039591123867,5481085.0,51599768.0
2018-01-16,7.424039591123867,7.511287919652033,7.376449593744869,7.424039591123867,2521301.0,23581656.0
2018-01-17,7.400244592434368,7.590604581950365,7.392312926204535,7.511287919652033,5612472.0,53065760.0
2018-01-18,7.519219585881866,7.519219585881866,7.320927930136037,7.384381259974702,6601447.0,61531984.0
2018-01-19,7.384381259974702,7.408176258664201,7.273337932757037,7.289201265216703,4903998.0,45326820.0
2018-01-22,7.320927930136037,7.352654595055369,7.257474600297371,7.297132931446536,3037239.0,27965364.0
2018-01-23,7.297132931446536,7.336791262595702,7.233679601607871,7.241611267837705,4034301.0,36994192.0
2018-01-24,7.257474600297371,7.273337932757037,7.138499606849873,7.209884602918371,5419921.0,49103304.0
2018-01-25,7.186089604228872,7.225747935378037,7.178157937999039,7.209884602918371,4787476.0,43466728.0
2018-01-26,7.194021270458705,7.209884602918371,7.1226362743902065,7.13056794062004,3795100.0,34290420.0
2018-01-29,7.146431273079706,7.146431273079706,6.940207951104043,6.948139617333876,4835149.0,42776204.0
2018-01-30,6.940207951104043,7.003661280942708,6.916412952414544,6.956071283563709,2332201.0,20463628.0
2018-01-31,6.956071283563709,6.995729614712875,6.567419638301883,6.662599633059881,4952300.0,41970108.0
2018-02-01,6.607077969451049,6.6784629655195475,5.996339669753893,5.996339669753893,4435000.0,34820404.0
2018-02-02,5.393533036286571,5.647346355641233,5.393533036286571,5.409396368746237,42289976.0,288263776.0
2018-02-05,5.250763044149573,5.298353041528572,5.0128130572545775,5.123856384472242,20734288.0,135175760.0
2018-02-06,5.036608055944076,5.163514715621408,4.758999737899915,4.798658069049081,13823880.0,87080192.0
2018-02-07,4.933496394956245,4.981086392335245,4.774863070359581,4.925564728726412,10967289.0,67802552.0
2018-02-08,4.917633062496579,5.0524713884037435,4.909701396266746,5.036608055944076,6628836.0,41831416.0
2018-02-09,4.893838063807079,4.933496394956245,4.814521401508748,4.925564728726412,7713981.0,47451032.0
2018-02-12,4.973154726105411,5.0524713884037435,4.949359727415912,5.0128130572545775,5109639.0,32288514.0
2018-02-13,5.060403054633577,5.139719716931909,5.020744723484411,5.036608055944076,6950562.0,44550588.0
2018-02-14,5.04453972217391,5.068334720863409,4.996949724794911,5.020744723484411,4149916.0,26324932.0
2018-02-22,5.0524713884037435,5.306284707758405,5.020744723484411,5.1952413805407405,7563272.0,48987580.0
2018-02-23,5.163514715621408,5.21903637923024,5.115924718242409,5.155583049391574,5249974.0,34180556.0
2018-02-26,5.171446381851241,5.282489709068906,5.139719716931909,5.250763044149573,7371302.0,48508744.0
2018-02-27,5.258694710379406,5.298353041528572,5.21903637923024,5.266626376609239,6029504.0,40034636.0
2018-02-28,5.2348997116899065,5.338011372677738,5.163514715621408,5.24283137791974,7000116.0,46296488.0
2018-03-01,5.2348997116899065,5.41732803497607,5.21903637923024,5.353874705137405,8263611.0,55523044.0
2018-03-02,5.314216373988239,5.449054699895403,5.298353041528572,5.353874705137405,7764170.0,52548320.0
2018-03-05,5.425259701205903,5.425259701205903,5.298353041528572,5.306284707758405,7524730.0,50705064.0
2018-03-06,5.314216373988239,5.472849698584903,5.314216373988239,5.456986366125236,11350947.0,77083944.0
2018-03-07,5.425259701205903,5.472849698584903,5.361806371367238,5.393533036286571,8581155.0,58488156.0
2018-03-08,5.393533036286571,5.464918032355069,5.361806371367238,5.456986366125236,6339396.0,43241816.0
2018-03-09,5.496644697274402,5.623551356951733,5.472849698584903,5.536303028423569,12831362.0,89643952.0
2018-03-12,5.544234694653401,5.631483023181566,5.496644697274402,5.6156196907219,8325611.0,58627988.0
2018-03-13,5.5918246920324,5.702868019250065,5.5680296933429005,5.6156196907219,6981529.0,49520128.0
2018-03-14,5.671141354330732,5.782184681548397,5.599756358262233,5.6394146894113995,10665270.0,76282288.0
2018-03-15,5.575961359572734,5.607688024492067,5.449054699895403,5.552166360883234,6843880.0,47755688.0
2018-03-16,5.583893025802567,5.655278021871066,5.5283713621937345,5.5680296933429005,5887810.0,41494232.0
2018-03-19,5.552166360883234,5.948749672374894,5.536303028423569,5.734594684169398,14258790.0,103370624.0
2018-03-20,5.687004686790399,5.956681338604727,5.647346355641233,5.901159674995895,17177584.0,126118712.0
2018-03-21,6.139109661890891,6.313606318947221,5.76632134908873,5.829774678927396,19337068.0,146468768.0
2018-03-22,5.79011634777823,6.051861333362726,5.782184681548397,5.96461300483456,14662719.0,109704104.0
2018-03-23,5.734594684169398,5.877364676306395,5.36973803759707,5.41732803497607,15379935.0,109383264.0
2018-03-26,5.36973803759707,5.496644697274402,5.171446381851241,5.488713031044568,6616646.0,44694472.0
2018-03-27,5.552166360883234,5.774253015318564,5.552166360883234,5.76632134908873,9269195.0,66565676.0
2018-03-28,5.710799685479898,5.726663017939565,5.544234694653401,5.607688024492067,8983830.0,63901400.0
2018-03-29,5.623551356951733,5.687004686790399,5.599756358262233,5.6790730205605655,4527685.0,32199470.0
2018-03-30,5.710799685479898,5.734594684169398,5.647346355641233,5.718731351709732,5824534.0,41797856.0
2018-04-02,5.702868019250065,5.734594684169398,5.623551356951733,5.631483023181566,5233528.0,37480728.0
2018-04-03,5.575961359572734,5.6156196907219,5.496644697274402,5.536303028423569,5587436.0,39021792.0
2018-04-04,5.552166360883234,5.5918246920324,5.433191367435736,5.44112303366557,4500395.0,31370584.0
2018-04-09,5.425259701205903,5.512508029734069,5.401464702516403,5.409396368746237,3874174.0,26571890.0
2018-04-10,5.433191367435736,5.472849698584903,5.361806371367238,5.464918032355069,4708109.0,32144632.0
2018-04-11,5.480781364814736,5.575961359572734,5.44112303366557,5.5283713621937345,4531987.0,31503202.0
2018-04-12,5.520439695963901,6.083587998282058,5.504576363504236,6.083587998282058,15574182.0,117317872.0
2018-04-13,6.3453329838665535,6.615009635680882,6.107382996971558,6.107382996971558,51148468.0,409358112.0
2018-04-16,5.83770634515723,5.909091341225728,5.694936353020232,5.782184681548397,27478862.0,200053472.0
2018-04-17,5.702868019250065,5.821843012697562,5.6156196907219,5.655278021871066,14191552.0,102624944.0
2018-04-18,5.671141354330732,5.742526350399231,5.41732803497607,5.583893025802567,12425070.0,87039392.0
2018-04-19,5.544234694653401,5.623551356951733,5.480781364814736,5.552166360883234,8743128.0,61274744.0
2018-04-20,5.544234694653401,5.552166360883234,5.314216373988239,5.361806371367238,8018154.0,54864668.0
2018-04-23,5.322148040218072,5.425259701205903,5.314216373988239,5.385601370056738,4769268.0,32190028.0
2018-04-24,5.36973803759707,5.512508029734069,5.361806371367238,5.512508029734069,6875776.0,47431408.0
2018-04-25,5.472849698584903,5.607688024492067,5.464918032355069,5.599756358262233,7869405.0,55254116.0
2018-04-26,5.6156196907219,5.6394146894113995,5.393533036286571,5.41732803497607,7246357.0,50424696.0
2018-04-27,5.44112303366557,5.488713031044568,5.401464702516403,5.464918032355069,4334953.0,29732384.0
2018-05-02,5.496644697274402,5.5283713621937345,5.425259701205903,5.472849698584903,3468810.0,23947696.0
2018-05-03,5.433191367435736,5.575961359572734,5.361806371367238,5.5283713621937345,5489895.0,37973444.0
2018-05-04,5.512508029734069,5.710799685479898,5.433191367435736,5.536303028423569,8264400.0,58321944.0
2018-05-07,5.544234694653401,5.607688024492067,5.496644697274402,5.599756358262233,7219225.0,50682312.0
2018-05-08,5.575961359572734,5.655278021871066,5.536303028423569,5.631483023181566,6880927.0,48730120.0
2018-05-09,5.647346355641233,5.647346355641233,5.560098027113067,5.575961359572734,4957957.0,34917760.0
2018-05-10,5.583893025802567,5.6790730205605655,5.5680296933429005,5.6156196907219,6732671.0,47618340.0
2018-05-11,5.6156196907219,5.631483023181566,5.536303028423569,5.544234694653401,4355053.0,30577924.0
2018-05-14,5.5680296933429005,5.5680296933429005,5.41732803497607,5.456986366125236,5530833.0,38228184.0
2018-05-15,5.456986366125236,5.520439695963901,5.41732803497607,5.504576363504236,3751520.0,25832666.0
2018-05-16,5.472849698584903,5.512508029734069,5.41732803497607,5.425259701205903,3473153.0,23930228.0
2018-05-17,5.456986366125236,5.480781364814736,5.401464702516403,5.425259701205903,2158700.0,14789893.0
2018-05-18,5.449054699895403,5.496644697274402,5.409396368746237,5.488713031044568,2761030.0,18986704.0
2018-05-21,5.488713031044568,5.583893025802567,5.488713031044568,5.552166360883234,4969503.0,34766664.0
2018-05-22,5.544234694653401,5.702868019250065,5.544234694653401,5.6394146894113995,11350625.0,80360144.0
2018-05-23,5.583893025802567,5.663209688100899,5.552166360883234,5.560098027113067,5879248.0,41499156.0
2018-05-24,5.575961359572734,5.607688024492067,5.496644697274402,5.512508029734069,4501400.0,31522388.0
2018-05-25,5.512508029734069,5.536303028423569,5.409396368746237,5.433191367435736,4134251.0,28446880.0
2018-05-28,5.41732803497607,5.496644697274402,5.409396368746237,5.425259701205903,2744651.0,18828188.0
2018-05-29,5.41732803497607,5.44112303366557,5.314216373988239,5.322148040218072,4601948.0,31110378.0
2018-05-30,5.250763044149573,5.274558042839073,4.7907264028192476,5.0128130572545775,8288399.0,52979768.0
2018-05-31,5.076266387093243,5.092129719552909,4.989018058565078,5.068334720863409,3508101.0,22329996.0
2018-06-01,5.04453972217391,5.084198053323076,5.028676389714244,5.0524713884037435,2568912.0,16363561.0
2018-06-04,5.04453972217391,5.084198053323076,5.020744723484411,5.04453972217391,2271440.0,14444853.0
2018-06-05,5.04453972217391,5.092129719552909,5.020744723484411,5.068334720863409,2558124.0,16290347.0
2018-06-06,5.092129719552909,5.092129719552909,5.036608055944076,5.060403054633577,1485237.0,9477168.0
2018-06-07,5.060403054633577,5.092129719552909,5.020744723484411,5.020744723484411,2454847.0,15655787.0
2018-06-08,5.004881391024743,5.004881391024743,4.830384733968414,4.846248066428081,4986501.0,30789696.0
2018-06-11,4.8621113988877465,4.909701396266746,4.846248066428081,4.854179732657913,1842875.0,11315711.0
2018-06-12,4.854179732657913,4.9017697300369125,4.7907264028192476,4.877974731347413,2999157.0,18297168.0
2018-06-13,4.877974731347413,4.877974731347413,4.774863070359581,4.782794736589415,2486200.0,15114438.0
2018-06-14,4.766931404129748,4.838316400198247,4.7193414067507495,4.774863070359581,2297950.0,13862807.0
2018-06-15,4.774863070359581,4.806589735278914,4.616229745762918,4.632093078222584,4074134.0,24085828.0
2018-06-19,4.560708082154085,4.616229745762918,4.172056436892259,4.172056436892259,9822512.0,52967684.0
2018-06-20,4.179988103122092,4.259304765420424,4.116534773283427,4.219646434271258,3154600.0,16698876.0
2018-06-21,4.227578100501091,4.283099764109924,4.092739774593928,4.10067144082376,3839187.0,20353044.0
2018-06-22,4.0530814434447615,4.227578100501091,4.0530814434447615,4.195851435581758,3430807.0,18032736.0
2018-06-25,4.211714768041425,4.306894762799423,4.164124770662426,4.172056436892259,4040089.0,21547422.0
2018-06-26,4.108603107053593,4.275168097880091,4.07687644213426,4.251373099190591,3949761.0,20867084.0
2018-06-27,4.243441432960758,4.314826429029257,4.219646434271258,4.243441432960758,3339995.0,17951074.0
2018-06-28,4.251373099190591,4.32275809525909,4.195851435581758,4.195851435581758,3899029.0,20958320.0
2018-06-29,4.187919769351925,4.32275809525909,4.187919769351925,4.29896309656959,4308248.0,23213516.0
2018-07-02,4.29896309656959,4.29896309656959,4.140329771972926,4.203783101811592,3912167.0,20952504.0
2018-07-03,4.219646434271258,4.283099764109924,4.164124770662426,4.275168097880091,3189327.0,17035016.0
2018-07-04,4.275168097880091,4.283099764109924,4.164124770662426,4.203783101811592,2814200.0,14972118.0
2018-07-05,4.10067144082376,4.227578100501091,4.10067144082376,4.108603107053593,3244456.0,16997872.0
2018-07-06,4.116534773283427,4.164124770662426,3.838926455239265,4.092739774593928,4829643.0,24731228.0
2018-07-09,4.029286444755262,4.219646434271258,4.021354778525429,4.187919769351925,3436529.0,18052076.0
2018-07-10,4.179988103122092,4.243441432960758,4.172056436892259,4.203783101811592,2706728.0,14334246.0
2018-07-11,4.164124770662426,4.172056436892259,4.005491446065761,4.084808108364094,3544471.0,18357046.0
2018-07-12,4.045149777214927,4.211714768041425,4.045149777214927,4.187919769351925,3885407.0,20424670.0
2018-07-13,4.187919769351925,4.219646434271258,4.164124770662426,4.187919769351925,2251291.0,11891519.0
2018-07-16,4.164124770662426,4.219646434271258,4.164124770662426,4.203783101811592,2432267.0,12865337.0
2018-07-17,4.187919769351925,4.29896309656959,4.179988103122092,4.267236431650257,2991002.0,15996550.0
2018-07-18,4.291031430339757,4.3465530939485895,4.259304765420424,4.275168097880091,3855810.0,20843980.0
2018-07-19,4.267236431650257,4.291031430339757,4.219646434271258,4.243441432960758,2483710.0,13315555.0
2018-07-20,4.219646434271258,4.647956410682251,4.203783101811592,4.417938090017088,11375804.0,63504208.0
2018-07-23,4.370348092638088,4.425869756246922,4.306894762799423,4.417938090017088,8676027.0,47862696.0
2018-07-24,4.378279758867921,4.552776415924252,4.378279758867921,4.513118084775087,10296424.0,58321984.0
2018-07-25,4.521049751004919,4.552776415924252,4.465528087396087,4.481391419855754,5500873.0,31191692.0
2018-07-26,4.49725475231542,4.5289814172347524,4.465528087396087,4.505186418545253,3899200.0,22128432.0
2018-07-27,4.49725475231542,4.616229745762918,4.4575964211662535,4.505186418545253,6164695.0,35252884.0
2018-07-30,4.402074757557421,4.402074757557421,4.283099764109924,4.330689761488923,6754562.0,36849080.0
2018-07-31,4.291031430339757,4.378279758867921,4.291031430339757,4.3465530939485895,3374657.0,18503404.0
2018-08-01,4.338621427718755,4.3862114250977555,4.227578100501091,4.2355097667309245,4027777.0,21905704.0
2018-08-02,4.243441432960758,4.251373099190591,4.021354778525429,4.108603107053593,5583740.0,28892548.0
2018-08-03,4.068944775904427,4.156193104432592,4.068944775904427,4.084808108364094,1997948.0,10349361.0
2018-08-06,4.084808108364094,4.14826143820276,4.029286444755262,4.045149777214927,2038700.0,10493299.0
2018-08-07,4.084808108364094,4.179988103122092,4.013423112295595,4.179988103122092,3083300.0,16000278.0
2018-08-08,4.172056436892259,4.195851435581758,4.116534773283427,4.132398105743093,2287355.0,11977782.0
2018-08-09,4.116534773283427,4.2355097667309245,4.116534773283427,4.219646434271258,3528805.0,18681352.0
2018-08-10,4.203783101811592,4.2355097667309245,4.164124770662426,4.203783101811592,2937413.0,15593560.0
2018-08-13,4.164124770662426,4.2355097667309245,4.108603107053593,4.219646434271258,2621606.0,13762565.0
2018-08-14,4.203783101811592,4.219646434271258,4.179988103122092,4.203783101811592,2322582.0,12298868.0
2018-08-15,4.203783101811592,4.402074757557421,4.140329771972926,4.195851435581758,6939465.0,37288524.0
2018-08-16,4.1244664395132595,4.172056436892259,4.029286444755262,4.10067144082376,4553803.0,23523628.0
2018-08-17,4.172056436892259,4.267236431650257,4.068944775904427,4.084808108364094,3343930.0,17550120.0
2018-08-20,4.045149777214927,4.116534773283427,3.92617478376743,4.10067144082376,3403104.0,17362354.0
2018-08-21,4.084808108364094,4.195851435581758,4.061013109674595,4.156193104432592,3430498.0,17952408.0
2018-08-22,4.156193104432592,4.195851435581758,4.092739774593928,4.116534773283427,1514842.0,7877280.0
2018-08-23,4.108603107053593,4.172056436892259,4.061013109674595,4.132398105743093,2056649.0,10720926.0
2018-08-24,4.179988103122092,4.195851435581758,4.10067144082376,4.116534773283427,2292400.0,11991428.0
2018-08-27,4.1244664395132595,4.187919769351925,4.108603107053593,4.164124770662426,2066904.0,10816936.0
2018-08-28,4.187919769351925,4.195851435581758,4.14826143820276,4.156193104432592,2475770.0,13027938.0
2018-08-29,4.164124770662426,4.179988103122092,4.108603107053593,4.108603107053593,2235442.0,11661703.0
2018-08-30,4.092739774593928,4.156193104432592,4.0530814434447615,4.0530814434447615,2786804.0,14405389.0
2018-08-31,4.1244664395132595,4.1244664395132595,4.013423112295595,4.029286444755262,2312636.0,11788587.0
2018-09-03,4.029286444755262,4.037218110985094,3.965833114916596,4.013423112295595,2619804.0,13212763.0
2018-09-04,4.013423112295595,4.068944775904427,3.973764781146429,4.0530814434447615,2191917.0,11162953.0
2018-09-05,4.045149777214927,4.07687644213426,3.981696447376262,3.9975597798359286,2132132.0,10858901.0
2018-09-06,3.9975597798359286,4.140329771972926,3.9975597798359286,4.021354778525429,3110400.0,15947379.0
2018-09-07,4.029286444755262,4.068944775904427,3.9975597798359286,4.021354778525429,2530901.0,12868165.0
2018-09-10,4.021354778525429,4.045149777214927,3.973764781146429,3.973764781146429,2212900.0,11161636.0
2018-09-11,3.973764781146429,3.9975597798359286,3.9341064499972633,3.957901448686763,2026300.0,10129696.0
2018-09-12,3.981696447376262,4.013423112295595,3.9499697824569298,3.973764781146429,1675701.0,8405009.0
2018-09-13,3.9975597798359286,4.021354778525429,3.973764781146429,3.989628113606096,1168051.0,5878458.0
2018-09-14,4.021354778525429,4.045149777214927,3.973764781146429,3.989628113606096,2131400.0,10759360.0
2018-09-17,3.989628113606096,3.9975597798359286,3.8785847863884304,3.918243117537597,2189500.0,10857649.0
2018-09-18,3.9023797850779305,3.965833114916596,3.8785847863884304,3.957901448686763,2299501.0,11379700.0
2018-09-19,3.942038116227096,4.061013109674595,3.942038116227096,3.9975597798359286,4076901.0,20535218.0
2018-09-20,4.005491446065761,4.0530814434447615,3.9975597798359286,3.9975597798359286,2308100.0,11704150.0
2018-09-21,4.021354778525429,4.07687644213426,4.005491446065761,4.061013109674595,4900628.0,24996936.0
2018-09-25,4.045149777214927,4.068944775904427,4.013423112295595,4.045149777214927,3068310.0,15640486.0
2018-09-26,4.061013109674595,4.07687644213426,4.037218110985094,4.061013109674595,3098202.0,15863505.0
2018-09-27,4.068944775904427,4.068944775904427,3.9975597798359286,3.9975597798359286,2523400.0,12825638.0
2018-09-28,4.013423112295595,4.029286444755262,3.989628113606096,3.9975597798359286,2135401.0,10790824.0
2018-10-08,3.965833114916596,3.965833114916596,3.838926455239265,3.8547897876989317,4113253.0,20223240.0
2018-10-09,3.823063122779599,3.9023797850779305,3.759609792940933,3.807199790319932,3933001.0,18947348.0
2018-10-10,3.807199790319932,3.838926455239265,3.775473125400599,3.807199790319932,2332700.0,11177280.0
2018-10-11,3.656498131953102,3.6882247968724347,3.426479811287939,3.426479811287939,7964900.0,35210132.0
2018-10-12,3.3630264814492734,3.4344114775177723,3.18059815816311,3.291641485380775,6163832.0,25732428.0
2018-10-15,3.323368150300108,3.4026848125984395,3.275778152921108,3.2837098191509413,3749012.0,15765048.0
2018-10-16,3.2678464866912753,3.3788898139089394,3.2678464866912753,3.3392314827597738,8034657.0,33983016.0
2018-10-17,3.482001474896771,3.608908134574102,3.3868214801387726,3.608908134574102,14282939.0,62476824.0
2018-10-18,3.482001474896771,3.624771467033769,3.474069808666938,3.608908134574102,6570331.0,29342374.0
2018-10-19,3.5454548047354364,3.7675414591707663,3.4978648073564376,3.7199514617917675,7026347.0,32212482.0
2018-10-22,3.807199790319932,4.005491446065761,3.7358147942514335,3.92617478376743,8869421.0,43631312.0
2018-10-23,3.9103114513077633,3.9103114513077633,3.7437464604812662,3.7675414591707663,5013112.0,24234108.0
2018-10-24,3.7675414591707663,3.9975597798359286,3.7040881293321006,3.9103114513077633,8048076.0,39426868.0
2018-10-25,3.7834047916304323,3.965833114916596,3.7516781267111,3.9341064499972633,6112343.0,29608738.0
2018-10-26,3.9023797850779305,3.942038116227096,3.791336457860266,3.807199790319932,4612473.0,22488564.0
2018-10-29,3.823063122779599,3.9499697824569298,3.807199790319932,3.8785847863884304,4639745.0,22776814.0
2018-10-30,3.807199790319932,4.07687644213426,3.799268124090099,3.989628113606096,9857629.0,49456680.0
2018-10-31,3.9499697824569298,4.037218110985094,3.92617478376743,3.981696447376262,5851972.0,29388578.0
2018-11-01,3.989628113606096,4.116534773283427,3.918243117537597,3.973764781146429,7077415.0,35907856.0
2018-11-02,4.005491446065761,4.045149777214927,3.973764781146429,4.037218110985094,5426080.0,27463982.0
2018-11-05,4.005491446065761,4.211714768041425,3.981696447376262,4.179988103122092,11308900.0,58487584.0
2018-11-06,4.14826143820276,4.187919769351925,4.068944775904427,4.1244664395132595,7015897.0,36437612.0
2018-11-07,4.140329771972926,4.140329771972926,4.021354778525429,4.037218110985094,5612089.0,28899996.0
2018-11-08,4.068944775904427,4.116534773283427,4.029286444755262,4.061013109674595,4273392.0,21991540.0
2018-11-09,4.0530814434447615,4.10067144082376,4.037218110985094,4.045149777214927,3342852.0,17144280.0
2018-11-12,4.068944775904427,4.164124770662426,4.005491446065761,4.132398105743093,5264273.0,27325204.0
2018-11-13,4.108603107053593,4.3862114250977555,4.061013109674595,4.291031430339757,12134345.0,65386664.0
2018-11-14,4.275168097880091,4.3862114250977555,4.251373099190591,4.29896309656959,8810702.0,47953760.0
2018-11-15,4.314826429029257,4.417938090017088,4.259304765420424,4.3862114250977555,8943697.0,49277056.0
2018-11-16,4.402074757557421,4.552776415924252,4.32275809525909,4.465528087396087,10678316.0,59940364.0
2018-11-19,4.465528087396087,4.592434747073418,4.425869756246922,4.552776415924252,10233022.0,58232216.0
2018-11-20,4.505186418545253,4.552776415924252,4.291031430339757,4.338621427718755,9045614.0,50149096.0
2018-11-21,4.330689761488923,4.465528087396087,4.330689761488923,4.370348092638088,5915368.0,32734706.0
2018-11-22,4.417938090017088,4.425869756246922,4.267236431650257,4.29896309656959,4699692.0,25640124.0
2018-11-23,4.32275809525909,4.330689761488923,4.116534773283427,4.140329771972926,6264184.0,33175490.0
2018-11-26,4.156193104432592,4.195851435581758,4.068944775904427,4.164124770662426,3422700.0,17915294.0
2018-11-27,4.195851435581758,4.243441432960758,4.156193104432592,4.203783101811592,3250100.0,17235160.0
2018-11-28,4.203783101811592,4.227578100501091,4.10067144082376,4.227578100501091,3637965.0,19165838.0
2018-11-29,4.227578100501091,4.259304765420424,4.021354778525429,4.029286444755262,4552523.0,23863310.0
2018-11-30,3.965833114916596,4.140329771972926,3.965833114916596,4.140329771972926,5377419.0,27539540.0
2018-12-03,4.219646434271258,4.402074757557421,4.203783101811592,4.291031430339757,6462300.0,35122904.0
2018-12-04,4.283099764109924,4.362416426408256,4.259304765420424,4.3465530939485895,4671888.0,25510164.0
2018-12-05,4.283099764109924,4.354484760178423,4.259304765420424,4.306894762799423,4433826.0,24106704.0
2018-12-06,4.330689761488923,4.3465530939485895,4.179988103122092,4.187919769351925,4460629.0,23938820.0
2018-12-07,4.195851435581758,4.267236431650257,4.172056436892259,4.195851435581758,2763387.0,14659969.0
2018-12-10,4.140329771972926,4.211714768041425,4.1244664395132595,4.164124770662426,2115486.0,11117031.0
2018-12-11,4.156193104432592,4.179988103122092,4.084808108364094,4.116534773283427,3138677.0,16319291.0
2018-12-12,4.116534773283427,4.172056436892259,4.108603107053593,4.132398105743093,1906312.0,9957804.0
2018-12-13,4.14826143820276,4.195851435581758,4.07687644213426,4.140329771972926,3463100.0,18127008.0
2018-12-14,4.116534773283427,4.187919769351925,4.061013109674595,4.084808108364094,3109778.0,16182915.0
2018-12-17,4.07687644213426,4.140329771972926,3.973764781146429,4.132398105743093,5504356.0,28070650.0
2018-12-18,4.1244664395132595,4.1244664395132595,3.973764781146429,3.9975597798359286,5454375.0,27791208.0
2018-12-19,3.9975597798359286,4.021354778525429,3.8547897876989317,3.8944481188480973,3928912.0,19429136.0
2018-12-20,3.846858121469098,3.942038116227096,3.8309947890094316,3.9341064499972633,2465700.0,12093175.0
2018-12-21,3.8865164526182645,3.918243117537597,3.838926455239265,3.8627214539287644,1908000.0,9317357.0
2018-12-24,3.8706531201585976,3.9341064499972633,3.823063122779599,3.9023797850779305,2106239.0,10366048.0
2018-12-25,3.9103114513077633,3.942038116227096,3.799268124090099,3.9103114513077633,3116748.0,15216371.0
2018-12-26,3.9103114513077633,3.918243117537597,3.846858121469098,3.9023797850779305,1920100.0,9392418.0
2018-12-27,3.92617478376743,4.045149777214927,3.791336457860266,3.823063122779599,3952203.0,19596106.0
2018-12-28,3.8309947890094316,3.8627214539287644,3.7278831280216003,3.799268124090099,2299900.0,11045729.0
2019-01-02,3.8309947890094316,3.846858121469098,3.7834047916304323,3.838926455239265,1425728.0,6867799.5
2019-01-03,3.8547897876989317,3.9499697824569298,3.823063122779599,3.918243117537597,2781025.0,13679942.0
2019-01-04,3.8547897876989317,4.164124770662426,3.8547897876989317,4.156193104432592,9361466.0,48143652.0
2019-01-07,4.179988103122092,4.251373099190591,4.132398105743093,4.195851435581758,8397454.0,44481456.0
2019-01-08,4.172056436892259,4.291031430339757,4.164124770662426,4.211714768041425,4949801.0,26260028.0
2019-01-09,4.219646434271258,4.243441432960758,4.164124770662426,4.172056436892259,5428056.0,28768890.0
2019-01-10,4.179988103122092,4.195851435581758,4.132398105743093,4.140329771972926,3970302.0,20843180.0
2019-01-11,4.179988103122092,4.211714768041425,4.156193104432592,4.187919769351925,3729053.0,19687764.0
2019-01-14,3.9975597798359286,4.061013109674595,3.799268124090099,3.815131456549765,15292465.0,74948032.0
2019-01-15,3.799268124090099,3.942038116227096,3.7675414591707663,3.918243117537597,9008577.0,43855020.0
2019-01-16,3.965833114916596,3.965833114916596,3.8627214539287644,3.8627214539287644,5151885.0,25401282.0
2019-01-17,3.8944481188480973,3.942038116227096,3.8309947890094316,3.846858121469098,3855700.0,18866856.0
2019-01-18,3.838926455239265,3.957901448686763,3.838926455239265,3.957901448686763,6246331.0,30757046.0
2019-01-21,3.9341064499972633,3.965833114916596,3.8706531201585976,3.8865164526182645,6219873.0,30705220.0
2019-01-22,3.8944481188480973,3.8944481188480973,3.838926455239265,3.8785847863884304,2456072.0,11972638.0
2019-01-23,3.846858121469098,3.8785847863884304,3.823063122779599,3.846858121469098,2893584.0,14066021.0
2019-01-24,3.846858121469098,4.140329771972926,3.846858121469098,4.013423112295595,10098614.0,50996688.0
2019-01-25,4.005491446065761,4.005491446065761,3.8865164526182645,3.9023797850779305,5884228.0,29194016.0
2019-01-28,3.942038116227096,3.981696447376262,3.8547897876989317,3.92617478376743,3924467.0,19378218.0
2019-01-29,3.8785847863884304,3.8865164526182645,3.759609792940933,3.799268124090099,3563410.0,17132124.0
2019-01-30,3.791336457860266,3.8309947890094316,3.7437464604812662,3.7437464604812662,3111600.0,14876798.0
2019-01-31,3.7437464604812662,3.799268124090099,3.7040881293321006,3.7040881293321006,2251300.0,10660942.0
2019-02-01,3.7437464604812662,3.8309947890094316,3.7040881293321006,3.791336457860266,2837427.0,13521471.0
2019-02-11,3.815131456549765,3.9023797850779305,3.807199790319932,3.8865164526182645,3282565.0,15957991.0
2019-02-12,3.8944481188480973,3.942038116227096,3.8627214539287644,3.918243117537597,3764787.0,18551110.0
2019-02-13,3.92617478376743,4.005491446065761,3.9023797850779305,3.989628113606096,4819896.0,24044338.0
2019-02-14,3.989628113606096,4.013423112295595,3.942038116227096,3.989628113606096,3275105.0,16449422.0
2019-02-15,3.989628113606096,4.037218110985094,3.981696447376262,3.981696447376262,4683801.0,23686840.0
2019-02-18,4.029286444755262,4.203783101811592,3.989628113606096,4.187919769351925,11195166.0,58359300.0
2019-02-19,4.195851435581758,4.544844749694419,4.156193104432592,4.3465530939485895,19140904.0,105078376.0
2019-02-20,4.275168097880091,4.3465530939485895,4.195851435581758,4.227578100501091,9976683.0,53308524.0
2019-02-21,4.211714768041425,4.647956410682251,4.187919769351925,4.647956410682251,28004066.0,160691776.0
2019-02-22,4.655888076912084,5.107993052012576,4.513118084775087,4.941428061186079,43529060.0,261247744.0
2019-02-25,5.41732803497607,5.433191367435736,4.996949724794911,5.433191367435736,49106048.0,325607360.0
2019-02-26,5.353874705137405,5.433191367435736,5.084198053323076,5.139719716931909,41315672.0,273099232.0
2019-02-27,5.060403054633577,5.353874705137405,4.957291393645745,5.060403054633577,29234668.0,190722320.0
2019-02-28,4.909701396266746,5.282489709068906,4.687614741831417,5.0524713884037435,25965772.0,162764256.0
2019-03-01,4.957291393645745,5.2348997116899065,4.8621113988877465,5.107993052012576,20419680.0,130230400.0
2019-03-04,5.123856384472242,5.298353041528572,5.04453972217391,5.092129719552909,25998964.0,169196048.0
2019-03-05,5.020744723484411,5.147651383161742,4.989018058565078,5.139719716931909,18229604.0,116362728.0
2019-03-06,5.131788050702075,5.44112303366557,5.076266387093243,5.377669703826904,34379852.0,228988112.0
2019-03-07,5.298353041528572,5.6790730205605655,5.179378048081075,5.449054699895403,33039132.0,224020688.0
2019-03-08,5.258694710379406,5.338011372677738,4.9017697300369125,4.941428061186079,24117476.0,156397168.0
2019-03-11,4.885906397577246,5.068334720863409,4.877974731347413,5.068334720863409,13680868.0,86066432.0
2019-03-12,5.076266387093243,5.21903637923024,5.028676389714244,5.115924718242409,14756485.0,95632384.0
2019-03-13,5.092129719552909,5.353874705137405,5.0524713884037435,5.155583049391574,19668036.0,128882760.0
2019-03-14,5.139719716931909,5.139719716931909,4.814521401508748,4.893838063807079,11558372.0,72363256.0
2019-03-15,4.949359727415912,5.24283137791974,4.949359727415912,5.211104713000407,16838668.0,108578776.0
2019-03-18,5.282489709068906,5.290421375298739,5.092129719552909,5.21903637923024,14435350.0,94015616.0
2019-03-19,5.203173046770574,5.377669703826904,5.171446381851241,5.353874705137405,16440691.0,109083200.0
2019-03-20,5.314216373988239,5.393533036286571,5.076266387093243,5.282489709068906,14895500.0,98708912.0
2019-03-21,5.24283137791974,5.81391134646773,5.24283137791974,5.774253015318564,47149404.0,339799744.0
2019-03-22,5.552166360883234,5.647346355641233,5.401464702516403,5.480781364814736,29321360.0,204236944.0
2019-03-25,5.377669703826904,5.449054699895403,5.282489709068906,5.314216373988239,17052758.0,115135568.0
2019-03-26,5.361806371367238,5.361806371367238,5.036608055944076,5.04453972217391,12060549.0,78990824.0
2019-03-27,5.076266387093243,5.163514715621408,5.036608055944076,5.131788050702075,8342850.0,53670612.0
2019-03-28,5.131788050702075,5.1952413805407405,5.04453972217391,5.04453972217391,6560114.0,42273492.0
2019-03-29,5.068334720863409,5.314216373988239,4.989018058565078,5.314216373988239,14434229.0,94521408.0
2019-04-01,5.322148040218072,5.480781364814736,5.24283137791974,5.433191367435736,16042893.0,109215296.0
2019-04-02,5.44112303366557,5.742526350399231,5.401464702516403,5.512508029734069,20516948.0,144040288.0
2019-04-03,5.472849698584903,5.687004686790399,5.393533036286571,5.6394146894113995,17350188.0,121392976.0
2019-04-04,5.631483023181566,5.694936353020232,5.496644697274402,5.5283713621937345,13974075.0,98266768.0
2019-04-08,5.6156196907219,5.829774678927396,5.536303028423569,5.726663017939565,23770284.0,170225568.0
2019-04-09,5.6790730205605655,5.687004686790399,5.464918032355069,5.552166360883234,16082797.0,112713928.0
2019-04-10,5.544234694653401,5.5680296933429005,5.433191367435736,5.5283713621937345,9773872.0,67703752.0
2019-04-11,5.5283713621937345,5.552166360883234,5.330079706447905,5.36973803759707,11099223.0,75945408.0
2019-04-12,5.385601370056738,5.6394146894113995,5.330079706447905,5.6394146894113995,15223642.0,105774888.0
2019-04-15,5.750458016629064,6.202562991729557,5.6394146894113995,5.901159674995895,47941264.0,366830752.0
2019-04-16,5.750458016629064,6.424649646164885,5.5283713621937345,6.218426324189222,48669836.0,361984704.0
2019-04-17,6.091519664511891,6.289811320257721,5.96461300483456,6.091519664511891,32880524.0,253180112.0
2019-04-18,5.9725446710643935,6.250152989108555,5.932886339915228,6.0122030022135595,20178218.0,154658672.0
2019-04-19,6.091519664511891,6.170836326810224,5.948749672374894,6.067724665822392,16284382.0,124667632.0
2019-04-22,6.091519664511891,6.123246329431224,5.718731351709732,5.76632134908873,19413928.0,144166656.0
2019-04-23,5.758389682858897,5.956681338604727,5.647346355641233,5.702868019250065,11138803.0,81291352.0
2019-04-24,5.734594684169398,5.829774678927396,5.575961359572734,5.758389682858897,10980398.0,79005640.0
2019-04-25,5.694936353020232,5.742526350399231,5.338011372677738,5.377669703826904,14545066.0,101780800.0
2019-04-26,5.3459430389075715,5.41732803497607,5.2348997116899065,5.353874705137405,9010146.0,60879964.0
2019-04-29,5.306284707758405,5.409396368746237,4.893838063807079,4.925564728726412,10747356.0,68776856.0
2019-04-30,4.933496394956245,5.068334720863409,4.933496394956245,5.004881391024743,7114009.0,44934324.0
2019-05-06,4.846248066428081,4.9017697300369125,4.5289814172347524,4.576571414613752,8904645.0,52971280.0
2019-05-07,4.655888076912084,4.774863070359581,4.616229745762918,4.735204739210415,6638348.0,39333528.0
2019-05-08,4.632093078222584,4.798658069049081,4.560708082154085,4.687614741831417,5683561.0,33764848.0
2019-05-09,4.671751409371749,4.751068071670082,4.632093078222584,4.671751409371749,4745946.0,28123308.0
2019-05-10,4.7193414067507495,4.8621113988877465,4.640024744452417,4.830384733968414,8681684.0,52324088.0
2019-05-13,4.774863070359581,4.830384733968414,4.743136405440249,4.7907264028192476,4940232.0,29784484.0
2019-05-14,4.735204739210415,4.82245306773858,4.711409740520916,4.727273072980583,4266757.0,25677846.0
2019-05-15,4.782794736589415,4.877974731347413,4.782794736589415,4.8621113988877465,5241156.0,31994998.0
2019-05-16,4.846248066428081,5.258694710379406,4.82245306773858,5.1952413805407405,11471038.0,72660216.0
2019-05-17,5.084198053323076,5.147651383161742,4.7907264028192476,4.838316400198247,10701469.0,67320512.0
2019-05-20,4.806589735278914,4.925564728726412,4.671751409371749,4.909701396266746,5868003.0,35428416.0
2019-05-21,4.8621113988877465,5.036608055944076,4.854179732657913,4.996949724794911,6295294.0,39472192.0
2019-05-22,4.989018058565078,4.989018058565078,4.838316400198247,4.885906397577246,5708404.0,35268640.0
2019-05-23,4.885906397577246,4.965223059875578,4.774863070359581,4.774863070359581,5588454.0,34096312.0
2019-05-24,4.782794736589415,4.830384733968414,4.640024744452417,4.711409740520916,3557600.0,21263904.0
2019-05-27,4.727273072980583,4.885906397577246,4.7193414067507495,4.8621113988877465,3810288.0,23117146.0
2019-05-28,4.8621113988877465,4.941428061186079,4.846248066428081,4.87004306511758,4582743.0,28321498.0
2019-05-29,4.8621113988877465,4.996949724794911,4.82245306773858,4.941428061186079,5110711.0,31718080.0
2019-05-30,4.9017697300369125,4.925564728726412,4.774863070359581,4.846248066428081,3954911.0,24142174.0
2019-05-31,4.87004306511758,4.9017697300369125,4.846248066428081,4.885906397577246,3998252.0,24593388.0
2019-06-03,4.877974731347413,4.909701396266746,4.766931404129748,4.798658069049081,3828582.0,23373170.0
2019-06-04,4.774863070359581,4.82245306773858,4.640024744452417,4.711409740520916,3894745.0,23152812.0
2019-06-05,4.751068071670082,4.758999737899915,4.663819743141917,4.69554640806125,3080800.0,18325284.0
2019-06-06,4.6796830756015835,4.69554640806125,4.425869756246922,4.47345975362592,4772512.0,27342922.0
2019-06-10,4.505186418545253,4.5686397483839185,4.4575964211662535,4.536913083464586,2821401.0,16072607.0
2019-06-11,4.647956410682251,4.989018058565078,4.592434747073418,4.981086392335245,14243705.0,87162008.0
2019-06-12,4.917633062496579,5.203173046770574,4.885906397577246,4.941428061186079,18586828.0,118483672.0
2019-06-13,5.362722128189023,5.845454889318967,5.35394516889575,5.6874696220400764,19679988.0,125626120.0
2019-06-14,5.634807866280446,5.827900970732423,5.432937802535196,5.45049172112174,15947095.0,102209760.0
2019-06-17,5.503153476881369,5.503153476881369,5.274952535256305,5.336391250309207,9203145.0,56030420.0
2019-06-18,5.301283413136121,5.415383883948652,5.274952535256305,5.371499087482294,6095809.0,37109772.0
2019-06-19,5.555815232641001,5.634807866280446,5.35394516889575,5.3890530060688375,10789549.0,67515056.0
2019-06-20,5.35394516889575,5.8366779300256955,5.327614291015935,5.713800499919891,20707564.0,132984712.0
2019-06-21,5.713800499919891,6.012217115891129,5.626030906987174,5.827900970732423,19965108.0,131113552.0
2019-06-24,5.766462255679522,5.775239214972793,5.599700029107359,5.669915703453532,11985997.0,77555808.0
2019-06-25,5.652361784866989,5.678692662746804,5.485599558294826,5.590923069814087,7656101.0,48537096.0
2019-06-26,5.529484354761185,5.564592191934271,5.468045639708284,5.511930436174642,5813665.0,36584592.0
2019-06-27,5.511930436174642,5.669915703453532,5.494376517588098,5.590923069814087,8067505.0,51509052.0
2019-06-28,5.520707395467913,5.555815232641001,5.345168209602479,5.415383883948652,7677687.0,47535816.0
2019-07-01,5.555815232641001,5.582146110520815,5.494376517588098,5.573369151227543,6930342.0,43841864.0
2019-07-02,5.573369151227543,6.11754062741039,5.555815232641001,5.898116645078597,31275470.0,209168880.0
2019-07-03,5.740131377799706,6.082432790237303,5.740131377799706,5.827900970732423,28230332.0,189110640.0
2019-07-04,5.845454889318967,5.845454889318967,5.617253947693903,5.652361784866989,14074301.0,91398352.0
2019-07-05,5.678692662746804,5.722577459213163,5.617253947693903,5.678692662746804,8047840.0,51988136.0
2019-07-08,5.6874696220400764,5.696246581333348,5.406606924655381,5.406606924655381,8830501.0,55509044.0
2019-07-09,5.432937802535196,5.511930436174642,5.35394516889575,5.511930436174642,4888977.0,30194650.0
2019-07-10,5.503153476881369,5.503153476881369,5.318837331722663,5.35394516889575,5092711.0,31404310.0
2019-07-11,5.397829965362109,5.45049172112174,5.345168209602479,5.371499087482294,5610486.0,34530448.0
2019-07-12,5.371499087482294,5.415383883948652,5.318837331722663,5.371499087482294,3851945.0,23554060.0
2019-07-15,5.371499087482294,5.406606924655381,5.178405983030316,5.371499087482294,6046831.0,36617888.0
2019-07-16,5.362722128189023,5.3890530060688375,5.318837331722663,5.345168209602479,3417581.0,20818856.0
2019-07-17,5.266175575963033,5.371499087482294,5.266175575963033,5.336391250309207,2617883.0,15901585.0
2019-07-18,5.327614291015935,5.327614291015935,5.239844698083218,5.24862165737649,3013473.0,18103244.0
2019-07-19,5.239844698083218,5.35394516889575,5.231067738789946,5.292506453842849,3216333.0,19463440.0
2019-07-22,5.301283413136121,5.327614291015935,5.1345211865639575,5.178405983030316,4578218.0,27055486.0
2019-07-23,5.160852064443772,5.222290779496675,5.160852064443772,5.213513820203404,2108100.0,12482972.0
2019-07-24,5.231067738789946,5.336391250309207,5.231067738789946,5.266175575963033,3777301.0,22735452.0
2019-07-25,5.274952535256305,5.336391250309207,5.24862165737649,5.327614291015935,3339201.0,20167682.0
2019-07-26,5.292506453842849,5.35394516889575,5.24862165737649,5.35394516889575,3851750.0,23320284.0
2019-07-29,5.327614291015935,5.432937802535196,5.318837331722663,5.35394516889575,3873392.0,23726746.0
2019-07-30,5.336391250309207,5.678692662746804,5.336391250309207,5.573369151227543,14515688.0,92128536.0
2019-07-31,5.5382613140544565,5.5382613140544565,5.371499087482294,5.397829965362109,8411345.0,52036452.0
2019-08-01,5.371499087482294,5.432937802535196,5.318837331722663,5.362722128189023,4333900.0,26529496.0
2019-08-02,5.073082471511055,5.24862165737649,5.064305512217783,5.178405983030316,6163167.0,36225304.0
2019-08-05,5.178405983030316,5.19595990161686,5.073082471511055,5.081859430804327,3167064.0,18496790.0
2019-08-06,4.985312878578338,5.037974634337969,4.695673221900371,4.862435448472534,6378353.0,35216396.0
2019-08-07,4.906320244938892,4.94142808211198,4.84488152988599,4.853658489179263,2606746.0,14482930.0
2019-08-08,4.888766326352349,5.178405983030316,4.888766326352349,4.967758959991795,4999144.0,28555540.0
2019-08-09,4.967758959991795,5.002866797164882,4.871212407765806,4.871212407765806,3298851.0,18484660.0
2019-08-12,4.8799893670590775,4.985312878578338,4.853658489179263,4.976535919285066,2631502.0,14733013.0
2019-08-13,4.958982000698524,4.958982000698524,4.827327611299447,4.853658489179263,2467801.0,13714031.0
2019-08-14,4.94142808211198,4.958982000698524,4.853658489179263,4.862435448472534,2154301.0,12057355.0
2019-08-15,4.73955801836673,4.827327611299447,4.678119303313828,4.827327611299447,3835235.0,20786006.0
2019-08-16,4.862435448472534,4.958982000698524,4.800996733419632,4.8799893670590775,3636391.0,20284792.0
2019-08-19,4.915097204232164,5.064305512217783,4.897543285645621,5.046751593631241,5487202.0,31277180.0
2019-08-20,5.046751593631241,5.116967267977414,5.020420715751425,5.020420715751425,4228283.0,24391396.0
2019-08-21,5.046751593631241,5.09941334939087,4.976535919285066,5.064305512217783,3354903.0,19328940.0
2019-08-22,5.09941334939087,5.108190308684143,5.020420715751425,5.081859430804327,2746030.0,15848365.0
2019-08-23,5.090636390097599,5.178405983030316,5.055528552924512,5.073082471511055,4154474.0,24220258.0
2019-08-26,4.958982000698524,5.046751593631241,4.906320244938892,4.99408983787161,2738716.0,15569778.0
2019-08-27,5.037974634337969,5.143298145857229,5.029197675044697,5.116967267977414,4338901.0,25213484.0
2019-08-28,5.125744227270686,5.213513820203404,5.073082471511055,5.081859430804327,3510451.0,20512788.0
2019-08-29,5.09941334939087,5.125744227270686,5.029197675044697,5.046751593631241,3044308.0,17621760.0
2019-08-30,5.081859430804327,5.143298145857229,4.906320244938892,4.94142808211198,4151479.0,23823412.0
2019-09-02,4.976535919285066,5.143298145857229,4.932651122818708,5.116967267977414,5440610.0,31378728.0
2019-09-03,5.160852064443772,5.169629023737044,5.046751593631241,5.125744227270686,5520473.0,32115686.0
2019-09-04,5.108190308684143,5.222290779496675,5.073082471511055,5.169629023737044,5803789.0,33984752.0
2019-09-05,5.19595990161686,5.424160843241924,5.169629023737044,5.266175575963033,14139116.0,85463376.0
2019-09-06,5.257398616669762,5.318837331722663,5.222290779496675,5.257398616669762,5795822.0,34777684.0
2019-09-09,5.35394516889575,5.678692662746804,5.301283413136121,5.45049172112174,11254638.0,69866296.0
2019-09-10,5.424160843241924,5.503153476881369,5.336391250309207,5.45049172112174,11275028.0,69475832.0
2019-09-11,5.441714761828468,5.669915703453532,5.397829965362109,5.60847698840063,15557252.0,98090040.0
2019-09-12,5.520707395467913,5.573369151227543,5.441714761828468,5.529484354761185,11296424.0,70717056.0
2019-09-16,5.529484354761185,5.669915703453532,5.485599558294826,5.626030906987174,16983646.0,108487632.0
2019-09-17,5.617253947693903,5.617253947693903,5.327614291015935,5.35394516889575,11843536.0,73485216.0
2019-09-18,5.3890530060688375,5.397829965362109,5.257398616669762,5.2837294945495765,8279103.0,50048288.0
2019-09-19,5.292506453842849,5.310060372429391,5.178405983030316,5.301283413136121,5196464.0,31075478.0
2019-09-20,5.301283413136121,5.310060372429391,5.239844698083218,5.2837294945495765,3801610.0,22877794.0
2019-09-23,5.257398616669762,5.257398616669762,5.160852064443772,5.19595990161686,3724156.0,22020484.0
2019-09-24,5.178405983030316,5.274952535256305,5.178405983030316,5.222290779496675,3772217.0,22522888.0
2019-09-25,5.213513820203404,5.213513820203404,5.116967267977414,5.1345211865639575,3173461.0,18687950.0
2019-09-26,5.152075105150501,5.169629023737044,4.976535919285066,5.011643756458153,3707975.0,21430212.0
2019-09-27,5.029197675044697,5.108190308684143,5.002866797164882,5.073082471511055,2518833.0,14569130.0
2019-09-30,5.081859430804327,5.116967267977414,5.046751593631241,5.055528552924512,1448650.0,8382053.0
2019-10-08,5.055528552924512,5.108190308684143,5.037974634337969,5.046751593631241,1813200.0,10488485.0
2019-10-09,5.073082471511055,5.116967267977414,4.94142808211198,5.116967267977414,2100805.0,12022061.0
2019-10-10,5.108190308684143,5.125744227270686,5.064305512217783,5.108190308684143,3540739.0,20574490.0
2019-10-11,5.125744227270686,5.152075105150501,5.064305512217783,5.125744227270686,3427133.0,19984082.0
2019-10-14,5.160852064443772,5.301283413136121,5.160852064443772,5.292506453842849,6824850.0,40843528.0
2019-10-15,5.257398616669762,5.2837294945495765,5.204736860910131,5.222290779496675,3532286.0,21035634.0
2019-10-16,5.222290779496675,5.336391250309207,5.187182942323588,5.187182942323588,4425100.0,26545196.0
2019-10-17,5.187182942323588,5.204736860910131,5.108190308684143,5.125744227270686,2627897.0,15448647.0
2019-10-18,5.1345211865639575,5.152075105150501,4.958982000698524,4.985312878578338,3503628.0,20110444.0
2019-10-21,4.967758959991795,4.99408983787161,4.897543285645621,4.950205041405251,2273661.0,12772471.0
2019-10-22,4.94142808211198,4.976535919285066,4.915097204232164,4.967758959991795,1785986.0,10070888.0
2019-10-23,4.950205041405251,5.002866797164882,4.923874163525436,4.976535919285066,2035940.0,11511636.0
2019-10-24,4.932651122818708,5.002866797164882,4.897543285645621,4.915097204232164,2529000.0,14218858.0
2019-10-25,4.915097204232164,5.011643756458153,4.915097204232164,5.011643756458153,2596474.0,14712975.0
2019-10-28,5.029197675044697,5.09941334939087,4.99408983787161,5.081859430804327,2744266.0,15832293.0
2019-10-29,5.09941334939087,5.108190308684143,4.99408983787161,4.99408983787161,3777878.0,21790030.0
2019-10-30,5.011643756458153,5.020420715751425,4.932651122818708,4.976535919285066,2948726.0,16723371.0
2019-10-31,5.002866797164882,5.002866797164882,4.84488152988599,4.862435448472534,4033606.0,22591794.0
2019-11-01,4.862435448472534,4.923874163525436,4.818550652006175,4.897543285645621,2181405.0,12116578.0
2019-11-04,4.915097204232164,4.985312878578338,4.897543285645621,4.906320244938892,2040832.0,11491551.0
2019-11-05,4.906320244938892,4.967758959991795,4.871212407765806,4.932651122818708,2212898.0,12420846.0
2019-11-06,4.950205041405251,4.950205041405251,4.800996733419632,4.836104570592719,2471714.0,13718322.0
2019-11-07,4.818550652006175,4.8799893670590775,4.792219774126361,4.836104570592719,1681100.0,9261738.0
2019-11-08,4.862435448472534,4.923874163525436,4.800996733419632,4.809773692712904,2445437.0,13536479.0
2019-11-11,4.722004099780187,4.722004099780187,4.3270409315829585,4.3270409315829585,12701781.0,63614668.0
2019-11-12,4.2831561351166005,4.344594850169503,4.195386542183884,4.344594850169503,6396121.0,31133050.0
2019-11-13,4.344594850169503,4.4323644431022196,4.2831561351166005,4.406033565222404,4228836.0,21103054.0
2019-11-14,4.423587483808948,4.441141402395491,4.3884796466358615,4.406033565222404,2865101.0,14392175.0
2019-11-15,4.3884796466358615,4.458695320982035,4.37970268734259,4.37970268734259,2484500.0,12500845.0
2019-11-18,4.423587483808948,4.502580117448393,4.3884796466358615,4.502580117448393,2897564.0,14755818.0
2019-11-19,4.502580117448393,4.511357076741665,4.449918361688764,4.493803158155122,3673934.0,18773836.0
2019-11-20,4.502580117448393,4.502580117448393,4.414810524515676,4.4323644431022196,2613401.0,13242651.0
2019-11-21,4.4323644431022196,4.458695320982035,4.397256605929132,4.423587483808948,1796600.0,9057269.0
2019-11-22,4.414810524515676,4.476249239568578,4.397256605929132,4.423587483808948,2235893.0,11296079.0
2019-11-25,4.4323644431022196,4.48502619886185,4.37970268734259,4.4323644431022196,2413455.0,12185186.0
2019-11-26,4.4323644431022196,4.467472280275307,4.423587483808948,4.458695320982035,1440951.0,7304339.0
2019-11-27,4.458695320982035,4.467472280275307,4.397256605929132,4.414810524515676,1756480.0,8854245.0
2019-11-28,4.4323644431022196,4.449918361688764,4.406033565222404,4.406033565222404,1519000.0,7655053.0
2019-11-29,4.406033565222404,4.4323644431022196,4.362148768756046,4.414810524515676,1776801.0,8913618.0
2019-12-02,4.441141402395491,4.493803158155122,4.423587483808948,4.449918361688764,1930147.0,9804357.0
2019-12-03,4.441141402395491,4.441141402395491,4.370925728049318,4.4323644431022196,1792952.0,9008576.0
2019-12-04,4.406033565222404,4.449918361688764,4.397256605929132,4.423587483808948,1672758.0,8432664.0
2019-12-05,4.441141402395491,4.493803158155122,4.423587483808948,4.476249239568578,3241829.0,16488183.0
2019-12-06,4.467472280275307,4.546464913914752,4.458695320982035,4.537687954621481,3332414.0,17119524.0
2019-12-09,4.546464913914752,4.63423450684747,4.528910995328209,4.564018832501295,3531868.0,18461924.0
2019-12-10,4.572795791794567,4.607903628967654,4.528910995328209,4.599126669674383,2368664.0,12331241.0
2019-12-11,4.607903628967654,4.63423450684747,4.564018832501295,4.590349710381111,2720246.0,14246841.0
2019-12-12,4.590349710381111,4.616680588260926,4.537687954621481,4.537687954621481,1750917.0,9095129.0
2019-12-13,4.564018832501295,4.722004099780187,4.555241873208024,4.669342344020556,6520649.0,34616260.0
2019-12-16,4.6254575475541975,4.722004099780187,4.599126669674383,4.6868962626071,4550257.0,24219510.0
2019-12-17,4.695673221900371,4.871212407765806,4.669342344020556,4.783442814833089,8071232.0,43946952.0
2019-12-18,4.783442814833089,4.906320244938892,4.765888896246545,4.783442814833089,5383021.0,29608340.0
2019-12-19,4.809773692712904,4.871212407765806,4.774665855539817,4.827327611299447,3415600.0,18729290.0
2019-12-20,4.818550652006175,4.906320244938892,4.783442814833089,4.792219774126361,5439698.0,29978284.0
2019-12-23,4.827327611299447,4.827327611299447,4.643011466140741,4.660565384727284,4376997.0,23622356.0
2019-12-24,4.730781059073458,4.774665855539817,4.678119303313828,4.765888896246545,3096300.0,16689103.0
2019-12-25,4.783442814833089,4.809773692712904,4.730781059073458,4.765888896246545,3221300.0,17530156.0
2019-12-26,4.765888896246545,4.809773692712904,4.757111936953273,4.809773692712904,2933000.0,15993647.0
2019-12-27,4.809773692712904,4.906320244938892,4.765888896246545,4.774665855539817,4479811.0,24767690.0
2019-12-30,4.748334977660002,4.8799893670590775,4.713227140486915,4.862435448472534,5440224.0,29883544.0
2019-12-31,4.836104570592719,4.888766326352349,4.783442814833089,4.836104570592719,3644100.0,20036282.0
2020-01-02,4.8799893670590775,4.915097204232164,4.836104570592719,4.888766326352349,4687300.0,26119272.0
2020-01-03,4.888766326352349,4.897543285645621,4.792219774126361,4.862435448472534,5621405.0,31057444.0
2020-01-06,4.836104570592719,4.932651122818708,4.774665855539817,4.862435448472534,5267900.0,29158806.0
2020-01-07,4.862435448472534,4.950205041405251,4.862435448472534,4.923874163525436,4750334.0,26573690.0
2020-01-08,4.897543285645621,4.94142808211198,4.809773692712904,4.84488152988599,5085423.0,28198692.0
2020-01-09,4.871212407765806,4.94142808211198,4.871212407765806,4.915097204232164,4222468.0,23616152.0
2020-01-10,4.923874163525436,5.046751593631241,4.906320244938892,4.950205041405251,8289130.0,47137940.0
2020-01-13,4.950205041405251,5.002866797164882,4.84488152988599,4.985312878578338,5256456.0,29422902.0
2020-01-14,4.976535919285066,5.011643756458153,4.932651122818708,4.950205041405251,3842401.0,21756064.0
2020-01-15,4.958982000698524,4.967758959991795,4.871212407765806,4.897543285645621,3268603.0,18252362.0
2020-01-16,4.906320244938892,4.923874163525436,4.827327611299447,4.827327611299447,2831418.0,15686110.0
2020-01-17,4.84488152988599,4.897543285645621,4.765888896246545,4.765888896246545,3147572.0,17298896.0
2020-01-20,4.765888896246545,4.827327611299447,4.730781059073458,4.818550652006175,2740268.0,14927535.0
2020-01-21,4.84488152988599,4.853658489179263,4.748334977660002,4.818550652006175,2973904.0,16259741.0
2020-01-22,4.783442814833089,4.792219774126361,4.713227140486915,4.757111936953273,3683271.0,19942892.0
2020-01-23,4.722004099780187,4.765888896246545,4.546464913914752,4.607903628967654,4676054.0,24829018.0
2020-02-03,4.151501745717525,4.151501745717525,4.151501745717525,4.151501745717525,1257100.0,5946083.0
2020-02-04,3.7389846589337536,4.098839989957894,3.7389846589337536,4.019847356318449,6844010.0,31066578.0
2020-02-05,4.054955193491535,4.195386542183884,3.9759625598520905,4.081286071371351,5370580.0,25054556.0
2020-02-06,4.098839989957894,4.212940460770427,4.019847356318449,4.195386542183884,5316061.0,25091466.0
2020-02-07,4.1778326235973395,4.248048297943513,4.116393908544438,4.204163501477155,5090064.0,24206472.0
2020-02-10,4.186609582890611,4.2831561351166005,4.151501745717525,4.2831561351166005,3483533.0,16809550.0
2020-02-11,4.274379175823329,4.3270409315829585,4.221717420063698,4.265602216530057,4023593.0,19604440.0
2020-02-12,4.23049437935697,4.2831561351166005,4.195386542183884,4.274379175823329,3832676.0,18545314.0
2020-02-13,4.274379175823329,4.458695320982035,4.248048297943513,4.406033565222404,8675137.0,43005180.0
2020-02-14,4.37970268734259,4.537687954621481,4.353371809462774,4.493803158155122,10069060.0,51250708.0
2020-02-17,4.502580117448393,4.599126669674383,4.467472280275307,4.590349710381111,8458313.0,43796744.0
2020-02-18,4.590349710381111,4.616680588260926,4.476249239568578,4.537687954621481,9272499.0,47793504.0
2020-02-19,4.537687954621481,4.6868962626071,4.528910995328209,4.555241873208024,9641572.0,50584276.0
2020-02-20,4.537687954621481,4.722004099780187,4.493803158155122,4.6868962626071,10602879.0,55707020.0
2020-02-21,4.713227140486915,4.713227140486915,4.599126669674383,4.599126669674383,10854757.0,57517404.0
2020-02-24,4.616680588260926,4.660565384727284,4.564018832501295,4.63423450684747,8018465.0,42129324.0
2020-02-25,4.555241873208024,4.590349710381111,4.37970268734259,4.581572751087839,9991890.0,51290716.0
2020-02-26,4.493803158155122,4.783442814833089,4.48502619886185,4.616680588260926,10701489.0,56740212.0
2020-02-27,4.607903628967654,4.748334977660002,4.599126669674383,4.616680588260926,6858854.0,36407976.0
2020-02-28,4.48502619886185,4.528910995328209,4.3270409315829585,4.353371809462774,8250333.0,41685880.0
2020-03-02,4.423587483808948,4.537687954621481,4.362148768756046,4.520134036034937,5295157.0,26982706.0
2020-03-03,4.572795791794567,4.695673221900371,4.520134036034937,4.599126669674383,6970065.0,36644996.0
2020-03-04,4.555241873208024,4.669342344020556,4.537687954621481,4.669342344020556,6613600.0,34753360.0
2020-03-05,4.695673221900371,4.888766326352349,4.669342344020556,4.836104570592719,14312969.0,78240424.0
2020-03-06,4.73955801836673,5.318837331722663,4.695673221900371,5.318837331722663,32525932.0,189812064.0
2020-03-09,5.09941334939087,5.318837331722663,4.915097204232164,5.090636390097599,28592104.0,166939456.0
2020-03-10,4.958982000698524,5.599700029107359,4.958982000698524,5.599700029107359,27301600.0,164385888.0
2020-03-11,5.924447522958412,6.161425423876748,5.880562726492054,6.161425423876748,48395368.0,337745440.0
2020-03-12,6.161425423876748,6.775812574405769,6.161425423876748,6.775812574405769,29813084.0,219260960.0
2020-03-13,7.021567434617378,7.4516384399876925,6.538834673487433,6.635381225713422,109988584.0,889500160.0
2020-03-16,5.968332319424771,6.143871505290205,5.968332319424771,5.968332319424771,26339936.0,179857248.0
2020-03-17,5.441714761828468,5.7313544185064345,5.371499087482294,5.371499087482294,73225480.0,453233472.0
2020-03-18,5.35394516889575,5.503153476881369,5.090636390097599,5.090636390097599,57045816.0,344660032.0
2020-03-19,5.020420715751425,5.310060372429391,4.932651122818708,5.143298145857229,38358124.0,223552800.0
2020-03-20,5.152075105150501,5.204736860910131,4.915097204232164,5.081859430804327,29312930.0,169641424.0
2020-03-23,4.853658489179263,5.002866797164882,4.607903628967654,4.730781059073458,25721940.0,142175152.0
2020-03-24,4.836104570592719,4.888766326352349,4.572795791794567,4.827327611299447,22727132.0,123520032.0
2020-03-25,4.897543285645621,5.064305512217783,4.84488152988599,4.958982000698524,28239008.0,158842240.0
2020-03-26,4.871212407765806,4.94142808211198,4.757111936953273,4.783442814833089,21272524.0,117286592.0
2020-03-27,4.8799893670590775,5.046751593631241,4.827327611299447,4.827327611299447,25292262.0,142069792.0
2020-03-30,4.6868962626071,4.99408983787161,4.651788425434012,4.923874163525436,23360394.0,128420360.0
2020-03-31,4.950205041405251,4.985312878578338,4.713227140486915,4.757111936953273,19044612.0,104854976.0
2020-04-01,4.765888896246545,5.046751593631241,4.765888896246545,4.853658489179263,21962512.0,122805784.0
2020-04-02,4.757111936953273,4.967758959991795,4.722004099780187,4.94142808211198,19443018.0,107100496.0
2020-04-03,4.897543285645621,4.897543285645621,4.730781059073458,4.809773692712904,16753947.0,91907520.0
2020-04-07,4.862435448472534,4.967758959991795,4.84488152988599,4.958982000698524,21836532.0,122184488.0
2020-04-08,4.99408983787161,5.459268680415011,4.967758959991795,5.459268680415011,28314914.0,170346624.0
2020-04-09,5.617253947693903,6.003440156597858,5.511930436174642,6.003440156597858,85396736.0,568589952.0
2020-04-10,5.7313544185064345,5.7313544185064345,5.406606924655381,5.406606924655381,54295964.0,340779040.0
2020-04-13,5.090636390097599,5.187182942323588,4.862435448472534,4.94142808211198,40360644.0,228974368.0
2020-04-14,4.932651122818708,5.2837294945495765,4.897543285645621,5.1345211865639575,30433256.0,175998160.0
2020-04-15,5.073082471511055,5.239844698083218,5.020420715751425,5.09941334939087,23570756.0,137509488.0
2020-04-16,4.99408983787161,5.116967267977414,4.958982000698524,5.055528552924512,16285627.0,93656432.0
2020-04-17,5.125744227270686,5.152075105150501,4.897543285645621,4.94142808211198,19284720.0,110391384.0
2020-04-20,4.967758959991795,5.002866797164882,4.8799893670590775,5.002866797164882,11124069.0,62608028.0
2020-04-21,4.976535919285066,5.002866797164882,4.8799893670590775,4.958982000698524,11986288.0,67354320.0
2020-04-22,4.906320244938892,4.976535919285066,4.8799893670590775,4.967758959991795,11554824.0,64802884.0
2020-04-23,4.985312878578338,5.108190308684143,4.897543285645621,5.108190308684143,21592176.0,123014160.0
2020-04-24,5.1345211865639575,5.485599558294826,5.090636390097599,5.257398616669762,37982712.0,229960144.0
2020-04-27,5.274952535256305,5.599700029107359,5.108190308684143,5.511930436174642,35315976.0,217309632.0
2020-04-28,5.476822599001554,5.476822599001554,4.958982000698524,5.143298145857229,28157744.0,167196944.0
2020-04-29,5.073082471511055,5.310060372429391,5.020420715751425,5.029197675044697,18734396.0,110249752.0
2020-04-30,5.055528552924512,5.222290779496675,4.897543285645621,5.19595990161686,20332704.0,117666128.0
2020-05-06,5.1345211865639575,5.327614291015935,5.073082471511055,5.318837331722663,17283390.0,102670312.0
2020-05-07,5.345168209602479,5.362722128189023,5.213513820203404,5.231067738789946,14753624.0,88700904.0
2020-05-08,5.274952535256305,5.6435848255737175,5.257398616669762,5.494376517588098,30716832.0,191012912.0
2020-05-11,5.582146110520815,5.582146110520815,5.35394516889575,5.3890530060688375,20371272.0,126038720.0
2020-05-12,5.3890530060688375,5.3890530060688375,5.09941334939087,5.266175575963033,16738860.0,100134472.0
2020-05-13,5.204736860910131,5.792793133559337,5.160852064443772,5.792793133559337,40042152.0,254203776.0
2020-05-14,5.661138744160261,5.8366779300256955,5.547038273347729,5.661138744160261,39341600.0,254371056.0
2020-05-15,5.661138744160261,5.950778400838228,5.661138744160261,5.713800499919891,37617776.0,248286464.0
2020-05-18,5.634807866280446,5.827900970732423,5.468045639708284,5.503153476881369,28300538.0,181340336.0
2020-05-19,5.599700029107359,6.056101912357489,5.503153476881369,5.871785767198783,38869348.0,256974864.0
2020-05-20,5.86300880790551,6.170202383170021,5.748908337092978,6.003440156597858,37829800.0,256229552.0
2020-05-21,5.906893604371869,6.047324953064217,5.7313544185064345,5.827900970732423,24162480.0,161207232.0
2020-05-22,5.722577459213163,5.757685296386249,5.45049172112174,5.599700029107359,21636432.0,138025136.0
2020-05-25,5.494376517588098,5.494376517588098,5.239844698083218,5.336391250309207,16906432.0,103307400.0
2020-05-26,5.336391250309207,5.520707395467913,5.327614291015935,5.476822599001554,13085678.0,81185536.0
2020-05-27,5.511930436174642,5.511930436174642,5.2837294945495765,5.318837331722663,13770274.0,84035744.0
2020-05-28,5.362722128189023,5.81034705214588,5.327614291015935,5.678692662746804,29658426.0,190218256.0
2020-05-29,5.5382613140544565,5.8366779300256955,5.494376517588098,5.740131377799706,26110218.0,168923472.0
2020-06-01,5.740131377799706,6.020994075184402,5.6874696220400764,5.889339685785326,28436970.0,190645104.0
2020-06-02,5.827900970732423,5.977109278718043,5.766462255679522,5.827900970732423,21331208.0,142552704.0
2020-06-03,5.827900970732423,5.915670563665141,5.6874696220400764,5.70502354062662,18880252.0,124280112.0
2020-06-04,5.713800499919891,5.775239214972793,5.617253947693903,5.678692662746804,12766176.0,82622200.0
2020-06-05,5.6435848255737175,5.6874696220400764,5.459268680415011,5.60847698840063,14952229.0,94723688.0
2020-06-08,5.564592191934271,5.652361784866989,5.441714761828468,5.468045639708284,12997411.0,81880552.0
2020-06-09,5.468045639708284,5.8366779300256955,5.468045639708284,5.722577459213163,21823462.0,141249552.0
2020-06-10,5.6874696220400764,5.748908337092978,5.511930436174642,5.60847698840063,12821844.0,81916112.0
2020-06-11,5.60847698840063,5.740131377799706,5.511930436174642,5.555815232641001,13535584.0,86936472.0
2020-06-12,5.537688595096267,5.619258476202432,5.4470553938671955,5.5286252749733595,12750506.0,78171104.0
2020-06-15,5.510498634727545,5.65551175669406,5.492371994481731,5.501435314604638,9292169.0,57230520.0
2020-06-16,5.564878555464988,5.709891677431503,5.555815235342081,5.6011318359566165,8601539.0,53237708.0
2020-06-17,5.6101951560795245,5.664575076816967,5.501435314604638,5.583005195710802,8803128.0,53876704.0
2020-06-18,5.573941875587896,5.637385116448245,5.510498634727545,5.573941875587896,7657436.0,46988800.0
2020-06-19,5.628321796325338,5.891158079889646,5.564878555464988,5.791461558537667,21755612.0,137825232.0
2020-06-22,5.746144957923131,5.97272796099581,5.6827017170627805,5.800524878660575,22658636.0,146096208.0
2020-06-23,5.755208278046038,5.963664640872903,5.664575076816967,5.945538000627088,22864856.0,147750240.0
2020-06-24,5.900221400012552,6.163057683576859,5.818651518906388,5.97272796099581,32175668.0,213581360.0
2020-06-29,5.891158079889646,5.954601320749996,5.628321796325338,5.737081637800224,20385700.0,129151968.0
2020-06-30,5.818651518906388,6.308070805543374,5.764271598168945,6.308070805543374,26839764.0,182789184.0
2020-07-01,6.634350329968032,6.688730250705475,6.144931043331046,6.317134125666281,53546000.0,378565344.0
2020-07-02,6.2627542049288385,6.879059973286524,6.208374284191395,6.616223689722217,49944384.0,359197216.0
2020-07-03,6.489337208001517,6.942503214146875,6.398704006772445,6.761236811688732,49059496.0,356393760.0
2020-07-06,6.79749009218036,7.214402817834089,6.616223689722217,6.969693174515596,56875484.0,434630976.0
2020-07-07,6.879059973286524,7.042199735498853,6.616223689722217,6.724983531197103,50047728.0,375250912.0
2020-07-08,6.67060361045966,6.960629854392689,6.661540290336752,6.8337433726719885,39944160.0,300692064.0
2020-07-09,6.688730250705475,6.915313253778153,6.60716036959931,6.897186613532339,42501096.0,316731264.0
2020-07-10,6.779363451934547,7.205339497711182,6.715920211074196,6.960629854392689,46003696.0,352748480.0
2020-07-13,6.978756494638503,7.386605900169325,6.879059973286524,7.223466137956996,39595712.0,314121184.0
2020-07-14,7.160022897096646,7.214402817834089,6.906249933655246,7.060326375744667,28843764.0,224426624.0
2020-07-15,7.132832936727925,7.767265345331425,7.11470629648211,7.522555702012933,69424200.0,582908480.0
2020-07-16,7.250656098325718,7.250656098325718,6.770300131811639,6.770300131811639,36679552.0,277453280.0
2020-07-17,6.389640686649538,6.570907089107681,6.09961444271651,6.163057683576859,36239304.0,251281760.0
2020-07-20,6.235564244560117,6.398704006772445,6.072424482347788,6.335260765912096,22028048.0,152202032.0
2020-07-21,6.380577366526632,6.561843768984774,6.3443240860350025,6.389640686649538,19939756.0,141558512.0
2020-07-22,6.380577366526632,6.552780448861868,6.2627542049288385,6.453083927509889,20151328.0,143161424.0
2020-07-23,6.362450726280817,6.453083927509889,6.1811843238226745,6.362450726280817,17160848.0,119573296.0
2020-07-24,6.317134125666281,6.407767326895353,6.027107881733253,6.045234521979067,14716669.0,100562352.0
2020-07-27,6.090551122593602,6.144931043331046,5.873031439643832,5.981791281118717,9944537.0,65914716.0
2020-07-28,6.0180445616103455,6.117741082962324,5.909284720135459,5.999917921364531,9194007.0,61050472.0
2020-07-29,5.981791281118717,6.190247643945582,5.900221400012552,6.1721210036997665,11706504.0,78589080.0
2020-07-30,6.153994363453953,6.190247643945582,6.054297842101974,6.063361162224882,10373898.0,69929264.0
2020-07-31,5.990854601241624,6.163057683576859,5.981791281118717,6.090551122593602,11983031.0,80231640.0
2020-08-03,6.1086777628394175,6.289944165297561,6.1086777628394175,6.280880845174653,13439698.0,92359024.0
2020-08-04,6.289944165297561,6.534653808616053,6.199310964068489,6.362450726280817,23898504.0,167735264.0
2020-08-05,6.326197445789189,6.335260765912096,6.1721210036997665,6.289944165297561,14764495.0,101979648.0
2020-08-06,6.308070805543374,6.444020607386982,6.199310964068489,6.407767326895353,18548008.0,129528488.0
2020-08-07,6.525590488493146,6.525590488493146,6.199310964068489,6.280880845174653,13664895.0,95132504.0
2020-08-10,6.235564244560117,6.407767326895353,6.190247643945582,6.3443240860350025,13284168.0,92642464.0
2020-08-11,6.35338740615791,6.434957287264074,6.153994363453953,6.1721210036997665,11899460.0,82922272.0
2020-08-12,6.153994363453953,6.190247643945582,5.963664640872903,6.063361162224882,11657730.0,77787152.0
2020-08-13,6.117741082962324,6.163057683576859,6.072424482347788,6.09961444271651,6404620.0,43186808.0
2020-08-14,6.09961444271651,6.09961444271651,5.963664640872903,6.09961444271651,7393043.0,49349000.0
2020-08-17,6.117741082962324,6.371514046403725,6.117741082962324,6.3443240860350025,14727924.0,101891360.0
2020-08-18,6.308070805543374,6.380577366526632,6.271817525051746,6.317134125666281,10929337.0,76445040.0
2020-08-19,6.299007485420467,6.308070805543374,6.117741082962324,6.117741082962324,11379104.0,77825104.0
2020-08-20,6.1086777628394175,6.117741082962324,6.008981241487438,6.0180445616103455,6752934.0,45127780.0
2020-08-21,5.981791281118717,6.1086777628394175,5.927411360381274,5.990854601241624,7171400.0,47601644.0
2020-08-24,5.999917921364531,5.999917921364531,5.882094759766739,5.954601320749996,5532223.0,36230344.0
2020-08-25,5.963664640872903,5.999917921364531,5.836778159152203,5.891158079889646,6392142.0,41806032.0
2020-08-26,5.882094759766739,5.891158079889646,5.664575076816967,5.6827017170627805,7365702.0,46780680.0
2020-08-27,5.700828357308596,5.78239823841476,5.619258476202432,5.764271598168945,5674632.0,35725620.0
2020-08-28,5.764271598168945,5.827714839029295,5.709891677431503,5.827714839029295,5275063.0,33573956.0
2020-08-31,5.827714839029295,5.918348040258367,5.737081637800224,5.755208278046038,6156330.0,39679636.0
2020-09-01,5.818651518906388,5.818651518906388,5.737081637800224,5.800524878660575,3593053.0,22884016.0
2020-09-02,5.791461558537667,5.818651518906388,5.709891677431503,5.78239823841476,5066908.0,32242904.0
2020-09-03,5.854904799398017,5.854904799398017,5.728018317677317,5.737081637800224,4632049.0,29605900.0
2020-09-04,5.664575076816967,5.755208278046038,5.6101951560795245,5.728018317677317,3680416.0,23155160.0
2020-09-07,5.755208278046038,5.800524878660575,5.637385116448245,5.673638396939873,5245227.0,33194330.0
2020-09-08,5.6827017170627805,5.764271598168945,5.646448436571153,5.755208278046038,3859595.0,24319174.0
2020-09-09,5.718954997554409,5.836778159152203,5.6917650371856885,5.737081637800224,6208586.0,39562856.0
2020-09-10,5.764271598168945,5.800524878660575,5.483308674358824,5.510498634727545,8268768.0,51179120.0
2020-09-11,5.510498634727545,5.573941875587896,5.483308674358824,5.564878555464988,2521124.0,15383802.0
2020-09-14,5.583005195710802,5.619258476202432,5.537688595096267,5.573941875587896,3432912.0,21107382.0
2020-09-15,5.573941875587896,5.573941875587896,5.492371994481731,5.519561954850452,2949900.0,17961070.0
2020-09-16,5.537688595096267,5.537688595096267,5.347358872515217,5.392675473129753,5267599.0,31580276.0
2020-09-17,5.383612153006846,5.410802113375566,5.2839156316548666,5.329232232269402,4318200.0,25406692.0
2020-09-18,5.320168912146495,5.5286252749733595,5.311105592023589,5.519561954850452,5436619.0,32571428.0
2020-09-21,5.5286252749733595,5.583005195710802,5.456118713990102,5.5286252749733595,7027410.0,42733120.0
2020-09-22,5.474245354235917,5.592068515833709,5.419865433498474,5.492371994481731,3828300.0,23204000.0
2020-09-23,5.501435314604638,5.537688595096267,5.437992073744288,5.46518203411301,2542600.0,15368833.0
2020-09-24,5.456118713990102,5.456118713990102,5.338295552392309,5.365485512761031,5150863.0,30634132.0
2020-09-25,5.510498634727545,5.510498634727545,5.347358872515217,5.392675473129753,2040800.0,12158280.0
2020-09-28,5.374548832883938,5.428928753621381,5.338295552392309,5.356422192638124,1765298.0,10487698.0
2020-09-29,5.383612153006846,5.410802113375566,5.338295552392309,5.347358872515217,1989853.0,11797413.0
2020-09-30,5.374548832883938,5.374548832883938,5.220472390794517,5.238599031040331,2856376.0,16662656.0
2020-10-09,5.320168912146495,5.383612153006846,5.302042271900681,5.329232232269402,2803820.0,16491541.0
2020-10-12,5.374548832883938,5.546751915219174,5.356422192638124,5.5286252749733595,5942335.0,35996248.0
2020-10-13,5.555815235342081,5.555815235342081,5.428928753621381,5.483308674358824,3757097.0,22684946.0
2020-10-14,5.483308674358824,5.483308674358824,5.40173879325266,5.410802113375566,2569600.0,15404870.0
2020-10-15,5.40173879325266,5.483308674358824,5.383612153006846,5.392675473129753,2115097.0,12662230.0
2020-10-16,5.383612153006846,5.410802113375566,5.347358872515217,5.383612153006846,1921977.0,11403611.0
2020-10-19,5.383612153006846,5.4470553938671955,5.347358872515217,5.356422192638124,2203100.0,13120528.0
2020-10-20,5.356422192638124,5.374548832883938,5.302042271900681,5.365485512761031,1876501.0,11044288.0
2020-10-21,5.392675473129753,5.392675473129753,5.338295552392309,5.347358872515217,2130800.0,12617412.0
2020-10-22,5.320168912146495,5.347358872515217,5.166092470057074,5.302042271900681,3220227.0,18763278.0
2020-10-23,5.302042271900681,5.347358872515217,5.184219110302887,5.193282430425795,2615827.0,15151760.0
2020-10-26,5.184219110302887,5.184219110302887,5.057332628582188,5.066395948705095,3554900.0,19991902.0
2020-10-27,5.039205988336374,5.166092470057074,5.0301426682134665,5.1207758694425385,2362974.0,13228358.0
2020-10-28,5.1117125493196305,5.138902509688352,5.039205988336374,5.1207758694425385,1906532.0,10719076.0
2020-10-29,5.057332628582188,5.184219110302887,5.039205988336374,5.102649229196723,2100458.0,11822861.0
2020-10-30,5.175155790179981,5.274852311531959,5.0301426682134665,5.048269308459281,3543461.0,20125776.0
2020-11-02,5.075459268828002,5.075459268828002,4.812622985263695,4.92138282673858,4045872.0,22043376.0
2020-11-03,4.9576361072302095,5.039205988336374,4.912319506615674,5.021079348090559,2652029.0,14622339.0
2020-11-04,5.021079348090559,5.075459268828002,4.939509466984395,4.9576361072302095,2463176.0,13562995.0
2020-11-05,4.984826067598931,5.039205988336374,4.9576361072302095,5.012016027967652,2445176.0,13506682.0
2020-11-06,5.057332628582188,5.066395948705095,4.975762747476024,5.021079348090559,2610302.0,14454984.0
2020-11-09,5.039205988336374,5.220472390794517,5.021079348090559,5.2023457505487025,6265801.0,35528588.0
2020-11-10,5.247662351163238,5.256725671286145,5.129839189565446,5.157029149934167,4586141.0,26284702.0
2020-11-11,5.193282430425795,5.2023457505487025,5.102649229196723,5.129839189565446,3044809.0,17256776.0
2020-11-12,5.147965829811259,5.147965829811259,5.08452258895091,5.1117125493196305,2082609.0,11755732.0
2020-11-13,5.1117125493196305,5.147965829811259,5.066395948705095,5.102649229196723,1958400.0,11027373.0
2020-11-16,5.129839189565446,5.157029149934167,5.093585909073816,5.147965829811259,2377000.0,13466942.0
2020-11-17,5.166092470057074,5.21140907067161,5.1117125493196305,5.21140907067161,3510878.0,20028968.0
2020-11-18,5.2023457505487025,5.365485512761031,5.184219110302887,5.311105592023589,7503787.0,43698152.0
2020-11-19,5.302042271900681,5.510498634727545,5.265788991409052,5.501435314604638,8506129.0,50721116.0
2020-11-20,5.474245354235917,5.510498634727545,5.410802113375566,5.492371994481731,3994202.0,24080510.0
2020-11-23,5.474245354235917,5.519561954850452,5.40173879325266,5.4470553938671955,6031288.0,36343224.0
2020-11-24,5.437992073744288,5.4470553938671955,5.374548832883938,5.419865433498474,3859051.0,23007404.0
2020-11-25,5.410802113375566,5.456118713990102,5.365485512761031,5.365485512761031,2804669.0,16707234.0
2020-11-26,5.365485512761031,5.365485512761031,5.302042271900681,5.338295552392309,1752550.0,10307937.0
2020-11-27,5.338295552392309,5.338295552392309,5.247662351163238,5.320168912146495,3049100.0,17801700.0
2020-11-30,5.320168912146495,5.474245354235917,5.311105592023589,5.365485512761031,6192079.0,37027040.0
2020-12-01,5.347358872515217,5.583005195710802,5.265788991409052,5.519561954850452,11848748.0,71318264.0
2020-12-02,5.492371994481731,5.537688595096267,5.419865433498474,5.437992073744288,7446887.0,45058808.0
2020-12-03,5.437992073744288,5.510498634727545,5.40173879325266,5.492371994481731,5598299.0,33720856.0
2020-12-04,5.46518203411301,5.46518203411301,5.338295552392309,5.347358872515217,5745750.0,34077580.0
2020-12-07,5.338295552392309,5.383612153006846,5.274852311531959,5.2839156316548666,3555516.0,20885732.0
2020-12-08,5.2839156316548666,5.320168912146495,5.2023457505487025,5.21140907067161,3611733.0,20888926.0
2020-12-09,5.229535710917423,5.238599031040331,5.066395948705095,5.08452258895091,4128944.0,23490772.0
2020-12-10,5.066395948705095,5.1207758694425385,5.021079348090559,5.08452258895091,2289408.0,12811239.0
2020-12-11,5.057332628582188,5.138902509688352,4.966699427353117,5.048269308459281,3084796.0,17171872.0
2020-12-14,5.048269308459281,5.093585909073816,5.002952707844745,5.075459268828002,1772437.0,9894212.0
2020-12-15,5.066395948705095,5.066395948705095,4.993889387721838,5.021079348090559,1789200.0,9923817.0
2020-12-16,5.039205988336374,5.039205988336374,4.9576361072302095,4.984826067598931,1956020.0,10771899.0
2020-12-17,5.002952707844745,5.147965829811259,4.930446146861488,5.1117125493196305,4038568.0,22500488.0
2020-12-18,5.093585909073816,5.184219110302887,5.0301426682134665,5.0301426682134665,3778329.0,21317348.0
2020-12-21,5.002952707844745,5.075459268828002,4.9576361072302095,5.039205988336374,2653700.0,14712468.0
2020-12-22,5.012016027967652,5.039205988336374,4.848876265755323,4.876066226124045,3427809.0,18756246.0
2020-12-23,4.876066226124045,4.939509466984395,4.839812945632416,4.867002906001138,3093701.0,16652069.0
2020-12-24,4.848876265755323,4.867002906001138,4.649483223051366,4.685736503542995,5233384.0,27321186.0
2020-12-25,4.685736503542995,4.803559665140788,4.649483223051366,4.794496345017881,2779998.0,14545408.0
2020-12-28,4.794496345017881,4.794496345017881,4.694799823665901,4.740116424280438,2029903.0,10617757.0
2020-12-29,4.767306384649159,4.848876265755323,4.731053104157531,4.767306384649159,2904900.0,15345490.0
2020-12-30,4.767306384649159,4.812622985263695,4.731053104157531,4.749179744403345,2063100.0,10851755.0
2020-12-31,4.767306384649159,4.92138282673858,4.767306384649159,4.830749625509509,3239582.0,17323206.0
2021-01-04,4.794496345017881,4.885129546246952,4.794496345017881,4.839812945632416,3456758.0,18450404.0
2021-01-05,4.848876265755323,4.848876265755323,4.740116424280438,4.767306384649159,3441294.0,18157366.0
2021-01-06,4.767306384649159,4.7854330248949735,4.685736503542995,4.721989784034624,2299938.0,11978756.0
2021-01-07,4.758243064526252,4.758243064526252,4.504470101084852,4.567913341945202,5078418.0,25691310.0
2021-01-08,4.567913341945202,4.586039982191016,4.450090180347409,4.531660061453573,3022247.0,15086256.0
2021-01-11,4.549786701699388,4.549786701699388,4.422900219978688,4.441026860224502,3142339.0,15459057.0
2021-01-12,4.468216820593224,4.495406780961945,4.422900219978688,4.486343460839038,1933914.0,9515117.0
2021-01-13,4.486343460839038,4.486343460839038,4.314140378503802,4.359456979118337,3279908.0,15824473.0
2021-01-14,4.395710259609966,4.441026860224502,4.268823777889266,4.404773579732874,3066540.0,14715519.0
2021-01-15,4.404773579732874,4.486343460839038,4.368520299241245,4.486343460839038,2508938.0,12324783.0
2021-01-18,4.468216820593224,4.567913341945202,4.441026860224502,4.495406780961945,2537700.0,12636968.0
2021-01-19,4.495406780961945,4.6313565828055525,4.468216820593224,4.60416662243683,4072900.0,20595440.0
2021-01-20,4.576976662068109,4.60416662243683,4.513533421207759,4.5407233815764805,3102200.0,15552380.0
2021-01-21,4.522596741330666,4.60416662243683,4.486343460839038,4.5407233815764805,3045966.0,15272468.0
2021-01-22,4.5407233815764805,4.993889387721838,4.477280140716131,4.776369704772066,16097493.0,86730776.0
2021-01-25,4.667609863297181,4.694799823665901,4.4591535004703164,4.486343460839038,10518414.0,53125464.0
2021-01-26,4.477280140716131,4.477280140716131,4.368520299241245,4.368520299241245,4045900.0,19696202.0
2021-01-27,4.368520299241245,4.441026860224502,4.332267018749617,4.368520299241245,2498585.0,12083525.0
2021-01-28,4.332267018749617,4.558850021822295,4.332267018749617,4.4591535004703164,4919158.0,24092084.0
2021-01-29,4.413836899855781,4.441026860224502,4.332267018749617,4.35039365899543,3899323.0,18796384.0
2021-02-01,4.286950418135081,4.286950418135081,3.915354293095888,3.978797533956237,8758030.0,38865792.0
2021-02-02,3.9606708937104234,4.0513040949394945,3.9425442534646087,3.987860854079145,2733738.0,12064482.0
2021-02-03,3.987860854079145,4.0513040949394945,3.9606708937104234,3.9697342138333305,2694450.0,11896634.0
2021-02-04,3.9516075735875162,3.9697342138333305,3.8428477321126304,3.915354293095888,2811939.0,12067017.0
2021-02-05,3.8700376924813513,3.996924174202052,3.8700376924813513,3.9516075735875162,2613613.0,11347662.0
2021-02-08,3.924417613218795,3.9334809333417016,3.8519110522355375,3.860974372358444,2160454.0,9266550.0
2021-02-09,3.8700376924813513,4.015050814447866,3.8519110522355375,3.996924174202052,2108434.0,9168346.0
2021-02-10,4.005987494324959,4.03317745469368,3.9697342138333305,4.005987494324959,1294300.0,5709973.5
2021-02-18,4.024114134570773,4.16006393641438,4.024114134570773,4.105684015676938,2350216.0,10647249.0
2021-02-19,4.114747335799844,4.259760457766359,4.09662069555403,4.241633817520545,3339644.0,15531403.0
2021-02-22,4.241633817520545,4.413836899855781,4.223507177274731,4.314140378503802,4486399.0,21432138.0
2021-02-23,4.35039365899543,4.35039365899543,4.241633817520545,4.268823777889266,2494862.0,11788745.0
2021-02-24,4.286950418135081,4.332267018749617,4.259760457766359,4.277887098012173,2612912.0,12387764.0
2021-02-25,4.314140378503802,4.35039365899543,4.241633817520545,4.259760457766359,2582253.0,12251639.0
2021-02-26,4.223507177274731,4.286950418135081,4.2144438571518235,4.223507177274731,1918943.0,8990255.0
2021-03-01,4.268823777889266,4.332267018749617,4.232570497397638,4.286950418135081,2020142.0,9525095.0
2021-03-02,4.277887098012173,4.305077058380895,4.2053805370289155,4.241633817520545,2286100.0,10702272.0
2021-03-03,4.223507177274731,4.286950418135081,4.2053805370289155,4.286950418135081,2416366.0,11373351.0
2021-03-04,4.277887098012173,4.341330338872523,4.250697137643452,4.305077058380895,2825848.0,13439284.0
2021-03-05,4.286950418135081,4.422900219978688,4.277887098012173,4.368520299241245,3221900.0,15545917.0
2021-03-08,4.35039365899543,4.413836899855781,4.35039365899543,4.368520299241245,3412633.0,16482545.0
2021-03-09,4.35039365899543,4.368520299241245,4.1419372961685665,4.241633817520545,3694903.0,17298410.0
2021-03-10,4.241633817520545,4.259760457766359,4.114747335799844,4.1328739760456585,2613001.0,12029489.0
2021-03-11,4.1328739760456585,4.241633817520545,4.105684015676938,4.223507177274731,2764501.0,12743485.0
2021-03-12,4.241633817520545,4.286950418135081,4.187253896783102,4.268823777889266,2475503.0,11567877.0
2021-03-15,4.259760457766359,4.323203698626709,4.241633817520545,4.305077058380895,2692075.0,12745764.0
2021-03-16,4.305077058380895,4.377583619364152,4.286950418135081,4.359456979118337,2640606.0,12680712.0
2021-03-17,4.35039365899543,4.386646939487059,4.332267018749617,4.359456979118337,1863700.0,8964660.0
2021-03-18,4.431963540101594,4.431963540101594,4.341330338872523,4.35039365899543,2025000.0,9753293.0
2021-03-19,4.323203698626709,4.377583619364152,4.305077058380895,4.323203698626709,2885827.0,13833006.0
2021-03-22,4.332267018749617,4.431963540101594,4.332267018749617,4.422900219978688,2628659.0,12732379.0
2021-03-23,4.7129264639117165,4.857939585878231,4.404773579732874,4.413836899855781,10130087.0,51039172.0
2021-03-24,4.323203698626709,4.395710259609966,4.268823777889266,4.314140378503802,5790187.0,27627698.0
2021-03-25,4.2960137382579875,4.359456979118337,4.232570497397638,4.323203698626709,3158801.0,15078624.0
2021-03-26,4.305077058380895,4.377583619364152,4.305077058380895,4.359456979118337,2365501.0,11356908.0
2021-03-29,4.35039365899543,4.377583619364152,4.250697137643452,4.268823777889266,3758590.0,17876836.0
2021-03-30,4.286950418135081,4.286950418135081,4.16006393641438,4.178190576660195,3490181.0,16131280.0
2021-03-31,4.178190576660195,4.2144438571518235,4.1419372961685665,4.2144438571518235,2329375.0,10766096.0
2021-04-01,4.232570497397638,4.250697137643452,4.169127256537287,4.2144438571518235,2053125.0,9529799.0
2021-04-02,4.241633817520545,4.241633817520545,4.187253896783102,4.2053805370289155,1665458.0,7727075.5
2021-04-06,4.223507177274731,4.286950418135081,4.187253896783102,4.277887098012173,2363119.0,11086202.0
2021-04-07,4.277887098012173,4.314140378503802,4.259760457766359,4.305077058380895,2074500.0,9810812.0
2021-04-08,4.314140378503802,4.314140378503802,4.250697137643452,4.259760457766359,2145825.0,10142518.0
2021-04-09,4.277887098012173,4.286950418135081,4.241633817520545,4.259760457766359,1599800.0,7527141.0
2021-04-12,4.259760457766359,4.259760457766359,4.187253896783102,4.2144438571518235,1722000.0,8043592.0
2021-04-13,4.196317216906009,4.223507177274731,4.169127256537287,4.178190576660195,1796100.0,8283549.0
2021-04-14,4.178190576660195,4.323203698626709,4.169127256537287,4.2960137382579875,2778400.0,13046637.0
2021-04-15,4.277887098012173,4.377583619364152,4.277887098012173,4.35039365899543,4380041.0,20984666.0
2021-04-16,4.332267018749617,4.468216820593224,4.323203698626709,4.441026860224502,5245859.0,25637964.0
2021-04-19,4.450090180347409,4.576976662068109,4.422900219978688,4.5407233815764805,6526516.0,32440742.0
2021-04-20,4.522596741330666,4.549786701699388,4.441026860224502,4.450090180347409,4168600.0,20660218.0
2021-04-21,4.477280140716131,4.495406780961945,4.395710259609966,4.441026860224502,2563100.0,12561130.0
2021-04-22,4.468216820593224,4.468216820593224,4.413836899855781,4.422900219978688,1533100.0,7510084.0
2021-04-23,4.441026860224502,4.567913341945202,4.413836899855781,4.4591535004703164,5868809.0,29009560.0
2021-04-26,4.422900219978688,4.422900219978688,4.223507177274731,4.314140378503802,4674200.0,22263816.0
2021-04-27,4.332267018749617,4.332267018749617,4.169127256537287,4.241633817520545,4182507.0,19515850.0
2021-04-28,4.2960137382579875,4.2960137382579875,4.187253896783102,4.241633817520545,2089800.0,9748403.0
2021-04-29,4.2053805370289155,4.314140378503802,4.2053805370289155,4.268823777889266,2351001.0,11076544.0
2021-04-30,4.323203698626709,4.323203698626709,4.196317216906009,4.232570497397638,2276165.0,10644988.0
2021-05-06,4.232570497397638,4.305077058380895,4.232570497397638,4.277887098012173,2170714.0,10236073.0
2021-05-07,4.277887098012173,4.359456979118337,4.268823777889266,4.332267018749617,2543951.0,12097807.0
2021-05-10,4.314140378503802,4.35039365899543,4.2960137382579875,4.332267018749617,2614106.0,12461396.0
2021-05-11,4.314140378503802,4.504470101084852,4.305077058380895,4.486343460839038,6247486.0,30449166.0
2021-05-12,4.4591535004703164,4.468216820593224,4.404773579732874,4.450090180347409,3760326.0,18399828.0
2021-05-13,4.413836899855781,4.504470101084852,4.413836899855781,4.422900219978688,3530158.0,17367714.0
2021-05-14,4.404773579732874,4.613229942559737,4.404773579732874,4.60416662243683,10991241.0,55269804.0
2021-05-17,4.558850021822295,4.576976662068109,4.422900219978688,4.441026860224502,6624166.0,32676818.0
2021-05-18,4.422900219978688,4.731053104157531,4.422900219978688,4.64041990292846,12207517.0,61853152.0
2021-05-19,4.6222932626826445,4.721989784034624,4.586039982191016,4.658546543174273,8680083.0,44596400.0
2021-05-20,4.649483223051366,4.667609863297181,4.513533421207759,4.6313565828055525,7324302.0,37083636.0
2021-05-21,4.6222932626826445,4.6222932626826445,4.531660061453573,4.558850021822295,5302877.0,26710438.0
2021-05-24,4.5407233815764805,4.6313565828055525,4.5407233815764805,4.576976662068109,4445530.0,22515204.0
2021-05-25,4.576976662068109,4.758243064526252,4.513533421207759,4.721989784034624,12140847.0,62760432.0
2021-05-26,4.676673183420088,4.721989784034624,4.6313565828055525,4.64041990292846,7840701.0,40422892.0
2021-05-27,4.6313565828055525,4.685736503542995,4.60416662243683,4.6222932626826445,4628546.0,23681320.0
2021-05-28,4.6222932626826445,4.685736503542995,4.586039982191016,4.6222932626826445,5426143.0,27701272.0
2021-05-31,4.6222932626826445,4.649483223051366,4.558850021822295,4.595103302313924,5452827.0,27640716.0
2021-06-01,4.60416662243683,4.6313565828055525,4.576976662068109,4.60416662243683,3389496.0,17203572.0
2021-06-02,4.595103302313924,4.658546543174273,4.567913341945202,4.595103302313924,4041901.0,20538050.0
2021-06-03,4.576976662068109,4.667609863297181,4.576976662068109,4.658546543174273,4988401.0,25524578.0
2021-06-04,4.649483223051366,4.667609863297181,4.595103302313924,4.60416662243683,3684596.0,18781448.0
2021-06-07,4.60416662243683,4.6313565828055525,4.576976662068109,4.60416662243683,2463710.0,12527462.0
2021-06-08,4.60416662243683,4.64041990292846,4.531660061453573,4.64041990292846,5258503.0,26614816.0
2021-06-09,4.60416662243683,4.658546543174273,4.576976662068109,4.60416662243683,3548537.0,18041954.0
2021-06-10,4.60416662243683,4.6313565828055525,4.576976662068109,4.586039982191016,3094800.0,15699235.0
2021-06-11,4.6222932626826445,4.758243064526252,4.586039982191016,4.586039982191016,6910810.0,35515144.0
2021-06-15,4.5407233815764805,4.558850021822295,4.431963540101594,4.441026860224502,5457850.0,26951152.0
2021-06-16,4.431963540101594,4.477280140716131,4.422900219978688,4.450090180347409,2528472.0,12422115.0
2021-06-17,4.4591535004703164,4.477280140716131,4.422900219978688,4.431963540101594,2055210.0,10088770.0
2021-06-18,4.422900219978688,4.468216820593224,4.368520299241245,4.4591535004703164,2176503.0,10614051.0
2021-06-21,4.441026860224502,4.549786701699388,4.441026860224502,4.504470101084852,2869418.0,14305287.0
2021-06-22,4.504470101084852,4.576976662068109,4.504470101084852,4.558850021822295,3890075.0,19517740.0
2021-06-23,4.558850021822295,4.60416662243683,4.531660061453573,4.576976662068109,3122100.0,15741482.0
2021-06-24,4.576976662068109,4.6222932626826445,4.5407233815764805,4.60416662243683,3349918.0,16966874.0
2021-06-25,4.60416662243683,4.676673183420088,4.586039982191016,4.667609863297181,4343701.0,22262712.0
2021-06-28,4.7129264639117165,4.721989784034624,4.595103302313924,4.6313565828055525,3262800.0,16682557.0
2021-06-29,4.6222932626826445,4.667609863297181,4.504470101084852,4.531660061453573,3275400.0,16473271.0
2021-06-30,4.522596741330666,4.595103302313924,4.522596741330666,4.595103302313924,2085510.0,10501052.0
2021-07-01,4.6222932626826445,4.6222932626826445,4.486343460839038,4.495406780961945,2492600.0,12560678.0
2021-07-02,4.504470101084852,4.595103302313924,4.477280140716131,4.486343460839038,2364802.0,11815108.0
2021-07-05,4.486343460839038,4.613229942559737,4.486343460839038,4.60416662243683,3671301.0,18429528.0
2021-07-06,4.586039982191016,4.64041990292846,4.567913341945202,4.64041990292846,2559589.0,12996214.0
2021-07-07,4.64041990292846,4.676673183420088,4.576976662068109,4.60416662243683,2922010.0,14886683.0
2021-07-08,4.613229942559737,4.6222932626826445,4.504470101084852,4.513533421207759,3707401.0,18595396.0
2021-07-09,4.504470101084852,4.558850021822295,4.504470101084852,4.531660061453573,2615900.0,13052345.0
2021-07-12,4.531660061453573,4.6313565828055525,4.531660061453573,4.6222932626826445,5039960.0,25589270.0
2021-07-13,4.613229942559737,4.649483223051366,4.595103302313924,4.6313565828055525,3726401.0,19012442.0
2021-07-14,4.613229942559737,4.6222932626826445,4.567913341945202,4.595103302313924,3012001.0,15258767.0
2021-07-15,4.576976662068109,4.595103302313924,4.477280140716131,4.504470101084852,4322619.0,21519728.0
2021-07-16,4.495406780961945,4.504470101084852,4.450090180347409,4.450090180347409,3772810.0,18621142.0
2021-07-19,4.4591535004703164,4.486343460839038,4.431963540101594,4.468216820593224,2898401.0,14257082.0
2021-07-20,4.441026860224502,4.477280140716131,4.422900219978688,4.468216820593224,1897726.0,9304470.0
2021-07-21,4.4591535004703164,4.504470101084852,4.4591535004703164,4.477280140716131,2046300.0,10114759.0
2021-07-22,4.477280140716131,4.5407233815764805,4.4591535004703164,4.531660061453573,3369936.0,16782918.0
2021-07-23,4.531660061453573,4.567913341945202,4.468216820593224,4.486343460839038,3144654.0,15668548.0
2021-07-26,4.495406780961945,4.495406780961945,4.368520299241245,4.377583619364152,3092300.0,15081212.0
2021-07-27,4.395710259609966,4.395710259609966,4.169127256537287,4.196317216906009,5145004.0,24281224.0
2021-07-28,4.187253896783102,4.196317216906009,4.0603674150624025,4.078494055308216,3601776.0,16308478.0
2021-07-29,4.105684015676938,4.123810655922751,4.078494055308216,4.114747335799844,2431301.0,11008920.0
2021-07-30,4.151000616291474,4.178190576660195,4.114747335799844,4.151000616291474,3635508.0,16623016.0
2021-08-02,4.1328739760456585,4.232570497397638,4.09662069555403,4.223507177274731,3592396.0,16513584.0
2021-08-03,4.223507177274731,4.277887098012173,4.196317216906009,4.2144438571518235,2916550.0,13638349.0
2021-08-04,4.2053805370289155,4.323203698626709,4.2053805370289155,4.277887098012173,4026962.0,18966702.0
2021-08-05,4.250697137643452,4.305077058380895,4.2144438571518235,4.241633817520545,2597662.0,12181383.0
2021-08-06,4.223507177274731,4.305077058380895,4.2053805370289155,4.250697137643452,2995495.0,14090923.0
2021-08-09,4.268823777889266,4.323203698626709,4.223507177274731,4.268823777889266,4533401.0,21438400.0
2021-08-10,4.2960137382579875,4.314140378503802,4.232570497397638,4.2960137382579875,3873561.0,18305904.0
2021-08-11,4.286950418135081,4.305077058380895,4.241633817520545,4.2960137382579875,3344795.0,15785373.0
2021-08-12,4.2960137382579875,4.341330338872523,4.277887098012173,4.286950418135081,3219117.0,15279455.0
2021-08-13,4.277887098012173,4.323203698626709,4.259760457766359,4.305077058380895,3176828.0,15034421.0
2021-08-16,4.305077058380895,4.314140378503802,4.286950418135081,4.2960137382579875,2679464.0,12707207.0
2021-08-17,4.286950418135081,4.332267018749617,4.196317216906009,4.2053805370289155,3887094.0,18348858.0
2021-08-18,4.196317216906009,4.368520299241245,4.169127256537287,4.359456979118337,8218318.0,38921432.0
2021-08-19,4.314140378503802,4.368520299241245,4.286950418135081,4.332267018749617,4875411.0,23211784.0
2021-08-20,4.332267018749617,4.332267018749617,4.250697137643452,4.314140378503802,3206621.0,15184426.0
2021-08-23,4.332267018749617,4.368520299241245,4.314140378503802,4.359456979118337,3672100.0,17606008.0
2021-08-24,4.35039365899543,4.377583619364152,4.323203698626709,4.35039365899543,4961567.0,23828082.0
2021-08-25,4.359456979118337,4.431963540101594,4.332267018749617,4.422900219978688,4902854.0,23721114.0
2021-08-26,4.395710259609966,4.486343460839038,4.377583619364152,4.422900219978688,4042803.0,19802394.0
2021-08-27,4.422900219978688,4.468216820593224,4.359456979118337,4.431963540101594,4275924.0,20825882.0
2021-08-30,4.422900219978688,4.4591535004703164,4.386646939487059,4.404773579732874,4091755.0,19964950.0
2021-08-31,4.422900219978688,4.441026860224502,4.305077058380895,4.441026860224502,6426201.0,30987534.0
2021-09-01,4.413836899855781,4.549786701699388,4.368520299241245,4.495406780961945,8687342.0,42910424.0
2021-09-02,4.504470101084852,4.513533421207759,4.441026860224502,4.495406780961945,5168300.0,25543644.0
2021-09-03,4.5407233815764805,4.586039982191016,4.495406780961945,4.522596741330666,5965829.0,29837302.0
2021-09-06,4.495406780961945,4.558850021822295,4.486343460839038,4.531660061453573,3801255.0,18973452.0
2021-09-07,4.531660061453573,4.576976662068109,4.504470101084852,4.567913341945202,4851237.0,24299690.0
2021-09-08,4.567913341945202,4.658546543174273,4.549786701699388,4.658546543174273,7607920.0,38742636.0
2021-09-09,4.64041990292846,4.676673183420088,4.613229942559737,4.64041990292846,3804529.0,19477198.0
2021-09-10,4.6222932626826445,4.685736503542995,4.549786701699388,4.567913341945202,5082840.0,25921584.0
2021-09-13,4.586039982191016,4.649483223051366,4.549786701699388,4.649483223051366,5547027.0,28183824.0
2021-09-14,4.64041990292846,4.667609863297181,4.531660061453573,4.549786701699388,5821859.0,29483982.0
2021-09-15,4.549786701699388,4.685736503542995,4.5407233815764805,4.676673183420088,8084792.0,41366620.0
2021-09-16,4.667609863297181,4.694799823665901,4.558850021822295,4.567913341945202,5486747.0,27945034.0
2021-09-17,4.576976662068109,4.6222932626826445,4.495406780961945,4.613229942559737,5304686.0,26699602.0
2021-09-22,4.567913341945202,4.576976662068109,4.522596741330666,4.558850021822295,3186520.0,15981085.0
2021-09-23,4.558850021822295,4.649483223051366,4.558850021822295,4.649483223051366,4806000.0,24455746.0
2021-09-24,4.649483223051366,4.649483223051366,4.513533421207759,4.513533421207759,4076200.0,20608288.0
2021-09-27,4.531660061453573,4.5407233815764805,4.314140378503802,4.359456979118337,5069220.0,24717308.0
2021-09-28,4.368520299241245,4.404773579732874,4.323203698626709,4.359456979118337,2340392.0,11272044.0
2021-09-29,4.332267018749617,4.35039365899543,4.286950418135081,4.286950418135081,3047647.0,14495247.0
2021-09-30,4.286950418135081,4.404773579732874,4.286950418135081,4.368520299241245,3032502.0,14549772.0
2021-10-08,4.386646939487059,4.522596741330666,4.386646939487059,4.504470101084852,4875208.0,24086790.0
2021-10-11,4.504470101084852,4.567913341945202,4.468216820593224,4.5407233815764805,3160801.0,15774874.0
2021-10-12,4.531660061453573,4.549786701699388,4.4591535004703164,4.495406780961945,2427850.0,12037427.0
2021-10-13,4.513533421207759,4.522596741330666,4.413836899855781,4.4591535004703164,2174750.0,10707425.0
2021-10-14,4.441026860224502,4.468216820593224,4.413836899855781,4.441026860224502,2276200.0,11159299.0
2021-10-15,4.4591535004703164,4.4591535004703164,4.377583619364152,4.395710259609966,2568754.0,12491905.0
2021-10-18,4.395710259609966,4.450090180347409,4.368520299241245,4.450090180347409,2592701.0,12625369.0
2021-10-19,4.450090180347409,4.450090180347409,4.341330338872523,4.341330338872523,2819200.0,13680000.0
2021-10-20,4.35039365899543,4.359456979118337,4.305077058380895,4.314140378503802,2372300.0,11325881.0
2021-10-21,4.305077058380895,4.359456979118337,4.277887098012173,4.286950418135081,3035800.0,14429925.0
2021-10-22,4.268823777889266,4.2960137382579875,4.223507177274731,4.250697137643452,2420100.0,11363665.0
2021-10-25,4.250697137643452,4.250697137643452,4.196317216906009,4.250697137643452,1931701.0,9006703.0
2021-10-26,4.286950418135081,4.377583619364152,4.232570497397638,4.305077058380895,4351701.0,20716118.0
2021-10-27,4.268823777889266,4.277887098012173,4.123810655922751,4.151000616291474,5020600.0,23137758.0
2021-10-28,4.151000616291474,4.268823777889266,4.087557375431123,4.2144438571518235,6648700.0,30747940.0
2021-10-29,4.2144438571518235,4.277887098012173,4.151000616291474,4.241633817520545,3714703.0,17286524.0
2021-11-01,4.241633817520545,4.314140378503802,4.2144438571518235,4.305077058380895,3000500.0,14174657.0
2021-11-02,4.305077058380895,4.314140378503802,4.178190576660195,4.2144438571518235,3029801.0,14191525.0
2021-11-03,4.2144438571518235,4.232570497397638,4.169127256537287,4.2144438571518235,1788101.0,8295088.5
2021-11-04,4.2144438571518235,4.241633817520545,4.196317216906009,4.241633817520545,1757138.0,8184076.0
2021-11-05,4.241633817520545,4.241633817520545,4.2053805370289155,4.232570497397638,1776258.0,8278647.5
2021-11-08,4.223507177274731,4.277887098012173,4.187253896783102,4.268823777889266,2053106.0,9614526.0
2021-11-09,4.259760457766359,4.377583619364152,4.241633817520545,4.35039365899543,4164400.0,19854002.0
2021-11-10,4.35039365899543,4.404773579732874,4.314140378503802,4.395710259609966,4047259.0,19489898.0
2021-11-11,4.377583619364152,4.450090180347409,4.359456979118337,4.431963540101594,4344789.0,21176808.0
2021-11-12,4.422900219978688,4.441026860224502,4.386646939487059,4.422900219978688,2576000.0,12545880.0
2021-11-15,4.422900219978688,4.441026860224502,4.395710259609966,4.441026860224502,2956550.0,14404470.0
2021-11-16,4.422900219978688,4.441026860224502,4.386646939487059,4.413836899855781,2896602.0,14097261.0
2021-11-17,4.413836899855781,4.495406780961945,4.404773579732874,4.477280140716131,3733855.0,18412672.0
2021-11-18,4.468216820593224,4.477280140716131,4.386646939487059,4.395710259609966,2345901.0,11477343.0
2021-11-19,4.404773579732874,4.4591535004703164,4.377583619364152,4.4591535004703164,2318100.0,11336392.0
2021-11-22,4.450090180347409,4.477280140716131,4.441026860224502,4.468216820593224,3096600.0,15241456.0
2021-11-23,4.4591535004703164,4.586039982191016,4.4591535004703164,4.549786701699388,6880460.0,34455736.0
2021-11-24,4.549786701699388,4.549786701699388,4.477280140716131,4.513533421207759,4859371.0,24149914.0
2021-11-25,4.522596741330666,4.549786701699388,4.477280140716131,4.531660061453573,3150101.0,15721904.0
2021-11-26,4.513533421207759,4.549786701699388,4.450090180347409,4.522596741330666,4596200.0,22833104.0
2021-11-29,4.450090180347409,4.468216820593224,4.359456979118337,4.404773579732874,5420571.0,26311532.0
2021-11-30,4.404773579732874,4.776369704772066,4.386646939487059,4.658546543174273,18134884.0,92708848.0
2021-12-01,4.595103302313924,5.1207758694425385,4.586039982191016,5.1207758694425385,23522516.0,129052696.0
2021-12-02,5.338295552392309,5.419865433498474,5.012016027967652,5.1207758694425385,47521204.0,273008640.0
2021-12-03,5.129839189565446,5.193282430425795,4.903256186492767,4.930446146861488,27715376.0,154141296.0
2021-12-06,4.930446146861488,4.966699427353117,4.821686305386603,4.839812945632416,15009126.0,80881888.0
2021-12-07,4.857939585878231,4.912319506615674,4.767306384649159,4.912319506615674,11393980.0,61014976.0
2021-12-08,4.903256186492767,4.92138282673858,4.803559665140788,4.885129546246952,10111210.0,54146336.0
2021-12-09,4.794496345017881,4.885129546246952,4.776369704772066,4.839812945632416,9439158.0,50348928.0
2021-12-10,4.848876265755323,4.885129546246952,4.758243064526252,4.767306384649159,7429525.0,39471548.0
2021-12-13,4.803559665140788,4.821686305386603,4.721989784034624,4.749179744403345,7300782.0,38326152.0
2021-12-14,4.758243064526252,4.89419286636986,4.7129264639117165,4.885129546246952,10761001.0,57427684.0
2021-12-15,4.876066226124045,4.993889387721838,4.839812945632416,4.89419286636986,10663644.0,57913080.0
2021-12-16,4.89419286636986,5.2023457505487025,4.867002906001138,5.039205988336374,15538519.0,85941552.0
2021-12-17,5.048269308459281,5.1207758694425385,4.966699427353117,5.08452258895091,11311250.0,63070436.0
2021-12-20,5.039205988336374,5.138902509688352,4.948572787107302,4.975762747476024,10320208.0,57229268.0
2021-12-21,4.984826067598931,5.066395948705095,4.939509466984395,5.048269308459281,8850435.0,48886868.0
2021-12-22,5.012016027967652,5.1117125493196305,4.975762747476024,5.012016027967652,8284600.0,45972352.0
2021-12-23,5.021079348090559,5.093585909073816,4.885129546246952,4.903256186492767,8214500.0,45018312.0
2021-12-24,4.89419286636986,4.939509466984395,4.7854330248949735,4.803559665140788,6749500.0,35988420.0
2021-12-27,4.776369704772066,4.9576361072302095,4.731053104157531,4.89419286636986,6667001.0,35737076.0
2021-12-28,4.885129546246952,4.912319506615674,4.830749625509509,4.885129546246952,4056920.0,21803772.0
2021-12-29,4.857939585878231,5.075459268828002,4.812622985263695,4.9576361072302095,7027571.0,38435624.0
2021-12-30,4.939509466984395,5.157029149934167,4.939509466984395,5.08452258895091,12601682.0,70618216.0
2021-12-31,5.08452258895091,5.102649229196723,4.993889387721838,5.048269308459281,6590922.0,36711880.0
2022-01-04,5.066395948705095,5.302042271900681,5.021079348090559,5.256725671286145,12701522.0,73107096.0
2022-01-05,5.256725671286145,5.347358872515217,5.166092470057074,5.2839156316548666,9436796.0,54687476.0
2022-01-06,5.256725671286145,5.320168912146495,5.193282430425795,5.229535710917423,7043301.0,40816544.0
2022-01-07,5.21140907067161,5.274852311531959,5.075459268828002,5.1117125493196305,7985769.0,45534496.0
2022-01-10,5.08452258895091,5.184219110302887,5.075459268828002,5.1117125493196305,5730729.0,32354490.0
2022-01-11,5.102649229196723,5.184219110302887,5.039205988336374,5.066395948705095,7229800.0,40730788.0
2022-01-12,5.102649229196723,5.21140907067161,5.039205988336374,5.2023457505487025,7767875.0,44238712.0
2022-01-13,5.193282430425795,5.256725671286145,5.129839189565446,5.157029149934167,5649597.0,32300336.0
2022-01-14,5.147965829811259,5.175155790179981,4.930446146861488,4.939509466984395,7453400.0,41413336.0
2022-01-17,4.984826067598931,5.066395948705095,4.9576361072302095,5.021079348090559,5540157.0,30614672.0
2022-01-18,5.039205988336374,5.048269308459281,4.848876265755323,4.876066226124045,7448360.0,40307384.0
2022-01-19,4.876066226124045,5.012016027967652,4.857939585878231,4.912319506615674,5621567.0,30558448.0
2022-01-20,4.930446146861488,4.9576361072302095,4.758243064526252,4.776369704772066,7200360.0,38365296.0
2022-01-21,4.803559665140788,4.848876265755323,4.731053104157531,4.794496345017881,4732170.0,25042110.0
2022-01-24,4.7854330248949735,4.803559665140788,4.649483223051366,4.676673183420088,5072674.0,26407548.0
2022-01-25,4.731053104157531,4.731053104157531,4.450090180347409,4.4591535004703164,6418561.0,32224554.0
2022-01-26,4.477280140716131,4.558850021822295,4.450090180347409,4.531660061453573,4273301.0,21249324.0
2022-01-27,4.531660061453573,4.567913341945202,4.377583619364152,4.395710259609966,5970460.0,29285360.0
2022-01-28,4.413836899855781,4.531660061453573,4.377583619364152,4.4591535004703164,5016240.0,24707388.0
2022-02-07,4.504470101084852,4.576976662068109,4.468216820593224,4.549786701699388,6283501.0,31423280.0
2022-02-08,4.567913341945202,4.830749625509509,4.5407233815764805,4.830749625509509,10202902.0,53170176.0
2022-02-09,4.821686305386603,4.867002906001138,4.767306384649159,4.7854330248949735,5601494.0,29689264.0
2022-02-10,4.776369704772066,4.839812945632416,4.721989784034624,4.767306384649159,5998299.0,31587172.0
2022-02-11,4.767306384649159,4.7854330248949735,4.676673183420088,4.703863143788809,4974000.0,25905506.0
2022-02-14,4.658546543174273,4.776369704772066,4.649483223051366,4.721989784034624,5814107.0,30295548.0
2022-02-15,4.740116424280438,4.749179744403345,4.6313565828055525,4.667609863297181,6007268.0,30992380.0
2022-02-16,4.7129264639117165,4.876066226124045,4.685736503542995,4.857939585878231,10699732.0,56813028.0
2022-02-17,4.857939585878231,5.347358872515217,4.776369704772066,5.347358872515217,25762780.0,146770608.0
2022-02-18,5.175155790179981,5.247662351163238,5.048269308459281,5.166092470057074,37627984.0,213128752.0
2022-02-21,5.147965829811259,5.311105592023589,5.1207758694425385,5.274852311531959,24308628.0,140010176.0
2022-02-22,5.220472390794517,5.628321796325338,5.184219110302887,5.365485512761031,31386624.0,188510096.0
2022-02-23,5.428928753621381,5.900221400012552,5.2839156316548666,5.900221400012552,34087424.0,211724720.0
2022-02-24,5.900221400012552,6.444020607386982,5.573941875587896,5.6011318359566165,65927404.0,435284192.0
2022-02-25,5.737081637800224,6.163057683576859,5.737081637800224,6.163057683576859,19240936.0,129303696.0
2022-02-28,6.453083927509889,6.48027388787861,5.728018317677317,5.945538000627088,56358264.0,370371232.0
2022-03-01,5.6011318359566165,5.619258476202432,5.347358872515217,5.347358872515217,14386900.0,85838992.0
2022-03-02,4.993889387721838,5.5286252749733595,4.993889387721838,5.374548832883938,44555340.0,255999248.0
2022-03-03,5.347358872515217,5.6101951560795245,5.292978951777774,5.519561954850452,37471288.0,226239488.0
2022-03-04,5.437992073744288,5.564878555464988,5.302042271900681,5.410802113375566,27153188.0,162104400.0
2022-03-07,5.347358872515217,5.700828357308596,5.302042271900681,5.46518203411301,27353214.0,167400560.0
2022-03-08,5.4470553938671955,5.592068515833709,5.2839156316548666,5.392675473129753,20350132.0,121800432.0
2022-03-09,5.320168912146495,5.519561954850452,5.1207758694425385,5.410802113375566,24190016.0,143508320.0
2022-03-10,5.519561954850452,5.664575076816967,5.320168912146495,5.501435314604638,24078040.0,145886032.0
2022-03-11,5.347358872515217,5.619258476202432,5.311105592023589,5.537688595096267,21505564.0,130476296.0
2022-03-14,5.519561954850452,5.764271598168945,5.456118713990102,5.573941875587896,26058248.0,161037072.0
2022-03-15,5.537688595096267,5.564878555464988,5.075459268828002,5.1207758694425385,29755576.0,174701216.0
2022-03-16,5.2023457505487025,5.637385116448245,5.2023457505487025,5.637385116448245,42612228.0,259735424.0
2022-03-17,5.646448436571153,5.800524878660575,5.564878555464988,5.673638396939873,46423456.0,290644928.0
2022-03-18,5.573941875587896,5.827714839029295,5.573941875587896,5.764271598168945,30396236.0,191390720.0
2022-03-21,6.3443240860350025,6.3443240860350025,6.3443240860350025,6.3443240860350025,5867852.0,41074964.0
2022-03-22,6.978756494638503,6.978756494638503,6.978756494638503,6.978756494638503,16034157.0,123463008.0
2022-03-23,7.069389695867574,7.069389695867574,6.280880845174653,6.280880845174653,77575600.0,561880640.0
2022-03-24,5.945538000627088,6.072424482347788,5.78239823841476,5.882094759766739,44871808.0,291816256.0
2022-03-25,5.827714839029295,6.244627564683024,5.827714839029295,6.117741082962324,50661624.0,335578176.0
2022-03-28,5.954601320749996,6.027107881733253,5.718954997554409,5.827714839029295,34431712.0,222060912.0
2022-03-29,5.791461558537667,5.800524878660575,5.492371994481731,5.564878555464988,26257832.0,162903104.0
2022-03-30,5.564878555464988,5.836778159152203,5.537688595096267,5.737081637800224,23648744.0,149075888.0
2022-03-31,5.646448436571153,5.927411360381274,5.628321796325338,5.809588198783481,26231566.0,168518864.0
2022-04-01,5.728018317677317,6.1811843238226745,5.709891677431503,5.963664640872903,34397864.0,227050560.0
2022-04-06,5.954601320749996,6.135867723208138,5.836778159152203,5.981791281118717,26248174.0,173764608.0
2022-04-07,5.927411360381274,5.981791281118717,5.718954997554409,5.718954997554409,19266560.0,124068784.0
2022-04-08,5.737081637800224,5.84584147927511,5.564878555464988,5.628321796325338,16370710.0,102241496.0
2022-04-11,5.619258476202432,5.637385116448245,5.347358872515217,5.40173879325266,16525111.0,100238496.0
2022-04-12,5.392675473129753,5.709891677431503,5.311105592023589,5.700828357308596,20035236.0,122457728.0
2022-04-13,5.65551175669406,6.03617120185616,5.628321796325338,5.7733349182918525,28079776.0,181743808.0
2022-04-14,5.809588198783481,5.927411360381274,5.664575076816967,5.854904799398017,21023896.0,134851488.0
2022-04-15,5.854904799398017,5.854904799398017,5.4470553938671955,5.510498634727545,17992322.0,111462256.0
2022-04-18,5.510498634727545,5.510498634727545,5.265788991409052,5.356422192638124,11606384.0,68483424.0
2022-04-19,5.383612153006846,5.564878555464988,5.338295552392309,5.510498634727545,13275854.0,80296864.0
2022-04-20,5.501435314604638,5.809588198783481,5.46518203411301,5.583005195710802,16280062.0,101545488.0
2022-04-21,5.510498634727545,5.6101951560795245,5.274852311531959,5.338295552392309,19728232.0,117794680.0
2022-04-22,5.166092470057074,5.347358872515217,5.093585909073816,5.247662351163238,16624927.0,95706688.0
2022-04-25,5.048269308459281,5.08452258895091,4.776369704772066,4.7854330248949735,16176436.0,87957552.0
2022-04-26,4.7129264639117165,4.803559665140788,4.395710259609966,4.513533421207759,19256148.0,97748920.0
2022-04-27,4.404773579732874,4.504470101084852,4.2053805370289155,4.431963540101594,16015897.0,77088872.0
2022-04-28,4.422900219978688,4.531660061453573,4.187253896783102,4.323203698626709,14006723.0,66894488.0
2022-04-29,4.332267018749617,4.613229942559737,4.305077058380895,4.549786701699388,13659389.0,68053368.0
2022-05-05,4.495406780961945,4.721989784034624,4.495406780961945,4.613229942559737,10638660.0,54251036.0
2022-05-06,4.431963540101594,4.549786701699388,4.431963540101594,4.468216820593224,9175530.0,45344772.0
2022-05-09,4.495406780961945,4.64041990292846,4.477280140716131,4.595103302313924,8882242.0,44901488.0
2022-05-10,4.549786701699388,4.676673183420088,4.531660061453573,4.658546543174273,9032298.0,45914648.0
2022-05-11,4.658546543174273,4.758243064526252,4.595103302313924,4.613229942559737,10665728.0,55089416.0
2022-05-12,4.576976662068109,4.7129264639117165,4.549786701699388,4.676673183420088,8690819.0,44578108.0
2022-05-13,4.703863143788809,4.794496345017881,4.64041990292846,4.749179744403345,8756017.0,45638076.0
2022-05-16,4.794496345017881,4.812622985263695,4.7129264639117165,4.794496345017881,7761836.0,40874296.0
2022-05-17,4.740116424280438,4.794496345017881,4.6313565828055525,4.767306384649159,7913000.0,41012072.0
2022-05-18,4.731053104157531,4.948572787107302,4.694799823665901,4.857939585878231,13511823.0,72008944.0
2022-05-19,4.767306384649159,4.993889387721838,4.740116424280438,4.9576361072302095,12515424.0,67608384.0
2022-05-20,4.966699427353117,5.256725671286145,4.930446146861488,5.1207758694425385,18332432.0,103405480.0
2022-05-23,5.08452258895091,5.292978951777774,5.08452258895091,5.256725671286145,14310586.0,82173336.0
2022-05-24,5.311105592023589,5.383612153006846,4.89419286636986,4.966699427353117,16926724.0,96192720.0
2022-05-25,5.0776871234901435,5.271915592694684,5.0776871234901435,5.253417643246633,12375506.0,69616632.0
2022-05-26,5.244168668522607,5.438397137727148,5.244168668522607,5.281164567418711,10239459.0,58754008.0
2022-05-27,5.336658415762865,5.558633809139483,5.225670719074556,5.540135859691432,18938908.0,111445704.0
2022-05-30,5.540135859691432,5.76211125306805,5.4568950871752,5.6973684299998695,23847850.0,144975216.0
2022-05-31,5.577131758587535,5.678870480551818,5.503139960795329,5.604878682759612,17897000.0,107930088.0
2022-06-01,5.558633809139483,5.826854076136231,5.5493848344154575,5.743613303619998,19574510.0,120927240.0
2022-06-02,5.743613303619998,5.743613303619998,5.558633809139483,5.586380733311561,13389508.0,81389552.0
2022-06-06,5.586380733311561,5.715866379447921,5.5493848344154575,5.688119455275844,16934562.0,103317072.0
2022-06-07,5.678870480551818,5.688119455275844,5.558633809139483,5.641874581655715,11120353.0,67620616.0
2022-06-08,5.641874581655715,5.641874581655715,5.4476461124511735,5.567882783863508,11279259.0,67592088.0
2022-06-09,5.586380733311561,5.595629708035586,5.419899188279097,5.4753930366232515,8356453.0,49747560.0
2022-06-10,5.466144061899226,5.577131758587535,5.4476461124511735,5.558633809139483,8122322.0,48540784.0
2022-06-13,5.503139960795329,5.660372531103767,5.438397137727148,5.577131758587535,10736254.0,64299736.0
2022-06-14,5.530886884967407,5.614127657483638,5.355156365210917,5.614127657483638,10676627.0,63471792.0
2022-06-15,5.614127657483638,5.910094848652462,5.52163791024338,5.7251153541719475,32327072.0,200728448.0
2022-06-16,5.688119455275844,5.734364328895973,5.484642011347277,5.530886884967407,18603674.0,112663488.0
2022-06-17,5.438397137727148,5.567882783863508,5.327409441038839,5.419899188279097,11960748.0,70279160.0
2022-06-20,5.419899188279097,5.512388935519354,5.382903289382994,5.4014012388310455,7855534.0,46102704.0
2022-06-21,5.364405339934942,5.438397137727148,5.244168668522607,5.318160466314813,9005605.0,51986492.0
2022-06-22,5.327409441038839,5.345907390486891,5.21642174435053,5.225670719074556,6877000.0,39134968.0
2022-06-23,5.244168668522607,5.318160466314813,5.179425845454427,5.318160466314813,7115320.0,40538672.0
2022-06-24,5.318160466314813,5.345907390486891,5.271915592694684,5.290413542142736,7359400.0,42183320.0
2022-06-27,5.308911491590788,5.327409441038839,5.21642174435053,5.225670719074556,8076800.0,45922068.0
2022-06-28,5.225670719074556,5.3736543146589675,5.197923794902478,5.327409441038839,11713414.0,67171352.0
2022-06-29,5.318160466314813,5.355156365210917,5.225670719074556,5.225670719074556,7975080.0,45615072.0
2022-06-30,5.225670719074556,5.271915592694684,5.197923794902478,5.234919693798582,6819900.0,38647488.0
2022-07-01,5.234919693798582,5.262666617970659,5.142429946558323,5.160927896006376,7002796.0,39293884.0
2022-07-04,5.160927896006376,5.179425845454427,5.114683022386247,5.160927896006376,5268030.0,29320664.0
2022-07-05,5.179425845454427,5.21642174435053,5.040691224594041,5.086936098214169,6839354.0,37914620.0
2022-07-06,5.096185072938195,5.114683022386247,4.966699426801835,5.0036953256979375,6199251.0,33710888.0
2022-07-07,5.012944300421963,5.160927896006376,5.012944300421963,5.059189174042092,6379946.0,35067824.0
2022-07-08,5.059189174042092,5.142429946558323,5.040691224594041,5.114683022386247,4885164.0,26921272.0
2022-07-11,5.096185072938195,5.123931997110272,5.0314422498700155,5.096185072938195,5474297.0,30028056.0
2022-07-12,5.096185072938195,5.15167892128235,5.040691224594041,5.114683022386247,7020570.0,38845440.0
2022-07-13,5.114683022386247,5.271915592694684,5.105434047662221,5.244168668522607,9081866.0,51223124.0
2022-07-14,5.253417643246633,5.336658415762865,5.133180971834298,5.253417643246633,10864813.0,61112648.0
2022-07-15,5.21642174435053,5.21642174435053,4.8464627553895,4.8557117301135255,16529355.0,88079712.0
2022-07-18,4.864960704837551,5.179425845454427,4.864960704837551,5.142429946558323,13644055.0,75096576.0
2022-07-19,5.142429946558323,5.271915592694684,5.123931997110272,5.271915592694684,9301936.0,52552752.0
2022-07-20,5.253417643246633,5.4014012388310455,5.21642174435053,5.355156365210917,9393668.0,54031868.0
2022-07-21,5.382903289382994,5.392152264107019,5.244168668522607,5.281164567418711,8999341.0,51479140.0
2022-07-22,5.318160466314813,5.4476461124511735,5.281164567418711,5.318160466314813,8328303.0,48371912.0
2022-07-25,5.336658415762865,5.3736543146589675,5.225670719074556,5.234919693798582,6459700.0,36807708.0
2022-07-26,5.262666617970659,5.318160466314813,5.225670719074556,5.308911491590788,4479900.0,25565480.0
2022-07-27,5.290413542142736,5.327409441038839,5.262666617970659,5.290413542142736,3128060.0,17885156.0
2022-07-28,5.299662516866762,5.382903289382994,5.281164567418711,5.3736543146589675,5787080.0,33478786.0
2022-07-29,5.3736543146589675,5.410650213555071,5.253417643246633,5.271915592694684,5539523.0,31779568.0
2022-08-01,5.253417643246633,5.281164567418711,5.207172769626504,5.244168668522607,5427000.0,30749154.0
2022-08-02,5.207172769626504,5.207172769626504,4.864960704837551,4.91120557845768,10484443.0,56373216.0
2022-08-03,4.948201477353782,5.105434047662221,4.892707629009628,4.901956603733654,5634871.0,30472364.0
2022-08-04,4.948201477353782,5.012944300421963,4.883458654285603,4.994446350973912,4630998.0,24827826.0
2022-08-05,5.0036953256979375,5.086936098214169,4.948201477353782,5.0776871234901435,5308899.0,28765616.0
2022-08-08,5.096185072938195,5.133180971834298,5.0314422498700155,5.096185072938195,5020737.0,27614858.0
2022-08-09,5.160927896006376,5.170176870730401,5.068438148766118,5.114683022386247,4037601.0,22283240.0
2022-08-10,5.133180971834298,5.142429946558323,5.049940199318066,5.086936098214169,3145272.0,17318814.0
2022-08-11,5.086936098214169,5.290413542142736,5.086936098214169,5.253417643246633,7411671.0,41896956.0
2022-08-12,5.225670719074556,5.308911491590788,5.207172769626504,5.281164567418711,5219673.0,29771574.0
2022-08-15,5.262666617970659,5.308911491590788,5.197923794902478,5.262666617970659,4194437.0,23815752.0
2022-08-16,5.281164567418711,5.318160466314813,5.225670719074556,5.253417643246633,3447547.0,19585172.0
2022-08-17,5.225670719074556,5.308911491590788,5.225670719074556,5.290413542142736,4564990.0,26081072.0
2022-08-18,5.290413542142736,5.290413542142736,5.234919693798582,5.244168668522607,3486001.0,19790052.0
2022-08-19,5.281164567418711,5.540135859691432,5.21642174435053,5.345907390486891,16088737.0,94182552.0
2022-08-22,5.327409441038839,5.438397137727148,5.308911491590788,5.4014012388310455,8148188.0,47306124.0
2022-08-23,5.382903289382994,5.493890986071303,5.364405339934942,5.466144061899226,6976039.0,41010540.0
2022-08-24,5.466144061899226,5.52163791024338,5.345907390486891,5.355156365210917,9505200.0,55807348.0
2022-08-25,5.345907390486891,5.419899188279097,5.262666617970659,5.382903289382994,6886200.0,39837256.0
2022-08-26,5.419899188279097,5.419899188279097,5.271915592694684,5.299662516866762,5843300.0,33711336.0
2022-08-29,5.179425845454427,5.4014012388310455,5.179425845454427,5.382903289382994,5485476.0,31438344.0
2022-08-30,5.438397137727148,5.6233766322076635,5.392152264107019,5.493890986071303,12152953.0,72246808.0
2022-08-31,5.493890986071303,5.493890986071303,5.318160466314813,5.4014012388310455,8080566.0,47094248.0
2022-09-01,5.429148163003123,5.558633809139483,5.392152264107019,5.419899188279097,7884740.0,46690744.0
2022-09-02,5.429148163003123,5.558633809139483,5.4014012388310455,5.530886884967407,9285471.0,55314332.0
2022-09-05,5.52163791024338,5.604878682759612,5.503139960795329,5.558633809139483,7135701.0,42845804.0
2022-09-06,5.595629708035586,5.604878682759612,5.512388935519354,5.530886884967407,7323327.0,43904432.0
2022-09-07,5.530886884967407,5.558633809139483,5.4476461124511735,5.503139960795329,6415010.0,38031788.0
2022-09-08,5.52163791024338,5.52163791024338,5.410650213555071,5.438397137727148,4802937.0,28305164.0
2022-09-09,5.4753930366232515,5.512388935519354,5.419899188279097,5.438397137727148,4099500.0,24201614.0
2022-09-13,5.4568950871752,5.558633809139483,5.4476461124511735,5.466144061899226,5675000.0,33780272.0
2022-09-14,5.392152264107019,5.438397137727148,5.336658415762865,5.429148163003123,5755500.0,33529704.0
2022-09-15,5.466144061899226,5.4753930366232515,5.21642174435053,5.281164567418711,7253817.0,41699528.0
2022-09-16,5.299662516866762,5.299662516866762,5.0776871234901435,5.086936098214169,7153933.0,40032800.0
2022-09-19,5.123931997110272,5.123931997110272,4.901956603733654,4.97594840152586,5703075.0,30658806.0
2022-09-20,5.022193275145988,5.105434047662221,4.985197376249886,5.022193275145988,4512400.0,24559008.0
2022-09-21,5.040691224594041,5.133180971834298,4.920454553181706,5.105434047662221,4469295.0,24343292.0
2022-09-22,5.0776871234901435,5.15167892128235,4.966699426801835,4.985197376249886,4702766.0,25625394.0
2022-09-23,5.012944300421963,5.012944300421963,4.892707629009628,4.901956603733654,4284700.0,22893888.0
2022-09-26,4.874209679561576,4.91120557845768,4.7539730081492415,4.763221982873268,5962846.0,31113638.0
2022-09-27,4.772470957597293,4.91120557845768,4.772470957597293,4.874209679561576,4647669.0,24330192.0
2022-09-28,4.901956603733654,4.91120557845768,4.744724033425216,4.7539730081492415,3879600.0,20247392.0
2022-09-29,4.790968907045345,4.883458654285603,4.67073223563301,4.698479159805087,4803701.0,24691964.0
2022-09-30,4.6799812103570355,4.726226083977165,4.633736336736907,4.652234286184958,3453001.0,17450488.0
2022-10-10,4.642985311460932,4.698479159805087,4.568993513668727,4.596740437840804,4642105.0,23215296.0
2022-10-11,4.596740437840804,4.642985311460932,4.5319976147726235,4.633736336736907,3665636.0,18194680.0
2022-10-12,4.642985311460932,4.7539730081492415,4.596740437840804,4.735475058701191,4177000.0,21127700.0
2022-10-13,4.763221982873268,4.8464627553895,4.698479159805087,4.800217881769371,3584688.0,18524636.0
2022-10-14,4.818715831217422,4.864960704837551,4.800217881769371,4.837213780665474,4573900.0,23915540.0
2022-10-17,4.837213780665474,4.91120557845768,4.800217881769371,4.883458654285603,4875439.0,25668180.0
2022-10-18,4.892707629009628,4.966699426801835,4.874209679561576,4.91120557845768,3754241.0,19952792.0
2022-10-19,4.91120557845768,4.966699426801835,4.8557117301135255,4.9297035279057315,4014997.0,21329440.0
2022-10-20,4.920454553181706,4.985197376249886,4.892707629009628,4.948201477353782,3731400.0,19947368.0
2022-10-21,4.97594840152586,5.123931997110272,4.9297035279057315,4.994446350973912,6488443.0,35090824.0
2022-10-24,4.994446350973912,5.022193275145988,4.864960704837551,4.874209679561576,4154527.0,22182498.0
2022-10-25,4.8557117301135255,4.892707629009628,4.7539730081492415,4.800217881769371,4713596.0,24491372.0
2022-10-26,4.8279648059414475,5.012944300421963,4.818715831217422,4.948201477353782,6003525.0,32106412.0
2022-10-27,4.938952502629757,5.068438148766118,4.91120557845768,5.012944300421963,5933501.0,32150452.0
2022-10-28,4.957450452077809,5.022193275145988,4.735475058701191,4.744724033425216,5842600.0,30591240.0
2022-10-31,4.763221982873268,4.864960704837551,4.707728134529113,4.818715831217422,5475200.0,28340984.0
2022-11-01,4.818715831217422,4.966699426801835,4.818715831217422,4.966699426801835,4490768.0,23815472.0
2022-11-02,4.97594840152586,5.0776871234901435,4.957450452077809,5.022193275145988,6063276.0,32891212.0
2022-11-03,5.012944300421963,5.133180971834298,4.994446350973912,5.022193275145988,6126440.0,33423916.0
2022-11-04,5.049940199318066,5.086936098214169,4.97594840152586,5.0776871234901435,4642300.0,25342892.0
2022-11-07,5.0776871234901435,5.179425845454427,5.0314422498700155,5.142429946558323,6118700.0,33801940.0
2022-11-08,5.123931997110272,5.170176870730401,5.0776871234901435,5.15167892128235,4593078.0,25437332.0
2022-11-09,5.15167892128235,5.21642174435053,5.123931997110272,5.21642174435053,4913752.0,27508814.0
2022-11-10,5.170176870730401,5.253417643246633,5.114683022386247,5.244168668522607,5455956.0,30694160.0
2022-11-11,5.299662516866762,5.355156365210917,5.207172769626504,5.207172769626504,6999812.0,39912448.0
2022-11-14,5.21642174435053,5.336658415762865,5.207172769626504,5.234919693798582,6397743.0,36355180.0
2022-11-15,5.234919693798582,5.382903289382994,5.207172769626504,5.308911491590788,6770401.0,38835208.0
2022-11-16,5.271915592694684,5.355156365210917,5.253417643246633,5.281164567418711,5342801.0,30576356.0
2022-11-17,5.299662516866762,5.392152264107019,5.262666617970659,5.364405339934942,6944501.0,40023132.0
2022-11-18,5.364405339934942,5.392152264107019,5.299662516866762,5.327409441038839,6542500.0,37744688.0
2022-11-21,5.299662516866762,5.392152264107019,5.234919693798582,5.262666617970659,5050605.0,28832666.0
2022-11-22,5.281164567418711,5.410650213555071,5.225670719074556,5.382903289382994,9916434.0,57323596.0
2022-11-23,5.355156365210917,5.530886884967407,5.299662516866762,5.4476461124511735,13515055.0,79448224.0
2022-11-24,5.484642011347277,5.484642011347277,5.336658415762865,5.382903289382994,9062717.0,52926064.0
2022-11-25,5.355156365210917,5.567882783863508,5.345907390486891,5.466144061899226,14334345.0,85057760.0
2022-11-28,5.410650213555071,5.558633809139483,5.262666617970659,5.530886884967407,12774584.0,75075888.0
2022-11-29,5.493890986071303,5.595629708035586,5.4568950871752,5.493890986071303,13386233.0,79705056.0
2022-11-30,5.4568950871752,5.614127657483638,5.438397137727148,5.567882783863508,13010361.0,77969872.0
2022-12-01,5.5493848344154575,5.586380733311561,5.4476461124511735,5.466144061899226,10554820.0,62756560.0
2022-12-02,5.466144061899226,5.771360227792076,5.429148163003123,5.567882783863508,17514712.0,105337248.0
2022-12-05,5.586380733311561,6.122821267305055,5.577131758587535,6.122821267305055,36489004.0,236018064.0
2022-12-06,6.196813065097261,6.539025129886214,5.956339722272592,6.011833570616746,65368332.0,439995680.0
2022-12-07,6.058078444236874,6.122821267305055,5.836103050860256,5.956339722272592,35874520.0,230511728.0
2022-12-08,5.956339722272592,5.974837671720643,5.743613303619998,5.799107151964153,25111242.0,157905632.0
2022-12-09,5.891596899204411,5.910094848652462,5.641874581655715,5.76211125306805,22800670.0,141512848.0
2022-12-12,5.734364328895973,5.734364328895973,5.586380733311561,5.6511235563797415,15936015.0,97202568.0
2022-12-13,5.669621505827792,5.743613303619998,5.6233766322076635,5.678870480551818,14137028.0,86701960.0
2022-12-14,5.6233766322076635,5.706617404723896,5.586380733311561,5.632625606931689,10607398.0,64628884.0
2022-12-15,5.6511235563797415,5.817605101412204,5.632625606931689,5.6973684299998695,15322514.0,94621696.0
2022-12-16,5.6511235563797415,5.771360227792076,5.52163791024338,5.743613303619998,15383606.0,94361912.0
2022-12-19,5.706617404723896,5.7251153541719475,5.392152264107019,5.429148163003123,16829786.0,99782008.0
2022-12-20,5.438397137727148,5.604878682759612,5.410650213555071,5.530886884967407,10255306.0,61290448.0
2022-12-21,5.530886884967407,5.604878682759612,5.466144061899226,5.484642011347277,5717817.0,34163720.0
2022-12-22,5.52163791024338,5.567882783863508,5.355156365210917,5.364405339934942,7777055.0,45821816.0
2022-12-23,5.382903289382994,5.503139960795329,5.299662516866762,5.429148163003123,6608900.0,38687624.0
2022-12-26,5.438397137727148,5.4753930366232515,5.3736543146589675,5.466144061899226,5838501.0,34233824.0
2022-12-27,5.484642011347277,5.660372531103767,5.419899188279097,5.6233766322076635,10652100.0,64018240.0
2022-12-28,5.577131758587535,5.836103050860256,5.5493848344154575,5.734364328895973,14020697.0,86966880.0
2022-12-29,5.7251153541719475,5.780609202516102,5.641874581655715,5.7251153541719475,8596357.0,53070264.0
2022-12-30,5.706617404723896,5.845352025584282,5.678870480551818,5.826854076136231,9886666.0,62028000.0
2023-01-03,5.817605101412204,5.845352025584282,5.752862278344024,5.836103050860256,9520770.0,59798048.0
2023-01-04,5.799107151964153,5.891596899204411,5.799107151964153,5.826854076136231,9985586.0,62997344.0
2023-01-05,5.826854076136231,5.854601000308308,5.6973684299998695,5.734364328895973,9590731.0,59643172.0
2023-01-06,5.734364328895973,5.734364328895973,5.4753930366232515,5.5493848344154575,11563751.0,69811888.0
2023-01-09,5.5493848344154575,5.604878682759612,5.512388935519354,5.577131758587535,6246830.0,37572984.0
2023-01-10,5.595629708035586,5.595629708035586,5.466144061899226,5.493890986071303,6363983.0,37942192.0
2023-01-11,5.530886884967407,5.530886884967407,5.410650213555071,5.429148163003123,5002613.0,29556384.0
2023-01-12,5.429148163003123,5.493890986071303,5.410650213555071,5.429148163003123,4700100.0,27660608.0
2023-01-13,5.438397137727148,5.503139960795329,5.410650213555071,5.4568950871752,7849268.0,46294552.0
2023-01-16,5.466144061899226,6.00258459589272,5.4476461124511735,6.00258459589272,22395156.0,141583920.0
2023-01-17,6.030331520064797,6.085825368408952,5.799107151964153,5.919343823376488,29512630.0,187894384.0
2023-01-18,5.919343823376488,6.104323317857003,5.854601000308308,6.0210825453407715,22870508.0,148835904.0
2023-01-19,6.030331520064797,6.0950743431329775,5.891596899204411,6.048829469512849,15017773.0,97525744.0
2023-01-20,6.058078444236874,6.104323317857003,5.965588696996617,5.993335621168694,10321381.0,67007752.0
2023-01-30,6.039580494788823,6.067327418960899,5.937841772824539,6.0210825453407715,11059510.0,71550352.0
2023-01-31,6.011833570616746,6.067327418960899,5.956339722272592,6.058078444236874,9120401.0,59311000.0
2023-02-01,6.058078444236874,6.261555888165441,6.0210825453407715,6.206062039821287,19269138.0,128251288.0
2023-02-02,6.196813065097261,6.206062039821287,6.058078444236874,6.104323317857003,11452000.0,75573200.0
2023-02-03,6.104323317857003,6.13207024202908,6.00258459589272,6.067327418960899,8013900.0,52491760.0
2023-02-06,6.030331520064797,6.048829469512849,5.965588696996617,6.030331520064797,7285900.0,47310256.0
2023-02-07,6.048829469512849,6.058078444236874,5.965588696996617,5.993335621168694,7329500.0,47540684.0
2023-02-08,6.00258459589272,6.011833570616746,5.928592798100514,5.956339722272592,5720300.0,36822664.0
2023-02-09,5.937841772824539,5.974837671720643,5.900845873928437,5.965588696996617,6313719.0,40604552.0
2023-02-10,5.956339722272592,5.993335621168694,5.928592798100514,5.947090747548565,5889875.0,37969416.0
2023-02-13,5.947090747548565,5.984086646444668,5.928592798100514,5.974837671720643,6792405.0,43711716.0
2023-02-14,5.984086646444668,6.085825368408952,5.956339722272592,5.965588696996617,10828342.0,70384160.0
2023-02-15,5.984086646444668,6.030331520064797,5.947090747548565,5.965588696996617,6424202.0,41530424.0
2023-02-16,6.00258459589272,6.113572292581029,5.799107151964153,5.854601000308308,12545851.0,81075840.0
2023-02-17,5.845352025584282,5.919343823376488,5.789858177240127,5.882347924480385,7432492.0,47127576.0
2023-02-20,5.882347924480385,6.113572292581029,5.836103050860256,6.104323317857003,13240763.0,86148600.0
2023-02-21,6.085825368408952,6.30780076178557,6.011833570616746,6.1690661409251835,16176975.0,107564568.0
2023-02-22,6.141319216753106,6.280053837613493,6.067327418960899,6.206062039821287,13103005.0,87783240.0
2023-02-23,6.187564090373235,6.3447966606816735,6.150568191477133,6.196813065097261,9698347.0,65198208.0
2023-02-24,6.2430579387173895,6.428037433197905,6.224559989269339,6.3170497365095954,17038768.0,116425008.0
2023-02-27,6.289302812337518,6.289302812337518,6.104323317857003,6.150568191477133,11315005.0,75568720.0
2023-02-28,6.141319216753106,6.298551787061544,6.122821267305055,6.2708048628894675,9968606.0,67104960.0
2023-03-01,6.252306913441415,6.252306913441415,6.159817166201158,6.196813065097261,7604321.0,50903832.0
2023-03-02,6.1690661409251835,6.224559989269339,6.113572292581029,6.122821267305055,6750054.0,44870372.0
2023-03-03,6.141319216753106,6.261555888165441,6.067327418960899,6.233808963993364,6880880.0,46055752.0
2023-03-06,6.196813065097261,6.30780076178557,6.196813065097261,6.2430579387173895,7048705.0,47570172.0
2023-03-07,6.215311014545312,6.391041534301802,6.159817166201158,6.1690661409251835,11465620.0,77742576.0
2023-03-08,6.215311014545312,6.215311014545312,6.0950743431329775,6.1690661409251835,8339820.0,55420852.0
2023-03-09,6.178315115649209,6.178315115649209,5.993335621168694,6.030331520064797,6280885.0,41138252.0
2023-03-10,5.993335621168694,6.030331520064797,5.863849975032333,5.882347924480385,6179851.0,39616052.0
2023-03-13,5.826854076136231,5.947090747548565,5.817605101412204,5.873098949756359,4938400.0,31312926.0
2023-03-14,5.836103050860256,5.873098949756359,5.641874581655715,5.688119455275844,6217244.0,38538276.0
2023-03-15,5.6973684299998695,5.845352025584282,5.6973684299998695,5.826854076136231,5102054.0,31903360.0
2023-03-16,5.789858177240127,5.808356126688179,5.678870480551818,5.688119455275844,4655769.0,28851196.0
2023-03-17,5.715866379447921,5.799107151964153,5.688119455275844,5.76211125306805,4664505.0,29009632.0
2023-03-20,5.771360227792076,5.817605101412204,5.660372531103767,5.669621505827792,7459966.0,46076080.0
2023-03-21,5.669621505827792,5.845352025584282,5.641874581655715,5.808356126688179,5193045.0,32400068.0
2023-03-22,5.826854076136231,5.854601000308308,5.771360227792076,5.789858177240127,4620076.0,29033296.0
2023-03-23,5.780609202516102,5.780609202516102,5.6973684299998695,5.752862278344024,5181700.0,32155116.0
2023-03-24,5.826854076136231,5.863849975032333,5.743613303619998,5.808356126688179,6255102.0,39270388.0
2023-03-27,5.789858177240127,5.799107151964153,5.530886884967407,5.6233766322076635,10558800.0,64237804.0
2023-03-28,5.660372531103767,5.660372531103767,5.558633809139483,5.577131758587535,4748601.0,28742804.0
2023-03-29,5.595629708035586,5.6511235563797415,5.5493848344154575,5.5493848344154575,5671192.0,34274644.0
2023-03-30,5.567882783863508,5.586380733311561,5.4568950871752,5.52163791024338,5440801.0,32443144.0
2023-03-31,5.5493848344154575,5.6511235563797415,5.512388935519354,5.632625606931689,4901848.0,29738318.0
2023-04-03,5.632625606931689,5.678870480551818,5.577131758587535,5.660372531103767,4618800.0,28123184.0
2023-04-04,5.678870480551818,5.678870480551818,5.558633809139483,5.604878682759612,6034500.0,36578536.0
2023-04-06,5.567882783863508,5.586380733311561,5.4476461124511735,5.466144061899226,5674417.0,33734036.0
2023-04-07,5.466144061899226,5.5493848344154575,5.438397137727148,5.52163791024338,3388596.0,20146160.0
2023-04-10,5.5493848344154575,5.558633809139483,5.345907390486891,5.364405339934942,6915044.0,40630356.0
2023-04-11,5.3736543146589675,5.429148163003123,5.327409441038839,5.429148163003123,4057501.0,23595044.0
2023-04-12,5.410650213555071,5.52163791024338,5.4014012388310455,5.503139960795329,4341876.0,25735356.0
2023-04-13,5.503139960795329,5.586380733311561,5.4753930366232515,5.512388935519354,3465100.0,20734564.0
2023-04-14,5.52163791024338,5.52163791024338,5.410650213555071,5.4476461124511735,4377674.0,25818910.0
2023-04-17,5.419899188279097,5.5493848344154575,5.392152264107019,5.530886884967407,5016245.0,29780138.0
2023-04-18,5.503139960795329,5.5493848344154575,5.419899188279097,5.4568950871752,3864301.0,22819652.0
2023-04-19,5.4568950871752,5.4568950871752,5.345907390486891,5.345907390486891,4292914.0,24976376.0
2023-04-20,5.364405339934942,5.364405339934942,5.244168668522607,5.290413542142736,4591591.0,26175370.0
2023-04-21,5.290413542142736,5.336658415762865,5.142429946558323,5.170176870730401,4837793.0,27433236.0
2023-04-24,5.15167892128235,5.225670719074556,5.114683022386247,5.197923794902478,5230200.0,29308400.0
2023-04-25,5.207172769626504,5.21642174435053,5.040691224594041,5.133180971834298,5702056.0,31508184.0
2023-04-26,5.142429946558323,5.21642174435053,5.105434047662221,5.207172769626504,3992336.0,22319908.0
2023-04-27,5.21642174435053,5.281164567418711,5.179425845454427,5.225670719074556,3943237.0,22327504.0
2023-04-28,5.271915592694684,5.512388935519354,5.234919693798582,5.503139960795329,8419054.0,49316224.0
2023-05-04,5.493890986071303,5.817605101412204,5.4568950871752,5.808356126688179,15467654.0,95704016.0
2023-05-05,5.817605101412204,5.937841772824539,5.780609202516102,5.882347924480385,11101992.0,70283992.0
2023-05-08,5.919343823376488,6.039580494788823,5.873098949756359,5.993335621168694,12817670.0,82855216.0
2023-05-09,6.0210825453407715,6.409539483749853,5.993335621168694,6.076576393684927,23205070.0,154568208.0
2023-05-10,6.030331520064797,6.233808963993364,5.984086646444668,6.159817166201158,15490524.0,102993856.0
2023-05-11,6.206062039821287,6.363294610129724,6.187564090373235,6.261555888165441,12303548.0,83536528.0
2023-05-12,6.252306913441415,6.400290509025828,6.196813065097261,6.280053837613493,12895036.0,87990928.0
2023-05-15,6.298551787061544,6.354045635405699,6.1690661409251835,6.354045635405699,12722885.0,86387640.0
2023-05-16,6.3447966606816735,6.3447966606816735,6.178315115649209,6.224559989269339,8951030.0,60340552.0
2023-05-17,6.13207024202908,6.280053837613493,6.104323317857003,6.2430579387173895,6873049.0,46115796.0
2023-05-18,6.2430579387173895,6.2708048628894675,6.13207024202908,6.150568191477133,5339003.0,35662600.0
2023-05-19,6.196813065097261,6.196813065097261,6.030331520064797,6.067327418960899,6466400.0,42464824.0
2023-05-22,6.13207024202908,6.150568191477133,5.919343823376488,5.956339722272592,7444300.0,48003652.0
2023-05-23,6.011833570616746,6.011833570616746,5.817605101412204,5.836103050860256,6401177.0,40785984.0
2023-05-24,5.854601000308308,5.854601000308308,5.6973684299998695,5.706617404723896,5993200.0,37321552.0
2023-05-25,5.715866379447921,5.7251153541719475,5.558633809139483,5.641874581655715,6402800.0,39044588.0
2023-05-26,5.641874581655715,5.660372531103767,5.558633809139483,5.6233766322076635,6356600.0,38575592.0
2023-05-29,5.632625606931689,5.6973684299998695,5.577131758587535,5.595629708035586,7951400.0,48401748.0
2023-05-30,5.6233766322076635,5.6973684299998695,5.52163791024338,5.688119455275844,7388000.0,44989336.0
2023-05-31,5.669621505827792,5.789858177240127,5.6233766322076635,5.706617404723896,9964701.0,61729308.0
2023-06-01,5.715866379447921,5.734364328895973,5.577131758587535,5.660372531103767,8011134.0,48974968.0
2023-06-02,5.660372531103767,5.7251153541719475,5.586380733311561,5.632625606931689,7866309.0,47869328.0
2023-06-05,5.614127657483638,5.743613303619998,5.604878682759612,5.7251153541719475,6515783.0,40159240.0
2023-06-06,5.781520432967588,5.800322125432523,5.640507739480573,5.659309431945508,5358100.0,32600268.0
2023-06-07,5.668710278177977,5.80972297166499,5.631106893248106,5.77211958673512,6365553.0,38957996.0
2023-06-08,5.77211958673512,5.80972297166499,5.678111124410444,5.753317894270185,4960706.0,30253550.0
2023-06-09,5.753317894270185,5.80972297166499,5.725115355572782,5.7627187405026525,5089427.0,31192916.0
2023-06-12,5.77211958673512,5.781520432967588,5.621706047015638,5.678111124410444,6578978.0,39677708.0
2023-06-13,5.659309431945508,5.734516201805249,5.649908585713041,5.706313663107847,4522424.0,27464660.0
2023-06-14,5.715714509340314,5.77211958673512,5.696912816875379,5.725115355572782,4435908.0,27016998.0
2023-06-15,5.696912816875379,5.725115355572782,5.640507739480573,5.687511970642912,5685717.0,34342864.0
2023-06-16,5.687511970642912,6.204558513428631,5.687511970642912,5.866128049059797,15878890.0,99671400.0
2023-06-19,5.866128049059797,5.9319339726870695,5.753317894270185,5.77211958673512,8329176.0,51452000.0
2023-06-20,5.725115355572782,5.7627187405026525,5.649908585713041,5.649908585713041,7437600.0,45018912.0
2023-06-21,5.621706047015638,5.668710278177977,5.518296738458495,5.518296738458495,6886600.0,40783832.0
2023-06-26,5.499495045993559,5.518296738458495,5.405486583668883,5.41488742990135,6542508.0,38002892.0
2023-06-27,5.443089968598754,5.612305200783171,5.405486583668883,5.612305200783171,6093395.0,35954832.0
2023-06-28,5.584102662085768,5.612305200783171,5.490094199761091,5.593503508318236,3741100.0,22074480.0
2023-06-29,5.593503508318236,5.715714509340314,5.5747018158533,5.687511970642912,4988351.0,29994270.0
2023-06-30,5.678111124410444,5.77211958673512,5.668710278177977,5.7439170480377175,7068325.0,43107636.0
2023-07-03,5.7439170480377175,5.828524664129926,5.7439170480377175,5.8191238178974585,6063693.0,37419616.0
2023-07-04,5.828524664129926,5.884929741524731,5.790921279200055,5.8379255103623935,6237335.0,38756456.0
2023-07-05,5.8755288952922635,5.8755288952922635,5.77211958673512,5.800322125432523,4235292.0,26242804.0
2023-07-06,5.77211958673512,5.884929741524731,5.77211958673512,5.856727202827329,4435200.0,27590070.0
2023-07-07,5.8191238178974585,5.922533126454602,5.790921279200055,5.8943305877571985,4657301.0,29093404.0
2023-07-10,5.913132280222134,5.941334818919538,5.856727202827329,5.922533126454602,5877845.0,36936604.0
2023-07-11,5.941334818919538,6.035343281244214,5.922533126454602,6.016541588779279,5568109.0,35445400.0
2023-07-12,6.016541588779279,6.09174835863902,5.922533126454602,5.941334818919538,6783094.0,43376440.0
2023-07-13,5.988339050081875,6.04474412747668,5.960136511384472,6.00714074254681,5555279.0,35471148.0
2023-07-14,6.025942435011746,6.119950897336422,6.00714074254681,6.09174835863902,6494550.0,42001776.0
2023-07-17,6.063545819941616,6.157554282266292,5.988339050081875,6.129351743568889,5395354.0,34989824.0
2023-07-18,6.110550051103955,6.176355974731228,6.09174835863902,6.101149204871487,4830000.0,31452208.0
2023-07-19,6.148153436033825,6.185756820963696,6.09174835863902,6.148153436033825,4230300.0,27668932.0
2023-07-20,6.148153436033825,6.185756820963696,6.082347512406551,6.101149204871487,5423252.0,35359148.0
2023-07-21,6.09174835863902,6.232761052126033,6.063545819941616,6.129351743568889,6940330.0,45435496.0
2023-07-24,6.110550051103955,6.195157667196163,6.082347512406551,6.176355974731228,5634179.0,36848848.0
2023-07-25,6.232761052126033,6.28916612952084,6.185756820963696,6.270364437055904,5901622.0,39191936.0
2023-07-26,6.251562744590969,6.260963590823437,6.195157667196163,6.251562744590969,5210301.0,34530376.0
2023-07-27,6.28916612952084,6.28916612952084,6.185756820963696,6.185756820963696,4407395.0,29196556.0
2023-07-28,6.176355974731228,6.40197628431045,6.16695512849876,6.383174591845515,9866300.0,66265852.0
2023-07-31,6.420777976775386,6.5429889777974655,6.383174591845515,6.458381361705257,11530165.0,79282920.0
2023-08-01,6.467782207937724,6.477183054170191,6.383174591845515,6.430178823007854,7263101.0,49639132.0
2023-08-02,6.439579669240321,6.533588131564998,6.40197628431045,6.514786439100062,7084758.0,48835892.0
2023-08-03,6.514786439100062,6.5617906702624005,6.411377130542919,6.5617906702624005,6875762.0,47602544.0
2023-08-04,6.589993208959803,6.796811826074092,6.5429889777974655,6.702803363749415,14467352.0,102832120.0
2023-08-07,6.552389824029932,6.665199978819544,6.467782207937724,6.646398286354609,11749373.0,82408064.0
2023-08-08,6.646398286354609,6.665199978819544,6.467782207937724,6.552389824029932,8194800.0,57079716.0
2023-08-09,6.552389824029932,6.6369974401221405,6.439579669240321,6.467782207937724,6433100.0,44594944.0
2023-08-10,6.495984746635127,6.571191516494868,6.430178823007854,6.495984746635127,5462538.0,37697584.0
2023-08-11,6.5053855928675945,6.514786439100062,6.307967821985774,6.317368668218242,6487473.0,44023440.0
2023-08-14,6.251562744590969,6.383174591845515,6.204558513428631,6.36437289938058,6246645.0,42014200.0
2023-08-15,6.36437289938058,6.40197628431045,6.279765283288372,6.345571206915645,5399301.0,36456992.0
2023-08-16,6.383174591845515,6.6369974401221405,6.28916612952084,6.467782207937724,8116421.0,55920148.0
2023-08-17,6.430178823007854,6.467782207937724,6.32676951445071,6.383174591845515,7580859.0,51456204.0
2023-08-18,6.383174591845515,6.420777976775386,6.242161898358501,6.260963590823437,7049900.0,47281856.0
2023-08-21,6.223360205893566,6.317368668218242,6.176355974731228,6.195157667196163,5976100.0,39710096.0
2023-08-22,6.251562744590969,6.260963590823437,6.101149204871487,6.232761052126033,6735308.0,44218384.0
2023-08-23,6.213959359661098,6.232761052126033,6.072946666174084,6.09174835863902,5105900.0,33272412.0
2023-08-24,6.101149204871487,6.148153436033825,6.016541588779279,6.016541588779279,5084400.0,32810424.0
2023-08-25,6.025942435011746,6.185756820963696,5.978938203849408,6.00714074254681,6339208.0,40858848.0
2023-08-28,6.4489805154727895,6.467782207937724,6.251562744590969,6.28916612952084,14340943.0,97178960.0
2023-08-29,6.232761052126033,6.28916612952084,6.119950897336422,6.232761052126033,11146412.0,73616088.0
2023-08-30,6.232761052126033,6.260963590823437,6.101149204871487,6.129351743568889,8537060.0,56020268.0
2023-08-31,6.054144973709149,6.129351743568889,5.80972297166499,5.922533126454602,11932292.0,75216320.0
2023-09-01,5.922533126454602,5.941334818919538,5.790921279200055,5.80972297166499,8911957.0,55332000.0
2023-09-04,5.8191238178974585,5.988339050081875,5.80972297166499,5.950735665152005,8246450.0,51954124.0
2023-09-05,5.9319339726870695,5.950735665152005,5.800322125432523,5.8191238178974585,6627566.0,41281468.0
2023-09-06,5.8191238178974585,5.847326356594861,5.7627187405026525,5.828524664129926,5809023.0,35897840.0
2023-09-07,5.828524664129926,5.884929741524731,5.7439170480377175,5.753317894270185,6578958.0,40648292.0
2023-09-08,5.706313663107847,5.856727202827329,5.706313663107847,5.790921279200055,6157100.0,38095996.0
2023-09-11,5.800322125432523,6.054144973709149,5.781520432967588,6.025942435011746,9887404.0,62775108.0
2023-09-12,6.025942435011746,6.035343281244214,5.913132280222134,5.950735665152005,6562500.0,41570904.0
2023-09-13,5.922533126454602,5.941334818919538,5.8379255103623935,5.903731433989667,4169966.0,26141940.0
2023-09-14,5.856727202827329,5.922533126454602,5.828524664129926,5.866128049059797,4706984.0,29356344.0
2023-09-15,5.903731433989667,5.988339050081875,5.866128049059797,5.941334818919538,6038106.0,38113728.0
2023-09-18,5.903731433989667,5.997739896314343,5.828524664129926,5.988339050081875,4153515.0,26267168.0
2023-09-19,5.950735665152005,5.997739896314343,5.913132280222134,5.9319339726870695,3658300.0,23152666.0
2023-09-20,5.913132280222134,5.941334818919538,5.866128049059797,5.884929741524731,3633100.0,22793104.0
2023-09-21,5.8755288952922635,5.922533126454602,5.828524664129926,5.856727202827329,4360216.0,27188738.0
2023-09-22,5.847326356594861,6.04474412747668,5.8191238178974585,6.04474412747668,7035741.0,44695712.0
2023-09-25,6.035343281244214,6.035343281244214,5.753317894270185,5.80972297166499,9034700.0,56356936.0
2023-09-26,5.781520432967588,5.8191238178974585,5.725115355572782,5.781520432967588,5269400.0,32355954.0
2023-09-27,5.753317894270185,5.922533126454602,5.725115355572782,5.866128049059797,6543563.0,40554720.0
2023-09-28,5.856727202827329,5.988339050081875,5.856727202827329,5.9695373576169395,7259481.0,45943224.0
2023-10-09,5.913132280222134,5.950735665152005,5.781520432967588,5.790921279200055,9642500.0,59770704.0
2023-10-10,5.80972297166499,5.8943305877571985,5.790921279200055,5.80972297166499,6276800.0,38900284.0
2023-10-11,5.828524664129926,5.8379255103623935,5.7439170480377175,5.7627187405026525,6617300.0,40698760.0
2023-10-12,5.800322125432523,5.856727202827329,5.7627187405026525,5.8191238178974585,5325700.0,32862654.0
2023-10-13,5.781520432967588,5.8191238178974585,5.668710278177977,5.696912816875379,8056733.0,48929360.0
2023-10-16,5.706313663107847,5.80972297166499,5.649908585713041,5.7439170480377175,5648800.0,34355728.0
2023-10-17,5.7627187405026525,5.922533126454602,5.7439170480377175,5.856727202827329,8565162.0,53400712.0
2023-10-18,5.828524664129926,5.856727202827329,5.715714509340314,5.725115355572782,5689249.0,34965704.0
2023-10-19,5.715714509340314,5.847326356594861,5.659309431945508,5.753317894270185,6864274.0,41998296.0
2023-10-20,5.753317894270185,5.781520432967588,5.631106893248106,5.668710278177977,7070120.0,42779752.0
2023-10-23,5.621706047015638,5.706313663107847,5.546499277155897,5.5747018158533,7415151.0,44399120.0
2023-10-24,5.5747018158533,5.80972297166499,5.5747018158533,5.800322125432523,9709900.0,59203364.0
2023-10-25,5.828524664129926,5.8755288952922635,5.781520432967588,5.80972297166499,5260944.0,32665488.0
2023-10-26,5.80972297166499,5.8379255103623935,5.7627187405026525,5.828524664129926,5177444.0,31951584.0
2023-10-27,5.828524664129926,5.8755288952922635,5.800322125432523,5.866128049059797,5213194.0,32459624.0
2023-10-30,5.828524664129926,5.9319339726870695,5.8191238178974585,5.8943305877571985,6561383.0,40991304.0
2023-10-31,5.903731433989667,5.950735665152005,5.884929741524731,5.922533126454602,4524889.0,28480048.0
2023-11-01,5.922533126454602,6.016541588779279,5.913132280222134,5.978938203849408,5576096.0,35416548.0
2023-11-02,5.960136511384472,5.997739896314343,5.8943305877571985,5.8943305877571985,4824063.0,30442248.0
2023-11-03,5.922533126454602,5.950735665152005,5.8755288952922635,5.903731433989667,4871800.0,30660422.0
2023-11-06,5.960136511384472,6.025942435011746,5.941334818919538,6.00714074254681,6456701.0,41124352.0
2023-11-07,6.016541588779279,6.09174835863902,6.00714074254681,6.072946666174084,5488300.0,35303272.0
2023-11-08,6.072946666174084,6.148153436033825,5.997739896314343,6.035343281244214,6703500.0,43240724.0
2023-11-09,6.035343281244214,6.054144973709149,5.960136511384472,5.960136511384472,5067191.0,32291614.0
2023-11-10,5.978938203849408,6.00714074254681,5.941334818919538,5.988339050081875,4310100.0,27405044.0
2023-11-13,6.016541588779279,6.054144973709149,5.988339050081875,6.035343281244214,4471900.0,28642164.0
2023-11-14,6.035343281244214,6.138752589801357,6.016541588779279,6.101149204871487,7595590.0,49197568.0
2023-11-15,6.138752589801357,6.176355974731228,6.063545819941616,6.082347512406551,5719790.0,37196460.0
2023-11-16,6.072946666174084,6.129351743568889,6.04474412747668,6.054144973709149,4408466.0,28539464.0
2023-11-17,6.063545819941616,6.101149204871487,6.035343281244214,6.072946666174084,4592066.0,29667076.0
2023-11-20,6.09174835863902,6.251562744590969,6.035343281244214,6.176355974731228,7664950.0,49918992.0
2023-11-21,6.157554282266292,6.307967821985774,6.148153436033825,6.176355974731228,7857500.0,51871168.0
2023-11-22,6.148153436033825,6.796811826074092,6.148153436033825,6.796811826074092,21838244.0,152796112.0
2023-11-23,7.182246521605263,7.1916473678377315,6.533588131564998,6.693402517516947,64543832.0,467260736.0
2023-11-24,6.702803363749415,6.749807594911752,6.5053855928675945,6.533588131564998,34087280.0,239118640.0
2023-11-27,6.5805923627273355,6.5805923627273355,6.36437289938058,6.420777976775386,22984544.0,156816848.0
2023-11-28,6.411377130542919,6.4865839004026595,6.3737737456130485,6.420777976775386,15342374.0,104871984.0
2023-11-29,6.392575438077983,6.458381361705257,6.317368668218242,6.345571206915645,14327701.0,97113128.0
2023-11-30,6.345571206915645,6.430178823007854,6.317368668218242,6.430178823007854,12913814.0,87698496.0
2023-12-01,6.392575438077983,6.646398286354609,6.3737737456130485,6.5993940551922705,19476814.0,135878624.0
2023-12-04,6.571191516494868,6.740406748679285,6.552389824029932,6.6557991325870764,16309292.0,115555792.0
2023-12-05,6.646398286354609,6.749807594911752,6.5617906702624005,6.608794901424739,14096962.0,99783648.0
2023-12-06,6.571191516494868,6.853216903468897,6.552389824029932,6.740406748679285,19491316.0,139559408.0
2023-12-07,6.693402517516947,6.806212672306558,6.665199978819544,6.712204209981882,16991582.0,121644064.0
2023-12-08,6.712204209981882,6.72160505621435,6.411377130542919,6.439579669240321,13940246.0,96997464.0
2023-12-11,6.4489805154727895,6.6746008250520115,6.411377130542919,6.6557991325870764,14615305.0,101893744.0
2023-12-12,6.627596593889674,6.702803363749415,6.5805923627273355,6.702803363749415,8709745.0,61504408.0
2023-12-13,6.6746008250520115,6.768609287376688,6.6557991325870764,6.6746008250520115,9262226.0,66091800.0
2023-12-14,6.6746008250520115,6.749807594911752,6.6557991325870764,6.68400167128448,6485393.0,46168320.0
2023-12-15,6.693402517516947,7.351461753789681,6.6369974401221405,7.107039751745522,48415628.0,366391520.0
2023-12-18,7.097638905513055,7.172845675372796,6.815613518539026,6.900221134631234,37281216.0,274859008.0
2023-12-19,6.890820288398767,7.022432135653314,6.693402517516947,6.796811826074092,22286880.0,160981824.0
2023-12-20,6.787410979841623,6.787410979841623,6.5053855928675945,6.533588131564998,19697048.0,138438256.0
2023-12-21,6.533588131564998,6.6369974401221405,6.354972053148113,6.5805923627273355,15943000.0,110285424.0
2023-12-22,6.608794901424739,7.088238059280587,6.5617906702624005,6.571191516494868,21190882.0,150961648.0
2023-12-25,6.495984746635127,6.618195747657206,6.317368668218242,6.392575438077983,13522901.0,92181888.0
2023-12-26,6.28916612952084,6.36437289938058,6.204558513428631,6.213959359661098,9123700.0,60731616.0
2023-12-27,6.204558513428631,6.420777976775386,6.204558513428631,6.40197628431045,9214674.0,61962512.0
2023-12-28,6.345571206915645,6.589993208959803,6.298566975753307,6.5617906702624005,10489210.0,72372904.0
2023-12-29,6.495984746635127,6.806212672306558,6.495984746635127,6.702803363749415,11084279.0,78772920.0
2024-01-02,6.6746008250520115,6.843816057236429,6.6557991325870764,6.693402517516947,7294784.0,52315980.0
2024-01-03,6.693402517516947,6.712204209981882,6.571191516494868,6.646398286354609,6742680.0,47524932.0
2024-01-04,6.608794901424739,6.6557991325870764,6.552389824029932,6.6369974401221405,6137228.0,43131128.0
2024-01-05,6.627596593889674,6.6557991325870764,6.495984746635127,6.5429889777974655,6139901.0,42934240.0
2024-01-08,6.533588131564998,6.5993940551922705,6.458381361705257,6.458381361705257,5703167.0,39529664.0
2024-01-09,6.4489805154727895,6.6746008250520115,6.4489805154727895,6.618195747657206,9018600.0,63028672.0
2024-01-10,6.608794901424739,6.618195747657206,6.458381361705257,6.4865839004026595,6613616.0,45926956.0
2024-01-11,6.4865839004026595,6.5993940551922705,6.430178823007854,6.5617906702624005,6146500.0,42639992.0
2024-01-12,6.5429889777974655,6.589993208959803,6.411377130542919,6.420777976775386,6552087.0,45287248.0
2024-01-15,6.40197628431045,6.571191516494868,6.36437289938058,6.5053855928675945,6734204.0,46554824.0
2024-01-16,6.5053855928675945,6.843816057236429,6.40197628431045,6.759208441144221,24086984.0,169541312.0
2024-01-17,6.740406748679285,7.4172676774169535,6.702803363749415,6.872018595933832,52686512.0,392260544.0
2024-01-18,6.806212672306558,7.407866831184486,6.589993208959803,7.295056676394875,68026296.0,504445408.0
2024-01-19,7.013031289420846,7.144643136675392,6.778010133609156,7.031832981885782,51520204.0,379698592.0
2024-01-22,6.8814194421663,7.2856558301624075,6.759208441144221,6.900221134631234,52661232.0,393332832.0
2024-01-23,6.5617906702624005,6.8814194421663,6.298566975753307,6.815613518539026,39836248.0,283569664.0
2024-01-24,6.749807594911752,7.501875293509163,6.627596593889674,7.501875293509163,48206736.0,361143552.0
2024-01-25,8.253942992106571,8.253942992106571,7.90611168150527,8.253942992106571,45371008.0,394476640.0
2024-01-26,9.081217460563723,9.081217460563723,8.723985303729952,9.081217460563723,52175424.0,500962720.0
2024-01-29,9.664069926976715,9.993099545113083,8.169335376014363,8.169335376014363,108533136.0,1041242048.0
2024-01-30,7.436069369881889,8.056525221224753,7.351461753789681,7.351461753789681,78690224.0,634482752.0
2024-01-31,7.351461753789681,7.915512527737738,7.3044575226273425,7.586482909601371,77022184.0,624469056.0
2024-02-01,6.825014364771493,7.351461753789681,6.825014364771493,6.994229596955911,66103472.0,495545344.0
2024-02-02,6.966027058258509,7.407866831184486,6.392575438077983,6.759208441144221,72972048.0,534221408.0
2024-02-05,6.571191516494868,6.571191516494868,6.082347512406551,6.082347512406551,34664700.0,225443312.0
2024-02-06,5.546499277155897,6.213959359661098,5.471292507296156,5.828524664129926,55563676.0,335014592.0
2024-02-07,5.696912816875379,5.8943305877571985,5.245672197716933,5.245672197716933,49068588.0,292296352.0
2024-02-08,5.236271351484466,5.5747018158533,5.0012501956727755,5.527697584690962,40267992.0,230003936.0
2024-02-19,5.527697584690962,5.77211958673512,5.367883198739012,5.77211958673512,41667120.0,249941840.0
2024-02-20,5.753317894270185,6.157554282266292,5.659309431945508,6.00714074254681,50073752.0,314514912.0
2024-02-21,5.941334818919538,6.28916612952084,5.828524664129926,6.025942435011746,52158412.0,335787360.0
2024-02-22,5.978938203849408,6.110550051103955,5.9319339726870695,6.110550051103955,40208468.0,258588992.0
2024-02-23,6.110550051103955,6.467782207937724,6.063545819941616,6.3737737456130485,46709820.0,311156192.0
2024-02-26,6.307967821985774,6.6557991325870764,6.213959359661098,6.589993208959803,47812048.0,328745184.0
2024-02-27,6.6557991325870764,7.2480524452325366,6.430178823007854,6.975427904490975,69310104.0,508224096.0
2024-02-28,7.144643136675392,7.67109052569358,6.787410979841623,7.088238059280587,96147312.0,737755648.0
2024-02-29,6.6746008250520115,7.436069369881889,6.6746008250520115,7.2668541376974725,78155256.0,589929472.0
2024-03-01,7.154043982907861,7.182246521605263,6.872018595933832,6.975427904490975,52156780.0,389885472.0
2024-03-04,6.984828750723443,7.2292507527676015,6.693402517516947,7.107039751745522,51322676.0,380643392.0
2024-03-05,6.91902282709617,7.135242290442926,6.853216903468897,6.937824519561105,33457660.0,248920176.0
2024-03-06,6.853216903468897,7.050634674350717,6.843816057236429,6.928423673328638,25534136.0,188941856.0
2024-03-07,6.909621980863702,6.994229596955911,6.702803363749415,6.72160505621435,29005518.0,210771088.0
2024-03-08,6.6746008250520115,6.740406748679285,6.5805923627273355,6.6557991325870764,21979512.0,155803952.0
2024-03-11,6.6746008250520115,6.768609287376688,6.589993208959803,6.768609287376688,22696388.0,161901008.0
2024-03-12,6.759208441144221,6.815613518539026,6.6746008250520115,6.796811826074092,19974168.0,143274144.0
2024-03-13,6.787410979841623,6.91902282709617,6.72160505621435,6.91902282709617,29038004.0,211096432.0
2024-03-14,6.862617749701364,7.135242290442926,6.712204209981882,6.768609287376688,36686536.0,270306592.0
2024-03-15,6.731005902446817,6.749807594911752,6.533588131564998,6.712204209981882,28295108.0,199699360.0
2024-03-18,6.702803363749415,6.975427904490975,6.693402517516947,6.937824519561105,31740760.0,231243680.0
2024-03-19,6.928423673328638,6.937824519561105,6.796811826074092,6.796811826074092,19887504.0,145066384.0
2024-03-20,6.787410979841623,6.900221134631234,6.749807594911752,6.872018595933832,16742676.0,121775744.0
2024-03-21,6.872018595933832,6.928423673328638,6.787410979841623,6.8814194421663,19414040.0,141889392.0
2024-03-22,6.8814194421663,6.8814194421663,6.6557991325870764,6.6746008250520115,20562678.0,147130624.0
2024-03-25,6.589993208959803,6.646398286354609,6.28916612952084,6.298566975753307,22889532.0,157198256.0
2024-03-26,6.279765283288372,6.354972053148113,6.185756820963696,6.32676951445071,12719269.0,84836008.0
2024-03-27,6.307967821985774,6.307967821985774,5.997739896314343,5.997739896314343,14582800.0,95067384.0
2024-03-28,5.9695373576169395,6.204558513428631,5.941334818919538,6.157554282266292,11814052.0,76933904.0
2024-03-29,6.157554282266292,6.32676951445071,6.157554282266292,6.317368668218242,9422096.0,62732412.0
2024-04-01,6.345571206915645,6.420777976775386,6.32676951445071,6.383174591845515,10346111.0,70047888.0
2024-04-02,6.439579669240321,6.439579669240321,6.270364437055904,6.32676951445071,8939154.0,60159124.0
2024-04-03,6.336170360683178,6.345571206915645,6.204558513428631,6.260963590823437,8112156.0,53989308.0
2024-04-08,6.251562744590969,6.251562744590969,6.035343281244214,6.072946666174084,8527420.0,55644576.0
2024-04-09,6.063545819941616,6.223360205893566,6.025942435011746,6.213959359661098,8137899.0,53158784.0
2024-04-10,6.204558513428631,6.213959359661098,5.9319339726870695,6.00714074254681,10041500.0,64427592.0
2024-04-11,5.9695373576169395,6.110550051103955,5.922533126454602,6.016541588779279,7659189.0,49288260.0
2024-04-12,6.016541588779279,6.035343281244214,5.903731433989667,5.922533126454602,8506089.0,54067624.0
2024-04-15,5.884929741524731,5.960136511384472,5.518296738458495,5.696912816875379,15431511.0,93694344.0
2024-04-16,5.696912816875379,5.696912816875379,5.302077275111738,5.320878967576674,15355471.0,88553768.0
2024-04-17,5.386684891203948,5.659309431945508,5.377284044971479,5.640507739480573,11477922.0,68136744.0
2024-04-18,5.640507739480573,5.790921279200055,5.546499277155897,5.687511970642912,12313300.0,74679200.0
2024-04-19,5.668710278177977,5.678111124410444,5.518296738458495,5.565300969620832,10146472.0,60307684.0
2024-04-22,5.499495045993559,5.555900123388365,5.367883198739012,5.45249081483122,6683644.0,38833768.0
2024-04-23,5.461891661063688,5.584102662085768,5.45249081483122,5.508895892226027,6332985.0,37140496.0
2024-04-24,5.527697584690962,5.584102662085768,5.490094199761091,5.565300969620832,6032101.0,35578560.0
2024-04-25,5.546499277155897,5.659309431945508,5.499495045993559,5.612305200783171,6181970.0,36844168.0
2024-04-26,5.781520432967588,6.101149204871487,5.678111124410444,5.978938203849408,21289244.0,132678192.0
2024-04-29,5.9319339726870695,6.119950897336422,5.884929741524731,6.063545819941616,17008400.0,108863672.0
2024-04-30,6.063545819941616,6.204558513428631,6.063545819941616,6.110550051103955,16077976.0,104634952.0
2024-05-06,6.232761052126033,6.279765283288372,6.110550051103955,6.16695512849876,14034426.0,92293256.0
2024-05-07,6.148153436033825,6.195157667196163,6.054144973709149,6.16695512849876,11668890.0,76090744.0
2024-05-08,6.176355974731228,6.185756820963696,5.988339050081875,6.00714074254681,8280981.0,53334344.0
2024-05-09,6.016541588779279,6.129351743568889,6.016541588779279,6.09174835863902,6524581.0,42256468.0
2024-05-10,6.110550051103955,6.157554282266292,5.997739896314343,6.04474412747668,6385082.0,41130652.0
2024-05-13,5.997739896314343,6.016541588779279,5.8943305877571985,5.950735665152005,6726600.0,42607380.0
2024-05-14,5.950735665152005,6.054144973709149,5.941334818919538,6.04474412747668,6071582.0,38827208.0
2024-05-15,6.063545819941616,6.09174835863902,5.903731433989667,5.903731433989667,7352929.0,46643572.0
2024-05-16,5.941334818919538,6.054144973709149,5.922533126454602,5.997739896314343,6813029.0,43508632.0
2024-05-17,6.035343281244214,6.176355974731228,5.978938203849408,6.148153436033825,10861900.0,70380776.0
2024-05-20,6.129351743568889,6.232761052126033,6.082347512406551,6.176355974731228,8219648.0,53985004.0
2024-05-21,6.176355974731228,6.213959359661098,6.082347512406551,6.185756820963696,7569137.0,49419744.0
2024-05-22,6.176355974731228,6.411377130542919,6.148153436033825,6.36437289938058,18614160.0,124919000.0
2024-05-23,6.298566975753307,6.336170360683178,6.072946666174084,6.09174835863902,13734010.0,90061440.0
2024-05-24,6.035343281244214,6.28916612952084,5.960136511384472,6.063545819941616,12404934.0,80455552.0
2024-05-27,6.063545819941616,6.09174835863902,5.8943305877571985,6.00714074254681,9928390.0,63050796.0
2024-05-28,5.960136511384472,5.997739896314343,5.8943305877571985,5.922533126454602,6092200.0,38491688.0
2024-05-29,5.913132280222134,6.025942435011746,5.903731433989667,5.950735665152005,5379800.0,34160888.0
2024-05-30,5.941334818919538,5.941334818919538,5.8191238178974585,5.856727202827329,6429599.0,40120272.0
2024-05-31,6.020484383808501,6.059015483864876,5.972320508738034,5.9819532837521265,3920801.0,24474824.0
2024-06-03,5.9819532837521265,6.001218833780315,5.760399458427974,5.818196108512535,7882399.0,47820040.0
2024-06-04,5.827828883526629,6.396162609358151,5.741133908399787,6.396162609358151,17943746.0,113907240.0
2024-06-05,6.550287009583649,6.9163324601192055,6.453959259442714,6.502123134513181,57029832.0,391277216.0
2024-06-06,6.502123134513181,6.569552559611837,6.049382708850782,6.280569309189028,39638584.0,260483232.0
2024-06-07,6.299834859217215,6.8874341350769255,6.126444908963531,6.646614759724586,52826288.0,358335424.0
2024-06-11,6.714044184823241,7.3112762356970435,6.636981984710491,7.089722410372891,75026032.0,547709824.0
2024-06-12,6.829637484992364,7.089722410372891,6.781473609921896,6.95486356017558,49835324.0,357485920.0
2024-06-13,6.897066910091019,7.128253510429266,6.800739159950083,6.897066910091019,41237224.0,297676704.0
2024-06-14,6.964496335189675,7.590626711105759,6.868168585048738,7.590626711105759,74137408.0,562665408.0
2024-06-17,7.234214035584295,7.532830061021197,7.157151835471546,7.426869535866167,60120068.0,459782048.0
2024-06-18,7.40760398583798,7.75438388634535,7.292010685668857,7.446135085894355,51881276.0,403022624.0
2024-06-19,7.417236760852074,7.465400635922541,6.82000470997827,6.848903035020551,55501340.0,407275296.0
2024-06-20,6.752575284879614,6.810371934964177,6.4924903594990875,6.502123134513181,43414448.0,298066880.0
2024-06-21,6.482857584484995,6.4924903594990875,6.174608784033999,6.328733184259497,32621224.0,214772160.0
2024-06-24,6.242038209132654,6.4732248094709,6.184241559048092,6.3768970593299645,27909800.0,183281824.0
2024-06-25,6.33836595927359,6.742942509865522,6.242038209132654,6.608083659668211,36959116.0,251010592.0
2024-06-26,6.511755909527275,6.791106384935989,6.425060934400433,6.656247534738679,30668600.0,210814048.0
2024-06-27,6.511755909527275,6.877801360062832,6.434693709414526,6.646614759724586,34505180.0,238758768.0
2024-06-28,6.550287009583649,6.8585358100346445,6.531021459555462,6.704411409809147,33160172.0,231170656.0
2024-07-01,6.636981984710491,6.829637484992364,6.44432648442862,6.656247534738679,26155100.0,180196592.0
2024-07-02,6.598450884654117,6.8585358100346445,6.598450884654117,6.791106384935989,29624700.0,207706304.0
2024-07-03,6.781473609921896,7.06082408533061,6.675513084766866,7.012660210260142,42033612.0,302259808.0
2024-07-04,6.964496335189675,7.1667846104856405,6.839270260006457,6.993394660231955,31577500.0,228895216.0
2024-07-05,6.9259652351333,7.157151835471546,6.897066910091019,7.147519060457452,34462112.0,252630736.0
2024-07-08,7.089722410372891,7.176417385499733,6.434693709414526,6.434693709414526,39380772.0,276978048.0
2024-07-09,6.232405434118561,6.897066910091019,6.232405434118561,6.781473609921896,31959916.0,220900432.0
2024-07-10,6.829637484992364,7.070456860344704,6.781473609921896,6.839270260006457,31752272.0,229174848.0
2024-07-11,7.041558535302423,7.041558535302423,6.848903035020551,6.95486356017558,22446948.0,161566176.0
2024-07-12,6.9163324601192055,7.147519060457452,6.877801360062832,6.9259652351333,22707400.0,165032368.0
2024-07-15,6.95486356017558,6.95486356017558,6.617716434682305,6.675513084766866,20292188.0,141624304.0
2024-07-16,6.694778634795053,6.694778634795053,6.531021459555462,6.627349209696398,14454089.0,99040416.0
2024-07-17,6.617716434682305,6.7718408349078025,6.588818109640024,6.588818109640024,15173100.0,105168944.0
2024-07-18,6.502123134513181,6.8874341350769255,6.425060934400433,6.8585358100346445,26302400.0,182888352.0
2024-07-19,6.800739159950083,7.031925760288329,6.762208059893708,6.983761885217861,29516800.0,212838336.0
2024-07-22,6.983761885217861,7.080089635358797,6.935598010147394,7.041558535302423,20884500.0,151979600.0
2024-07-23,7.012660210260142,7.3690728857816055,6.993394660231955,7.06082408533061,34168400.0,255180224.0
2024-07-24,7.022292985274236,7.30164346068295,7.012660210260142,7.108987960401078,27933190.0,207254768.0
2024-07-25,7.012660210260142,7.388338435809793,6.974129110203768,7.224581260570202,26261100.0,196575184.0
2024-07-26,7.205315710542014,7.879609961528566,7.157151835471546,7.552095611049384,42169652.0,332003776.0
2024-07-29,7.465400635922541,8.091531011838626,7.397971210823886,7.985570486683595,43695000.0,348788832.0
2024-07-30,7.831446086458099,8.351615937219153,7.773649436373537,7.821813311444004,49852804.0,415522720.0
2024-07-31,7.889242736542659,8.602068087585586,7.889242736542659,8.602068087585586,65069500.0,566662784.0
2024-08-01,8.428678137331902,8.55390421251512,8.197491536993654,8.29381928713459,52318312.0,453169888.0
2024-08-02,8.197491536993654,8.207124312007748,7.841078861472193,7.889242736542659,34082408.0,282115616.0
2024-08-05,7.879609961528566,7.975937711669502,7.715852786288975,7.715852786288975,26767400.0,217741152.0
2024-08-06,7.879609961528566,7.889242736542659,7.6484233611903205,7.783282211387631,19565300.0,157620992.0
2024-08-07,7.802547761415817,7.812180536429911,7.677321686232601,7.696587236260788,13479721.0,108248448.0
2024-08-08,7.658056136204413,7.7640166613594435,7.523197286007103,7.54246283603529,17511400.0,138945568.0
2024-08-09,7.571361161077571,7.6484233611903205,7.455767860908448,7.475033410936635,11884531.0,92783672.0
2024-08-12,7.465400635922541,7.513564510993009,7.30164346068295,7.349807335753418,12372500.0,95007800.0
2024-08-13,7.349807335753418,7.475033410936635,7.282377910654763,7.465400635922541,13032400.0,99916456.0
2024-08-14,7.455767860908448,7.580993936091665,7.3690728857816055,7.465400635922541,16489201.0,128399072.0
2024-08-15,7.40760398583798,7.908508286570848,7.388338435809793,7.7640166613594435,32725692.0,262088016.0
2024-08-16,7.735118336317162,7.831446086458099,7.629157811162132,7.75438388634535,20984140.0,168102816.0
2024-08-19,7.725485561303068,7.773649436373537,7.40760398583798,7.455767860908448,20498618.0,160982688.0
2024-08-20,7.397971210823886,7.513564510993009,7.359440110767512,7.446135085894355,13991331.0,108231648.0
2024-08-21,7.3690728857816055,7.40760398583798,7.205315710542014,7.330541785725232,14333200.0,108401008.0
2024-08-22,7.320909010711137,7.388338435809793,7.089722410372891,7.147519060457452,11232892.0,84004592.0
2024-08-23,7.118620735415171,7.205315710542014,7.022292985274236,7.13788628544336,8419000.0,62235212.0
2024-08-26,7.099355185386985,7.147519060457452,6.983761885217861,7.080089635358797,7309300.0,53404060.0
2024-08-27,7.031925760288329,7.13788628544336,6.993394660231955,7.031925760288329,6350500.0,46541288.0
2024-08-28,6.964496335189675,7.080089635358797,6.964496335189675,7.041558535302423,5940101.0,43414736.0
2024-08-29,7.022292985274236,7.1667846104856405,7.012660210260142,7.089722410372891,10488864.0,77388712.0
2024-08-30,7.080089635358797,7.590626711105759,7.080089635358797,7.397971210823886,18555564.0,141455648.0
2024-09-02,7.320909010711137,7.552095611049384,7.272745135640669,7.43650231088026,14963900.0,115607544.0
2024-09-03,7.417236760852074,7.696587236260788,7.40760398583798,7.600259486119851,12773001.0,100689928.0
2024-09-04,7.54246283603529,7.629157811162132,7.43650231088026,7.494298960964823,9270640.0,72434272.0
2024-09-05,7.532830061021197,7.735118336317162,7.484666185950728,7.686954461246695,12852600.0,102086960.0
2024-09-06,7.7062200112748815,7.773649436373537,7.465400635922541,7.484666185950728,14590741.0,115533936.0
2024-09-09,7.446135085894355,7.686954461246695,7.388338435809793,7.6484233611903205,11801901.0,92941856.0
2024-09-10,7.600259486119851,7.686954461246695,7.3401745607393245,7.494298960964823,13108400.0,101830672.0
2024-09-11,7.417236760852074,7.494298960964823,7.3401745607393245,7.378705660795699,6926900.0,53227144.0
2024-09-12,7.3690728857816055,7.446135085894355,7.272745135640669,7.378705660795699,9389300.0,71727488.0
2024-09-13,7.3690728857816055,7.956672161641315,7.349807335753418,7.7929149864017235,29009600.0,235018704.0
2024-09-18,7.7062200112748815,8.486474787416464,7.658056136204413,8.255288187078218,38720136.0,326376160.0
2024-09-19,8.081898236824532,8.380514262261434,8.081898236824532,8.245655412064124,28499748.0,243707552.0
2024-09-20,8.245655412064124,8.322717612176872,8.139694886909092,8.31308483716278,19777952.0,169525456.0
2024-09-23,8.31308483716278,8.322717612176872,7.947039386627222,7.975937711669502,21320740.0,178264704.0
2024-09-24,8.091531011838626,8.775458037839272,7.99520326169769,8.775458037839272,40728272.0,361781216.0
2024-09-25,9.401588413755356,9.652040564121789,9.09333961330436,9.160769038403016,91034320.0,895741056.0
2024-09-26,8.881418562994302,10.075882664741908,8.881418562994302,10.075882664741908,88326752.0,876503232.0
2024-09-27,10.413029790235184,10.933199640996238,9.68093888916407,10.364865915164716,72977712.0,780686464.0
2024-09-30,10.865770215897582,11.357041741616356,10.095148214770095,11.308877866545888,100917232.0,1128619904.0
2024-10-08,12.426279768180747,12.43591254319484,10.807973565813022,12.43591254319484,101111088.0,1248502144.0
2024-10-09,11.559330016912323,11.559330016912323,11.193284566376764,11.193284566376764,46182552.0,541819136.0
2024-10-10,11.395572841672731,11.405205616686825,10.075882664741908,10.075882664741908,45517528.0,483844672.0
2024-10-11,9.729102764234538,10.355233140150622,9.51718171392448,9.68093888916407,30536156.0,314532800.0
2024-10-14,9.835063289389568,10.13367931482647,9.652040564121789,10.037351564685533,28321102.0,291627072.0
2024-10-15,9.892859939474128,10.2396398399815,9.729102764234538,9.738735539248632,27816512.0,288350944.0
2024-10-16,9.623142239079508,9.873594389445943,9.536447263952667,9.632775014093601,19142180.0,192379856.0
2024-10-17,9.758001089276819,10.22037428995331,9.68093888916407,10.075882664741908,35993464.0,372346752.0
2024-10-18,10.018086014657346,10.682747490629804,9.825430514375473,10.393764240206997,42218476.0,450586048.0
2024-10-21,10.210741514939217,10.249272614995593,9.931391039530505,10.13367931482647,33138654.0,347016320.0
2024-10-22,10.037351564685533,10.16257763986875,9.902492714488222,10.037351564685533,22418300.0,233172368.0
2024-10-23,10.104780989784189,10.596052515502961,10.02771878967144,10.2396398399815,33571204.0,360112576.0
2024-10-24,10.066249889727814,10.846504665869396,9.99882046462916,10.75017691572846,44810040.0,489021120.0
2024-10-25,10.702013040657992,10.702013040657992,10.40339701522109,10.50935754037612,31633496.0,345166912.0
2024-10-28,10.46119366530565,10.933199640996238,10.413029790235184,10.856137440883488,30395392.0,339968960.0
2024-10-29,10.807973565813022,11.251081216461326,10.40339701522109,10.40339701522109,36957164.0,416794560.0
2024-10-30,10.278170940037873,10.37449869017881,9.921758264516411,10.13367931482647,33820204.0,355135104.0
2024-10-31,10.085515439756001,11.000629066094893,10.02771878967144,10.846504665869396,45706140.0,509028224.0
2024-11-01,10.769442465756647,11.029527391137174,10.258905390009687,10.258905390009687,34972736.0,383087424.0
2024-11-04,10.258905390009687,10.856137440883488,10.210741514939217,10.788708015784833,30619700.0,336731520.0
2024-11-05,10.96209796603852,11.463002266771387,10.865770215897582,11.405205616686825,52196024.0,611229632.0
2024-11-06,11.270346766489514,11.4437367167432,11.058425716179455,11.23181566643314,40537200.0,473100416.0
2024-11-07,11.106589591249923,11.992804892546534,11.03916016615127,11.800149392264663,50844700.0,610152704.0
2024-11-08,11.973539342518347,12.06023431764519,11.463002266771387,11.588228341954602,40006112.0,482634304.0
2024-11-11,11.511166141841853,11.568962791926415,11.212550116404953,11.434103941729104,26845400.0,316472192.0
2024-11-12,11.4437367167432,11.703821642123726,11.270346766489514,11.482267816799574,25911936.0,308351488.0
2024-11-13,11.328143416574076,11.54969724189823,11.20291734139086,11.33777619158817,14851100.0,174564368.0
2024-11-14,11.23181566643314,11.453369491757293,10.721278590686179,10.788708015784833,22255300.0,256857808.0
2024-11-15,10.769442465756647,10.981363516066706,10.364865915164716,10.364865915164716,18952000.0,210264592.0
2024-11-18,10.432295340263371,10.528623090404306,9.86396161443185,9.99882046462916,17156500.0,179408592.0
2024-11-19,9.979554914600971,10.16257763986875,9.806164964347287,10.095148214770095,14340035.0,148198832.0
2024-11-20,10.085515439756001,10.201108739925123,9.979554914600971,10.152944864854655,12470893.0,130799680.0
2024-11-21,10.104780989784189,10.210741514939217,9.95065658955869,10.085515439756001,12145720.0,127447968.0
2024-11-22,10.095148214770095,10.278170940037873,9.536447263952667,9.565345588994946,17571334.0,180260288.0
2024-11-25,9.555712813980852,9.623142239079508,9.189667363445295,9.420853963783543,16628550.0,161937744.0
2024-11-26,9.44011951381173,10.124046539812376,9.420853963783543,9.68093888916407,18002260.0,183196848.0
2024-11-27,9.584611139023133,9.873594389445943,9.536447263952667,9.81579773936138,16036800.0,162281184.0
2024-11-28,9.844696064403662,9.99882046462916,9.748368314262724,9.777266639305006,11603100.0,118843208.0
2024-11-29,9.806164964347287,10.124046539812376,9.700204439192257,9.912125489502316,16643500.0,171504560.0
2024-12-02,9.912125489502316,10.432295340263371,9.86396161443185,10.326334815108343,22382602.0,238045360.0
2024-12-03,10.326334815108343,11.135487916292204,10.326334815108343,10.952465191024425,33581748.0,376456544.0
2024-12-04,10.769442465756647,11.058425716179455,10.702013040657992,10.846504665869396,24371950.0,275349472.0
2024-12-05,10.923566865982144,11.270346766489514,10.856137440883488,11.029527391137174,21391200.0,245293408.0
2024-12-06,11.01989461612308,11.289612316517703,10.711645815672085,10.981363516066706,23397806.0,267230656.0
2024-12-09,10.952465191024425,11.222182891419047,10.788708015784833,11.116222366264015,19919200.0,227761440.0
2024-12-10,11.607493891982791,11.607493891982791,11.068058491193549,11.09695681623583,27786360.0,324812000.0
2024-12-11,10.981363516066706,11.33777619158817,10.981363516066706,11.23181566643314,15568201.0,181407280.0
2024-12-12,11.116222366264015,11.405205616686825,11.116222366264015,11.299245091531796,14374200.0,168373536.0
2024-12-13,11.299245091531796,11.299245091531796,10.894668540939865,10.933199640996238,14437560.0,165952992.0
2024-12-16,10.923566865982144,11.077691266207642,10.702013040657992,10.933199640996238,12654131.0,142632880.0
2024-12-17,10.885035765925771,10.933199640996238,10.451560890291558,10.490091990347933,13948300.0,153342176.0
2024-12-18,10.490091990347933,10.77907524077074,10.393764240206997,10.644216390573431,9758400.0,107656144.0
2024-12-19,10.499724765362027,10.759809690742554,10.46119366530565,10.596052515502961,8023253.0,88115600.0
2024-12-20,10.663481940601617,11.385940066658637,10.547888640432493,10.894668540939865,17373300.0,197055216.0
2024-12-23,10.885035765925771,10.971730741052614,10.355233140150622,10.37449869017881,14638102.0,161466480.0
2024-12-24,10.470826440319744,10.557521415446589,10.13367931482647,10.5382558654184,9354901.0,100814392.0
2024-12-25,10.499724765362027,10.528623090404306,9.960289364572784,10.018086014657346,10993101.0,115500488.0
2024-12-26,10.037351564685533,10.29743649006606,10.037351564685533,10.143312089840562,8741220.0,92281416.0
2024-12-27,10.181843189896938,10.470826440319744,10.16257763986875,10.230007064967404,9666200.0,103826248.0
2024-12-30,10.172210414882844,11.251081216461326,9.931391039530505,11.251081216461326,30315236.0,343337696.0
2024-12-31,12.040968767617002,12.378115893110278,11.20291734139086,11.26071399147542,82481424.0,1018589376.0
2025-01-02,10.692380265643898,11.12585514127811,10.152944864854655,10.393764240206997,53366536.0,585496192.0
2025-01-03,10.345600365136528,10.393764240206997,9.353424538684889,9.353424538684889,41693800.0,413776000.0
2025-01-06,9.054808513247986,9.3341589886567,8.775458037839272,8.813989137895646,24391278.0,227986400.0
2025-01-07,8.85252023795202,8.919949663050675,8.582802537557399,8.910316888036581,21827412.0,198509376.0
2025-01-08,8.833254687923834,8.833254687923834,8.380514262261434,8.688763062712429,26940312.0,240546832.0
2025-01-09,8.563536987529213,8.727294162768803,8.55390421251512,8.573169762543307,13685792.0,122618368.0
2025-01-10,8.582802537557399,8.958480763107051,8.37088148724734,8.380514262261434,20326900.0,183334688.0
2025-01-13,8.245655412064124,8.47684201240237,8.072265461810439,8.37088148724734,13207300.0,113794056.0
2025-01-14,8.428678137331902,8.794723587867459,8.428678137331902,8.775458037839272,18501524.0,166695904.0
2025-01-15,8.804356362881553,8.997011863163424,8.640599187641962,8.794723587867459,24392492.0,223267392.0
2025-01-16,8.794723587867459,8.977746313135237,8.688763062712429,8.804356362881553,17741500.0,162737696.0
2025-01-17,8.765825262825178,8.939215213078862,8.71766138775471,8.756192487811084,13264000.0,121531896.0
2025-01-20,8.929582438064768,9.102972388318452,8.794723587867459,8.910316888036581,18288300.0,169667552.0
2025-01-21,8.98737908814933,9.06444128826208,8.775458037839272,8.910316888036581,13822200.0,127830648.0
2025-01-22,8.813989137895646,8.958480763107051,8.775458037839272,8.842887462937925,10013410.0,92123112.0
2025-01-23,9.025910188205705,9.391955638741262,8.881418562994302,8.90068411302249,21113900.0,199733936.0
2025-01-24,8.862153012966113,8.948847988092956,8.785090812853364,8.881418562994302,13614600.0,125280696.0
2025-01-27,8.948847988092956,9.006644638177518,8.688763062712429,8.688763062712429,12345810.0,113513744.0
2025-02-05,8.765825262825178,9.054808513247986,8.679130287698335,8.968113538121145,15655311.0,145105632.0
2025-02-06,8.910316888036581,9.391955638741262,8.910316888036581,9.3341589886567,20507108.0,196797856.0
2025-02-07,9.382322863727168,9.902492714488222,9.295627888600325,9.594243914037229,26076148.0,261282384.0
2025-02-10,9.613509464065416,9.912125489502316,9.613509464065416,9.883227164460035,22603446.0,230712640.0
2025-02-11,9.902492714488222,9.902492714488222,9.632775014093601,9.652040564121789,12372410.0,124382688.0
2025-02-12,9.671306114149976,10.018086014657346,9.613509464065416,9.960289364572784,18106168.0,184821920.0
2025-02-13,9.960289364572784,9.989187689615065,9.70983721420635,9.729102764234538,12426088.0,126651232.0
2025-02-14,9.719469989220444,9.748368314262724,9.51718171392448,9.565345588994946,11952310.0,119118832.0
2025-02-17,9.623142239079508,9.748368314262724,9.584611139023133,9.661673339135882,10347910.0,103876344.0
2025-02-18,9.603876689051322,9.68093888916407,9.218565688487578,9.27636233857214,12418392.0,121279736.0
2025-02-19,9.266729563558044,9.430486738797635,9.237831238515763,9.420853963783543,9049702.0,87944016.0
2025-02-20,9.391955638741262,9.469017838854011,9.314893438628513,9.420853963783543,8010710.0,78195872.0
2025-02-21,9.44011951381173,9.488283388882197,9.218565688487578,9.372690088713075,12847002.0,124856608.0
2025-02-24,9.353424538684889,9.603876689051322,9.237831238515763,9.44011951381173,14837770.0,144888704.0
2025-02-25,9.363057313698981,9.51718171392448,9.189667363445295,9.208932913473484,14725320.0,142879504.0
2025-02-26,9.295627888600325,9.430486738797635,9.208932913473484,9.430486738797635,15847108.0,153447760.0
2025-02-27,9.343791763670794,9.420853963783543,8.997011863163424,9.170401813417108,17822128.0,170011696.0
2025-02-28,9.151136263388922,9.237831238515763,8.833254687923834,8.881418562994302,12320500.0,115528960.0
2025-03-03,8.910316888036581,9.09333961330436,8.785090812853364,8.968113538121145,7255800.0,67736312.0
2025-03-04,8.919949663050675,9.536447263952667,8.90068411302249,9.27636233857214,19898722.0,191321696.0
2025-03-05,9.25709678854395,9.555712813980852,9.016277413191611,9.343791763670794,24965000.0,241042400.0
2025-03-06,9.353424538684889,9.555712813980852,9.295627888600325,9.507548938910384,21500104.0,210912384.0
2025-03-07,9.41122118876945,9.459385063839918,9.112605163332548,9.180034588431202,16387505.0,157519376.0
2025-03-10,9.131870713360735,9.160769038403016,8.958480763107051,8.997011863163424,12133621.0,113738944.0
2025-03-11,8.910316888036581,8.997011863163424,8.85252023795202,8.98737908814933,8534100.0,79017152.0
2025-03-12,9.035542963219799,9.151136263388922,8.98737908814933,9.054808513247986,9030500.0,85047536.0
2025-03-13,9.035542963219799,9.06444128826208,8.765825262825178,8.85252023795202,10048101.0,92615472.0
2025-03-14,8.910316888036581,9.44011951381173,8.862153012966113,9.430486738797635,27739524.0,266263200.0
2025-03-17,9.401588413755356,9.661673339135882,9.295627888600325,9.449752288825824,21425500.0,210999056.0
2025-03-18,9.488283388882197,9.526814488938573,9.324526213642606,9.420853963783543,10537201.0,103047624.0
2025-03-19,9.420853963783543,9.613509464065416,9.382322863727168,9.57497836400904,15952818.0,157853888.0
2025-03-20,9.57497836400904,9.57497836400904,9.343791763670794,9.363057313698981,11155174.0,108975440.0
2025-03-21,9.237831238515763,9.343791763670794,9.102972388318452,9.102972388318452,10310118.0,98724848.0
2025-03-24,9.122237938346641,9.218565688487578,8.85252023795202,9.035542963219799,11135156.0,103876400.0
2025-03-25,9.006644638177518,9.054808513247986,8.842887462937925,8.948847988092956,10027100.0,92828536.0
2025-03-26,8.891051338008396,9.045175738233892,8.881418562994302,9.006644638177518,8701423.0,81104128.0
2025-03-27,8.997011863163424,9.083706838290267,8.813989137895646,8.939215213078862,11021900.0,102214400.0
2025-03-28,8.929582438064768,9.363057313698981,8.90068411302249,9.324526213642606,27684820.0,263766112.0
2025-03-31,9.247464013529857,9.25709678854395,8.871785787980208,8.90068411302249,21134700.0,197296832.0
2025-04-01,8.85252023795202,8.958480763107051,8.736926937782897,8.842887462937925,13856308.0,126929152.0
2025-04-02,8.813989137895646,8.958480763107051,8.765825262825178,8.871785787980208,8079901.0,74242256.0
2025-04-03,8.794723587867459,9.131870713360735,8.756192487811084,8.919949663050675,11829900.0,109853856.0
2025-04-07,8.505740337444651,8.515373112458745,8.02410158673997,8.02410158673997,11456700.0,96608864.0
2025-04-08,7.860344411500379,7.99520326169769,7.320909010711137,7.629157811162132,19198602.0,152008736.0
2025-04-09,7.397971210823886,7.975937711669502,6.993394660231955,7.841078861472193,17290900.0,134437616.0
2025-04-10,7.947039386627222,8.61170086259968,7.850711636486286,8.139694886909092,21150720.0,179357664.0
2025-04-11,8.072265461810439,8.361248712233246,8.014468811725877,8.197491536993654,12829300.0,109441984.0
2025-04-14,8.284186512120497,8.419045362317808,8.197491536993654,8.341983162205059,13529300.0,116521952.0
2025-04-15,8.341983162205059,8.457576462374181,8.29381928713459,8.361248712233246,11506700.0,100064704.0
2025-04-16,8.322717612176872,8.351615937219153,8.014468811725877,8.158960436937281,8977500.0,76157224.0
2025-04-17,8.062632686796345,8.284186512120497,8.062632686796345,8.187858761979562,7227010.0,61647496.0
2025-04-18,8.120429336880907,8.390147037275527,8.120429336880907,8.274553737106404,10319130.0,88780104.0
2025-04-21,8.207124312007748,8.399779812289621,8.139694886909092,8.332350387190965,8807253.0,75957160.0
2025-04-22,8.31308483716278,8.650231962656054,8.31308483716278,8.55390421251512,17231452.0,153231600.0
2025-04-23,8.563536987529213,8.71766138775471,8.428678137331902,8.602068087585586,13869653.0,123531784.0
2025-04-24,8.55390421251512,8.61170086259968,8.390147037275527,8.419045362317808,8098300.0,71301048.0
2025-04-25,8.457576462374181,8.573169762543307,8.419045362317808,8.457576462374181,6890739.0,60825892.0
2025-04-28,8.486474787416464,8.525005887472837,8.255288187078218,8.274553737106404,7826740.0,67683688.0
2025-04-29,8.31308483716278,8.341983162205059,8.168593211951375,8.284186512120497,6077453.0,52228592.0
2025-04-30,8.31308483716278,8.419045362317808,8.245655412064124,8.255288187078218,7030054.0,60846820.0
2025-05-06,8.31308483716278,8.563536987529213,8.31308483716278,8.55390421251512,10185711.0,89685728.0
2025-05-07,8.929582438064768,9.006644638177518,8.53463866248693,8.602068087585586,15516511.0,140458736.0
2025-05-08,8.53463866248693,8.669497512684242,8.515373112458745,8.640599187641962,8039200.0,71891888.0
2025-05-09,8.640599187641962,8.842887462937925,8.573169762543307,8.61170086259968,9884800.0,88940096.0
2025-05-12,8.669497512684242,8.698395837726522,8.563536987529213,8.659864737670148,8757100.0,78365520.0
2025-05-13,8.688763062712429,8.736926937782897,8.544271437501024,8.582802537557399,6768200.0,60610976.0
2025-05-14,8.582802537557399,8.90068411302249,8.496107562430558,8.794723587867459,17365800.0,157526288.0
2025-05-15,8.71766138775471,8.756192487811084,8.544271437501024,8.55390421251512,9944200.0,88952152.0
2025-05-16,8.55390421251512,8.582802537557399,8.467209237388275,8.467209237388275,7371300.0,65116928.0
2025-05-19,8.47684201240237,8.679130287698335,8.457576462374181,8.640599187641962,8198100.0,73089952.0
2025-05-20,8.659864737670148,8.765825262825178,8.640599187641962,8.679130287698335,7038600.0,63484328.0
2025-05-21,8.669497512684242,8.688763062712429,8.602068087585586,8.659864737670148,5175900.0,46490976.0
2025-05-22,8.61170086259968,8.688763062712429,8.438310912345996,8.44794368736009,7541810.0,66690976.0
2025-05-23,8.44794368736009,8.457576462374181,8.216757087021842,8.23602263705003,7520300.0,65199764.0
2025-05-26,8.216757087021842,8.341983162205059,8.197491536993654,8.322717612176872,3805100.0,32767100.0
2025-05-27,8.274553737106404,8.332350387190965,8.226389862035935,8.31308483716278,4069300.0,34971664.0
2025-05-28,8.332350387190965,8.332350387190965,8.187858761979562,8.207124312007748,4544801.0,38905240.0
2025-05-29,8.344399993419646,8.569924317566125,8.314983777226628,8.569924317566125,5722000.0,49617888.0
2025-05-30,8.55031350677078,8.805254047110274,8.393427020408012,8.471870263589395,10144300.0,88485104.0
2025-06-03,8.38362161501034,9.315135127789265,8.38362161501034,9.315135127789265,47611676.0,441605568.0
2025-06-04,9.393578370970648,9.697545938298509,9.079805398245115,9.609297289719454,53337712.0,511283328.0
2025-06-05,9.550464857333415,9.795599992275237,9.29552431699392,9.422994587163666,40781112.0,394041056.0
2025-06-06,9.413189181765993,9.756378370684546,9.364162154777631,9.422994587163666,30543700.0,296117760.0
2025-06-09,9.442605397959014,9.746572965286873,9.33474593858461,9.687740532900836,33908300.0,331876512.0
2025-06-10,9.638713505912472,10.021124316421716,9.53085404653807,9.785794586877564,42767500.0,426495072.0
2025-06-11,9.707351343696182,9.80540539767291,9.432799992561339,9.658324316707816,27312000.0,268101040.0
2025-06-12,9.579881073526433,9.864237830058949,9.560270262731088,9.815210803070583,26701648.0,265429424.0
2025-06-13,9.726962154491527,9.775989181479892,9.422994587163666,9.481827019549705,20235300.0,197083392.0
2025-06-16,9.46221620875436,9.825016208468256,9.413189181765993,9.668129722105489,16496700.0,162205408.0
2025-06-17,9.668129722105489,10.246648640568191,9.6289081005148,10.128983775796117,46190800.0,469702080.0
2025-06-18,10.021124316421716,10.021124316421716,9.668129722105489,9.834821613865929,29232100.0,292840640.0
2025-06-19,9.785794586877564,9.80540539767291,9.315135127789265,9.383772965572975,25056400.0,242075040.0
2025-06-20,9.324940533186938,9.364162154777631,9.040583776654424,9.079805398245115,14228001.0,132727856.0
2025-06-23,8.952335128075369,9.29552431699392,8.942529722677694,9.236691884607882,10720710.0,100178688.0
2025-06-24,9.236691884607882,9.687740532900836,9.217081073812537,9.599491884321779,19556400.0,190075984.0
2025-06-25,9.599491884321779,10.168205397386808,9.589686478924106,10.070151343410078,42987716.0,437402816.0
2025-06-26,10.13878918119379,10.227037829772845,10.011318911024043,10.060345938012405,37570356.0,387644288.0
2025-06-27,10.001513505626368,10.295675667556557,9.962291884035677,10.030929721819389,29469700.0,303893728.0
2025-06-30,10.060345938012405,10.089762154205424,9.854432424661276,9.923070262444984,18300300.0,185563456.0
2025-07-01,9.981902694831023,9.991708100228696,9.76618377608222,9.844627019263601,15946210.0,160041808.0
2025-07-02,9.825016208468256,9.825016208468256,9.57007566812876,9.579881073526433,15382000.0,151266400.0
2025-07-03,9.57007566812876,9.638713505912472,9.491632424947378,9.550464857333415,13830600.0,134776304.0
2025-07-04,9.53085404653807,10.001513505626368,9.364162154777631,9.76618377608222,35110536.0,348844384.0
2025-07-07,9.785794586877564,10.37411891073794,9.7367675598892,10.001513505626368,29736800.0,304087168.0
2025-07-08,9.923070262444984,10.246648640568191,9.854432424661276,10.187816208182154,29802900.0,307076256.0
2025-07-09,10.187816208182154,10.570227018691398,10.148594586591463,10.41334053232863,53861896.0,570181120.0
2025-07-10,10.393729721533285,10.825167559030893,10.295675667556557,10.491783775510013,46941112.0,506419648.0
2025-07-11,10.472172964714668,10.727113505054163,10.217232424375172,10.560421613293725,38467800.0,411574880.0
2025-07-14,10.452562153919322,10.570227018691398,10.070151343410078,10.128983775796117,25421144.0,264088400.0
2025-07-15,10.128983775796117,11.138940531756425,9.97209728943335,10.51139458630536,55956512.0,602970688.0
2025-07-16,10.364313505340267,11.354659450505231,10.197621613579827,10.991859450791333,63079568.0,693184256.0
2025-07-17,10.864389180621584,11.75668107180982,10.864389180621584,11.168356747949446,68021600.0,780853568.0
2025-07-18,10.982054045393658,11.325243234312213,10.854583775223912,10.903610802212276,36041120.0,404558048.0
2025-07-21,10.805556748235547,11.011470261586679,10.71730809965649,10.834972964428566,24467608.0,270970848.0
2025-07-22,10.766335126644856,10.933027018405296,10.550616207896052,10.776140532042529,25235436.0,275696256.0
2025-07-23,10.844778369826239,11.168356747949446,10.589837829486743,10.668281072668128,40110032.0,445863168.0
2025-07-24,10.491783775510013,11.158551342551773,10.491783775510013,11.011470261586679,42802688.0,478391776.0
2025-07-25,10.982054045393658,11.11932972096108,10.795751342837875,10.81536215363322,25241100.0,280745824.0
2025-07-28,10.74672431584951,10.854583775223912,10.638864856475108,10.81536215363322,19760204.0,216726688.0
2025-07-29,10.766335126644856,11.129135126358753,10.629059451077435,11.089913504768063,33972008.0,377846240.0
2025-07-30,11.001664856189006,11.070302693972716,10.766335126644856,10.91341620760995,21124248.0,234902704.0
2025-07-31,10.893805396814603,10.982054045393658,10.472172964714668,10.60944864028209,22000200.0,239774640.0
2025-08-01,10.550616207896052,11.668432423230763,10.550616207896052,11.246799991130828,54372864.0,620988288.0
2025-08-04,10.991859450791333,11.315437828914538,10.874194586019257,10.91341620760995,29281864.0,328587776.0
2025-08-05,10.923221613007623,11.05069188317737,10.687891883463474,10.874194586019257,27496258.0,303299648.0
2025-08-06,10.854583775223912,10.88399999141693,10.687891883463474,10.795751342837875,18319406.0,200981456.0
2025-08-07,10.825167559030893,10.825167559030893,10.589837829486743,10.658475667270453,16592362.0,180723632.0
2025-08-08,10.60944864028209,10.736918910451836,10.580032424089069,10.64867026187278,12222016.0,132684952.0
2025-08-11,10.6780864780658,10.962443234598314,10.589837829486743,10.88399999141693,20883796.0,230095408.0
2025-08-12,10.903610802212276,11.060497288575043,10.81536215363322,10.91341620760995,21793500.0,243006416.0
2025-08-13,10.952637829200642,11.148745937154098,10.834972964428566,10.933027018405296,27386202.0,306878080.0
2025-08-14,10.854583775223912,10.933027018405296,10.501589180907688,10.501589180907688,27273004.0,297351424.0
2025-08-15,10.452562153919322,10.834972964428566,10.364313505340267,10.727113505054163,23712012.0,257813824.0
2025-08-18,10.854583775223912,11.021275666984351,10.805556748235547,10.923221613007623,30516040.0,339860096.0
2025-08-19,10.893805396814603,10.952637829200642,10.707502694258817,10.825167559030893,23237400.0,256438688.0
2025-08-20,10.785945937440202,10.805556748235547,10.501589180907688,10.795751342837875,25306000.0,274805888.0
2025-08-21,10.91341620760995,11.138940531756425,10.854583775223912,10.942832423802969,30433992.0,341159072.0
2025-08-22,10.91341620760995,11.08010809937039,10.785945937440202,10.864389180621584,20732400.0,229827024.0
2025-08-25,10.942832423802969,11.060497288575043,10.71730809965649,10.81536215363322,27851810.0,307784160.0
2025-08-26,10.766335126644856,10.785945937440202,10.60944864028209,10.638864856475108,19490386.0,212737936.0
2025-08-27,10.64867026187278,10.736918910451836,10.472172964714668,10.472172964714668,20923044.0,226469552.0
2025-08-28,10.452562153919322,10.51139458630536,10.079956748807751,10.383924316135612,18971812.0,199553952.0
2025-08-29,10.344702694544921,10.472172964714668,10.295675667556557,10.37411891073794,10321195.0,109481536.0
2025-09-01,10.44275674852165,10.668281072668128,10.393729721533285,10.54081080249838,14822526.0,159701200.0
2025-09-02,10.491783775510013,10.54081080249838,10.079956748807751,10.148594586591463,14866265.0,155008448.0
2025-09-03,10.13878918119379,10.168205397386808,9.76618377608222,9.844627019263601,11508100.0,116758512.0
2025-09-04,9.80540539767291,10.011318911024043,9.746572965286873,9.893654046251967,10780083.0,108829424.0
2025-09-05,9.854432424661276,9.952486478638004,9.726962154491527,9.932875667842659,8237789.0,82817632.0
2025-09-08,9.932875667842659,9.962291884035677,9.834821613865929,9.913264857047311,6949618.0,70097248.0
2025-09-09,9.923070262444984,9.97209728943335,9.775989181479892,9.795599992275237,7766300.0,78087912.0
2025-09-10,9.795599992275237,9.90345945164964,9.756378370684546,9.825016208468256,6095451.0,61073456.0
2025-09-11,9.785794586877564,9.932875667842659,9.707351343696182,9.932875667842659,9917700.0,99390216.0
2025-09-12,9.874043235456622,10.04073512721706,9.864237830058949,9.893654046251967,8323102.0,84451312.0
2025-09-15,9.923070262444984,9.962291884035677,9.80540539767291,9.854432424661276,5314538.0,53512092.0
2025-09-16,9.883848640854294,10.04073512721706,9.815210803070583,10.001513505626368,9992915.0,101562416.0
2025-09-17,10.060345938012405,10.236843235170518,9.952486478638004,10.158399991989135,15390402.0,159103584.0
2025-09-18,10.158399991989135,10.158399991989135,9.775989181479892,9.834821613865929,14454101.0,146532736.0
2025-09-19,9.844627019263601,9.874043235456622,9.677935127503162,9.707351343696182,8682533.0,86288432.0
2025-09-22,9.7367675598892,9.746572965286873,9.560270262731088,9.658324316707816,6865301.0,67361192.0
2025-09-23,9.619102695117126,9.6289081005148,9.33474593858461,9.46221620875436,12284550.0,118408296.0
2025-09-24,9.50143783034505,9.648518911310143,9.432799992561339,9.6289081005148,7192632.0,70302256.0
2025-09-25,9.609297289719454,9.668129722105489,9.521048641140396,9.521048641140396,6957684.0,67869312.0
2025-09-26,9.521048641140396,9.6289081005148,9.491632424947378,9.50143783034505,5063797.0,49364288.0
2025-09-29,9.521048641140396,9.746572965286873,9.393578370970648,9.697545938298509,10453233.0,102588104.0
2025-09-30,9.658324316707816,9.707351343696182,9.413189181765993,9.53085404653807,6896000.0,67367512.0
2025-10-09,9.540659451935742,9.579881073526433,9.432799992561339,9.540659451935742,7191000.0,69766440.0
2025-10-10,9.53085404653807,9.844627019263601,9.481827019549705,9.717156749093855,12560885.0,124039592.0
2025-10-13,9.393578370970648,9.560270262731088,9.324940533186938,9.53085404653807,7665604.0,74048840.0
2025-10-14,9.521048641140396,9.658324316707816,9.491632424947378,9.53085404653807,9293247.0,90826440.0
2025-10-15,9.50143783034505,9.6289081005148,9.472021614152032,9.619102695117126,6818217.0,66366648.0
2025-10-16,9.599491884321779,9.638713505912472,9.472021614152032,9.511243235742722,4963601.0,48365600.0
2025-10-17,9.442605397959014,9.57007566812876,9.275913506198574,9.315135127789265,7381932.0,70868080.0
2025-10-20,9.383772965572975,9.452410803356686,9.315135127789265,9.442605397959014,4518599.0,43301716.0
2025-10-21,9.46221620875436,9.7367675598892,9.413189181765993,9.697545938298509,10791166.0,106053016.0
2025-10-22,9.658324316707816,9.717156749093855,9.6289081005148,9.687740532900836,4822477.0,47628032.0
2025-10-23,9.707351343696182,9.7367675598892,9.589686478924106,9.717156749093855,6785217.0,66830600.0
2025-10-24,9.756378370684546,9.76618377608222,9.658324316707816,9.7367675598892,7723959.0,76478152.0
2025-10-27,9.7367675598892,9.795599992275237,9.648518911310143,9.668129722105489,8422179.0,83308624.0
2025-10-28,9.668129722105489,9.7367675598892,9.648518911310143,9.658324316707816,6218577.0,61484976.0
2025-10-29,9.619102695117126,9.756378370684546,9.609297289719454,9.7367675598892,9190756.0,90827544.0
2025-10-30,9.697545938298509,9.697545938298509,9.481827019549705,9.481827019549705,10189360.0,99613712.0
2025-10-31,9.53085404653807,9.707351343696182,9.50143783034505,9.677935127503162,8396937.0,82433488.0
2025-11-03,9.658324316707816,9.717156749093855,9.57007566812876,9.717156749093855,6382501.0,62977444.0
2025-11-04,9.687740532900836,9.80540539767291,9.677935127503162,9.756378370684546,8381444.0,83378984.0
2025-11-05,9.648518911310143,9.883848640854294,9.638713505912472,9.825016208468256,9148225.0,91706720.0
2025-11-06,9.854432424661276,9.893654046251967,9.76618377608222,9.775989181479892,9751300.0,97704992.0
2025-11-07,9.726962154491527,9.844627019263601,9.717156749093855,9.76618377608222,5607559.0,55898276.0
2025-11-10,9.756378370684546,10.119178370398444,9.746572965286873,10.099567559603098,19599156.0,199574016.0
2025-11-11,10.099567559603098,10.295675667556557,10.001513505626368,10.119178370398444,18108428.0,187334672.0
2025-11-12,10.099567559603098,10.217232424375172,10.060345938012405,10.158399991989135,10404440.0,107680048.0
2025-11-13,10.158399991989135,10.227037829772845,10.070151343410078,10.2074270189775,9325602.0,96482280.0
2025-11-14,10.119178370398444,10.266259451363538,10.109372965000771,10.168205397386808,8726643.0,90871640.0
2025-11-17,10.158399991989135,10.158399991989135,9.923070262444984,9.942681073240331,10810101.0,110105008.0
2025-11-18,9.952486478638004,9.981902694831023,9.785794586877564,9.874043235456622,9175001.0,92315576.0
2025-11-19,9.834821613865929,9.883848640854294,9.50143783034505,9.521048641140396,11633406.0,113933432.0
2025-11-20,9.599491884321779,9.726962154491527,9.560270262731088,9.619102695117126,6484613.0,63698936.0
2025-11-21,9.53085404653807,9.619102695117126,9.069999992847443,9.079805398245115,11493305.0,108413624.0
2025-11-24,9.12883242523348,9.315135127789265,9.099416209040461,9.22688647921021,6991211.0,65699004.0
2025-11-25,9.236691884607882,9.413189181765993,9.22688647921021,9.2661081008009,6155724.0,58533016.0
2025-11-26,9.2661081008009,9.383772965572975,9.168054046824171,9.177859452221844,5455700.0,51531864.0
2025-11-27,9.187664857619517,9.256302695403226,9.148443236028825,9.158248641426498,3702404.0,34778608.0
2025-11-28,9.158248641426498,9.2661081008009,9.109221614438132,9.2661081008009,4167100.0,39172232.0
2025-12-01,9.256302695403226,9.29552431699392,9.217081073812537,9.29552431699392,4082359.0,38615768.0
2025-12-02,9.305329722391592,9.324940533186938,9.177859452221844,9.246497290005554,4066076.0,38330656.0
2025-12-03,9.285718911596247,9.442605397959014,9.256302695403226,9.324940533186938,7638800.0,72841952.0
2025-12-04,9.29552431699392,9.344551343982284,9.177859452221844,9.207275668414864,4734100.0,44628192.0
2025-12-05,9.207275668414864,9.413189181765993,9.119027019835807,9.373967560175302,8787975.0,82943264.0
2025-12-08,9.40338377636832,9.511243235742722,9.364162154777631,9.373967560175302,7317635.0,70380432.0
2025-12-09,9.354356749379956,9.354356749379956,9.168054046824171,9.177859452221844,5582375.0,52614268.0
2025-12-10,9.138637830631152,9.2661081008009,9.099416209040461,9.246497290005554,4997600.0,46759728.0
2025-12-11,9.256302695403226,9.2661081008009,9.069999992847443,9.069999992847443,5965201.0,55467544.0
2025-12-12,9.138637830631152,9.177859452221844,9.050389182052097,9.050389182052097,4456776.0,41397224.0
2025-12-15,9.020972965859077,9.138637830631152,8.991556749666058,9.050389182052097,3849201.0,35576288.0
2025-12-16,9.030778371256751,9.119027019835807,8.932724317280021,9.089610803642788,4643270.0,42845768.0
2025-12-17,9.06019458744977,9.099416209040461,8.82486485790562,9.001362155063731,7235000.0,66033108.0
2025-12-18,8.952335128075369,9.069999992847443,8.932724317280021,8.962140533473042,4166152.0,38310592.0
2025-12-19,8.971945938870714,9.119027019835807,8.942529722677694,9.109221614438132,3936376.0,36441748.0
2025-12-22,9.099416209040461,9.521048641140396,9.099416209040461,9.364162154777631,13950639.0,133004800.0
2025-12-23,9.29552431699392,9.344551343982284,9.177859452221844,9.256302695403226,8224804.0,77718432.0
2025-12-24,9.217081073812537,9.40338377636832,9.207275668414864,9.305329722391592,7181462.0,68205664.0
2025-12-25,9.354356749379956,9.638713505912472,9.33474593858461,9.442605397959014,10685772.0,103413328.0
2025-12-26,9.413189181765993,9.53085404653807,9.354356749379956,9.432799992561339,6556200.0,63242992.0
2025-12-29,9.422994587163666,9.589686478924106,9.373967560175302,9.579881073526433,8431901.0,81866680.0
2025-12-30,9.540659451935742,9.589686478924106,9.364162154777631,9.393578370970648,7059947.0,68027344.0
2025-12-31,9.373967560175302,9.46221620875436,9.33474593858461,9.383772965572975,4553801.0,43639448.0
2026-01-05,9.413189181765993,9.432799992561339,9.285718911596247,9.324940533186938,6313700.0,60157396.0
2026-01-06,9.305329722391592,9.53085404653807,9.305329722391592,9.50143783034505,9148151.0,88126120.0
2026-01-07,9.511243235742722,9.511243235742722,9.344551343982284,9.364162154777631,6820748.0,65418376.0
2026-01-08,9.324940533186938,9.383772965572975,9.256302695403226,9.344551343982284,6795304.0,64616616.0
2026-01-09,9.344551343982284,9.962291884035677,9.33474593858461,9.687740532900836,20048606.0,197519632.0
2026-01-12,9.717156749093855,9.795599992275237,9.619102695117126,9.756378370684546,14679643.0,145458144.0
2026-01-13,9.785794586877564,9.854432424661276,9.609297289719454,9.6289081005148,11688615.0,115933976.0
2026-01-14,9.619102695117126,9.864237830058949,9.521048641140396,9.6289081005148,12466778.0,123238872.0
2026-01-15,9.53085404653807,9.6289081005148,9.46221620875436,9.53085404653807,7874500.0,76525496.0
2026-01-16,9.609297289719454,9.6289081005148,9.344551343982284,9.432799992561339,7015429.0,67618376.0
2026-01-19,9.422994587163666,9.6289081005148,9.40338377636832,9.599491884321779,6913471.0,67489384.0
2026-01-20,9.57007566812876,9.687740532900836,9.53085404653807,9.619102695117126,6615731.0,64717272.0
2026-01-21,9.560270262731088,9.648518911310143,9.550464857333415,9.609297289719454,4749100.0,46513520.0
2026-01-22,9.609297289719454,9.785794586877564,9.589686478924106,9.76618377608222,8929034.0,88524016.0
2026-01-23,9.746572965286873,9.80540539767291,9.658324316707816,9.726962154491527,7671133.0,75992968.0
2026-01-26,9.726962154491527,9.7367675598892,9.53085404653807,9.6289081005148,8609000.0,84555552.0
2026-01-27,9.57007566812876,9.6289081005148,9.305329722391592,9.491632424947378,8302600.0,79800000.0
2026-01-28,9.413189181765993,9.550464857333415,9.364162154777631,9.383772965572975,6358740.0,61148552.0
2026-01-29,9.344551343982284,9.413189181765993,9.197470263017191,9.33474593858461,6928101.0,65857960.0
2026-01-30,9.33474593858461,9.57007566812876,9.275913506198574,9.50143783034505,9322302.0,89774784.0
2026-02-02,9.46221620875436,9.677935127503162,9.46221620875436,9.472021614152032,7501000.0,73271760.0
2026-02-03,9.57007566812876,9.609297289719454,9.422994587163666,9.511243235742722,6068220.0,58800136.0
2026-02-04,9.452410803356686,9.638713505912472,9.422994587163666,9.599491884321779,7700518.0,75222800.0
2026-02-05,9.57007566812876,9.638713505912472,9.511243235742722,9.57007566812876,5697110.0,55665108.0
2026-02-06,9.521048641140396,9.697545938298509,9.521048641140396,9.687740532900836,8592152.0,84567464.0
2026-02-09,9.7367675598892,9.775989181479892,9.638713505912472,9.697545938298509,8205300.0,81178520.0
2026-02-10,9.687740532900836,9.697545938298509,9.599491884321779,9.638713505912472,5643695.0,55551500.0
2026-02-11,9.648518911310143,9.677935127503162,9.589686478924106,9.609297289719454,5025600.0,49298540.0
2026-02-12,9.599491884321779,9.609297289719454,9.373967560175302,9.452410803356686,7160422.0,69141496.0
2026-02-13,9.472021614152032,9.589686478924106,9.413189181765993,9.452410803356686,7500101.0,72636240.0
2026-02-24,9.50143783034505,9.579881073526433,9.452410803356686,9.540659451935742,4467402.0,43432664.0
2026-02-25,9.550464857333415,9.658324316707816,9.550464857333415,9.579881073526433,5276901.0,51736200.0
2026-02-26,9.619102695117126,9.638713505912472,9.540659451935742,9.579881073526433,4307900.0,42078184.0
2026-02-27,9.579881073526433,9.697545938298509,9.550464857333415,9.697545938298509,7471363.0,73604904.0
2026-03-02,9.589686478924106,9.589686478924106,9.256302695403226,9.40338377636832,11256208.0,108219776.0
2026-03-03,9.422994587163666,9.550464857333415,9.217081073812537,9.217081073812537,8135970.0,77987720.0
2026-03-04,9.217081073812537,9.256302695403226,8.952335128075369,9.099416209040461,9216179.0,85553384.0
2026-03-05,9.256302695403226,9.344551343982284,9.22688647921021,9.324940533186938,6512277.0,61749856.0
2026-03-06,9.324940533186938,9.481827019549705,9.2661081008009,9.46221620875436,5543435.0,53349900.0
2026-03-09,9.275913506198574,9.315135127789265,9.109221614438132,9.187664857619517,10057401.0,94502048.0
2026-03-10,9.2661081008009,9.324940533186938,9.207275668414864,9.275913506198574,6979159.0,65927208.0
2026-03-11,9.305329722391592,9.305329722391592,9.089610803642788,9.119027019835807,8525200.0,79477544.0
2026-03-12,9.089610803642788,9.256302695403226,9.089610803642788,9.168054046824171,7505100.0,70243376.0
2026-03-13,9.119027019835807,9.550464857333415,9.119027019835807,9.413189181765993,14091443.0,135434176.0
2026-03-16,9.364162154777631,9.46221620875436,9.246497290005554,9.364162154777631,7781273.0,74076088.0
2026-03-17,9.40338377636832,9.50143783034505,9.22688647921021,9.275913506198574,7815400.0,74601400.0
2026-03-18,9.236691884607882,9.364162154777631,9.099416209040461,9.354356749379956,6677452.0,62754080.0
2026-03-19,9.22688647921021,9.422994587163666,9.197470263017191,9.22688647921021,6943101.0,65847460.0
2026-03-20,9.236691884607882,9.305329722391592,8.82486485790562,8.82486485790562,9236310.0,84626120.0
2026-03-23,8.667978371542853,8.697394587735872,8.236540534045245,8.295372966431284,10022454.0,86756184.0
2026-03-24,8.481675668987068,8.707199993133546,8.305178371828957,8.707199993133546,8320924.0,72463904.0
2026-03-25,8.717005398531217,8.785643236314929,8.65817296614518,8.756227020121909,4665102.0,41557652.0
2026-03-26,8.746421614724236,8.795448641712602,8.55031350677078,8.560118912168452,4605500.0,40605488.0
2026-03-27,8.520897290577759,8.785643236314929,8.520897290577759,8.766032425519581,4346200.0,38432160.0
2026-03-30,8.677783776940526,8.795448641712602,8.540508101373106,8.697394587735872,4988084.0,44045444.0
2026-03-31,8.72681080392889,8.805254047110274,8.560118912168452,8.599340533759142,3790356.0,33555284.0
2026-04-01,8.677783776940526,8.746421614724236,8.599340533759142,8.648367560747507,3365300.0,29713952.0
2026-04-02,8.609145939156814,8.667978371542853,8.42284323660103,8.481675668987068,3826016.0,33209746.0
2026-04-03,8.560118912168452,8.618951344554487,8.305178371828957,8.3247891826243,4092300.0,35027280.0
2026-04-07,8.305178371828957,8.511091885180086,8.295372966431284,8.49148107438474,3559401.0,30618332.0
2026-04-08,8.560118912168452,8.707199993133546,8.560118912168452,8.697394587735872,4322201.0,38102056.0
2026-04-09,8.638562155349835,8.667978371542853,8.432648641998703,8.452259452794047,4915199.0,42834268.0
2026-04-10,8.462064858191722,8.648367560747507,8.452259452794047,8.579729722963796,5227598.0,45808992.0
2026-04-13,8.530702695975432,8.648367560747507,8.520897290577759,8.628756749952162,3284350.0,28825604.0
2026-04-14,8.667978371542853,8.687589182338199,8.569924317566125,8.667978371542853,3576310.0,31479622.0
2026-04-15,8.707199993133546,8.717005398531217,8.55031350677078,8.569924317566125,2864300.0,25153560.0
2026-04-16,8.618951344554487,8.72681080392889,8.579729722963796,8.707199993133546,4500585.0,39743704.0
2026-04-17,8.72681080392889,8.775837830917254,8.628756749952162,8.648367560747507,3711200.0,32849608.0
2026-04-20,8.65817296614518,8.697394587735872,8.579729722963796,8.667978371542853,3543000.0,31238556.0
2026-04-21,8.697394587735872,8.707199993133546,8.55031350677078,8.560118912168452,3300506.0,28910520.0
2026-04-22,8.55031350677078,8.609145939156814,8.520897290577759,8.609145939156814,3430924.0,30015520.0
2026-04-23,8.579729722963796,8.599340533759142,8.481675668987068,8.530702695975432,3818502.0,33181854.0
2026-04-24,8.501286479782413,8.55031350677078,8.38362161501034,8.501286479782413,3317100.0,28643384.0
2026-04-27,8.511091885180086,9.354356749379956,8.432648641998703,9.354356749379956,23773008.0,219298944.0
2026-04-28,9.354356749379956,10.256454045965866,9.275913506198574,9.815210803070583,44461108.0,441380704.0
2026-04-29,9.540659451935742,10.089762154205424,9.521048641140396,9.942681073240331,32176476.0,322133312.0
2026-04-30,9.90345945164964,10.148594586591463,9.707351343696182,9.707351343696182,19228152.0,192961360.0
2026-05-06,9.707351343696182,10.178010802784481,9.53085404653807,9.981902694831023,24402792.0,247263552.0
2026-05-07,10.089762154205424,10.158399991989135,9.883848640854294,10.079956748807751,15993397.0,163461376.0
2026-05-08,10.050540532614733,10.344702694544921,9.923070262444984,10.246648640568191,17941662.0,186583808.0
2026-05-11,10.236843235170518,10.570227018691398,10.236843235170518,10.334897289147246,19250648.0,204271360.0
2026-05-12,10.334897289147246,10.393729721533285,10.079956748807751,10.13878918119379,11114046.0,115543528.0
2026-05-13,10.197621613579827,10.285870262158884,10.021124316421716,10.089762154205424,12246557.0,126919496.0
2026-05-14,10.060345938012405,10.148594586591463,9.834821613865929,9.834821613865929,11841846.0,119751760.0
2026-05-15,9.844627019263601,10.001513505626368,9.707351343696182,9.80540539767291,9705100.0,97501864.0
2026-05-18,9.707351343696182,9.981902694831023,9.697545938298509,9.815210803070583,7883000.0,78905024.0
2026-05-19,9.952486478638004,10.168205397386808,9.638713505912472,9.746572965286873,11822503.0,119352328.0
2026-05-20,9.658324316707816,9.707351343696182,9.50143783034505,9.560270262731088,8125768.0,79249984.0
2026-05-21,9.589686478924106,9.795599992275237,9.011167560461404,9.069999992847443,13946790.0,133862712.0
2026-05-22,9.26,9.37,8.9,9.21,11955300.0,108836440.0
2026-05-25,9.25,9.34,8.98,9.06,6493111.0,59130172.0
2026-05-26,9.05,9.07,8.73,8.89,8621100.0,76547408.0
2026-05-27,8.82,8.93,8.4,8.56,11248500.0,96506632.0
2026-05-28,8.53,8.56,8.3,8.41,10144797.0,85583760.0
2026-05-29,8.38,8.51,8.28,8.32,8035821.0,67414552.0
2026-06-01,8.32,8.41,8.1,8.41,8626329.0,71720536.0
2026-06-02,8.41,8.41,8.07,8.12,8847500.0,71987728.0
2026-06-03,8.08,8.11,7.92,8.0,8016900.0,64209572.0
2026-06-04,7.98,8.06,7.73,7.8,7597700.0,59509740.0
2026-06-05,7.81,7.96,7.72,7.89,7351501.0,57720996.0
2026-06-08,7.77,8.2,7.71,7.84,8652502.0,68569360.0
2026-06-09,7.84,8.07,7.7,8.02,8485011.0,67156632.0
2026-06-10,7.98,8.24,7.92,8.2,9790512.0,79611928.0
2026-06-11,8.14,8.3,7.9,8.13,8445700.0,68222624.0
2026-06-12,8.2,8.46,8.08,8.32,11203800.0,92715096.0
2026-06-15,8.33,8.95,8.3,8.87,15577000.0,134731360.0
2026-06-16,8.83,8.84,8.56,8.67,7851911.0,67988784.0
2026-06-17,8.62,9.02,8.61,8.71,7482201.0,65244744.0
2026-06-18,8.7,8.7,8.42,8.44,5558101.0,47335312.0
2026-06-22,8.43,8.62,8.1,8.51,9184750.0,76909816.0
2026-06-23,8.44,8.65,8.4,8.43,7501100.0,63978408.0
2026-06-24,8.38,8.45,8.1,8.19,7642193.0,62579304.0
2026-06-25,8.16,8.24,7.91,8.06,6852700.0,54978988.0
2026-06-26,7.98,8.05,7.81,7.89,4457123.0,35269192.0
2026-06-29,7.89,7.94,7.6,7.81,6946427.0,53963944.0
2026-06-30,7.79,7.97,7.72,7.97,5444901.0,42856656.0
2026-07-01,7.92,8.2,7.92,8.12,6170001.0,50058228.0
2026-07-02,8.09,8.3,8.02,8.05,5185304.0,42249784.0
2026-07-03,8.03,8.24,8.03,8.18,4687800.0,38243088.0
2026-07-06,8.26,8.32,8.11,8.14,3608904.0,29503424.0
2026-07-07,8.18,8.18,7.92,7.98,3966100.0,31721384.0
2026-07-08,7.95,8.11,7.91,8.06,3667699.0,29418752.0
2026-07-09,8.04,8.09,7.83,7.97,3706599.0,29493286.0
2026-07-10,7.98,8.19,7.88,8.06,3657700.0,29515832.0
2026-07-13,8.06,8.06,7.74,7.75,4646401.0,36532292.0
2026-07-14,7.77,7.94,7.65,7.93,4099400.0,32075572.0
2026-07-15,7.93,8.15,7.9,8.12,4019700.0,32524544.0
2026-07-16,8.13,8.18,8.03,8.1,3465100.0,28069766.0
2026-07-17,8.16,8.39,7.93,8.0,6407723.0,52253752.0
2026-07-20,8.03,8.14,7.79,7.89,5523668.0,43969416.0
2026-07-21,7.89,7.97,7.77,7.87,4969300.0,39009156.0
2026-07-22,7.82,7.88,7.66,7.69,4891000.0,37905708.0
2026-07-23,7.7,7.89,7.65,7.85,3408108.0,26487572.0
2026-07-24,7.8,7.89,7.63,7.66,3634869.0,28056304.0
2026-07-27,7.68,7.84,7.6,7.81,2873300.0,22314892.0
2026-07-28,7.78,7.92,7.76,7.88,3499014.0,27491784.0
2026-07-29,7.88,8.01,7.87,7.99,5085183.0,40437856.0
2026-07-30,7.95,8.09,7.86,7.93,3957200.0,31598550.0
2026-07-31,7.98,8.05,7.95,8.03,3002922.0,24046104.0
2026-08-03,8.03,8.12,8.03,8.11,2979300.0,24054860.0
2026-08-04,8.16,8.17,8.02,8.04,3160700.0,25510348.0
2026-08-05,8.08,8.11,7.98,8.06,4113200.0,33076180.0
2026-08-06,8.05,8.12,7.99,8.1,3844101.0,31011264.0
2026-08-07,8.1,8.1,7.89,7.96,5275400.0,41991732.0
2026-08-10,7.96,8.13,7.93,8.12,5905800.0,47697212.0
2026-08-11,8.14,8.14,8.0,8.1,3056701.0,24688630.0
2026-08-12,8.09,8.24,8.08,8.21,4490889.0,36744272.0
2026-08-13,8.22,8.25,8.1,8.11,4278400.0,34916032.0
2026-08-14,8.1,8.12,8.0,8.05,2675300.0,21509736.0
2026-08-17,8.02,8.16,7.97,8.14,4322533.0,35009280.0
2026-08-18,8.14,8.14,8.03,8.13,2671200.0,21599920.0
2026-08-19,8.12,8.12,7.96,7.99,3964935.0,31748920.0
2026-08-20,7.98,8.14,7.98,8.12,4420570.0,35820512.0
2026-08-21,8.1,8.14,7.97,8.14,3394711.0,27316724.0
2026-08-24,8.13,8.23,8.1,8.18,3937893.0,32173814.0
2026-08-25,8.14,8.37,8.14,8.34,5771747.0,47968300.0
2026-08-26,8.33,8.53,8.3,8.49,7529108.0,63653312.0
2026-08-27,8.47,8.5,8.34,8.45,5739943.0,48216536.0
2026-08-28,8.47,8.48,8.35,8.42,4162600.0,35008548.0
2026-08-31,8.38,8.42,8.32,8.39,4079100.0,34154912.0
2026-09-01,8.39,9.23,8.38,9.23,14827879.0,133899064.0
2026-09-02,9.55,10.15,9.23,10.15,38005940.0,381073824.0
2026-09-03,10.5,11.17,9.72,10.16,117388360.0,1264272000.0
2026-09-04,10.0,10.49,9.55,9.79,90559200.0,905503296.0
