date,open,high,low,close,volume,amount
2017-07-05,0.7210146910702202,0.8650928862581275,0.7210146910702202,0.8650928862581275,11164.0,154696.84375
2017-07-06,0.9517892894231453,0.9517892894231453,0.9517892894231453,0.9517892894231453,3388.0,51700.87890625
2017-07-07,1.0472177044177333,1.0472177044177333,1.0472177044177333,1.0472177044177333,6775.0,113752.25
2017-07-10,1.152001846372575,1.152001846372575,1.152001846372575,1.152001846372575,13828.0,255403.15625
2017-07-11,1.2673891455490376,1.2673891455490376,1.2673891455490376,1.2673891455490376,60748.0,1234399.375
2017-07-12,1.3940033170778048,1.3940033170778048,1.3940033170778048,1.3940033170778048,102749.0,2296440.25
2017-07-13,1.533715506350927,1.533715506350927,1.533715506350927,1.533715506350927,107649.0,2647089.0
2017-07-14,1.687149428499088,1.687149428499088,1.515627767561103,1.5493083846180165,17700892.0,445237952.0
2017-07-17,1.4719677084132523,1.4719677084132523,1.3946270322084882,1.3946270322084882,9030592.0,204272128.0
2017-07-18,1.312920350088939,1.3659361361970435,1.2736262968558736,1.3266420829639778,8498480.0,180011104.0
2017-07-19,1.2954563264297987,1.3185337862650912,1.259280848850151,1.3010697626059509,7640444.0,158162320.0
2017-07-20,1.2885954599922793,1.342858676361751,1.269884006071772,1.2754974422479242,6310960.0,132181632.0
2017-07-21,1.2586571337194674,1.269884006071772,1.2224816561398197,1.2424405403216945,6095041.0,121579544.0
2017-07-24,1.219363080486402,1.2692602909410884,1.205641347611363,1.2586571337194674,5443160.0,108391776.0
2017-07-25,1.2505488370205808,1.2661417152876704,1.2380745344069093,1.2617757093728854,3705205.0,74346376.0
2017-07-26,1.259280848850151,1.2717551514638228,1.2293425225773391,1.2374508192762257,3563277.0,71544608.0
2017-07-27,1.2224816561398197,1.2842294540774943,1.2168682199636676,1.2811108784240763,5487702.0,110298968.0
2017-07-28,1.2692602909410884,1.2842294540774943,1.2574097034581002,1.259280848850151,4124155.0,84089632.0
2017-07-31,1.2542911278046824,1.2611519942422016,1.2393219646682765,1.24867769162853,3105599.0,62204760.0
2017-08-01,1.247430261367163,1.2567859883274166,1.2287188074466555,1.2455591159751123,2573760.0,51277028.0
2017-08-02,1.244311685713745,1.2499251218898972,1.2168682199636676,1.2218579410091361,2458740.0,48748968.0
2017-08-03,1.2156207897023001,1.2362033890148585,1.1975330509124764,1.2093836383954646,2783237.0,54223500.0
2017-08-04,1.210007353526148,1.2224816561398197,1.1850587482988049,1.1869298936908557,2990490.0,57514092.0
2017-08-07,1.1888010390829062,1.213125929179566,1.1888010390829062,1.2043939173499958,2401281.0,46234068.0
2017-08-08,1.2000279114352106,1.2156207897023001,1.1838113180374377,1.2081362081340974,2410741.0,46393864.0
2017-08-09,1.1987804811738436,1.2093836383954646,1.1950381903897422,1.196909335781793,1395453.0,26887632.0
2017-08-10,1.1962856206511092,1.2218579410091361,1.1912958996056406,1.2106310686568318,3224369.0,62452584.0
2017-08-11,1.2018990568272616,1.2530436975433152,1.2018990568272616,1.2256002317932375,4162398.0,82329424.0
2017-08-14,1.2224816561398197,1.2717551514638228,1.2168682199636676,1.268012860679721,4705471.0,94582688.0
2017-08-15,1.2786160179013422,1.280487163293393,1.2530436975433152,1.2686365758104048,3322580.0,67355768.0
2017-08-16,1.268012860679721,1.3347503796628644,1.2611519942422016,1.3197812165264584,6744850.0,141351264.0
2017-08-17,1.3104254895662049,1.3210286467878256,1.2973274718218495,1.312920350088939,3185191.0,66702320.0
2017-08-18,1.309801774435521,1.309801774435521,1.2655180001569868,1.2761211573786078,2996209.0,61802664.0
2017-08-21,1.2717551514638228,1.3528381184526883,1.271131436333139,1.3434823914924345,5512091.0,117154968.0
2017-08-22,1.3347503796628644,1.3584515546288405,1.2942088961684315,1.2991986172139,6479661.0,136875248.0
2017-08-23,1.2867243146002285,1.3378689553162824,1.2767448725092911,1.3172863560037242,4480043.0,94027208.0
2017-08-24,1.3048120533900527,1.360322700020891,1.2960800415604825,1.3172863560037242,5919947.0,125939120.0
2017-08-25,1.2973274718218495,1.4283076492654014,1.2973274718218495,1.4258127887426673,9372244.0,206188704.0
2017-08-28,1.4326736551801866,1.4969163136405956,1.3946270322084882,1.481323435373506,12412314.0,288742880.0
2017-08-29,1.447019103185909,1.5518032451407506,1.435168515702921,1.45762226040753,11938570.0,284514752.0
2017-08-30,1.4301787946574522,1.5281020701747747,1.4226942130892493,1.5168751978224702,10842547.0,257767600.0
2017-08-31,1.5281020701747747,1.6073138917715895,1.5243597793906731,1.5705146990612582,11775006.0,294607904.0
2017-09-01,1.5536743905328014,1.5767518503680942,1.4900554472030763,1.5137566221690522,8445505.0,206431888.0
2017-09-04,1.4969163136405956,1.5093906162542672,1.4582459755382136,1.4594934057995805,6213395.0,147468992.0
2017-09-05,1.4676017024984673,1.5012823195553806,1.4563748301461628,1.4913028774644435,4570881.0,109022656.0
2017-09-06,1.4719677084132523,1.47508628406667,1.3971218927312226,1.4339210854415538,5870010.0,134706288.0
2017-09-07,1.4407819518790734,1.4744625689359867,1.4289313643960853,1.4407819518790734,4894922.0,113822880.0
2017-09-08,1.442653097271124,1.45762226040753,1.4058539045607927,1.4289313643960853,3659407.0,84004512.0
2017-09-11,1.447019103185909,1.4719677084132523,1.4382870913563388,1.4663542722371001,3347326.0,78202328.0
2017-09-12,1.4626119814529985,1.4669779873677837,1.4127147709983119,1.4158333466517299,4004077.0,92075448.0
2017-09-13,1.4133384861289957,1.4295550795267689,1.4058539045607927,1.4270602190040345,2150490.0,48981872.0
2017-09-14,1.4301787946574522,1.4594934057995805,1.4220704979585659,1.4520088242313778,3170938.0,73458896.0
2017-09-15,1.4551273998847956,1.4950451682485448,1.4283076492654014,1.435168515702921,5736543.0,135341632.0
2017-09-18,1.4189519223051479,1.4195756374358315,1.3802815842027658,1.4027353289073747,3916054.0,87644160.0
2017-09-19,1.4052301894301091,1.4139622012596793,1.3915084565550702,1.4052301894301091,2066910.0,46484280.0
2017-09-20,1.4120910558676285,1.4289313643960853,1.4046064742994255,1.4283076492654014,2526613.0,57439880.0
2017-09-21,1.420199352566515,1.4507613939700106,1.4058539045607927,1.4058539045607927,2656889.0,60923868.0
2017-09-22,1.4102199104755777,1.5081431859929,1.3946270322084882,1.4937977379871776,7001880.0,164244304.0
2017-09-25,1.484442011026924,1.514380337299736,1.4663542722371001,1.470720278151885,5199972.0,124193776.0
2017-09-26,1.4688491327598345,1.4869368715496583,1.3846475901175508,1.4033590440380583,3934643.0,89949800.0
2017-09-27,1.3971218927312226,1.4208230676971987,1.3796578690720822,1.408348765083527,1927101.0,43354564.0
2017-09-28,1.408348765083527,1.4314262249188194,1.3958744624698554,1.4008641835153242,2036857.0,46164044.0
2017-09-29,1.3971218927312226,1.411467340736945,1.3940033170778048,1.4033590440380583,1568409.0,35253496.0
2017-10-09,1.4183282071744643,1.4582459755382136,1.4183282071744643,1.4401582367483896,2517045.0,58018136.0
2017-10-10,1.4339210854415538,1.4732151386746195,1.4332973703108702,1.4688491327598345,2493403.0,58228388.0
2017-10-11,1.4657305571064165,1.4950451682485448,1.4414056670097568,1.4495139637086434,2983469.0,70014288.0
2017-10-12,1.45762226040753,1.488808016941709,1.4445242426631748,1.4863131564189747,3369932.0,79500728.0
2017-10-13,1.484442011026924,1.5574166813169028,1.478204859720088,1.5237360642599895,6470660.0,158637376.0
2017-10-16,1.5162514826917866,1.5168751978224702,1.4376633762256554,1.4463953880552256,4417793.0,104343992.0
2017-10-17,1.4407819518790734,1.4956688833792284,1.4376633762256554,1.485689441288291,2871142.0,67775088.0
2017-10-18,1.4819471505041897,1.5199937734758882,1.447019103185909,1.4619882663223152,3632575.0,86803832.0
2017-10-19,1.4594934057995805,1.465106841975733,1.4002404683846403,1.4120910558676285,2539521.0,58157616.0
2017-10-20,1.4108436256062613,1.4432768124018076,1.4002404683846403,1.439534521617706,1350880.0,30768148.0
2017-10-23,1.4301787946574522,1.4557511150154792,1.4283076492654014,1.4488902485779598,1597125.0,36986516.0
2017-10-24,1.4414056670097568,1.450137678839327,1.4046064742994255,1.427683934134718,1706855.0,38963084.0
2017-10-25,1.4220704979585659,1.5231123491293062,1.421446782827882,1.5162514826917866,5650573.0,134454016.0
2017-10-26,1.5106380465156344,1.539328942527079,1.4906791623337596,1.534962936612294,5113214.0,123779304.0
2017-10-27,1.5199937734758882,1.5499320997487,1.4913028774644435,1.542447518180497,4782987.0,116549072.0
2017-10-30,1.514380337299736,1.5330917912202433,1.4526325393620612,1.4582459755382136,4679860.0,110740488.0
2017-10-31,1.4594934057995805,1.5998293102033865,1.443900527532491,1.5599115418396374,6162151.0,149770496.0
2017-11-01,1.5518032451407506,1.5967107345499687,1.5412000879191299,1.5848601470669805,8275487.0,208713104.0
2017-11-02,1.572385844453309,1.6098087522943239,1.5493083846180165,1.5817415714135625,6184110.0,156176320.0
2017-11-03,1.5686435536692074,1.6403707936978194,1.5555455359248522,1.5935921588965507,6660930.0,170443216.0
2017-11-06,1.6029478858568045,1.64224193908987,1.5511795300100673,1.6409945088285027,6652430.0,170523600.0
2017-11-07,1.6278964910841478,1.6391233634364522,1.5967107345499687,1.6029478858568045,5397389.0,139751376.0
2017-11-08,1.597958164811336,1.6204119095159448,1.5580403964475866,1.5611589721010046,5819461.0,148468144.0
2017-11-09,1.5493083846180165,1.5567929661862194,1.5218649188679387,1.5505558148793837,3834706.0,94600328.0
2017-11-10,1.5530506754021178,1.5848601470669805,1.536834082004345,1.5405763727884463,4262508.0,106798448.0
2017-11-13,1.5480609543566493,1.5954633042886013,1.5405763727884463,1.5904735832431327,4263041.0,107651056.0
2017-11-14,1.5836127168056133,1.5836127168056133,1.5118854767770014,1.530596930697509,4378858.0,108763208.0
2017-11-15,1.5243597793906731,1.5374577971350283,1.4520088242313778,1.4557511150154792,4124521.0,98657512.0
2017-11-16,1.4657305571064165,1.481323435373506,1.4239416433506165,1.4270602190040345,3198595.0,74688736.0
2017-11-17,1.4326736551801866,1.4401582367483896,1.309801774435521,1.3266420829639778,3837319.0,84549288.0
2017-11-20,1.3154152106116734,1.3335029494014972,1.2767448725092911,1.3272657980946614,2556913.0,53584948.0
2017-11-21,1.3266420829639778,1.3347503796628644,1.266765430418354,1.2967037566911659,2625325.0,54741468.0
2017-11-22,1.3073069139127869,1.316038925742357,1.2723788665945062,1.2917140356456973,1693226.0,35197204.0
2017-11-23,1.28173459355476,1.2917140356456973,1.2436879705830615,1.2455591159751123,1969050.0,40018632.0
2017-11-24,1.236827104145542,1.2630231396342526,1.236827104145542,1.247430261367163,1095675.0,21947086.0
2017-11-27,1.2480539764978467,1.259280848850151,1.2224816561398197,1.2293425225773391,1038100.0,20638540.0
2017-11-28,1.2380745344069093,1.2648942850263034,1.2287188074466555,1.2623994245035688,1339399.0,26886776.0
2017-11-29,1.2642705698956196,1.2648942850263034,1.2287188074466555,1.2461828311057959,1366426.0,27238866.0
2017-11-30,1.235579673884175,1.2717551514638228,1.235579673884175,1.258033418588784,1466224.0,29645562.0
2017-12-01,1.2567859883274166,1.2779923027706583,1.2530436975433152,1.2754974422479242,1148223.0,23344450.0
2017-12-04,1.2717551514638228,1.2717551514638228,1.1881773239522229,1.1931670449976912,2496722.0,49065380.0
2017-12-05,1.186306178560172,1.2068887778727302,1.1170737990542945,1.1345378227134348,2032947.0,37853704.0
2017-12-06,1.1189449444463453,1.1569915674180438,1.1189449444463453,1.1557441371566766,1447721.0,26489412.0
2017-12-07,1.1457646950657392,1.1644761489862467,1.1413986891509542,1.155120422025993,1010350.0,18688560.0
2017-12-08,1.15636785228736,1.1950381903897422,1.155120422025993,1.184435033168121,1333329.0,25234820.0
2017-12-11,1.184435033168121,1.1975330509124764,1.1788215969919689,1.1912958996056406,789496.0,15058343.0
2017-12-12,1.1888010390829062,1.190672184474957,1.1688421549010317,1.1694658700317153,811200.0,15318413.0
2017-12-13,1.174455591077184,1.190672184474957,1.1644761489862467,1.1888010390829062,730595.0,13837752.0
2017-12-14,1.1888010390829062,1.196909335781793,1.175703021338551,1.1919196147363242,680186.0,12942614.0
2017-12-15,1.1850587482988049,1.196909335781793,1.1276769562759152,1.1825638877760705,855664.0,16222395.0
2017-12-18,1.1788215969919689,1.1869298936908557,1.1675947246396645,1.1732081608158167,616775.0,11611222.0
2017-12-19,1.1713370154237661,1.1925433298670078,1.1713370154237661,1.1888010390829062,788700.0,15002015.0
2017-12-20,1.1888010390829062,1.1888010390829062,1.1601101430714618,1.1638524338555631,629099.0,11831065.0
2017-12-21,1.1538729917646258,1.1663472943782973,1.1233109503611303,1.1582389976794107,1008311.0,18588516.0
2017-12-22,1.1582389976794107,1.1650998641169301,1.1376563983668526,1.1607338582021451,731874.0,13606151.0
2017-12-25,1.1607338582021451,1.1607338582021451,1.1283006714065988,1.1470121253271064,760675.0,13909860.0
2017-12-26,1.140151258889587,1.193790760128375,1.140151258889587,1.187553608821539,1565844.0,29504388.0
2017-12-27,1.1800690272533363,1.2087599232647808,1.1800690272533363,1.1962856206511092,2050935.0,39433840.0
2017-12-28,1.1894247542135898,1.226847662054605,1.1856824634294885,1.2249765166625541,2172735.0,42288576.0
2017-12-29,1.216244504832984,1.2380745344069093,1.216244504832984,1.2362033890148585,1657023.0,32619660.0
2018-01-02,1.235579673884175,1.2386982495375929,1.2199867956170853,1.226847662054605,1025160.0,20167944.0
2018-01-03,1.2231053712705033,1.2318373831000735,1.2112547837875154,1.2262239469239211,1108908.0,21715174.0
2018-01-04,1.2199867956170853,1.2287188074466555,1.2050176324806794,1.2087599232647808,861100.0,16763104.0
2018-01-05,1.2137496443102496,1.2231053712705033,1.2075124930034138,1.217491935094351,899375.0,17557522.0
2018-01-08,1.217491935094351,1.2280950923159721,1.2087599232647808,1.2274713771852883,834197.0,16310900.0
2018-01-09,1.2224816561398197,1.2867243146002285,1.2118784989181988,1.271131436333139,3219873.0,64889928.0
2018-01-10,1.2505488370205808,1.2661417152876704,1.2168682199636676,1.2274713771852883,1949671.0,38707092.0
2018-01-11,1.2218579410091361,1.2599045639808346,1.2087599232647808,1.2393219646682765,1147950.0,22771186.0
2018-01-12,1.2399456797989599,1.2567859883274166,1.223729086401187,1.2374508192762257,1225962.0,24373106.0
2018-01-15,1.2280950923159721,1.236827104145542,1.1975330509124764,1.2025227719579452,1113001.0,21720576.0
2018-01-16,1.1869298936908557,1.251796267281948,1.1869298936908557,1.2436879705830615,1272986.0,25223486.0
2018-01-17,1.2424405403216945,1.2648942850263034,1.2362033890148585,1.2574097034581002,1686584.0,33862332.0
2018-01-18,1.2480539764978467,1.2623994245035688,1.2436879705830615,1.2524199824126314,867700.0,17406606.0
2018-01-19,1.2524199824126314,1.2655180001569868,1.2287188074466555,1.2330848133614405,1160999.0,23265410.0
2018-01-22,1.2305899528387063,1.2305899528387063,1.2006516265658944,1.2181156502250348,883659.0,17184514.0
2018-01-23,1.216244504832984,1.2262239469239211,1.2106310686568318,1.2168682199636676,710999.0,13876096.0
2018-01-24,1.217491935094351,1.2449354008444287,1.213125929179566,1.2380745344069093,972785.0,19235408.0
2018-01-25,1.2349559587534913,1.2524199824126314,1.2318373831000735,1.2349559587534913,902098.0,17953476.0
2018-01-26,1.2280950923159721,1.236827104145542,1.2062650627420466,1.210007353526148,949325.0,18557490.0
2018-01-29,1.2149970745716168,1.2274713771852883,1.1962856206511092,1.1987804811738436,823560.0,15940325.0
2018-01-30,1.1975330509124764,1.2143733594409332,1.1900484693442734,1.2143733594409332,567022.0,10973677.0
2018-01-31,1.213125929179566,1.2149970745716168,1.1538729917646258,1.1638524338555631,968355.0,18323448.0
2018-02-01,1.1694658700317153,1.1813164575147035,1.1214398049690795,1.132666677321384,1062335.0,19639664.0
2018-02-02,1.1233109503611303,1.1276769562759152,1.0696714491223422,1.1070943569633571,732920.0,12980549.0
2018-02-05,1.1008572056565213,1.1033520661792557,1.068424018860975,1.0740374550371272,706969.0,12344541.0
2018-02-06,1.0590682919007215,1.0590682919007215,0.9667584525595513,0.9667584525595513,1092575.0,17734444.0
2018-02-07,0.9973204939630468,1.007299936053984,0.9542841499458797,0.9854699064800588,713422.0,11285704.0
2018-02-08,0.9848461913493751,1.0091710814460348,0.9829750459573244,1.0054287906619335,526660.0,8466612.0
2018-02-09,0.9842224762186915,0.9885884821334766,0.9467995683776766,0.9623924466447662,689375.0,10754370.0
2018-02-12,0.97174817360502,1.0041813604005663,0.97174817360502,0.9942019183096289,516709.0,8239430.5
2018-02-13,1.007299936053984,1.007299936053984,0.9879647670027931,0.9892121972641602,336700.0,5374096.0
2018-02-14,0.9873410518721095,0.9954493485709961,0.9798564703039065,0.9917070577868946,352900.0,5591905.0
2018-02-22,0.9960730637016797,1.011665941968769,0.9960730637016797,1.0085473663153515,337900.0,5451448.5
2018-02-23,1.010418511707402,1.02226909919039,1.0048050755312496,1.021021668929023,413600.0,6728355.0
2018-02-26,1.0322485412813274,1.0571971465086705,1.0228928143210736,1.0528311405938855,664575.0,11173828.0
2018-02-27,1.0503362800711513,1.0578208616393543,1.0428516985029481,1.0515837103325183,458400.0,7714190.0
2018-02-28,1.0440991287643153,1.044722843894999,1.0303773958892766,1.0378619774574795,686535.0,11427256.0
2018-03-01,1.0278825353665424,1.0528311405938855,1.0247639597131244,1.0522074254632021,844974.0,14131764.0
2018-03-02,1.0871354727814826,1.0871354727814826,1.0540785708552527,1.0547022859859363,1466650.0,25186600.0
2018-03-05,1.0472177044177333,1.0671765885996078,1.0428516985029481,1.0659291583382409,817900.0,13843246.0
2018-03-06,1.0628105826848229,1.0802746063439632,1.0621868675541393,1.0752848852984944,888200.0,15274767.0
2018-03-07,1.075908600429178,1.0989860602644705,1.0678003037302917,1.0765323155598618,756849.0,13107840.0
2018-03-08,1.0784034609519124,1.0971149148724197,1.0734137399064438,1.0958674846110528,1247086.0,21777008.0
2018-03-09,1.0977386300031036,1.1183212293156617,1.0977386300031036,1.1164500839236107,1322424.0,23564402.0
2018-03-12,1.1170737990542945,1.140151258889587,1.11457893853156,1.1245583806224975,1603649.0,28948644.0
2018-03-13,1.1208160898383959,1.1208160898383959,1.0989860602644705,1.1008572056565213,1506874.0,26807634.0
2018-03-14,1.1021046359178885,1.1183212293156617,1.0971149148724197,1.1039757813099391,813099.0,14429180.0
2018-03-15,1.098362345133787,1.1008572056565213,1.032872256412011,1.0628105826848229,1875799.0,32031256.0
2018-03-16,1.0515837103325183,1.0784034609519124,1.0515837103325183,1.0721663096450766,886520.0,15191400.0
2018-03-19,1.071542594514393,1.1077180720940407,1.0671765885996078,1.0946200543496856,1237499.0,21722394.0
2018-03-20,1.090877763565584,1.1077180720940407,1.0771560306905452,1.1008572056565213,979900.0,17169664.0
2018-03-21,1.1008572056565213,1.1208160898383959,1.1008572056565213,1.10584692670199,1503000.0,26785760.0
2018-03-22,1.104599496440623,1.1432698345430048,1.0946200543496856,1.1245583806224975,1653660.0,29783002.0
2018-03-23,1.0971149148724197,1.1064706418326735,1.0185268084062884,1.0322485412813274,1778300.0,30463704.0
2018-03-26,1.0197742386676558,1.0827694668666974,0.9979442090937304,1.0765323155598618,1664675.0,28101414.0
2018-03-27,1.0871354727814826,1.1339141075827512,1.0784034609519124,1.1064706418326735,1456200.0,25811620.0
2018-03-28,1.0915014786962676,1.126429526014548,1.082145751736014,1.1077180720940407,1300800.0,23216924.0
2018-03-29,1.1152026536622437,1.1513781312418916,1.1102129326167751,1.1482595555884736,2294152.0,41804876.0
2018-03-30,1.1538729917646258,1.155120422025993,1.1413986891509542,1.1488832707191572,1614807.0,29692024.0
2018-04-02,1.1488832707191572,1.184435033168121,1.1426461194123214,1.1513781312418916,1861951.0,34554648.0
2018-04-03,1.132666677321384,1.175703021338551,1.1214398049690795,1.1713370154237661,1994553.0,37019076.0
2018-04-04,1.1713370154237661,1.1919196147363242,1.1644761489862467,1.1850587482988049,2252979.0,42584352.0
2018-04-09,1.1725844456851333,1.1912958996056406,1.1476358404577898,1.187553608821539,1696525.0,31886910.0
2018-04-10,1.1788215969919689,1.2000279114352106,1.1507544161112078,1.175703021338551,1799037.0,33914084.0
2018-04-11,1.174455591077184,1.1994041963045272,1.1738318759465003,1.1856824634294885,1820795.0,34714996.0
2018-04-12,1.1819401726453869,1.205641347611363,1.1738318759465003,1.187553608821539,1977224.0,37743368.0
2018-04-13,1.1962856206511092,1.210007353526148,1.1663472943782973,1.1732081608158167,1521875.0,28920518.0
2018-04-16,1.1707133002930825,1.1850587482988049,1.1407749740202704,1.155120422025993,1141558.0,21182820.0
2018-04-17,1.1582389976794107,1.166971009508981,1.0883829030428496,1.101480920787205,1311828.0,23921442.0
2018-04-18,1.104599496440623,1.1339141075827512,1.0603157221620885,1.1289243865372827,1767348.0,31067896.0
2018-04-19,1.1226872352304467,1.1725844456851333,1.1183212293156617,1.1276769562759152,1499413.0,27508276.0
2018-04-20,1.1102129326167751,1.1102129326167751,1.0621868675541393,1.0709188793837094,1898439.0,33071876.0
2018-04-23,1.07279002477576,1.0796508912132794,1.0571971465086705,1.0721663096450766,763700.0,13116021.0
2018-04-24,1.0752848852984944,1.1139552234008765,1.0752848852984944,1.1127077931395093,1182214.0,20858584.0
2018-04-25,1.10584692670199,1.129548101667966,1.10584692670199,1.1239346654918139,1139800.0,20483608.0
2018-04-26,1.1245583806224975,1.1276769562759152,1.0915014786962676,1.095243769480369,802700.0,14253699.0
2018-04-27,1.1002334905258377,1.1052232115713063,1.0840168971280646,1.0858880425201154,634000.0,11123704.0
2018-05-02,1.093996339219002,1.1021046359178885,1.0646817280768737,1.0771560306905452,612599.0,10629628.0
2018-05-03,1.0752848852984944,1.1077180720940407,1.0559497162473035,1.104599496440623,979424.0,17101760.0
2018-05-04,1.1008572056565213,1.1289243865372827,1.0971149148724197,1.1070943569633571,967325.0,17265634.0
2018-05-07,1.1070943569633571,1.1495069858498406,1.1070943569633571,1.1457646950657392,1267249.0,23097446.0
2018-05-08,1.135785252974802,1.162605003594196,1.135785252974802,1.1532492766339422,947050.0,17435244.0
2018-05-09,1.1507544161112078,1.1725844456851333,1.1476358404577898,1.165723579247614,1532636.0,28508568.0
2018-05-10,1.1619812884635123,1.1732081608158167,1.1507544161112078,1.1663472943782973,1295899.0,24165816.0
2018-05-11,1.1675947246396645,1.1694658700317153,1.140151258889587,1.1420224042816376,1262999.0,23337814.0
2018-05-14,1.1307955319293332,1.2006516265658944,1.1301718167986496,1.1738318759465003,3216186.0,60592196.0
2018-05-15,1.1750793062078675,1.1944144752590584,1.1532492766339422,1.1919196147363242,2395699.0,45060548.0
2018-05-16,1.184435033168121,1.184435033168121,1.1582389976794107,1.1613575733328287,1437149.0,27024728.0
2018-05-17,1.1632287187248793,1.187553608821539,1.1576152825487271,1.1794453121226527,1406000.0,26538072.0
2018-05-18,1.1788215969919689,1.1950381903897422,1.1688421549010317,1.1919196147363242,1506375.0,28555946.0
2018-05-21,1.19815676604316,1.210007353526148,1.1912958996056406,1.2087599232647808,2230949.0,42947692.0
2018-05-22,1.2006516265658944,1.210007353526148,1.1888010390829062,1.2068887778727302,1871500.0,36036948.0
2018-05-23,1.205641347611363,1.2599045639808346,1.1788215969919689,1.1850587482988049,3447800.0,67720656.0
2018-05-24,1.1707133002930825,1.1975330509124764,1.1694658700317153,1.1925433298670078,1836719.0,34822476.0
2018-05-25,1.1869298936908557,1.3079306290434702,1.1869298936908557,1.251796267281948,6692372.0,134746352.0
2018-05-28,1.2561622731967332,1.2661417152876704,1.1850587482988049,1.2106310686568318,4218993.0,82518920.0
2018-05-29,1.1912958996056406,1.2349559587534913,1.1850587482988049,1.186306178560172,2397042.0,46459692.0
2018-05-30,1.1694658700317153,1.1694658700317153,1.071542594514393,1.0996097753951541,2673415.0,48166452.0
2018-05-31,1.1127077931395093,1.1413986891509542,1.108965502355408,1.137032683236169,1349525.0,24390570.0
2018-06-01,1.2582321004880834,1.2820516391387489,1.2302091138402418,1.2400171591669864,1442374.0,25848334.0
2018-06-04,1.2407177338331825,1.2736447431443962,1.2407177338331825,1.2596332498204756,779700.0,14005834.0
2018-06-05,1.264537272483848,1.3156792231161587,1.252627503158515,1.3121763497851784,1844367.0,34089484.0
2018-06-06,1.3107752004527864,1.3303912911062752,1.3037694537908258,1.3135774991175704,1443624.0,27109042.0
2018-06-07,1.3170803724485507,1.3282895671076873,1.2827522138049448,1.2967637071288656,1247374.0,23198920.0
2018-06-08,1.2897579604669052,1.3009671551260418,1.2715430191458081,1.289057385800709,1065678.0,19552088.0
2018-06-11,1.287656236468317,1.338097612434432,1.268740720481024,1.3317924404386674,1934405.0,36043928.0
2018-06-12,1.3240861191105109,1.3507079564259605,1.2974642817950615,1.3444027844301962,2642099.0,50050788.0
2018-06-13,1.338097612434432,1.3472050830949802,1.285554512469729,1.2918596844654933,1875253.0,35362156.0
2018-06-14,1.2932608337978855,1.3577137030879207,1.2827522138049448,1.3528096804245484,4292440.0,81836712.0
2018-06-15,1.342301060431608,1.3437022097640001,1.2624355484852596,1.268040145814828,3526199.0,65394088.0
2018-06-19,1.2344125618374182,1.2344125618374182,1.1412361312333452,1.1419367058995413,2697465.0,45251464.0
2018-06-20,1.1279252125756205,1.1769654392093432,1.1230211899122482,1.1608522218868342,1585700.0,26163580.0
2018-06-21,1.155948199223462,1.1804683125403235,1.1125125699193077,1.115314868584092,1600200.0,26195246.0
2018-06-22,1.0893936059348384,1.1482418778953056,1.0893936059348384,1.1391344072347571,895800.0,14417164.0
2018-06-25,1.1510441765600896,1.1692591178811869,1.1342303845713848,1.139834981900953,830000.0,13658652.0
2018-06-26,1.1286257872418164,1.1657562445502065,1.1139137192516997,1.1622533712192262,1041000.0,17090112.0
2018-06-27,1.1580499232220502,1.1860729098698917,1.15454704989107,1.1643550952178146,953500.0,15884465.0
2018-06-28,1.1629539458854226,1.1734625658783628,1.1419367058995413,1.1496430272276976,894400.0,14827879.0
2018-06-29,1.155948199223462,1.1888752085346757,1.1454395792305214,1.1804683125403235,1327698.0,22192834.0
2018-07-02,1.1867734845360878,1.1881746338684798,1.137733257902365,1.1510441765600896,1166889.0,19468772.0
2018-07-03,1.155948199223462,1.1881746338684798,1.1447390045643253,1.1825700365389114,1125691.0,18785626.0
2018-07-04,1.1783665885417351,1.1783665885417351,1.1349309592375807,1.1468407285629136,1180700.0,19440804.0
2018-07-05,1.1503436018938937,1.1552476245572658,1.1097102712545235,1.1111114205869155,975215.0,15836138.0
2018-07-06,1.115314868584092,1.1454395792305214,1.0928964792658187,1.119518316581268,1075974.0,17256056.0
2018-07-09,1.1293263619080127,1.15454704989107,1.123721764578444,1.1475413032291095,844399.0,13749312.0
2018-07-10,1.1503436018938937,1.1671573938825985,1.1412361312333452,1.1629539458854226,964024.0,15880700.0
2018-07-11,1.1482418778953056,1.1482418778953056,1.1139137192516997,1.1293263619080127,1220600.0,19712302.0
2018-07-12,1.1286257872418164,1.1783665885417351,1.1265240632432283,1.1685585432149905,1679351.0,27809544.0
2018-07-13,1.1629539458854226,1.177666013875539,1.156648773889658,1.1650556698840104,912952.0,15174755.0
2018-07-16,1.1594510725544422,1.1734625658783628,1.153145900558678,1.1699596925473827,679874.0,11270636.0
2018-07-17,1.1608522218868342,1.1797677378741271,1.1524453258924818,1.1727619912121667,917900.0,15247278.0
2018-07-18,1.176264864543147,1.2063895751895766,1.1692591178811869,1.1825700365389114,2044715.0,34663900.0
2018-07-19,1.1769654392093432,1.1874740592022837,1.155948199223462,1.1650556698840104,1030900.0,17200364.0
2018-07-20,1.1650556698840104,1.1874740592022837,1.1587504978882461,1.1825700365389114,1062003.0,17846866.0
2018-07-23,1.1825700365389114,1.1895757832008718,1.1664568192164024,1.1867734845360878,896375.0,15122612.0
2018-07-24,1.1839711858713033,1.208491299188165,1.1769654392093432,1.2000844031938123,1498900.0,25646452.0
2018-07-25,1.2049884258571846,1.2049884258571846,1.1818694618727155,1.1853723352036958,1149600.0,19555084.0
2018-07-26,1.1853723352036958,1.1902763578670676,1.1706602672135789,1.1741631405445592,799715.0,13420096.0
2018-07-27,1.1699596925473827,1.1818694618727155,1.1699596925473827,1.1741631405445592,642000.0,10788825.0
2018-07-30,1.1811688872065194,1.1811688872065194,1.1454395792305214,1.151744751226286,689115.0,11441366.0
2018-07-31,1.1510441765600896,1.1797677378741271,1.1475413032291095,1.1657562445502065,685900.0,11439402.0
2018-08-01,1.1664568192164024,1.1860729098698917,1.1510441765600896,1.15454704989107,435674.0,7248054.5
2018-08-02,1.1580499232220502,1.1580499232220502,1.0858907326038583,1.1139137192516997,1079300.0,17234914.0
2018-08-03,1.119518316581268,1.1244223392446404,1.1069079725897395,1.1104108459207196,399400.0,6359104.0
2018-08-06,1.1174165925826798,1.1174165925826798,1.0774838366095059,1.082387859272878,542100.0,8492830.0
2018-08-07,1.1069079725897395,1.12091946591366,1.0886930312686423,1.1146142939178958,531400.0,8412727.0
2018-08-08,1.1104108459207196,1.1174165925826798,1.0928964792658187,1.0956987779306029,458555.0,7241774.5
2018-08-09,1.0956987779306029,1.1258234885770324,1.0956987779306029,1.1125125699193077,575100.0,9164304.0
2018-08-10,1.119518316581268,1.1244223392446404,1.1041056739249553,1.118117167248876,402600.0,6403080.0
2018-08-13,1.1104108459207196,1.1216200405798562,1.0963993525967988,1.1160154432502878,441975.0,6994089.0
2018-08-14,1.1146142939178958,1.1300269365742086,1.1139137192516997,1.1216200405798562,334200.0,5343076.0
2018-08-15,1.1272246379094244,1.1272246379094244,1.0970999272629949,1.099201651261583,357600.0,5646447.0
2018-08-16,1.0970999272629949,1.1041056739249553,1.0837890086052702,1.100602800593975,316700.0,4962768.0
2018-08-17,1.1048062485911512,1.115314868584092,1.0858907326038583,1.0886930312686423,456100.0,7195675.0
2018-08-20,1.0886930312686423,1.1062073979235432,1.0508619992940564,1.0858907326038583,626600.0,9591838.0
2018-08-21,1.0844895832714663,1.0963993525967988,1.0725798139461336,1.0907947552672306,396278.0,6141265.5
2018-08-22,1.0879924566024464,1.0886930312686423,1.063472343285585,1.064172917951781,320500.0,4910238.0
2018-08-23,1.063472343285585,1.080986709940486,1.0564665966236246,1.0753821126109175,334400.0,5106756.0
2018-08-24,1.0683763659489574,1.0781844112757017,1.0655740672841731,1.0718792392799374,346300.0,5299181.0
2018-08-27,1.0683763659489574,1.0985010765953869,1.0683763659489574,1.0914953299334265,525632.0,8151087.0
2018-08-28,1.0893936059348384,1.0956987779306029,1.0851901579376622,1.0914953299334265,308900.0,4803103.0
2018-08-29,1.0921959045996226,1.0921959045996226,1.0760826872771136,1.082387859272878,300952.0,4645516.5
2018-08-30,1.083088433939074,1.0851901579376622,1.059969469954605,1.064873492617977,346900.0,5304515.0
2018-08-31,1.0655740672841731,1.0921959045996226,1.0564665966236246,1.0655740672841731,597878.0,9159942.0
2018-09-03,1.061370619286997,1.083088433939074,1.0550654472912326,1.0788849859418979,571600.0,8722729.0
2018-09-04,1.0760826872771136,1.0844895832714663,1.0669752166165651,1.0760826872771136,436475.0,6705584.0
2018-09-05,1.0725798139461336,1.0879924566024464,1.0725798139461336,1.0725798139461336,452978.0,6978821.0
2018-09-06,1.0725798139461336,1.0774838366095059,1.062071193953193,1.0655740672841731,357500.0,5453445.0
2018-09-07,1.0704780899475455,1.0985010765953869,1.0669752166165651,1.0718792392799374,681799.0,10497875.0
2018-09-10,1.0669752166165651,1.0711786646137413,1.0508619992940564,1.0557660219574285,346580.0,5249178.0
2018-09-11,1.0515625739602523,1.064172917951781,1.0508619992940564,1.0557660219574285,373800.0,5637531.0
2018-09-12,1.0522631486264484,1.063472343285585,1.0522631486264484,1.059969469954605,334675.0,5053938.0
2018-09-13,1.064172917951781,1.0704780899475455,1.0571671712898207,1.0662746419503693,384650.0,5849333.0
2018-09-14,1.0711786646137413,1.0711786646137413,1.0564665966236246,1.062071193953193,314800.0,4779361.0
2018-09-17,1.061370619286997,1.061370619286997,1.0312459086405674,1.0347487819715475,414200.0,6153742.0
2018-09-18,1.0333476326391553,1.0473591259630761,1.023539587312411,1.04665855129688,314300.0,4663860.0
2018-09-19,1.0431556779659,1.0592688952884088,1.0340482073053514,1.0508619992940564,467499.0,6997266.0
2018-09-20,1.045257401964488,1.0543648726250365,1.0410539539673118,1.042455103299704,325750.0,4860024.0
2018-09-21,1.0431556779659,1.0592688952884088,1.0410539539673118,1.0550654472912326,373600.0,5588815.0
2018-09-25,1.0508619992940564,1.062771768619389,1.045257401964488,1.0564665966236246,277400.0,4176492.0
2018-09-26,1.0585683206222127,1.062771768619389,1.0522631486264484,1.0571671712898207,313250.0,4727456.0
2018-09-27,1.0578677459560166,1.0578677459560166,1.0305453339743713,1.0305453339743713,485775.0,7228441.0
2018-09-28,1.0298447593081752,1.043856252632096,1.024940736644803,1.0417545286335077,298775.0,4425706.0
2018-10-08,1.0340482073053514,1.0347487819715475,0.9808045326744526,0.988510854002609,599400.0,8639645.0
2018-10-09,0.9927143019997852,1.0011211979941377,0.987810279336413,0.9997200486617456,349275.0,4956325.5
2018-10-10,1.0004206233279416,1.0221384379800187,0.9962171753307655,1.0151326913180585,513300.0,7420767.0
2018-10-11,1.0018217726603338,1.0018217726603338,0.9191539620492012,0.9282614327097498,999449.0,13583239.0
2018-10-12,0.9247585593787695,0.9408717767012784,0.8897298260689677,0.9310637313745339,636500.0,8356571.0
2018-10-15,0.9352671793717101,0.9562844193575913,0.9107470660548488,0.9254591340449657,503900.0,6730598.0
2018-10-16,0.9254591340449657,0.9366683287041022,0.8981367220633202,0.9093459167224568,718980.0,9407860.0
2018-10-17,0.9177528127168092,0.93176430604073,0.9079447673900647,0.9289620073759458,599655.0,7888150.5
2018-10-18,0.9282614327097498,1.0067257953237059,0.9184533873830052,0.9401712020350824,1599451.0,21758576.0
2018-10-19,0.9282614327097498,0.9808045326744526,0.9212556860477894,0.9646913153519436,1220151.0,16702423.0
2018-10-22,0.9723976366801002,1.0102286686546862,0.9604878673547675,0.9948160259983733,1416876.0,19969446.0
2018-10-23,0.9906125780011972,0.9941154513321773,0.9667930393505318,0.9730982113462963,867800.0,12154741.0
2018-10-24,0.9667930393505318,0.9829062566730407,0.9632901660195516,0.9723976366801002,614300.0,8518694.0
2018-10-25,0.9450752246984547,0.9667930393505318,0.9352671793717101,0.9611884420209635,408275.0,5534596.5
2018-10-26,0.9660924646843357,0.9773016593434724,0.9618890166871596,0.9730982113462963,390175.0,5400575.0
2018-10-29,0.9759005100110802,0.9759005100110802,0.9569849940237873,0.9590867180223754,331100.0,4566236.5
2018-10-30,0.9646913153519436,0.9850079806716289,0.9632901660195516,0.9808045326744526,617976.0,8619587.0
2018-10-31,0.988510854002609,1.0788849859418979,0.9829062566730407,1.0788849859418979,2419774.0,37006892.0
2018-11-01,1.12091946591366,1.123721764578444,1.0515625739602523,1.0522631486264484,5063623.0,78873952.0
2018-11-02,1.0431556779659,1.0669752166165651,1.0396528046349198,1.0494608499616642,2144000.0,32069072.0
2018-11-05,1.0431556779659,1.062071193953193,1.0242401619786068,1.043856252632096,1834674.0,27392126.0
2018-11-06,1.0368505059701356,1.0368505059701356,1.0123303926532743,1.0242401619786068,1373049.0,20004640.0
2018-11-07,1.0165338406504505,1.0305453339743713,1.0165338406504505,1.0165338406504505,1032800.0,15076568.0
2018-11-08,1.0228390126462148,1.0417545286335077,1.0221384379800187,1.027743035309587,1135500.0,16703196.0
2018-11-09,1.0193361393152347,1.0242401619786068,1.0102286686546862,1.0221384379800187,648100.0,9432807.0
2018-11-12,1.0207372886476267,1.045257401964488,1.0200367139814308,1.044556827298292,949575.0,14062888.0
2018-11-13,1.029144184641979,1.059969469954605,1.024940736644803,1.0501614246278603,1409100.0,21076382.0
2018-11-14,1.0494608499616642,1.064172917951781,1.042455103299704,1.0459579766306841,1144600.0,17216892.0
2018-11-15,1.0459579766306841,1.0781844112757017,1.0459579766306841,1.0774838366095059,1704399.0,25969924.0
2018-11-16,1.0879924566024464,1.0928964792658187,1.0704780899475455,1.0760826872771136,1467334.0,22645628.0
2018-11-19,1.0760826872771136,1.0844895832714663,1.0585683206222127,1.0802861352742898,1265300.0,19388524.0
2018-11-20,1.0774838366095059,1.100602800593975,1.0480597006292722,1.062771768619389,1701400.0,26213560.0
2018-11-21,1.063472343285585,1.1461401538967173,1.063472343285585,1.1307275112404047,4981786.0,79414184.0
2018-11-22,1.1265240632432283,1.2435200324979667,1.1069079725897395,1.2435200324979667,8632777.0,147394704.0
2018-11-23,1.2540286524909072,1.2610343991528676,1.119518316581268,1.119518316581268,7548091.0,126658808.0
2018-11-26,1.082387859272878,1.0921959045996226,1.0417545286335077,1.0571671712898207,3575466.0,54412256.0
2018-11-27,1.0529637232926443,1.0718792392799374,1.0459579766306841,1.0508619992940564,1888175.0,28512404.0
2018-11-28,1.0564665966236246,1.064172917951781,1.0305453339743713,1.0578677459560166,1541716.0,23083880.0
2018-11-29,1.0571671712898207,1.062771768619389,1.0004206233279416,1.0018217726603338,2188175.0,32431738.0
2018-11-30,1.0025223473265297,1.0130309673194704,0.987810279336413,1.0130309673194704,1409575.0,20169902.0
2018-12-03,1.0312459086405674,1.0487602752954683,1.0242401619786068,1.042455103299704,1615578.0,23929770.0
2018-12-04,1.0431556779659,1.0606700446208008,1.0340482073053514,1.0515625739602523,1506706.0,22640668.0
2018-12-05,1.0368505059701356,1.0543648726250365,1.0284436099757832,1.04665855129688,1116403.0,16578511.0
2018-12-06,1.04665855129688,1.0543648726250365,1.0228390126462148,1.0312459086405674,840375.0,12462277.0
2018-12-07,1.024940736644803,1.045257401964488,1.024940736644803,1.0396528046349198,514500.0,7620298.5
2018-12-10,1.0354493566377434,1.0354493566377434,1.0172344153166466,1.0263418859771951,568600.0,8325133.0
2018-12-11,1.0305453339743713,1.0347487819715475,1.025641311310999,1.0319464833067633,539500.0,7938356.0
2018-12-12,1.0354493566377434,1.0494608499616642,1.0312459086405674,1.044556827298292,740108.0,11023198.0
2018-12-13,1.044556827298292,1.0564665966236246,1.0389522299687237,1.045257401964488,930675.0,13924479.0
2018-12-14,1.0431556779659,1.0494608499616642,1.0193361393152347,1.0305453339743713,858375.0,12675208.0
2018-12-17,1.0347487819715475,1.04665855129688,1.0123303926532743,1.0431556779659,916975.0,13524372.0
2018-12-18,1.0333476326391553,1.0417545286335077,1.0263418859771951,1.0375510806363317,458200.0,6769106.0
2018-12-19,1.0375510806363317,1.0473591259630761,1.023539587312411,1.024940736644803,465500.0,6876648.0
2018-12-20,1.0263418859771951,1.0368505059701356,1.0228390126462148,1.0298447593081752,730150.0,10714882.0
2018-12-21,1.024940736644803,1.0410539539673118,1.0242401619786068,1.0354493566377434,752950.0,11091616.0
2018-12-24,1.0368505059701356,1.0543648726250365,1.027743035309587,1.0515625739602523,1024900.0,15330720.0
2018-12-25,1.0459579766306841,1.0480597006292722,1.0144321166518624,1.0459579766306841,1028003.0,15136388.0
2018-12-26,1.044556827298292,1.059969469954605,1.0410539539673118,1.0515625739602523,1067353.0,16002130.0
2018-12-27,1.061370619286997,1.0690769406151532,1.023539587312411,1.0263418859771951,981675.0,14726100.0
2018-12-28,1.0284436099757832,1.0382516553025276,1.0207372886476267,1.027042460643391,645476.0,9487142.0
2019-01-02,1.0298447593081752,1.0396528046349198,1.024940736644803,1.029144184641979,443500.0,6522253.0
2019-01-03,1.0263418859771951,1.0396528046349198,1.0130309673194704,1.0179349899828425,535900.0,7852899.0
2019-01-04,1.0102286686546862,1.0368505059701356,0.9920137273335892,1.0312459086405674,873200.0,12701694.0
2019-01-07,1.0431556779659,1.0501614246278603,1.0333476326391553,1.0487602752954683,906800.0,13513753.0
2019-01-08,1.042455103299704,1.0522631486264484,1.0417545286335077,1.045257401964488,678400.0,10151749.0
2019-01-09,1.0543648726250365,1.0676757912827612,1.04665855129688,1.0480597006292722,1386353.0,20940034.0
2019-01-10,1.043856252632096,1.059969469954605,1.0431556779659,1.0487602752954683,764827.0,11465849.0
2019-01-11,1.0494608499616642,1.0564665966236246,1.0403533793011157,1.0557660219574285,802075.0,12011398.0
2019-01-14,1.0571671712898207,1.061370619286997,1.0368505059701356,1.044556827298292,716975.0,10699511.0
2019-01-15,1.0410539539673118,1.0704780899475455,1.0354493566377434,1.064172917951781,1227775.0,18509288.0
2019-01-16,1.064172917951781,1.0655740672841731,1.0557660219574285,1.0606700446208008,753100.0,11406403.0
2019-01-17,1.059969469954605,1.0662746419503693,1.043856252632096,1.045257401964488,766200.0,11531878.0
2019-01-18,1.0487602752954683,1.0564665966236246,1.0410539539673118,1.0473591259630761,681300.0,10198806.0
2019-01-21,1.0480597006292722,1.0571671712898207,1.0459579766306841,1.0557660219574285,634000.0,9533576.0
2019-01-22,1.0550654472912326,1.061370619286997,1.04665855129688,1.0508619992940564,492000.0,7374464.0
2019-01-23,1.0508619992940564,1.0886930312686423,1.0508619992940564,1.082387859272878,1799875.0,27514664.0
2019-01-24,1.0851901579376622,1.0851901579376622,1.0683763659489574,1.0781844112757017,1032599.0,15863681.0
2019-01-25,1.0781844112757017,1.080986709940486,1.0585683206222127,1.0655740672841731,997432.0,15250586.0
2019-01-28,1.082387859272878,1.082387859272878,1.0606700446208008,1.063472343285585,595075.0,9078414.0
2019-01-29,1.061370619286997,1.0662746419503693,1.0207372886476267,1.0389522299687237,955500.0,14156596.0
2019-01-30,1.025641311310999,1.0494608499616642,1.025641311310999,1.0368505059701356,389400.0,5780841.0
2019-01-31,1.0431556779659,1.0431556779659,0.988510854002609,0.9948160259983733,668573.0,9662702.0
2019-02-01,0.9969177499969615,1.024940736644803,0.9969177499969615,1.0221384379800187,413075.0,5989698.0
2019-02-11,1.044556827298292,1.0487602752954683,1.0228390126462148,1.0459579766306841,527975.0,7825883.0
2019-02-12,1.0494608499616642,1.064873492617977,1.043856252632096,1.061370619286997,655575.0,9821116.0
2019-02-13,1.061370619286997,1.0739809632785255,1.0550654472912326,1.064873492617977,985574.0,14984748.0
2019-02-14,1.064873492617977,1.0711786646137413,1.0578677459560166,1.0669752166165651,858274.0,13028959.0
2019-02-15,1.0774838366095059,1.0774838366095059,1.0515625739602523,1.0585683206222127,944475.0,14319088.0
2019-02-18,1.0592688952884088,1.0872918819362503,1.0564665966236246,1.0781844112757017,2652224.0,40581420.0
2019-02-19,1.083088433939074,1.083088433939074,1.0578677459560166,1.0655740672841731,1536740.0,23459268.0
2019-02-20,1.064873492617977,1.0788849859418979,1.0543648726250365,1.0767832619433098,1141700.0,17367470.0
2019-02-21,1.0746815379447217,1.0865913072700542,1.062071193953193,1.0655740672841731,1513400.0,23262344.0
2019-02-22,1.063472343285585,1.0802861352742898,1.059969469954605,1.0781844112757017,1210653.0,18491444.0
2019-02-25,1.0858907326038583,1.118117167248876,1.079585560608094,1.115314868584092,2663825.0,41799128.0
2019-02-26,1.115314868584092,1.1405355565671493,1.1055068232573473,1.1132131445855038,2336113.0,37340464.0
2019-02-27,1.1132131445855038,1.1265240632432283,1.0970999272629949,1.1041056739249553,1674488.0,26586864.0
2019-02-28,1.101303375260171,1.120218891247464,1.101303375260171,1.119518316581268,1228516.0,19537278.0
2019-03-01,1.1244223392446404,1.1251229139108363,1.1090096965883274,1.115314868584092,936300.0,14908853.0
2019-03-04,1.120218891247464,1.1538464752248738,1.1146142939178958,1.135631533903777,2427549.0,39392960.0
2019-03-05,1.1265240632432283,1.1671573938825985,1.1265240632432283,1.1643550952178146,1885475.0,30920288.0
2019-03-06,1.1769654392093432,1.1769654392093432,1.1510441765600896,1.1769654392093432,2060500.0,34334716.0
2019-03-07,1.1832706112051075,1.2225027925120855,1.1678579685487946,1.2028867018585967,2369458.0,40385000.0
2019-03-08,1.1909769325332638,1.2154970458501253,1.1349309592375807,1.136332108569973,2678775.0,45048192.0
2019-03-11,1.136332108569973,1.1853723352036958,1.136332108569973,1.1832706112051075,1900450.0,31699762.0
2019-03-12,1.1832706112051075,1.2309096885064381,1.1811688872065194,1.2021861271924004,2290574.0,39267884.0
2019-03-13,1.2056890005233807,1.2372148605022024,1.1839711858713033,1.2049884258571846,3393563.0,58839980.0
2019-03-14,1.211994172519145,1.211994172519145,1.1601516472206381,1.1727619912121667,1676463.0,28257588.0
2019-03-15,1.1783665885417351,1.2470229058289468,1.1769654392093432,1.195880955196636,3412739.0,58803988.0
2019-03-18,1.19518038053044,1.2182993445149093,1.156648773889658,1.208491299188165,2083188.0,35684044.0
2019-03-19,1.2063895751895766,1.2211016431796935,1.1874740592022837,1.1986832538614203,1768800.0,30357416.0
2019-03-20,1.2049884258571846,1.236514285836006,1.1986832538614203,1.235113136503614,3542052.0,61745684.0
2019-03-21,1.2260056658430658,1.2435200324979667,1.213395321851537,1.228107389841654,2996677.0,52418436.0
2019-03-22,1.2225027925120855,1.236514285836006,1.194479805864244,1.2246045165106736,1859175.0,32322636.0
2019-03-25,1.210593023186753,1.23231083783883,1.2014855525262043,1.210593023186753,1479500.0,25659374.0
2019-03-26,1.208491299188165,1.2211016431796935,1.177666013875539,1.1797677378741271,1543100.0,26356194.0
2019-03-27,1.1804683125403235,1.194479805864244,1.1664568192164024,1.1825700365389114,1282750.0,21583510.0
2019-03-28,1.1769654392093432,1.1909769325332638,1.1650556698840104,1.1769654392093432,966675.0,16273574.0
2019-03-29,1.176264864543147,1.211994172519145,1.1713608418797747,1.2035872765247926,1424938.0,24250300.0
2019-04-01,1.2098924485205569,1.2330114125050262,1.2049884258571846,1.229508539174046,2058800.0,35899664.0
2019-04-02,1.23231083783883,1.2330114125050262,1.2168981951825173,1.2253050911768695,1541600.0,26980098.0
2019-04-03,1.2204010685134976,1.2519269284923191,1.2204010685134976,1.2463223311627507,1847250.0,32568464.0
2019-04-04,1.2610343991528676,1.2883568111345132,1.2393165845007905,1.2470229058289468,2869619.0,51775576.0
2019-04-08,1.2561303764894953,1.2596332498204756,1.213395321851537,1.2393165845007905,1525869.0,27028982.0
2019-04-09,1.2470229058289468,1.2470229058289468,1.2260056658430658,1.2442206071641628,992700.0,17507980.0
2019-04-10,1.2372148605022024,1.248424055161339,1.2260056658430658,1.2421188831655747,873800.0,15440215.0
2019-04-11,1.235113136503614,1.2533280778247113,1.226706240509262,1.235113136503614,1163400.0,20583070.0
2019-04-12,1.235113136503614,1.2449211818303587,1.2161976205163212,1.2260056658430658,761800.0,13338039.0
2019-04-15,1.236514285836006,1.2442206071641628,1.211994172519145,1.2182993445149093,1004000.0,17655884.0
2019-04-16,1.211994172519145,1.2358137111698102,1.1839711858713033,1.228107389841654,1559874.0,26991818.0
2019-04-17,1.228107389841654,1.248424055161339,1.2204010685134976,1.2442206071641628,1550375.0,27334940.0
2019-04-18,1.2442206071641628,1.270141869813416,1.2372148605022024,1.2568309511556914,1306500.0,23371294.0
2019-04-19,1.2568309511556914,1.268040145814828,1.2477234804951427,1.26593842181624,1071800.0,19267864.0
2019-04-22,1.26593842181624,1.2778481911415724,1.252627503158515,1.2540286524909072,1292200.0,23292330.0
2019-04-23,1.231610263172634,1.2442206071641628,1.2204010685134976,1.2274068151754578,1960275.0,34570960.0
2019-04-24,1.2372148605022024,1.2414183084993784,1.2168981951825173,1.2372148605022024,803700.0,14120306.0
2019-04-25,1.2379154351683985,1.2386160098345944,1.1734625658783628,1.1741631405445592,1208781.0,20866252.0
2019-04-26,1.174863715210755,1.1902763578670676,1.1594510725544422,1.1664568192164024,886800.0,14855760.0
2019-04-29,1.1797677378741271,1.1797677378741271,1.1419367058995413,1.1440384298981292,981300.0,16220023.0
2019-04-30,1.1594510725544422,1.174863715210755,1.1440384298981292,1.1608522218868342,913600.0,15180653.0
2019-05-06,1.1314280859066006,1.15454704989107,1.0746815379447217,1.0858907326038583,1346024.0,21355036.0
2019-05-07,1.0900941806010345,1.118817741915072,1.0788849859418979,1.118117167248876,1059000.0,16610290.0
2019-05-08,1.101303375260171,1.1230211899122482,1.0907947552672306,1.1083091219221315,646600.0,10257697.0
2019-05-09,1.101303375260171,1.120218891247464,1.101303375260171,1.1132131445855038,578500.0,9183019.0
2019-05-10,1.1160154432502878,1.1454395792305214,1.1083091219221315,1.1447390045643253,829450.0,13419001.0
2019-05-13,1.1391344072347571,1.1755642898769512,1.1216200405798562,1.1608522218868342,1003300.0,16568930.0
2019-05-14,1.1454395792305214,1.1622533712192262,1.1412361312333452,1.1433378552319333,627600.0,10316821.0
2019-05-15,1.1461401538967173,1.1685585432149905,1.1461401538967173,1.1552476245572658,614600.0,10175406.0
2019-05-16,1.1552476245572658,1.1797677378741271,1.1552476245572658,1.1713608418797747,665500.0,11090592.0
2019-05-17,1.1713608418797747,1.1832706112051075,1.0928964792658187,1.1314280859066006,905333.0,14904669.0
2019-05-20,1.1244223392446404,1.1293263619080127,1.0928964792658187,1.1174165925826798,649700.0,10288075.0
2019-05-21,1.1265240632432283,1.1664568192164024,1.1174165925826798,1.1489424525615015,793600.0,12974891.0
2019-05-22,1.1622533712192262,1.1636545205516184,1.137733257902365,1.1496430272276976,503933.0,8276763.5
2019-05-23,1.1475413032291095,1.1608522218868342,1.1279252125756205,1.136332108569973,482500.0,7884390.0
2019-05-24,1.137733257902365,1.1426372805657372,1.122320615246052,1.1258234885770324,366700.0,5920083.0
2019-05-27,1.1258234885770324,1.1608522218868342,1.116716017916484,1.1601516472206381,821175.0,13356588.0
2019-05-28,1.1489424525615015,1.1671573938825985,1.1412361312333452,1.157349348555854,554305.0,9153170.0
2019-05-29,1.3412501884956796,1.3559622563768023,1.3199994237785024,1.3257207835100502,508700.0,8260721.0
2019-05-30,1.326538120614557,1.3371635029731455,1.309374041419914,1.3257207835100502,389507.0,6297002.5
2019-05-31,1.32326877219653,1.3437021998092002,1.3028353445838594,1.3183647495694888,764800.0,12421226.0
2019-06-03,1.3159127382559686,1.3330768174506114,1.3036526816883662,1.3208167608830093,621500.0,10023184.0
2019-06-04,1.3199994237785024,1.3199994237785024,1.2913926251207641,1.292209962225271,487026.0,7750730.0
2019-06-05,1.3069220301063935,1.3085567043154074,1.2897579509117505,1.2962966477478048,514156.0,8161428.5
2019-06-06,1.2913926251207641,1.3052873558973799,1.2693245232990802,1.2758632201351345,576400.0,9073079.0
2019-06-10,1.282401916971189,1.2881232767027369,1.2693245232990802,1.2848539282847096,371189.0,5816865.0
2019-06-11,1.2840365911802027,1.32326877219653,1.2791325685531618,1.3175474124649822,624706.0,10009328.0
2019-06-12,1.312643389837941,1.3404328513911727,1.3118260527334344,1.322451435092023,537100.0,8694460.0
2019-06-13,1.3175474124649822,1.3404328513911727,1.3175474124649822,1.330624806137091,660810.0,10777214.0
2019-06-14,1.3379808400776525,1.3461542111227205,1.2971139848523117,1.313460726942448,552040.0,8917329.0
2019-06-17,1.3036526816883662,1.3199994237785024,1.3012006703748458,1.3167300753604751,422837.0,6780926.0
2019-06-18,1.3142780640469547,1.3199994237785024,1.3036526816883662,1.3159127382559686,385500.0,6194653.0
2019-06-19,1.331442143241598,1.338798177182159,1.3216340979875163,1.3273554577190638,400800.0,6520937.0
2019-06-20,1.330624806137091,1.338798177182159,1.3175474124649822,1.338798177182159,687200.0,11183587.0
2019-06-21,1.3420675256001866,1.362500953212857,1.3420675256001866,1.3575969305858158,1013582.0,16788702.0
2019-06-24,1.3592316047948294,1.3641356274218706,1.348606222436241,1.3567795934813092,424400.0,7040184.0
2019-06-25,1.36168361610835,1.36168361610835,1.326538120614557,1.338798177182159,562500.0,9216601.0
2019-06-26,1.3371635029731455,1.3584142676903228,1.335528828764132,1.3518755708542682,575604.0,9498650.0
2019-06-27,1.3674049758398976,1.3755783468849656,1.3535102450632817,1.3682223129444044,922182.0,15416123.0
2019-06-28,1.3502408966452546,1.3600489418993364,1.3338941545551184,1.3559622563768023,695620.0,11453489.0
2019-07-01,1.3763956839894727,1.3829343808255272,1.3592316047948294,1.3723089984669385,874300.0,14683107.0
2019-07-02,1.3657703016308842,1.3755783468849656,1.362500953212857,1.3674049758398976,617275.0,10325750.0
2019-07-03,1.3698569871534183,1.3698569871534183,1.345336874018214,1.3518755708542682,699097.0,11577596.0
2019-07-04,1.3592316047948294,1.3674049758398976,1.3412501884956796,1.36168361610835,590051.0,9824467.0
2019-07-05,1.362500953212857,1.3714916613624317,1.352692907958775,1.3714916613624317,516199.0,8612901.0
2019-07-08,1.3796650324074997,1.3804823695120068,1.3371635029731455,1.3445195369137068,926978.0,15379163.0
2019-07-09,1.3477888853317341,1.396829111602143,1.3477888853317341,1.387838403452568,1189836.0,19993028.0
2019-07-10,1.3796650324074997,1.3845690550345409,1.3412501884956796,1.3428848627046932,1039514.0,17282830.0
2019-07-11,1.348606222436241,1.3641356274218706,1.3199994237785024,1.3298074690325843,850169.0,13969994.0
2019-07-12,1.335528828764132,1.3461542111227205,1.3249034464055436,1.338798177182159,602579.0,9820698.0
2019-07-15,1.3379808400776525,1.3428848627046932,1.300383333270339,1.3371635029731455,557569.0,9067275.0
2019-07-16,1.3396155142866661,1.3477888853317341,1.3379808400776525,1.3469715482272273,381300.0,6265361.0
2019-07-17,1.3420675256001866,1.3551449192722953,1.3420675256001866,1.3437021998092002,397907.0,6563543.0
2019-07-18,1.3518755708542682,1.352692907958775,1.3175474124649822,1.3183647495694888,504600.0,8176991.0
2019-07-19,1.3216340979875163,1.3420675256001866,1.3191820866739958,1.3281727948235706,452600.0,7386178.0
2019-07-22,1.3298074690325843,1.3322594803461048,1.2881232767027369,1.290575288016257,590598.0,9390187.0
2019-07-23,1.290575288016257,1.2995659961658323,1.2701418604035868,1.2995659961658323,356300.0,5624290.5
2019-07-24,1.300383333270339,1.3159127382559686,1.2987486590613255,1.312643389837941,450580.0,7217610.0
2019-07-25,1.313460726942448,1.3167300753604751,1.3028353445838594,1.3142780640469547,329421.0,5285535.0
2019-07-26,1.3159127382559686,1.3159127382559686,1.3028353445838594,1.3077393672109003,232900.0,3730794.25
2019-07-29,1.3077393672109003,1.3199994237785024,1.3028353445838594,1.3191820866739958,428400.0,6871116.0
2019-07-30,1.3052873558973799,1.331442143241598,1.3052873558973799,1.3191820866739958,492807.0,7991381.0
2019-07-31,1.3273554577190638,1.3322594803461048,1.3118260527334344,1.3159127382559686,397500.0,6421806.0
2019-08-01,1.3101913785244208,1.3298074690325843,1.3085567043154074,1.3175474124649822,415100.0,6692503.0
2019-08-02,1.3077393672109003,1.3077393672109003,1.2840365911802027,1.295479310643298,654320.0,10362240.0
2019-08-05,1.292209962225271,1.313460726942448,1.283219254075696,1.295479310643298,471693.0,7503207.0
2019-08-06,1.2709591975080938,1.2709591975080938,1.2284576680737394,1.2521604441044372,683590.0,10456669.0
2019-08-07,1.2636031635675324,1.2685071861945734,1.2448044101638758,1.2497084327909165,609968.0,9357982.0
2019-08-08,1.248073758581903,1.257064466731478,1.2464390843728894,1.2521604441044372,367200.0,5614546.0
2019-08-09,1.2546124554179574,1.257881803835985,1.23090967938726,1.234996364909794,570875.0,8677026.0
2019-08-12,1.239083050432328,1.2513431069999303,1.226005656760219,1.2505257698954235,522824.0,7926188.5
2019-08-13,1.2382657133278212,1.2497084327909165,1.2333616907007803,1.2415350617458485,317824.0,4823571.5
2019-08-14,1.2505257698954235,1.266055174881053,1.2472564214773962,1.252977781208944,360180.0,5538623.5
2019-08-15,1.2251883196557123,1.2472564214773962,1.2104762517745897,1.2472564214773962,485886.0,7316509.0
2019-08-16,1.2431697359548621,1.2603338151495052,1.2382657133278212,1.2537951183134506,426400.0,6530449.0
2019-08-19,1.265237837776546,1.2864886024937232,1.2497084327909165,1.2815845798666823,811225.0,12616564.0
2019-08-20,1.2783152314486552,1.2848539282847096,1.2693245232990802,1.2758632201351345,424800.0,6628865.0
2019-08-21,1.2709591975080938,1.2774978943441484,1.266055174881053,1.2725938717171075,286000.0,4446418.0
2019-08-22,1.2709591975080938,1.2815845798666823,1.2644205006720393,1.2750458830306277,347550.0,5404910.0
2019-08-23,1.2750458830306277,1.2799499056576686,1.2676898490900665,1.2774978943441484,430190.0,6713254.0
2019-08-26,1.257881803835985,1.2725938717171075,1.2513431069999303,1.2644205006720393,391125.0,6035590.0
2019-08-27,1.2734112088216143,1.2881232767027369,1.2701418604035868,1.2799499056576686,480200.0,7527358.0
2019-08-28,1.2799499056576686,1.3069220301063935,1.2783152314486552,1.2897579509117505,513889.0,8116581.5
2019-08-29,1.2930272993297778,1.2946619735387914,1.2774978943441484,1.2807672427621755,452500.0,7115286.0
2019-08-30,1.283219254075696,1.2913926251207641,1.261151152254012,1.265237837776546,471480.0,7357578.0
2019-09-02,1.266055174881053,1.292209962225271,1.266055174881053,1.292209962225271,425510.0,6691579.5
2019-09-03,1.295479310643298,1.300383333270339,1.2848539282847096,1.2987486590613255,377400.0,5977454.0
2019-09-04,1.2995659961658323,1.3085567043154074,1.2938446364342846,1.3061046930018867,385000.0,6134837.0
2019-09-05,1.3101913785244208,1.326538120614557,1.3077393672109003,1.3101913785244208,603460.0,9732096.0
2019-09-06,1.309374041419914,1.3208167608830093,1.304470018792873,1.3142780640469547,476450.0,7640946.5
2019-09-09,1.32326877219653,1.348606222436241,1.32326877219653,1.3445195369137068,814997.0,13327560.0
2019-09-10,1.3396155142866661,1.3551449192722953,1.3322594803461048,1.3371635029731455,515269.0,8435507.0
2019-09-11,1.3404328513911727,1.345336874018214,1.3289901319280777,1.3420675256001866,455044.0,7442193.0
2019-09-12,1.3412501884956796,1.370674324257925,1.3330768174506114,1.3584142676903228,794551.0,13153811.0
2019-09-16,1.3633182903173635,1.373943672675952,1.3551449192722953,1.3600489418993364,499000.0,8321644.0
2019-09-17,1.3698569871534183,1.3698569871534183,1.330624806137091,1.3322594803461048,671235.0,11018162.0
2019-09-18,1.3363461658686389,1.3477888853317341,1.3322594803461048,1.3428848627046932,321000.0,5263353.0
2019-09-19,1.3420675256001866,1.352692907958775,1.3330768174506114,1.3502408966452546,424300.0,6987875.0
2019-09-20,1.3551449192722953,1.3641356274218706,1.3240861093010365,1.3461542111227205,642200.0,10564568.0
2019-09-23,1.3461542111227205,1.3461542111227205,1.3298074690325843,1.3396155142866661,443575.0,7260212.0
2019-09-24,1.3510582337497614,1.3567795934813092,1.338798177182159,1.3469715482272273,509755.0,8414986.0
2019-09-25,1.3461542111227205,1.3559622563768023,1.3191820866739958,1.3208167608830093,581700.0,9515220.0
2019-09-26,1.330624806137091,1.3379808400776525,1.2995659961658323,1.3012006703748458,603073.0,9723656.0
2019-09-27,1.3012006703748458,1.345336874018214,1.2971139848523117,1.3289901319280777,601451.0,9773730.0
2019-09-30,1.32326877219653,1.3396155142866661,1.3150954011514617,1.3150954011514617,515375.0,8343786.0
2019-10-08,1.3150954011514617,1.3461542111227205,1.3101913785244208,1.3420675256001866,909315.0,14807830.0
2019-10-09,1.330624806137091,1.4123585165877726,1.3110087156289276,1.3412501884956796,1391494.0,22837256.0
2019-10-10,1.3371635029731455,1.3592316047948294,1.3363461658686389,1.3543275821677887,1012955.0,16707550.0
2019-10-11,1.3404328513911727,1.3584142676903228,1.3396155142866661,1.3502408966452546,759391.0,12539651.0
2019-10-14,1.3535102450632817,1.374761009780459,1.3535102450632817,1.3682223129444044,893900.0,14923350.0
2019-10-15,1.3665876387353908,1.3674049758398976,1.3461542111227205,1.3559622563768023,573795.0,9494903.0
2019-10-16,1.3543275821677887,1.3731263355714454,1.3510582337497614,1.3559622563768023,616500.0,10275421.0
2019-10-17,1.3649529645263772,1.3657703016308842,1.3412501884956796,1.3420675256001866,489000.0,8080190.0
2019-10-18,1.3420675256001866,1.3633182903173635,1.3085567043154074,1.3281727948235706,788775.0,12913970.0
2019-10-21,1.3085567043154074,1.3183647495694888,1.295479310643298,1.3118260527334344,633800.0,10111489.0
2019-10-22,1.3118260527334344,1.326538120614557,1.300383333270339,1.3249034464055436,541000.0,8720916.0
2019-10-23,1.322451435092023,1.3330768174506114,1.3150954011514617,1.322451435092023,421600.0,6824290.0
2019-10-24,1.3257207835100502,1.3584142676903228,1.3110087156289276,1.348606222436241,787795.0,12899872.0
2019-10-25,1.3428848627046932,1.3853863921390475,1.3379808400776525,1.3649529645263772,912664.0,15145339.0
2019-10-28,1.3567795934813092,1.4058198197517178,1.3567795934813092,1.400915797124677,1934573.0,32789264.0
2019-10-29,1.3951944373931293,1.3951944373931293,1.3535102450632817,1.36168361610835,1190800.0,19964430.0
2019-10-30,1.36168361610835,1.4532253718131132,1.3469715482272273,1.3763956839894727,1523485.0,25589544.0
2019-10-31,1.3763956839894727,1.4115411794832655,1.3289901319280777,1.3461542111227205,1226400.0,20468116.0
2019-11-01,1.330624806137091,1.3371635029731455,1.3150954011514617,1.3330768174506114,1289902.0,20915472.0
2019-11-04,1.3363461658686389,1.3420675256001866,1.331442143241598,1.331442143241598,563805.0,9218376.0
2019-11-05,1.326538120614557,1.3420675256001866,1.326538120614557,1.3396155142866661,511830.0,8365000.5
2019-11-06,1.3322594803461048,1.3371635029731455,1.322451435092023,1.3298074690325843,372800.0,6066598.0
2019-11-07,1.3298074690325843,1.338798177182159,1.3159127382559686,1.3379808400776525,398200.0,6480231.0
2019-11-08,1.3363461658686389,1.3543275821677887,1.3363461658686389,1.3412501884956796,514975.0,8481151.0
2019-11-11,1.3404328513911727,1.3404328513911727,1.2848539282847096,1.2848539282847096,615100.0,9829942.0
2019-11-12,1.282401916971189,1.2889406138072437,1.2701418604035868,1.28730593959823,436475.0,6836261.0
2019-11-13,1.2913926251207641,1.2930272993297778,1.2676898490900665,1.2717765346126007,320800.0,5001733.0
2019-11-14,1.2717765346126007,1.2791325685531618,1.2636031635675324,1.2750458830306277,310900.0,4836541.0
2019-11-15,1.2717765346126007,1.2758632201351345,1.2448044101638758,1.2472564214773962,275400.0,4236311.0
2019-11-18,1.2472564214773962,1.2644205006720393,1.234996364909794,1.2586991409404915,300100.0,4584228.0
2019-11-19,1.2636031635675324,1.2897579509117505,1.2505257698954235,1.2742285459261211,267425.0,4156224.5
2019-11-20,1.2742285459261211,1.2742285459261211,1.2464390843728894,1.2546124554179574,325800.0,5014060.0
2019-11-21,1.2546124554179574,1.2586991409404915,1.2415350617458485,1.2521604441044372,189975.0,2908467.75
2019-11-22,1.257881803835985,1.2636031635675324,1.234179027805287,1.2382657133278212,324100.0,4941607.0
2019-11-25,1.2382657133278212,1.2431697359548621,1.2211016341331782,1.2382657133278212,323300.0,4870580.0
2019-11-26,1.2423523988503553,1.2488910956864099,1.2317270164917669,1.2358137020143007,216200.0,3272443.0
2019-11-27,1.2358137020143007,1.2407177246413417,1.2284576680737394,1.2358137020143007,167200.0,2525803.0
2019-11-28,1.234179027805287,1.2366310391188078,1.2227363083421918,1.226005656760219,203500.0,3055827.0
2019-11-29,1.221918971237685,1.23090967938726,1.2186496228196577,1.2276403309692328,160600.0,2407038.0
2019-12-02,1.2300923422827532,1.2366310391188078,1.226005656760219,1.2276403309692328,188175.0,2834552.0
2019-12-03,1.2317270164917669,1.2399003875368348,1.2227363083421918,1.2399003875368348,180872.0,2723304.25
2019-12-04,1.2333616907007803,1.2546124554179574,1.2284576680737394,1.2488910956864099,244400.0,3719894.0
2019-12-05,1.2488910956864099,1.2627858264630256,1.2431697359548621,1.2627858264630256,312800.0,4802155.5
2019-12-06,1.2897579509117505,1.2962966477478048,1.2676898490900665,1.2725938717171075,664118.0,10412787.0
2019-12-09,1.2693245232990802,1.2897579509117505,1.234179027805287,1.2603338151495052,486500.0,7513396.5
2019-12-10,1.2546124554179574,1.290575288016257,1.2546124554179574,1.2799499056576686,553500.0,8614701.0
2019-12-11,1.2799499056576686,1.2848539282847096,1.2668725119855597,1.2685071861945734,324523.0,5053531.0
2019-12-12,1.2685071861945734,1.2734112088216143,1.2586991409404915,1.2619684893585188,531213.0,8210418.5
2019-12-13,1.2709591975080938,1.2856712653892164,1.265237837776546,1.283219254075696,777535.0,12155986.0
2019-12-16,1.3886557405570747,1.3886557405570747,1.28730593959823,1.3159127382559686,759675.0,12206088.0
2019-12-17,1.3159127382559686,1.3159127382559686,1.2979313219568187,1.3142780640469547,761290.0,12175939.0
2019-12-18,1.3085567043154074,1.313460726942448,1.2930272993297778,1.3012006703748458,570675.0,9101536.0
2019-12-19,1.3077393672109003,1.3240861093010365,1.300383333270339,1.3199994237785024,761100.0,12224086.0
2019-12-20,1.3199994237785024,1.3273554577190638,1.2946619735387914,1.3036526816883662,411700.0,6608998.0
2019-12-23,1.2995659961658323,1.3061046930018867,1.2774978943441484,1.2807672427621755,491700.0,7770182.0
2019-12-24,1.3935597631841157,1.3935597631841157,1.2815845798666823,1.3077393672109003,727600.0,11766017.0
2019-12-25,1.3077393672109003,1.3183647495694888,1.2962966477478048,1.3028353445838594,571670.0,9115845.0
2019-12-26,1.3240861093010365,1.3240861093010365,1.3052873558973799,1.3142780640469547,665580.0,10681676.0
2019-12-27,1.313460726942448,1.3281727948235706,1.3118260527334344,1.3159127382559686,703500.0,11365633.0
2019-12-30,1.348606222436241,1.348606222436241,1.3240861093010365,1.3461542111227205,1276086.0,20880676.0
2019-12-31,1.3477888853317341,1.3477888853317341,1.3289901319280777,1.3363461658686389,618739.0,10107813.0
2020-01-02,1.3412501884956796,1.362500953212857,1.3371635029731455,1.360866279003843,833983.0,13811811.0
2020-01-03,1.360866279003843,1.370674324257925,1.348606222436241,1.36168361610835,673528.0,11193375.0
2020-01-06,1.3461542111227205,1.3731263355714454,1.3404328513911727,1.3575969305858158,911085.0,15112542.0
2020-01-07,1.3649529645263772,1.3862037292435545,1.3584142676903228,1.3772130210939795,877863.0,14755648.0
2020-01-08,1.3772130210939795,1.3845690550345409,1.3575969305858158,1.3674049758398976,1010226.0,16967266.0
2020-01-09,1.370674324257925,1.3862037292435545,1.370674324257925,1.3780303581984863,736678.0,12411351.0
2020-01-10,1.3780303581984863,1.3943771002886223,1.3714916613624317,1.3812997066165134,919572.0,15555951.0
2020-01-13,1.3796650324074997,1.4058198197517178,1.3755783468849656,1.3951944373931293,1097224.0,18688884.0
2020-01-14,1.3984637858111566,1.4213492247373474,1.3886557405570747,1.4115411794832655,1472533.0,25431564.0
2020-01-15,1.4156278650057996,1.4524080347086061,1.3935597631841157,1.4385133039319904,2067041.0,35989064.0
2020-01-16,1.4156278650057996,1.4344266184094563,1.3837517179300338,1.3976464487066498,2178935.0,37564396.0
2020-01-17,1.396011774497636,1.4270705844688951,1.3894730776615816,1.4238012360508678,1659880.0,28636926.0
2020-01-20,1.4303399328869222,1.435243955513963,1.3976464487066498,1.4131758536922792,1287481.0,22222876.0
2020-01-21,1.4099065052742519,1.413993190796786,1.370674324257925,1.410723842378759,1510006.0,25685650.0
2020-01-22,1.409089168169745,1.409089168169745,1.3812997066165134,1.3894730776615816,667939.0,11370040.0
2020-01-23,1.3853863921390475,1.387838403452568,1.322451435092023,1.3396155142866661,897256.0,14815904.0
2020-02-03,1.2055722291475488,1.2055722291475488,1.2055722291475488,1.2055722291475488,181000.0,2669750.0
2020-02-04,1.161436025504181,1.1990335323114942,1.1524453173546059,1.1941295096844533,1295570.0,18740776.0
2020-02-05,1.2023028807295215,1.2366310391188078,1.1875908128483987,1.2153802744016304,815827.0,12137258.0
2020-02-06,1.2243709825512055,1.2358137020143007,1.2063895662520556,1.2243709825512055,1022000.0,15283231.0
2020-02-07,1.2292750051782462,1.2292750051782462,1.2063895662520556,1.2186496228196577,622600.0,9263564.0
2020-02-10,1.217014948610644,1.2382657133278212,1.1859561386393853,1.2358137020143007,881212.0,13187778.0
2020-02-11,1.2382657133278212,1.2431697359548621,1.2211016341331782,1.2284576680737394,549700.0,8293048.0
2020-02-12,1.2284576680737394,1.2546124554179574,1.1851388015348785,1.2497084327909165,881155.0,13333550.0
2020-02-13,1.2497084327909165,1.261151152254012,1.2317270164917669,1.2358137020143007,675635.0,10293698.0
2020-02-14,1.2464390843728894,1.2464390843728894,1.226005656760219,1.234996364909794,561162.0,8474644.0
2020-02-17,1.2382657133278212,1.2717765346126007,1.2300923422827532,1.2701418604035868,1251656.0,19228588.0
2020-02-18,1.2693245232990802,1.3020180074793526,1.261151152254012,1.2881232767027369,726666.0,11382666.0
2020-02-19,1.2881232767027369,1.2962966477478048,1.2742285459261211,1.2799499056576686,438075.0,6883082.0
2020-02-20,1.283219254075696,1.304470018792873,1.2750458830306277,1.3036526816883662,567639.0,8985370.0
2020-02-21,1.3036526816883662,1.313460726942448,1.2946619735387914,1.3052873558973799,520800.0,8300159.0
2020-02-24,1.3061046930018867,1.3077393672109003,1.283219254075696,1.3036526816883662,627515.0,9962943.0
2020-02-25,1.2750458830306277,1.3159127382559686,1.2546124554179574,1.2979313219568187,965805.0,15151148.0
2020-02-26,1.290575288016257,1.3159127382559686,1.2758632201351345,1.2995659961658323,1117000.0,17793420.0
2020-02-27,1.300383333270339,1.3110087156289276,1.290575288016257,1.3020180074793526,438175.0,6972124.0
2020-02-28,1.2709591975080938,1.282401916971189,1.2358137020143007,1.239083050432328,1006464.0,15442849.0
2020-03-02,1.2399003875368348,1.28730593959823,1.2399003875368348,1.2791325685531618,893454.0,13892408.0
2020-03-03,1.2913926251207641,1.3077393672109003,1.2840365911802027,1.2930272993297778,634554.0,10051638.0
2020-03-04,1.2750458830306277,1.3077393672109003,1.2750458830306277,1.3077393672109003,586979.0,9320621.0
2020-03-05,1.3118260527334344,1.345336874018214,1.3085567043154074,1.3404328513911727,944831.0,15335572.0
2020-03-06,1.3199994237785024,1.3518755708542682,1.3199994237785024,1.3445195369137068,672667.0,11018064.0
2020-03-09,1.3796650324074997,1.4278879215734017,1.3772130210939795,1.3976464487066498,4838636.0,82775272.0
2020-03-10,1.3584142676903228,1.387021066348061,1.3257207835100502,1.3731263355714454,3396606.0,56483272.0
2020-03-11,1.3363461658686389,1.374761009780459,1.3330768174506114,1.3665876387353908,2942129.0,48670776.0
2020-03-12,1.3461542111227205,1.4099065052742519,1.3322594803461048,1.3935597631841157,2712527.0,45698240.0
2020-03-13,1.3477888853317341,1.4450520007680447,1.334711491659625,1.4344266184094563,2384873.0,40532560.0
2020-03-16,1.4319746070959358,1.54885381304041,1.4099065052742519,1.4540427089176198,3523215.0,63867748.0
2020-03-17,1.4777454849483171,1.4957269012474672,1.413993190796786,1.4793801591573312,2563238.0,45594904.0
2020-03-18,1.4810148333663447,1.5308723967412603,1.448321349186072,1.4540427089176198,2588425.0,47062592.0
2020-03-19,1.4148105279012928,1.4548600460221266,1.3845690550345409,1.4532253718131132,2037651.0,35396136.0
2020-03-20,1.4712067881122628,1.5177950030691512,1.426253247364388,1.5177950030691512,4483288.0,81806504.0
2020-03-23,1.4998135867700015,1.5423151162043556,1.4303399328869222,1.4303399328869222,1959300.0,35389472.0
2020-03-24,1.4368786297229765,1.466302765485222,1.3812997066165134,1.426253247364388,2004630.0,34805456.0
2020-03-25,1.4548600460221266,1.4940922270384538,1.4442346636635381,1.4671201025897287,2473036.0,44375728.0
2020-03-26,1.4409653152455106,1.4646680912762085,1.4033678084381975,1.422166561841854,1570906.0,27363706.0
2020-03-27,1.4254359102598815,1.462216079962688,1.4066371568562248,1.4336092813049495,1454851.0,25646388.0
2020-03-30,1.448321349186072,1.51043896912859,1.4172625392148133,1.4695721139032494,2104550.0,37558616.0
2020-03-31,1.4695721139032494,1.4973615754564809,1.4548600460221266,1.487553530202399,2268310.0,40987548.0
2020-04-01,1.4785628220528242,1.484284181784372,1.4205318876328403,1.4205318876328403,1896600.0,33619936.0
2020-04-02,1.4041851455427041,1.4303399328869222,1.3862037292435545,1.4287052586779088,1260260.0,21717632.0
2020-04-03,1.4287052586779088,1.4385133039319904,1.3976464487066498,1.4287052586779088,1143050.0,19754564.0
2020-04-07,1.4287052586779088,1.4605814057536743,1.426253247364388,1.435243955513963,1558475.0,27363302.0
2020-04-08,1.4311572699914292,1.4376959668274836,1.4082718310652382,1.4376959668274836,1173450.0,20436304.0
2020-04-09,1.4466866749770584,1.4679374396942357,1.4344266184094563,1.4515906976040995,2666057.0,47264956.0
2020-04-10,1.4540427089176198,1.4589467315446607,1.3731263355714454,1.3943771002886223,2029013.0,34853832.0
2020-04-13,1.3894730776615816,1.3894730776615816,1.360866279003843,1.3649529645263772,1022483.0,17140762.0
2020-04-14,1.3698569871534183,1.3812997066165134,1.3584142676903228,1.3804823695120068,691241.0,11584526.0
2020-04-15,1.3804823695120068,1.3894730776615816,1.3428848627046932,1.3477888853317341,1036900.0,17229786.0
2020-04-16,1.3412501884956796,1.3592316047948294,1.3371635029731455,1.348606222436241,1189300.0,19547614.0
2020-04-17,1.3461542111227205,1.3665876387353908,1.3404328513911727,1.345336874018214,688400.0,11417242.0
2020-04-20,1.348606222436241,1.3567795934813092,1.338798177182159,1.349423559540748,1157839.0,19086788.0
2020-04-21,1.349423559540748,1.3772130210939795,1.334711491659625,1.3714916613624317,976589.0,16131114.0
2020-04-22,1.3543275821677887,1.3845690550345409,1.3502408966452546,1.3812997066165134,864304.0,14512619.0
2020-04-23,1.3796650324074997,1.4115411794832655,1.3690396500489113,1.4082718310652382,1698240.0,29010876.0
2020-04-24,1.3992811229156634,1.426253247364388,1.3992811229156634,1.4164452021103062,1527625.0,26439146.0
2020-04-27,1.4066371568562248,1.4327919442004429,1.3796650324074997,1.391925088975102,1242798.0,21376748.0
2020-04-28,1.3575969305858158,1.41807987631932,1.3575969305858158,1.4025504713336907,1881545.0,32137422.0
2020-04-29,1.400915797124677,1.4417826523500177,1.391925088975102,1.4287052586779088,2079120.0,36132964.0
2020-04-30,1.422166561841854,1.4425999894545243,1.3772130210939795,1.3796650324074997,2305700.0,39794640.0
2020-05-06,1.3477888853317341,1.362500953212857,1.3175474124649822,1.3551449192722953,2320109.0,37920368.0
2020-05-07,1.3437021998092002,1.4295225957824154,1.3428848627046932,1.422166561841854,3617285.0,61816884.0
2020-05-08,1.422166561841854,1.4393306410364972,1.409089168169745,1.413993190796786,2215200.0,38637592.0
2020-05-11,1.4123585165877726,1.435243955513963,1.3976464487066498,1.4066371568562248,1268648.0,21921046.0
2020-05-12,1.4025504713336907,1.4099065052742519,1.3682223129444044,1.3788476953029931,1272473.0,21557670.0
2020-05-13,1.3682223129444044,1.387838403452568,1.3600489418993364,1.3788476953029931,984690.0,16562693.0
2020-05-14,1.3723089984669385,1.3763956839894727,1.3575969305858158,1.3575969305858158,828122.0,13821594.0
2020-05-15,1.3575969305858158,1.3657703016308842,1.3396155142866661,1.348606222436241,843700.0,13939904.0
2020-05-18,1.3469715482272273,1.374761009780459,1.3420675256001866,1.3584142676903228,657922.0,10941409.0
2020-05-19,1.360866279003843,1.370674324257925,1.3584142676903228,1.3698569871534183,594682.0,9931018.0
2020-05-20,1.3665876387353908,1.3665876387353908,1.331442143241598,1.3338941545551184,1178350.0,19391888.0
2020-05-21,1.3298074690325843,1.3420675256001866,1.3012006703748458,1.312643389837941,1152900.0,18642520.0
2020-05-22,1.312643389837941,1.312643389837941,1.2717765346126007,1.2791325685531618,1048500.0,16488124.0
2020-05-25,1.2774978943441484,1.295479310643298,1.2750458830306277,1.2856712653892164,609714.0,9596912.0
2020-05-26,1.2856712653892164,1.3012006703748458,1.2856712653892164,1.2971139848523117,425800.0,6753217.0
2020-05-27,1.2971139848523117,1.304470018792873,1.2889406138072437,1.3028353445838594,634400.0,10079269.0
2020-05-28,1.3110087156289276,1.3110087156289276,1.2758632201351345,1.2856712653892164,487400.0,7677447.0
2020-05-29,1.2766805572396414,1.3036526816883662,1.2766805572396414,1.2913926251207641,425200.0,6694923.0
2020-06-01,1.2962966477478048,1.312643389837941,1.292209962225271,1.3118260527334344,714400.0,11408803.0
2020-06-02,1.3118260527334344,1.3330768174506114,1.309374041419914,1.32326877219653,724500.0,11722374.0
2020-06-03,1.3363461658686389,1.3379808400776525,1.3183647495694888,1.3208167608830093,445100.0,7222204.0
2020-06-04,1.322451435092023,1.3338941545551184,1.3208167608830093,1.3281727948235706,576000.0,9362333.0
2020-06-05,1.3289901319280777,1.334711491659625,1.3142780640469547,1.322451435092023,635600.0,10286736.0
2020-06-08,1.32326877219653,1.3461542111227205,1.3199994237785024,1.3461542111227205,781500.0,12756291.0
2020-06-09,1.3412501884956796,1.387838403452568,1.3338941545551184,1.3796650324074997,1990824.0,33261722.0
2020-06-10,1.3821170437210204,1.400915797124677,1.349423559540748,1.360866279003843,2921224.0,49281992.0
2020-06-11,1.335528828764132,1.3469715482272273,1.322451435092023,1.3322594803461048,1527224.0,24905880.0
2020-06-12,1.3240861093010365,1.3298074690325843,1.2962966477478048,1.3216340979875163,832393.0,13389960.0
2020-06-15,1.3216340979875163,1.3420675256001866,1.3159127382559686,1.3257207835100502,898879.0,14623461.0
2020-06-16,1.335528828764132,1.3363461658686389,1.3183647495694888,1.334711491659625,760674.0,12338508.0
2020-06-17,1.334711491659625,1.3502408966452546,1.3249034464055436,1.3469715482272273,790950.0,12989344.0
2020-06-18,1.3469715482272273,1.3567795934813092,1.3396155142866661,1.3412501884956796,770700.0,12728673.0
2020-06-19,1.3396155142866661,1.3535102450632817,1.3330768174506114,1.335528828764132,774600.0,12670885.0
2020-06-22,1.338798177182159,1.338798177182159,1.3142780640469547,1.3199994237785024,681700.0,11031192.0
2020-06-23,1.3199994237785024,1.3338941545551184,1.312643389837941,1.3150954011514617,551600.0,8899990.0
2020-06-24,1.313460726942448,1.3183647495694888,1.2889406138072437,1.295479310643298,744248.0,11831177.0
2020-06-29,1.2913926251207641,1.2913926251207641,1.2774978943441484,1.2815845798666823,453750.0,7121543.5
2020-06-30,1.282401916971189,1.3175474124649822,1.2815845798666823,1.3175474124649822,990841.0,15856420.0
2020-07-01,1.3101913785244208,1.3273554577190638,1.3012006703748458,1.3142780640469547,804650.0,12949892.0
2020-07-02,1.3142780640469547,1.3420675256001866,1.3077393672109003,1.3273554577190638,1752260.0,28458774.0
2020-07-03,1.3240861093010365,1.3298074690325843,1.3012006703748458,1.3159127382559686,1687600.0,27165068.0
2020-07-06,1.3216340979875163,1.348606222436241,1.3159127382559686,1.3428848627046932,2397740.0,39232708.0
2020-07-07,1.3461542111227205,1.3633182903173635,1.330624806137091,1.348606222436241,2608098.0,43141272.0
2020-07-08,1.3518755708542682,1.3698569871534183,1.3396155142866661,1.3674049758398976,1950134.0,32358820.0
2020-07-09,1.3665876387353908,1.3992811229156634,1.3641356274218706,1.396011774497636,2355866.0,39845224.0
2020-07-10,1.391925088975102,1.4074544939607314,1.3812997066165134,1.3821170437210204,1899227.0,32376752.0
2020-07-13,1.3821170437210204,1.4548600460221266,1.373943672675952,1.4532253718131132,2657108.0,46169148.0
2020-07-14,1.461398742858181,1.5071696207105627,1.4344266184094563,1.4720241252167698,3013710.0,53956664.0
2020-07-15,1.4720241252167698,1.4810148333663447,1.4164452021103062,1.4270705844688951,1817800.0,32127916.0
2020-07-16,1.4344266184094563,1.449138686290579,1.3690396500489113,1.3788476953029931,1553304.0,26758088.0
2020-07-17,1.374761009780459,1.3911077518705952,1.3518755708542682,1.3682223129444044,1762400.0,29510908.0
2020-07-20,5.66128143437413,5.756429021506468,5.608950261451343,5.737399504080001,1394620.0,16667060.0
2020-07-21,5.832547091212339,5.832547091212339,5.623222399521195,5.675553572443981,1783180.0,21327230.0
2020-07-22,5.675553572443981,5.727884745366766,5.5994355027381095,5.66128143437413,1605326.0,19089246.0
2020-07-23,5.656524055017513,5.656524055017513,5.456714122039603,5.570891226598409,2030520.0,23643348.0
2020-07-24,5.55186170917194,5.627979778877812,5.413897707830051,5.451956742682986,2364892.0,27228846.0
2020-07-27,5.451956742682986,5.627979778877812,5.423412466543284,5.556619088528557,2390946.0,27914528.0
2020-07-28,5.613707640807961,5.623222399521195,5.499530536249155,5.604192882094726,1732225.0,20175412.0
2020-07-29,5.604192882094726,5.680310951800597,5.509045294962388,5.66128143437413,2529612.0,29958334.0
2020-07-30,5.58516336466826,5.685068331157214,5.570891226598409,5.58516336466826,1292868.0,15266836.0
2020-07-31,5.561376467885174,5.656524055017513,5.518560053675622,5.589920744024877,1335586.0,15667532.0
2020-08-03,5.604192882094726,5.718369986653533,5.5994355027381095,5.6993404692270655,2302721.0,27467280.0
2020-08-04,5.708855227940299,5.756429021506468,5.666038813730747,5.708855227940299,1755520.0,21064146.0
2020-08-05,5.742156883436618,5.842061849925573,5.6993404692270655,5.813517573785871,2411352.0,29364632.0
2020-08-06,5.780215918289553,5.875363505421891,5.704097848583682,5.765943780219701,1763980.0,21366222.0
2020-08-07,5.708855227940299,5.8040028150726375,5.547104329815324,5.613707640807961,1692925.0,20026224.0
2020-08-10,5.608950261451343,5.975268471910846,5.58516336466826,5.899150402204976,3959300.0,48611932.0
2020-08-11,5.818274953142488,5.86109136735204,5.594678123381493,5.623222399521195,2564620.0,30859800.0
2020-08-12,5.623222399521195,5.623222399521195,5.385353431690349,5.480501018822687,1967264.0,22539808.0
2020-08-13,5.494773156892538,5.58516336466826,5.47574363946607,5.509045294962388,1266239.0,14732202.0
2020-08-14,5.509045294962388,5.5994355027381095,5.4424419839697515,5.58516336466826,988724.0,11486715.0
2020-08-17,5.608950261451343,5.6993404692270655,5.608950261451343,5.675553572443981,1502556.0,17896908.0
2020-08-18,5.637494537591045,5.675553572443981,5.5994355027381095,5.651766675660896,1171064.0,13872158.0
2020-08-19,5.642251916947662,5.6993404692270655,5.58516336466826,5.604192882094726,1243740.0,14739294.0
2020-08-20,5.5994355027381095,5.627979778877812,5.509045294962388,5.580405985311643,1123720.0,13166303.0
2020-08-21,5.618465020164578,5.6993404692270655,5.556619088528557,5.613707640807961,875800.0,10362979.0
2020-08-24,5.604192882094726,5.647009296304279,5.528074812388856,5.618465020164578,813644.0,9580159.0
2020-08-25,5.613707640807961,5.680310951800597,5.570891226598409,5.680310951800597,1438840.0,17043928.0
2020-08-26,5.666038813730747,5.775458538932936,5.613707640807961,5.651766675660896,1860665.0,22247488.0
2020-08-27,5.666038813730747,5.775458538932936,5.589920744024877,5.737399504080001,2038260.0,24453980.0
2020-08-28,5.746914262793235,5.780215918289553,5.685068331157214,5.723127366010149,1199860.0,14443420.0
2020-08-31,5.727884745366766,5.808760194429254,5.680310951800597,5.723127366010149,1746138.0,21069312.0
2020-09-01,5.718369986653533,5.742156883436618,5.627979778877812,5.656524055017513,1028040.0,12249194.0
2020-09-02,5.656524055017513,5.718369986653533,5.613707640807961,5.651766675660896,1239938.0,14722792.0
2020-09-03,5.632737158234429,5.689825710513832,5.613707640807961,5.627979778877812,1354256.0,16063475.0
2020-09-04,5.570891226598409,5.666038813730747,5.490015777535921,5.651766675660896,1292100.0,15164590.0
2020-09-07,5.642251916947662,5.775458538932936,5.594678123381493,5.623222399521195,1960280.0,23534366.0
2020-09-08,5.613707640807961,5.708855227940299,5.575648605955026,5.708855227940299,1541924.0,18318598.0
2020-09-09,5.680310951800597,5.727884745366766,5.5994355027381095,5.66128143437413,2223008.0,26466066.0
2020-09-10,5.670796193087364,5.704097848583682,5.15224184321612,5.271176327131543,3110640.0,35556040.0
2020-09-11,5.271176327131543,5.271176327131543,5.0856385322234825,5.233117292278608,1547339.0,16840194.0
2020-09-14,5.242632050991841,5.399625569760199,5.223602533565374,5.380596052333732,1364950.0,15293212.0
2020-09-15,5.385353431690349,5.399625569760199,5.261661568418309,5.309235361984478,783085.0,8731559.0
2020-09-16,5.304477982627861,5.3425370174807965,5.195058257425672,5.266418947774926,758620.0,8379213.0
2020-09-17,5.271176327131543,5.485258398179304,5.1855434987124385,5.409140328473433,1804339.0,20303554.0
2020-09-18,5.413897707830051,5.608950261451343,5.413897707830051,5.485258398179304,1964400.0,22828716.0
2020-09-21,5.509045294962388,5.608950261451343,5.47574363946607,5.518560053675622,2079360.0,24273768.0
2020-09-22,5.413897707830051,5.466228880752836,5.242632050991841,5.2854484652013936,2750150.0,30794646.0
2020-09-23,5.294963223914627,5.328264879410946,5.21408777485214,5.266418947774926,1059040.0,11706405.0
2020-09-24,5.247389430348458,5.247389430348458,5.114182808363185,5.142727084502886,804240.0,8718117.0
2020-09-25,5.156999222572737,5.218845154208757,5.000005703804378,5.033307359300697,1011860.0,10738264.0
2020-09-28,5.047579497370547,5.047579497370547,4.957189289594826,4.990490945091145,728660.0,7655973.5
2020-09-29,4.995248324447762,5.023792600587464,4.942917151524976,4.980976186377911,724420.0,7584131.0
2020-09-30,4.985733565734528,5.019035221230847,4.938159772168359,4.980976186377911,524860.0,5488236.0
2020-10-09,4.990490945091145,5.090395911580099,4.990490945091145,5.071366394153633,790280.0,8406575.0
2020-10-12,5.07612377351025,5.137969705146269,5.047579497370547,5.133212325789652,1726960.0,18544828.0
2020-10-13,5.118940187719802,5.133212325789652,5.07612377351025,5.114182808363185,857370.0,9179079.0
2020-10-14,5.104668049649951,5.104668049649951,5.052336876727164,5.0856385322234825,754199.0,8051980.5
2020-10-15,5.0808811528668665,5.104668049649951,5.038064738657314,5.090395911580099,662815.0,7073420.5
2020-10-16,5.066609014797016,5.114182808363185,5.066609014797016,5.109425429006568,473875.0,5073448.5
2020-10-19,5.071366394153633,5.133212325789652,5.038064738657314,5.038064738657314,447740.0,4787712.0
2020-10-20,5.0285499799440805,5.15224184321612,5.0285499799440805,5.128454946433035,957000.0,10304339.0
2020-10-21,5.109425429006568,5.1855434987124385,5.052336876727164,5.066609014797016,817900.0,8779753.0
2020-10-22,5.128454946433035,5.128454946433035,5.0285499799440805,5.099910670293334,564600.0,6017952.0
2020-10-23,5.118940187719802,5.118940187719802,5.057094256083782,5.095153290936717,879430.0,9390495.0
2020-10-26,5.095153290936717,5.118940187719802,4.985733565734528,5.071366394153633,656140.0,6960853.0
2020-10-27,5.099910670293334,5.133212325789652,5.0285499799440805,5.0808811528668665,1425980.0,15263231.0
2020-10-28,5.095153290936717,5.133212325789652,5.0285499799440805,5.114182808363185,1456096.0,15551113.0
2020-10-29,5.0808811528668665,5.147484463859503,5.033307359300697,5.061851635440399,1213240.0,12944099.0
2020-10-30,5.057094256083782,5.071366394153633,4.9286450134551245,4.9762188070212945,1068140.0,11239596.0
2020-11-02,4.942917151524976,4.990490945091145,4.724077701120597,4.947674530881593,1687740.0,17157862.0
2020-11-03,4.938159772168359,5.057094256083782,4.923887634098508,5.0285499799440805,843700.0,8907734.0
2020-11-04,5.023792600587464,5.057094256083782,4.933402392811741,4.961946668951443,536260.0,5618673.0
2020-11-05,5.061851635440399,5.066609014797016,4.95243191023821,4.995248324447762,1296120.0,13642827.0
2020-11-06,5.009520462517612,5.009520462517612,4.900100737315424,4.957189289594826,730820.0,7590718.5
2020-11-09,4.961946668951443,5.161756601929354,4.961946668951443,5.137969705146269,1927220.0,20633310.0
2020-11-10,5.147484463859503,5.356809155550647,5.123697567076419,5.318750120697712,2433000.0,26814158.0
2020-11-11,5.309235361984478,5.409140328473433,5.233117292278608,5.35205177619403,2769260.0,31071518.0
2020-11-12,5.35205177619403,5.532832191745474,5.3330222587675635,5.494773156892538,3473700.0,39734480.0
2020-11-13,5.451956742682986,5.604192882094726,5.380596052333732,5.4471993633263684,2908067.0,33674748.0
2020-11-16,5.4471993633263684,5.451956742682986,5.128454946433035,5.242632050991841,5117431.0,56425272.0
2020-11-17,5.228359912921991,5.228359912921991,5.061851635440399,5.061851635440399,1774700.0,19135590.0
2020-11-18,5.171271360642587,5.171271360642587,5.038064738657314,5.0856385322234825,1643065.0,17580038.0
2020-11-19,5.04282211801393,5.133212325789652,5.04282211801393,5.090395911580099,1046818.0,11206331.0
2020-11-20,5.090395911580099,5.128454946433035,5.04282211801393,5.109425429006568,800185.0,8569812.0
2020-11-23,5.0856385322234825,5.114182808363185,5.038064738657314,5.07612377351025,913940.0,9750421.0
2020-11-24,5.07612377351025,5.07612377351025,5.023792600587464,5.033307359300697,885920.0,9396418.0
2020-11-25,5.04282211801393,5.047579497370547,4.942917151524976,4.942917151524976,1044005.0,10924678.0
2020-11-26,4.919130254741891,4.980976186377911,4.919130254741891,4.961946668951443,608540.0,6331549.0
2020-11-27,4.961946668951443,5.000005703804378,4.914372875385274,5.000005703804378,633740.0,6600423.0
2020-11-30,4.95243191023821,5.019035221230847,4.947674530881593,4.995248324447762,1058800.0,11091206.0
2020-12-01,4.980976186377911,5.038064738657314,4.947674530881593,5.019035221230847,902380.0,9478089.0
2020-12-02,5.066609014797016,5.066609014797016,4.971461427664677,5.014277841874229,1033460.0,10903686.0
2020-12-03,4.985733565734528,5.009520462517612,4.96670404830806,4.980976186377911,796460.0,8338786.5
2020-12-04,4.980976186377911,5.038064738657314,4.971461427664677,5.033307359300697,705320.0,7436163.0
2020-12-07,5.033307359300697,5.057094256083782,5.009520462517612,5.033307359300697,632780.0,6690153.0
2020-12-08,5.033307359300697,5.061851635440399,5.019035221230847,5.057094256083782,610546.0,6472182.5
2020-12-09,5.057094256083782,5.057094256083782,5.023792600587464,5.033307359300697,620167.0,6559380.0
2020-12-10,5.033307359300697,5.061851635440399,4.971461427664677,5.052336876727164,774860.0,8190587.0
2020-12-11,5.052336876727164,5.071366394153633,4.947674530881593,4.990490945091145,692880.0,7281329.0
2020-12-14,4.971461427664677,5.071366394153633,4.942917151524976,5.047579497370547,666365.0,7056020.0
2020-12-15,5.057094256083782,5.090395911580099,4.9762188070212945,5.090395911580099,823420.0,8714025.0
2020-12-16,5.090395911580099,5.137969705146269,5.04282211801393,5.137969705146269,782640.0,8377474.5
2020-12-17,5.104668049649951,5.1855434987124385,5.061851635440399,5.180786119355822,807280.0,8723341.0
2020-12-18,5.1855434987124385,5.209330395495523,5.07612377351025,5.118940187719802,534145.0,5759239.0
2020-12-21,5.133212325789652,5.166513981285971,5.057094256083782,5.104668049649951,712873.0,7679870.5
2020-12-22,5.052336876727164,5.0808811528668665,4.914372875385274,4.942917151524976,823740.0,8632307.0
2020-12-23,4.933402392811741,5.009520462517612,4.900100737315424,4.96670404830806,300700.0,3132609.5
2020-12-24,4.947674530881593,4.995248324447762,4.804953150183085,4.847769564392637,623985.0,6398369.5
2020-12-25,4.847769564392637,4.933402392811741,4.7716514946867665,4.881071219888955,389020.0,4004175.5
2020-12-28,4.881071219888955,5.118940187719802,4.804953150183085,5.0808811528668665,1181773.0,12344694.0
2020-12-29,5.0856385322234825,5.161756601929354,5.000005703804378,5.071366394153633,584360.0,6247884.5
2020-12-30,5.071366394153633,5.0808811528668665,4.971461427664677,4.985733565734528,717960.0,7580426.0
2020-12-31,4.961946668951443,5.038064738657314,4.914372875385274,4.947674530881593,564338.0,5884052.0
2021-01-04,4.96670404830806,5.004763083160995,4.885828599245572,4.909615496028658,708940.0,7319754.0
2021-01-05,4.914372875385274,5.014277841874229,4.857284323105872,5.004763083160995,694800.0,7183720.0
2021-01-06,4.985733565734528,4.985733565734528,4.8763138405323385,4.947674530881593,705725.0,7285027.5
2021-01-07,4.909615496028658,4.909615496028658,4.747864597903682,4.7716514946867665,779220.0,7872261.5
2021-01-08,4.752621977260299,4.814467908896319,4.662231769484578,4.795438391469851,379920.0,3793585.0
2021-01-11,4.833497426322786,4.881071219888955,4.495723492002985,4.84301218503602,1489440.0,14727755.0
2021-01-12,4.809710529539702,5.247389430348458,4.709805563050747,5.171271360642587,1363063.0,14202517.0
2021-01-13,5.090395911580099,5.228359912921991,4.957189289594826,5.090395911580099,1279078.0,13730190.0
2021-01-14,5.04282211801393,5.423412466543284,4.900100737315424,5.413897707830051,3348001.0,36941780.0
2021-01-15,5.413897707830051,5.689825710513832,4.995248324447762,5.2902058445580105,9441318.0,106188496.0
2021-01-18,5.166513981285971,5.166513981285971,4.762136735973533,4.84301218503602,4806120.0,48690024.0
2021-01-19,4.738349839190449,4.795438391469851,4.6146579759184085,4.714562942407364,2343178.0,23135972.0
2021-01-20,4.671746528197811,4.733592459833831,4.647959631414727,4.686018666267662,1140238.0,11234774.0
2021-01-21,4.652717010771344,4.724077701120597,4.652717010771344,4.690776045624279,1065540.0,10485426.0
2021-01-22,4.686018666267662,4.686018666267662,4.5623268029956225,4.5623268029956225,1174640.0,11369535.0
2021-01-25,4.53378252685592,4.5670841823522395,4.248339765458906,4.295913559025075,2016979.0,18445002.0
2021-01-26,4.310185697094926,4.4148480429404975,4.310185697094926,4.329215214521393,925886.0,8475095.0
2021-01-27,4.338729973234627,4.3625168700177115,4.272126662241991,4.286398800311841,540946.0,4891867.0
2021-01-28,4.286398800311841,4.353002111304479,4.248339765458906,4.286398800311841,635859.0,5758896.0
2021-01-29,4.286398800311841,4.391061146157414,4.286398800311841,4.372031628730945,1046576.0,9584619.0
2021-02-01,4.372031628730945,4.605143217205175,4.372031628730945,4.58135632042209,1394806.0,13307792.0
2021-02-02,4.53378252685592,4.538539906212537,4.3625168700177115,4.376789008087562,1062260.0,9953304.0
2021-02-03,4.338729973234627,4.372031628730945,4.224552868675822,4.229310248032439,900820.0,8114172.0
2021-02-04,4.238825006745672,4.281641420955224,4.000956038914826,4.077074108620697,1195520.0,10268633.0
2021-02-05,4.091346246690548,4.1341626609001,3.9343527279221893,3.962897004061891,743800.0,6254286.5
2021-02-08,4.005713418271443,4.005713418271443,3.9058084517824883,3.920080589852339,430700.0,3565132.0
2021-02-09,3.9724117627751245,3.9771691421317414,3.8154182440067665,3.910565831139105,866632.0,7064898.5
2021-02-10,3.891536313712637,3.943867486635423,3.8820215549994033,3.9295953485655724,410816.0,3381634.5
2021-02-18,3.9771691421317414,4.110375764117015,3.9581396247052743,4.024742935697911,746636.0,6326307.5
2021-02-19,4.077074108620697,4.162706937039801,4.029500315054528,4.143677419613335,725865.0,6253534.0
2021-02-22,4.181736454466269,4.3577594906610955,4.148434798969951,4.224552868675822,1328760.0,11885344.0
2021-02-23,4.224552868675822,4.272126662241991,4.129405281543483,4.143677419613335,675281.0,5915472.5
2021-02-24,4.143677419613335,4.248339765458906,4.143677419613335,4.191251213179503,749921.0,6614395.0
2021-02-25,4.229310248032439,4.238825006745672,4.148434798969951,4.167464316396418,381800.0,3364777.25
2021-02-26,4.138920040256717,4.353002111304479,4.043772453124379,4.295913559025075,1168426.0,10447753.0
2021-03-01,4.295913559025075,4.372031628730945,4.267369282885374,4.314943076451543,905680.0,8210093.5
2021-03-02,4.300670938381692,4.33397259387801,4.234067627389055,4.262611903528757,538320.0,4837245.0
2021-03-03,4.243582386102289,4.286398800311841,4.215038109962587,4.262611903528757,777226.0,6932189.5
2021-03-04,4.2578545241721395,4.300670938381692,4.229310248032439,4.267369282885374,442800.0,3962633.75
2021-03-05,4.229310248032439,4.329215214521393,4.229310248032439,4.314943076451543,810026.0,7304714.0
2021-03-08,4.33397259387801,4.4148480429404975,4.295913559025075,4.329215214521393,817460.0,7509527.0
2021-03-09,4.33397259387801,4.386303766800797,4.148434798969951,4.276884041598607,965540.0,8748545.0
2021-03-10,4.276884041598607,4.3054283177383095,4.186493833822887,4.19600859253612,524580.0,4668512.0
2021-03-11,4.186493833822887,4.286398800311841,4.176979075109652,4.281641420955224,361005.0,3219569.0
2021-03-12,4.310185697094926,4.319700455808159,4.215038109962587,4.286398800311841,351920.0,3164982.0
2021-03-15,4.243582386102289,4.3054283177383095,4.219795489319204,4.281641420955224,345019.0,3087331.0
2021-03-16,4.21028073060597,4.348244731947862,4.21028073060597,4.319700455808159,546000.0,4954509.0
2021-03-17,4.353002111304479,4.5099956300728365,4.33397259387801,4.438634939723583,1140960.0,10606901.0
2021-03-18,4.391061146157414,4.433877560366966,4.338729973234627,4.348244731947862,570305.0,5237584.0
2021-03-19,4.3054283177383095,4.372031628730945,4.286398800311841,4.348244731947862,558380.0,5090293.5
2021-03-22,4.348244731947862,4.424362801653732,4.348244731947862,4.405333284227264,431380.0,3985716.0
2021-03-23,4.400575904870648,4.4624218365066675,4.3577594906610955,4.424362801653732,1012440.0,9396977.0
2021-03-24,4.3625168700177115,4.471936595219901,4.3625168700177115,4.4148480429404975,698860.0,6501291.0
2021-03-25,4.395818525514031,4.500480871359603,4.376789008087562,4.481451353933135,1146760.0,10760623.0
2021-03-26,4.476693974576518,4.557569423639006,4.448149698436816,4.557569423639006,871526.0,8251341.5
2021-03-29,4.600385837848558,4.6146579759184085,4.495723492002985,4.538539906212537,810200.0,7761307.5
2021-03-30,4.552812044282389,4.552812044282389,4.424362801653732,4.448149698436816,616040.0,5773936.0
2021-03-31,4.400575904870648,4.538539906212537,4.376789008087562,4.481451353933135,867885.0,8130271.0
2021-04-01,4.481451353933135,4.543297285569155,4.391061146157414,4.5147530094294535,1193345.0,11261654.0
2021-04-02,4.500480871359603,4.5670841823522395,4.433877560366966,4.552812044282389,820999.0,7788960.5
2021-04-06,4.529025147499304,4.785923632756617,4.5147530094294535,4.7193203217639805,1674045.0,16461959.0
2021-04-07,4.7193203217639805,4.781166253400001,4.6194153552750254,4.628930113988259,1300319.0,12741596.0
2021-04-08,4.628930113988259,4.65747439012796,4.5623268029956225,4.590871079135324,1159460.0,11163280.0
2021-04-09,4.590871079135324,4.647959631414727,4.538539906212537,4.590871079135324,772760.0,7461611.5
2021-04-12,4.6146579759184085,4.6146579759184085,4.45766445715005,4.50523825071622,906580.0,8606932.0
2021-04-13,4.5623268029956225,4.605143217205175,4.481451353933135,4.590871079135324,1234026.0,11834709.0
2021-04-14,4.633687493344876,4.947674530881593,4.586113699778707,4.752621977260299,2594620.0,26239414.0
2021-04-15,4.695533424980896,4.909615496028658,4.662231769484578,4.8763138405323385,2043668.0,20886396.0
2021-04-16,4.900100737315424,4.919130254741891,4.752621977260299,4.904858116672041,1234193.0,12584809.0
2021-04-19,4.961946668951443,4.971461427664677,4.8192252882529365,4.852526943749254,1139740.0,11672135.0
2021-04-20,4.838254805679403,4.871556461175722,4.757379356616916,4.757379356616916,1100760.0,11132641.0
2021-04-21,4.709805563050747,4.781166253400001,4.638444872701493,4.747864597903682,1291200.0,12774196.0
2021-04-22,4.709805563050747,4.904858116672041,4.681261286911045,4.795438391469851,1233640.0,12395639.0
2021-04-23,4.804953150183085,4.84301218503602,4.709805563050747,4.733592459833831,668579.0,6681528.5
2021-04-26,4.781166253400001,4.985733565734528,4.662231769484578,4.933402392811741,2635087.0,26805918.0
2021-04-27,4.895343357958806,4.995248324447762,4.70504818369413,4.938159772168359,2387787.0,24493676.0
2021-04-28,4.881071219888955,4.890585978602189,4.76689411533015,4.852526943749254,870145.0,8806985.0
2021-04-29,4.857284323105872,4.857284323105872,4.709805563050747,4.709805563050747,1558913.0,15599226.0
2021-04-30,4.681261286911045,4.724077701120597,4.490966112646368,4.529025147499304,1464700.0,14055975.0
2021-05-06,4.576598941065472,4.942917151524976,4.576598941065472,4.881071219888955,2075653.0,20917352.0
2021-05-07,4.881071219888955,4.942917151524976,4.814467908896319,4.84301218503602,1141260.0,11637917.0
2021-05-10,4.84301218503602,4.904858116672041,4.695533424980896,4.7193203217639805,812686.0,8092560.0
2021-05-11,4.671746528197811,4.776408874043383,4.671746528197811,4.724077701120597,435040.0,4322454.5
2021-05-12,4.728835080477214,4.95243191023821,4.709805563050747,4.900100737315424,1241740.0,12714776.0
2021-05-13,4.852526943749254,4.885828599245572,4.757379356616916,4.76689411533015,768940.0,7787870.0
2021-05-14,4.781166253400001,4.919130254741891,4.781166253400001,4.814467908896319,590366.0,5993251.5
2021-05-17,4.814467908896319,4.8763138405323385,4.724077701120597,4.724077701120597,805833.0,8117916.0
2021-05-18,4.724077701120597,4.804953150183085,4.647959631414727,4.752621977260299,881320.0,8724891.0
2021-05-19,4.747864597903682,4.781166253400001,4.681261286911045,4.686018666267662,669646.0,6644418.5
2021-05-20,4.690776045624279,4.714562942407364,4.6194153552750254,4.633687493344876,433031.0,4228809.5
2021-05-21,4.633687493344876,4.681261286911045,4.6146579759184085,4.64320225205811,241060.0,2349838.75
2021-05-24,4.695533424980896,4.70504818369413,4.633687493344876,4.676503907554428,436120.0,4282183.0
2021-05-25,4.662231769484578,4.728835080477214,4.624172734631642,4.714562942407364,420369.0,4139692.25
2021-05-26,4.70504818369413,4.800195770826468,4.690776045624279,4.785923632756617,664924.0,6638245.5
2021-05-27,4.785923632756617,4.852526943749254,4.757379356616916,4.800195770826468,483380.0,4878132.5
2021-05-28,4.790681012113234,4.847769564392637,4.733592459833831,4.747864597903682,482980.0,4858046.0
2021-05-31,4.738349839190449,4.857284323105872,4.738349839190449,4.823982667609553,819516.0,8314136.5
2021-06-01,4.828740046966169,4.895343357958806,4.795438391469851,4.871556461175722,1116903.0,11392155.0
2021-06-02,4.890585978602189,4.909615496028658,4.833497426322786,4.847769564392637,814380.0,8351462.5
2021-06-03,4.847769564392637,4.947674530881593,4.804953150183085,4.823982667609553,528800.0,5429883.5
2021-06-04,4.833497426322786,4.909615496028658,4.800195770826468,4.8192252882529365,350600.0,3567919.0
2021-06-07,4.814467908896319,4.847769564392637,4.714562942407364,4.724077701120597,676932.0,6771428.0
2021-06-08,4.724077701120597,4.847769564392637,4.671746528197811,4.84301218503602,783240.0,7893544.5
2021-06-09,4.838254805679403,4.895343357958806,4.804953150183085,4.809710529539702,570265.0,5812088.0
2021-06-10,4.862041702462489,4.8763138405323385,4.814467908896319,4.862041702462489,480245.0,4896573.5
2021-06-11,4.866799081819106,4.914372875385274,4.795438391469851,4.833497426322786,898240.0,9153503.0
2021-06-15,4.8763138405323385,4.8763138405323385,4.695533424980896,4.714562942407364,773142.0,7680002.5
2021-06-16,4.686018666267662,4.84301218503602,4.686018666267662,4.747864597903682,598720.0,6001659.5
2021-06-17,4.804953150183085,4.833497426322786,4.714562942407364,4.804953150183085,438260.0,4416855.5
2021-06-18,4.804953150183085,4.838254805679403,4.762136735973533,4.823982667609553,454640.0,4593537.0
2021-06-21,4.800195770826468,4.8763138405323385,4.776408874043383,4.857284323105872,550680.0,5597043.0
2021-06-22,4.862041702462489,4.938159772168359,4.823982667609553,4.914372875385274,1015641.0,10469357.0
2021-06-23,4.914372875385274,4.9762188070212945,4.852526943749254,4.919130254741891,632980.0,6529719.5
2021-06-24,4.919130254741891,5.15224184321612,4.8763138405323385,5.0285499799440805,1996360.0,21188916.0
2021-06-25,5.000005703804378,5.033307359300697,4.785923632756617,4.847769564392637,1628760.0,16696533.0
2021-06-28,4.809710529539702,4.84301218503602,4.733592459833831,4.8192252882529365,913444.0,9189375.0
2021-06-29,4.804953150183085,4.809710529539702,4.64320225205811,4.70504818369413,1528780.0,15139436.0
2021-06-30,5.814223040686663,5.927525848659019,5.784406512272885,5.855966180465952,901902.0,8843927.0
2021-07-01,5.850002874783197,5.867892791831463,5.772479900907374,5.772479900907374,729240.0,7125025.5
2021-07-02,5.748626678176352,5.814223040686663,5.724773455445329,5.796333123638397,269090.0,2609741.75
2021-07-05,5.808259735003908,5.951379071390041,5.796333123638397,5.909635931610752,644220.0,6382521.0
2021-07-06,5.963305682755552,6.124314936189951,5.921562542976263,6.106425019141685,1282780.0,13012841.0
2021-07-07,6.106425019141685,6.213764521431285,6.0408286566313745,6.10046171345893,594100.0,6070707.0
2021-07-08,6.106425019141685,6.195874604383019,6.0587185736796405,6.118351630507196,667900.0,6860037.0
2021-07-09,6.136241547555462,6.148168158920974,5.975232294121063,6.04679196231413,594560.0,5999583.0
2021-07-12,6.064681879362396,6.177984687334751,6.028902045265863,6.148168158920974,915340.0,9394138.0
2021-07-13,6.189911298700263,6.285324189624351,6.094498407776174,6.26147096689333,1219860.0,12763567.0
2021-07-14,6.255507661210574,6.321104023720885,6.142204853238219,6.177984687334751,1531760.0,15986868.0
2021-07-15,6.201837910065774,6.213764521431285,6.0825717964106625,6.10046171345893,615446.0,6319208.0
2021-07-16,6.0348653509486185,6.213764521431285,6.0348653509486185,6.0825717964106625,490260.0,4995625.5
2021-07-19,6.0825717964106625,6.177984687334751,6.028902045265863,6.130278241872707,543145.0,5539586.0
2021-07-20,6.130278241872707,6.142204853238219,5.933489154341774,5.951379071390041,940700.0,9450777.0
2021-07-21,5.951379071390041,6.15413146460373,5.951379071390041,6.148168158920974,642640.0,6539966.5
2021-07-22,6.148168158920974,6.160094770286485,6.0408286566313745,6.142204853238219,705225.0,7226826.5
2021-07-23,6.142204853238219,6.20780121574853,5.975232294121063,6.005048822534841,789085.0,8042024.0
2021-07-26,5.963305682755552,6.064681879362396,5.766516595224619,5.855966180465952,1202865.0,11841904.0
2021-07-27,5.927525848659019,6.0587185736796405,5.796333123638397,5.808259735003908,954040.0,9480434.0
2021-07-28,5.897709320245241,5.897709320245241,5.5935807304247085,5.724773455445329,921540.0,8816559.0
2021-07-29,5.724773455445329,5.814223040686663,5.6055073417902195,5.754589983859108,788360.0,7598706.0
2021-07-30,5.665140398617774,5.891746014562486,5.665140398617774,5.867892791831463,617278.0,6020329.0
2021-08-02,5.891746014562486,6.136241547555462,5.784406512272885,6.076608490727907,1397360.0,14114293.0
2021-08-03,6.237617744162308,6.4761499714725295,6.177984687334751,6.350920552134663,3347257.0,35593140.0
2021-08-04,6.350920552134663,6.738535421513774,6.279360883941596,6.613306002175907,3907795.0,43018196.0
2021-08-05,6.613306002175907,6.672939059003462,6.36881046918293,6.541746333982841,2045420.0,22350558.0
2021-08-06,6.494039888520796,6.595416085127641,6.4522967487415075,6.535783028300085,1212740.0,13257735.0
2021-08-09,6.535783028300085,6.702755587417241,6.523856416934573,6.601379390810396,1226838.0,13567112.0
2021-08-10,6.625232613541418,6.792205172658574,6.601379390810396,6.714682198782751,1398920.0,15725874.0
2021-08-11,6.720645504465507,6.827985006755107,6.619269307858662,6.738535421513774,1884195.0,21251892.0
2021-08-12,6.732572115831018,7.120186985210129,6.702755587417241,7.084407151113596,4010732.0,47049844.0
2021-08-13,7.084407151113596,7.209636570451463,6.8637648408516405,7.185783347720441,3407347.0,40099160.0
2021-08-16,7.185783347720441,7.316976072741062,7.054590622699818,7.126150290892884,2336940.0,28079448.0
2021-08-17,7.048627317017062,7.185783347720441,7.02477409428604,7.132113596575641,1833880.0,21926902.0
2021-08-18,7.132113596575641,7.245416404547996,6.959177731775729,7.108260373844618,1686800.0,19987646.0
2021-08-19,7.066517234065329,7.245416404547996,7.066517234065329,7.102297068161862,1570260.0,18803098.0
2021-08-20,7.138076902258396,7.155966819306663,7.000920871555018,7.126150290892884,1253660.0,14885869.0
2021-08-23,7.132113596575641,7.275232932961773,7.096333762479107,7.245416404547996,2664940.0,32182596.0
2021-08-24,7.239453098865241,7.2990861556927955,7.096333762479107,7.251379710230752,1946540.0,23550076.0
2021-08-25,7.275232932961773,7.519728465954751,7.215599876134218,7.501838548906484,2774850.0,34579132.0
2021-08-26,7.501838548906484,7.567434911416795,7.3050494613755514,7.513765160271995,1754400.0,21989896.0
2021-08-27,7.40046235229964,7.472022020492706,7.090370456796352,7.179820042037684,2842858.0,34435692.0
2021-08-30,7.2871595443272845,7.513765160271995,7.185783347720441,7.382572435251374,2108560.0,26110532.0
2021-08-31,7.424315575030662,7.585324828465063,7.2811962386445295,7.3050494613755514,1822136.0,22724642.0
2021-09-01,7.191746653403196,7.513765160271995,7.120186985210129,7.155966819306663,1871860.0,22835234.0
2021-09-02,7.108260373844618,7.316976072741062,7.018810788603284,7.239453098865241,1569900.0,18895842.0
2021-09-03,7.239453098865241,7.549544994368529,7.197709959085952,7.495875243223729,3330939.0,41468028.0
2021-09-06,7.501838548906484,7.638994579609863,7.2811962386445295,7.609178051196084,3227794.0,40648352.0
2021-09-07,7.573398217099551,7.627067968244351,7.424315575030662,7.513765160271995,1833700.0,23063954.0
2021-09-08,7.56147160573404,7.56147160573404,7.394499046616884,7.442205492078929,1395860.0,17440068.0
2021-09-09,7.412388963665151,7.501838548906484,7.358719212520351,7.442205492078929,1198161.0,14932174.0
2021-09-10,7.442205492078929,7.483948631858218,7.352755906837595,7.430278880713418,1451840.0,18012836.0
2021-09-13,7.543581688685774,7.543581688685774,7.155966819306663,7.364682518203106,1650976.0,20270258.0
2021-09-14,7.424315575030662,7.489911937540974,7.209636570451463,7.221563181816973,2033919.0,25132482.0
2021-09-15,7.2633063215962625,7.34679260115484,7.114223679527373,7.132113596575641,1403520.0,16984470.0
2021-09-16,7.155966819306663,7.7045909421201735,7.018810788603284,7.036700705651552,2238065.0,27291270.0
2021-09-17,7.108260373844618,7.138076902258396,6.63715922490693,6.994957565872262,2608909.0,29954728.0
2021-09-22,6.780278561293062,7.257343015913507,6.774315255610307,7.179820042037684,2629196.0,31058690.0
2021-09-23,7.155966819306663,7.334865989789329,6.893581369265418,7.096333762479107,1732984.0,20460686.0
2021-09-24,7.144040207941152,7.144040207941152,6.822021701072351,6.8637648408516405,1236500.0,14400131.0
2021-09-27,6.774315255610307,6.8637648408516405,6.350920552134663,6.4642233601070185,1534720.0,16770027.0
2021-09-28,6.4463334430587516,6.4463334430587516,6.20780121574853,6.31514071803813,731000.0,7738409.5
2021-09-29,6.237617744162308,6.4403701373759965,6.15413146460373,6.321104023720885,1176460.0,12457870.0
2021-09-30,6.237617744162308,6.42248022032773,6.20780121574853,6.392663691913952,942220.0,10003300.0
2021-10-08,6.4701866657897735,6.631195919224173,6.392663691913952,6.577526168079373,878764.0,9619629.0
2021-10-11,6.672939059003462,6.672939059003462,6.4821132771552845,6.553672945348351,675057.0,7395390.5
2021-10-12,6.553672945348351,6.553672945348351,6.309177412355374,6.386700386231197,845857.0,9033222.0
2021-10-13,6.386700386231197,6.4582600544242625,6.21972782711404,6.4582600544242625,628020.0,6676301.0
2021-10-14,6.4761499714725295,6.488076582838041,6.31514071803813,6.4463334430587516,449240.0,4835762.0
2021-10-15,6.523856416934573,6.523856416934573,5.963305682755552,6.416516914644974,570360.0,6155181.5
2021-10-18,6.142204853238219,6.577526168079373,6.142204853238219,6.4582600544242625,716760.0,7742066.5
2021-10-19,6.4582600544242625,6.619269307858662,6.392663691913952,6.4403701373759965,468940.0,5072345.0
2021-10-20,6.392663691913952,6.511929805569062,6.344957246451908,6.356883857817419,502488.0,5394062.5
2021-10-21,6.362847163500174,6.428443526010485,6.249544355527819,6.285324189624351,660200.0,6973818.0
2021-10-22,6.36881046918293,6.36881046918293,6.136241547555462,6.148168158920974,757239.0,7864660.0
2021-10-25,6.088535102093419,6.255507661210574,6.088535102093419,6.142204853238219,436600.0,4523551.0
2021-10-26,6.142204853238219,6.237617744162308,6.094498407776174,6.148168158920974,472820.0,4879889.5
2021-10-27,6.20780121574853,6.20780121574853,5.987158905486574,6.076608490727907,974660.0,9924247.0
2021-10-28,6.011012128217597,6.410553608962219,6.011012128217597,6.32706732940364,2307712.0,24166876.0
2021-10-29,6.231654438479551,6.672939059003462,6.20780121574853,6.404590303279463,2575363.0,27819664.0
2021-11-01,6.398626997596708,6.398626997596708,6.142204853238219,6.285324189624351,1741143.0,18204236.0
2021-11-02,6.20780121574853,6.279360883941596,6.076608490727907,6.10046171345893,1232260.0,12752926.0
2021-11-03,6.088535102093419,6.350920552134663,6.0706451850451515,6.309177412355374,1718960.0,17972974.0
2021-11-04,6.4761499714725295,6.4761499714725295,6.21972782711404,6.321104023720885,1073640.0,11329613.0
2021-11-05,6.338993940769152,6.386700386231197,6.243581049845063,6.344957246451908,1065860.0,11326467.0
2021-11-08,6.43440683169324,6.577526168079373,6.297250800989863,6.571562862396618,1630340.0,17680160.0
2021-11-09,6.571562862396618,6.720645504465507,6.4761499714725295,6.589452779444885,1277034.0,14093371.0
2021-11-10,6.577526168079373,6.726608810148262,6.4463334430587516,6.708718893099996,1646320.0,18338420.0
2021-11-11,6.732572115831018,6.750462032879285,6.655049141955196,6.666975753320707,826100.0,9275887.0
2021-11-12,6.762388644244796,6.833948312437863,6.649085836272441,6.780278561293062,1127857.0,12729369.0
2021-11-15,6.768351949927551,7.012847482920529,6.738535421513774,6.875691452217151,1113433.0,12865656.0
2021-11-16,6.875691452217151,6.905507980630929,6.79816847834133,6.833948312437863,691487.0,7928381.0
2021-11-17,6.833948312437863,7.084407151113596,6.762388644244796,7.02477409428604,948380.0,11102866.0
2021-11-18,6.97110434314124,7.060553928382573,6.8876180635826625,6.8995446749481735,577260.0,6738869.5
2021-11-19,6.905507980630929,6.977067648823995,6.774315255610307,6.905507980630929,1042515.0,12017284.0
2021-11-22,6.9293612033619505,7.120186985210129,6.8637648408516405,6.9233978976791954,782420.0,9098889.0
2021-11-23,6.9233978976791954,7.358719212520351,6.893581369265418,7.138076902258396,2207125.0,26438308.0
2021-11-24,7.120186985210129,7.531655077320263,7.036700705651552,7.239453098865241,2924800.0,35838636.0
2021-11-25,7.197709959085952,7.811930444409773,7.197709959085952,7.686701025071907,4924566.0,62584544.0
2021-11-26,7.603214745513329,8.455967458147372,7.56147160573404,8.455967458147372,5329425.0,73326176.0
2021-11-29,8.706426296823105,9.243123808271106,8.539453737705951,9.034408109374661,12413368.0,185148720.0
2021-11-30,8.998628275278127,9.24908711395386,8.772022659333418,9.07615124915395,9536719.0,143651232.0
2021-12-01,8.974775052547106,9.982573712932792,8.974775052547106,9.660555206063993,14179618.0,229642784.0
2021-12-02,9.296793559415905,9.66651851174675,9.123857694615994,9.272940336684883,8821492.0,138492688.0
2021-12-03,9.004591580960883,9.34450000487795,8.694499685457595,8.766059353650661,8958576.0,133614376.0
2021-12-06,8.611013405899017,8.670646462726571,8.175692091057861,8.175692091057861,6601791.0,92469248.0
2021-12-07,8.241288453568172,8.294958204712973,7.758260693264973,7.847710278506306,5961144.0,79112976.0
2021-12-08,7.847710278506306,7.949086475113151,7.7701873046304835,7.88349011260284,3487239.0,46037832.0
2021-12-09,7.889453418285595,8.086242505816529,7.734407470533951,7.752297387582217,4274568.0,56401448.0
2021-12-10,7.7701873046304835,8.157802174009595,7.7701873046304835,8.104132422864796,4649173.0,62299900.0
2021-12-13,8.133948951278573,8.133948951278573,7.811930444409773,7.901380029651106,3621694.0,48071536.0
2021-12-14,7.841746972823551,8.074315894451017,7.782113915995995,7.984866309209685,2474020.0,33063942.0
2021-12-15,7.853673584189062,8.050462671719995,7.853673584189062,7.907343335333862,1991488.0,26516466.0
2021-12-16,7.966976392161417,8.24725175925093,7.871563501237328,8.181655396740618,5079316.0,69139104.0
2021-12-17,8.181655396740618,8.330738038809507,7.817893750092528,7.823857055775283,5017988.0,66570720.0
2021-12-20,7.788077221678751,7.978903003526929,7.758260693264973,7.811930444409773,2479732.0,32737726.0
2021-12-21,7.811930444409773,7.949086475113151,7.7701873046304835,7.901380029651106,2103717.0,27712468.0
2021-12-22,7.907343335333862,7.978903003526929,7.7701873046304835,7.788077221678751,2067520.0,27108242.0
2021-12-23,7.841746972823551,7.925233252382128,7.758260693264973,7.853673584189062,2063598.0,27211052.0
2021-12-24,7.847710278506306,7.853673584189062,7.2990861556927955,7.3110127670583065,4982694.0,62293144.0
2021-12-27,7.370645823885862,7.686701025071907,7.352755906837595,7.56147160573404,2995920.0,37915500.0
2021-12-28,7.567434911416795,7.746334081899462,7.45413210344444,7.7045909421201735,1656768.0,21278792.0
2021-12-29,7.817893750092528,7.817893750092528,7.472022020492706,7.66881110802364,1892666.0,24258386.0
2021-12-30,7.6807377193891515,7.805967138727017,7.662847802340884,7.7284441648511955,1411760.0,18357974.0
2021-12-31,7.794040527361506,7.841746972823551,7.627067968244351,7.644957885292618,1911528.0,24695764.0
2022-01-04,7.7224808591684395,7.788077221678751,7.656884496658129,7.7105542478029285,1244560.0,16093527.0
2022-01-05,7.794040527361506,7.794040527361506,7.418352269347906,7.495875243223729,1834180.0,23218820.0
2022-01-06,7.495875243223729,7.7284441648511955,7.442205492078929,7.638994579609863,1450870.0,18580160.0
2022-01-07,7.6807377193891515,7.7045909421201735,7.513765160271995,7.531655077320263,1429071.0,18279646.0
2022-01-10,7.513765160271995,7.638994579609863,7.394499046616884,7.579361522782307,993700.0,12598707.0
2022-01-11,7.597251439830574,7.7105542478029285,7.537618383003018,7.555508300051284,1090388.0,13926741.0
2022-01-12,7.555508300051284,7.800003833044262,7.555508300051284,7.794040527361506,2040209.0,26368990.0
2022-01-13,7.794040527361506,7.943123169430395,7.7284441648511955,7.847710278506306,2419909.0,31866136.0
2022-01-14,7.907343335333862,7.913306641016617,7.597251439830574,7.609178051196084,1991100.0,25784960.0
2022-01-17,7.644957885292618,7.716517553485684,7.50780185458924,7.7045909421201735,1012653.0,13028199.0
2022-01-18,7.7045909421201735,7.805967138727017,7.472022020492706,7.495875243223729,1640300.0,20794248.0
2022-01-19,7.495875243223729,7.734407470533951,7.483948631858218,7.621104662561595,1280900.0,16423004.0
2022-01-20,7.591288134147818,7.650921190975374,7.120186985210129,7.167893430672173,2513760.0,30764544.0
2022-01-21,7.203673264768707,7.269269627279018,7.000920871555018,7.269269627279018,1123100.0,13475903.0
2022-01-24,7.2871595443272845,7.2871595443272845,7.048627317017062,7.108260373844618,772620.0,9239719.0
2022-01-25,7.030737399968795,7.203673264768707,6.79816847834133,6.810095089706841,1340000.0,15554488.0
2022-01-26,6.857801535168885,7.066517234065329,6.756425338562041,7.042664011334307,1640340.0,19168928.0
2022-01-27,6.977067648823995,7.185783347720441,6.9293612033619505,7.132113596575641,2369820.0,27998808.0
2022-01-28,7.144040207941152,7.3110127670583065,7.036700705651552,7.2811962386445295,2218700.0,26823176.0
2022-02-07,7.34679260115484,7.6986276364374175,7.34679260115484,7.644957885292618,4679480.0,59850932.0
2022-02-08,7.621104662561595,7.6926643307546625,7.513765160271995,7.686701025071907,2793981.0,35728572.0
2022-02-09,7.638994579609863,7.752297387582217,7.567434911416795,7.61514135687884,1826580.0,23368700.0
2022-02-10,7.621104662561595,7.6807377193891515,7.543581688685774,7.609178051196084,1239620.0,15836698.0
2022-02-11,7.579361522782307,7.644957885292618,7.50780185458924,7.555508300051284,2157860.0,27395128.0
2022-02-14,7.513765160271995,7.633031273927107,7.513765160271995,7.591288134147818,970300.0,12353234.0
2022-02-15,7.597251439830574,7.61514135687884,7.460095409127195,7.537618383003018,1633848.0,20616046.0
2022-02-16,7.56147160573404,7.961013086478662,7.543581688685774,7.82982036145804,4054890.0,53000912.0
2022-02-17,7.82982036145804,7.907343335333862,7.519728465954751,7.531655077320263,3522560.0,45288868.0
2022-02-18,7.543581688685774,7.549544994368529,7.2811962386445295,7.34679260115484,2274929.0,28021256.0
2022-02-21,7.3229393784238175,7.34679260115484,7.221563181816973,7.2633063215962625,1555829.0,18958974.0
2022-02-22,7.2633063215962625,7.2811962386445295,7.108260373844618,7.245416404547996,1370252.0,16563985.0
2022-02-23,7.173856736354929,7.364682518203106,7.173856736354929,7.352755906837595,1344510.0,16461123.0
2022-02-24,7.275232932961773,7.382572435251374,6.941287814727462,7.042664011334307,2510367.0,29960712.0
2022-02-25,7.066517234065329,7.215599876134218,7.048627317017062,7.144040207941152,1101380.0,13213617.0
2022-02-28,7.144040207941152,7.161930124989418,6.9233978976791954,7.144040207941152,1001300.0,11856021.0
2022-03-01,7.191746653403196,7.2990861556927955,7.155966819306663,7.2871595443272845,1383680.0,16787192.0
2022-03-02,7.352755906837595,7.352755906837595,7.221563181816973,7.245416404547996,973620.0,11844108.0
2022-03-03,7.269269627279018,7.45413210344444,7.245416404547996,7.34679260115484,1923340.0,23684256.0
2022-03-04,7.2931228500100405,7.34679260115484,7.221563181816973,7.2871595443272845,1093460.0,13361076.0
2022-03-07,7.221563181816973,7.412388963665151,7.221563181816973,7.2990861556927955,1460340.0,17905092.0
2022-03-08,7.2871595443272845,7.495875243223729,7.197709959085952,7.430278880713418,2507587.0,30941516.0
2022-03-09,7.406425657982395,7.591288134147818,7.209636570451463,7.555508300051284,4631406.0,58041624.0
2022-03-10,7.579361522782307,7.919269946699373,7.579361522782307,7.782113915995995,5143672.0,67084672.0
2022-03-11,7.752297387582217,7.877526806920085,7.573398217099551,7.782113915995995,3408889.0,44364280.0
2022-03-14,7.847710278506306,7.925233252382128,7.656884496658129,7.656884496658129,2982227.0,38624032.0
2022-03-15,7.674774413706395,7.865600195554573,7.579361522782307,7.674774413706395,3561437.0,46185920.0
2022-03-16,7.734407470533951,8.444040846781862,7.6986276364374175,8.12202233991306,8524735.0,114834432.0
2022-03-17,7.966976392161417,8.253215064933684,7.925233252382128,7.978903003526929,6933096.0,93805816.0
2022-03-18,7.99082961489244,8.288994899030218,7.931196558064885,8.15183886832684,5927376.0,80793232.0
2022-03-21,8.15183886832684,8.187618702423373,8.00275622625795,8.169728785375106,4304468.0,58401276.0
2022-03-22,8.16376547969235,8.199545313788883,7.99082961489244,8.11009572854755,2682580.0,36327712.0
2022-03-23,8.199545313788883,8.336701344492262,8.05642597740275,8.199545313788883,3982611.0,54608352.0
2022-03-24,8.169728785375106,8.241288453568172,7.871563501237328,7.901380029651106,4873820.0,65379248.0
2022-03-25,7.943123169430395,7.961013086478662,7.782113915995995,7.88349011260284,2928840.0,38637056.0
2022-03-28,7.871563501237328,7.901380029651106,7.752297387582217,7.901380029651106,1992328.0,26174192.0
2022-03-29,7.901380029651106,8.092205811499284,7.823857055775283,7.907343335333862,2180580.0,29011784.0
2022-03-30,7.901380029651106,8.062389283085507,7.835783667140795,7.943123169430395,2911720.0,38864272.0
2022-03-31,7.913306641016617,8.038536060354485,7.841746972823551,7.996792920575195,2287300.0,30443300.0
2022-04-01,7.955049780795906,8.020646143306218,7.633031273927107,7.752297387582217,4147220.0,54358360.0
2022-04-06,7.961013086478662,7.984866309209685,7.811930444409773,7.943123169430395,2517640.0,33443134.0
2022-04-07,7.841746972823551,7.913306641016617,7.650921190975374,7.7105542478029285,2000065.0,26075198.0
2022-04-08,7.7284441648511955,7.782113915995995,7.466058714809951,7.466058714809951,1918100.0,24341076.0
2022-04-11,7.686701025071907,7.686701025071907,7.227526487499729,7.3229393784238175,1832700.0,22659382.0
2022-04-12,7.45413210344444,7.99082961489244,7.3289026841065725,7.93715986374764,4866885.0,63294580.0
2022-04-13,7.925233252382128,7.925233252382128,7.549544994368529,7.686701025071907,3581480.0,46247136.0
2022-04-14,7.794040527361506,7.811930444409773,7.633031273927107,7.7045909421201735,2154880.0,27831294.0
2022-04-15,7.656884496658129,7.656884496658129,7.2811962386445295,7.2990861556927955,3115000.0,39020716.0
2022-04-18,7.674774413706395,7.674774413706395,7.275232932961773,7.573398217099551,2881320.0,36122952.0
2022-04-19,7.591288134147818,7.621104662561595,7.376609129568617,7.525691771637506,2080700.0,26051448.0
2022-04-20,7.513765160271995,7.621104662561595,7.334865989789329,7.591288134147818,3682000.0,46364868.0
2022-04-21,7.603214745513329,7.603214745513329,7.191746653403196,7.221563181816973,2404620.0,29500990.0
2022-04-22,7.2811962386445295,7.2811962386445295,6.79816847834133,6.79816847834133,1514400.0,17586780.0
2022-04-25,6.74449872719653,6.74449872719653,6.118351630507196,6.231654438479551,2161000.0,22823940.0
2022-04-26,6.231654438479551,6.231654438479551,5.879819403196974,6.11238832482444,1475468.0,14965850.0
2022-04-27,6.142204853238219,6.38073708054844,5.879819403196974,6.297250800989863,2201800.0,22806404.0
2022-04-28,6.183947993017507,6.231654438479551,6.11238832482444,6.15413146460373,1342520.0,13856892.0
2022-04-29,6.201837910065774,6.601379390810396,6.0587185736796405,6.4403701373759965,2208680.0,23771384.0
2022-05-05,6.4403701373759965,6.500003194203551,6.36881046918293,6.410553608962219,977606.0,10540849.0
2022-05-06,6.285324189624351,6.4582600544242625,6.21972782711404,6.374773774865685,868380.0,9253486.0
2022-05-09,6.428443526010485,6.672939059003462,6.356883857817419,6.577526168079373,1408485.0,15551689.0
2022-05-10,6.500003194203551,6.827985006755107,6.028902045265863,6.780278561293062,1414560.0,15875750.0
2022-05-11,6.827985006755107,6.905507980630929,6.625232613541418,6.63715922490693,1378000.0,15688189.0
2022-05-12,6.583489473762129,6.768351949927551,6.4522967487415075,6.702755587417241,765180.0,8545851.0
2022-05-13,6.750462032879285,6.857801535168885,6.678902364686218,6.768351949927551,743840.0,8434093.0
2022-05-16,6.91743459199644,6.91743459199644,6.720645504465507,6.804131784024085,1085740.0,12364254.0
2022-05-17,6.833948312437863,6.833948312437863,6.649085836272441,6.708718893099996,664757.0,7476631.0
2022-05-18,6.708718893099996,6.869728146534396,6.63715922490693,6.79816847834133,838900.0,9575630.0
2022-05-19,6.774315255610307,6.959177731775729,6.684865670368974,6.935324509044707,1497365.0,17230648.0
2022-05-20,6.935324509044707,7.155966819306663,6.935324509044707,7.012847482920529,1587960.0,18780214.0
2022-05-23,7.120186985210129,7.126150290892884,6.977067648823995,7.042664011334307,664521.0,7850066.0
2022-05-24,7.084407151113596,7.096333762479107,6.827985006755107,6.8637648408516405,1143000.0,13210186.0
2022-05-25,6.91743459199644,7.179820042037684,6.810095089706841,7.090370456796352,1829240.0,21538386.0
2022-05-26,7.2811962386445295,7.2811962386445295,6.935324509044707,7.006884177237773,1104200.0,13018673.0
2022-05-27,7.036700705651552,7.060553928382573,6.941287814727462,7.030737399968795,610191.0,7168206.0
2022-05-30,7.072480539748084,7.132113596575641,6.983030954506752,7.114223679527373,1144900.0,13610318.0
2022-05-31,7.215599876134218,7.239453098865241,7.006884177237773,7.144040207941152,1501505.0,17956256.0
2022-06-01,7.102297068161862,7.215599876134218,7.054590622699818,7.108260373844618,933660.0,11155000.0
2022-06-02,7.155966819306663,7.215599876134218,7.072480539748084,7.191746653403196,1107500.0,13314446.0
2022-06-06,7.191746653403196,7.2931228500100405,7.150003513623907,7.245416404547996,1715360.0,20776932.0
2022-06-07,9.069909861859045,9.077418065387073,8.829647348962116,8.859680163074232,1454880.0,17248448.0
2022-06-08,8.87469657013029,8.987319623050727,8.709516092513653,8.80712273837803,1233278.0,14509808.0
2022-06-09,8.814630941906058,8.912237587770434,8.694499685457593,8.71702429604168,626120.0,7289656.0
2022-06-10,8.777089924265914,8.912237587770434,8.702007888985623,8.822139145434088,853533.0,10023329.0
2022-06-13,8.859680163074232,8.919745791298466,8.72453249956971,8.844663756018173,844654.0,9902654.0
2022-06-14,8.87469657013029,8.889712977186349,8.73204070309774,8.859680163074232,696000.0,8170265.0
2022-06-15,8.904729384242406,8.972303215994668,8.762073517209855,8.844663756018173,1716280.0,20296688.0
2022-06-16,8.80712273837803,9.084926268915103,8.80712273837803,9.0323688442189,1599120.0,19164880.0
2022-06-17,8.987319623050727,9.137483693611305,8.919745791298466,9.039877047746929,845260.0,10156291.0
2022-06-20,9.039877047746929,9.347713392396118,9.0323688442189,9.212565728891596,1189400.0,14598476.0
2022-06-21,9.137483693611305,9.445320038260496,9.137483693611305,9.362729799452177,1520940.0,18867684.0
2022-06-22,9.355221595924148,9.445320038260496,9.160008304195392,9.190041118307509,1032500.0,12703868.0
2022-06-23,9.18253291477948,9.430303631204438,9.18253291477948,9.385254410036262,1616645.0,20122376.0
2022-06-24,9.385254410036262,9.385254410036262,9.235090339475683,9.317680578284001,1027580.0,12771602.0
2022-06-27,9.347713392396118,9.437811834732466,9.18253291477948,9.377746206508235,962880.0,12003912.0
2022-06-28,9.340205188868088,9.445320038260496,9.33269698534006,9.41528722414838,1427517.0,17874950.0
2022-06-29,9.41528722414838,9.452828241788524,9.137483693611305,9.137483693611305,1155445.0,14199158.0
2022-06-30,9.235090339475683,9.347713392396118,9.137483693611305,9.160008304195392,984400.0,12085830.0
2022-07-01,9.18253291477948,9.497877462956698,9.18253291477948,9.25761495005977,1629805.0,20300798.0
2022-07-04,9.310172374755973,9.655549737045307,9.18253291477948,9.2651231535878,2254880.0,28199504.0
2022-07-05,9.2651231535878,9.422795427676409,8.94977860541058,9.047385251274958,1641560.0,19908594.0
2022-07-06,9.137483693611305,9.227582135947653,8.934762198354523,9.054893454802986,1242300.0,14921295.0
2022-07-07,9.152500100667364,9.227582135947653,9.054893454802986,9.144991897139334,816461.0,9959917.0
2022-07-08,9.220073932419625,9.377746206508235,9.144991897139334,9.212565728891596,788860.0,9713104.0
2022-07-11,9.280139560643857,9.370238002980205,9.10745087949919,9.295155967699916,835380.0,10285535.0
2022-07-12,9.347713392396118,9.347713392396118,9.054893454802986,9.09243447244313,773800.0,9431483.0
2022-07-13,9.084926268915103,9.272631357115827,9.0323688442189,9.272631357115827,659260.0,8091322.0
2022-07-14,9.197549321835538,9.295155967699916,8.934762198354523,9.009844233634812,1555820.0,18785760.0
2022-07-15,8.972303215994668,9.017352437162842,8.747057110153797,8.747057110153797,916927.0,10735950.0
2022-07-18,8.709516092513653,9.084926268915103,8.641942260761391,9.009844233634812,1241927.0,14854220.0
2022-07-19,8.934762198354523,9.250106746531742,8.904729384242406,9.197549321835538,1262260.0,15411696.0
2022-07-20,9.242598543003712,9.242598543003712,9.0323688442189,9.062401658331016,746207.0,9035685.0
2022-07-21,9.129975490083277,9.205057525363566,8.934762198354523,8.964795012466638,1190100.0,14362169.0
2022-07-22,9.02486064069087,9.272631357115827,8.964795012466638,9.017352437162842,1099120.0,13336419.0
2022-07-25,9.054893454802986,9.11495908302722,8.529319207840956,8.822139145434088,995730.0,11841600.0
2022-07-26,8.859680163074232,8.934762198354523,8.71702429604168,8.889712977186349,838340.0,9882196.0
2022-07-27,9.002336030106784,9.002336030106784,8.777089924265914,8.942270401882551,859140.0,10161089.0
2022-07-28,8.987319623050727,9.077418065387073,8.934762198354523,9.009844233634812,1328880.0,15936699.0
2022-07-29,9.009844233634812,9.077418065387073,8.769581720737884,8.979811419522697,2761220.0,32736290.0
2022-08-01,8.80712273837803,9.062401658331016,8.79961453485,9.054893454802986,1519097.0,18174158.0
2022-08-02,8.972303215994668,8.987319623050727,8.259023880831911,8.581876632537158,1976800.0,22835196.0
2022-08-03,8.581876632537158,8.822139145434088,8.559352021953073,8.589384836065188,1322600.0,15370002.0
2022-08-04,8.581876632537158,8.80712273837803,8.5668602254811,8.747057110153797,702860.0,8143447.0
2022-08-05,8.762073517209855,8.814630941906058,8.49928639372884,8.57436842900913,1215797.0,13936609.0
2022-08-08,8.559352021953073,8.867188366602262,8.506794597256869,8.829647348962116,1813624.0,21167632.0
2022-08-09,8.814630941906058,8.994827826578755,8.71702429604168,8.747057110153797,2127729.0,25114752.0
2022-08-10,8.829647348962116,9.122467286555247,8.769581720737884,9.054893454802986,3505250.0,42103688.0
2022-08-11,9.047385251274958,9.377746206508235,8.979811419522697,9.002336030106784,2742970.0,33377780.0
2022-08-12,9.09243447244313,9.212565728891596,9.009844233634812,9.039877047746929,2096370.0,25426844.0
2022-08-15,9.002336030106784,9.212565728891596,8.88220477365832,9.047385251274958,1635077.0,19611920.0
2022-08-16,9.10745087949919,9.227582135947653,9.054893454802986,9.227582135947653,1728180.0,21086052.0
2022-08-17,9.2651231535878,9.287647764171885,9.10745087949919,9.205057525363566,1324000.0,16205554.0
2022-08-18,9.062401658331016,9.310172374755973,9.062401658331016,9.205057525363566,1406740.0,17269500.0
2022-08-19,9.250106746531742,9.250106746531742,9.062401658331016,9.069909861859045,1352400.0,16452970.0
2022-08-22,9.069909861859045,9.160008304195392,8.979811419522697,9.0323688442189,1650140.0,19897672.0
2022-08-23,9.0323688442189,9.084926268915103,8.889712977186349,8.964795012466638,1501120.0,17939964.0
2022-08-24,8.867188366602262,8.987319623050727,8.664466871345477,8.679483278401536,1726440.0,20188156.0
2022-08-25,8.762073517209855,8.762073517209855,8.34161411964023,8.461745376088695,1490500.0,16832840.0
2022-08-26,8.42420435844855,8.544335614897015,8.311581305528115,8.34912232316826,1178040.0,13240107.0
2022-08-29,8.206466456135708,8.521811004312926,8.183941845551622,8.469253579616723,1085540.0,12144788.0
2022-08-30,8.446728969032637,8.897221180714377,8.401679747864462,8.656958667817449,2162325.0,24790684.0
2022-08-31,8.64945046428942,8.64945046428942,8.34161411964023,8.409187951392491,2113429.0,23831828.0
2022-09-01,8.379155137280376,8.469253579616723,8.213974659663737,8.251515677303882,1271900.0,14074812.0
2022-09-02,8.319089509056143,8.709516092513653,8.281548491415998,8.641942260761391,2472660.0,27979936.0
2022-09-05,8.694499685457593,8.709516092513653,8.446728969032637,8.506794597256869,1558704.0,17714972.0
2022-09-06,8.506794597256869,8.626925853705334,8.41669615492052,8.596893039593217,1040480.0,11853383.0
2022-09-07,8.634434057233362,8.634434057233362,8.469253579616723,8.529319207840956,1067860.0,12117334.0
2022-09-08,8.484269986672782,8.702007888985623,8.484269986672782,8.544335614897015,971760.0,11084178.0
2022-09-09,8.604401243121247,8.626925853705334,8.439220765504608,8.491778190200812,977800.0,11061255.0
2022-09-13,8.5668602254811,8.64945046428942,8.454237172560665,8.626925853705334,955140.0,10924963.0
2022-09-14,8.521811004312926,8.656958667817449,8.491778190200812,8.641942260761391,799000.0,9147031.0
2022-09-15,8.709516092513653,8.709516092513653,8.379155137280376,8.454237172560665,1088400.0,12294398.0
2022-09-16,8.529319207840956,8.529319207840956,8.266532084359941,8.311581305528115,1065000.0,11808276.0
2022-09-19,8.221482863191765,8.379155137280376,8.056302385575128,8.311581305528115,1637480.0,17884068.0
2022-09-20,8.236499270247824,8.431712561976578,8.236499270247824,8.35663052669629,1120740.0,12425787.0
2022-09-21,8.296564898472058,8.409187951392491,8.168925438495563,8.334105916112202,758020.0,8396481.0
2022-09-22,8.334105916112202,8.454237172560665,8.296564898472058,8.371646933752347,778780.0,8697007.0
2022-09-23,8.371646933752347,8.41669615492052,8.228991066719797,8.228991066719797,798600.0,8809371.0
2022-09-26,8.206466456135708,8.506794597256869,7.996236757350896,8.34161411964023,1219800.0,13518033.0
2022-09-27,8.319089509056143,8.521811004312926,8.296564898472058,8.49928639372884,943800.0,10584001.0
2022-09-28,8.521811004312926,8.5668602254811,8.334105916112202,8.334105916112202,906300.0,10145883.0
2022-09-29,8.364138730224319,8.409187951392491,8.206466456135708,8.296564898472058,1046600.0,11533024.0
2022-09-30,8.251515677303882,8.386663340808404,8.183941845551622,8.213974659663737,734114.0,8063915.0
2022-10-10,8.19895825260768,8.228991066719797,8.116368013799361,8.168925438495563,891000.0,9690969.0
2022-10-11,8.108859810271332,8.371646933752347,8.101351606743302,8.371646933752347,753820.0,8292934.0
2022-10-12,8.371646933752347,8.491778190200812,8.266532084359941,8.484269986672782,572600.0,6386969.0
2022-10-13,8.49928639372884,8.551843818425043,8.371646933752347,8.484269986672782,527720.0,5941357.0
2022-10-14,8.439220765504608,8.73204070309774,8.439220765504608,8.64945046428942,1078000.0,12428450.0
2022-10-17,8.634434057233362,9.250106746531742,8.611909446649275,9.227582135947653,2573655.0,30964712.0
2022-10-18,9.227582135947653,10.151091169895222,9.220073932419625,10.151091169895222,8245408.0,109312416.0
2022-10-19,10.030959913446758,10.451419311016382,9.685582551157424,10.136074762839165,7448380.0,99125736.0
2022-10-20,10.060992727558874,10.361320868680036,9.828238418189974,10.188632187535367,4221961.0,57289932.0
2022-10-21,10.2486978157596,10.308763443983832,9.948369674638439,10.106041948727048,2886080.0,38949280.0
2022-10-24,10.211156798119454,10.233681408703541,9.715615365269539,9.715615365269539,3854320.0,51160364.0
2022-10-25,9.7831891970218,9.805713807605889,9.437811834732466,9.587975905293046,2506780.0,32037272.0
2022-10-26,9.663057940573337,9.738139975853628,9.580467701765016,9.685582551157424,2524741.0,32522956.0
2022-10-27,9.610500515877135,9.753156382909685,9.550434887652901,9.572959498236989,1415340.0,18091384.0
2022-10-28,9.595484108821076,9.610500515877135,9.33269698534006,9.437811834732466,1848960.0,23283868.0
2022-10-31,9.497877462956698,9.550434887652901,9.33269698534006,9.49036925942867,1864440.0,23527140.0
2022-11-01,9.47535285237261,9.602992312349103,9.340205188868088,9.47535285237261,1822500.0,22897128.0
2022-11-02,9.497877462956698,9.79820560407786,9.40027081709232,9.678074347629394,3170020.0,40606076.0
2022-11-03,9.587975905293046,9.745648179381655,9.452828241788524,9.47535285237261,1882180.0,23897914.0
2022-11-04,9.340205188868088,9.41528722414838,9.122467286555247,9.235090339475683,3874000.0,47636048.0
2022-11-07,9.175024711251451,9.377746206508235,9.175024711251451,9.242598543003712,2488187.0,30696372.0
2022-11-08,9.250106746531742,9.317680578284001,9.077418065387073,9.310172374755973,1966087.0,24132136.0
2022-11-09,9.685582551157424,9.685582551157424,9.009844233634812,9.220073932419625,2481354.0,30484730.0
2022-11-10,9.220073932419625,9.41528722414838,9.144991897139334,9.280139560643857,2296556.0,28323700.0
2022-11-11,9.385254410036262,9.63302512646122,9.280139560643857,9.287647764171885,2755680.0,34716940.0
2022-11-14,9.280139560643857,9.40777902062035,9.129975490083277,9.242598543003712,1757360.0,21701576.0
2022-11-15,9.362729799452177,9.362729799452177,9.190041118307509,9.250106746531742,2188620.0,26942396.0
2022-11-16,9.250106746531742,9.580467701765016,9.212565728891596,9.392762613564292,2574800.0,32183954.0
2022-11-17,9.392762613564292,9.392762613564292,9.235090339475683,9.362729799452177,1747980.0,21658484.0
2022-11-18,9.362729799452177,10.301255240455802,9.362729799452177,10.301255240455802,4979771.0,66178364.0
2022-11-21,10.811813080361775,11.112141221482936,10.421386496904267,10.879386912114036,13796571.0,196550816.0
2022-11-22,10.871878708586008,11.487551397884387,10.676665416857253,11.052075593258705,10864732.0,159063440.0
2022-11-23,10.879386912114036,11.022042779146588,10.54902595688076,10.669157213329225,5176780.0,73584256.0
2022-11-24,10.639124399217108,10.639124399217108,9.820730214661946,9.835746621718004,8545547.0,115136256.0
2022-11-25,9.903320453470265,9.993418895806613,9.700598958213481,9.7831891970218,4681980.0,61245520.0
2022-11-28,9.610500515877135,9.610500515877135,9.167516507723423,9.362729799452177,3777580.0,46950832.0
2022-11-29,9.347713392396118,9.497877462956698,9.317680578284001,9.40777902062035,2962800.0,37111072.0
2022-11-30,9.41528722414838,9.535418480596842,9.272631357115827,9.467844648844581,3155440.0,39572952.0
2022-12-01,9.572959498236989,9.602992312349103,9.40027081709232,9.48286105590064,2773320.0,34991608.0
2022-12-02,9.452828241788524,9.587975905293046,9.347713392396118,9.520402073540785,1933800.0,24456328.0
2022-12-05,9.527910277068814,9.64053332998925,9.422795427676409,9.595484108821076,2924440.0,37060280.0
2022-12-06,9.610500515877135,9.610500515877135,9.385254410036262,9.41528722414838,2246263.0,28236500.0
2022-12-07,9.355221595924148,9.86577943583012,9.340205188868088,9.685582551157424,5109310.0,66068172.0
2022-12-08,9.64053332998925,9.685582551157424,9.385254410036262,9.40027081709232,2891800.0,36457128.0
2022-12-09,9.437811834732466,9.565451294708959,9.392762613564292,9.535418480596842,1989920.0,25165712.0
2022-12-12,9.505385666484727,9.527910277068814,9.310172374755973,9.47535285237261,1714426.0,21493300.0
2022-12-13,9.497877462956698,9.497877462956698,9.310172374755973,9.340205188868088,1474787.0,18420976.0
2022-12-14,9.340205188868088,9.685582551157424,9.2651231535878,9.41528722414838,1751207.0,22052544.0
2022-12-15,9.422795427676409,9.700598958213481,9.385254410036262,9.595484108821076,2282207.0,29115092.0
2022-12-16,9.595484108821076,9.595484108821076,9.340205188868088,9.362729799452177,1831400.0,22959540.0
2022-12-19,9.430303631204438,9.430303631204438,8.994827826578755,9.054893454802986,1874260.0,22795110.0
2022-12-20,8.972303215994668,9.235090339475683,8.964795012466638,9.205057525363566,983800.0,11970927.0
2022-12-21,9.205057525363566,9.272631357115827,9.002336030106784,9.039877047746929,882000.0,10687543.0
2022-12-22,9.039877047746929,9.197549321835538,8.702007888985623,8.72453249956971,1924780.0,22726684.0
2022-12-23,8.709516092513653,8.87469657013029,8.57436842900913,8.664466871345477,1192800.0,13756359.0
2022-12-26,8.671975074873508,8.889712977186349,8.664466871345477,8.859680163074232,941900.0,11034693.0
2022-12-27,8.994827826578755,9.009844233634812,8.777089924265914,8.844663756018173,1147200.0,13517426.0
2022-12-28,8.844663756018173,8.859680163074232,8.634434057233362,8.641942260761391,1340000.0,15563843.0
2022-12-29,8.634434057233362,8.754565313681827,8.634434057233362,8.671975074873508,741860.0,8599055.0
2022-12-30,8.634434057233362,8.822139145434088,8.581876632537158,8.73954890662577,1172080.0,13623813.0
2023-01-03,8.859680163074232,8.942270401882551,8.71702429604168,8.912237587770434,914100.0,10780177.0
2023-01-04,8.927253994826494,9.137483693611305,8.919745791298466,9.017352437162842,1236300.0,14853859.0
2023-01-05,9.017352437162842,9.33269698534006,8.979811419522697,9.295155967699916,1887320.0,23140896.0
2023-01-06,9.385254410036262,9.385254410036262,9.137483693611305,9.167516507723423,1435663.0,17624232.0
2023-01-09,9.227582135947653,9.33269698534006,9.160008304195392,9.317680578284001,1059100.0,13053362.0
2023-01-10,9.272631357115827,9.347713392396118,9.175024711251451,9.190041118307509,930000.0,11406224.0
2023-01-11,9.205057525363566,9.535418480596842,9.047385251274958,9.129975490083277,2824280.0,34783352.0
2023-01-12,9.190041118307509,9.302664171227944,9.084926268915103,9.10745087949919,1992180.0,24289968.0
2023-01-13,9.152500100667364,9.302664171227944,9.09994267597116,9.272631357115827,1452660.0,17852334.0
2023-01-16,9.310172374755973,9.805713807605889,9.280139560643857,9.670566144101366,3580240.0,45908556.0
2023-01-17,9.715615365269539,9.745648179381655,9.572959498236989,9.610500515877135,1663020.0,21358054.0
2023-01-18,9.625516922933192,9.663057940573337,9.535418480596842,9.610500515877135,1340720.0,17138548.0
2023-01-19,9.580467701765016,9.843254825246031,9.565451294708959,9.768172789965742,2441750.0,31640632.0
2023-01-20,9.86577943583012,9.86577943583012,9.648041533517278,9.723123568797568,1232500.0,15939439.0
2023-01-30,9.955877878166469,10.69919002744134,9.835746621718004,10.586566974520904,6823170.0,95159392.0
2023-01-31,10.518993142768643,10.669157213329225,10.196140391063397,10.526501346296673,5209990.0,72228568.0
2023-02-01,10.46643571807244,10.864370505057979,10.428894700432297,10.54151775335273,5828580.0,82152464.0
2023-02-02,10.518993142768643,10.84935409800192,10.518993142768643,10.669157213329225,5201940.0,74198912.0
2023-02-03,10.661649009801195,10.796796673305717,10.601583381576962,10.631616195689078,3052208.0,43338620.0
2023-02-06,10.54151775335273,10.684173620385282,10.473943921600469,10.594075178048934,3513620.0,49393828.0
2023-02-07,10.691681823913312,10.691681823913312,10.443911107488354,10.54151775335273,3220052.0,45124240.0
2023-02-08,10.54902595688076,10.646632602745136,10.46643571807244,10.5340095498247,1833772.0,25809770.0
2023-02-09,10.54902595688076,11.029550982674616,10.481452125128499,10.93194433681024,3826000.0,55409212.0
2023-02-10,10.93194433681024,11.720305707253285,10.92443613328221,11.517584211996502,7054979.0,106557824.0
2023-02-13,11.630207264916937,12.583749112976623,11.517584211996502,12.411060431831956,9657880.0,156811488.0
2023-02-14,12.463617856528158,12.486142467112243,11.923027202510069,12.320961989495606,5901273.0,96037304.0
2023-02-15,12.396044024775897,12.403552228303925,11.938043609566128,12.013125644846417,3883647.0,62644336.0
2023-02-16,12.028142051902474,12.133256901294882,11.570141636692705,11.652731875501024,3575627.0,56505912.0
2023-02-17,11.757846724893431,11.802895946061605,11.352403734379862,11.525092415524531,2527175.0,39043456.0
2023-02-20,11.577649840220735,12.230863547159258,11.487551397884387,12.06568306954262,3763040.0,59598520.0
2023-02-21,12.133256901294882,12.185814325991084,11.84043696370175,11.960568220150213,2699061.0,43080668.0
2023-02-22,11.945551813094156,12.050666662486563,11.787879539005546,12.005617441318387,2075808.0,32909862.0
2023-02-23,12.005617441318387,12.020633848374446,11.622699061388909,11.727813910781315,3084962.0,48221908.0
2023-02-24,11.712797503725255,11.802895946061605,11.637715468444966,11.675256486085113,1791280.0,27891840.0
2023-02-27,11.69027289314117,11.847945167229778,11.540108822580589,11.592666247276792,2259606.0,35089496.0
2023-02-28,11.592666247276792,11.697781096669198,11.412469362604096,11.502567804940444,2386219.0,36560064.0
2023-03-01,11.487551397884387,11.517584211996502,11.277321699099573,11.389944752020009,2142912.0,32406092.0
2023-03-02,11.352403734379862,11.419977566132125,10.976993557978412,11.14968223912308,4144104.0,61280256.0
2023-03-03,11.029550982674616,11.14968223912308,10.819321283889805,10.946960743866297,3937713.0,57437120.0
2023-03-06,10.946960743866297,11.022042779146588,10.804304876833747,10.864370505057979,2096897.0,30419784.0
2023-03-07,10.871878708586008,10.909419726226151,10.571550567464847,10.616599788633021,1683172.0,24047484.0
2023-03-08,10.609091585104993,10.714206434497397,10.564042363936817,10.669157213329225,1757839.0,24909948.0
2023-03-09,10.616599788633021,10.736731045081486,10.526501346296673,10.669157213329225,1714326.0,24365738.0
2023-03-10,10.601583381576962,10.669157213329225,10.5340095498247,10.564042363936817,1229307.0,17362504.0
2023-03-13,10.473943921600469,10.631616195689078,10.436402903960325,10.55653416040879,1751412.0,24617796.0
2023-03-14,10.511484939240615,10.616599788633021,10.211156798119454,10.511484939240615,2714965.0,37736664.0
2023-03-15,10.511484939240615,10.564042363936817,10.286238833399743,10.376337275736093,3700843.0,51241108.0
2023-03-16,10.338796258095947,10.368829072208063,9.970894285222526,10.076009134614932,3996560.0,53821496.0
2023-03-17,10.113550152255078,10.691681823913312,10.113550152255078,10.594075178048934,8148262.0,113945040.0
2023-03-20,10.54902595688076,10.609091585104993,10.128566559311135,10.136074762839165,5703957.0,78098352.0
2023-03-21,10.203648594591424,10.503976735712586,10.060992727558874,10.488960328656528,3664446.0,50598692.0
2023-03-22,10.443911107488354,10.676665416857253,10.443911107488354,10.54902595688076,2805346.0,39459176.0
2023-03-23,10.503976735712586,10.736731045081486,10.496468532184556,10.69919002744134,2401222.0,34013256.0
2023-03-24,10.684173620385282,11.067092000314762,10.684173620385282,10.819321283889805,3855997.0,55750440.0
2023-03-27,10.856862301529949,11.037059186202645,10.62410799216105,10.714206434497397,3800835.0,54520508.0
2023-03-28,10.7667638591936,10.961977150922355,10.676665416857253,10.77427206272163,3120508.0,44918536.0
2023-03-29,10.811813080361775,10.901911522698123,10.669157213329225,10.70669823096937,2115481.0,30387406.0
2023-03-30,10.744239248609514,10.804304876833747,10.594075178048934,10.594075178048934,2630584.0,37373392.0
2023-03-31,10.639124399217108,10.744239248609514,10.616599788633021,10.721714638025427,2193820.0,31245988.0
2023-04-03,10.759255655665571,10.759255655665571,10.436402903960325,10.586566974520904,2205721.0,31054144.0
2023-04-04,10.616599788633021,10.639124399217108,10.293747036927774,10.32377985103989,1879072.0,25981124.0
2023-04-06,10.271222426343686,10.32377985103989,10.00843530286267,10.091025541670989,3151514.0,42499784.0
2023-04-07,10.098533745199019,10.301255240455802,10.068500931086904,10.16610757695128,1586070.0,21471892.0
2023-04-10,10.16610757695128,10.24118961223157,9.918336860526324,9.94086147111041,2000201.0,26668728.0
2023-04-11,9.910828656998293,10.0159435063907,9.828238418189974,9.948369674638439,1538577.0,20282358.0
2023-04-12,10.038468116974787,10.946960743866297,10.038468116974787,10.946960743866297,4892894.0,69892680.0
2023-04-13,11.337387327323805,11.367420141435922,10.721714638025427,11.164698646179138,11183019.0,165775200.0
2023-04-14,11.31486271673972,11.329879123795777,11.014534575618558,11.07460020384279,4895009.0,72514248.0
2023-04-17,11.08210840737082,11.570141636692705,11.029550982674616,11.209747867347312,6818358.0,102682872.0
2023-04-18,11.277321699099573,11.61519085786088,11.112141221482936,11.217256070875342,4459702.0,67008604.0
2023-04-19,11.179715053235197,11.179715053235197,10.586566974520904,10.789288469777688,7375241.0,105364328.0
2023-04-20,10.70669823096937,10.70669823096937,10.226173205175511,10.286238833399743,5007491.0,69245376.0
2023-04-21,10.226173205175511,10.316271647511861,9.87328763935815,9.87328763935815,4829492.0,64499556.0
2023-04-24,9.87328763935815,9.903320453470265,9.452828241788524,9.610500515877135,4085435.0,52147048.0
2023-04-25,9.587975905293046,9.595484108821076,9.227582135947653,9.370238002980205,3280483.0,40922724.0
2023-04-26,9.385254410036262,9.655549737045307,9.325188781812031,9.557943091180931,2519657.0,31875972.0
2023-04-27,9.835746621718004,10.511484939240615,9.835746621718004,10.511484939240615,4944255.0,68095792.0
2023-04-28,10.436402903960325,10.69919002744134,10.376337275736093,10.451419311016382,6890771.0,96407752.0
2023-05-04,10.473943921600469,10.661649009801195,10.458927514544412,10.488960328656528,3945530.0,55475360.0
2023-05-05,10.518993142768643,10.5340095498247,10.15859937342325,10.376337275736093,3275280.0,44995724.0
2023-05-08,10.451419311016382,10.54151775335273,10.293747036927774,10.368829072208063,2032083.0,28170976.0
2023-05-09,10.368829072208063,10.5340095498247,10.218665001647484,10.233681408703541,3192002.0,44068232.0
2023-05-10,10.211156798119454,10.263714222815658,10.045976320502817,10.136074762839165,2228271.0,30023308.0
2023-05-11,10.136074762839165,10.211156798119454,10.0159435063907,10.113550152255078,1746500.0,23448684.0
2023-05-12,10.106041948727048,10.17361578047931,10.030959913446758,10.113550152255078,1516420.0,20404968.0
2023-05-15,10.17361578047931,10.17361578047931,9.978402488750554,10.136074762839165,1813920.0,24385656.0
2023-05-16,10.15859937342325,10.361320868680036,10.060992727558874,10.16610757695128,1945800.0,26433764.0
2023-05-17,10.188632187535367,10.609091585104993,10.106041948727048,10.609091585104993,3210041.0,44469780.0
2023-05-18,10.616599788633021,10.729222841553455,10.436402903960325,10.691681823913312,3470400.0,49030424.0
2023-05-19,10.736731045081486,10.7667638591936,10.55653416040879,10.631616195689078,2086644.0,29559634.0
2023-05-22,10.639124399217108,10.69919002744134,10.526501346296673,10.691681823913312,1617320.0,22918460.0
2023-05-23,10.796796673305717,10.834337690945862,10.586566974520904,10.676665416857253,1439417.0,20499936.0
2023-05-24,10.691681823913312,10.759255655665571,10.511484939240615,10.691681823913312,1708790.0,24348722.0
2023-05-25,10.646632602745136,10.976993557978412,10.646632602745136,10.819321283889805,2368936.0,34007032.0
2023-05-26,10.834337690945862,10.901911522698123,10.69919002744134,10.834337690945862,1847381.0,26584384.0
2023-05-29,10.871878708586008,10.976993557978412,10.646632602745136,10.676665416857253,2018356.0,28890204.0
2023-05-30,10.721714638025427,10.729222841553455,10.511484939240615,10.631616195689078,1725270.0,24360992.0
2023-05-31,10.646632602745136,10.736731045081486,10.601583381576962,10.661649009801195,1637839.0,23256632.0
2023-06-01,10.586566974520904,10.684173620385282,10.518993142768643,10.601583381576962,1606643.0,22691324.0
2023-06-02,10.55653416040879,10.826829487417832,10.55653416040879,10.744239248609514,1853480.0,26464656.0
2023-06-05,10.871878708586008,10.871878708586008,10.70669823096937,10.736731045081486,1389840.0,19920840.0
2023-06-06,10.7667638591936,10.834337690945862,10.503976735712586,10.5340095498247,1494920.0,21168432.0
2023-06-07,10.436402903960325,10.511484939240615,10.286238833399743,10.413878293376237,2008857.0,27772106.0
2023-06-08,10.406370089848208,10.421386496904267,10.2486978157596,10.256206019287628,1747357.0,24023150.0
2023-06-09,10.308763443983832,10.481452125128499,10.256206019287628,10.38384547926412,1306764.0,18056524.0
2023-06-12,10.286238833399743,10.631616195689078,10.211156798119454,10.473943921600469,2048580.0,28465234.0
2023-06-13,10.496468532184556,10.62410799216105,10.458927514544412,10.609091585104993,1853000.0,26134200.0
2023-06-14,10.669157213329225,10.669157213329225,10.481452125128499,10.564042363936817,1455500.0,20441256.0
2023-06-15,10.55653416040879,10.751747452137543,10.436402903960325,10.721714638025427,1788800.0,25349998.0
2023-06-16,10.7667638591936,10.92443613328221,10.70669823096937,10.856862301529949,1963918.0,28315844.0
2023-06-19,10.894403319170094,10.976993557978412,10.781780266249658,10.879386912114036,1988047.0,28805868.0
2023-06-20,10.901911522698123,10.91692792975418,10.736731045081486,10.834337690945862,2002710.0,28907148.0
2023-06-21,10.91692792975418,11.329879123795777,10.871878708586008,10.976993557978412,5008625.0,73838176.0
2023-06-26,10.976993557978412,11.059583796786733,10.511484939240615,10.564042363936817,3333821.0,47831604.0
2023-06-27,10.55653416040879,10.91692792975418,10.511484939240615,10.864370505057979,2625263.0,37669128.0
2023-06-28,10.976993557978412,10.984501761506444,10.601583381576962,10.93194433681024,2182130.0,31405708.0
2023-06-29,10.92443613328221,11.284829902627603,10.84935409800192,11.172206849707168,4002161.0,59590064.0
2023-06-30,11.254797088515486,11.38243654849198,11.08210840737082,11.097124814426877,3625660.0,53991624.0
2023-07-03,11.097124814426877,11.254797088515486,11.022042779146588,11.044567389730675,2731642.0,40438164.0
2023-07-04,11.127157628538994,11.262305292043516,10.999518168562501,11.22476427440337,2805600.0,41831904.0
2023-07-05,11.277321699099573,11.277321699099573,10.999518168562501,11.029550982674616,2208171.0,32584254.0
2023-07-06,11.07460020384279,11.14968223912308,10.871878708586008,11.007026372090529,1471691.0,21590512.0
2023-07-07,11.022042779146588,11.119649425010964,10.886895115642066,10.93194433681024,1938000.0,28355196.0
2023-07-10,11.037059186202645,11.097124814426877,10.864370505057979,10.901911522698123,1842350.0,26843656.0
2023-07-11,10.901911522698123,11.037059186202645,10.856862301529949,11.014534575618558,1493900.0,21819664.0
2023-07-12,11.052075593258705,11.202239663819283,10.894403319170094,10.92443613328221,2079651.0,30577400.0
2023-07-13,10.954468947394327,11.142174035595051,10.93194433681024,11.119649425010964,2091291.0,30805442.0
2023-07-14,11.089616610898847,11.14968223912308,10.976993557978412,11.07460020384279,1646200.0,24246532.0
2023-07-17,11.097124814426877,11.179715053235197,10.84935409800192,10.939452540338268,2932772.0,42816904.0
2023-07-18,10.961977150922355,11.059583796786733,10.781780266249658,10.961977150922355,1937773.0,28222918.0
2023-07-19,10.999518168562501,11.037059186202645,10.714206434497397,10.736731045081486,1846680.0,26553274.0
2023-07-20,10.744239248609514,10.834337690945862,10.594075178048934,10.609091585104993,2150852.0,30682868.0
2023-07-21,10.586566974520904,10.639124399217108,10.481452125128499,10.518993142768643,1908100.0,26785838.0
2023-07-24,10.511484939240615,10.684173620385282,10.428894700432297,10.586566974520904,1635980.0,23056450.0
2023-07-25,10.729222841553455,10.736731045081486,10.579058770992877,10.714206434497397,1029500.0,14614835.0
2023-07-26,10.654140806273166,10.669157213329225,10.451419311016382,10.481452125128499,1512940.0,21225138.0
2023-07-27,10.473943921600469,10.646632602745136,10.413878293376237,10.421386496904267,1427440.0,19987200.0
2023-07-28,10.406370089848208,10.46643571807244,10.2486978157596,10.406370089848208,1509900.0,20850978.0
2023-07-31,10.39886188632018,10.488960328656528,10.286238833399743,10.353812665152004,1850205.0,25620944.0
2023-08-01,10.406370089848208,10.54151775335273,10.278730629871715,10.421386496904267,2500900.0,34612648.0
2023-08-02,10.39135368279215,10.511484939240615,10.286238833399743,10.39886188632018,1612810.0,22345836.0
2023-08-03,10.39135368279215,10.451419311016382,10.338796258095947,10.346304461623976,1254000.0,17323876.0
2023-08-04,10.421386496904267,10.458927514544412,10.286238833399743,10.32377985103989,1739486.0,23982044.0
2023-08-07,10.39886188632018,10.39886188632018,10.136074762839165,10.16610757695128,1577371.0,21388674.0
2023-08-08,10.15859937342325,10.211156798119454,10.068500931086904,10.128566559311135,1295699.0,17447872.0
2023-08-09,10.128566559311135,10.128566559311135,9.985910692278585,10.076009134614932,956500.0,12816223.0
2023-08-10,9.970894285222526,10.136074762839165,9.970894285222526,10.076009134614932,1466700.0,19660580.0
2023-08-11,10.038468116974787,10.16610757695128,9.963386081694496,9.963386081694496,1330400.0,17780092.0
2023-08-14,9.880795842886178,10.060992727558874,9.843254825246031,10.000927099334643,1156000.0,15304743.0
2023-08-15,10.00843530286267,10.098533745199019,9.948369674638439,10.000927099334643,1150491.0,15349429.0
2023-08-16,9.918336860526324,10.000927099334643,9.805713807605889,9.805713807605889,1366670.0,17998872.0
2023-08-17,9.87328763935815,10.106041948727048,9.715615365269539,10.083517338142961,1436970.0,19076170.0
2023-08-18,10.098533745199019,10.218665001647484,10.038468116974787,10.098533745199019,1184100.0,16011234.0
2023-08-21,10.151091169895222,10.188632187535367,10.00843530286267,10.045976320502817,1142600.0,15379910.0
2023-08-22,10.106041948727048,10.16610757695128,9.85827123230209,10.038468116974787,1094020.0,14541617.0
2023-08-23,10.00843530286267,10.113550152255078,9.86577943583012,9.910828656998293,818631.0,10836774.0
2023-08-24,9.910828656998293,10.038468116974787,9.79069740054983,9.820730214661946,1004980.0,13206516.0
2023-08-25,9.745648179381655,9.820730214661946,9.535418480596842,9.580467701765016,1733867.0,22291192.0
2023-08-28,10.151091169895222,10.151091169895222,9.730631772325598,9.79820560407786,2107154.0,27747320.0
2023-08-29,9.693090754685453,10.24118961223157,9.693090754685453,10.218665001647484,2548300.0,34147872.0
2023-08-30,10.32377985103989,10.481452125128499,10.293747036927774,10.353812665152004,2325170.0,32168696.0
2023-08-31,10.38384547926412,10.436402903960325,10.301255240455802,10.346304461623976,1554500.0,21411748.0
2023-09-01,10.436402903960325,10.473943921600469,10.211156798119454,10.286238833399743,1999894.0,27432152.0
2023-09-04,10.38384547926412,10.46643571807244,10.316271647511861,10.443911107488354,1740200.0,24059110.0
2023-09-05,10.616599788633021,10.616599788633021,10.361320868680036,10.413878293376237,1425400.0,19771174.0
2023-09-06,10.436402903960325,10.488960328656528,10.331288054567919,10.46643571807244,1354900.0,18820108.0
2023-09-07,10.428894700432297,10.488960328656528,10.263714222815658,10.316271647511861,1194100.0,16520765.0
2023-09-08,10.316271647511861,10.39135368279215,10.301255240455802,10.338796258095947,986500.0,13596804.0
2023-09-11,10.353812665152004,10.443911107488354,10.256206019287628,10.376337275736093,1314720.0,18176360.0
2023-09-12,10.38384547926412,10.503976735712586,10.32377985103989,10.481452125128499,1462240.0,20317624.0
2023-09-13,10.496468532184556,10.511484939240615,10.293747036927774,10.39135368279215,1239900.0,17156310.0
2023-09-14,10.406370089848208,10.428894700432297,10.15859937342325,10.263714222815658,1327500.0,18140232.0
2023-09-15,10.286238833399743,10.39886188632018,10.218665001647484,10.256206019287628,964584.0,13201089.0
2023-09-18,10.211156798119454,10.451419311016382,9.985910692278585,10.39886188632018,1636884.0,22564620.0
2023-09-19,10.331288054567919,10.39886188632018,10.181123984007339,10.181123984007339,1218450.0,16594293.0
2023-09-20,10.16610757695128,10.32377985103989,10.15859937342325,10.188632187535367,1181890.0,16107079.0
2023-09-21,10.16610757695128,10.24118961223157,9.993418895806613,10.083517338142961,1102140.0,14911483.0
2023-09-22,10.106041948727048,10.32377985103989,10.076009134614932,10.271222426343686,1228744.0,16765583.0
2023-09-25,10.346304461623976,10.421386496904267,10.256206019287628,10.256206019287628,1117031.0,15342354.0
2023-09-26,10.308763443983832,10.308763443983832,10.181123984007339,10.2486978157596,1046790.0,14277376.0
2023-09-27,10.2486978157596,10.376337275736093,10.136074762839165,10.301255240455802,1235870.0,16947452.0
2023-09-28,10.308763443983832,10.39886188632018,10.256206019287628,10.293747036927774,1327950.0,18232116.0
2023-10-09,10.338796258095947,10.39135368279215,9.993418895806613,10.045976320502817,1957251.0,26443252.0
2023-10-10,10.083517338142961,10.286238833399743,9.888304046414207,9.94086147111041,1272090.0,16897028.0
2023-10-11,9.963386081694496,10.023451709918728,9.850763028774061,9.87328763935815,1742300.0,22980752.0
2023-10-12,9.918336860526324,9.978402488750554,9.79820560407786,9.925845064054352,974794.0,12801668.0
2023-10-13,9.925845064054352,9.925845064054352,9.745648179381655,9.775680993493772,1353685.0,17683408.0
2023-10-16,9.7831891970218,9.85827123230209,9.625516922933192,9.775680993493772,1617670.0,20982448.0
2023-10-17,9.79069740054983,9.843254825246031,9.63302512646122,9.745648179381655,1440740.0,18603342.0
2023-10-18,9.715615365269539,9.745648179381655,9.550434887652901,9.565451294708959,1099405.0,14051612.0
2023-10-19,9.535418480596842,9.678074347629394,9.460336445316553,9.497877462956698,1177000.0,14984833.0
2023-10-20,9.48286105590064,9.700598958213481,9.452828241788524,9.535418480596842,1065220.0,13537204.0
2023-10-23,9.392762613564292,9.527910277068814,9.09994267597116,9.122467286555247,1941823.0,23942896.0
2023-10-24,9.167516507723423,9.535418480596842,9.167516507723423,9.535418480596842,1871890.0,23397166.0
2023-10-25,9.550434887652901,9.753156382909685,9.550434887652901,9.700598958213481,1172485.0,15121077.0
2023-10-26,9.587975905293046,9.760664586437713,9.505385666484727,9.715615365269539,1333717.0,17042416.0
2023-10-27,9.715615365269539,9.7831891970218,9.648041533517278,9.7831891970218,1545306.0,20035702.0
2023-10-30,9.768172789965742,9.948369674638439,9.723123568797568,9.895812249942235,1999400.0,26165276.0
2023-10-31,9.835746621718004,9.948369674638439,9.820730214661946,9.933353267582381,1632180.0,21509784.0
2023-11-01,9.955877878166469,10.098533745199019,9.850763028774061,10.045976320502817,1721500.0,22916750.0
2023-11-02,10.083517338142961,10.188632187535367,10.000927099334643,10.023451709918728,1431200.0,19200492.0
2023-11-03,10.068500931086904,10.196140391063397,10.038468116974787,10.151091169895222,1790451.0,24201326.0
2023-11-06,10.263714222815658,10.301255240455802,10.098533745199019,10.211156798119454,2616250.0,35480708.0
2023-11-07,10.136074762839165,10.286238833399743,10.128566559311135,10.263714222815658,1660661.0,22614974.0
2023-11-08,10.263714222815658,10.301255240455802,10.16610757695128,10.256206019287628,1566000.0,21335364.0
2023-11-09,10.2486978157596,10.301255240455802,10.136074762839165,10.17361578047931,1406487.0,19089524.0
2023-11-10,10.196140391063397,10.196140391063397,10.083517338142961,10.106041948727048,1185900.0,16003150.0
2023-11-13,10.083517338142961,10.188632187535367,10.076009134614932,10.16610757695128,1976400.0,26714112.0
2023-11-14,10.233681408703541,10.271222426343686,10.023451709918728,10.151091169895222,2259490.0,30469114.0
2023-11-15,10.15859937342325,10.256206019287628,10.083517338142961,10.196140391063397,1548080.0,20950420.0
2023-11-16,10.211156798119454,10.218665001647484,10.045976320502817,10.076009134614932,1441411.0,19422492.0
2023-11-17,10.106041948727048,10.233681408703541,10.023451709918728,10.181123984007339,1968220.0,26621334.0
2023-11-20,10.188632187535367,10.293747036927774,10.143582966367193,10.293747036927774,1860940.0,25350828.0
2023-11-21,10.263714222815658,10.316271647511861,10.15859937342325,10.16610757695128,1189600.0,16214404.0
2023-11-22,10.143582966367193,10.211156798119454,10.038468116974787,10.053484524030845,1660066.0,22422396.0
2023-11-23,10.030959913446758,10.188632187535367,9.970894285222526,10.106041948727048,1235320.0,16628305.0
2023-11-24,10.151091169895222,10.151091169895222,9.955877878166469,10.038468116974787,1191400.0,15905516.0
2023-11-27,10.053484524030845,10.106041948727048,9.925845064054352,10.023451709918728,1487140.0,19798736.0
2023-11-28,10.000927099334643,10.346304461623976,9.955877878166469,10.24118961223157,2819300.0,38396320.0
2023-11-29,10.196140391063397,10.218665001647484,10.113550152255078,10.136074762839165,2115400.0,28608062.0
2023-11-30,10.136074762839165,10.136074762839165,9.948369674638439,10.038468116974787,2098820.0,27937492.0
2023-12-01,9.993418895806613,10.091025541670989,9.895812249942235,10.00843530286267,1648000.0,21932398.0
2023-12-04,10.00843530286267,10.038468116974787,9.948369674638439,9.948369674638439,1868893.0,24840812.0
2023-12-05,9.948369674638439,9.993418895806613,9.813222011133917,9.835746621718004,1700447.0,22439960.0
2023-12-06,9.835746621718004,9.985910692278585,9.7831891970218,9.828238418189974,1240600.0,16372938.0
2023-12-07,9.828238418189974,9.933353267582381,9.708107161741511,9.753156382909685,1546100.0,20128108.0
2023-12-08,9.828238418189974,9.835746621718004,9.535418480596842,9.565451294708959,1563300.0,20109270.0
2023-12-11,9.47535285237261,9.708107161741511,9.445320038260496,9.63302512646122,2276800.0,29094448.0
2023-12-12,9.618008719405163,9.663057940573337,9.460336445316553,9.648041533517278,1499200.0,19140748.0
2023-12-13,9.655549737045307,9.828238418189974,9.572959498236989,9.693090754685453,1500044.0,19421114.0
2023-12-14,9.738139975853628,9.828238418189974,9.670566144101366,9.693090754685453,1218940.0,15810144.0
2023-12-15,10.151091169895222,10.151091169895222,9.655549737045307,9.87328763935815,2677700.0,34971320.0
2023-12-18,9.85827123230209,9.85827123230209,9.49036925942867,9.512893870012757,3326500.0,42462168.0
2023-12-19,9.535418480596842,9.648041533517278,9.430303631204438,9.618008719405163,2191400.0,27834334.0
2023-12-20,9.625516922933192,9.79820560407786,9.610500515877135,9.625516922933192,1809500.0,23388120.0
2023-12-21,9.655549737045307,9.760664586437713,9.385254410036262,9.738139975853628,2093537.0,26798910.0
2023-12-22,9.753156382909685,9.7831891970218,9.542926684124874,9.602992312349103,1651986.0,21255824.0
2023-12-25,9.625516922933192,9.625516922933192,9.40777902062035,9.460336445316553,1603360.0,20229050.0
2023-12-26,9.467844648844581,9.467844648844581,9.235090339475683,9.250106746531742,1872700.0,23196646.0
2023-12-27,9.205057525363566,9.370238002980205,9.047385251274958,9.325188781812031,1362272.0,16790212.0
2023-12-28,9.295155967699916,9.723123568797568,9.250106746531742,9.670566144101366,2166446.0,27589802.0
2023-12-29,9.693090754685453,9.835746621718004,9.625516922933192,9.835746621718004,1554800.0,20209744.0
2024-01-02,9.85827123230209,10.076009134614932,9.85827123230209,10.030959913446758,2550205.0,34002824.0
2024-01-03,10.023451709918728,10.023451709918728,9.820730214661946,9.948369674638439,1616900.0,21309970.0
2024-01-04,9.925845064054352,9.985910692278585,9.79820560407786,9.94086147111041,1765401.0,23228344.0
2024-01-05,9.910828656998293,10.023451709918728,9.700598958213481,9.775680993493772,1313401.0,17208936.0
2024-01-08,9.738139975853628,9.835746621718004,9.572959498236989,9.587975905293046,1542400.0,19825076.0
2024-01-09,9.63302512646122,9.933353267582381,9.63302512646122,9.79069740054983,2381720.0,31152352.0
2024-01-10,9.835746621718004,9.850763028774061,9.595484108821076,9.693090754685453,2349900.0,30435720.0
2024-01-11,9.63302512646122,9.820730214661946,9.63302512646122,9.753156382909685,2036200.0,26359684.0
2024-01-12,9.760664586437713,9.910828656998293,9.655549737045307,9.693090754685453,1740150.0,22663308.0
2024-01-15,9.738139975853628,9.738139975853628,9.535418480596842,9.678074347629394,1530850.0,19648432.0
2024-01-16,9.678074347629394,9.753156382909685,9.512893870012757,9.63302512646122,1446066.0,18523884.0
2024-01-17,9.595484108821076,9.663057940573337,9.385254410036262,9.385254410036262,1314800.0,16648978.0
2024-01-18,9.355221595924148,9.47535285237261,8.889712977186349,9.18253291477948,3511000.0,42644992.0
2024-01-19,9.160008304195392,9.175024711251451,8.87469657013029,8.912237587770434,2536766.0,30395460.0
2024-01-22,8.912237587770434,8.964795012466638,8.161417234967534,8.529319207840956,3206769.0,36475488.0
2024-01-23,8.319089509056143,8.319089509056143,7.838564483262287,8.221482863191765,4559471.0,48571144.0
2024-01-24,8.078826996159215,8.251515677303882,7.680892209173678,8.071318792631187,4893440.0,51686068.0
2024-01-25,8.03377777499104,8.409187951392491,7.906138315014547,8.379155137280376,3559040.0,38789336.0
2024-01-26,8.559352021953073,8.844663756018173,8.401679747864462,8.439220765504608,4305114.0,49232980.0
2024-01-29,8.559352021953073,8.559352021953073,8.0487941820471,8.0487941820471,3064562.0,33653336.0
2024-01-30,8.108859810271332,8.168925438495563,7.846072686790316,7.996236757350896,2601600.0,27708292.0
2024-01-31,7.846072686790316,7.89112190795849,7.395580475108575,7.448137899804778,3314823.0,33470408.0
2024-02-01,7.448137899804778,7.448137899804778,7.080235926931357,7.312990236300257,2856407.0,27715364.0
2024-02-02,7.3204984398282855,7.463154306860836,6.592202697609471,6.832465210506399,3442070.0,31991016.0
2024-02-05,6.764891378754139,6.794924192866255,6.1492186894557594,6.1492186894557594,3900400.0,32410028.0
2024-02-06,6.006562822423208,6.577186290553413,5.533546000157381,6.306890963544369,6675137.0,52994056.0
2024-02-07,6.254333538848166,6.314399167072398,5.84138234480657,6.081644857703498,6351402.0,51247216.0
2024-02-08,5.99905461889518,6.5997109011375,5.99905461889518,6.592202697609471,5191723.0,43622368.0
2024-02-19,6.6973175470018775,7.207875386907849,6.6973175470018775,7.005153891651067,4667818.0,43303972.0
2024-02-20,6.9826292810669806,7.373055864524488,6.930071856370777,7.13279335162756,3278476.0,31499064.0
2024-02-21,7.170334369267706,7.433121492748721,7.0577113163472704,7.222891793963908,3065255.0,29856556.0
2024-02-22,7.200367183379821,7.403088678636604,7.200367183379821,7.358039457468431,2008164.0,19572824.0
2024-02-23,7.4406296962767495,7.66587580211762,7.4406296962767495,7.66587580211762,2038349.0,20490398.0
2024-02-26,7.74095783739791,8.431712561976578,7.74095783739791,8.431712561976578,3528444.0,39020660.0
2024-02-27,8.702007888985623,8.762073517209855,8.19895825260768,8.379155137280376,7675445.0,85574272.0
2024-02-28,8.311581305528115,8.446728969032637,7.538236342141126,7.545744545669156,7684788.0,81970120.0
2024-02-29,7.380564068052517,8.221482863191765,7.358039457468431,8.108859810271332,6335177.0,65868796.0
2024-03-01,8.108859810271332,8.168925438495563,7.89112190795849,8.04128597851907,4478960.0,47815704.0
2024-03-04,8.0487941820471,8.0487941820471,7.733449633869881,7.936171129126664,2605252.0,27318988.0
2024-03-05,7.96620394323878,8.018761367934983,7.808531669150171,7.883613704430461,1965040.0,20609336.0
2024-03-06,7.89112190795849,8.168925438495563,7.868597297374404,8.086335199687245,2866400.0,30803792.0
2024-03-07,8.131384420855419,8.326597712584173,7.9436793326546935,8.03377777499104,3277224.0,35356668.0
2024-03-08,7.996236757350896,8.251515677303882,7.981220350294839,8.101351606743302,2964972.0,31875684.0
2024-03-11,8.101351606743302,8.529319207840956,7.8986301114865185,8.296564898472058,3767310.0,41511936.0
2024-03-12,8.296564898472058,9.129975490083277,8.221482863191765,8.709516092513653,9989228.0,118637648.0
2024-03-13,8.484269986672782,9.580467701765016,8.484269986672782,9.580467701765016,22423952.0,283449056.0
2024-03-14,9.355221595924148,10.511484939240615,9.09994267597116,9.970894285222526,29027366.0,376913856.0
2024-03-15,9.385254410036262,10.136074762839165,9.235090339475683,10.098533745199019,19537292.0,250640192.0
2024-03-18,10.503976735712586,11.112141221482936,9.910828656998293,9.94086147111041,24896310.0,346114656.0
2024-03-19,9.925845064054352,10.93194433681024,9.760664586437713,10.93194433681024,32279160.0,464002144.0
2024-03-20,10.5340095498247,11.337387327323805,10.368829072208063,10.70669823096937,38375712.0,551772160.0
2024-03-21,10.413878293376237,11.097124814426877,10.068500931086904,10.976993557978412,28703008.0,399504192.0
2024-03-22,11.112141221482936,11.112141221482936,9.94086147111041,9.94086147111041,24291296.0,336217760.0
2024-03-25,9.527910277068814,9.572959498236989,8.94977860541058,8.94977860541058,18673698.0,228542112.0
2024-03-26,8.769581720737884,9.039877047746929,8.401679747864462,8.596893039593217,12345811.0,142291584.0
2024-03-27,8.664466871345477,8.73204070309774,8.409187951392491,8.409187951392491,8343853.0,95157984.0
2024-03-28,8.394171544336434,8.709516092513653,8.379155137280376,8.589384836065188,7861140.0,89708904.0
2024-03-29,8.671975074873508,8.679483278401536,8.431712561976578,8.589384836065188,5990446.0,68093440.0
2024-04-01,8.634434057233362,8.822139145434088,8.596893039593217,8.784598127793942,7451653.0,86508728.0
2024-04-02,8.777089924265914,8.88220477365832,8.641942260761391,8.702007888985623,6384700.0,74494152.0
2024-04-03,8.709516092513653,8.709516092513653,8.386663340808404,8.469253579616723,5573085.0,63016524.0
2024-04-08,8.409187951392491,8.484269986672782,8.116368013799361,8.19145004907965,5817160.0,63732932.0
2024-04-09,8.153909031439506,8.34161411964023,8.108859810271332,8.326597712584173,3210700.0,35352676.0
2024-04-10,8.34161411964023,8.401679747864462,8.078826996159215,8.274040287887969,4100692.0,44892796.0
2024-04-11,8.146400827911476,8.34912232316826,8.123876217327389,8.266532084359941,3394283.0,37374504.0
2024-04-12,8.274040287887969,8.446728969032637,8.228991066719797,8.228991066719797,3721200.0,41287956.0
2024-04-15,8.183941845551622,8.326597712584173,7.763482447981997,7.883613704430461,5236300.0,55464304.0
2024-04-16,7.838564483262287,7.838564483262287,7.252924608076024,7.282957422188139,5989860.0,59137512.0
2024-04-17,7.455646103332807,7.913646518542577,7.4406296962767495,7.861089093846375,5305850.0,54663076.0
2024-04-18,7.8986301114865185,7.996236757350896,7.718433226813822,7.831056279734257,3592350.0,37677648.0
2024-04-19,7.748466040925939,7.9211547220706064,7.6583675985895905,7.770990651510026,2951599.0,30576120.0
2024-04-22,7.680892209173678,7.838564483262287,7.538236342141126,7.695908616229736,2839003.0,29114342.0
2024-04-23,7.861089093846375,7.861089093846375,7.703416819757765,7.786007058566083,2591433.0,26846460.0
2024-04-24,7.680892209173678,7.801023465622142,7.66587580211762,7.748466040925939,4078631.0,42055000.0
2024-04-25,7.733449633869881,7.913646518542577,7.680892209173678,7.846072686790316,3366368.0,35113584.0
2024-04-26,7.883613704430461,8.0487941820471,7.733449633869881,8.03377777499104,4223439.0,44631448.0
2024-04-29,7.846072686790316,8.251515677303882,7.846072686790316,8.228991066719797,6129617.0,66358640.0
2024-04-30,8.236499270247824,8.34161411964023,8.086335199687245,8.146400827911476,3026820.0,32959780.0
2024-05-06,8.221482863191765,8.304073102000086,8.123876217327389,8.19145004907965,4905759.0,53447408.0
2024-05-07,8.206466456135708,8.319089509056143,8.153909031439506,8.304073102000086,4476941.0,49155752.0
2024-05-08,8.296564898472058,8.34161411964023,8.101351606743302,8.116368013799361,3101260.0,33858776.0
2024-05-09,8.116368013799361,8.304073102000086,8.116368013799361,8.244007473775854,2949100.0,32390128.0
2024-05-10,8.319089509056143,8.319089509056143,8.108859810271332,8.123876217327389,2686800.0,29180996.0
2024-05-13,8.108859810271332,8.108859810271332,7.936171129126664,7.996236757350896,2559480.0,27321076.0
2024-05-14,8.071318792631187,8.138892624383447,7.996236757350896,8.093843403215272,2040455.0,21947668.0
2024-05-15,8.138892624383447,8.168925438495563,8.003744960878926,8.03377777499104,1796900.0,19331602.0
2024-05-16,8.093843403215272,8.123876217327389,8.011253164406954,8.026269571463011,2081100.0,22352456.0
2024-05-17,7.958695739710751,8.078826996159215,7.951187536182722,8.04128597851907,2199500.0,23433244.0
2024-05-20,9.786180410138018,9.786180410138018,9.601535496739189,9.647696725088895,2302100.0,24113750.0
2024-05-21,9.66616121642878,9.66616121642878,9.278406898291236,9.361497109320709,4188741.0,42528400.0
2024-05-22,9.37072935499065,9.49998079436983,9.306103635301058,9.490748548699889,2343700.0,23890584.0
2024-05-23,9.490748548699889,9.509213040039773,9.259942406951351,9.278406898291236,2461100.0,24866608.0
2024-05-24,9.278406898291236,9.361497109320709,9.213781178601645,9.241477915611467,1878649.0,18850740.0
2024-05-27,9.259942406951351,9.278406898291236,9.112226476232285,9.25071016128141,2493770.0,24794614.0
2024-05-28,9.25071016128141,9.25071016128141,9.102994230562345,9.112226476232285,1652900.0,16391551.0
2024-05-29,9.112226476232285,9.287639143961176,9.112226476232285,9.204548932931703,2006600.0,20009906.0
2024-05-30,9.241477915611467,9.296871389631118,9.139923213242112,9.213781178601645,1500700.0,14996637.0
2024-05-31,9.259942406951351,9.296871389631118,9.204548932931703,9.213781178601645,2009620.0,20130218.0
2024-06-03,9.167619950251936,9.269174652621292,8.844491351803983,8.927581562833456,3188723.0,31029932.0
2024-06-04,8.936813808503398,8.95527829984328,8.604452964385503,8.724472158094741,3032054.0,28575848.0
2024-06-05,8.696775421084919,8.696775421084919,8.438272542326557,8.456737033666439,2714023.0,25108112.0
2024-06-06,8.456737033666439,8.493666016346204,8.10591169820866,8.189001909238133,3669000.0,32697244.0
2024-06-07,8.355182331297083,8.539827244695912,8.290556611607492,8.493666016346204,2954349.0,26929216.0
2024-06-11,8.475201525006321,8.475201525006321,8.253627628927724,8.438272542326557,1725500.0,15631300.0
2024-06-12,8.438272542326557,8.595220718715561,8.382879068306906,8.558291736035795,1761700.0,16291762.0
2024-06-13,8.558291736035795,8.632149701395328,8.484433770676263,8.512130507686088,1817241.0,16810648.0
2024-06-14,8.52136275335603,8.539827244695912,8.355182331297083,8.456737033666439,1434400.0,13125615.0
2024-06-17,8.429040296656614,8.456737033666439,8.253627628927724,8.290556611607492,1746500.0,15772561.0
2024-06-18,8.262859874597666,8.484433770676263,8.235163137587842,8.438272542326557,2144200.0,19486588.0
2024-06-19,8.493666016346204,8.512130507686088,8.373646822636966,8.401343559646788,1613700.0,14753165.0
2024-06-20,8.401343559646788,8.429040296656614,8.152072926558368,8.17053741789825,2228200.0,19905844.0
2024-06-21,8.179769663568193,8.28132436593755,8.068982715528895,8.17053741789825,1554480.0,13742158.0
2024-06-24,8.133608435218486,8.189001909238133,7.819712082440474,7.828944328110415,2451681.0,21063698.0
2024-06-25,7.875105556460122,8.04128597851907,7.838176573780356,7.893570047800006,1749700.0,15025248.0
2024-06-26,7.939731276149713,8.290556611607492,7.884337802130063,8.290556611607492,2022520.0,17776636.0
2024-06-27,8.290556611607492,8.46596927933638,8.244395383257784,8.262859874597666,2292000.0,20726924.0
2024-06-28,8.272092120267608,8.447504787996497,8.272092120267608,8.373646822636966,2190640.0,19895510.0
2024-07-01,8.364414576967024,8.364414576967024,8.124376189548544,8.225930891917901,2054010.0,18290272.0
2024-07-02,8.253627628927724,8.34595008562714,8.198234154908077,8.309021102947375,1525601.0,13721189.0
2024-07-03,8.309021102947375,8.355182331297083,8.207466400578017,8.244395383257784,1185560.0,10616122.0
2024-07-04,8.262859874597666,8.318253348617315,7.967428013159538,8.032053732849128,1518500.0,13364324.0
2024-07-05,7.967428013159538,8.09667945253872,7.902802293469947,8.068982715528895,1229140.0,10654340.0
2024-07-08,8.059750469858953,8.115143943878602,7.773550854090765,7.80124759110059,1629900.0,13901366.0
2024-07-09,7.810479836770533,7.865873310790181,7.551976958012169,7.847408819450298,2449471.0,20465696.0
2024-07-10,7.782783099760707,7.902802293469947,7.755086362750883,7.773550854090765,1331090.0,11277432.0
2024-07-11,7.893570047800006,8.10591169820866,7.847408819450298,8.10591169820866,1945535.0,16865310.0
2024-07-12,8.16130517222831,8.21669864624796,8.059750469858953,8.09667945253872,1262000.0,11110393.0
2024-07-15,8.17053741789825,8.17053741789825,7.828944328110415,7.875105556460122,1582800.0,13568790.0
2024-07-16,7.893570047800006,7.967428013159538,7.80124759110059,7.92126678480983,1011700.0,8654887.0
2024-07-17,7.958195767489595,7.958195767489595,7.708925134401174,7.708925134401174,1428700.0,12040052.0
2024-07-18,7.662763906051468,7.745854117080942,7.505815729662462,7.736621871411,1389362.0,11445511.0
2024-07-19,7.690460643061292,7.865873310790181,7.607370432031818,7.819712082440474,981040.0,8264161.0
2024-07-22,7.727389625741057,7.884337802130063,7.727389625741057,7.838176573780356,848040.0,7182035.0
2024-07-23,7.847408819450298,7.958195767489595,7.736621871411,7.736621871411,1273565.0,10821270.0
2024-07-24,7.755086362750883,7.792015345430648,7.598138186361877,7.607370432031818,1403640.0,11676728.0
2024-07-25,7.6442994147115835,7.875105556460122,7.542744712342227,7.755086362750883,1562900.0,13072382.0
2024-07-26,7.782783099760707,8.004356995839304,7.782783099760707,7.9766602588294795,2002800.0,17191792.0
2024-07-29,7.9766602588294795,8.013589241509244,7.893570047800006,7.930499030479771,1085191.0,9337361.0
2024-07-30,7.875105556460122,7.995124750169362,7.819712082440474,7.995124750169362,1192490.0,10245133.0
2024-07-31,7.995124750169362,8.262859874597666,7.958195767489595,8.253627628927724,1772641.0,15670053.0
2024-08-01,8.290556611607492,8.318253348617315,8.207466400578017,8.28132436593755,1526100.0,13667287.0
2024-08-02,8.28132436593755,8.8260268604641,8.198234154908077,8.327485594287257,5336300.0,48902304.0
2024-08-05,8.21669864624796,8.336717839957197,7.939731276149713,7.995124750169362,3866777.0,34160052.0
2024-08-06,8.059750469858953,8.179769663568193,8.004356995839304,8.152072926558368,2116400.0,18579708.0
2024-08-07,8.16130517222831,8.207466400578017,8.059750469858953,8.10591169820866,1542100.0,13596542.0
2024-08-08,8.087447206868777,8.10591169820866,7.939731276149713,8.050518224189013,1161900.0,10111830.0
2024-08-09,8.078214961198835,8.133608435218486,7.9766602588294795,7.985892504499421,1239700.0,10810463.0
2024-08-12,7.995124750169362,8.032053732849128,7.930499030479771,7.948963521819654,1128290.0,9740333.0
2024-08-13,7.958195767489595,8.022821487179186,7.884337802130063,7.9766602588294795,875900.0,7539824.0
2024-08-14,7.985892504499421,8.078214961198835,7.930499030479771,7.967428013159538,788500.0,6830854.0
2024-08-15,7.967428013159538,8.022821487179186,7.828944328110415,8.013589241509244,1225603.0,10556686.0
2024-08-16,8.013589241509244,8.04128597851907,7.948963521819654,7.958195767489595,1081000.0,9358106.0
2024-08-19,7.948963521819654,8.004356995839304,7.856641065120239,7.875105556460122,981733.0,8397037.0
2024-08-20,7.847408819450298,7.875105556460122,7.653531660381525,7.718157380071116,1413640.0,11874447.0
2024-08-21,7.718157380071116,7.782783099760707,7.653531660381525,7.718157380071116,904500.0,7574481.0
2024-08-22,7.727389625741057,7.782783099760707,7.468886746982695,7.478118992652636,1352000.0,11117832.0
2024-08-23,7.478118992652636,7.625834923371701,7.302706324923748,7.395028781623163,1495400.0,11970904.0
2024-08-26,7.404261027293104,7.5889059406919355,7.395028781623163,7.56120920368211,1365900.0,11116586.0
2024-08-27,7.487351238322578,7.570441449352051,7.395028781623163,7.404261027293104,922600.0,7452335.0
2024-08-28,7.43195776430293,7.607370432031818,7.339635307603514,7.496583483992519,1188400.0,9665682.0
2024-08-29,7.505815729662462,7.727389625741057,7.441190009972871,7.718157380071116,1167300.0,9631269.0
2024-08-30,7.662763906051468,7.902802293469947,7.662763906051468,7.755086362750883,1771800.0,14962976.0
2024-09-02,7.819712082440474,7.865873310790181,7.690460643061292,7.690460643061292,1394000.0,11769639.0
2024-09-03,7.708925134401174,7.847408819450298,7.635067169041642,7.828944328110415,1286500.0,10834726.0
2024-09-04,7.875105556460122,7.875105556460122,7.736621871411,7.755086362750883,1018600.0,8596032.0
2024-09-05,7.782783099760707,7.838176573780356,7.718157380071116,7.773550854090765,1010000.0,8516711.0
2024-09-06,7.828944328110415,7.828944328110415,7.598138186361877,7.607370432031818,1135100.0,9437978.0
2024-09-09,7.598138186361877,7.708925134401174,7.487351238322578,7.635067169041642,1084100.0,8953890.0
2024-09-10,7.653531660381525,7.792015345430648,7.570441449352051,7.764318608420824,1063280.0,8854864.0
2024-09-11,7.80124759110059,7.80124759110059,7.690460643061292,7.745854117080942,781700.0,6552289.0
2024-09-12,7.736621871411,7.819712082440474,7.699692888731233,7.708925134401174,687800.0,5784404.0
2024-09-13,7.671996151721409,7.764318608420824,7.478118992652636,7.487351238322578,1302600.0,10684902.0
2024-09-18,7.4596545013127535,7.533512466672286,7.191919376884449,7.37656429028328,1578240.0,12528030.0
2024-09-19,7.413493272963045,7.61660267770176,7.358099798943397,7.551976958012169,1334500.0,10875663.0
2024-09-20,7.56120920368211,7.579673695021994,7.43195776430293,7.4596545013127535,795400.0,6448944.0
2024-09-23,7.478118992652636,7.551976958012169,7.413493272963045,7.4596545013127535,891685.0,7235073.0
2024-09-24,7.478118992652636,7.699692888731233,7.441190009972871,7.699692888731233,1717600.0,14162695.0
2024-09-25,7.755086362750883,7.939731276149713,7.755086362750883,7.773550854090765,2345300.0,19940436.0
2024-09-26,7.764318608420824,8.050518224189013,7.727389625741057,8.032053732849128,2118900.0,18194012.0
2024-09-27,8.078214961198835,8.447504787996497,8.078214961198835,8.438272542326557,2694850.0,24125820.0
2024-09-30,8.77063338644445,9.25071016128141,8.46596927933638,9.176852195921876,7941687.0,76531664.0
2024-10-08,10.090844517246088,10.090844517246088,9.278406898291236,9.56460651405942,8170671.0,85619912.0
2024-10-09,9.398426092000474,9.398426092000474,8.641381947065268,8.65061419273521,5705718.0,55671568.0
2024-10-10,8.641381947065268,8.853723597473923,8.46596927933638,8.58598847304562,3332769.0,31295592.0
2024-10-11,8.576756227375677,8.595220718715561,8.152072926558368,8.225930891917901,3645900.0,32986078.0
2024-10-14,8.28132436593755,8.46596927933638,8.152072926558368,8.438272542326557,2990740.0,26948324.0
2024-10-15,8.401343559646788,8.456737033666439,8.262859874597666,8.28132436593755,2134600.0,19325812.0
2024-10-16,8.16130517222831,8.34595008562714,8.16130517222831,8.299788857277433,1744900.0,15641678.0
2024-10-17,8.336717839957197,8.419808050986672,8.142840680888426,8.142840680888426,2170480.0,19439720.0
2024-10-18,8.152072926558368,8.95527829984328,8.152072926558368,8.95527829984328,6798695.0,63977548.0
2024-10-21,9.047600756542696,9.223013424271585,8.853723597473923,9.07529749355252,13312720.0,129716136.0
2024-10-22,9.00143952819299,9.029136265202812,8.890652580153692,8.982975036853105,5972075.0,57915636.0
2024-10-23,8.95527829984328,9.038368510872754,8.862955843143865,8.973742791183165,5835700.0,56800896.0
2024-10-24,8.973742791183165,9.223013424271585,8.946046054173339,9.06606524788258,5538790.0,54312136.0
2024-10-25,9.167619950251936,9.647696725088895,9.029136265202812,9.343032617980825,9717313.0,97343712.0
2024-10-28,9.407658337670416,9.407658337670416,9.139923213242112,9.259942406951351,6083736.0,60868060.0
2024-10-29,9.130690967572171,9.213781178601645,8.816794614794158,8.844491351803983,8441504.0,82138832.0
2024-10-30,8.77063338644445,8.881420334483748,8.567523981705737,8.678310929745036,4605841.0,43434452.0
2024-10-31,8.641381947065268,8.816794614794158,8.641381947065268,8.752168895104568,3843820.0,36345764.0
2024-11-01,8.733704403764685,8.752168895104568,8.401343559646788,8.456737033666439,4116742.0,38021960.0
2024-11-04,8.456737033666439,8.715239912424801,8.456737033666439,8.678310929745036,2766810.0,25887164.0
2024-11-05,8.724472158094741,8.816794614794158,8.65061419273521,8.779865632114392,3798000.0,35942444.0
2024-11-06,8.807562369124216,8.95527829984328,8.742936649434627,8.872188088813807,5026760.0,48253536.0
2024-11-07,8.95527829984328,9.01067177386293,8.816794614794158,9.00143952819299,4508280.0,43682080.0
2024-11-08,9.149155458912054,9.149155458912054,8.872188088813807,8.964510545513223,4593021.0,44694936.0
2024-11-11,8.881420334483748,9.130690967572171,8.844491351803983,9.12145872190223,4836501.0,47283548.0
2024-11-12,9.149155458912054,9.407658337670416,9.056833002212638,9.167619950251936,8054700.0,80725952.0
2024-11-13,9.047600756542696,9.223013424271585,8.798330123454274,9.213781178601645,5779977.0,56477940.0
2024-11-14,9.232245669941527,9.259942406951351,8.8260268604641,8.853723597473923,3873700.0,37817804.0
2024-11-15,8.918349317163514,9.00143952819299,8.669078684075094,8.715239912424801,4025200.0,38608136.0
2024-11-18,8.715239912424801,8.779865632114392,8.447504787996497,8.53059499902597,3629000.0,33714060.0
2024-11-19,8.484433770676263,9.379961600660591,8.484433770676263,9.259942406951351,14175440.0,140682880.0
2024-11-20,8.890652580153692,9.463051811690065,8.816794614794158,9.453819566020124,16613868.0,166850176.0
2024-11-21,10.22009595662527,10.395508624354159,9.509213040039773,9.583071005399306,25345072.0,276192352.0
2024-11-22,9.601535496739189,9.832341638487726,9.084529739222463,9.102994230562345,15495820.0,157807088.0
2024-11-25,9.038368510872754,9.601535496739189,8.844491351803983,9.287639143961176,9544980.0,94495072.0
2024-11-26,9.278406898291236,9.684625707768662,9.00143952819299,9.223013424271585,8891208.0,89239728.0
2024-11-27,9.102994230562345,9.195316687261762,8.881420334483748,9.112226476232285,5927100.0,57806520.0
2024-11-28,9.130690967572171,9.223013424271585,9.056833002212638,9.158387704581994,4535400.0,44890568.0
2024-11-29,9.139923213242112,9.232245669941527,9.00143952819299,9.158387704581994,4998000.0,49503800.0
2024-12-02,9.176852195921876,9.389193846330533,9.112226476232285,9.361497109320709,7000101.0,70199248.0
2024-12-03,9.37072935499065,9.684625707768662,9.195316687261762,9.416890583340356,12037080.0,123099976.0
2024-12-04,9.333800372310883,9.546142022719538,9.241477915611467,9.416890583340356,9705600.0,98900584.0
2024-12-05,9.43535507468024,9.573838759729362,9.37072935499065,9.518445285709715,7558800.0,77699120.0
2024-12-06,9.527677531379656,9.56460651405942,9.333800372310883,9.453819566020124,7275880.0,74230872.0
2024-12-09,9.4261228290103,9.546142022719538,9.343032617980825,9.463051811690065,5739940.0,58799164.0
2024-12-10,9.684625707768662,9.74001918178831,9.398426092000474,9.407658337670416,6281380.0,64591320.0
2024-12-11,9.343032617980825,9.43535507468024,9.343032617980825,9.407658337670416,4189200.0,42612460.0
2024-12-12,9.407658337670416,9.601535496739189,9.352264863650767,9.583071005399306,6277710.0,64547024.0
2024-12-13,9.536909777049598,9.638464479418953,9.37072935499065,9.407658337670416,4504900.0,46352768.0
2024-12-16,9.361497109320709,9.472284057360007,9.287639143961176,9.324568126640942,4026300.0,40919492.0
2024-12-17,9.324568126640942,9.361497109320709,8.8260268604641,8.946046054173339,6103100.0,59482360.0
2024-12-18,8.890652580153692,9.315335880971,8.696775421084919,9.047600756542696,5314810.0,52026108.0
2024-12-19,8.936813808503398,9.112226476232285,8.909117071493574,8.982975036853105,2797280.0,27207708.0
2024-12-20,8.964510545513223,9.158387704581994,8.936813808503398,9.084529739222463,2345000.0,23058316.0
2024-12-23,9.176852195921876,9.176852195921876,8.576756227375677,8.622917455725386,3923600.0,37296556.0
2024-12-24,8.613685210055445,8.77063338644445,8.539827244695912,8.733704403764685,2373980.0,22317448.0
2024-12-25,8.715239912424801,8.76140114077451,8.429040296656614,8.475201525006321,2414400.0,22299552.0
2024-12-26,8.484433770676263,8.659846438405152,8.484433770676263,8.567523981705737,1714370.0,15974037.0
2024-12-27,8.613685210055445,8.816794614794158,8.539827244695912,8.669078684075094,2170480.0,20464924.0
2024-12-30,8.659846438405152,8.687543175414977,8.429040296656614,8.53059499902597,2109140.0,19550496.0
2024-12-31,8.539827244695912,8.595220718715561,8.299788857277433,8.318253348617315,2600900.0,23729606.0
2025-01-02,8.309021102947375,8.46596927933638,8.087447206868777,8.16130517222831,2439860.0,21875026.0
2025-01-03,8.198234154908077,8.225930891917901,7.782783099760707,7.782783099760707,3145100.0,27011774.0
2025-01-06,7.847408819450298,7.902802293469947,7.56120920368211,7.856641065120239,2005600.0,16919540.0
2025-01-07,7.92126678480983,8.087447206868777,7.847408819450298,8.087447206868777,2296920.0,19818864.0
2025-01-08,8.078214961198835,8.124376189548544,7.847408819450298,8.078214961198835,2080110.0,18076460.0
2025-01-09,8.022821487179186,8.16130517222831,8.013589241509244,8.078214961198835,1071800.0,9399528.0
2025-01-10,8.068982715528895,8.52136275335603,8.022821487179186,8.179769663568193,5166380.0,46529592.0
2025-01-13,8.013589241509244,8.447504787996497,7.9120345391398885,8.34595008562714,2867100.0,25513950.0
2025-01-14,8.309021102947375,8.539827244695912,8.309021102947375,8.53059499902597,5003040.0,45602180.0
2025-01-15,8.493666016346204,8.53059499902597,8.364414576967024,8.382879068306906,2511340.0,22898064.0
2025-01-16,8.373646822636966,8.484433770676263,8.290556611607492,8.401343559646788,2602520.0,23635180.0
2025-01-17,8.401343559646788,8.816794614794158,8.189001909238133,8.475201525006321,4152940.0,38604020.0
2025-01-20,8.46596927933638,8.706007666754859,8.336717839957197,8.595220718715561,4878740.0,45285708.0
2025-01-21,8.567523981705737,8.622917455725386,8.438272542326557,8.484433770676263,2234400.0,20571366.0
2025-01-22,8.493666016346204,8.549059490365854,8.364414576967024,8.456737033666439,1703400.0,15609291.0
2025-01-23,8.576756227375677,8.604452964385503,8.447504787996497,8.46596927933638,2754500.0,25436272.0
2025-01-24,8.401343559646788,8.576756227375677,8.401343559646788,8.512130507686088,2463270.0,22670698.0
2025-01-27,8.512130507686088,8.853723597473923,8.512130507686088,8.549059490365854,3566000.0,33501122.0
2025-02-05,8.659846438405152,8.724472158094741,8.512130507686088,8.558291736035795,2258540.0,21009672.0
2025-02-06,8.549059490365854,8.669078684075094,8.512130507686088,8.669078684075094,2145600.0,19994176.0
2025-02-07,8.696775421084919,8.807562369124216,8.604452964385503,8.706007666754859,3095900.0,29263436.0
2025-02-10,8.715239912424801,8.8260268604641,8.659846438405152,8.8260268604641,2690180.0,25502846.0
2025-02-11,8.8260268604641,8.8260268604641,8.706007666754859,8.779865632114392,1832200.0,17373508.0
2025-02-12,8.715239912424801,8.890652580153692,8.715239912424801,8.816794614794158,2525100.0,24044240.0
2025-02-13,8.798330123454274,8.816794614794158,8.558291736035795,8.558291736035795,2452600.0,23006244.0
2025-02-14,8.604452964385503,8.678310929745036,8.493666016346204,8.549059490365854,1824200.0,16971084.0
2025-02-17,8.558291736035795,8.77063338644445,8.484433770676263,8.724472158094741,2507210.0,23518392.0
2025-02-18,8.715239912424801,9.093761984892403,8.669078684075094,8.742936649434627,6043460.0,57983224.0
2025-02-19,8.678310929745036,8.936813808503398,8.659846438405152,8.927581562833456,4563320.0,43825544.0
2025-02-20,8.946046054173339,8.982975036853105,8.83525910613404,8.973742791183165,3543385.0,34206336.0
2025-02-21,8.973742791183165,9.038368510872754,8.816794614794158,8.872188088813807,3321880.0,32042456.0
2025-02-24,8.881420334483748,8.992207282523047,8.733704403764685,8.918349317163514,3334300.0,32116014.0
2025-02-25,8.844491351803983,8.973742791183165,8.8260268604641,8.853723597473923,2579502.0,24879780.0
2025-02-26,8.816794614794158,9.195316687261762,8.816794614794158,9.06606524788258,4405000.0,43050724.0
2025-02-27,9.038368510872754,9.139923213242112,8.946046054173339,9.12145872190223,3923180.0,38349212.0
2025-02-28,9.12145872190223,9.12145872190223,8.8260268604641,8.83525910613404,3343200.0,32367648.0
2025-03-03,8.909117071493574,9.029136265202812,8.8260268604641,8.872188088813807,2764841.0,26755864.0
2025-03-04,8.8260268604641,9.07529749355252,8.8260268604641,9.047600756542696,2845800.0,27688292.0
2025-03-05,8.992207282523047,9.07529749355252,8.881420334483748,9.029136265202812,2453600.0,23865644.0
2025-03-06,9.029136265202812,9.259942406951351,8.992207282523047,9.204548932931703,4845349.0,48083248.0
2025-03-07,9.204548932931703,9.398426092000474,9.167619950251936,9.287639143961176,4595700.0,46190980.0
2025-03-10,9.287639143961176,9.472284057360007,9.195316687261762,9.389193846330533,3751509.0,38058400.0
2025-03-11,9.296871389631118,9.407658337670416,9.241477915611467,9.407658337670416,2662840.0,26969460.0
2025-03-12,9.472284057360007,9.472284057360007,9.324568126640942,9.398426092000474,2636200.0,26765250.0
2025-03-13,9.407658337670416,9.407658337670416,9.223013424271585,9.389193846330533,3583310.0,36054364.0
2025-03-14,9.343032617980825,9.416890583340356,9.167619950251936,9.223013424271585,6010986.0,60112816.0
2025-03-17,9.232245669941527,9.389193846330533,9.186084441591818,9.361497109320709,4581100.0,46198740.0
2025-03-18,9.333800372310883,9.416890583340356,9.25071016128141,9.398426092000474,2931240.0,29619722.0
2025-03-19,9.37072935499065,9.407658337670416,9.25071016128141,9.333800372310883,2463900.0,24882962.0
2025-03-20,9.25071016128141,9.67539346209872,9.25071016128141,9.527677531379656,6585610.0,67912744.0
2025-03-21,9.49998079436983,9.693857953438602,9.343032617980825,9.55537426838948,6674950.0,68836632.0
2025-03-24,9.527677531379656,9.55537426838948,8.872188088813807,9.12145872190223,7057400.0,70077480.0
2025-03-25,9.12145872190223,9.463051811690065,9.029136265202812,9.12145872190223,4634000.0,46185380.0
2025-03-26,9.06606524788258,9.4261228290103,9.029136265202812,9.333800372310883,5527839.0,55823080.0
2025-03-27,9.306103635301058,9.324568126640942,9.038368510872754,9.093761984892403,3944300.0,39013480.0
2025-03-28,9.093761984892403,9.139923213242112,8.909117071493574,9.102994230562345,3720500.0,36408308.0
2025-03-31,9.047600756542696,9.047600756542696,8.789097877784332,8.982975036853105,4075800.0,39414036.0
2025-04-01,8.982975036853105,9.139923213242112,8.964510545513223,8.964510545513223,3231690.0,31702864.0
2025-04-02,8.992207282523047,9.213781178601645,8.927581562833456,8.992207282523047,2565700.0,25125256.0
2025-04-03,8.862955843143865,9.029136265202812,8.742936649434627,8.844491351803983,3392100.0,32541412.0
2025-04-07,8.198234154908077,8.355182331297083,7.958195767489595,7.958195767489595,4568000.0,39737868.0
2025-04-08,7.884337802130063,7.967428013159538,7.450422255642812,7.625834923371701,8890730.0,73514272.0
2025-04-09,7.551976958012169,7.745854117080942,7.154990394204683,7.653531660381525,7263930.0,58817552.0
2025-04-10,7.773550854090765,7.948963521819654,7.773550854090765,7.819712082440474,5168670.0,44057944.0
2025-04-11,7.782783099760707,7.875105556460122,7.736621871411,7.755086362750883,3075100.0,25974372.0
2025-04-14,7.847408819450298,8.09667945253872,7.838176573780356,7.865873310790181,4927382.0,42349384.0
2025-04-15,7.875105556460122,8.013589241509244,7.828944328110415,7.995124750169362,2914800.0,25051434.0
2025-04-16,8.004356995839304,8.004356995839304,7.708925134401174,7.847408819450298,3500350.0,29714850.0
2025-04-17,7.847408819450298,8.059750469858953,7.755086362750883,7.930499030479771,2651220.0,22857924.0
2025-04-18,7.939731276149713,8.152072926558368,7.80124759110059,7.9766602588294795,2663000.0,22890202.0
2025-04-21,7.9766602588294795,8.078214961198835,7.875105556460122,8.022821487179186,2240800.0,19417938.0
2025-04-22,8.022821487179186,8.115143943878602,7.967428013159538,8.09667945253872,2375500.0,20707030.0
2025-04-23,8.124376189548544,8.28132436593755,8.124376189548544,8.21669864624796,2566480.0,22849428.0
2025-04-24,8.21669864624796,8.28132436593755,8.050518224189013,8.115143943878602,2680600.0,23715232.0
2025-04-25,8.198234154908077,8.207466400578017,8.09667945253872,8.16130517222831,1857300.0,16415629.0
2025-04-28,8.124376189548544,8.336717839957197,8.09667945253872,8.290556611607492,5189800.0,46218936.0
2025-04-29,8.262859874597666,8.58598847304562,8.179769663568193,8.539827244695912,4166880.0,38259736.0
2025-04-30,8.595220718715561,8.742936649434627,8.539827244695912,8.613685210055445,4403600.0,41241120.0
2025-05-06,8.696775421084919,8.816794614794158,8.669078684075094,8.752168895104568,6092400.0,57773456.0
2025-05-07,8.798330123454274,8.973742791183165,8.549059490365854,8.76140114077451,6178630.0,58847408.0
2025-05-08,8.76140114077451,9.638464479418953,8.733704403764685,9.638464479418953,22763300.0,234677824.0
2025-05-09,10.598618029092872,10.598618029092872,10.164702482605621,10.598618029092872,33171508.0,380039200.0
2025-05-12,10.044683288896382,10.321650658994626,9.638464479418953,9.8046449014779,46892456.0,501317088.0
2025-05-13,9.693857953438602,10.783262942491703,9.66616121642878,10.783262942491703,60161312.0,675177152.0
2025-05-14,10.34011515033451,11.06023031258995,10.257024939305035,10.497063326723515,52679532.0,607147136.0
2025-05-15,10.395508624354159,10.801727433831585,9.878502866837433,10.10007676291603,38725584.0,429357824.0
2025-05-16,9.943128586527024,10.22009595662527,9.767715918798135,9.924664095187142,28858480.0,313271904.0
2025-05-19,10.053915534566324,10.137005745595797,9.333800372310883,9.601535496739189,25770048.0,268082592.0
2025-05-20,9.601535496739189,9.629232233749011,9.296871389631118,9.536909777049598,19838300.0,203248160.0
2025-05-21,9.509213040039773,9.55537426838948,9.315335880971,9.416890583340356,13790720.0,140307968.0
2025-05-22,9.333800372310883,9.490748548699889,9.278406898291236,9.324568126640942,12151300.0,123356648.0
2025-05-23,9.324568126640942,9.453819566020124,9.130690967572171,9.130690967572171,14021100.0,141054992.0
2025-05-26,9.093761984892403,9.278406898291236,9.084529739222463,9.195316687261762,9174300.0,91162304.0
2025-05-27,9.195316687261762,9.296871389631118,9.019904019532872,9.296871389631118,11107000.0,110720368.0
2025-05-28,9.232245669941527,9.37072935499065,9.186084441591818,9.232245669941527,9317300.0,93591312.0
2025-05-29,9.204548932931703,9.361497109320709,9.167619950251936,9.315335880971,9252100.0,93383032.0
2025-05-30,9.306103635301058,9.333800372310883,9.019904019532872,9.093761984892403,9066989.0,89563744.0
2025-06-03,9.093761984892403,9.379961600660591,9.047600756542696,9.343032617980825,8971945.0,90033968.0
2025-06-04,9.343032617980825,9.786180410138018,9.306103635301058,9.610767742409129,19108000.0,198379184.0
2025-06-05,9.592303251069247,9.67539346209872,9.416890583340356,9.56460651405942,10343500.0,106953848.0
2025-06-06,9.573838759729362,9.656928970758837,9.444587320350182,9.481516303029947,6522840.0,67200496.0
2025-06-09,9.573838759729362,9.693857953438602,9.481516303029947,9.592303251069247,8101000.0,83835368.0
2025-06-10,9.629232233749011,9.647696725088895,9.333800372310883,9.472284057360007,9618900.0,98871376.0
2025-06-11,9.527677531379656,9.693857953438602,9.453819566020124,9.601535496739189,8470270.0,87926984.0
2025-06-12,9.619999988079071,9.823109392817784,9.536909777049598,9.703090199108544,10538500.0,110379688.0
2025-06-13,9.66616121642878,9.66616121642878,9.352264863650767,9.4261228290103,7748300.0,79519768.0
2025-06-16,9.37072935499065,9.703090199108544,9.37072935499065,9.656928970758837,10151100.0,104948480.0
2025-06-17,9.638464479418953,9.693857953438602,9.407658337670416,9.463051811690065,5610600.0,57662524.0
2025-06-18,9.407658337670416,9.527677531379656,9.223013424271585,9.37072935499065,5057900.0,51104956.0
2025-06-19,9.324568126640942,9.407658337670416,9.112226476232285,9.149155458912054,4598100.0,45949756.0
2025-06-20,9.102994230562345,9.232245669941527,8.946046054173339,8.964510545513223,4778300.0,46842088.0
2025-06-23,8.890652580153692,9.186084441591818,8.844491351803983,9.158387704581994,4291340.0,42217184.0
2025-06-24,9.223013424271585,9.43535507468024,9.130690967572171,9.43535507468024,5381080.0,54613136.0
2025-06-25,9.472284057360007,9.573838759729362,9.361497109320709,9.43535507468024,5549200.0,56770228.0
2025-06-26,9.416890583340356,9.463051811690065,9.315335880971,9.343032617980825,4456600.0,45294304.0
2025-06-27,9.343032617980825,9.416890583340356,9.315335880971,9.37072935499065,3606590.0,36544836.0
2025-06-30,9.4261228290103,9.647696725088895,9.379961600660591,9.583071005399306,7261690.0,75021520.0
2025-07-01,9.610767742409129,9.767715918798135,9.56460651405942,9.638464479418953,7217190.0,75466336.0
2025-07-02,9.693857953438602,9.8046449014779,9.583071005399306,9.74001918178831,7467600.0,78577928.0
2025-07-03,9.74001918178831,9.832341638487726,9.619999988079071,9.693857953438602,5586200.0,58657092.0
2025-07-04,9.703090199108544,9.730786936118369,9.481516303029947,9.509213040039773,4716140.0,48840560.0
2025-07-07,9.509213040039773,9.656928970758837,9.481516303029947,9.638464479418953,4979400.0,51787820.0
2025-07-08,9.656928970758837,9.758483673128193,9.610767742409129,9.66616121642878,4527840.0,47395352.0
2025-07-09,9.703090199108544,9.721554690448427,9.601535496739189,9.629232233749011,4455200.0,46618512.0
2025-07-10,9.629232233749011,9.693857953438602,9.55537426838948,9.619999988079071,4630600.0,48245016.0
2025-07-11,10.37,10.39,10.22,10.36,3714180.0,38368872.0
2025-07-14,10.36,10.75,10.33,10.62,9464200.0,100058824.0
2025-07-15,10.6,10.66,10.31,10.44,6452400.0,67588232.0
2025-07-16,10.4,10.86,10.4,10.6,6104400.0,64757304.0
2025-07-17,10.61,10.63,10.49,10.54,4692850.0,49514024.0
2025-07-18,10.57,10.58,10.39,10.55,4738900.0,49658864.0
2025-07-21,10.57,10.7,10.55,10.66,4469950.0,47583824.0
2025-07-22,10.73,10.74,10.52,10.58,4463100.0,47305904.0
2025-07-23,10.54,10.66,10.48,10.5,5614500.0,59164944.0
2025-07-24,10.55,10.64,10.5,10.56,4680400.0,49472272.0
2025-07-25,10.58,10.66,10.5,10.64,4510480.0,47809824.0
2025-07-28,10.64,10.78,10.63,10.74,4370200.0,46828272.0
2025-07-29,10.75,10.77,10.51,10.61,4923700.0,52200236.0
2025-07-30,10.61,10.65,10.42,10.59,4597600.0,48431020.0
2025-07-31,10.58,10.66,10.39,10.43,4417700.0,46455972.0
2025-08-01,10.46,11.28,10.44,10.92,18453810.0,201402048.0
2025-08-04,10.71,10.99,10.68,10.94,12408290.0,135080608.0
2025-08-05,10.95,11.1,10.95,11.04,8511233.0,93873552.0
2025-08-06,11.09,11.16,11.0,11.13,6828973.0,75738224.0
2025-08-07,11.16,11.19,10.97,11.03,6625020.0,73106496.0
2025-08-08,11.02,11.15,10.9,11.14,5592220.0,61751920.0
2025-08-11,11.19,11.45,11.06,11.35,7651140.0,86490480.0
2025-08-12,11.4,11.46,11.25,11.31,4974980.0,56283768.0
2025-08-13,11.36,11.42,11.2,11.25,5782600.0,65140720.0
2025-08-14,11.32,11.55,11.02,11.03,8259400.0,92666696.0
2025-08-15,10.98,11.36,10.98,11.23,7131750.0,79653832.0
2025-08-18,11.24,11.36,11.06,11.1,7702675.0,86078808.0
2025-08-19,11.14,11.35,11.1,11.33,6919200.0,77818736.0
2025-08-20,11.38,11.49,11.21,11.43,5188200.0,58782232.0
2025-08-21,11.43,11.53,11.31,11.36,5427600.0,61864008.0
2025-08-22,11.36,11.39,11.13,11.22,5436680.0,60982936.0
2025-08-25,11.28,11.31,11.15,11.2,5622120.0,63052848.0
2025-08-26,11.17,11.43,11.11,11.35,4699448.0,53097652.0
2025-08-27,11.35,11.45,10.84,10.85,7159398.0,79664032.0
2025-08-28,10.85,11.11,10.4,10.85,7578000.0,81544480.0
2025-08-29,10.8,10.87,10.71,10.73,4653400.0,50130776.0
2025-09-01,10.76,11.04,10.68,10.86,5276880.0,57309040.0
2025-09-02,10.86,10.91,10.46,10.8,5717405.0,60952356.0
2025-09-03,10.78,10.88,10.39,10.43,3542655.0,37548548.0
2025-09-04,10.45,10.81,10.42,10.63,6031720.0,64330532.0
2025-09-05,10.66,10.88,10.52,10.8,5237900.0,56370096.0
2025-09-08,10.85,11.02,10.66,11.01,4781900.0,52136892.0
2025-09-09,11.04,11.08,10.9,10.97,4053200.0,44504876.0
2025-09-10,11.03,11.06,10.86,10.95,2983418.0,32669452.0
2025-09-11,10.98,10.98,10.73,10.95,3498478.0,38028648.0
2025-09-12,10.99,11.0,10.8,10.88,3574000.0,38944112.0
2025-09-15,10.93,10.98,10.81,10.89,3645080.0,39692256.0
2025-09-16,10.88,11.08,10.81,11.08,4285865.0,46994740.0
2025-09-17,11.09,11.2,11.0,11.07,3307680.0,36705384.0
2025-09-18,11.03,11.07,10.69,10.75,4317180.0,47098328.0
2025-09-19,10.79,10.88,10.53,10.73,3826981.0,40819632.0
2025-09-22,10.7,10.74,10.5,10.57,3286480.0,34790540.0
2025-09-23,10.59,10.59,10.06,10.44,5971784.0,61450280.0
2025-09-24,10.44,10.72,10.24,10.71,4160370.0,44033132.0
2025-09-25,10.73,10.87,10.53,10.56,3135000.0,33531956.0
2025-09-26,10.56,11.11,10.5,10.82,8670290.0,93986472.0
2025-09-29,10.84,11.32,10.63,11.1,9982650.0,110451200.0
2025-09-30,11.15,11.22,11.01,11.06,6368000.0,70709840.0
2025-10-09,11.34,11.51,11.18,11.25,10067510.0,114034712.0
2025-10-10,11.25,11.33,11.15,11.21,5617100.0,63078428.0
2025-10-13,10.9,11.17,10.53,11.07,6561120.0,72099040.0
2025-10-14,11.2,11.27,11.0,11.09,4941200.0,54972984.0
2025-10-15,11.18,11.32,11.04,11.31,5238140.0,58802656.0
2025-10-16,11.32,11.43,11.1,11.11,4502400.0,50504348.0
2025-10-17,11.1,11.18,10.94,10.98,4460900.0,49201568.0
2025-10-20,11.07,11.22,10.99,11.2,4585000.0,51006204.0
2025-10-21,11.27,11.3,11.17,11.29,4602429.0,51771200.0
2025-10-22,11.29,11.44,11.22,11.36,4734500.0,53790648.0
2025-10-23,11.39,11.49,11.22,11.45,4627620.0,52724356.0
2025-10-24,11.45,11.58,11.37,11.49,5117200.0,58755768.0
2025-10-27,11.54,11.62,11.35,11.59,6585764.0,75921712.0
2025-10-28,11.57,11.78,11.51,11.7,6097300.0,71222152.0
2025-10-29,11.67,11.83,11.53,11.62,5551100.0,64559716.0
2025-10-30,11.81,12.29,11.78,11.83,17231050.0,205735088.0
2025-10-31,11.86,12.29,11.84,12.08,13578192.0,163692896.0
2025-11-03,12.09,12.17,11.85,11.96,9388601.0,112621520.0
2025-11-04,12.07,12.22,11.97,12.04,7019227.0,84824120.0
2025-11-05,11.9,12.19,11.89,12.12,6426080.0,77494440.0
2025-11-06,12.12,12.26,12.02,12.26,5366530.0,65311620.0
2025-11-07,12.4,12.46,12.13,12.21,5632139.0,68922072.0
2025-11-10,12.27,12.33,12.03,12.13,5879285.0,71346128.0
2025-11-11,12.16,12.3,12.07,12.18,4150860.0,50612360.0
2025-11-12,12.18,12.24,11.92,12.0,6433600.0,77369752.0
2025-11-13,12.18,12.18,11.86,12.04,4205400.0,50466832.0
2025-11-14,12.03,12.25,11.85,12.18,5245950.0,63780780.0
2025-11-17,12.14,12.24,12.05,12.14,3711210.0,44984972.0
2025-11-18,12.22,12.22,11.93,12.01,3766760.0,45204828.0
2025-11-19,12.01,12.07,11.65,11.7,5391900.0,63493552.0
2025-11-20,11.72,11.86,11.54,11.65,5515740.0,64407352.0
2025-11-21,11.55,11.79,10.91,11.03,6940800.0,77721256.0
2025-11-24,11.14,11.46,11.07,11.23,8000300.0,90017368.0
2025-11-25,11.38,11.55,11.31,11.45,3888400.0,44578568.0
2025-11-26,11.38,11.55,11.25,11.28,3884300.0,44259064.0
2025-11-27,11.27,11.67,11.24,11.58,3730180.0,42784792.0
2025-11-28,11.52,11.66,11.38,11.66,3446790.0,39860404.0
2025-12-01,11.67,11.83,11.6,11.66,4946900.0,57966192.0
2025-12-02,11.61,11.73,11.45,11.65,3478412.0,40360652.0
2025-12-03,11.64,11.73,11.5,11.65,3272264.0,38040400.0
2025-12-04,11.69,11.78,11.47,11.59,3705512.0,43009220.0
2025-12-05,11.53,11.81,11.45,11.79,3735600.0,43673208.0
2025-12-08,11.94,12.0,11.76,11.87,3867780.0,45939592.0
2025-12-09,11.81,12.15,11.75,11.82,6426665.0,76667336.0
2025-12-10,11.94,11.94,11.68,11.72,4871540.0,57326116.0
2025-12-11,11.76,11.76,11.47,11.48,3721340.0,43157316.0
2025-12-12,11.48,11.69,11.28,11.35,4378060.0,50214748.0
2025-12-15,11.31,11.71,11.25,11.48,4825800.0,55261764.0
2025-12-16,11.47,11.48,11.18,11.26,2844685.0,32150464.0
2025-12-17,11.25,11.37,11.02,11.22,3761100.0,42031136.0
2025-12-18,11.23,11.48,11.14,11.44,3478400.0,39632740.0
2025-12-19,11.45,11.77,11.45,11.76,3552500.0,41400816.0
2025-12-22,11.81,12.04,11.62,11.97,5598480.0,66539612.0
2025-12-23,12.49,12.56,12.14,12.25,10722670.0,131738776.0
2025-12-24,12.31,12.99,12.29,12.57,11402900.0,143680256.0
2025-12-25,12.77,13.46,12.68,13.0,11097040.0,143883552.0
2025-12-26,13.01,13.09,12.63,12.67,8994760.0,114876768.0
2025-12-29,12.76,13.05,12.62,12.79,7746640.0,99502768.0
2025-12-30,12.89,13.06,12.68,12.95,6655700.0,85611696.0
2025-12-31,12.98,14.25,12.87,14.25,19742972.0,273087744.0
2026-01-05,14.84,14.87,13.7,13.81,38099504.0,536113856.0
2026-01-06,13.69,13.92,13.44,13.54,25332910.0,344657216.0
2026-01-07,13.46,13.47,13.15,13.2,18215912.0,241248240.0
2026-01-08,13.37,13.78,13.25,13.6,21521660.0,291475712.0
2026-01-09,13.47,14.09,13.31,14.01,22046090.0,301441824.0
2026-01-12,14.03,14.05,13.67,13.9,16901730.0,234354736.0
2026-01-13,13.89,14.03,13.66,13.9,14678810.0,203655168.0
2026-01-14,13.8,14.02,13.44,13.63,15411600.0,212315152.0
2026-01-15,13.43,13.98,13.43,13.68,9102192.0,124867352.0
2026-01-16,13.78,13.98,13.51,13.89,13242320.0,182602000.0
2026-01-19,13.92,14.28,13.8,14.11,12709700.0,178498176.0
2026-01-20,14.1,14.15,13.75,13.83,7917494.0,110046928.0
2026-01-21,13.78,14.36,13.65,14.23,9526100.0,134076832.0
2026-01-22,14.3,14.4,14.06,14.12,7017190.0,99356496.0
2026-01-23,14.12,14.35,14.09,14.27,7215540.0,102399816.0
2026-01-26,15.7,15.7,15.7,15.7,10661871.0,167391376.0
2026-01-27,15.3,17.2,14.92,16.58,66399632.0,1072520768.0
2026-01-28,15.76,15.99,14.92,14.92,48492428.0,736811072.0
2026-01-29,14.32,14.87,13.71,14.21,33367652.0,477954112.0
2026-01-30,14.07,15.63,14.0,15.63,31693290.0,474508512.0
2026-02-02,16.0,16.9,15.88,16.15,50996824.0,833268864.0
2026-02-03,16.6,16.86,15.98,16.35,29516214.0,482976480.0
2026-02-04,16.36,17.0,16.12,16.63,35943512.0,599629760.0
2026-02-05,16.5,16.64,14.98,16.14,28297204.0,454558848.0
2026-02-06,16.1,17.75,16.0,17.75,29862564.0,510939424.0
2026-02-09,17.58,18.8,17.58,17.88,45336352.0,820133056.0
2026-02-10,17.86,19.0,17.64,18.35,45613200.0,837939840.0
2026-02-11,17.7,18.28,17.5,17.78,27055122.0,481292000.0
2026-02-12,17.7,18.4,17.5,18.0,24796500.0,447614624.0
2026-02-13,18.1,19.8,18.1,19.8,27247000.0,529055136.0
2026-02-24,21.78,21.78,19.9,21.3,75657224.0,1592223488.0
2026-02-25,19.99,21.22,19.28,20.05,57188016.0,1147176448.0
2026-02-26,19.33,19.77,18.7,18.79,43554520.0,827973824.0
2026-02-27,18.61,18.74,17.95,18.22,31315172.0,570820608.0
2026-03-02,17.3,17.5,16.6,16.68,33523120.0,566967488.0
2026-03-03,16.68,17.27,16.2,16.25,26724822.0,447436672.0
2026-03-04,15.85,16.8,15.78,16.6,20885160.0,343415584.0
2026-03-05,16.9,17.15,16.64,16.82,20525580.0,346071456.0
2026-03-06,16.63,16.94,16.53,16.67,12788300.0,213516144.0
2026-03-09,16.18,16.3,15.78,16.19,16983200.0,272223456.0
2026-03-10,16.44,17.49,16.28,17.28,25067860.0,424979616.0
2026-03-11,17.28,17.33,16.76,16.77,17986260.0,305153088.0
2026-03-12,16.61,16.79,16.3,16.38,13177600.0,217309920.0
2026-03-13,16.44,16.44,15.91,15.95,9645600.0,155429280.0
2026-03-16,16.06,16.08,15.55,15.91,8875162.0,139861760.0
2026-03-17,16.0,16.16,15.37,15.46,8269242.0,130113376.0
2026-03-18,15.52,15.82,15.41,15.78,6851402.0,107040416.0
2026-03-19,15.51,15.6,15.11,15.26,7648578.0,117240304.0
2026-03-20,15.36,15.48,14.77,14.78,7345000.0,110371808.0
2026-03-23,14.8,15.2,14.13,14.32,12744400.0,187723152.0
2026-03-24,14.61,14.9,14.3,14.83,11466800.0,167769840.0
2026-03-25,14.81,15.19,14.81,15.12,8669018.0,131028736.0
2026-03-26,15.15,15.31,14.73,14.79,7930700.0,118574544.0
2026-03-27,14.3,14.97,14.3,14.9,6752100.0,99866168.0
2026-03-30,14.72,15.04,14.65,15.01,5038000.0,75064280.0
2026-03-31,15.01,15.16,14.78,14.8,5586700.0,83520216.0
2026-04-01,15.07,15.23,14.94,15.1,6526800.0,98228624.0
2026-04-02,15.2,15.2,14.78,14.87,5256238.0,78579224.0
2026-04-03,14.95,14.97,14.56,14.63,3916000.0,57545076.0
2026-04-07,14.57,15.0,14.57,14.92,4731020.0,70445472.0
2026-04-08,15.12,15.76,15.12,15.54,7966320.0,123696416.0
2026-04-09,15.35,15.43,15.1,15.19,6219100.0,94572360.0
2026-04-10,15.18,15.64,15.18,15.34,5550477.0,85703632.0
2026-04-13,15.3,15.34,14.96,15.09,5541300.0,83516288.0
2026-04-14,15.16,15.29,15.02,15.26,5288200.0,80058832.0
2026-04-15,15.28,15.39,15.08,15.13,4351088.0,66233568.0
2026-04-16,15.23,15.33,15.09,15.3,5126020.0,78108728.0
2026-04-17,15.2,15.3,15.08,15.23,4380543.0,66455088.0
2026-04-20,15.22,15.5,15.08,15.39,6357476.0,97417304.0
2026-04-21,15.39,15.5,15.22,15.48,5553200.0,85448984.0
2026-04-22,15.35,15.35,15.12,15.19,6011000.0,91371712.0
2026-04-23,15.2,15.23,14.82,14.88,6832240.0,102045032.0
2026-04-24,14.88,14.89,14.53,14.73,5161660.0,75693032.0
2026-04-27,14.74,14.74,14.32,14.57,6053300.0,88007016.0
2026-04-28,14.58,14.58,13.98,14.05,7726600.0,109231328.0
2026-04-29,13.83,14.26,13.47,14.05,8972040.0,124928472.0
2026-04-30,14.2,14.28,13.94,14.08,5909712.0,83126608.0
2026-05-06,14.15,14.2,13.89,13.98,7510068.0,105408960.0
2026-05-07,13.99,14.78,13.95,14.53,10074037.0,145948128.0
2026-05-08,14.51,15.87,14.32,15.43,21629930.0,332009536.0
2026-05-11,15.2,15.35,14.75,14.8,17315400.0,258084736.0
2026-05-12,14.92,16.28,14.85,16.28,13862010.0,220785584.0
2026-05-13,16.28,16.28,15.7,15.91,35288980.0,564652288.0
2026-05-14,15.78,16.24,15.43,15.45,23001060.0,361124288.0
2026-05-15,15.53,16.2,15.3,15.9,27013332.0,428994688.0
2026-05-18,15.88,15.89,15.18,15.43,17771460.0,273216352.0
2026-05-19,15.45,15.65,14.88,15.08,14531470.0,219193952.0
2026-05-20,14.92,14.92,14.01,14.39,15915000.0,227915824.0
2026-05-21,14.3,15.0,14.08,14.2,13810200.0,200825536.0
2026-05-22,14.39,14.5,13.95,14.36,11453260.0,162984400.0
2026-05-25,14.44,14.53,13.71,13.94,11360763.0,158600912.0
2026-05-26,13.84,13.97,13.29,13.46,9194930.0,124602240.0
2026-05-27,13.38,13.38,12.8,12.98,9730040.0,126348848.0
2026-05-28,12.83,13.21,12.76,13.08,6093000.0,79109328.0
2026-05-29,13.08,13.25,12.43,12.54,6153839.0,78140536.0
2026-06-01,12.46,12.78,12.42,12.61,4781639.0,60405144.0
2026-06-02,12.74,12.85,12.29,12.49,4374590.0,54729876.0
2026-06-03,12.48,12.58,12.24,12.4,4425660.0,54898196.0
2026-06-04,12.28,12.8,12.26,12.43,6371070.0,79662736.0
2026-06-05,12.37,13.0,12.02,12.74,9551940.0,120233536.0
2026-06-08,12.31,13.09,12.31,12.92,10009700.0,127853592.0
2026-06-09,12.9,13.02,12.35,12.47,8583500.0,107848944.0
2026-06-10,12.3,12.35,11.88,12.16,6623500.0,80012136.0
2026-06-11,12.05,12.11,11.7,11.9,5037300.0,59882800.0
2026-06-12,12.09,12.19,11.8,11.84,4923000.0,58893256.0
2026-06-15,11.93,12.12,11.76,11.95,4781360.0,57014116.0
2026-06-16,11.9,12.02,11.57,11.94,4977560.0,58847824.0
2026-06-17,11.93,11.93,11.49,11.58,5179200.0,60210364.0
2026-06-18,11.56,11.67,11.27,11.52,4847959.0,55769056.0
2026-06-22,11.45,11.46,10.93,11.42,7500174.0,83749640.0
2026-06-23,11.49,11.88,11.39,11.62,6441074.0,75491488.0
2026-06-24,11.62,11.74,10.94,11.13,5680700.0,63385468.0
2026-06-25,11.13,11.13,10.71,10.74,5396800.0,58424068.0
2026-06-26,10.8,10.8,10.47,10.5,5492700.0,58040820.0
2026-06-29,10.4,10.63,10.04,10.4,5738231.0,59210720.0
2026-06-30,10.43,10.78,10.26,10.66,5150920.0,54327500.0
2026-07-01,10.66,11.1,10.62,10.8,6012620.0,65267728.0
2026-07-02,11.0,11.17,10.71,10.78,5354940.0,58574348.0
2026-07-03,10.76,11.86,10.76,11.45,18377900.0,209987984.0
2026-07-06,11.39,11.47,11.07,11.12,11763900.0,132123976.0
2026-07-07,11.11,12.0,10.76,10.81,11113200.0,125121416.0
2026-07-08,10.7,10.99,10.4,10.44,7097400.0,75482472.0
2026-07-09,10.49,10.64,10.14,10.48,5326692.0,55195944.0
2026-07-10,10.48,11.08,10.31,10.89,7400000.0,80019000.0
2026-07-13,10.71,10.76,10.2,10.22,5849200.0,60976456.0
2026-07-14,10.29,10.62,9.97,10.53,5591340.0,57529824.0
2026-07-15,10.83,11.14,10.68,11.0,9180300.0,100838448.0
2026-07-16,10.96,11.2,10.81,10.94,6034369.0,66412100.0
2026-07-17,11.0,11.21,10.41,10.48,7084570.0,76323400.0
2026-07-20,10.48,10.83,9.96,10.08,7788100.0,80725872.0
2026-07-21,10.08,10.18,9.45,10.06,8101200.0,79890568.0
2026-07-22,10.03,10.17,9.83,9.92,4886800.0,48629280.0
2026-07-23,9.9,10.91,9.82,10.91,8628700.0,89701072.0
2026-07-24,10.71,11.5,10.68,10.88,14031400.0,156087168.0
2026-07-27,10.97,11.55,10.8,11.5,11324674.0,127019768.0
2026-07-28,11.61,11.7,11.37,11.57,7739600.0,89200584.0
2026-07-29,11.5,11.8,11.45,11.58,6158000.0,71766816.0
2026-07-30,11.58,11.59,11.13,11.13,5731300.0,65029440.0
2026-07-31,11.34,11.58,11.33,11.4,4741000.0,54322068.0
2026-08-03,11.51,11.91,11.45,11.83,5633300.0,66416728.0
2026-08-04,11.84,11.92,11.74,11.84,4102000.0,48595184.0
2026-08-05,11.9,11.99,11.75,11.96,5627000.0,66942672.0
2026-08-06,11.84,12.34,11.84,12.33,5535400.0,67207384.0
2026-08-07,12.2,12.6,11.98,12.45,6312400.0,77551008.0
2026-08-10,12.57,13.52,12.3,13.25,11816100.0,155004144.0
2026-08-11,13.13,13.62,12.91,13.41,9031500.0,120213424.0
2026-08-12,13.42,13.55,13.14,13.17,5482525.0,72628920.0
2026-08-13,13.2,13.54,13.11,13.33,6039300.0,80217200.0
2026-08-14,13.45,13.45,13.06,13.16,4251700.0,56075340.0
2026-08-17,13.24,13.26,13.03,13.17,3260625.0,42825136.0
2026-08-18,13.14,13.46,12.97,13.38,4725325.0,62351164.0
2026-08-19,13.35,13.35,12.56,12.56,6038300.0,76907368.0
2026-08-20,12.65,12.81,12.4,12.44,4546300.0,57214288.0
2026-08-21,12.39,12.55,12.35,12.49,3199290.0,39909864.0
2026-08-24,12.5,12.59,12.22,12.52,3317525.0,41172476.0
2026-08-25,12.36,12.82,12.34,12.8,2523928.0,31850368.0
2026-08-26,12.78,12.92,12.52,12.61,2650500.0,33538744.0
2026-08-27,12.61,12.94,12.54,12.76,3214900.0,40945480.0
2026-08-28,12.76,12.87,12.63,12.7,4091700.0,52080112.0
2026-08-31,12.77,13.0,12.54,12.98,4499952.0,57540204.0
2026-09-01,12.91,13.03,12.7,12.76,3063100.0,39327204.0
2026-09-02,12.76,12.92,12.63,12.78,3592800.0,45890220.0
2026-09-03,12.79,12.95,12.65,12.71,2776700.0,35419444.0
2026-09-04,12.71,12.81,12.44,12.54,2971000.0,37543224.0
