date,open,high,low,close,volume,amount
2018-07-13,8.886077099835472,8.886077099835472,8.886077099835472,8.886077099835472,21457.0,348247.125
2018-07-16,9.773042281704448,9.773042281704448,9.773042281704448,9.773042281704448,9600.0,171360.0
2018-07-17,10.753084056732511,10.753084056732511,10.753084056732511,10.753084056732511,17046.0,334783.4375
2018-07-18,11.826202424919668,11.826202424919668,11.826202424919668,11.826202424919668,37865.0,817884.0
2018-07-19,13.008822667411634,13.008822667411634,13.008822667411634,13.008822667411634,95755.0,2275138.75
2018-07-20,14.311894971638894,14.311894971638894,14.311894971638894,14.311894971638894,121648.0,3179878.75
2018-07-23,15.740894431316686,15.740894431316686,15.740894431316686,15.740894431316686,100093.0,2877673.75
2018-07-24,17.317721421305976,17.317721421305976,17.317721421305976,17.317721421305976,106733.0,3375964.75
2018-07-25,19.047851035322,19.047851035322,19.047851035322,19.047851035322,149331.0,5195225.5
2018-07-26,20.953183648225725,20.953183648225725,20.953183648225725,20.953183648225725,191620.0,7333297.5
2018-07-27,23.05014454116287,23.05014454116287,23.05014454116287,23.05014454116287,811806.0,34177032.0
2018-07-30,25.355158995279158,25.355158995279158,25.355158995279158,25.355158995279158,1047224.0,48496944.0
2018-07-31,27.890127385435548,27.890127385435548,26.285924926870056,27.53424629394491,30706728.0,1536149248.0
2018-08-01,27.92297794772699,28.798992942165487,26.71845733037406,27.315242545335288,27694480.0,1410834304.0
2018-08-02,27.1017138904409,28.77161747358928,26.110721927982357,28.30075941407859,25094080.0,1274115072.0
2018-08-03,26.71845733037406,27.857276823144105,25.47013596329921,27.36451838877245,20514738.0,989468672.0
2018-08-06,26.280449833154815,30.102065246392744,26.012170241108027,27.386418763633415,21703252.0,1098041856.0
2018-08-07,27.375468576202934,29.379352875980985,26.581579987493047,28.782567661019762,22561338.0,1157900800.0
2018-08-08,27.82442626085266,28.059855290608006,25.902668366803216,25.902668366803216,15046304.0,739888256.0
2018-08-09,23.553853162965005,24.813124717470338,23.312949039494416,24.287515720807242,17907716.0,785057600.0
2018-08-10,24.09041234705858,25.251132214689584,23.980910472753767,24.56127040656927,12727775.0,572961664.0
2018-08-13,23.54290297553452,25.902668366803216,23.33484941435538,25.628913681041187,14913924.0,680298304.0
2018-08-14,25.283982776981027,28.18578244605854,24.65434699972836,26.51587886291016,20261124.0,972353344.0
2018-08-15,26.274974739439575,28.30075941407859,26.006695147392787,26.105246834267117,17875148.0,881497664.0
2018-08-16,25.185431090106697,28.71686653643688,25.02665337236472,27.309767451620047,27254824.0,1395519488.0
2018-08-17,27.91750285401175,28.19125753977378,24.577695687714993,24.577695687714993,22520764.0,1084095872.0
2018-08-20,23.54837806924976,23.729056161852704,22.283631421029188,23.367699976646822,14981517.0,632814976.0
2018-08-21,23.312949039494416,23.860458411018474,22.447884232486405,23.54290297553452,13017662.0,554151616.0
2018-08-22,23.460776569805915,23.805707473866068,21.188612677981073,21.402141332875456,16300024.0,667305856.0
2018-08-23,21.506168113465023,23.54290297553452,21.506168113465023,23.54290297553452,11863991.0,497164864.0
2018-08-24,24.698147749450285,25.45918577586873,22.38218310790352,22.721638918248434,20851472.0,909942464.0
2018-08-27,22.50811026335405,23.734531255567944,22.464309513632127,23.51552750695832,13420401.0,566761728.0
2018-08-28,23.586703725256445,25.163530715245734,23.291048664633454,24.013761035045214,15763553.0,692923712.0
2018-08-29,24.09041234705858,24.856925467192262,23.77833200528987,24.845975279761785,14595059.0,649935296.0
2018-08-30,24.856925467192262,25.45918577586873,24.106837628204303,25.344208807848673,14626970.0,663303936.0
2018-08-31,25.075929215801885,26.948411266414166,23.844033129872752,23.915209348170883,18196560.0,852666304.0
2018-09-03,24.473668907125422,26.307825301731018,23.756431630428906,26.307825301731018,15013855.0,683926720.0
2018-09-04,27.649223261964963,28.94134537876174,26.307825301731018,28.94134537876174,13200697.0,675677632.0
2018-09-05,29.94876262236601,31.810294485547807,26.04502080339947,26.04502080339947,25038256.0,1284730624.0
2018-09-06,24.648871906013124,24.966427341497074,23.827607848727034,24.09041234705858,18194666.0,813233216.0
2018-09-07,23.953535004177567,24.36416703282061,22.447884232486405,23.000868697725704,14987331.0,643558720.0
2018-09-10,22.831140792553246,23.43340110122971,22.721638918248434,23.039194353732388,10082726.0,424294176.0
2018-09-11,22.66688798109603,22.831140792553246,22.0427272975586,22.420508763910203,8692839.0,355105216.0
2018-09-12,22.321957077035872,22.469784607347368,21.94417561068427,22.38218310790352,6451576.0,262329200.0
2018-09-13,22.78186494911608,23.3512746955011,22.228880483876782,23.088470197169553,11698719.0,488805344.0
2018-09-14,22.831140792553246,22.831140792553246,20.83273158649043,21.47331755117358,11262561.0,449174112.0
2018-09-17,20.849156867636154,21.790872986657533,20.70132933732466,21.1119613659677,6057674.0,235275184.0
2018-09-18,21.073635709961017,22.644987606235066,20.81083121162947,22.086528047280527,10736265.0,431834400.0
2018-09-19,21.632095268915556,22.442409138771165,21.36929077058401,21.900374860962344,9394655.0,375072576.0
2018-09-20,21.681371112352725,21.872999392386145,21.17766249055059,21.19408777169631,6868465.0,269117344.0
2018-09-21,21.19956286541155,21.434991895166895,20.745130087046583,21.215988146557272,5586228.0,215640944.0
2018-09-25,21.27621417742492,22.174129546724377,21.215988146557272,21.632095268915556,7015960.0,278814784.0
2018-09-26,21.856574111240423,22.431458951340684,21.352865489438287,22.332907264466353,8608995.0,344501376.0
2018-09-27,22.398608389049237,23.17059660289816,21.358340583153527,21.462367363743102,11855029.0,485011008.0
2018-09-28,21.352865489438287,22.228880483876782,20.876532336212357,22.020826922697637,8132820.0,323093664.0
2018-10-08,21.29263945857064,22.623087231374104,21.133861740828664,21.528068488325985,7992097.0,320555040.0
2018-10-09,21.632095268915556,23.082995103454312,21.632095268915556,22.540960825645495,10498882.0,430096960.0
2018-10-10,22.475259701062605,23.34579960178586,22.0153518289824,23.3238992269249,10587654.0,437355328.0
2018-10-11,22.393133295334,22.716163824533194,20.991509304232412,21.057210428815296,11298593.0,453707968.0
2018-10-12,20.695854243609414,21.057210428815296,19.097126878759166,20.367348620694983,9115186.0,336271392.0
2018-10-15,20.367348620694983,20.761555368192305,18.64816919410944,19.009525379315317,9204993.0,333136032.0
2018-10-16,19.091651785043926,19.266854783931624,17.629801763074692,18.00210813571105,8740139.0,292359712.0
2018-10-17,18.429165445499812,18.429165445499812,17.104192766411593,17.9145066362672,6576257.0,214501504.0
2018-10-18,17.575050825922283,17.575050825922283,16.370530208569352,16.370530208569352,6148321.0,190701392.0
2018-10-19,15.718994056455724,16.78663733092764,15.718994056455724,16.68808564405331,5893387.0,176567024.0
2018-10-22,16.759261862351433,18.166360947168265,16.70451092519903,17.766679105955706,7826847.0,249505024.0
2018-10-23,17.580525919637523,18.828847286712378,17.520299888769877,17.766679105955706,9574394.0,317344192.0
2018-10-24,17.46007385790223,17.777629293386184,17.219169734431645,17.306771233875494,5106623.0,162754160.0
2018-10-25,16.184377022251173,16.83043808064956,16.124150991383527,16.83043808064956,5255380.0,157665376.0
2018-10-26,17.08229239155063,17.34509688988218,16.595009050894216,16.97279051724582,4744286.0,147873632.0
2018-10-29,16.97279051724582,17.596951200783245,16.835913174364805,17.191794265855442,5038543.0,158044944.0
2018-10-30,16.80306261207336,17.06039201668967,15.801120462184333,16.753786768636196,5963961.0,179697520.0
2018-10-31,16.726411300059993,17.514824795054636,16.726411300059993,17.503874607624155,7486380.0,235329872.0
2018-11-01,17.45459876418699,18.341563946055963,17.36699726474314,17.974732667134845,10038641.0,326028928.0
2018-11-02,18.23206207175115,18.341563946055963,17.854280605399552,18.221111884320674,8508921.0,281464960.0
2018-11-05,18.76862125584473,18.872648036434303,17.520299888769877,17.783104387101424,9162331.0,305212672.0
2018-11-06,17.383422545888862,17.405322920749825,16.53478302002657,16.97826561096106,6405062.0,198404800.0
2018-11-07,17.08776748526587,17.230119921862126,16.67713545662283,16.68808564405331,5060626.0,156449472.0
2018-11-08,16.863288642941008,16.956365236100098,16.15700155367497,16.315779271416947,4920915.0,148174192.0
2018-11-09,16.206277397112135,16.4581317080132,15.976323461072031,15.992748742217755,4114629.0,121777176.0
2018-11-12,16.031074398224437,16.376005302284593,15.812070649614814,16.376005302284593,4635976.0,136579728.0
2018-11-13,16.0529747730854,16.52383283259609,16.014649117078715,16.430756239437002,5561982.0,165154672.0
2018-11-14,16.42528114572176,16.89066411151721,16.315779271416947,16.60048414460946,6089350.0,185454320.0
2018-11-15,16.835913174364805,17.399847827034584,16.480032082874168,17.399847827034584,8152263.0,253281808.0
2018-11-16,17.45459876418699,17.958307385989123,17.16441879727924,17.75572891852522,10523959.0,338616736.0
2018-11-19,17.5367251699156,17.673602512796613,17.36699726474314,17.673602512796613,5257645.0,168192544.0
2018-11-20,17.35604707731266,18.051383979148213,17.18084407842496,17.219169734431645,5609595.0,179773632.0
2018-11-21,16.88518901780197,17.580525919637523,16.58953395717898,17.580525919637523,5941993.0,185388096.0
2018-11-22,17.794054574531906,17.815954949392868,17.246545203007848,17.37247235845838,5653221.0,180973088.0
2018-11-23,17.36699726474314,18.560567694665586,17.16441879727924,18.13351038487682,13283998.0,437035392.0
2018-11-26,17.520299888769877,17.65717723165089,16.326729458847428,16.49098227030465,9095261.0,280630784.0
2018-11-27,16.64428489433138,16.715461112629512,15.894197055343422,16.277453615410263,5509183.0,163556352.0
2018-11-28,16.15152645995973,16.397905677145555,15.905147242773904,16.35958002113887,3981585.0,117400120.0
2018-11-29,16.50193245773513,16.54573320745705,15.166009591216424,15.19886015350787,5359870.0,155708000.0
2018-11-30,15.100308466633537,15.31383712152792,14.45972250195039,14.957956030037282,4507497.0,122720032.0
2018-12-03,15.549266151283264,15.795645368469092,15.187909966077386,15.653292931872837,4839075.0,137182608.0
2018-12-04,15.4999903078461,15.729944243886205,15.341212590104123,15.691618587879521,3906797.0,111076048.0
2018-12-05,15.22623562208407,15.527365776422304,15.166009591216424,15.352162777534604,2986060.0,83692144.0
2018-12-06,15.823020837045295,16.288403802840744,15.560216338713747,15.59854199472043,6277186.0,182616400.0
2018-12-07,15.19886015350787,15.467139745554658,15.061982810626855,15.264561278090754,3491314.0,97259800.0
2018-12-10,15.056507716911613,16.06392496051588,15.045557529481131,15.812070649614814,5799401.0,166306432.0
2018-12-11,15.686143494164279,16.53478302002657,15.686143494164279,16.35410492742363,6405762.0,190086368.0
2018-12-12,16.39243058343032,16.78663733092764,16.080350241661602,16.376005302284593,5291054.0,159021664.0
2018-12-13,16.463606801728442,16.74283658120571,16.036549491939677,16.53478302002657,4071759.0,122449784.0
2018-12-14,16.474556989158923,17.1863191721402,16.26650342797978,16.78663733092764,5673072.0,173966160.0
2018-12-17,16.58953395717898,17.1863191721402,16.430756239437002,17.126093141272555,4164437.0,128919192.0
2018-12-18,17.235595015577367,17.44912367047175,16.15152645995973,16.228177771973098,4992150.0,152081696.0
2018-12-19,15.937997805065347,16.25007814683406,15.346687683819365,15.39596352725653,4076776.0,117262624.0
2018-12-20,15.330262402673643,15.839446118191017,15.319312215243162,15.729944243886205,2797900.0,80055616.0
2018-12-21,15.625917463296634,15.883246867912943,15.549266151283264,15.746369525031927,2338954.0,67157648.0
2018-12-24,15.8777717741977,16.195327209681654,15.697093681594762,16.06392496051588,2373257.0,69450632.0
2018-12-25,15.894197055343422,16.403380770860796,15.390488433541288,16.35958002113887,3428506.0,99559728.0
2018-12-26,16.403380770860796,16.529307926311333,16.031074398224437,16.14057627252925,3152876.0,93608256.0
2018-12-27,16.370530208569352,16.485507176589405,15.390488433541288,15.439764276978453,3212631.0,94160904.0
2018-12-28,15.505465401561342,15.59854199472043,15.13315902892498,15.171484684931666,2706351.0,75736368.0
2019-01-02,15.385013339826049,15.543791057568026,15.166009591216424,15.286461652951719,1420123.0,39818012.0
2019-01-03,15.19886015350787,15.302886934097438,14.826553780871507,15.12768393520974,1773023.0,48964592.0
2019-01-04,14.810128499725787,15.48356502670038,14.766327750003862,15.406913714687011,1775301.0,49482272.0
2019-01-07,15.49451521413086,15.746369525031927,15.2974118403822,15.636867650727114,2274012.0,64534656.0
2019-01-08,15.713518962740483,15.713518962740483,15.439764276978453,15.521890682707063,1630949.0,46251956.0
2019-01-09,15.549266151283264,17.07681729783539,15.549266151283264,16.26102833426454,7850262.0,238153088.0
2019-01-10,16.06940005423112,16.507407551450367,15.883246867912943,16.35958002113887,5236337.0,155265696.0
2019-01-11,16.031074398224437,17.996633041995807,16.020124210793956,17.996633041995807,9390013.0,293664864.0
2019-01-14,17.84880551168431,17.84880551168431,16.8085377057886,16.950890142384857,6580468.0,206448896.0
2019-01-15,16.726411300059993,17.629801763074692,16.68808564405331,17.246545203007848,5140324.0,162108592.0
2019-01-16,17.377947452173622,17.629801763074692,16.923514673808654,17.44364857675651,4590411.0,145596288.0
2019-01-17,17.301296140160254,17.952832292273882,16.945415048669616,16.98921579839154,4434202.0,141236496.0
2019-01-18,17.07134220412015,17.629801763074692,16.98921579839154,17.290345952729773,4144028.0,131254464.0
2019-01-21,17.580525919637523,18.47296619522174,17.44364857675651,17.958307385989123,5788359.0,189392704.0
2019-01-22,17.892606261406236,19.11902725362013,17.892606261406236,18.889073317580024,7729129.0,262373616.0
2019-01-23,18.659119381539917,18.785046536990453,18.155410759737784,18.615318631817996,4949290.0,167352832.0
2019-01-24,18.615318631817996,18.76862125584473,18.243012259181633,18.6974450375466,3800702.0,128206768.0
2019-01-25,18.54961750723511,18.54961750723511,17.27392067158405,17.35604707731266,4046780.0,133004432.0
2019-01-28,17.684552700227094,17.892606261406236,17.27392067158405,17.388897639604103,3691117.0,118416736.0
2019-01-29,17.191794265855442,17.93093191741292,16.485507176589405,17.55315045106132,3647402.0,115550728.0
2019-01-30,17.246545203007848,18.50581675751318,17.246545203007848,18.166360947168265,5026646.0,166559408.0
2019-01-31,18.00210813571105,18.00210813571105,16.89066411151721,17.514824795054636,4492085.0,142945296.0
2019-02-01,17.958307385989123,17.985682854565326,17.410798014465065,17.766679105955706,2904494.0,93928416.0
2019-02-11,17.695502887657575,18.713870318692326,17.5641006384918,18.631743912963717,4483613.0,150474176.0
2019-02-12,18.609843538102755,18.856222755288577,18.352514133486448,18.708395224977085,3739415.0,126946960.0
2019-02-13,18.6700695689704,19.047851035322,18.352514133486448,18.64816919410944,4344640.0,148202976.0
2019-02-14,18.368939414632166,19.704862281150874,18.352514133486448,19.294230252507827,5838675.0,204250608.0
2019-02-15,19.108077066189647,19.343506095944992,18.889073317580024,19.13545253476585,3629600.0,126909824.0
2019-02-18,19.21757894049446,19.655586437713705,19.075226503898204,19.52418418854793,3696823.0,130869712.0
2019-02-19,19.51323400111745,19.51870909483269,18.64816919410944,18.910973692440987,4161900.0,144936960.0
2019-02-20,18.889073317580024,19.480383438826006,18.757671068414247,19.108077066189647,3024803.0,105862904.0
2019-02-21,19.108077066189647,19.190203471918256,18.566042788380827,18.593418256957033,3363100.0,115865008.0
2019-02-22,18.708395224977085,18.83432238042762,18.489391476367462,18.741245787268525,2186865.0,74534440.0
2019-02-25,18.741245787268525,19.68296190628991,18.741245787268525,19.42015740795836,4788952.0,169165680.0
2019-02-26,19.52965928226317,20.356398433264502,19.162828003342053,19.68296190628991,6090839.0,220754608.0
2019-02-27,19.546084563408897,20.5316014321522,19.381831751951676,20.25784674639017,5536334.0,202307952.0
2019-02-28,20.03884299778055,20.33449805840354,19.589885313130818,19.945766404621455,3210528.0,116599408.0
2019-03-01,19.95671659205194,19.973141873197658,19.491333626256488,19.86363999889285,2231600.0,80273864.0
2019-03-04,20.093593934932954,20.367348620694983,19.677486812574667,20.05526827892627,4234960.0,154649776.0
2019-03-05,20.08264374750247,20.301647496112093,19.69391209372039,20.28522221496637,3897510.0,142517632.0
2019-03-06,20.203095809237762,20.679428962463696,19.819839249170926,20.48232558871503,5001733.0,184400192.0
2019-03-07,20.44399993270835,21.352865489438287,19.98409206062814,20.964133835656206,7342736.0,278644288.0
2019-03-08,20.099069028648195,20.42757465156263,19.173778190772534,19.272329877646865,4962476.0,181641808.0
2019-03-11,19.436582689104082,20.027892810350064,19.436582689104082,19.819839249170926,2947043.0,106393568.0
2019-03-12,19.880065280038572,20.591827463019847,19.75961321830328,20.43304974527787,4845423.0,179433296.0
2019-03-13,20.411149370416908,20.788930836768508,19.770563405733757,19.874590186323328,3385922.0,126019584.0
2019-03-14,19.85816490517761,20.465900307569314,19.195678565633497,19.535134375978412,2263119.0,81482456.0
2019-03-15,19.69938718743563,20.586352369304606,19.69391209372039,20.23047127781397,3641174.0,134163360.0
2019-03-18,20.23047127781397,20.942233460795244,20.093593934932954,20.794405930483745,4025552.0,152165024.0
2019-03-19,20.794405930483745,21.051735335100055,20.422099557847385,20.60825274416557,3155804.0,119266928.0
2019-03-20,20.641103306457012,21.407616426590693,20.48232558871503,21.38024095801449,5175425.0,198732800.0
2019-03-21,21.511643207180263,22.14127898443293,21.139336834543904,21.418566614021174,5959581.0,235082640.0
2019-03-22,20.367348620694983,21.440466988882136,19.98409206062814,21.325490020862087,6830679.0,257222368.0
2019-03-25,21.040785147669574,22.77638985540084,20.80535611791423,22.053677484989084,6293691.0,250449808.0
2019-03-26,22.25625595245298,22.25625595245298,20.81083121162947,21.057210428815296,3174926.0,124502296.0
2019-03-27,21.062685522530536,21.54449376947171,21.062685522530536,21.309064739716362,2423138.0,94340120.0
2019-03-28,21.243363615133475,21.314539833431603,20.641103306457012,20.783455743053267,2113790.0,80621064.0
2019-03-29,20.849156867636154,22.06462767241956,20.849156867636154,21.872999392386145,3564649.0,140466096.0
2019-04-01,22.048202391273843,23.25819810234201,22.048202391273843,22.924217385712335,4359055.0,180900768.0
2019-04-02,22.995393604010463,24.008285941329973,22.77638985540084,22.995393604010463,2829076.0,120333592.0
2019-04-03,23.26914828977249,25.29493296441151,22.77638985540084,25.29493296441151,4788017.0,214613040.0
2019-04-04,26.71845733037406,27.391893857348656,24.911676404344668,24.950002060351352,6912935.0,328076160.0
2019-04-08,25.886243085657494,27.44664479450106,25.880767991942253,26.253074364578612,7069373.0,342123264.0
2019-04-09,25.820541961074603,26.444702644612033,24.977377528927555,25.086879403232366,3672859.0,171274560.0
2019-04-10,25.37158427642488,26.198323427426207,24.44629343854922,25.45918577586873,2979210.0,137655568.0
2019-04-11,25.316833339272474,26.05597099082995,24.4572436259797,24.4572436259797,2305327.0,105657128.0
2019-04-12,24.528419844277828,25.03212846607996,24.09588744077382,24.495569281986384,1865500.0,83462984.0
2019-04-15,25.048553747225682,25.19638127753718,23.54290297553452,23.69620559956126,2584960.0,114697552.0
2019-04-16,23.54290297553452,24.254665158515795,23.022769072586666,24.188964033932912,2256803.0,97563040.0
2019-04-17,24.210864408793874,24.210864408793874,23.488152038382115,23.860458411018474,1704714.0,74153640.0
2019-04-18,23.860458411018474,23.980910472753767,23.3238992269249,23.718105974422222,1527756.0,66071124.0
2019-04-19,23.389600351507784,24.002810847614732,23.22534754005057,23.477201850951637,1199997.0,51604972.0
2019-04-22,23.477201850951637,23.69620559956126,22.628562325089344,22.68331326224175,1567900.0,65829144.0
2019-04-23,22.87494154227517,22.984443416579982,22.349332545612075,22.530010638215014,1225900.0,50771496.0
2019-04-24,22.76543966797036,22.76543966797036,22.174129546724377,22.562861200506457,1357941.0,55532588.0
2019-04-25,22.562861200506457,22.562861200506457,21.270739083709678,21.352865489438287,2713729.0,108228920.0
2019-04-26,21.024359866523852,22.163179359293892,20.99698439794765,21.801823174088014,2413836.0,96228144.0
2019-04-29,21.790872986657533,22.69426344967223,21.626620175200316,21.987976360406194,2024051.0,82098840.0
2019-04-30,21.81824845523374,22.705213637102712,21.358340583153527,22.53548573193025,1464862.0,59798416.0
2019-05-06,21.900374860962344,21.900374860962344,20.323547870973055,20.854631961351394,2211878.0,85342464.0
2019-05-07,21.068160616245777,21.336440208292565,20.25784674639017,20.580877275589366,1631890.0,62048528.0
2019-05-08,20.18667052809204,21.358340583153527,19.819839249170926,20.597302556735084,2370481.0,89411312.0
2019-05-09,20.312597683542577,20.860107055066635,19.819839249170926,20.641103306457012,1682446.0,62707668.0
2019-05-10,20.892957617358075,21.314539833431603,20.022417716634823,21.309064739716362,1768110.0,67745768.0
2019-05-13,21.352865489438287,22.05915257870432,21.29811455228588,21.407616426590693,1478320.0,58389824.0
2019-05-14,21.035310053954333,22.300056702174906,21.00793458537813,21.500693019749786,1912144.0,75924824.0
2019-05-15,21.593769612908872,22.048202391273843,21.407616426590693,21.703271487213684,952646.0,37644988.0
2019-05-16,21.56639414433267,21.57734433176315,21.139336834543904,21.330965114577324,859284.0,33452412.0
2019-05-17,21.330965114577324,21.330965114577324,20.42757465156263,20.635628212741768,730823.0,27949038.0
2019-05-20,20.586352369304606,20.969608929371446,19.71033737486611,20.72322971218562,1255244.0,46465560.0
2019-05-21,20.641103306457012,21.29263945857064,20.548026713297922,20.892957617358075,760959.0,29143718.0
2019-05-22,21.057210428815296,21.270739083709678,20.82725649277519,20.99698439794765,499200.0,19165828.0
2019-05-23,20.892957617358075,20.958658741940965,20.13191959093964,20.23594637152921,682209.0,25466432.0
2019-05-24,20.23594637152921,20.57540218187412,20.120969403509154,20.312597683542577,593700.0,22074768.0
2019-05-27,20.98211903175695,21.844553345663677,20.811901732959573,21.73107514646542,920203.0,34952232.0
2019-05-28,22.02611846438088,22.780748489049262,21.9920750046214,22.270096592657122,1225448.0,48359520.0
2019-05-29,22.275770502617036,22.854509318528127,22.173640123338608,22.258748772737295,826239.0,32678832.0
2019-05-30,22.031792374340792,22.41761825161485,21.889944625342977,22.241727042857562,721023.0,28161078.0
2019-05-31,22.145270573539047,23.48998723403834,21.861575075543414,23.433248134439214,1624074.0,65332484.0
2019-06-03,25.776572947883135,25.776572947883135,21.99774891458132,22.298466142456686,5271667.0,226191680.0
2019-06-04,20.420401945725605,21.9920750046214,20.420401945725605,21.447379648469788,3473086.0,130964176.0
2019-06-05,21.589227397467607,21.838879435703763,20.766510453280276,20.93672775207765,1011179.0,37614208.0
2019-06-06,20.914032112238,21.447379648469788,20.897010382358264,21.220423250073285,787128.0,29390358.0
2019-06-10,21.220423250073285,21.532488297868483,21.004814671596606,21.260140619792672,408941.0,15336432.0
2019-06-11,21.106945050875034,21.816183795864113,21.106945050875034,21.776466426144726,667057.0,25398830.0
2019-06-12,21.702705596665858,21.702705596665858,21.419010098670228,21.61759694726717,444099.0,16860252.0
2019-06-13,21.538162207828393,21.73107514646542,21.345249269191363,21.373618818990927,311200.0,11765168.0
2019-06-14,21.328227539311627,21.441705738509878,20.142380357689884,20.31259765648726,1170213.0,42517128.0
2019-06-17,20.323945476407086,20.369336756086387,18.360772630277314,19.518250262099492,2169076.0,72673424.0
2019-06-18,19.21185912426421,19.921097869253288,19.21185912426421,19.796271850135213,888274.0,30643684.0
2019-06-19,20.346641116246737,20.59061924452298,19.972163058892505,19.98351087881233,969600.0,34565944.0
2019-06-20,20.18777163736918,20.28990201664761,19.52959808201932,20.26720637680796,835200.0,29445900.0
2019-06-21,20.250184646928222,20.573597514643243,20.011880428611892,20.227489007088572,785823.0,28075410.0
2019-06-24,20.323945476407086,20.726793083560885,20.085641258090757,20.21046727720883,779662.0,27993100.0
2019-06-25,20.21046727720883,20.31259765648726,19.495554622259842,20.30692374652735,869000.0,30386348.0
2019-06-26,19.94946741905285,20.000532608692065,19.648750191177484,19.694141470856785,908007.0,31598448.0
2019-06-27,19.614706731418007,20.13670644772997,19.52959808201932,19.614706731418007,672584.0,23336546.0
2019-06-28,19.728184930616262,20.426075855685514,19.21185912426421,19.762228390375736,945400.0,32998056.0
2019-07-01,19.892728319453727,20.46011931544499,19.801945760095123,20.227489007088572,1198223.0,42400436.0
2019-07-02,20.034576068451543,20.23316291704848,19.58066327165853,19.7905979401753,893130.0,31184054.0
2019-07-03,19.85301094973434,19.966489148932588,19.41044597286115,19.41044597286115,530500.0,18313800.0
2019-07-04,19.68846756089687,19.8359892198546,19.121076564905607,19.3877503330215,747192.0,25731262.0
2019-07-05,19.50690244217967,19.50690244217967,19.121076564905607,19.25725040394351,617800.0,20948320.0
2019-07-08,19.22888085414395,19.25725040394351,18.519642109154866,18.627446398393207,580000.0,19166652.0
2019-07-09,18.627446398393207,18.78631587727076,18.383468270116964,18.667163768112594,362400.0,11849065.0
2019-07-10,18.672837678072508,18.837381066909977,18.496946469315215,18.496946469315215,291427.0,9587795.0
2019-07-11,18.496946469315215,19.007598365707356,18.496946469315215,18.650142038232858,421500.0,13962337.0
2019-07-12,18.65581594819277,18.797663697190586,18.445881279676,18.599076848593644,310023.0,10186910.0
2019-07-15,18.718228957751812,18.718228957751812,18.03168585260238,18.190555331479935,1043306.0,33428422.0
2019-07-16,18.145164051800634,18.42885954979626,18.13949014184072,18.287011800798446,443933.0,14282953.0
2019-07-17,18.45722909959583,19.495554622259842,18.287011800798446,19.285619953743076,1438611.0,48521944.0
2019-07-18,18.962207086028055,19.699815380816695,18.616098578473384,18.905467986428928,1003700.0,33764232.0
2019-07-19,18.967880995987965,19.285619953743076,18.769294147391022,19.075685285226303,714899.0,24034722.0
2019-07-22,18.837381066909977,19.05866355534657,18.42318563983635,18.42318563983635,776853.0,25430774.0
2019-07-23,18.411837819916528,18.593402938633734,18.179207511560108,18.383468270116964,458782.0,14884373.0
2019-07-24,18.57070729879408,19.376402513101674,18.34942481035749,19.17214175454482,1281892.0,43086604.0
2019-07-25,19.285619953743076,19.85868485969425,19.007598365707356,19.7905979401753,1592385.0,55228276.0
2019-07-26,19.847337039774423,20.31259765648726,19.50690244217967,20.18777163736918,1384585.0,48518056.0
2019-07-29,19.81329358001495,19.870032679614077,19.06433746530648,19.302641683622813,1585036.0,54102808.0
2019-07-30,19.2969677736629,19.461511162500365,19.17781566450473,19.319663413502546,853720.0,29081698.0
2019-07-31,19.353706873262023,19.393424242981414,18.87142452666945,18.877098436629364,832651.0,27972570.0
2019-08-01,18.8033376071505,19.08703310514613,18.684185497992335,18.797663697190586,672425.0,22333420.0
2019-08-02,18.082751042241593,18.650142038232858,17.30542537773356,18.44020736971609,988200.0,31978024.0
2019-08-05,18.269990070918713,18.621772488433294,17.759338174526572,17.833099004005437,966598.0,30949202.0
2019-08-06,17.594794785689107,18.145164051800634,16.95364296021898,17.140881988896094,1388200.0,42528696.0
2019-08-07,17.481316586490852,17.589120875729193,16.857186490900464,16.885556040700028,970223.0,29299960.0
2019-08-08,17.13520807893618,17.180599358615485,16.76640393154186,16.81179521122116,1006485.0,29942550.0
2019-08-09,16.340860684548414,17.050099429537493,16.340860684548414,16.8288169411009,998700.0,29619000.0
2019-08-12,16.675621372183258,16.93662123033924,16.17064338575103,16.732360471782382,842322.0,24600870.0
2019-08-13,17.010382059818102,17.282729737893913,16.624556182544044,16.726686561822472,940167.0,28018104.0
2019-08-14,16.794773481341423,17.078468979337057,16.567817082944917,16.777751751461686,612955.0,18123442.0
2019-08-15,16.346534594508324,16.772077841501773,16.210360755470422,16.681295282143168,538727.0,15662840.0
2019-08-16,16.545121443105266,17.00470814985819,16.545121443105266,16.925273410419415,711818.0,21207168.0
2019-08-19,17.118186349056444,17.566425235889543,16.97633860005863,17.566425235889543,933287.0,28521722.0
2019-08-20,17.498338316370592,18.060055402401943,17.498338316370592,17.66855561516797,1059481.0,33231740.0
2019-08-21,17.918207653404124,18.037359762562293,17.67422952512788,17.75366426456666,531839.0,16674377.0
2019-08-22,17.991968482882992,18.343750900397573,17.787707724326136,18.292685710758363,762882.0,24307018.0
2019-08-23,18.07140322232177,18.411837819916528,17.946577203203688,17.974946753003252,522351.0,16696492.0
2019-08-26,17.566425235889543,18.13949014184072,17.430251396851638,17.991968482882992,568400.0,17900144.0
2019-08-27,18.321055260557923,18.321055260557923,17.991968482882992,18.218924881279495,645700.0,20713140.0
2019-08-28,19.06433746530648,19.06433746530648,18.553685568914343,18.78631587727076,1247844.0,41258124.0
2019-08-29,19.001924455747442,19.001924455747442,18.411837819916528,18.434533459756178,705680.0,23080008.0
2019-08-30,18.638794218313034,18.87142452666945,18.315381350598013,18.3550987203174,468051.0,15285820.0
2019-09-02,18.434533459756178,19.438815522660715,18.37212045019714,19.4331416127008,1364916.0,46016456.0
2019-09-03,19.308315593582726,19.7905979401753,19.2969677736629,19.648750191177484,811373.0,27790300.0
2019-09-04,19.57498936169862,19.818967489974863,19.40477206290124,19.58066327165853,600217.0,20697110.0
2019-09-05,19.716837110696435,19.915423959293378,19.024620095587093,19.370728603141764,1310099.0,44830660.0
2019-09-06,19.376402513101674,19.444489432620628,19.14944611470517,19.313989503542636,574760.0,19555346.0
2019-09-09,19.50690244217967,19.83031530989469,19.348032963302114,19.569315451738706,690165.0,23802554.0
2019-09-10,19.745206660495995,19.7905979401753,19.48988071229993,19.643076281217567,598992.0,20741144.0
2019-09-11,19.779250120255472,19.779250120255472,19.359380783221937,19.382076423061587,540700.0,18581824.0
2019-09-12,19.55229372185897,19.55229372185897,19.14944611470517,19.291293863702986,717689.0,24433904.0
2019-09-16,19.393424242981414,19.46718507246028,19.23455476410386,19.359380783221937,550608.0,18763562.0
2019-09-17,19.3877503330215,19.3877503330215,18.73525068763155,18.769294147391022,554355.0,18527534.0
2019-09-18,18.8033376071505,19.15512002466508,18.8033376071505,19.115402654945694,680342.0,22849746.0
2019-09-19,19.2061852143043,19.2061852143043,18.752272417511282,18.8941201665091,746222.0,24917212.0
2019-09-20,18.984902725867705,20.023228248531716,18.911141896388838,19.285619953743076,1848026.0,63323592.0
2019-09-23,19.22888085414395,19.22888085414395,18.667163768112594,18.723902867711722,1178254.0,38987944.0
2019-09-24,18.814685427070323,18.984902725867705,18.706881137831985,18.78064196731085,683562.0,22738508.0
2019-09-25,18.752272417511282,18.80901151711041,18.553685568914343,18.621772488433294,474173.0,15609691.0
2019-09-26,18.621772488433294,18.76362023743111,18.088424952201507,18.145164051800634,647855.0,20899214.0
2019-09-27,18.281337890838536,18.553685568914343,17.833099004005437,18.44020736971609,477000.0,15369452.0
2019-09-30,18.33240308047775,18.50262037927513,18.218924881279495,18.241620521119145,313300.0,10127764.0
2019-10-08,18.145164051800634,18.496946469315215,18.09409886216142,18.190555331479935,334000.0,10742741.0
2019-10-09,17.980620662963165,18.979228815907792,17.901185923524388,18.928163626268578,822300.0,27046204.0
2019-10-10,19.166467844584908,19.48420680234002,18.928163626268578,19.3877503330215,1025625.0,34719248.0
2019-10-11,19.716837110696435,19.716837110696435,19.035967915506916,19.183489574464648,809584.0,27468768.0
2019-10-14,19.25725040394351,19.83031530989469,19.25725040394351,19.682793650936958,1135975.0,39391296.0
2019-10-15,19.57498936169862,20.63601052420228,19.50690244217967,20.426075855685514,2170088.0,77102672.0
2019-10-16,20.573597514643243,20.573597514643243,19.90407613937355,20.335293296326913,1236900.0,44164044.0
2019-10-17,20.255858556888136,20.482814955284642,19.977836968852415,20.085641258090757,916400.0,32552908.0
2019-10-18,20.142380357689884,21.901292445262804,19.943793509092938,21.277162349672412,2664300.0,98129936.0
2019-10-21,21.089923320995297,21.158010240514244,20.193445547329098,20.879988652478524,2577410.0,93570992.0
2019-10-22,20.760836543320362,21.33390144927154,20.318271566447176,20.874314742518614,1742139.0,63384780.0
2019-10-23,20.721119173600975,20.760836543320362,20.227489007088572,20.2388368270084,1232486.0,44370092.0
2019-10-24,20.19911945728901,20.2842281066877,19.76790230033565,20.19911945728901,724067.0,25559892.0
2019-10-25,20.250184646928222,20.664380074001848,20.02890215849163,20.386358485966127,840936.0,30239418.0
2019-10-28,20.329619386367,20.98211903175695,20.24451073696831,20.67572789392167,1381300.0,50558936.0
2019-10-29,20.67572789392167,21.220423250073285,20.516858415044116,21.03885813135608,1494229.0,55005348.0
2019-10-30,21.504118748068915,22.014770644461052,20.471467135364815,20.60764097440272,1805780.0,67463360.0
2019-10-31,20.443097585565255,20.98211903175695,19.972163058892505,20.108336897930407,1309339.0,47062596.0
2019-11-01,19.892728319453727,20.255858556888136,19.756554480415822,20.102662987970493,1022445.0,36166712.0
2019-11-04,20.096989078010584,20.397706305885954,19.7905979401753,20.255858556888136,1554492.0,55051964.0
2019-11-05,20.357988936166564,20.380684576006214,19.972163058892505,20.31259765648726,903746.0,32188700.0
2019-11-06,20.35231502620665,20.35231502620665,19.7905979401753,20.000532608692065,822471.0,28968310.0
2019-11-07,20.142380357689884,21.821857705824026,20.119684717850234,21.549510027748216,3863145.0,144198256.0
2019-11-08,21.543836117788306,22.985009247606115,21.28851016959224,21.95803154486193,3435035.0,133194536.0
2019-11-11,21.821857705824026,22.122574933699397,21.180705880353894,21.560857847668043,1951534.0,74601224.0
2019-11-12,21.464401378349528,22.128248843659307,21.33390144927154,21.424684008630138,1820146.0,69381744.0
2019-11-13,21.464401378349528,21.74809687634516,20.99346685167678,21.481423108229265,1354726.0,50966656.0
2019-11-14,21.481423108229265,22.173640123338608,21.282836259632322,21.83320552574385,1390223.0,53326452.0
2019-11-15,21.821857705824026,21.821857705824026,21.21474934011337,21.31120580943189,1094089.0,41326444.0
2019-11-18,20.97077121183713,21.29418407955215,20.63601052420228,21.140988510634507,1741224.0,64401164.0
2019-11-19,21.3622709990711,21.390640548870667,20.84594519271905,21.180705880353894,1412224.0,52616148.0
2019-11-20,21.175031970393984,21.61759694726717,20.93672775207765,21.33390144927154,2000800.0,75164704.0
2019-11-21,21.18637979031381,21.912640265182628,21.004814671596606,21.379292728950837,1527700.0,57922584.0
2019-11-22,20.99346685167678,21.38496663891075,20.8686408325587,20.9594233919173,1220863.0,45329756.0
2019-11-25,21.021836401476342,21.203401520193545,20.26153246684805,20.783532183160013,1323363.0,48234320.0
2019-11-26,20.783532183160013,21.106945050875034,20.511184505084202,20.516858415044116,748100.0,27448418.0
2019-11-27,20.550901874803593,20.766510453280276,20.301249836567436,20.482814955284642,757673.0,27356636.0
2019-11-28,20.482814955284642,20.8686408325587,20.255858556888136,20.556575784763503,546456.0,19918214.0
2019-11-29,20.56792360468333,21.078575501075466,20.426075855685514,21.05587986123582,789715.0,29004792.0
2019-12-02,21.265814529752586,21.68568386678612,21.095597230955207,21.50979265802883,1316016.0,49696068.0
2019-12-03,21.390640548870667,21.674336046866298,21.08424941103538,21.322553629351713,919000.0,34461464.0
2019-12-04,21.436031828549964,21.64029258710682,21.19205370027372,21.600575217387433,1192000.0,45235060.0
2019-12-05,21.600575217387433,21.83320552574385,21.401988368790487,21.628944767186994,1102300.0,41821788.0
2019-12-06,21.7197273265456,21.799162065984376,21.282836259632322,21.566531757627956,986700.0,37385280.0
2019-12-09,21.645966497066734,21.645966497066734,20.99346685167678,21.33957535923145,1237300.0,46395568.0
2019-12-10,21.390640548870667,21.390640548870667,20.879988652478524,20.948075571997478,1054966.0,39072880.0
2019-12-11,20.98211903175695,21.441705738509878,20.98211903175695,21.08424941103538,975173.0,36416388.0
2019-12-12,21.021836401476342,21.231771069993112,20.851619102678963,20.874314742518614,704900.0,26107290.0
2019-12-13,20.98211903175695,22.060161924140356,20.98211903175695,21.95803154486193,2446992.0,93362688.0
2019-12-16,21.952357634902015,21.9920750046214,21.623270857227084,21.95803154486193,1498456.0,57671760.0
2019-12-17,22.122574933699397,22.128248843659307,21.68568386678612,22.02611846438088,1483373.0,57166728.0
2019-12-18,21.95803154486193,22.241727042857562,21.759444696264985,22.082857563980006,1414551.0,54877680.0
2019-12-19,22.128248843659307,22.684292019730744,21.95803154486193,22.49705299105363,1914983.0,75676160.0
2019-12-20,22.45733562133424,22.809118038848826,22.287118322536863,22.51407472093337,1479600.0,58687264.0
2019-12-23,22.508400810973455,23.382182944800004,22.34385742213599,22.655922469931184,2026400.0,81917248.0
2019-12-24,22.888552778287604,22.979335337646205,22.34385742213599,22.67294419981092,1600100.0,63745584.0
2019-12-25,22.553792090652756,23.263030835641835,22.3041400524166,22.570813820532493,1741566.0,70010040.0
2019-12-26,22.66727028985101,22.66727028985101,21.906966355222714,22.338183512176073,1589501.0,62333820.0
2019-12-27,22.270096592657122,23.25168301572201,22.139596663579134,22.871531048407864,2191700.0,88494224.0
2019-12-30,23.019052707365592,23.22331346592245,22.360879152015723,22.894226688247514,1370682.0,54938032.0
2019-12-31,22.894226688247514,22.922596238047078,22.582161640452316,22.724009389450135,946189.0,37822744.0
2020-01-02,22.979335337646205,23.76233491211415,22.706987659570398,23.274378655561662,1689096.0,69064016.0
2020-01-03,23.433248134439214,23.671552352755548,23.007704887445765,23.308422115321136,983561.0,40302576.0
2020-01-06,23.177922186243148,23.518356783837906,23.036074437245333,23.12685699660393,1670700.0,68281016.0
2020-01-07,23.240335195802185,23.382182944800004,22.735357209369962,23.342465575080613,1705076.0,69443280.0
2020-01-08,23.280052565521576,23.716943632434845,23.09281353684446,23.359487304960354,1384306.0,57065916.0
2020-01-09,23.59211761331677,23.745313182234412,23.155226546403497,23.433248134439214,1029723.0,42473056.0
2020-01-10,23.433248134439214,23.660204532835724,23.206291736042708,23.586443703356856,882500.0,36402576.0
2020-01-13,23.648856712915897,23.750987092194322,23.274378655561662,23.643182802955984,1136023.0,47075468.0
2020-01-14,23.739639272274502,23.739639272274502,23.024726617325506,23.087139626884543,1325401.0,54507196.0
2020-01-15,23.09848744680437,23.518356783837906,22.979335337646205,23.177922186243148,1141192.0,46719884.0
2020-01-16,23.13820481652376,24.040356500149866,23.087139626884543,23.983617400550745,1742804.0,72240464.0
2020-01-17,23.932552210911528,24.102769509708907,23.2914003854414,23.308422115321136,1333725.0,55498456.0
2020-01-20,23.365161214920263,23.779356641993886,23.308422115321136,23.660204532835724,1183123.0,49069664.0
2020-01-21,23.819074011713273,24.210573798947248,23.37650903484009,23.45026986431895,1414283.0,58906840.0
2020-01-22,23.512682873877992,23.52970460375773,22.7523789392497,23.14955263644358,1152152.0,46968100.0
2020-01-23,23.081465716924633,23.14955263644358,20.925379932157828,22.11690102373948,1743019.0,68693048.0
2020-02-03,19.90407613937355,20.811901732959573,19.90407613937355,19.90407613937355,1321152.0,46492760.0
2020-02-04,19.892728319453727,21.260140619792672,19.892728319453727,20.902684292318177,2185970.0,79976008.0
2020-02-05,21.158010240514244,21.838879435703763,21.158010240514244,21.36794490903101,1910711.0,72349624.0
2020-02-06,21.305531899471973,22.04314019426062,21.175031970393984,21.560857847668043,1716995.0,65627116.0
2020-02-07,21.538162207828393,21.884270715383064,21.277162349672412,21.759444696264985,1791519.0,68137872.0
2020-02-10,21.782140336104636,21.78781424606455,21.464401378349528,21.74809687634516,1485113.0,56515328.0
2020-02-11,21.702705596665858,22.74670502928979,21.577879577547783,21.855901165583504,1908357.0,74265792.0
2020-02-12,21.759444696264985,22.122574933699397,21.560857847668043,21.986401094661492,1756321.0,67486464.0
2020-02-13,22.247400952817475,22.247400952817475,21.674336046866298,21.697031686705948,1811462.0,69994944.0
2020-02-14,21.63461867714691,21.844553345663677,21.140988510634507,21.50979265802883,1488676.0,56532164.0
2020-02-17,21.844553345663677,23.660204532835724,21.844553345663677,23.660204532835724,3114676.0,125976976.0
2020-02-18,24.13113905950847,24.613421406101047,23.370835124880177,24.187878159107598,3455700.0,146076928.0
2020-02-19,24.62476922602087,24.789312614858336,24.057378230029606,24.312704178225676,2234955.0,96009200.0
2020-02-20,24.397812827624364,25.163790672212574,24.204899888987335,24.73257351525921,2243909.0,97919176.0
2020-02-21,24.93116036385615,25.907072876961127,24.692856145539825,25.470181810047855,2726102.0,121727024.0
2020-02-24,25.368051430769427,27.081572238663043,25.107051572613447,26.576594252230823,3281032.0,151457552.0
2020-02-25,26.168072735117107,28.068832571687846,26.168072735117107,27.853223993211166,3609824.0,173884208.0
2020-02-26,27.853223993211166,28.369549799563217,27.121289608382433,27.51846330557632,2877429.0,140344768.0
2020-02-27,28.063158661727932,29.39085359234749,27.592224135055183,29.005027715073428,3988105.0,202023152.0
2020-02-28,28.653245297558847,30.128461887136137,27.81350662349178,28.653245297558847,3768612.0,193467696.0
2020-03-02,28.727006127037715,31.51856982731473,28.727006127037715,31.422113357996217,2893397.0,155250880.0
2020-03-03,31.773895775510802,32.34128677150206,30.383787835332203,31.55828719703412,3098391.0,169879536.0
2020-03-04,31.007917930922595,32.318591131662416,30.52563558433002,31.915743524508617,1761043.0,97664640.0
2020-03-05,32.17106947270469,32.17106947270469,30.712874613007138,30.922809281523904,2570287.0,141253408.0
2020-03-06,30.951178831323467,32.05759127350643,30.434853024971417,31.206504779519538,2071312.0,114331168.0
2020-03-09,30.922809281523904,32.000852173907305,30.468896484730895,30.468896484730895,1928816.0,105973960.0
2020-03-10,30.815004992285566,32.329938951582236,30.043353237737445,32.21078684242408,3105443.0,171704272.0
2020-03-11,32.21078684242408,33.64628606228197,31.501548097434995,32.55122144001883,2042744.0,118153736.0
2020-03-12,31.887373974709057,32.34128677150206,29.90150548873963,30.639113783528273,2767435.0,150157728.0
2020-03-13,28.511397548561032,30.820678902245476,28.50572363860112,30.122787977176223,2078123.0,110216392.0
2020-03-16,30.605070323768796,30.911461461604077,28.397919349362777,28.397919349362777,2223011.0,116015416.0
2020-03-17,29.158223283991074,29.725614279982338,27.830528353371513,28.766723496757102,1950153.0,99025400.0
2020-03-18,29.27737539314924,29.958244588338754,28.307136790004176,28.44898453900199,1766354.0,91058904.0
2020-03-19,28.074506481647756,29.22063629355011,27.422006836257804,27.8702457230909,2780106.0,137723248.0
2020-03-20,28.352528069683476,29.60078826086426,28.023441292008545,29.2149623835902,2007501.0,102383736.0
2020-03-23,28.772397406717012,29.17524501387081,26.865963660186367,26.979441859384615,1978223.0,97612400.0
2020-03-24,27.575202405175446,28.21068032068566,26.951072309585054,28.023441292008545,1651950.0,80358512.0
2020-03-25,28.778071316676925,29.373831862467753,28.12557167128697,29.050418994752732,1902828.0,96226944.0
2020-03-26,29.02204944495317,29.617809990743996,28.59083228799981,28.840484326235963,1938768.0,99034408.0
2020-03-27,29.510005701505655,30.10009233733657,28.93694079555448,29.141201554111333,1386477.0,71981776.0
2020-03-30,29.385179682387577,29.856114209060326,27.71705015417326,27.83620226333143,2042600.0,102900888.0
2020-03-31,27.926984822690027,28.56813664816016,27.575202405175446,28.42628889916234,1413708.0,70189624.0
2020-04-01,28.483027998761468,29.39085359234749,28.25607160036496,28.42628889916234,1117009.0,56273388.0
2020-04-02,27.926984822690027,29.504331791545745,27.575202405175446,29.24333193338976,1800399.0,90231136.0
2020-04-03,29.453266601906527,32.16539556274477,29.3057449429488,32.16539556274477,4931941.0,273073472.0
2020-04-07,33.15265589576957,34.962633172981704,32.25617812210338,34.440633456669744,4012338.0,238582896.0
2020-04-08,34.344176987351226,35.093133102059696,33.85054682083883,34.90022016342267,2175374.0,132161576.0
2020-04-09,34.97965490286144,35.087459192099786,33.48174267344451,34.70730722478564,2035037.0,122498624.0
2020-04-10,34.42361172679001,35.518676349053145,33.691677341961274,33.98672065987673,2024923.0,123388688.0
2020-04-13,34.293111797712015,35.14987220165882,33.362590564286336,34.7810680542645,1755787.0,106984648.0
2020-04-14,34.77539414430459,35.802371847048775,34.383894357070616,35.26902431081699,1636305.0,101275424.0
2020-04-15,35.29171995065664,35.518676349053145,33.47606876348459,33.72572080172075,2303637.0,139122944.0
2020-04-16,33.81082945111944,34.242046608072805,33.23209063520835,33.918633740357784,1517900.0,90506152.0
2020-04-17,34.105872769034896,34.531416016028345,33.48174267344451,33.80515554115953,1282420.0,76983256.0
2020-04-20,34.32715525747149,35.15554611161873,33.7030251618811,33.87324246067848,1713620.0,103535272.0
2020-04-21,34.202329238353414,34.208003148313324,33.20372108540879,33.583873052722936,1350500.0,80214632.0
2020-04-22,34.202329238353414,34.83780715386363,33.504438313284155,34.43495954670983,1621200.0,98008352.0
2020-04-23,34.66758985506625,35.72861101756991,34.08317712919525,34.55411165586799,1666567.0,101747416.0
2020-04-24,35.29171995065664,37.87902289237681,33.65195997224189,37.44213182546353,4071469.0,257990496.0
2020-04-27,37.70313168361952,38.3726530588892,36.86339300955244,38.003848911494885,2722678.0,180181888.0
2020-04-28,37.66341431390012,37.94710981189576,36.29032810360127,37.79391424297811,2149595.0,141301904.0
2020-04-29,37.305957986425625,38.281870499530605,37.107371137828686,37.822283792777675,1271053.0,84508904.0
2020-04-30,38.01519673141471,39.16132654331706,36.313023743440915,36.551327961757245,2429817.0,159480752.0
2020-05-06,36.20521945420258,37.249218886826505,36.20521945420258,36.85771909959252,1844290.0,119673456.0
2020-05-07,37.16411023742781,39.97836957754448,36.92013210915157,39.830847918586755,2517169.0,171096704.0
2020-05-08,39.57552197039068,40.28476071537977,38.888978865241256,39.842195738506575,1776857.0,124275208.0
2020-05-11,39.79680445882728,41.98125979339364,39.547152420591125,41.98125979339364,2652588.0,189875728.0
2020-05-12,41.98693370335356,43.91606308972386,41.58976000615967,43.4848459327705,2272495.0,170204160.0
2020-05-13,43.68910669132735,45.05084508170639,42.84369410730037,44.82388868330988,1521063.0,118108136.0
2020-05-14,44.818214773349965,45.33454057970202,43.18412870489512,43.774215340726045,1414510.0,109945688.0
2020-05-15,44.12599775824062,44.36997588651687,42.4975855997457,43.46215029293084,1720785.0,131176664.0
2020-05-18,43.91606308972386,45.36858403946149,42.82667237742063,44.999779892067174,1210277.0,95076632.0
2020-05-19,44.761475673750844,46.25371399320786,44.26784550723844,45.44801877890027,1254998.0,100058272.0
2020-05-20,45.90760548565319,47.490626364468824,44.92601906258831,45.63525780757739,1595687.0,129225256.0
2020-05-21,45.91895330557303,46.73032242984053,44.27351941719835,45.328866669742105,1520406.0,121711336.0
2020-05-22,46.19130098364882,46.35017046252638,44.630975744672845,45.09623636138569,1563599.0,124933856.0
2020-05-25,45.16999719086455,47.67786539314594,44.69338875423189,47.65516975330629,1762124.0,143625136.0
2020-05-26,47.39984380511022,47.8424087819834,45.81682292629459,47.592756743747245,2597497.0,214276848.0
2020-05-27,47.93319134134201,50.299211794625585,47.28069169595205,48.9601690440862,1947485.0,167324560.0
2020-05-28,48.9601690440862,52.086493431998065,48.5119301572531,50.88929843045649,2165151.0,192718608.0
2020-05-29,50.88929843045649,52.25671073079544,50.40701608386392,51.74605883440331,1453282.0,131744704.0
2020-06-01,51.79145011408261,54.18584011716574,50.52616819302209,53.61844912117448,2294458.0,210337840.0
2020-06-02,53.61844912117448,54.583013814359624,48.25660420905703,49.48216876039815,4472478.0,400696256.0
2020-06-03,48.34171285845572,52.58012359851046,48.34171285845572,51.065189639213784,3127483.0,281496704.0
2020-06-04,52.17227829945231,52.520054846276786,50.763783284813165,52.224444781475974,1409125.0,126067536.0
2020-06-05,51.90564961355354,54.148808340571435,51.389781069097225,53.38369993755757,1951120.0,177998976.0
2020-06-08,53.89956848201388,54.25314130461877,52.514258570496374,53.209811664145334,1641035.0,151289264.0
2020-06-09,53.209811664145334,54.699454539710196,52.65916546500657,53.615550968773896,2010459.0,187046768.0
2020-06-10,54.131419513230206,55.62106238879506,53.325737179753496,54.195178546814695,1854555.0,174210464.0
2020-06-11,54.838565158439984,55.23271191150773,51.73755761592171,52.34037029708414,2124045.0,194388880.0
2020-06-12,51.49991030892498,53.5401993836286,51.23907789880663,53.099682424317585,1586400.0,144597344.0
2020-06-15,55.81813576532893,57.96275780407989,51.70857623701966,52.166482023671904,3722152.0,340991168.0
2020-06-16,52.30559264240169,57.371537674478276,51.85348313152986,56.97739092141053,3444238.0,329358016.0
2020-06-17,56.80350264799829,57.67294401505949,55.226915635727316,57.319371192454604,2411840.0,234924112.0
2020-06-18,57.319371192454604,57.45848181118439,52.6765542923478,53.789439242186134,3505248.0,325563040.0
2020-06-19,53.96332751559837,55.59208100989302,52.746109601712696,55.464562942724044,1941565.0,182735744.0
2020-06-22,55.423989012261195,56.351393137126465,54.484992335835095,55.980431487180354,1598535.0,153376352.0
2020-06-23,56.223875069957494,59.2785124062325,55.986227762960766,59.058253926577,2041150.0,203773120.0
2020-06-24,60.08419473970921,60.53630425058103,58.10766469859009,59.817566053810445,1299441.0,133303144.0
2020-06-29,59.82336232959085,60.976821209892044,58.25257159310029,59.28430868201291,1227054.0,125003680.0
2020-06-30,60.0030468787835,60.39139735607083,58.919143307847214,60.2928606678039,1069387.0,110005608.0
2020-07-01,60.74497017867572,60.84930314272307,57.09331643701869,58.4786263485362,2097347.0,210897536.0
2020-07-02,57.9685540798603,58.177220007954986,55.980431487180354,56.2354676215183,2208555.0,216323408.0
2020-07-03,56.565855341001566,56.79770637221788,54.5603439209804,55.73698790440322,2059704.0,197521376.0
2020-07-06,56.16591231215342,56.838280302680744,54.82117633109876,55.644247491916694,2536053.0,243611968.0
2020-07-07,55.62106238879506,56.68178085660973,54.78639867641631,55.41239646070037,2674571.0,257091024.0
2020-07-08,55.499340597406494,56.936816990947676,54.079253031206534,55.024045983413046,2383404.0,226183920.0
2020-07-09,57.26720471043093,60.52471169902022,56.79770637221788,60.52471169902022,3051394.0,311959840.0
2020-07-10,61.736133337125494,66.57602361376617,60.87828452162511,66.57602361376617,2781766.0,309516512.0
2020-07-13,70.54067624756523,70.59863900536931,63.17940600644708,65.49791631861028,3711707.0,421315648.0
2020-07-14,66.36735768567148,66.65717147469188,61.086950449719794,62.252001881581805,3092668.0,334249568.0
2020-07-15,62.698315116673214,64.45458667813683,61.61441154573692,62.59977842840628,2119604.0,230507728.0
2020-07-16,63.17360973066667,63.95031068524134,60.83771059116225,62.36792739718996,2708751.0,292282848.0
2020-07-17,61.32459775671652,66.58761616532698,60.69859997243246,65.50371259439069,2316415.0,255261328.0
2020-07-20,66.65717147469188,66.66296775047229,62.704111392453626,64.91828874056948,1705679.0,190347056.0
2020-07-21,64.48356805703888,67.75266759718899,63.93292185790012,66.65717147469188,2146425.0,245540992.0
2020-07-22,66.87163367856697,68.71484937673671,65.26606528739396,67.55559422065511,1520770.0,176077680.0
2020-07-23,66.50646830440127,70.14073321871707,66.10072899977271,69.32925460945995,1439428.0,169742816.0
2020-07-24,68.97568178685506,70.47112093820033,66.66876402625269,68.66268289471303,1729439.0,204637440.0
2020-07-27,70.03060397888932,72.12885581139702,63.87495910009604,65.32402804519803,2463000.0,286808736.0
2020-07-28,65.4399535608062,66.19346941225923,63.938718133680524,65.32982432097845,1616850.0,181040256.0
2020-07-29,65.49791631861028,70.55806507490645,64.04305109772787,70.32041776790972,1698087.0,200375264.0
2020-07-30,70.71456452097746,72.1172632598362,69.06262592356119,71.4622840966501,1548815.0,189879472.0
2020-07-31,71.29419209901826,72.68529828631618,69.72919763830811,72.56357649492762,1261191.0,155824080.0
2020-08-03,73.91410875176267,74.18073743766145,70.13493694293666,72.10567070827538,1384356.0,170330624.0
2020-08-04,72.256373878566,77.5541699418589,72.256373878566,75.90223134444261,1616478.0,210482960.0
2020-08-05,74.85890170396918,81.82022891623917,73.68225772054636,79.69879198060985,1518570.0,204055216.0
2020-08-06,80.4523078320629,85.63997465552804,79.23508991817721,83.11279841527015,1799160.0,254262032.0
2020-08-07,82.37087511537794,82.81139207468894,74.8009389461651,77.6353178027846,3268228.0,438169024.0
2020-08-10,77.03250512162218,80.42912272894125,77.03250512162218,79.70458825639025,1681390.0,228894000.0
2020-08-11,79.13075695412986,84.70097797910194,79.13075695412986,82.88674365983424,2108149.0,299738080.0
2020-08-12,83.71561109643258,84.52129342990929,78.82935061354866,82.48100435520568,2465560.0,350338624.0
2020-08-13,83.03744683012485,85.64577093130843,80.90441734293472,85.32117948760559,1552857.0,222762784.0
2020-08-14,84.91544018297704,89.54666453152302,84.33581260493624,86.36450912807904,1491930.0,223439104.0
2020-08-17,86.01673258125456,86.7006931233427,83.46057496209464,85.20525397199744,1539185.0,226181248.0
2020-08-18,85.20525397199744,90.87980796101685,84.50970087834848,90.65375320558095,1967771.0,303078080.0
2020-08-19,90.45667982904708,93.0881890333523,90.02775542129687,90.13788466112463,1466715.0,230624464.0
2020-08-20,88.68301944024223,91.72606422495643,88.48594606370835,89.54086825574261,1809292.0,281403328.0
2020-08-21,88.64824178555978,92.56652421311557,88.61926040665773,92.13180352958497,1560289.0,244394064.0
2020-08-24,92.21874766629111,93.26207730676454,88.97283322926263,91.81880463744295,1247597.0,196311376.0
2020-08-25,91.46523181483808,91.58115733044623,86.94993298190023,89.26264701828303,2161449.0,333071296.0
2020-08-26,89.36697998233038,92.16078490848703,89.26844329406343,90.42190217436463,1158298.0,181246240.0
2020-08-27,90.74649361806748,90.88560423679728,87.51796800838024,89.83647832054342,1017495.0,157040864.0
2020-08-28,90.20743997048953,91.65071263981112,89.03079598706671,89.90023735412791,1053909.0,163536976.0
2020-08-31,90.24221762517197,90.98993720084461,87.23395049514023,89.72634908071568,1220795.0,187629136.0
2020-09-01,89.06557364174915,91.16382547425685,88.57289020041448,89.72055280493525,1112326.0,172168496.0
2020-09-02,90.70012341182421,93.03022627554822,89.19309170891813,90.62477182667891,1533260.0,239977152.0
2020-09-03,89.84227459632383,89.84227459632383,82.13902408416162,83.68083344175014,2329455.0,343762656.0
2020-09-04,80.49867803830615,80.49867803830615,75.93121272334466,79.0032388869609,2131735.0,288081888.0
2020-09-07,78.30188951753152,80.29001211021146,76.51663657716585,77.38028166844666,1763541.0,237795440.0
2020-09-08,76.50504402560505,77.59474387232176,72.65631690741414,74.08799702517491,1766399.0,227130976.0
2020-09-09,72.56937277070803,72.59255787382965,68.68586799783466,69.55530936489586,2194305.0,265923824.0
2020-09-10,71.16667403184928,71.49126547555214,67.79324152765183,67.79903780343224,1525729.0,183147072.0
2020-09-11,67.8338154581147,70.24506618276442,67.57298304799633,69.55530936489586,2364089.0,280489024.0
2020-09-14,70.13493694293666,72.9113530417521,69.6480497773824,72.13465208717743,1327704.0,162976128.0
2020-09-15,72.10567070827538,72.96351952377576,70.7435458998795,72.96351952377576,1163612.0,144370576.0
2020-09-16,72.24478132700517,73.56053592915778,71.43909899352846,71.64196864584274,1005831.0,125625392.0
2020-09-17,72.07089305359294,72.45344725509986,69.32345833367954,70.70876824519705,1345812.0,163680704.0
2020-09-18,70.59863900536931,73.29390724325903,70.19869597652115,72.71427966521823,1247829.0,155128480.0
2020-09-21,75.47330693669242,75.71675051946956,70.42475073195706,72.56357649492762,1148185.0,142165696.0
2020-09-22,71.93178243486314,74.47634750246226,70.8884527943897,72.16942974185987,993286.0,124395208.0
2020-09-23,72.28535525746803,73.85034971817818,70.77832355456195,73.4909806197929,999342.0,125059368.0
2020-09-24,74.16334861032023,74.16334861032023,67.30055808631715,67.6135569784592,1790293.0,214426768.0
2020-09-25,68.45981324239875,70.13493694293666,66.72093050827637,67.01074429729675,1099000.0,129015752.0
2020-09-28,67.53240911753348,70.06538163357177,66.58181988954657,68.79020096188202,1498296.0,177167920.0
2020-09-29,69.74658646564933,71.58400588803866,68.62790524003059,70.65660176317338,1169984.0,141377504.0
2020-09-30,70.51169486866318,72.22159622388354,69.26549557587546,69.2828844032167,1069819.0,129772424.0
2020-10-09,71.0971187224844,73.29970351903943,69.68282743206484,71.95496753798477,1504396.0,186097408.0
2020-10-12,72.27955898168763,72.27955898168763,69.13218123292609,69.20753281807139,2422877.0,293347168.0
2020-10-13,69.55530936489586,75.05597508050306,68.74383075563874,73.9372938548843,2367110.0,295591712.0
2020-10-14,74.01844171581003,74.23870019546553,71.60139471537988,73.61270241118146,1348400.0,169605824.0
2020-10-15,73.27072214013738,74.96323466801653,72.0477079504713,72.45344725509986,815450.0,103020248.0
2020-10-16,72.74326104412026,73.09683386672515,70.62182410849094,72.21000367232273,837606.0,103675936.0
2020-10-19,72.85339028394802,72.96351952377576,70.58704645380848,70.78991610612276,855234.0,105291064.0
2020-10-20,71.21304423809255,71.21304423809255,69.31186578211873,70.83049003658563,560500.0,68035472.0
2020-10-21,70.83049003658563,71.41011761462643,68.41923931193591,68.8481637196861,861087.0,102944768.0
2020-10-22,67.3237431894388,68.67427544627385,64.5763084695254,67.09189215822248,1349501.0,154174432.0
2020-10-23,67.23679905273268,67.79324152765183,64.91249246478907,65.10376956554252,501941.0,57312000.0
2020-10-26,64.92408501634989,67.30055808631715,62.976536354132804,66.5296534075229,672155.0,76310200.0
2020-10-27,67.33533574099961,67.33533574099961,65.31243549363722,66.65717147469188,460654.0,52567796.0
2020-10-28,66.4543018223776,67.20781767383063,63.747441032927064,66.36735768567148,1545916.0,176595072.0
2020-10-29,65.70658224670497,67.6889085636045,64.91828874056948,66.81367092076289,554000.0,63903660.0
2020-10-30,67.74687132140858,67.88018566435795,63.30692407361605,63.47501607124789,953611.0,107012064.0
2020-11-02,62.02015085036548,63.9908846157042,61.255042447351634,63.29533152205524,868936.0,94610248.0
2020-11-03,63.28953524627483,65.1501397717858,61.83467002539243,62.83742573540301,827959.0,89255392.0
2020-11-04,62.54761194638261,69.12058868136526,62.30996463938588,69.12058868136526,1853326.0,214349616.0
2020-11-05,70.13493694293666,70.45373211085911,67.96133352528368,69.25969930009505,2354309.0,280498848.0
2020-11-06,70.01901142732851,70.01901142732851,64.6458637788903,66.019581138847,1957796.0,224232528.0
2020-11-09,66.84844857544533,70.47112093820033,65.52110142173191,68.39605420881426,1535278.0,181279376.0
2020-11-10,69.05682964778079,70.07697418513258,67.70629739094572,68.3380914510102,814817.0,96061792.0
2020-11-11,67.77005642453021,69.68282743206484,66.99915174573594,67.51502029019225,812298.0,95454936.0
2020-11-12,67.58457559955716,70.71456452097746,67.22520650117185,68.90612647749018,1175219.0,139504800.0
2020-11-13,68.51197972442243,68.51197972442243,66.15869175757679,66.48328320127963,667953.0,77154800.0
2020-11-16,65.37619452722171,66.744115611398,63.75903358448788,66.68035657781351,809198.0,91350360.0
2020-11-17,66.48328320127963,67.16724374336778,65.49791631861028,66.07754389665108,571451.0,65409280.0
2020-11-18,66.23404334272209,67.72948249406734,65.4399535608062,66.34417258254983,775409.0,89242368.0
2020-11-19,65.86308169277598,71.58400588803866,65.38199080300211,70.50589859288277,1596976.0,190039808.0
2020-11-20,70.50589859288277,72.08248560515375,68.54096110332446,69.22492164541262,916232.0,110718896.0
2020-11-23,70.13493694293666,70.13493694293666,67.82801918233429,68.77281213454079,1054259.0,124582760.0
2020-11-24,69.25390302431465,70.81310120924441,67.84540800967551,70.65660176317338,951911.0,114633608.0
2020-11-25,70.78991610612276,70.8884527943897,68.56994248222651,69.09160730246323,683613.0,81973256.0
2020-11-26,69.08581102668282,69.37562481570322,67.468650083949,68.57573875800692,901164.0,105844424.0
2020-11-27,69.43938384928771,71.07972989514316,67.93814842216203,69.15536633604772,546820.0,65454532.0
2020-11-30,68.97568178685506,69.47995777975056,66.39054278879311,68.39605420881426,1219168.0,141873424.0
2020-12-01,67.3295394652192,72.45344725509986,66.86004112700616,71.69993140364683,1456686.0,178658720.0
2020-12-02,71.81585691925498,75.21247452657406,71.0971187224844,75.12553038986795,1001064.0,126529472.0
2020-12-03,74.77195756726306,78.75979530418375,74.37781081419531,77.95990924648746,1215342.0,161782176.0
2020-12-04,77.64111407856501,78.96846123227844,76.80065409040586,77.38028166844666,672456.0,90174888.0
2020-12-07,78.24972303550786,78.3598522753356,73.74601675413085,74.23870019546553,1029571.0,133594896.0
2020-12-08,75.17769687189161,75.35158514530386,73.76340558147207,74.13436723141818,548535.0,70501032.0
2020-12-09,74.49373632980348,74.71399480945898,72.74326104412026,73.03307483314066,620452.0,78597400.0
2020-12-10,72.45344725509986,73.03307483314066,71.45648782086968,72.07668932937334,631242.0,78650632.0
2020-12-11,70.99278575843705,71.35215485682234,69.26549557587546,69.68282743206484,767287.0,92576160.0
2020-12-14,69.67123488050403,72.45344725509986,69.19014399073016,71.07393361936276,406338.0,49759468.0
2020-12-15,71.61878354272112,72.36650311839374,70.1581220460583,71.36954368416356,292996.0,36088296.0
2020-12-16,71.57820961225825,73.84455344239778,71.38113623572438,72.85339028394802,623670.0,78319432.0
2020-12-17,72.80702007770475,73.74601675413085,69.55530936489586,71.39272878728521,846232.0,103779952.0
2020-12-18,71.0971187224844,72.10567070827538,70.72615707253829,71.1724703076297,381318.0,46814172.0
2020-12-21,70.98698948265664,71.64196864584274,70.5174911444436,70.73195334831868,327000.0,39966500.0
2020-12-22,70.82469376080522,77.07887532786543,70.19869597652115,74.78355011882388,1092208.0,140005440.0
2020-12-23,75.54286224605733,76.42969244045975,72.73746476833985,73.76340558147207,613864.0,78524648.0
2020-12-24,73.87353482129983,73.87353482129983,71.95496753798477,72.1926148449815,356199.0,44644484.0
2020-12-25,72.05350422625172,75.22406707813488,71.52604313023458,74.82992032506714,579324.0,73382352.0
2020-12-28,75.8152872077365,76.49924774982463,74.31405178061082,75.9601941022467,554803.0,72359520.0
2020-12-29,75.98917548114873,77.24696732549728,73.4967768955733,73.85614599395859,488409.0,63543288.0
2020-12-30,73.09103759094474,75.2356596296957,72.30274408480925,73.67066516898554,664711.0,84229368.0
2020-12-31,73.60110985962065,77.09046787942626,73.12581524562718,75.92541644756426,610726.0,79220448.0
2021-01-04,75.92541644756426,78.2902969659707,74.19232998922226,77.44983697781156,871365.0,113921200.0
2021-01-05,77.28174498017972,78.5743144792107,75.55445479761813,76.52822912872668,1140844.0,151660192.0
2021-01-06,76.3253594764124,77.08467160364584,74.44736612356022,75.06756763206386,773258.0,100620648.0
2021-01-07,74.19232998922226,74.76616129148266,71.87381967705906,72.47083608244108,1031308.0,129997096.0
2021-01-08,71.87381967705906,72.96931579955617,70.14073321871707,70.58125017802809,946098.0,115928384.0
2021-01-11,70.54067624756523,71.2420256169946,69.03364454465914,70.28564011322727,959514.0,115834248.0
2021-01-12,70.26825128588605,70.28564011322727,67.91496331904041,68.8481637196861,1048358.0,124201512.0
2021-01-13,68.65109034315222,72.14624463873824,68.07725904089183,70.55226879912604,1081013.0,131123488.0
2021-01-14,70.13493694293666,73.91990502754308,70.13493694293666,72.49402118556272,1048277.0,130748584.0
2021-01-15,72.67370573475536,72.67370573475536,69.09160730246323,70.52328742022401,809827.0,98149712.0
2021-01-18,70.42475073195706,75.59502872808099,70.13493694293666,75.35158514530386,1385084.0,177644000.0
2021-01-19,75.02699370160101,76.9745423638181,74.19232998922226,76.08771216941568,901874.0,117648488.0
2021-01-20,76.9107833302336,79.11336812678864,75.91962017178383,77.86716883400092,1029594.0,138241376.0
2021-01-21,78.82935061354866,79.04960909320415,76.80065409040586,77.22957849815604,868857.0,116342744.0
2021-01-22,78.00627945273072,80.9623801007388,76.51663657716585,80.57982589923186,1423475.0,194030448.0
2021-01-25,80.56823334767104,84.50970087834848,79.70458825639025,81.00875030698205,1448700.0,205981952.0
2021-01-26,81.05512051322532,84.10396157371991,80.11612383679922,82.33030118491507,1200658.0,170897408.0
2021-01-27,81.0435279616645,82.30711608179344,78.2902969659707,81.54780395456,959849.0,133869016.0
2021-01-28,81.48404492097552,83.71561109643258,78.84673944088988,79.42636701893068,707700.0,99070472.0
2021-01-29,79.42636701893068,82.30711608179344,78.04685338319358,79.09597929944742,869863.0,120260856.0
2021-02-01,79.09597929944742,83.58229675348319,79.09597929944742,83.52433399567911,995319.0,141485568.0
2021-02-02,85.36175341806846,85.36175341806846,81.72748850375264,82.28393097867182,891466.0,127760248.0
2021-02-03,80.81167693044817,85.67475231021048,80.81167693044817,84.81110721892969,809315.0,117880376.0
2021-02-04,84.6604040486391,85.6863448617713,82.59692987081384,83.92427702452727,778050.0,112622600.0
2021-02-05,83.92427702452727,84.26625729557134,80.56823334767104,81.29276782022204,621843.0,88269128.0
2021-02-08,80.80008437888736,82.01150601699264,78.82935061354866,79.93064301182618,756300.0,104419944.0
2021-02-09,79.93064301182618,83.4315935831926,79.93064301182618,82.88674365983424,873100.0,124136872.0
2021-02-10,82.3476900122563,83.57070420192238,80.92180617027594,82.77081814422608,580049.0,82435072.0
2021-02-18,84.04599881591584,85.46608638211579,81.26378644132,84.91544018297704,854730.0,124234536.0
2021-02-19,84.70677425488235,85.2516241782407,77.67009545746706,81.72748850375264,1042607.0,145801216.0
2021-02-22,82.2027831177461,82.30711608179344,75.91962017178383,75.91962017178383,957582.0,129097864.0
2021-02-23,75.91962017178383,77.09046787942626,74.02423799159043,74.71399480945898,742308.0,96525208.0
2021-02-24,74.71399480945898,75.43273300622955,72.78963125036353,73.09103759094474,705578.0,89558344.0
2021-02-25,73.91990502754308,74.19232998922226,71.29419209901826,71.43330271774805,786145.0,98067416.0
2021-02-26,71.29419209901826,72.74326104412026,70.19289970074074,70.2972326647881,908154.0,112017808.0
2021-03-01,70.2972326647881,71.4680803724305,69.55530936489586,70.71456452097746,622350.0,75857968.0
2021-03-02,71.29419209901826,71.71732023098805,68.28012869320611,70.08856673669341,907037.0,108839312.0
2021-03-03,69.55530936489586,69.55530936489586,67.87438938857754,68.45401696661834,830884.0,98073248.0
2021-03-04,67.92655587060122,68.30331379632774,64.74440046715723,65.02262170461682,1066092.0,121029584.0
2021-03-05,65.39358335456292,68.03668511042898,65.39358335456292,67.6889085636045,1051560.0,121116896.0
2021-03-08,68.03668511042898,68.85975627124691,64.40242019611317,64.91828874056948,742900.0,84430328.0
2021-03-09,64.91828874056948,65.55587907641436,62.90118476898749,64.31547605940705,552203.0,61127500.0
2021-03-10,65.20810252958988,66.36156140989107,63.75903358448788,64.39662392033276,938085.0,104899872.0
2021-03-11,64.39662392033276,65.60224928265762,63.556163932173604,64.1415877859948,722502.0,80339784.0
2021-03-12,64.73860419137682,65.26026901161354,63.81699634229196,64.11260640709277,718917.0,79603264.0
2021-03-15,63.75903358448788,64.8603259827654,61.0173951403549,61.28982010203407,701831.0,75721432.0
2021-03-16,62.025947126145894,62.48385291279812,60.866691970064295,61.62020782151733,577000.0,61292132.0
2021-03-17,62.59398215262587,62.767870426038115,60.350823425607985,61.68976313088223,383100.0,40746024.0
2021-03-18,61.90422533475732,63.17940600644708,61.446319548105095,62.00276202302426,458800.0,49114696.0
2021-03-19,65.89785934745842,68.20477710806081,65.49791631861028,68.20477710806081,2222362.0,259904832.0
2021-03-22,68.45401696661834,68.96988551107465,65.60224928265762,66.69774540515472,1381789.0,159518240.0
2021-03-23,66.36735768567148,68.30331379632774,65.26606528739396,65.38199080300211,1113890.0,128081736.0
2021-03-24,64.62847495154908,66.57602361376617,64.40821647189358,64.55891964218418,637516.0,71521896.0
2021-03-25,64.07203247662991,66.94118898793187,63.77062613604869,66.18767313647882,710800.0,80686008.0
2021-03-26,66.44270927081678,72.44765097931945,66.44270927081678,71.35795113260275,1550277.0,188074256.0
2021-03-29,72.43026215197823,75.35158514530386,71.52604313023458,74.53431026026634,1070907.0,136367248.0
2021-03-30,74.42418102043858,75.34578886952346,73.61270241118146,74.82992032506714,654000.0,84290872.0
2021-03-31,73.03307483314066,75.11973411408754,70.26825128588605,70.71456452097746,1592612.0,197406576.0
2021-04-01,71.4680803724305,73.3460737252827,70.71456452097746,72.16363346607946,999144.0,124130768.0
2021-04-02,71.87381967705906,73.03307483314066,71.58400588803866,72.16363346607946,1036321.0,129051488.0
2021-04-06,73.03887110892107,73.61270241118146,70.90584162173093,71.47967292399132,648433.0,80301000.0
2021-04-07,71.62457981850152,72.06509677781253,69.27708812743629,71.50285802711295,907460.0,110222256.0
2021-04-08,71.10291499826481,73.54314710181656,70.26245501010564,71.87381967705906,1181163.0,146472000.0
2021-04-09,72.95192697221495,72.95192697221495,70.11175183981503,71.89120850440028,582600.0,71490456.0
2021-04-12,71.51445057867376,71.89120850440028,67.81642663077348,68.39605420881426,592074.0,70757536.0
2021-04-13,68.42503558771631,72.67370573475536,68.39605420881426,71.57820961225825,1055490.0,129677520.0
2021-04-14,70.71456452097746,72.9171493175325,70.71456452097746,72.49402118556272,609782.0,76230648.0
2021-04-15,72.45344725509986,74.19232998922226,72.412873324637,74.01264544002962,710857.0,90262296.0
2021-04-16,73.90251620020186,74.91106818599286,71.77528298879213,71.85063457393743,525900.0,65877264.0
2021-04-19,71.64776492162315,72.4766323582215,70.48850976554155,71.20724796231214,1031960.0,126224080.0
2021-04-20,71.16667403184928,74.14595978297899,70.81310120924441,71.76948671301172,672536.0,84167552.0
2021-04-21,71.78687554035294,72.44765097931945,70.32621404369013,70.48850976554155,465700.0,57056112.0
2021-04-22,70.59863900536931,72.01872657156926,69.61327212269994,70.16971459761912,595323.0,72589912.0
2021-04-23,70.01901142732851,70.96960065531542,69.38721736726403,70.00162259998729,480860.0,58053688.0
2021-04-26,70.13493694293666,71.22463678965336,69.27129185165587,69.32345833367954,400628.0,48336640.0
2021-04-27,69.32925460945995,70.65080548739297,68.66847917049344,70.05378908201095,372471.0,44831340.0
2021-04-28,70.13493694293666,70.69137941785583,68.85975627124691,69.94365984218321,524038.0,62959516.0
2021-04-29,70.42475073195706,70.71456452097746,69.09160730246323,69.55530936489586,456568.0,54960476.0
2021-04-30,69.40460619460525,70.30882521634891,68.44242441505753,68.83077489234486,646091.0,77105720.0
2021-05-06,69.39301364304444,69.39301364304444,67.28896553475634,68.9235153048314,489919.0,57663244.0
2021-05-07,69.26549557587546,70.04799280623054,66.65717147469188,66.71513423249596,628233.0,73911584.0
2021-05-10,66.71513423249596,67.23679905273268,65.79352638341109,66.61080126844861,577220.0,66281636.0
2021-05-11,65.45154611236701,67.21361394961103,65.45154611236701,66.88322623012779,371540.0,42604460.0
2021-05-12,66.61659754422902,67.02813312463799,65.79352638341109,66.54124595908371,276829.0,31641540.0
2021-05-13,66.07754389665108,67.16144746758737,66.07754389665108,66.80787464498249,375982.0,43157404.0
2021-05-14,66.80787464498249,69.14957006026731,66.54124595908371,68.91771902905099,494431.0,57961836.0
2021-05-17,68.85975627124691,70.50589859288277,68.48299834552039,69.53212426177423,684028.0,82166840.0
2021-05-18,69.48575405553098,72.26217015434639,68.50038717286162,70.83049003658563,663017.0,81213360.0
2021-05-19,71.29419209901826,71.29419209901826,68.40185048459468,68.45401696661834,433800.0,51941324.0
2021-05-20,68.46560951817916,69.26549557587546,67.75266759718899,68.12942552291551,516700.0,60985904.0
2021-05-21,68.97568178685506,68.97568178685506,65.49791631861028,65.89206307167802,658883.0,75619160.0
2021-05-24,65.84569286543476,66.13550665445516,64.96465894681273,65.45734238814742,488908.0,55269112.0
2021-05-25,65.81671148653271,68.64529406737182,65.55587907641436,67.23100277695227,742239.0,86109648.0
2021-05-26,68.63028983937852,69.81019719817215,65.8139280533133,66.58472180528905,746354.0,84111088.0
2021-05-27,66.40684632406388,67.59268286556502,65.3988852637879,67.3614447399723,896141.0,100606976.0
2021-05-28,67.5867536828575,68.36347661754075,66.99976459481445,67.70533733700763,681521.0,77975912.0
2021-05-31,67.72905406783765,68.48206027169087,66.70330545943916,68.21524704985312,679103.0,77585672.0
2021-06-01,69.2409956582516,69.2409956582516,67.5748953174425,68.1856011363156,368327.0,42360672.0
2021-06-02,68.84374041684872,68.95639488829133,66.75073892109921,66.82188911358928,489868.0,55959712.0
2021-06-03,66.75666810380672,67.94843382801535,66.11038718868859,67.10056070084205,402833.0,45604784.0
2021-06-04,66.73295137297669,71.24505941338853,66.73295137297669,70.40311546892272,1235911.0,145928352.0
2021-06-07,70.67585787346799,70.67585787346799,67.91878791447783,67.99586728967542,834172.0,96767384.0
2021-06-08,68.47613108898337,71.94470297287421,68.0017964723829,71.36364306753865,1245590.0,149050496.0
2021-06-09,72.33602903156958,72.33602903156958,70.26081508394259,71.67788975103645,894878.0,107287912.0
2021-06-10,71.53558936605631,71.53558936605631,70.40311546892272,71.0968298457009,638100.0,76337032.0
2021-06-11,71.56523527959385,71.86169441496912,70.55727421931788,70.85373335469316,526856.0,63069240.0
2021-06-15,71.4110765291987,72.18187028117443,69.9643559485673,70.72922051783554,655038.0,78798768.0
2021-06-16,70.7944415276181,70.91895436447572,66.92861440232438,67.1539233452096,620400.0,71221480.0
2021-06-17,67.11834824896457,68.39312253107829,66.79817238275925,67.37330310538731,437308.0,49649388.0
2021-06-18,67.37330310538731,68.48206027169087,66.58472180528905,66.86339339254182,501568.0,56968320.0
2021-06-21,66.83967666171179,67.37330310538731,65.99180353453848,66.40684632406388,505400.0,56744612.0
2021-06-22,66.45427978572393,66.81003074817427,65.63605257208813,65.8020696878983,487280.0,54237552.0
2021-06-23,65.8139280533133,66.70330545943916,65.14985959007267,65.3988852637879,628200.0,69594128.0
2021-06-24,65.42853117732544,65.79021132248329,63.24066275825583,63.886943673373956,807299.0,87188424.0
2021-06-25,63.946235500449006,64.91862146447994,63.454113335726035,64.51543704036956,523449.0,56836356.0
2021-06-28,64.92455064718746,65.51153973523051,64.09446506813666,64.62809151181217,521452.0,57080044.0
2021-06-29,64.63994987722718,64.8652588201124,63.33552968157592,63.38889232594347,531846.0,57357444.0
2021-06-30,63.442254970311026,64.21304872228677,63.442254970311026,64.02331487564659,377734.0,40738988.0
2021-07-01,64.05888997189163,66.2289708428387,64.04703160647661,65.71313194728572,714600.0,79032464.0
2021-07-02,65.71906112999322,65.9147241593409,63.32367131616091,63.66163473048874,695639.0,74874688.0
2021-07-05,63.6201304515362,63.916589586911485,61.663500158059314,61.90659664906705,684900.0,71865144.0
2021-07-06,61.90659664906705,62.12004722653725,57.21661312743004,57.82138976359562,1572540.0,157649424.0
2021-07-07,57.51307226280532,61.94217174531208,56.78971197248963,61.242528185826416,1127039.0,113641168.0
2021-07-08,62.13783477465977,64.0351732410616,61.27810328207144,62.21491414985735,775885.0,82115872.0
2021-07-09,62.108188861122244,62.78411568977789,60.65553909778335,61.97774684155712,848620.0,88249200.0
2021-07-12,62.21491414985735,62.873053430390485,60.20492121201292,60.922352319621105,1056562.0,109641160.0
2021-07-13,62.84340751685295,62.84340751685295,60.714830924858404,61.77022544679442,844790.0,87509968.0
2021-07-14,61.663500158059314,61.663500158059314,59.191030969029434,59.50527765252724,941600.0,95144200.0
2021-07-15,59.53492356606477,60.495451164680695,58.82342164116408,59.88474534580761,494500.0,49903656.0
2021-07-16,59.291827075057036,60.175275298475384,58.212715822291,58.24829091853603,595510.0,58864896.0
2021-07-19,59.27996870964203,60.827485396301014,58.6277586118164,59.0428014013418,507320.0,50994844.0
2021-07-20,59.01315548780427,59.01315548780427,57.074312742449905,57.5842224552954,815290.0,79126248.0
2021-07-21,57.56643490717288,59.17324342090692,56.96165827100729,59.05465976675681,497190.0,48889684.0
2021-07-22,59.64757803750737,60.050762461617765,58.1059905335559,58.40244966893118,555400.0,54760480.0
2021-07-23,58.41430803434619,58.41430803434619,55.84104273928872,56.08413923029645,1047410.0,99712728.0
2021-07-26,56.12564350924899,56.32130653859667,54.53662254363746,55.81732600845869,481670.0,44916056.0
2021-07-27,56.0307765859289,57.702806109445504,55.18883264146309,55.31927466102821,431500.0,41019224.0
2021-07-28,55.33113302644322,55.33113302644322,51.275572054509325,52.36061248998287,1160108.0,102928296.0
2021-07-29,53.05432686676104,55.02281552565293,52.86459302012085,53.55237821419151,816928.0,74352728.0
2021-07-30,53.26777744423124,53.70653696458666,51.80326931547734,52.41990431705792,695819.0,61609696.0
2021-08-02,53.55237821419151,56.01298903780638,53.55237821419151,55.67502562347856,1255122.0,116706968.0
2021-08-03,55.888476200948766,55.983343124268856,54.678922928617595,55.141399179803045,567110.0,52826180.0
2021-08-04,55.141399179803045,55.28369956478318,53.99113773454694,54.85086922713526,624200.0,57485324.0
2021-08-05,54.60777273612753,55.37263730539576,53.78361633978423,54.3706054278273,596900.0,54958292.0
2021-08-06,54.65520619778758,54.84494004442776,53.36857355025884,53.71246614729417,603800.0,54596036.0
2021-08-09,53.45158210816392,57.39448860865521,52.8112303757533,56.48139447169933,1222700.0,114969152.0
2021-08-10,56.4458193754543,59.58828621043232,55.117682448973014,58.55067923661882,1478791.0,145017120.0
2021-08-11,58.544750053911315,59.23253524798198,57.13360456952496,58.72855471784399,990817.0,97166664.0
2021-08-12,58.69297962159896,63.99366896210906,58.38466212080866,60.85713130983854,1107085.0,114214960.0
2021-08-13,61.05872352189374,63.786147567346354,60.85713130983854,63.23473357554833,1755525.0,186350752.0
2021-08-16,61.5449165039092,62.01925112050966,59.44598582545218,61.07058188730875,1234171.0,126434408.0
2021-08-17,60.37686751053058,62.25641842880989,59.351118902132086,60.222708760135426,992442.0,101585256.0
2021-08-18,59.321472988594564,63.14579583493574,59.321472988594564,61.18916554145886,1209104.0,126329344.0
2021-08-19,61.19509472416636,62.60624020855273,59.416339911914655,59.81952433602504,724640.0,73450872.0
2021-08-20,59.88474534580761,59.88474534580761,57.607939186125414,58.50917495766629,771680.0,76176552.0
2021-08-23,58.50917495766629,63.00349544995561,57.50714308009781,61.853234004699495,1493606.0,155061104.0
2021-08-24,61.83544645657699,63.6201304515362,61.37297020539154,63.074645642445674,966368.0,102450592.0
2021-08-25,63.14579583493574,63.44818415301854,62.078542947584715,63.044999728908145,527103.0,55791308.0
2021-08-26,62.505444102525125,63.73871410568631,60.69111419402838,63.14579583493574,794000.0,83760368.0
2021-08-27,63.442254970311026,63.442254970311026,60.11005428869282,60.31757568345552,1219553.0,125350656.0
2021-08-30,60.18120448118289,62.552877564185174,59.41041072920715,62.096330495707235,864422.0,90328720.0
2021-08-31,62.096330495707235,62.28013515963991,60.062620827032774,60.43615933760564,499500.0,51265096.0
2021-09-01,60.43615933760564,63.30588376803839,60.31757568345552,62.98570790183309,1255602.0,131883320.0
2021-09-02,62.84933669956046,65.8139280533133,62.552877564185174,65.36331016754288,1226487.0,133250424.0
2021-09-03,65.04906348404506,65.04906348404506,61.75243789867191,62.10225967841473,949200.0,100203568.0
2021-09-06,61.5449165039092,63.16951256576577,61.15359044521383,62.1615515054898,637991.0,67150136.0
2021-09-07,62.552877564185174,62.58845266043021,61.16544881062884,61.6457126099368,687771.0,71495760.0
2021-09-08,61.51527059037167,62.220843332564854,61.20102390687387,61.58049160015424,382218.0,39721740.0
2021-09-09,61.36111183997652,61.72279198513437,60.35907996240806,61.03500679106371,365400.0,37551344.0
2021-09-10,64.0351732410616,64.0351732410616,60.483592799265686,61.254386551241424,559168.0,58241536.0
2021-09-13,60.477663616558175,60.483592799265686,59.351118902132086,59.82545351873255,505402.0,50988144.0
2021-09-14,60.12191265410784,60.57845972258578,59.58828621043232,59.69501149916743,367525.0,37131076.0
2021-09-15,59.88474534580761,59.93810799017516,58.99536793968175,59.45191500815969,337558.0,33799916.0
2021-09-16,59.64757803750737,59.813595153317536,58.687050438891454,58.989438756974245,276823.0,27550436.0
2021-09-17,58.39652048622367,59.23253524798198,56.20865206715407,57.51307226280532,959369.0,92484400.0
2021-09-22,56.92015399205475,57.8036022154731,56.52289875065187,56.97944581912981,527419.0,50622972.0
2021-09-23,57.77395630193558,57.80953139818061,56.63555322209448,56.932012357469766,550824.0,52968052.0
2021-09-24,56.94979990559228,57.51307226280532,56.68891586646203,56.8608621649797,435130.0,41801188.0
2021-09-27,56.932012357469766,57.56050572446537,56.14343105737151,56.90829562663974,622844.0,59729988.0
2021-09-28,56.297589807766656,56.297589807766656,51.98707397941001,53.35671518484382,1679961.0,151797456.0
2021-09-29,53.35671518484382,55.9299804799013,52.97724749156346,53.16698133820365,936500.0,85706112.0
2021-09-30,53.29742335776877,54.54848090905247,53.16698133820365,53.949633455594395,1131485.0,102674480.0
2021-10-08,54.186800763894624,56.060422499466426,53.73618287812419,53.84883734956679,736119.0,67476976.0
2021-10-11,53.9555626383019,57.26997577179759,53.9555626383019,56.78378278978212,856565.0,81202560.0
2021-10-12,56.90829562663974,56.90829562663974,53.36264436755133,53.89627081122685,867816.0,80223560.0
2021-10-13,54.032642013499476,54.708568842155124,53.410077829211374,54.10379220598954,478003.0,43514284.0
2021-10-14,54.174942398479615,54.42396807219485,53.65910350292662,53.937775090179386,346400.0,31553524.0
2021-10-15,54.21644667743215,55.52679605579092,53.07211441488356,53.825120618736776,640900.0,58168676.0
2021-10-18,53.825120618736776,54.091933840574534,52.76972609680076,53.836978984151784,296100.0,26676548.0
2021-10-19,53.92591672476438,54.84494004442776,53.36264436755133,54.04450037891449,289910.0,26393158.0
2021-10-20,54.41803888948735,54.42989725490236,53.42193619462638,53.88441244581183,296105.0,26848486.0
2021-10-21,53.89034162851934,55.07617817002048,53.759899608954214,54.84494004442776,342280.0,31414312.0
2021-10-22,54.2579509563847,57.625726734247934,54.24609259096968,57.40041779136272,904666.0,86100400.0
2021-10-25,57.056525194327385,57.7976730327656,55.663167258063545,57.73838120569054,633342.0,60609152.0
2021-10-26,57.73838120569054,59.68315313375241,56.74820769353708,57.625726734247934,607810.0,59284148.0
2021-10-27,57.73838120569054,58.04669870648084,56.202722884446565,57.092100290572425,535857.0,51362060.0
2021-10-28,59.88474534580761,62.80190323790041,59.416339911914655,62.80190323790041,1770206.0,184489056.0
2021-10-29,63.73871410568631,66.60250935341156,62.84933669956046,65.03127593592257,2247058.0,245742800.0
2021-11-01,65.03720511863006,66.70330545943916,61.13580289709131,65.36331016754288,1505160.0,166162704.0
2021-11-02,65.2743724269303,66.98790622939944,64.04703160647661,66.1222455541036,1156929.0,128838408.0
2021-11-03,66.6440136323641,66.99976459481445,64.88304636823491,66.58472180528905,887538.0,98672616.0
2021-11-04,67.17764007603962,67.17764007603962,65.00163002238503,65.13800122465766,657541.0,72973128.0
2021-11-05,66.2111832947162,66.28826266991376,64.56879968473712,65.57676074501308,524213.0,57957136.0
2021-11-08,65.26251406151528,66.40684632406388,63.63791799965872,64.30791564560685,819369.0,89255640.0
2021-11-09,65.51746891793802,65.51746891793802,63.52526352821611,64.93047982989496,452082.0,49251228.0
2021-11-10,64.0351732410616,65.43446036003294,63.89287285608147,64.80596699303734,433732.0,47263160.0
2021-11-11,64.48579112683204,64.80003781032984,63.27030867179336,63.442254970311026,673804.0,72550136.0
2021-11-12,63.73871410568631,64.72295843513226,62.98570790183309,64.0351732410616,740204.0,80066496.0
2021-11-15,63.97588141398654,66.40684632406388,63.66163473048874,64.33163237643689,894765.0,98201216.0
2021-11-16,64.33163237643689,67.34958637455729,63.8276518462989,66.04516617890603,1202611.0,134611824.0
2021-11-17,65.61233584125812,67.17171089333212,65.0846385802901,65.493752187108,810841.0,90280704.0
2021-11-18,64.8652588201124,68.77851940706616,64.80596699303734,68.1856011363156,1659458.0,190035424.0
2021-11-19,67.40294901892484,67.97215055884539,66.40684632406388,67.20135680686964,1048953.0,118489832.0
2021-11-22,67.29622373018974,68.0907342129955,65.22100978256275,66.24675839096123,965146.0,107432008.0
2021-11-23,65.93844089017092,68.30418479046571,65.22100978256275,66.59065098799655,1076859.0,122089200.0
2021-11-24,67.2547194512372,68.07887584758048,65.8139280533133,67.2665778166522,761650.0,86237936.0
2021-11-25,66.66180118048663,67.7705583467902,65.493752187108,65.55304401418306,668475.0,74768512.0
2021-11-26,66.9404727677394,66.9404727677394,63.442254970311026,64.15968607791922,1181965.0,128509080.0
2021-11-29,62.84933669956046,67.7705583467902,62.552877564185174,67.18949844145463,2547598.0,285303008.0
2021-11-30,67.10056070084205,67.5867536828575,63.43039660489602,64.96012574343249,1516394.0,166111920.0
2021-12-01,65.41667281191043,69.49002133196684,65.05499266675258,68.77851940706616,2478717.0,285241152.0
2021-12-02,68.77851940706616,71.84390686684661,67.85949608740277,70.60470768097791,1660290.0,197287664.0
2021-12-03,71.14426330736093,74.70770211457186,70.62249522910044,73.04753095647027,1724292.0,211813856.0
2021-12-06,74.48832235439416,74.48832235439416,70.56320340202538,73.84204143927603,2158848.0,267137056.0
2021-12-07,72.92894730232015,75.73345072297036,71.15019249006845,74.1147838438213,1289374.0,159358032.0
2021-12-08,73.72938696783342,75.38955812593503,72.21744537741947,74.76699394164692,1095665.0,136755264.0
2021-12-09,75.00416124994715,75.46070831842509,72.92894730232015,73.6048741309758,971014.0,120900928.0
2021-12-10,74.0258461032087,74.25708422880143,72.19372864658945,73.74124533324844,1184365.0,146477008.0
2021-12-13,74.69584374915685,75.893538656073,73.86575817010605,75.21168264470984,1354933.0,171301200.0
2021-12-14,75.33026629885997,76.18406860874079,73.49221965953319,73.96655427613365,861579.0,107954056.0
2021-12-15,74.6424811047893,78.14662808492518,74.17407567089634,77.07937519757415,1122370.0,145046880.0
2021-12-16,77.0378709186216,78.75140472109075,75.77495500192289,78.31264520073535,761437.0,99824800.0
2021-12-17,77.89760241120993,80.1625502054771,76.58132385014366,77.54185144875959,1230550.0,162422512.0
2021-12-20,77.17424212089423,77.95096505557748,74.35195115212153,74.98044451911713,1254263.0,158993296.0
2021-12-21,75.20575346200235,75.80460091546041,72.85779710983009,74.27487177692394,1345138.0,167895536.0
2021-12-22,74.47053480627163,77.9628234209925,74.26894259421644,77.67229346832471,1000827.0,129460632.0
2021-12-23,77.10902111111169,83.76749329164058,76.68211995617128,83.17457502089,1537685.0,212197840.0
2021-12-24,83.55404271417036,85.1430636797819,81.94130501772882,82.9492660780048,1271132.0,177842816.0
2021-12-27,83.44731742543527,83.45917579085028,80.1625502054771,81.41360775676081,1197510.0,163792528.0
2021-12-28,81.73378362296611,85.1430636797819,80.74361011081267,83.0559913667399,1049750.0,147471200.0
2021-12-29,82.119180498954,86.10359127839783,81.23573227553564,83.82678511871563,1785751.0,254259648.0
2021-12-30,84.19439444658099,84.19439444658099,80.0498957340345,80.74361011081267,1409675.0,193014832.0
2021-12-31,80.1625502054771,82.3504186245467,78.85813000982586,79.91352453176188,1514446.0,205369840.0
2022-01-04,80.043966551327,81.45511203571336,76.3026522628909,76.67619077346376,1665546.0,217913408.0
2022-01-05,77.1386670246492,79.6289237618016,74.39345543107406,75.38955812593503,1409841.0,181288672.0
2022-01-06,75.02194879806967,78.7988381827508,74.8440733168445,76.24336043581584,974918.0,126565792.0
2022-01-07,76.36787327267346,76.84220788927391,72.41310840676715,72.84593874441508,1897579.0,235010560.0
2022-01-10,70.55727421931788,74.67212701832683,70.07108123730241,73.97248345884115,2491659.0,306499968.0
2022-01-11,74.1147838438213,77.67229346832471,72.69770917672743,73.39735273621311,1210081.0,152141008.0
2022-01-12,72.95859321585768,75.00416124994715,72.39532085864464,73.52779475577823,887971.0,110088456.0
2022-01-13,74.81442740330696,77.60114327583464,73.87168735281357,77.1268086592342,1760778.0,227242448.0
2022-01-14,78.54388332632806,80.41750506189986,76.55760711931364,79.87202025280934,1507543.0,199729056.0
2022-01-17,80.043966551327,82.65280694262951,77.50627635251456,80.40564669648485,1167451.0,158923728.0
2022-01-18,80.043966551327,81.22387391012064,78.91742183690091,80.93334395745285,1135427.0,153727072.0
2022-01-19,80.69024746644511,81.22980309282813,79.20202260686119,80.043966551327,747865.0,101046752.0
2022-01-20,79.54591520389651,82.64094857721449,79.50441092494398,82.47493146140434,1161140.0,160767440.0
2022-01-21,82.119180498954,82.6646653080445,80.13883347464709,80.79697275518024,1243138.0,170658560.0
2022-01-24,80.18626693630713,82.2259057876891,79.15458914520114,81.2001571792906,1023988.0,139358368.0
2022-01-25,79.45104828057643,80.63688482207756,77.88574404579494,78.64467943235564,1016345.0,135417280.0
2022-01-26,78.32450356615034,79.3206062610113,76.49238610953108,78.38972457593292,1145362.0,151120272.0
2022-01-27,79.09529731812609,80.63095563937007,76.48645692682358,76.86592462010394,1336638.0,176471472.0
2022-01-28,76.78291606219886,78.2592825563678,75.00416124994715,76.48645692682358,926444.0,119946304.0
2022-02-07,76.72955341783131,80.0380373686195,75.35991221239749,75.893538656073,1060501.0,137089664.0
2022-02-08,76.0121223102231,77.08530438028164,74.09106711299127,76.78291606219886,1055984.0,135092320.0
2022-02-09,76.78291606219886,78.09326544055763,75.00416124994715,75.59707952069772,1417888.0,181279760.0
2022-02-10,75.53185851091516,76.18999779144829,72.68585081131242,74.38159706565905,1154362.0,144502032.0
2022-02-11,74.70770211457186,77.07344601486665,73.11868114896033,75.95283048314806,1468605.0,188478416.0
2022-02-14,75.56150442445268,75.56150442445268,71.68974811645145,72.33602903156958,1018360.0,125821456.0
2022-02-15,71.74311076081901,73.58708658285329,71.03160883591832,73.58708658285329,958476.0,117034928.0
2022-02-16,73.58708658285329,75.52000014550015,72.37753331052213,74.71363129727938,866722.0,108513344.0
2022-02-17,75.29469120261493,75.81053009816793,73.76496206407846,74.1147838438213,566727.0,71203720.0
2022-02-18,74.26301341150894,77.37583433294944,73.04160177376276,75.48442504925511,994652.0,127080368.0
2022-02-21,75.84610519441296,76.96079154342404,72.63248816694487,75.63858379965025,968658.0,121599072.0
2022-02-22,75.27097447178491,75.48442504925511,72.98823912939521,75.00416124994715,636797.0,79982024.0
2022-02-23,75.00416124994715,77.9628234209925,74.25708422880143,76.48645692682358,1017868.0,131142760.0
2022-02-24,76.55760711931364,76.89557053364146,74.23336749797141,75.45477913571759,965106.0,122384840.0
2022-02-25,75.53778769362266,79.1190140489561,74.81442740330696,78.1762739984627,922330.0,119793752.0
2022-02-28,78.55574169174307,80.0380373686195,76.78291606219886,78.60910433611062,1107525.0,145705072.0
2022-03-01,77.82645221871987,79.3146770783038,77.20388803443177,77.87981486308742,510592.0,67139008.0
2022-03-02,77.7612312089373,77.88574404579494,75.75716745380038,76.90742889905648,432322.0,55977572.0
2022-03-03,76.90742889905648,78.55574169174307,75.893538656073,76.39159000350348,666973.0,86889584.0
2022-03-04,76.88964135093397,78.25335337366027,76.11884759895823,76.79477442761387,605500.0,78802808.0
2022-03-07,76.79477442761387,77.06751683215913,73.99027100696368,74.51203908522417,1012709.0,128130808.0
2022-03-08,74.26301341150894,75.33026629885997,71.26877614421856,71.74311076081901,737730.0,90447520.0
2022-03-09,72.33602903156958,72.92894730232015,70.57506176744039,72.57319633986981,835073.0,101172736.0
2022-03-10,74.16221730548133,75.59707952069772,72.72735509026496,75.12274490409726,1109107.0,139084224.0
2022-03-11,73.81832470844601,75.00416124994715,72.36567494510712,74.69584374915685,586003.0,72991864.0
2022-03-14,72.92894730232015,74.35788033482902,72.66806326318991,72.66806326318991,683680.0,84727832.0
2022-03-15,72.48425859925723,72.8755846579526,68.5057770025209,68.64214820479353,1109593.0,132654544.0
2022-03-16,70.20152325686753,71.70160648186648,68.07294666487299,71.33399715400112,1462050.0,172329440.0
2022-03-17,71.78461503977155,74.89150677850455,71.78461503977155,72.93487648502766,1711671.0,212619168.0
2022-03-18,70.53948667119535,73.40328191892061,70.3793987380927,72.57319633986981,860441.0,104289680.0
2022-03-21,71.12054657653091,74.50610990251667,70.18966489145251,74.04956283403874,1434216.0,178202192.0
2022-03-22,75.27690365449241,75.27690365449241,72.53169206091727,73.6108033136833,768378.0,95585272.0
2022-03-23,73.75903288137096,74.86186086496701,72.34195821427708,74.44088889273411,1075487.0,133585088.0
2022-03-24,72.91708893690515,74.24522586338642,70.3793987380927,71.0138212877958,1562100.0,188036192.0
2022-03-25,72.92894730232015,73.71752860241841,70.14223142979247,72.20558701200446,1444576.0,176112320.0
2022-03-28,72.92894730232015,72.92894730232015,69.37736686052423,71.45850999085873,1524998.0,182301936.0
2022-03-29,71.7371815781115,73.806466343031,70.49798239224282,72.27673720449452,1328819.0,161766384.0
2022-03-30,72.26487883907951,74.70770211457186,71.48222672168876,73.99620018967119,960048.0,118766400.0
2022-03-31,72.57319633986981,75.10495735597475,71.96841970370423,72.95266403315019,1126913.0,139371712.0
2022-04-01,71.25098859609604,73.6938118715884,71.25098859609604,72.97045158127268,829961.0,101806096.0
2022-04-06,71.80833177060157,72.90523057149012,68.96232407099883,69.9584267658598,1214639.0,144118720.0
2022-04-07,69.9584267658598,69.9584267658598,65.56490237959807,65.8139280533133,1076660.0,121364528.0
2022-04-08,66.08074127515107,66.69737627673166,64.9719841088475,66.08074127515107,934180.0,103523880.0
2022-04-11,68.0017964723829,70.94860027801325,67.3555155572648,67.7764875294977,2684972.0,311134656.0
2022-04-12,66.97011868127693,69.30028748532666,65.74277786082324,66.40684632406388,1441815.0,163249456.0
2022-04-13,66.12817473681112,68.35754743483326,66.12817473681112,66.40684632406388,1014148.0,115044080.0
2022-04-14,65.8139280533133,68.90303224392378,65.76649459165327,67.17764007603962,867905.0,98956208.0
2022-04-15,66.58472180528905,67.07091478730452,64.73481680054728,66.51357161279898,912669.0,100801040.0
2022-04-18,65.46410627357047,67.56303695202749,64.21304872228677,67.48002839412241,554862.0,61795880.0
2022-04-19,67.47409921141491,68.47020190627586,66.52542997821399,66.77445565192923,502900.0,56912036.0
2022-04-20,67.10648988354956,68.98604080182886,65.87914906309587,68.1974595017306,741251.0,85354704.0
2022-04-21,68.12630930924054,69.5433839763344,65.63605257208813,66.05109536161353,894061.0,101635568.0
2022-04-22,65.43446036003294,66.05109536161353,63.19322929659579,64.08853588542915,705600.0,76525568.0
2022-04-25,63.18730011388828,64.91862146447994,60.418371789483125,60.63182236695333,1298600.0,137137792.0
2022-04-26,60.63182236695333,61.663500158059314,59.0428014013418,60.32943404887053,1632959.0,166256848.0
2022-04-27,60.987573329403666,62.14969314007478,58.36687457268614,61.78801299491693,1227258.0,125353488.0
2022-04-28,61.651641792644305,64.52136622307707,61.26031573394892,64.12411098167419,815573.0,86566128.0
2022-04-29,62.84340751685295,64.91862146447994,62.39871881379002,64.63994987722718,1181503.0,126696952.0
2022-05-05,64.33163237643689,64.55694131932209,61.67535852347432,63.377033960528465,1327623.0,141380800.0
2022-05-06,60.8215562135935,62.76632814165538,60.54288462634074,62.535090016062654,988880.0,103619024.0
2022-05-09,62.19712660173483,63.489688431971075,61.13580289709131,62.90862852663551,487267.0,51230308.0
2022-05-10,62.1674806881973,64.38499502080444,61.24845736853391,63.71499737485629,628002.0,66744704.0
2022-05-11,64.40278256892695,66.79817238275925,63.00349544995561,65.1735763209027,753110.0,82729008.0
2022-05-12,64.74667516596229,65.8079988706058,63.898802038788965,64.51543704036956,592748.0,64655496.0
2022-05-13,64.54508295390708,66.75073892109921,63.50747598009359,65.88507824580338,665847.0,73491920.0
2022-05-16,66.16967901576365,67.10648988354956,64.75260434866979,66.13410391951862,657771.0,73148352.0
2022-05-17,66.13410391951862,67.33179882643478,64.09446506813666,66.92268521961688,479799.0,53691248.0
2022-05-18,66.88118094066434,67.88914200094031,66.05702454432104,66.9404727677394,442999.0,49864600.0
2022-05-19,64.93640901260247,66.57879262258155,64.6755249734722,66.34162531428132,610132.0,67413432.0
2022-05-20,67.01755214293696,68.89710306121627,66.1222455541036,68.77851940706616,925647.0,106565640.0
2022-05-23,68.77851940706616,70.97824619155077,68.1974595017306,69.91692248690725,707333.0,83714096.0
2022-05-24,69.7627637365121,71.3280679712936,68.77851940706616,69.38922522593924,663679.0,78517448.0
2022-05-25,68.79037777248116,69.9524975831523,66.76852646922173,67.97215055884539,736100.0,84201168.0
2022-05-26,67.96622137613788,67.97807974155289,66.16374983305614,66.81003074817427,579315.0,65263244.0
2022-05-27,67.09463151813453,69.0156867153664,66.46613815113894,67.52153267307494,655763.0,74895272.0
2022-05-30,67.52153267307494,70.55727421931788,66.47206733384644,70.3793987380927,900785.0,105523616.0
2022-05-31,70.61656604639293,71.44665162544372,68.92081979204629,70.9960337396733,524335.0,62306332.0
2022-06-01,70.55727421931788,73.85982898739854,70.03550614105737,73.12461033166784,747441.0,91449512.0
2022-06-02,72.73921345567997,74.1147838438213,72.4664710511347,72.98823912939521,756529.0,93406608.0
2022-06-06,73.64637840992835,74.97451533640962,72.47240023384222,73.41514028433562,615284.0,76387160.0
2022-06-07,73.41514028433562,74.97451533640962,72.69770917672743,73.53965312119324,672285.0,83495464.0
2022-06-08,74.47053480627163,74.86186086496701,72.92894730232015,73.88947490093608,549742.0,68420136.0
2022-06-09,73.45071538058065,74.55947254688422,72.21744537741947,72.9645223985652,368957.0,45447832.0
2022-06-10,72.95266403315019,74.70770211457186,71.82019013601658,74.70770211457186,587550.0,73336288.0
2022-06-13,74.14442975735882,74.70770211457186,72.39532085864464,73.64044922722084,702381.0,87285352.0
2022-06-14,72.9823099466877,74.67805620103434,72.33602903156958,74.35195115212153,502854.0,62434896.0
2022-06-15,76.49989646767334,76.97109813378091,75.26987653406783,75.93078276704989,782107.0,97598848.0
2022-06-16,76.18168235549679,76.79975207337816,75.31883255132577,76.02869480156576,541612.0,67228720.0
2022-06-17,75.36166906642646,76.79975207337816,73.83179352711615,76.6284060129754,1101963.0,135722240.0
2022-06-20,76.6284060129754,76.73855705180576,74.33971220616716,74.82927237874647,1188004.0,146307056.0
2022-06-21,75.08017196719335,75.60032965055888,73.97866157888993,74.85375038737543,623513.0,76044008.0
2022-06-22,74.48046075578371,74.48046075578371,72.88939019490098,73.43402588689545,529098.0,63615600.0
2022-06-23,73.15252878766236,74.04597610261958,71.70220677639617,73.77671800770096,668195.0,79708752.0
2022-06-24,74.78643586364578,81.14459860501947,74.48046075578371,79.66979858512433,1532342.0,197477648.0
2022-06-27,79.65755958080983,83.00492726082082,77.29543174811471,77.85842594658091,2198853.0,285936544.0
2022-06-28,78.94157782841262,82.49088907961257,76.73855705180576,82.49088907961257,1268724.0,167337776.0
2022-06-29,82.61327912275739,82.61327912275739,79.204716421174,79.57188655060847,693138.0,90861872.0
2022-06-30,79.89622016494225,84.41853225914356,79.89622016494225,83.6535944894884,1050601.0,142442192.0
2022-07-01,83.69031150243184,86.02184182434078,82.91925423061944,85.24466505037114,1141435.0,157779984.0
2022-07-04,86.10139535238491,86.65215054653663,83.62911648085944,85.2079480374277,937336.0,130493896.0
2022-07-05,85.18347002879872,86.89693063282628,83.34761938162633,84.63883433680425,616168.0,84843912.0
2022-07-06,84.71838786484838,85.9055712833532,82.98656875434911,83.54956295281531,508737.0,69562576.0
2022-07-07,83.237468342796,86.70110656379457,82.06864343076292,85.48944513666078,759455.0,105403888.0
2022-07-08,85.48944513666078,85.98512481139733,83.39657539888427,83.86777706499186,575556.0,79239184.0
2022-07-11,84.23494719442633,87.99844102112972,83.95345009519322,87.66798790463868,1548772.0,218807472.0
2022-07-12,89.9505622092897,89.9505622092897,82.1420774566498,82.9559712435629,2500039.0,345777792.0
2022-07-13,83.8310600520484,88.24322110741936,83.22522933848151,87.11723271048699,1692329.0,237610368.0
2022-07-14,87.11723271048699,90.262656819309,85.06719948781114,88.99591987276006,1487938.0,214763600.0
2022-07-15,88.65934725411178,89.9505622092897,87.02544017812836,88.62874974332559,804621.0,116455792.0
2022-07-18,87.64962939816697,88.05963604270214,85.4466086215601,85.9790053092401,1304679.0,184035136.0
2022-07-19,85.79542024452284,89.88324768556004,85.79542024452284,88.12083106427454,964785.0,139003760.0
2022-07-20,88.0841140513311,92.09850746648138,87.29469827304698,87.94948500387179,1231480.0,179291232.0
2022-07-21,87.94948500387179,92.55747012827447,87.32529578383317,91.79253235861931,1053454.0,157195168.0
2022-07-22,91.79253235861931,92.28209253119863,89.82205266398762,90.7828145026745,564800.0,83794464.0
2022-07-25,90.56863192717105,93.5977854950055,89.96280121360417,92.19641950099724,1089622.0,164057712.0
2022-07-26,92.66150166494756,93.3162883957724,89.3447314957228,90.95416056307725,1074606.0,158990336.0
2022-07-27,91.5355132680152,94.16689919562893,89.65070660358487,94.15466019131446,1543446.0,232826432.0
2022-07-28,94.0261506460124,94.0261506460124,89.76697714457245,90.80117300914623,2122842.0,315250464.0
2022-07-29,90.80117300914623,91.60894729390208,88.73278127999868,89.89548668987452,1134805.0,166900224.0
2022-08-01,90.22593980636555,91.7619348478331,88.30441612899179,89.9505622092897,1334407.0,196012720.0
2022-08-02,88.96532236197383,91.18058214289519,88.37785015487867,89.84653067261658,1154000.0,169410032.0
2022-08-03,89.83429166830211,90.23817881068004,87.23350325147456,87.27633976657525,1116353.0,161566768.0
2022-08-04,88.12083106427454,88.5430767131242,86.59707502712146,88.0841140513311,734389.0,105298848.0
2022-08-05,87.94948500387179,88.42680617213661,86.59095552496422,88.04739703838764,570379.0,81581752.0
2022-08-08,88.04739703838764,88.04739703838764,85.49556463881804,85.55064015823321,1042338.0,146727936.0
2022-08-09,86.28498041710216,86.51752149907732,83.22522933848151,85.83825675962355,1441349.0,201484592.0
2022-08-10,85.39765260430218,88.46352318508006,84.63883433680425,86.58483602280698,1261428.0,179125056.0
2022-08-11,87.50888084855042,91.19282114720967,86.40737046024698,90.0239962351766,1373700.0,200641920.0
2022-08-12,89.20398294610625,90.7828145026745,85.85049576393803,85.91781028766768,783988.0,111681680.0
2022-08-15,85.91169078551043,86.89693063282628,85.50168414097527,86.16870987611458,524260.0,73996904.0
2022-08-16,86.21154639121526,89.45488253455315,85.91781028766768,87.5211198528649,579361.0,83190032.0
2022-08-17,87.5211198528649,87.63127089169524,85.31809907625802,86.74394307889526,443204.0,62613956.0
2022-08-18,86.28498041710216,87.92500699524282,85.50168414097527,86.2910999192594,550168.0,77812656.0
2022-08-19,86.31557792788837,87.09887420401526,84.87137541877942,85.0610799856539,653295.0,91342096.0
2022-08-22,85.40377210645941,87.50888084855042,84.455249272087,85.60571567764836,676622.0,95053664.0
2022-08-23,85.60571567764836,85.88721277688147,83.83717955420565,84.19823018148288,535610.0,74054592.0
2022-08-24,85.0610799856539,85.29362106762906,81.08340358344707,82.46641107098358,1040100.0,139983120.0
2022-08-25,82.08088243507738,83.48836793124289,80.88146001225809,81.76878782505808,701404.0,93674944.0
2022-08-26,81.48729072582499,83.96568909950771,80.57548490439603,80.777428475585,883440.0,118197104.0
2022-08-29,80.66115793459741,81.75042931858637,79.31486746000434,80.27562929869121,892844.0,116960784.0
2022-08-30,80.27562929869121,81.0160890597174,78.96605583704157,79.55352804413674,643212.0,83659872.0
2022-08-31,79.93905668004294,80.18995626848984,77.88290395520987,78.09096702855608,929961.0,119582168.0
2022-09-01,78.18887906307194,80.08592473181673,77.35662676968711,78.87426330468296,1499554.0,193275024.0
2022-09-02,79.27203094490363,80.18383676633259,77.04453215966781,79.73711310885399,973086.0,124998672.0
2022-09-05,79.85950315199881,81.75042931858637,77.72991640127883,80.4653338655657,1031087.0,135360032.0
2022-09-06,81.5484857473974,81.99520940487602,79.24755293627467,80.777428475585,917222.0,120707504.0
2022-09-07,80.777428475585,80.777428475585,76.5243744763023,78.7763512701671,1955135.0,250606176.0
2022-09-08,79.10068488450088,81.07728408128983,78.10932553502779,79.4127794945202,930772.0,121227504.0
2022-09-09,79.5045720268788,80.30010730732018,78.32962761268848,79.18635791470227,960967.0,124371160.0
2022-09-13,79.49233302256434,84.68779035406217,78.69679774212295,81.92177537898912,1595644.0,214682560.0
2022-09-14,82.00132890703325,83.34761938162633,80.47757286988016,81.59744176465533,1621293.0,217576768.0
2022-09-15,81.64639778191325,84.57151981307459,81.15071810717673,82.38073804078222,2900191.0,392157088.0
2022-09-16,80.56936540223879,82.37461853862499,79.55352804413674,80.78354797774223,1551974.0,205676064.0
2022-09-19,79.85950315199881,81.30982516326499,78.43977865151884,79.40054049020571,988130.0,127886080.0
2022-09-20,79.85338364984158,80.96101354030225,78.07260852208435,80.7039944496981,1495327.0,194189344.0
2022-09-21,80.89981851872982,83.13343680612289,79.7248741045395,80.777428475585,1328810.0,177340368.0
2022-09-22,80.777428475585,80.99161105108844,77.03841265751058,77.38110477831609,1065277.0,136256880.0
2022-09-23,78.15216205012848,79.42501849883467,74.65792631834371,76.30407239864162,1311293.0,164085344.0
2022-09-26,75.94914127352162,80.92429652735879,75.63092716134508,79.46173551177812,1147516.0,148842752.0
2022-09-27,78.75799276369537,82.00132890703325,77.82170893363745,80.84474299931466,1219192.0,160471792.0
2022-09-28,80.23279278359053,84.75510487779184,79.6208425678664,80.47145336772293,1235463.0,165049168.0
2022-09-29,80.47145336772293,81.69535379917119,77.10572718124023,78.12156453934227,958172.0,123499008.0
2022-09-30,77.9746964875685,78.63560272055055,76.4203429396292,76.76303506043472,1136412.0,143935504.0
2022-10-10,77.24035622869954,77.4728973106747,74.16224664360716,74.53553627519888,721700.0,88665864.0
2022-10-11,74.46822175146923,76.18780185765404,74.15000763929268,75.53301512682921,491345.0,60303384.0
2022-10-12,74.67628482481544,77.59528735381953,74.4192657342113,77.36274627184436,694748.0,85967104.0
2022-10-13,77.66872137970643,81.9034168725174,77.1608027006554,81.63415877759878,1308787.0,172758960.0
2022-10-14,81.69535379917119,86.89693063282628,80.47757286988016,84.51032479150219,1398306.0,193251872.0
2022-10-17,84.51032479150219,88.74502028431316,83.34761938162633,88.35949164840694,1100263.0,155943120.0
2022-10-18,89.45488253455315,89.95668171144693,86.9581256543987,89.2835364741504,1318982.0,191112832.0
2022-10-19,89.99951822654762,89.99951822654762,86.9275281436125,88.29829662683454,1200428.0,173602768.0
2022-10-20,88.72666177784144,89.03875638786074,86.28498041710216,86.89693063282628,1043925.0,149341136.0
2022-10-21,87.83933396504143,88.12083106427454,85.8015397466801,86.75618208320974,727800.0,103165368.0
2022-10-24,86.7072260659518,87.63127089169524,84.26554470521252,84.63271483464702,985850.0,137790784.0
2022-10-25,83.18851232553807,83.18851232553807,76.16944335118231,76.16944335118231,3537030.0,449185568.0
2022-10-26,76.49377696551609,79.89010066278502,75.19644250818094,78.69679774212295,2007745.0,256602336.0
2022-10-27,78.77023176800985,79.6820375894388,77.79111142285126,77.99917449619745,1231606.0,158212912.0
2022-10-28,76.92214211652299,79.07620687587192,74.66404582050096,74.68240432697267,1558767.0,193910096.0
2022-10-31,74.04597610261958,75.63092716134508,69.76232459255068,70.14173372629965,2547661.0,298174112.0
2022-11-01,69.55426151920447,73.94806406810372,69.55426151920447,73.94806406810372,1974934.0,232620032.0
2022-11-02,73.55029642788304,74.95778192404853,72.2101254554472,73.79507651417269,1199640.0,144136992.0
2022-11-03,73.43402588689545,75.2637570319106,72.22236445976168,74.59061179461406,1009791.0,122821744.0
2022-11-04,74.30911469538096,75.26987653406783,73.12805077903339,75.07405246503612,1326942.0,161350784.0
2022-11-07,75.02509644777818,75.2637570319106,73.40342837610925,73.42178688258097,1159346.0,139913216.0
2022-11-08,73.42178688258097,74.78031636148854,73.07297525961822,73.46462339768166,932329.0,112483968.0
2022-11-09,73.43402588689545,73.43402588689545,70.43546982984722,70.61905489456447,1158476.0,135748640.0
2022-11-10,70.5945768859355,70.95562751321273,67.32676273396865,68.96678931210931,1802205.0,202178304.0
2022-11-11,70.27636277375895,70.98622502399894,68.65469470209001,69.33395944154378,1577548.0,179867504.0
2022-11-14,68.66693370640449,70.11725571767067,68.5812606762031,68.78320424739208,1347969.0,152327600.0
2022-11-15,68.78320424739208,70.16009223277136,67.62661833967347,69.62157604293412,1765293.0,198612384.0
2022-11-16,69.65217355372033,72.01430138641548,69.16261338114103,70.11113621551343,1454776.0,168107040.0
2022-11-17,70.1968092457148,71.47578519657824,69.26664491781413,70.74144493770929,937507.0,108275376.0
2022-11-18,69.77456359686516,70.57009887730652,69.51754450626103,69.55426151920447,843083.0,96180048.0
2022-11-21,69.8847146356955,70.94950801105549,67.51034779868588,69.62157604293412,1036826.0,117509440.0
2022-11-22,69.55426151920447,70.98622502399894,68.58738017836035,69.79292210333689,805128.0,92080264.0
2022-11-23,69.51754450626103,69.85411712490931,68.65469470209001,68.77096524307758,644300.0,72908688.0
2022-11-24,68.77096524307758,69.45022998253137,67.44915277711347,67.55930381594382,1112824.0,123644992.0
2022-11-25,66.94735360021969,68.63633619561828,66.06614528957694,68.29364407481276,851015.0,94077568.0
2022-11-28,67.80408390223347,67.80408390223347,65.47867308248178,66.74541002903072,876139.0,95291672.0
2022-11-29,66.99630961747762,67.79796440007622,65.73569217308591,66.21301334135073,703805.0,76416120.0
2022-11-30,66.21301334135073,67.44303327495624,65.75405067955764,67.4063162620128,800216.0,87507072.0
2022-12-01,67.32064323181142,71.76952130012582,67.32064323181142,70.87607398516859,1430361.0,164490112.0
2022-12-02,70.61905489456447,71.27384162538928,70.01322418099757,70.46606734063343,789121.0,90956936.0
2022-12-05,70.47218684279066,73.574774436512,70.12949472198515,72.62013209998236,1052816.0,124593088.0
2022-12-06,72.41206902663616,73.8562715357451,71.29220013186101,73.74000099475752,965400.0,115309392.0
2022-12-07,73.13417028119063,75.0128574434637,72.88327069274374,74.90270640463336,938802.0,113800616.0
2022-12-08,74.65792631834371,75.62480765918784,74.07657361340578,75.09241097150783,926154.0,113424264.0
2022-12-09,75.60032965055888,77.03229315535333,73.99702008536165,76.62228651081816,1365562.0,168312208.0
2022-12-12,76.21839936844023,76.37138692237127,73.46462339768166,73.80731551848717,1162106.0,141005216.0
2022-12-13,74.11941012850647,75.53913462898646,73.6482084623989,75.23927902328164,754845.0,92253744.0
2022-12-14,74.63956781187198,75.66764417428853,73.25044082217822,73.73388149260028,964879.0,116656496.0
2022-12-15,73.43402588689545,74.51717776872717,72.57729558488167,73.752239999072,928891.0,111552256.0
2022-12-16,73.37283086532304,74.22956116733683,72.7731196539134,74.05821510693406,531309.0,64055384.0
2022-12-19,73.86851054005957,74.9088259067906,72.33251549859202,72.7302831388127,478738.0,57091020.0
2022-12-20,72.33863500074926,73.61149144945546,70.88219348732584,71.3227976426472,481972.0,56530532.0
2022-12-21,71.44518768579204,72.33251549859202,70.42935032768999,71.37787316206239,389261.0,45277524.0
2022-12-22,71.12697357361549,72.56505658056719,70.2090482500293,70.90667149595481,521402.0,60672992.0
2022-12-23,70.05606069609827,72.2101254554472,69.94590965726792,70.47218684279066,355300.0,41238116.0
2022-12-26,70.82711796791067,73.42178688258097,69.62157604293412,72.92610720784442,648700.0,76491336.0
2022-12-27,73.15252878766236,74.41314623205406,72.30803748996306,73.12805077903339,680499.0,81517824.0
2022-12-28,73.19536530276304,73.19536530276304,70.40487231906101,70.5945768859355,574672.0,66704196.0
2022-12-29,71.04742004557134,71.45742669010652,69.21156939839896,69.48082749331759,575328.0,65849240.0
2022-12-30,70.0315826874693,71.70220677639617,69.28500342428586,71.39011216637687,835336.0,96502288.0
2023-01-03,71.52474121383617,71.96534536915755,69.76232459255068,70.98622502399894,669142.0,77462792.0
2023-01-04,71.48190469873548,73.74000099475752,69.62769554509137,72.20400595328995,834729.0,98317416.0
2023-01-05,72.56505658056719,73.98478108104717,72.20400595328995,73.46462339768166,888357.0,106315016.0
2023-01-06,72.74864164528442,73.43402588689545,72.01430138641548,72.41206902663616,813858.0,96290568.0
2023-01-09,72.41206902663616,74.65180681618646,72.2101254554472,73.74000099475752,1074113.0,129494472.0
2023-01-10,73.73388149260028,73.73388149260028,72.33251549859202,73.29939683943614,640690.0,76576664.0
2023-01-11,73.61761095161269,74.60285079892854,73.0117802380458,73.31775534590787,705968.0,84795728.0
2023-01-12,73.04237774883201,74.462102249312,72.8343146754858,73.14028978334787,480454.0,57643728.0
2023-01-13,73.22596281354924,73.66656696887063,72.5528175762527,72.93222671000167,800200.0,95291536.0
2023-01-16,72.95670471863063,75.5452541311437,72.33863500074926,72.79759766254236,1431786.0,173171232.0
2023-01-17,73.06685575746098,73.73388149260028,72.27743997917685,72.95058521647339,618256.0,73941928.0
2023-01-18,73.34835285669408,73.81955452280165,72.6996856280265,73.3361138523796,470879.0,56409976.0
2023-01-19,72.82207567117132,75.19644250818094,72.79147816038513,74.86598939168992,788004.0,95755552.0
2023-01-20,74.96390142620578,75.74107820017542,74.35195121048164,74.7741968593313,528171.0,64649688.0
2023-01-30,75.52689562467198,76.37138692237127,73.46462339768166,73.88074954437407,868322.0,105676024.0
2023-01-31,73.88074954437407,74.64568731402923,73.36059186100856,73.44626489120994,814700.0,98122176.0
2023-02-01,73.36059186100856,74.14388813713543,72.99342173157409,73.26879932864995,689123.0,82685816.0
2023-02-02,73.74000099475752,75.87570724763472,73.19536530276304,75.5758516419299,907420.0,111289264.0
2023-02-03,75.4718201052568,75.79615371959059,73.86239103790234,74.60897030108578,603220.0,73544088.0
2023-02-06,74.18060515007889,74.59061179461406,72.95058521647339,74.02149809399062,764780.0,92365968.0
2023-02-07,74.12552963066372,76.0654118145092,73.0117802380458,75.81451222606232,1341430.0,164194368.0
2023-02-08,75.8267512303768,80.63667992596845,75.5758516419299,79.45561600962088,2668141.0,344525952.0
2023-02-09,79.18023841254501,82.61327912275739,79.18023841254501,82.42357455588291,1914618.0,255654256.0
2023-02-10,82.30730401489532,82.30730401489532,80.16547825986088,81.7565488207436,1193118.0,157940944.0
2023-02-13,81.03444756618913,82.40521604941118,79.36994297941949,80.26950979653397,1109308.0,145701376.0
2023-02-14,81.03444756618913,83.83717955420565,81.03444756618913,82.90701522630496,1251679.0,168686272.0
2023-02-15,82.61327912275739,82.61327912275739,79.18635791470227,79.33322596647605,998706.0,130122168.0
2023-02-16,79.43725750314916,79.93905668004294,78.02365250482642,78.81306828311054,974743.0,125943664.0
2023-02-17,78.32962761268848,78.849785296054,77.4728973106747,78.18275956091469,768558.0,98121584.0
2023-02-20,77.35050726752988,82.2155114825367,76.96497863162368,81.38937869130913,933401.0,122579960.0
2023-02-21,81.23027163522086,81.25474964384982,79.35770397510503,80.777428475585,632051.0,82883584.0
2023-02-22,80.12876124691742,80.26950979653397,78.94157782841262,79.51681103119328,546032.0,70846864.0
2023-02-23,79.55352804413674,80.15935875770363,78.2133570717009,78.61724421407882,960561.0,123980120.0
2023-02-24,78.51321267740573,79.87786165847054,78.02365250482642,78.32962761268848,726465.0,93175440.0
2023-02-27,78.32962761268848,79.32098696216157,77.42394129341677,78.72739525290918,729769.0,93680936.0
2023-02-28,78.72739525290918,79.89010066278502,78.02365250482642,79.80442763258363,811781.0,105189504.0
2023-03-01,79.55352804413674,80.47145336772293,77.46677780851746,77.73603590343608,862099.0,110342688.0
2023-03-02,77.71155789480711,78.8803828068402,77.71155789480711,78.09708653071331,742927.0,95179808.0
2023-03-03,78.09708653071331,78.75187326153814,76.79975207337816,77.32602925890092,453800.0,57532408.0
2023-03-06,77.5769288473478,78.62948321839332,76.79975207337816,77.84006744010918,393487.0,49894132.0
2023-03-07,77.32602925890092,79.84114464552708,77.1179661855547,77.14856369634091,425431.0,54377156.0
2023-03-08,77.1302051898692,77.44229979988849,75.5758516419299,75.88182674979197,370905.0,46240820.0
2023-03-09,76.19392135981127,77.38110477831609,75.45346159878508,75.88182674979197,313611.0,39022784.0
2023-03-10,75.77779521311886,76.47541845904438,75.02509644777818,75.39226657721267,509829.0,63068016.0
2023-03-13,75.74107820017542,77.32602925890092,74.84151138306095,77.0139346488816,431742.0,53744776.0
2023-03-14,76.58556949787472,78.81306828311054,76.034814303723,77.50349482146092,591156.0,75257168.0
2023-03-15,77.71767739696435,77.98693549188297,76.04705330803748,76.11436783176714,453900.0,56888448.0
2023-03-16,75.679883178603,76.5978085021892,73.00566073588855,73.49522090846786,1101338.0,133572592.0
2023-03-17,73.59313294298373,74.5232972708844,72.30803748996306,72.70580513018375,744437.0,89064056.0
2023-03-20,72.71192463234098,74.30299519322372,71.63489225266652,73.48910140631062,571360.0,68569192.0
2023-03-21,73.45238439336718,73.47686240199614,71.09025656067205,71.20040759950238,1250856.0,147104496.0
2023-03-22,71.54921922246514,71.70220677639617,67.86527892380589,68.0611029928376,2866085.0,324515968.0
2023-03-23,67.31452372965417,67.58378182457278,61.5989087147908,62.418922003861134,4657863.0,482558656.0
2023-03-24,62.02115436364045,62.5474315491632,60.39948629197151,60.993078001223914,2857779.0,285577152.0
2023-03-27,61.1399460529977,62.645343583679065,61.12770704868323,62.22921743698665,2045748.0,207790240.0
2023-03-28,63.97327555180043,66.549585959999,63.33684732744733,64.30984817044869,3177600.0,336669728.0
2023-03-29,65.48479258463902,66.40271790822521,64.32820667692042,65.02582992284593,1697416.0,181391440.0
2023-03-30,64.25477265103352,66.63525899020038,63.569388409422494,66.54346645784176,1778917.0,191887344.0
2023-03-31,66.54346645784176,67.80408390223347,66.39659840606797,67.13705816709417,1473790.0,161400048.0
2023-04-03,67.31452372965417,69.30336193075759,66.23137184782246,66.56182496431349,1733549.0,191578496.0
2023-04-04,66.69645401177279,67.06362414120727,63.87536351728456,64.75045232577007,1973618.0,209439344.0
2023-04-06,63.783570984925944,64.63418178478248,63.09206724115767,63.15326226273009,1045774.0,108411704.0
2023-04-07,63.15938176488733,63.90596102807077,62.418922003861134,63.471476374906636,850207.0,87873616.0
2023-04-10,63.471476374906636,64.65254029125421,63.04311122389974,63.58774691589422,783932.0,81862240.0
2023-04-11,63.03087221958526,63.63058343099491,62.28429295640183,62.83504815055355,699876.0,71825104.0
2023-04-12,62.92072118075492,62.96355769585561,61.13382655084047,61.20726057672736,1681760.0,169059616.0
2023-04-13,61.274575100457014,62.53519254484872,60.82785144297841,62.2353369391439,869152.0,87778248.0
2023-04-14,62.357726982288725,64.28537016181973,62.2353369391439,63.94879754317146,1312730.0,136295952.0
2023-04-17,63.520432392164565,65.47867308248178,63.141023258415615,64.33432617907765,865273.0,90985664.0
2023-04-18,65.07478594010385,65.07478594010385,63.50207388569284,64.12626310573145,539921.0,56437328.0
2023-04-19,63.64894193746664,64.12626310573145,62.02115436364045,62.051751874426664,1652700.0,169308704.0
2023-04-20,62.04563237226942,62.651463085836305,61.580550208319075,62.302651462873555,652773.0,66317560.0
2023-04-21,62.418922003861134,63.37968384254801,61.19502157241288,61.243977589670806,1233364.0,125103488.0
2023-04-24,61.243977589670806,62.66370209015079,59.11439083895084,61.71517925577838,1599656.0,160507760.0
2023-04-25,61.89264481833838,62.96967719801285,60.22814023156876,61.26233609614253,1583655.0,158620912.0
2023-04-26,60.58307135668875,61.72129875793563,59.35917092524049,59.842611595662554,1431858.0,140600960.0
2023-04-27,60.04455516685152,60.430083802757714,59.20618337130946,60.093511184109445,1190413.0,116529824.0
2023-04-28,58.62483066637154,60.01395765606531,56.33001735740605,56.5441999329095,3157049.0,297665568.0
2023-05-04,57.15615014863363,57.829295385930166,55.295821492832275,56.05463976033019,2002682.0,184453808.0
2023-05-05,55.883293699927435,56.05463976033019,55.04492190438538,55.871054695612955,700904.0,63627952.0
2023-05-08,55.71806714168192,56.660470473897085,55.314179999304,56.085237271116405,910130.0,83535288.0
2023-05-09,56.29941984661985,57.64571032121293,55.809859674040545,56.16479079916054,1176725.0,109018576.0
2023-05-10,56.16479079916054,57.10107462921846,55.99344473875778,56.78898001919915,820879.0,75855896.0
2023-05-11,56.17702980347502,56.997043092545354,56.05463976033019,56.22598582073295,546961.0,50420120.0
2023-05-12,56.354495366035025,56.446287898393635,54.65939326847918,55.09999742380056,714644.0,64636920.0
2023-05-15,55.08775841948607,56.78898001919915,54.48192770591918,56.672709478211566,902579.0,82346912.0
2023-05-16,56.66658997605432,58.453484605968775,55.39985302950538,57.15615014863363,972735.0,90661048.0
2023-05-17,56.421809889764674,57.41316923923776,56.23822482504744,56.8562945429288,479623.0,44402184.0
2023-05-18,56.24434432720467,56.86241404508605,55.68746963089572,55.871054695612955,474362.0,43487888.0
2023-05-19,55.9812057344433,58.324975060666716,55.565079587750894,57.67630783199914,816746.0,76016576.0
2023-05-22,57.67630783199914,58.9308057742336,57.67630783199914,58.57587464911361,516728.0,49287540.0
2023-05-23,61.76372151817975,62.055886709845694,60.74438962725637,61.67931824058737,1056679.0,100144968.0
2023-05-24,61.67931824058737,62.38700726040043,60.80931522540435,62.211708145400856,627041.0,59630572.0
2023-05-25,62.211708145400856,62.581784054844384,61.406630728365826,61.919542953734926,400652.0,38235040.0
2023-05-26,61.73125871910576,62.08185694910489,60.70543426836757,61.296257211514245,223667.0,21057398.0
2023-05-29,61.41961584799542,61.893572714475724,59.47184790355582,59.70558005688857,438645.0,40665380.0
2023-05-30,59.523788382074216,59.822446133554955,55.823029287638974,56.32295639337847,1776117.0,156055200.0
2023-05-31,55.965865603564545,56.1606423980085,54.25832237227249,55.401012899677056,1027301.0,87302744.0
2023-06-01,55.121832827640716,55.6996706511578,54.2258595731985,54.466084286346046,715656.0,60313848.0
2023-06-02,54.427128927457254,56.193105197082495,54.427128927457254,55.87496976615736,893935.0,76473456.0
2023-06-05,55.81653672782417,56.30997127374887,54.537502444308835,54.569965243382825,698701.0,59110780.0
2023-06-06,54.79720483690078,54.79720483690078,53.56361847208903,53.570111031903835,928220.0,77047440.0
2023-06-07,53.570111031903835,53.88824646282897,52.62868985875803,52.933840170053564,617256.0,50573636.0
2023-06-08,53.31690119912669,53.36234911783027,51.99241899690775,52.34301722690689,798413.0,64685380.0
2023-06-09,52.50533122227685,52.62868985875803,51.94047851838937,52.05085203524094,763074.0,61401660.0
2023-06-12,52.13525531283332,52.55727170079524,50.96659454616957,51.70674636505662,1371009.0,108919448.0
2023-06-13,51.8041347622786,52.12227019320373,50.70689215357761,51.16137134061352,876601.0,69265048.0
2023-06-14,51.55092492950145,53.48570775431145,51.12890854153953,52.58973449986923,1396336.0,113123080.0
2023-06-15,53.2454830411639,54.33623309005007,52.317046987647686,54.05056045819893,1044827.0,86040472.0
2023-06-16,54.05056045819893,54.60892060227162,53.36884167764507,54.505039645234845,795591.0,66235360.0
2023-06-19,54.51153220504963,54.96601139208554,52.78451129431319,53.881753903014165,748602.0,62323324.0
2023-06-20,53.81033574505138,54.66735364060481,53.37533423745987,54.290785171346485,727654.0,60710880.0
2023-06-21,54.290785171346485,54.537502444308835,53.52466311320024,53.62854407023702,517759.0,42971976.0
2023-06-26,52.92734761023876,54.147948855420914,52.62219729894323,53.622051510422224,556340.0,45731304.0
2023-06-27,53.219512801904706,56.40086711115605,53.219512801904706,56.134672158749304,938722.0,79886592.0
2023-06-28,56.29049359430448,57.00467517393233,55.83601440726857,56.61512158504441,553568.0,48152588.0
2023-06-29,57.02415285337673,57.264377566524274,55.965865603564545,56.368404312082056,458920.0,39989092.0
2023-06-30,56.1541498381937,58.06945498355931,55.83601440726857,57.84221539004136,645617.0,56870808.0
2023-07-03,57.84221539004136,59.79647589429575,56.69303230282199,56.93974957578435,1476296.0,132845128.0
2023-07-04,56.81639093930317,57.446169241338644,55.771088809120585,57.03713797300632,580838.0,50591388.0
2023-07-05,57.18646684874669,57.23840732726508,55.83601440726857,56.83586861874757,658471.0,57240648.0
2023-07-06,57.056615652450716,58.30318713689206,56.23855311578609,57.36176596374625,463687.0,41014128.0
2023-07-07,57.322810604857466,58.35512761541045,56.86833141782156,57.55654275819022,515918.0,45812912.0
2023-07-10,58.134380581707305,59.062816635223506,57.07609333189511,57.491617160042225,386888.0,34404924.0
2023-07-11,57.705871633930585,58.1213954620777,56.855346298191954,57.06960077208032,250441.0,22101174.0
2023-07-12,57.06960077208032,57.06960077208032,56.26452335504528,56.58915134578521,450603.0,39241832.0
2023-07-13,57.1345263702283,57.1345263702283,55.946387924120145,56.40735967097085,447750.0,39024904.0
2023-07-14,56.41385223078565,56.88780909726596,56.108701919490116,56.667062063562796,426752.0,37150344.0
2023-07-17,56.02429864189774,56.1671349578233,55.206236105233096,55.998328402638535,287173.0,24610012.0
2023-07-18,55.47892361745464,56.45280758967444,55.38153522023266,55.771088809120585,373245.0,32135360.0
2023-07-19,55.44646081838065,55.76459624930578,54.42063636764245,54.75824947801199,527717.0,44617784.0
2023-07-20,55.277654263195885,56.030791201712525,54.10250093671732,54.33623309005007,575594.0,48800056.0
2023-07-21,54.88160811449316,55.102355148196324,53.88824646282897,53.88824646282897,507032.0,42439768.0
2023-07-24,54.2128744535689,54.427128927457254,53.59608127116302,54.044067898384135,240340.0,19959686.0
2023-07-25,54.044067898384135,56.09571679986052,54.044067898384135,55.53735665578783,477009.0,40753016.0
2023-07-26,55.53735665578783,56.14765727837891,55.193250985603505,55.73862601004659,293389.0,25150498.0
2023-07-27,55.913925125046156,56.829376058932766,55.45944593801025,56.121687039119706,371993.0,32186044.0
2023-07-28,56.1606423980085,58.958935678186734,55.51787897634344,58.86154728096475,1101193.0,98786728.0
2023-07-31,59.01736871651992,62.4843956576224,58.906995199668344,61.984468551882905,1257018.0,119215120.0
2023-08-01,61.984468551882905,62.67267989225157,61.0300622591075,61.439093527439816,792850.0,75416344.0
2023-08-02,61.62088520225418,62.003946231327305,60.0691634065173,60.32886579910925,844261.0,78856400.0
2023-08-03,60.471702115034816,60.471702115034816,59.27707110911186,59.84841637281415,629767.0,57972256.0
2023-08-04,60.25095508133166,61.35469024984744,59.770505655036565,60.367821157998044,943241.0,87960768.0
2023-08-07,60.02371548781371,60.99110690021871,59.65363957837018,60.21199972244287,563553.0,52434000.0
2023-08-08,59.73155029614777,60.90670362262633,58.24475409855887,58.26423177800327,661159.0,59753464.0
2023-08-09,58.270724337818066,58.71871096503918,57.705871633930585,58.15385826115169,388261.0,34733232.0
2023-08-10,58.004529385411324,59.783490774666156,58.004529385411324,59.24460831003787,733868.0,66710376.0
2023-08-11,59.31602646800066,59.31602646800066,56.894301657080746,56.933257015969545,847702.0,74897096.0
2023-08-14,56.563181106526024,57.60848323670861,56.141164718564106,57.03713797300632,949632.0,83009312.0
2023-08-15,56.1606423980085,58.06945498355931,56.11519447930492,57.19945196837629,1135323.0,100331504.0
2023-08-16,57.316318045042664,58.43303833318804,56.56967366634081,57.426691561894245,691471.0,61335880.0
2023-08-17,57.38124364319065,58.79012912300196,57.38124364319065,58.32915737615126,916600.0,82192344.0
2023-08-18,58.67975560615038,58.70572584540958,57.58900555726421,57.78378235170817,586615.0,52552224.0
2023-08-21,57.84221539004136,58.05646986392971,56.68004718319239,56.68004718319239,476613.0,42127644.0
2023-08-22,56.68004718319239,57.1280338104135,56.030791201712525,56.38138943171166,459805.0,40055440.0
2023-08-23,56.35541919245246,57.06960077208032,54.85563787523397,54.95951883227075,596322.0,51319296.0
2023-08-24,55.2127286650479,55.310117062269875,53.95317206097695,53.96615718060655,660345.0,55446832.0
2023-08-25,54.1869042143097,54.1869042143097,52.219658590425716,52.7325708157948,715701.0,58255664.0
2023-08-28,55.1867584257887,55.64123761282461,51.81062732209339,51.90801571931537,688780.0,56845916.0
2023-08-29,52.12227019320373,54.1998893339393,50.97957966579916,53.34287143838588,606464.0,49665012.0
2023-08-30,53.88824646282897,54.85563787523397,53.39481191690427,53.764887826347795,483537.0,40335048.0
2023-08-31,53.53115567301504,53.83630598431058,52.972795528942356,53.46623007486705,281851.0,23141542.0
2023-09-01,54.99847419115954,54.99847419115954,52.66764521764682,52.739063375609604,364000.0,29859056.0
2023-09-04,53.81033574505138,55.10884770801111,52.29756930820329,54.79720483690078,597069.0,49623604.0
2023-09-05,54.7192941191232,54.732279238752795,53.570111031903835,53.680484548755416,384649.0,31934476.0
2023-09-06,53.680484548755416,53.680484548755416,52.472868423202854,52.66764521764682,346800.0,28186646.0
2023-09-07,52.66764521764682,52.90786993079436,51.63532820709383,51.94047851838937,284042.0,22867568.0
2023-09-08,51.72622404450101,52.193688351166514,51.57040260894585,51.680776125797415,263831.0,21078352.0
2023-09-11,52.2391362698701,52.2391362698701,51.30420765653909,51.92749339875977,409537.0,32668992.0
2023-09-12,52.258613949314494,52.58324194005443,51.47950677153867,52.2910767483885,354397.0,28477540.0
2023-09-13,52.00540411653735,52.36249490635128,50.22644272728252,50.64196655542963,660643.0,51891740.0
2023-09-14,50.732862392836815,50.732862392836815,49.90181473654258,50.64196655542963,471104.0,36540412.0
2023-09-15,50.38226416283768,51.21331181913191,50.25890552635651,50.75883263209601,426670.0,33342726.0
2023-09-18,50.3043534450601,51.7781645230194,50.3043534450601,50.84323590968839,306136.0,24086170.0
2023-09-19,50.849728469503184,51.16786390042832,49.95375521506097,49.992710573949765,569971.0,44120764.0
2023-09-20,49.87584449728338,49.98621801413496,49.09024475969275,49.40838019061788,456123.0,34734388.0
2023-09-21,49.72002306172822,49.745993300987415,48.36307806043529,48.36307806043529,370979.0,27939112.0
2023-09-22,48.3500929408057,49.24606619524791,47.91509143321419,49.135692678396346,716514.0,53807264.0
2023-09-25,49.21360339617392,49.23957363543312,48.40203341932409,48.94091588395238,567517.0,42722540.0
2023-09-26,48.64875069228644,48.8630051661748,47.91509143321419,47.91509143321419,363192.0,27018356.0
2023-09-27,47.81770303599222,49.272036434507115,47.700836959325834,48.94740844376718,693783.0,52158412.0
2023-09-28,48.94740844376718,49.26554387469231,47.135984255438345,48.05143518932496,829367.0,61261040.0
2023-10-09,47.811210476177415,48.564347414694055,47.298298250808315,48.24621198376892,372175.0,27554630.0
2023-10-10,48.23971942395412,48.8435274867304,46.81784882451321,46.908744661920394,796594.0,58276772.0
2023-10-11,47.16844705451235,47.278820571363916,46.33739939821812,46.48672827395848,501400.0,36040216.0
2023-10-12,46.168592843033345,47.52553784432627,46.168592843033345,47.032103298401566,497292.0,35960940.0
2023-10-13,46.941207460994384,46.986655379697986,45.71411365599744,45.98680116821898,487677.0,34669448.0
2023-10-16,45.993293728033784,46.12963748414455,45.18821631099875,45.52582942136828,473615.0,33162184.0
2023-10-17,45.415455904516705,46.66851994877284,44.883065999703206,46.61657947025446,757690.0,53597812.0
2023-10-18,46.032249086922576,46.64904226932845,45.33105262692431,45.8959053308118,531400.0,37578580.0
2023-10-19,44.90903623896241,45.87642765136741,44.68179664544445,44.76619992303684,548900.0,38037720.0
2023-10-20,44.902543679147605,44.902543679147605,44.162391860260556,44.36366121451932,487937.0,33436060.0
2023-10-23,44.14940674063096,44.61037848748166,42.48081886822771,42.84440221785643,839300.0,55810532.0
2023-10-24,42.9807459739672,43.18850788804075,41.97439920267341,42.24708671489495,875594.0,57308812.0
2023-10-25,42.82492453841203,43.94164482655741,42.07828015971019,42.14969831767297,1098083.0,72569064.0
2023-10-26,42.26656439433934,42.26656439433934,41.13685898656438,41.980891762488206,957000.0,61387084.0
2023-10-27,42.39641559063532,43.27291116563315,41.40305393897113,42.76649150007885,1148101.0,75502128.0
2023-10-30,42.76649150007885,42.9612682945228,42.14320575785817,42.83141709822683,833190.0,54716792.0
2023-10-31,42.91582037581921,43.01320877304119,41.87701080545143,42.23410159526535,651700.0,42433800.0
2023-11-01,41.94842896341421,42.493803987857305,41.27969530248995,41.42253161841552,948676.0,60846204.0
2023-11-02,41.65626377174827,41.65626377174827,40.22790061249256,40.253870851751756,895737.0,56076712.0
2023-11-03,40.357751808788535,40.61096164156568,39.474763673975914,39.79289910490105,1801748.0,110989064.0
2023-11-06,39.916257741382225,42.04581736063619,39.84483958341944,41.578353053970694,1842099.0,116888712.0
2023-11-07,41.714696810081456,42.62365518415328,41.30566554174914,42.48081886822771,1976364.0,128266312.0
2023-11-08,42.16268343730257,43.09761205063357,41.79260752785905,42.0068620017474,1249596.0,81642360.0
2023-11-09,41.84454800637744,42.610670064523674,41.79260752785905,42.18216111674696,798491.0,51976124.0
2023-11-10,42.0068620017474,42.67559566267167,41.65626377174827,42.37693791119092,939653.0,60997016.0
2023-11-13,42.37693791119092,42.90283525618962,41.928951283969816,42.78596917952324,878081.0,57389936.0
2023-11-14,42.63014774396807,43.143059969337166,42.383430471005724,42.526266786931295,695945.0,45751984.0
2023-11-15,42.83141709822683,42.9807459739672,42.16917599711737,42.31850487285774,729626.0,47724212.0
2023-11-16,42.20813135600616,42.39641559063532,41.74066704934066,41.851040566192225,617782.0,39936228.0
2023-11-17,42.03283224100659,42.03283224100659,41.35760602026753,41.734174489525856,719511.0,46216840.0
2023-11-20,41.79910008767384,42.136713198043374,41.026485469712796,41.941936403599406,1007452.0,64494108.0
2023-11-21,41.99387688211781,42.07178759989539,41.57186049415589,41.61730841285947,723300.0,46601900.0
2023-11-22,41.753652168970255,41.753652168970255,40.12401965545578,40.162975014344575,1019795.0,63891100.0
2023-11-23,40.253870851751756,40.31879644989974,39.45528599453152,39.79289910490105,1215000.0,74398408.0
2023-11-24,39.935735420826624,39.935735420826624,38.825507692496046,39.21506128138397,885469.0,53421240.0
2023-11-27,39.21506128138397,39.21506128138397,38.50087970175611,38.825507692496046,1096772.0,65485576.0
2023-11-28,39.37737527675394,39.442300874901925,37.93602699786863,38.26714754842337,1491563.0,87920424.0
2023-11-29,38.26714754842337,38.43595410360813,37.6178915669435,37.88408651935025,1158220.0,67624992.0
2023-11-30,38.208714510090175,38.208714510090175,37.23483053787038,37.384159413610746,700367.0,40546400.0
2023-12-01,37.507518050091925,37.507518050091925,36.48818615916853,37.1439347004632,1113310.0,63283220.0
2023-12-04,37.15042726027799,37.15042726027799,36.06616977120662,36.07266233102142,1196401.0,67272856.0
2023-12-05,36.07266233102142,36.45572336009454,35.48833194768953,35.56624266546712,1131346.0,62738864.0
2023-12-06,35.390943550467554,36.007736732873425,35.319525392504765,35.49482450750433,1316093.0,72145880.0
2023-12-07,35.31303283268997,35.38445099065275,34.215790223988996,34.76765780824688,1719556.0,91611296.0
2023-12-08,34.71571732972849,35.12474859806081,33.99504319028584,34.014520869730234,1816428.0,96811040.0
2023-12-11,33.96907295102665,34.41705957824775,33.35877232843557,34.26123814269259,2560569.0,133788376.0
2023-12-12,34.26123814269259,34.670269411024904,33.631459840657115,34.27422326232218,1694488.0,89361240.0
2023-12-13,34.280715822136976,34.280715822136976,33.436683046213155,33.469145845287144,1327644.0,69024872.0
2023-12-14,33.76131103695309,34.28720838195178,33.36526488825037,33.37825000787996,1204684.0,62667188.0
2023-12-15,33.76131103695309,33.92362503232305,32.787427064733286,33.034144337695636,1230390.0,63145872.0
2023-12-18,33.118547615288016,33.560041682694326,32.57966515065973,32.716008906770504,1226570.0,62069320.0
2023-12-19,32.59914283010413,32.78093450491849,32.216081801031,32.45630651417856,1131582.0,56527868.0
2023-12-20,32.43033627491936,32.82638242362208,32.01481244677225,32.07324548510543,929707.0,46364416.0
2023-12-21,32.034290126216646,33.32630952936157,31.85249845140228,32.51473955251174,1787741.0,89808328.0
2023-12-22,32.51473955251174,33.527578883620336,32.13817108325342,33.157502974176815,2149549.0,109147856.0
2023-12-25,33.456160725657554,33.456160725657554,32.19011156177181,32.41085859547496,1241090.0,62077088.0
2023-12-26,32.345932997326976,32.7225014665853,31.917424049550263,32.19660412158661,744900.0,36995552.0
2023-12-27,32.14466364306822,32.728994026400095,32.008319886957445,32.54720235158574,1160105.0,57805044.0
2023-12-28,32.449813954363755,34.50146285584014,32.287499958993784,34.267730702507386,2209361.0,114990512.0
2023-12-29,34.189819984729795,34.99489740176483,33.96258039121185,34.546910774543726,1752612.0,93059744.0
2024-01-02,35.03385276065363,35.03385276065363,33.631459840657115,33.88466967343426,1248282.0,65277056.0
2024-01-03,33.878177113619465,34.04698366880423,33.04063689751044,33.39123512750956,1201818.0,61855132.0
2024-01-04,33.36526488825037,33.488623524731544,32.61212794973372,32.87832290214047,915900.0,46360140.0
2024-01-05,32.89780058158487,32.93026338065886,31.846005891587478,31.884961250476273,1472411.0,73127208.0
2024-01-08,32.01481244677225,32.06026036547584,30.69033024455332,30.742270723071705,2069582.0,99112440.0
2024-01-09,30.742270723071705,31.94339428880946,30.385179933257778,31.618766298069527,1855949.0,89893104.0
2024-01-10,31.80705053269869,32.31996275806778,31.105854072700428,31.631751417699125,1418555.0,69533600.0
2024-01-11,31.768095173809897,32.63160562917812,31.423989503625567,32.13167852343862,1434864.0,71077816.0
2024-01-12,32.365410676771376,32.7095163469557,31.735632374735903,31.80705053269869,1231964.0,61062116.0
2024-01-15,31.742124934550702,32.17063388232741,31.385034144736778,31.488915101773554,1196913.0,58432456.0
2024-01-16,31.183764790478016,31.742124934550702,30.930554957700867,31.527870460662346,1070391.0,51548696.0
2024-01-17,31.313615986773986,31.54734814010674,30.553986488442547,30.553986488442547,781196.0,37329596.0
2024-01-18,30.326746894924593,30.605926966960933,29.567117396593147,30.385179933257778,1133454.0,52509880.0
2024-01-19,30.320254335109794,30.904584718441672,30.04107426307345,30.04107426307345,1008770.0,47274552.0
2024-01-22,29.911223066777477,30.054059382703045,27.930992323263883,28.307560792522207,1784200.0,80236864.0
2024-01-23,28.3205459121518,29.833312348999893,27.65830481104234,29.424281080667576,1589606.0,71331392.0
2024-01-24,29.48271411900076,29.664505793815124,28.359501271040592,29.320400123630794,1708412.0,76453976.0
2024-01-25,29.417788520852778,29.99562634436986,28.794502778632104,29.865775148073887,1967223.0,89535848.0
2024-01-26,29.865775148073887,30.489060890294557,29.476221559185966,29.833312348999893,2187710.0,100751504.0
2024-01-29,29.95017842566627,30.51503112955375,28.372486390670193,28.463382228077375,2413742.0,108294584.0
2024-01-30,28.37897895048499,28.859428376780095,27.431065217524385,27.541438734375962,1555375.0,67405696.0
2024-01-31,27.333676820302404,28.14524679715224,26.3662854078974,26.56106220234136,1744958.0,73062960.0
2024-02-01,26.19098629289784,27.125914906228846,25.98971693863908,26.431211006045388,1533802.0,62685176.0
2024-02-02,26.255911891045823,26.56106220234136,24.353591865309813,25.119713923456054,2059351.0,80711808.0
2024-02-05,24.801578492530926,24.872996650493707,22.60709327512897,23.704335883829945,2511890.0,91651824.0
2024-02-06,22.91224358642451,25.385908875862803,22.646048634017767,25.223594880492836,2492140.0,93308944.0
2024-02-07,25.314490717900018,27.39860241845039,24.801578492530926,26.502629164008173,2800174.0,114331104.0
2024-02-08,26.54158452289697,28.749054859928513,26.301359809749414,28.37897895048499,3044378.0,131167056.0
2024-02-19,29.04122005159445,29.05420517122405,28.04785839993026,28.36599383085539,2173850.0,95351048.0
2024-02-20,28.36599383085539,29.093160530112844,27.78815600733831,29.01524981233526,1450300.0,63824088.0
2024-02-21,29.002264692705662,30.592941847331335,28.586740864558546,29.930700746221873,2746000.0,126905912.0
2024-02-22,29.800849549925896,30.339732014554187,29.489206678815563,29.872267707888682,1213001.0,55643504.0
2024-02-23,29.846297468629487,30.12547754066583,29.26196708529761,30.060551942517844,1146118.0,52390260.0
2024-02-26,30.573464167886943,31.359063905477576,30.417642732331775,30.66436000529412,2083298.0,98644528.0
2024-02-27,30.255328736961808,31.378541584921976,30.203388258443418,31.378541584921976,1306465.0,62307496.0
2024-02-28,31.105854072700428,32.04078268603144,30.852644239923286,31.040928474552445,2327218.0,111976712.0
2024-02-29,30.553986488442547,31.70966213547671,30.385179933257778,31.68369189621751,1706642.0,82303424.0
2024-03-01,31.68369189621751,32.26802227954939,31.50190022140315,32.26802227954939,1173411.0,57535432.0
2024-03-04,32.45630651417856,32.553694911400534,31.59279605881033,31.690184456032313,1363773.0,66873324.0
2024-03-05,31.813543092513488,31.813543092513488,30.274806416406204,30.48256833047976,1668340.0,79206960.0
2024-03-06,30.42413529214657,30.43062785196137,29.223011726408817,29.989133784555058,2079823.0,95825040.0
2024-03-07,29.865775148073887,30.054059382703045,28.14524679715224,28.255620314003817,2057565.0,91659440.0
2024-03-08,28.288083113077807,28.424426869188583,27.31419914085801,27.54793129419076,2355741.0,100186432.0
2024-03-11,27.54793129419076,29.24898196566801,27.49599081567237,29.24898196566801,2475349.0,108142000.0
2024-03-12,29.203534046964418,32.17712644214221,29.08666797029804,32.17712644214221,3219003.0,152681856.0
2024-03-13,32.78093450491849,34.929971803616844,32.44332139454896,34.34564142028497,6155671.0,320331904.0
2024-03-14,34.60534381287691,36.06616977120662,33.404220247139165,33.89765479306386,4501734.0,239470592.0
2024-03-15,33.76131103695309,34.488477736210534,32.88481546195526,33.52108632380554,2903242.0,150096112.0
2024-03-18,33.560041682694326,34.1963125445446,32.98220385917725,34.15086462584101,2636621.0,136198528.0
2024-03-19,34.09892414732262,34.352133980099765,32.94974106010326,32.98220385917725,1972987.0,101462832.0
2024-03-20,33.14451785454721,33.50810120417594,32.748471705844494,33.50160864436114,1598599.0,81612648.0
2024-03-21,33.56653424250913,33.63795240047192,32.7549642656593,33.00168153862164,1150682.0,58659200.0
2024-03-22,32.94974106010326,32.94974106010326,31.56033325973634,31.69667701584711,1705873.0,84385552.0
2024-03-25,31.670706776587917,31.748617494365497,30.605926966960933,30.696822804368114,1360584.0,65305056.0
2024-03-26,30.696822804368114,31.268168068070395,30.261821296776603,30.703315364182913,1360300.0,64403880.0
2024-03-27,30.72279304362731,31.034435914737646,29.33987780307519,29.625550434926335,1369624.0,63712032.0
2024-03-28,29.59958019566714,30.209880818258217,28.97629445344647,29.729431391963114,1488400.0,68039248.0
2024-03-29,29.729431391963114,32.46279907399335,29.541147157333953,31.449959742884758,2693776.0,128567312.0
2024-04-01,31.68369189621751,33.42369792658356,31.229212709181606,33.105562495658425,2230635.0,112061408.0
2024-04-02,33.105562495658425,33.417205366768755,32.54070979177094,33.138025294732415,1751379.0,88975688.0
2024-04-03,33.138025294732415,34.38459677917376,33.09257737602882,34.05996878843383,2649496.0,138466464.0
2024-04-08,33.83272919491587,33.89116223324906,32.345932997326976,32.38488835621577,2182028.0,110465328.0
2024-04-09,32.274514839364194,33.63795240047192,32.274514839364194,33.63795240047192,1383523.0,70588752.0
2024-04-10,33.62496728084231,34.81959828676527,33.41071280695396,34.579373573617715,2606565.0,137895600.0
2024-04-11,34.05347622861903,35.92982601509585,33.826236635101075,35.56624266546712,3583957.0,194248624.0
2024-04-12,36.358334962872554,37.981474916572225,36.03370697213262,36.78684391064927,6316625.0,359145088.0
2024-04-15,36.611544795649706,36.923187666760036,33.76131103695309,34.44302981750695,5765070.0,309828576.0
2024-04-16,34.124894386581815,35.08579323917201,33.138025294732415,34.80012060732088,4063130.0,213702512.0
2024-04-17,34.96243460269084,35.89087065620705,34.15086462584101,35.80646737861467,4001058.0,217592928.0
2024-04-18,35.183181636393996,35.36497331120836,34.24176046324819,34.30668606139618,2568392.0,137387632.0
2024-04-19,33.89765479306386,35.196166756023594,33.89765479306386,34.54041821472893,1796300.0,95736192.0
2024-04-22,34.54041821472893,36.046692091762225,33.90414735287866,35.74154178046668,3045987.0,164929328.0
2024-04-23,35.74154178046668,35.74154178046668,34.08593902769302,34.57288101380292,3408212.0,181546368.0
2024-04-24,34.57288101380292,34.72870244935809,33.930117592137854,34.29370094176658,1902600.0,100603160.0
2024-04-25,34.41705957824775,34.85206108583927,33.86519199398987,34.39758189880335,1842261.0,97499256.0
2024-04-26,34.371611659544165,34.65728429139531,33.118547615288016,34.215790223988996,3601140.0,187324112.0
2024-04-29,33.87168455380467,35.83893017768867,33.80026639584188,35.676616182318696,3394341.0,183959232.0
2024-04-30,35.20265931583839,35.923333455281046,35.07280811954242,35.57922778509671,2146500.0,117737944.0
2024-05-06,36.046692091762225,38.99431424768082,35.92982601509585,37.929534438053835,3901271.0,226319136.0
2024-05-07,38.04640051472021,39.474763673975914,38.04640051472021,39.0722249654584,3259639.0,195692704.0
2024-05-08,39.00729936731041,40.903126833231624,37.877593959535446,39.831854463789846,3642000.0,222126272.0
2024-05-09,39.60461487027189,42.753506380449245,38.95535888879203,42.10425039896938,3603031.0,228549216.0
2024-05-10,41.941936403599406,42.65611798322727,40.572006282676895,40.97454499119441,3021400.0,192100592.0
2024-05-13,40.42267740693652,40.64342444063968,38.806030013051654,40.253870851751756,2938015.0,180347392.0
2024-05-14,40.00066101897461,44.27925793692694,39.81886934416025,44.27925793692694,4636409.0,303171232.0
2024-05-15,44.47403473137089,47.02561073858678,43.71440523303945,44.500004970630094,4769092.0,329183872.0
2024-05-16,44.66881152581485,44.71425944451845,42.363952791561324,42.91582037581921,3834560.0,256328320.0
2024-05-17,42.91582037581921,44.66881152581485,42.591192385079275,44.24679513785294,3107068.0,210520176.0
2024-05-20,43.824778749891024,44.91552879877721,42.967760854337605,43.72739035266904,2097320.0,142013280.0
2024-05-21,43.29238884507754,44.019555544334985,42.682088222486456,43.104104610448374,1820138.0,121204432.0
2024-05-22,43.357314443225526,43.357314443225526,41.26671018286035,41.29917298193435,3091700.0,199285952.0
2024-05-23,41.292680422119545,42.03283224100659,40.955067311750014,41.48096465674871,2537109.0,161600368.0
2024-05-24,41.623800972674275,42.526266786931295,41.292680422119545,41.889995925081024,1875900.0,121181600.0
2024-05-27,42.20163879619136,44.29873561637133,42.19514623637656,43.4676879600771,3411688.0,227621232.0
2024-05-28,43.24044836655914,43.266418605818345,41.941936403599406,43.039179012300394,2019907.0,132524704.0
2024-05-29,46.56755913926479,49.17856033361665,46.2852887398754,48.7410412145631,2798218.0,189876256.0
2024-05-30,48.74809797454783,49.88423633209013,47.619016376990274,49.700760572487034,2415677.0,166849360.0
2024-05-31,49.877179572105405,51.217963969205,49.12210625373878,50.27235813125054,1970316.0,140388032.0
2024-06-03,49.75015789238017,50.102995891616914,48.40937349528056,49.34086581326556,1554700.0,108863296.0
2024-06-04,48.69164389466996,50.99920440967823,48.59284925488367,50.49111769077732,1515150.0,107751768.0
2024-06-05,50.18062025144899,51.47906408864019,48.331749135448476,48.47994109512791,2259300.0,158070064.0
2024-06-06,48.7198709346089,49.44671721303657,47.06858909818096,47.929513816318604,2333341.0,158696272.0
2024-06-07,48.69164389466996,48.80455205442571,46.39819689963115,46.44053745953956,1614027.0,107426448.0
2024-06-11,46.4264239395701,47.280291897723004,45.31851262196673,46.01007510047074,2307566.0,151031296.0
2024-06-12,45.69957766114241,46.2852887398754,45.16326390230257,45.24794502211939,1314341.0,84822200.0
2024-06-13,45.374966701844606,45.445534301691964,44.04123906472974,44.16826074445497,1660032.0,104865104.0
2024-06-14,44.02006878477554,44.37290678401227,42.73573846755381,43.65311726556933,1866510.0,115021016.0
2024-06-17,43.60371994567618,43.87893358508084,42.8980439472027,42.98272506701952,1378769.0,84737816.0
2024-06-18,43.05329266686687,44.0130120247908,42.96155478706532,43.18737110657683,1330803.0,81928904.0
2024-06-19,43.18031434659209,43.24382518645471,41.77601910962988,42.05123274903453,1679290.0,100528752.0
2024-06-20,42.12885710886662,42.48169510810335,40.99977551130905,40.99977551130905,1147802.0,67537168.0
2024-06-21,40.73161863188913,41.32438647060685,40.29409951283557,40.70339159195019,1042300.0,60122364.0
2024-06-24,40.43523471253027,40.43523471253027,38.946258355751226,39.05210975552225,1494869.0,83731944.0
2024-06-25,39.17913143524748,39.40494775475899,38.28997967717089,38.60047711649923,1011345.0,55609712.0
2024-06-26,38.812179916041266,39.00271243562911,38.11356067755253,38.97448539569017,1091600.0,59885416.0
2024-06-27,38.97448539569017,38.9815421556749,37.661928038529496,37.986538997827296,1232500.0,66423740.0
2024-06-28,37.58430367869742,38.87569075590388,37.58430367869742,37.76777943830052,1189844.0,64388496.0
2024-07-01,37.85246055811734,38.70632851627025,37.37260087915538,38.68515823631604,1259657.0,67935288.0
2024-07-02,38.54402303662135,39.35555043486585,37.76072267831579,37.85951731810207,1344357.0,73376184.0
2024-07-03,37.8242335181784,38.08533363761359,37.40788467907905,37.54196311878901,790900.0,42253320.0
2024-07-04,37.11855751970492,38.10650391756779,36.772776280452916,36.9915358399797,781600.0,41295380.0
2024-07-05,36.850400640285,36.850400640285,36.18706520171993,36.596357280834546,974311.0,50417144.0
2024-07-08,36.49756264104826,36.58930052084982,35.57312708304801,35.83422720248319,1007500.0,51341160.0
2024-07-09,35.83422720248319,36.906854720162876,35.14266472397918,36.6880951606361,1146590.0,58693348.0
2024-07-10,36.6880951606361,37.96536871787309,36.3634842013383,37.21735215949121,1229433.0,65203016.0
2024-07-11,38.00065251779677,39.39083423478952,37.42199819904852,38.80512315605654,2082500.0,113805768.0
2024-07-12,38.6569311963771,38.92508807579702,37.76072267831579,37.97948223784257,1132910.0,61155816.0
2024-07-15,38.36760403700298,38.36760403700298,36.60341404081928,36.878627680223936,1603983.0,84218040.0
2024-07-16,36.13061112184206,37.37260087915538,36.13061112184206,37.12561427968966,1046163.0,54855544.0
2024-07-17,37.07621695979651,39.02388271558331,36.87157092023921,38.50168247671294,1650502.0,89139968.0
2024-07-18,38.03593631772044,39.10150707541539,37.37260087915538,38.56519331657555,1374227.0,75003792.0
2024-07-19,38.67104471634657,38.67104471634657,37.61253071863636,38.18412827739987,994390.0,53518968.0
2024-07-22,38.17707151741514,38.93214483578176,37.866574078086806,38.51579599668241,957800.0,52189228.0
2024-07-23,38.45934191680453,38.91803131581229,37.79600647823946,37.8242335181784,1189098.0,64725724.0
2024-07-24,37.63370099859056,37.90891463799522,36.46933560110932,36.554016720926136,1223169.0,64153544.0
2024-07-25,36.3423139213841,37.379657639140106,36.14472464181152,36.85745740026973,786771.0,40982736.0
2024-07-26,36.850400640285,37.21735215949121,36.37759772130777,36.69515192062084,841580.0,43799832.0
2024-07-29,36.80806008037659,36.80806008037659,35.46727568327698,35.96830564219315,1018808.0,51913688.0
2024-07-30,35.82717044249846,36.08827056193365,35.28379992367388,35.73543256269691,588514.0,29757068.0
2024-07-31,35.989475922147356,38.76278259614813,35.42493512336858,38.76278259614813,1751352.0,93581208.0
2024-08-01,38.31820671710983,39.15796115529327,36.906854720162876,37.27380623936909,2316735.0,124189104.0
2024-08-02,37.33026031924697,37.41494143906379,34.662805045017215,34.6980888449409,3327772.0,168382656.0
2024-08-05,34.02769664639109,35.73543256269691,33.64663160721541,33.87244792672693,2662300.0,129766576.0
2024-08-06,34.22528592596367,34.65574828503249,32.48226620973418,33.0750340484519,2788037.0,131638208.0
2024-08-07,33.06092052848243,33.22322600813133,32.08003089060429,32.32701749007001,1742800.0,80088512.0
2024-08-08,32.37641480996316,32.65162844936781,31.296730532298735,32.207052570329516,2274134.0,102928160.0
2024-08-09,32.856274488925116,33.300850367963406,31.967122730848534,31.974179490833272,1634231.0,75353776.0
2024-08-12,31.98829301080274,32.56694732955099,31.70602261141335,32.35524453000895,1051100.0,48016272.0
2024-08-13,32.45403916979524,33.00446644860455,31.868328091062246,32.665741969337276,1154300.0,53001160.0
2024-08-14,32.65868520935255,32.65868520935255,31.81187401118437,31.875384851046984,933350.0,42373624.0
2024-08-15,31.938895690909597,32.60223112947467,31.437865731993426,32.02357681072642,1147850.0,52238880.0
2024-08-16,32.1435417304669,32.23527961026846,31.635455011566002,31.649568531535472,852500.0,38475120.0
2024-08-19,31.910668650970656,32.02357681072642,31.4731495319171,31.508433331840774,741682.0,33398028.0
2024-08-20,31.75541993130649,31.75541993130649,30.28761385448166,30.471089614084764,1314000.0,57217312.0
2024-08-21,30.506373414008436,30.90860873313832,30.344067934359536,30.4993166540237,623900.0,27084668.0
2024-08-22,30.67573565364207,30.696905933596277,30.082967814924352,30.195875974680106,658200.0,28262496.0
2024-08-23,30.68984917361154,30.90860873313832,29.81481093550443,30.054740774985415,906113.0,38906120.0
2024-08-26,29.8500947354281,30.915665493123058,29.8500947354281,30.308784134435864,851700.0,36669352.0
2024-08-27,30.4993166540237,30.4993166540237,29.42668913634402,29.70895953573341,1028000.0,43219156.0
2024-08-28,29.56782433603871,30.02651373504647,29.363178296481404,29.71601629571814,559700.0,23583684.0
2024-08-29,29.94888937521439,30.802757333367296,29.440802656313487,30.739246493504687,1329900.0,57416580.0
2024-08-30,30.61222481377946,32.00240653077221,30.471089614084764,31.56488741171865,1455565.0,65030580.0
2024-09-02,31.56488741171865,32.08708765058903,31.120311532680365,31.13442505264983,1945535.0,86926992.0
2024-09-03,31.402581932069754,32.56694732955099,30.9650628130162,32.00946329075695,1745000.0,79219632.0
2024-09-04,32.016520050741676,32.24939313023793,31.670738811489677,31.818930771169107,710200.0,32108236.0
2024-09-05,31.71307937139808,32.31290397010054,31.670738811489677,31.88244161103172,622131.0,28131820.0
2024-09-06,32.24939313023793,32.24939313023793,30.88038169319938,30.943892533061994,797400.0,35353580.0
2024-09-09,31.02857365287881,31.05680069281775,30.231159774603782,30.414635534206887,624837.0,27083412.0
2024-09-10,30.97211957300093,30.97211957300093,29.90654881530598,30.4993166540237,796300.0,34201780.0
2024-09-11,30.485203134054235,30.90860873313832,30.132365134817498,30.59811129380999,513935.0,22264468.0
2024-09-12,30.59811129380999,31.14148181263457,30.04062725501594,30.061797534970147,564139.0,24347264.0
2024-09-13,30.3158408944206,30.3158408944206,29.652505455855533,29.666618975825,592400.0,25090828.0
2024-09-18,29.67367573580973,29.977116415153326,29.130305216985157,29.44785941629822,676810.0,28178702.0
2024-09-19,29.8500947354281,31.261446732375056,29.737186575672347,30.36523821431374,1490800.0,64407772.0
2024-09-20,30.591054533825254,30.802757333367296,29.955946135199127,30.548713973916847,816850.0,35188896.0
2024-09-23,31.014460132909342,31.296730532298735,30.27350033451219,30.67573565364207,726500.0,31830344.0
2024-09-24,31.007403372924603,32.623401409428865,30.866268173229912,32.60223112947467,1969800.0,89221592.0
2024-09-25,33.18088544822292,34.5781239252004,33.14560164829924,33.87244792672693,2382537.0,114608840.0
2024-09-26,33.51255316750545,37.25969271939962,33.51255316750545,37.25969271939962,2551400.0,128708720.0
2024-09-27,39.122677355369596,39.98360207350724,37.47139551894166,39.23558551512536,1985300.0,109381192.0
2024-09-30,40.47051851245394,42.32644638843919,39.729558714056786,42.2276517486529,4324707.0,253629408.0
2024-10-08,46.44759421952429,46.44759421952429,40.22353191298822,44.034182304745,6221099.0,381066656.0
2024-10-09,43.04623590688213,43.04623590688213,39.75072899401099,39.88480743372096,3835649.0,223377536.0
2024-10-10,40.12473727320194,41.76190558966041,39.9553750335683,39.96948855353777,2494806.0,144145392.0
2024-10-11,39.72250195407205,40.15296431314088,36.83628712031553,37.35143059920117,2308300.0,125212248.0
2024-10-14,37.54196311878901,39.65193435422471,36.77983304043765,39.609593794316304,2838600.0,153896800.0
2024-10-15,39.609593794316304,40.18119135307981,38.54402303662135,39.7718992739652,2625528.0,147276864.0
2024-10-16,39.30615311497271,41.79718938958408,39.00271243562911,41.19030803089689,3416477.0,197921872.0
2024-10-17,40.04711291336986,41.86775698943143,40.04711291336986,40.23058867297296,3090077.0,179072576.0
2024-10-18,40.43523471253027,42.31938962845445,40.07533995330879,41.43729463036261,2760153.0,161740416.0
2024-10-21,41.917154309324566,42.33350314842392,40.64693751207231,40.97154847137011,3462400.0,202952992.0
2024-10-22,40.85864031161435,40.92215115147697,40.13885079317141,40.66810779202652,1838096.0,105354368.0
2024-10-23,41.56431631008783,42.18531118874449,40.40700767259133,41.87481374941616,2611374.0,154010672.0
2024-10-24,41.40906759042367,41.77601910962988,40.96449171138537,41.02800255124799,1046400.0,61185848.0
2024-10-25,41.34555675056106,42.60871678782858,41.00683227129378,42.30527610848498,2016800.0,119839480.0
2024-10-28,42.34055990840866,42.5734329879049,41.70545150978253,42.25587878859184,1358918.0,80978120.0
2024-10-29,42.36173018836286,42.552262707950696,40.95743495140064,41.07739987114113,1945400.0,114983888.0
2024-10-30,40.92215115147697,41.20442155086636,39.877750673736216,40.2376454329577,1356018.0,77826352.0
2024-10-31,40.30821303280504,40.54814287228602,39.23558551512536,40.25175895292716,1291312.0,73214112.0
2024-11-01,40.04711291336986,40.04711291336986,39.16501791527801,39.34143691489638,1373484.0,77119528.0
2024-11-04,39.376720714820046,40.49168879240815,39.376720714820046,40.30115627282031,1022906.0,58053656.0
2024-11-05,40.35055359271345,41.592543350026766,39.85658039378201,41.32438647060685,1657000.0,96180000.0
2024-11-06,41.38789731046946,41.95243810924825,40.61165371214864,41.50786223020995,1710242.0,100206952.0
2024-11-07,40.85864031161435,42.22059498866817,40.84452679164489,42.21353822868343,1638700.0,97159760.0
2024-11-08,42.78513578744695,43.00389534697372,41.70545150978253,41.80424614956882,1856200.0,110803400.0
2024-11-11,41.60665686999624,42.53814918798123,41.35261351054579,42.34055990840866,1600100.0,95429640.0
2024-11-12,42.33350314842392,43.74485514537088,42.065346269004,42.62988706778278,2538575.0,154274736.0
2024-11-13,42.5734329879049,43.0180088669432,41.917154309324566,42.933327747126384,1766624.0,106223080.0
2024-11-14,42.83453310734009,43.025065626927926,40.59754019217917,40.837470031660146,1569600.0,92487192.0
2024-11-15,40.44934823249974,41.54314603013363,40.16707783311035,40.29409951283557,1192500.0,68990520.0
2024-11-18,40.29409951283557,41.02094579126326,39.70133167411785,39.98360207350724,1404800.0,80197528.0
2024-11-19,40.28704275285084,41.30321619065265,40.04711291336986,41.14091071100374,1104396.0,63579240.0
2024-11-20,41.17619451092742,41.42318111039314,39.99771559347671,40.97154847137011,1757100.0,101085184.0
2024-11-21,40.93626467144644,40.97154847137011,40.20941839301875,40.40700767259133,926893.0,53230800.0
2024-11-22,40.41406443257606,40.77395919179754,38.445228396835056,38.57930683654502,1501344.0,84046976.0
2024-11-25,38.57225007656029,39.22852875514062,38.37466079698771,39.12973411535434,1224179.0,67351184.0
2024-11-26,39.03093947556805,39.70133167411785,38.812179916041266,39.03093947556805,817100.0,45492424.0
2024-11-27,38.80512315605654,40.19530487304929,38.02182279775098,40.16707783311035,1380000.0,76424264.0
2024-11-28,40.29409951283557,41.17619451092742,38.88274751588862,38.96742863570543,1591600.0,89444464.0
2024-11-29,39.376720714820046,40.068283193324056,38.78395287610233,39.6307640742705,1594500.0,89493304.0
2024-12-02,39.376720714820046,40.49168879240815,38.92508807579702,39.71544519408732,1832100.0,103234784.0
2024-12-03,39.87069391375149,39.94831827358357,38.86157723593441,39.42611803471319,1418217.0,78783400.0
2024-12-04,39.10150707541539,39.122677355369596,38.162957997445666,38.31820671710983,1858900.0,101419632.0
2024-12-05,38.29703643715563,38.29703643715563,37.32320355926223,38.14178771749146,1781867.0,95749488.0
2024-12-06,38.07122011764412,38.57225007656029,37.6830983184837,38.25469587724722,1199243.0,64945384.0
2024-12-09,38.19118503738461,38.39583107694192,37.59841719866689,38.05004983768991,1027900.0,55330408.0
2024-12-10,39.04505299553752,40.08239671329353,38.339376997064036,38.43817163685033,2142982.0,119052160.0
2024-12-11,38.66398795636184,38.946258355751226,38.339376997064036,38.635760916422896,1141900.0,62555876.0
2024-12-12,38.812179916041266,39.01682595559858,38.12061743753726,38.9392015957665,1204348.0,66184180.0
2024-12-13,38.83335019599547,38.83335019599547,37.90891463799522,37.94419843791889,1493267.0,80675712.0
2024-12-16,37.986538997827296,37.986538997827296,37.16795483959807,37.27380623936909,996015.0,52740116.0
2024-12-17,37.27380623936909,37.6830983184837,36.94213852008655,37.36554411917064,1194792.0,63267840.0
2024-12-18,37.44316847900272,37.6830983184837,36.97742232001023,36.97742232001023,819715.0,43276168.0
2024-12-19,36.79394656040712,37.33026031924697,36.43405180118565,37.09033047976599,975040.0,50914952.0
2024-12-20,37.1538413196286,37.38671439912484,36.84334388030027,37.04093315987284,635100.0,33392680.0
2024-12-23,37.09738723975072,37.30203327930803,36.41288152123145,36.41288152123145,698100.0,36356772.0
2024-12-24,36.3634842013383,37.34437383921644,36.3634842013383,37.18912511955227,883173.0,46461908.0
2024-12-25,37.29497651932329,37.29497651932329,36.60341404081928,36.86451416025447,659888.0,34495224.0
2024-12-26,36.88568444020868,37.18912511955227,36.60341404081928,36.60341404081928,617600.0,32258898.0
2024-12-27,36.49756264104826,36.85745740026973,36.41288152123145,36.76571952046819,698200.0,36296292.0
2024-12-30,36.80100332039186,37.06916019981178,36.42699504120091,36.86451416025447,689600.0,35957540.0
2024-12-31,36.69515192062084,37.02681963990337,36.06004352199471,36.13061112184206,677973.0,35099444.0
2025-01-02,35.99653268213209,36.34937068136883,34.59223744516987,34.82511052466612,1463593.0,73574320.0
2025-01-03,35.0226998042387,35.6930920027885,34.43698872550571,34.64163476506302,1074733.0,53399736.0
2025-01-06,34.59929420515461,35.24851612375021,34.13354804616211,34.7192591248951,870900.0,42861628.0
2025-01-07,34.59223744516987,34.99447276429976,34.23939944593314,34.76865644478824,637030.0,31297078.0
2025-01-08,34.66986180500196,34.66986180500196,33.66780188716962,34.43698872550571,850500.0,41298268.0
2025-01-09,34.22528592596367,34.56401040523093,34.055923686330026,34.21822916597893,573496.0,27918808.0
2025-01-10,34.21117240599419,34.64163476506302,33.83716412680325,33.87244792672693,631300.0,30636060.0
2025-01-13,33.87244792672693,34.35230760568889,33.75248300698643,34.29585352581101,600100.0,29049644.0
2025-01-14,34.338194085719415,35.05092684417763,34.19705888602473,34.94507544440661,1319400.0,64848512.0
2025-01-15,34.91684840446767,34.94507544440661,34.3734778856431,34.59929420515461,787000.0,38531660.0
2025-01-16,34.62046448510881,35.3473107635365,34.52872660530726,34.662805045017215,1043200.0,51661672.0
2025-01-17,34.50755632535306,35.53784328312433,34.22528592596367,35.52372976315487,990157.0,49271688.0
2025-01-20,35.79188664257478,36.504619401033,35.52372976315487,35.975362402177886,1050130.0,53850868.0
2025-01-21,36.1800084417352,36.596357280834546,35.60135412298695,36.10944084188785,603573.0,30793764.0
2025-01-22,35.96830564219315,36.77983304043765,35.84834072245266,36.6880951606361,1019200.0,52534080.0
2025-01-23,36.76571952046819,37.04798991985758,36.25763280156728,36.271746321536746,838673.0,43628912.0
2025-01-24,36.22940576162834,36.61752756078875,35.86951100240687,36.39876800126198,906700.0,46490680.0
2025-01-27,36.37759772130777,37.18912511955227,36.25057604158254,36.878627680223936,990300.0,51619752.0
2025-02-05,37.04798991985758,37.78189295826999,36.16589492176573,36.34937068136883,1244936.0,65333120.0
2025-02-06,36.43405180118565,36.56107348091088,36.07415704196418,36.37054096132304,728500.0,37506280.0
2025-02-07,36.47639236109406,37.4784522789264,36.30703012146043,37.16795483959807,1324786.0,69442656.0
2025-02-10,37.1538413196286,37.1538413196286,35.77777312260532,35.77777312260532,2008044.0,102754064.0
2025-02-11,35.82717044249846,35.84834072245266,34.585180685185136,34.92390516445241,1807382.0,89631664.0
2025-02-12,34.78982672474245,34.92390516445241,34.23939944593314,34.74748616483404,1632065.0,79737120.0
2025-02-13,34.7192591248951,34.96624572436082,34.54284012527673,34.662805045017215,1349573.0,66360664.0
2025-02-14,34.556953645246196,35.0650403641471,34.47227252542938,34.77571320477298,1137450.0,55987124.0
2025-02-17,34.92390516445241,34.99447276429976,34.40170492558203,34.83216728465086,1285850.0,63172344.0
2025-02-18,34.867451084574526,34.867451084574526,34.15471832611632,34.40170492558203,1499600.0,73299536.0
2025-02-19,34.40170492558203,34.5781239252004,34.260569725887336,34.44404548549044,978169.0,47712848.0
2025-02-20,34.49344280538359,34.74748616483404,34.33113732573469,34.691032084956156,1147169.0,56156632.0
2025-02-21,34.78982672474245,34.80394024471192,34.29585352581101,34.53578336529199,1302500.0,63702168.0
2025-02-24,34.52166984532253,34.556953645246196,34.12649128617738,34.19705888602473,1182600.0,57483308.0
2025-02-25,34.15471832611632,34.19705888602473,33.78776680691011,33.97829932649795,789341.0,38053488.0
2025-02-26,34.0700372062995,34.80394024471192,34.01358312642162,34.64869152504775,1467805.0,71675344.0
2025-02-27,34.6980888449409,35.05798360416237,34.50755632535306,34.83216728465086,1636100.0,80602936.0
2025-02-28,34.78982672474245,36.57518700088034,34.64869152504775,35.30497020362809,2554791.0,128901272.0
2025-03-03,35.14266472397918,35.84834072245266,35.015643044253956,35.12855120400972,1622450.0,81404760.0
2025-03-04,34.92390516445241,35.12855120400972,34.50755632535306,34.82511052466612,1188735.0,58484476.0
2025-03-05,34.93096192443714,35.61546764295642,34.63457800507828,35.043870084192896,1240564.0,61708620.0
2025-03-06,35.14266472397918,35.38259456346017,34.7404294048493,35.10738092405551,1355906.0,67500832.0
2025-03-07,35.05092684417763,35.5519568030938,34.75454292481877,35.00858628426922,1018000.0,50637212.0
2025-03-10,35.00858628426922,35.18500528388759,34.79688348472718,35.10032416407078,836475.0,41463668.0
2025-03-11,35.07209712413184,35.163835003933386,34.7192591248951,35.13560796399445,876631.0,43395728.0
2025-03-12,35.029756564223426,35.18500528388759,34.63457800507828,34.867451084574526,1063769.0,52480416.0
2025-03-13,34.57106716521567,34.82511052466612,34.19705888602473,34.232342685948396,1208413.0,58991888.0
2025-03-14,34.16883184608579,35.09326740408604,34.16883184608579,34.95213220439135,1539453.0,75875080.0
2025-03-17,34.95918896437608,35.770716362620576,34.83216728465086,35.48138920324646,1665863.0,83476296.0
2025-03-18,35.48138920324646,35.77777312260532,35.23440260378074,35.63663792291062,1101292.0,55454760.0
2025-03-19,35.43199188335331,35.813056922528986,35.29791344364335,35.53784328312433,788800.0,39692964.0
2025-03-20,35.340254003551756,35.60841088297168,35.11443768404025,35.21323232382653,820600.0,41086344.0
2025-03-21,35.21323232382653,35.55901356307854,34.514613085337785,34.61340772512408,1333767.0,66002000.0
2025-03-24,34.67691856498669,34.77571320477298,33.87950468671166,34.11943452619264,1251261.0,60745168.0
2025-03-25,34.14060480614685,34.93096192443714,33.89361820668113,34.56401040523093,1292900.0,63039268.0
2025-03-26,34.48638604539885,35.47433244326172,34.48638604539885,35.12855120400972,1310167.0,65057536.0
2025-03-27,35.12855120400972,35.56607032306327,34.64163476506302,35.14266472397918,1200869.0,59911640.0
2025-03-28,35.07915388411657,35.340254003551756,34.63457800507828,34.77571320477298,760700.0,37696884.0
2025-03-31,34.52166984532253,35.74248932268164,34.50755632535306,35.029756564223426,1683527.0,83958008.0
2025-04-01,35.03681332420816,36.45522208113985,35.00152952428449,35.93302184226948,2177300.0,110800944.0
2025-04-02,36.123554361857316,36.28585984150622,35.46021892329225,35.6930920027885,990400.0,50207216.0
2025-04-03,35.45316216330752,35.89068128236107,35.09326740408604,35.84834072245266,1565121.0,78949136.0
2025-04-07,33.801880326879576,34.98035924433029,32.2635066502074,32.2635066502074,2234244.0,104662448.0
2025-04-08,31.75541993130649,32.799820409047236,31.197935892512447,31.967122730848534,2275400.0,102450480.0
2025-04-09,31.33907109220714,32.17882553039058,30.49225989403897,31.875384851046984,1863100.0,83276000.0
2025-04-10,32.623401409428865,33.79482356689484,32.623401409428865,33.29379360797867,2192100.0,103813368.0
2025-04-11,33.25145304807026,33.95712904654374,32.98329616865035,33.54078020744439,1443800.0,68507048.0
2025-04-14,33.554893727413855,33.66074512718488,33.10326108839083,33.36436120782602,1629400.0,76943120.0
2025-04-15,34.84628080462033,35.96124888220842,34.47932928541412,35.227345843796,4381053.0,217937744.0
2025-04-16,34.91684840446767,35.31908372359755,33.69602892710856,34.246456205917866,2609704.0,127122632.0
2025-04-17,34.01358312642162,34.35230760568889,33.75248300698643,34.14766156613158,1263300.0,61087104.0
2025-04-18,33.94301552657427,34.13354804616211,33.51960992749019,33.70308568709329,1011000.0,48418616.0
2025-04-21,33.52666668747492,34.93801868442188,33.39258824776496,34.28174000584154,1660500.0,80411384.0
2025-04-22,34.07709396628423,35.31202696361282,33.97829932649795,34.839224044635586,3606900.0,177696336.0
2025-04-23,34.86039432458979,35.24851612375021,34.260569725887336,34.3946481655973,2124590.0,104132208.0
2025-04-24,34.338194085719415,34.45110224547518,33.89361820668113,34.00652636643689,1157100.0,55926744.0
2025-04-25,34.055923686330026,34.86039432458979,34.00652636643689,34.41581844555151,1459904.0,71379784.0
2025-04-28,34.06298044631477,34.42993196552097,33.477269367581776,33.604291047307,1493380.0,71694456.0
2025-04-29,33.59017752733754,34.0488669263453,33.39258824776496,33.68191540713909,960984.0,46060296.0
2025-04-30,33.801880326879576,34.514613085337785,33.68897216712382,34.084150726268966,1930857.0,93521288.0
2025-05-06,34.19000212603999,34.56401040523093,33.89361820668113,34.40170492558203,1690210.0,82040032.0
2025-05-07,34.7192591248951,34.867451084574526,34.17588860607052,34.3734778856431,1406990.0,68625296.0
2025-05-08,34.260569725887336,34.6980888449409,34.16177508610105,34.53578336529199,1255790.0,61319116.0
2025-05-09,34.54284012527673,34.59929420515461,33.801880326879576,33.921845246620066,1148000.0,55419604.0
2025-05-12,34.3946481655973,35.27674316368915,34.19000212603999,35.05798360416237,2435390.0,120246016.0
2025-05-13,35.354367523521226,35.678978482819026,35.00858628426922,35.17794852390286,2042716.0,102275480.0
2025-05-14,34.50049956536832,34.93096192443714,33.87950468671166,34.67691856498669,2674988.0,129984136.0
2025-05-15,34.81099700469665,35.56607032306327,34.23939944593314,34.23939944593314,2207036.0,109156736.0
2025-05-16,34.055923686330026,34.52872660530726,33.80893708686431,34.01358312642162,1645179.0,79512336.0
2025-05-19,33.95712904654374,34.0700372062995,33.63251808724594,33.907731726650596,1035600.0,49659804.0
2025-05-20,33.90067496666586,35.622524402941146,33.76659652695591,35.53784328312433,3424414.0,170162512.0
2025-05-21,35.50961624318539,35.94007860225422,35.163835003933386,35.340254003551756,1627760.0,81800040.0
2025-05-22,35.08621064410131,35.42493512336858,34.7404294048493,34.76159968480351,847870.0,42092996.0
2025-05-23,34.76159968480351,35.15677824394866,34.34525084570416,34.41581844555151,975500.0,48017828.0
2025-05-26,34.408761685566766,34.839224044635586,34.14060480614685,34.50755632535306,912228.0,44561952.0
2025-05-27,34.31702380576522,35.015643044253956,34.31702380576522,34.90979164448294,1166192.0,57392456.0
2025-05-28,35.015643044253956,36.25763280156728,34.82511052466612,35.3473107635365,1680406.0,84555992.0
2025-05-29,35.47433244326172,35.70014876277323,35.28379992367388,35.43904864333805,1314600.0,66066268.0
2025-05-30,35.49550272321592,36.0177029620863,35.36142428350596,35.56607032306327,1342100.0,67794304.0
2025-06-03,35.61546764295642,36.504619401033,35.340254003551756,35.88362452237634,2207700.0,112500992.0
2025-06-04,35.91890832230001,37.96536871787309,35.53784328312433,37.36554411917064,3838027.0,200805616.0
2025-06-05,42.93166543301258,43.41248704663212,41.978171724648405,42.458993338267945,2406000.0,125249872.0
2025-06-06,42.45084381939304,43.396188008882305,41.6521909696521,43.35544041450777,2751302.0,143825584.0
2025-06-09,43.404337527757214,44.52897113249445,43.19245003700962,44.105196150999255,3767551.0,202742688.0
2025-06-10,44.18669133974833,44.65936343449296,43.46953367875648,44.40672834937084,2514872.0,136300768.0
2025-06-11,44.080747594374536,44.72455958549223,43.68957068837898,43.76291635825314,1831969.0,99226184.0
2025-06-12,43.754766839378235,45.515062916358254,43.48583271650629,45.33577350111029,2398800.0,131139656.0
2025-06-13,45.270577350111026,45.36022205773501,44.30078460399704,44.32523316062176,1638308.0,90058896.0
2025-06-16,44.202990377498146,44.61046632124352,43.84441154700222,44.26818652849741,1339500.0,72536856.0
2025-06-17,43.9340562546262,44.26818652849741,43.526580310880824,43.95850481125092,1159653.0,62493008.0
2025-06-18,43.95850481125092,44.07259807549963,43.11095484826054,43.33099185788305,1178900.0,62852736.0
2025-06-19,43.22504811250925,43.44508512213175,42.19820873427091,42.22265729089563,1518800.0,79433688.0
2025-06-20,42.37749814951887,42.98871206513693,42.13301258327165,42.46714285714285,935300.0,48883300.0
2025-06-23,42.37749814951887,42.695329385640264,42.05966691339748,42.63013323464101,828610.0,43154920.0
2025-06-24,42.48344189489267,42.8501702442635,42.18190969652109,42.3041524796447,1422370.0,74095656.0
2025-06-25,42.62198371576609,43.35544041450777,42.2960029607698,43.09465581051073,1818933.0,95853792.0
2025-06-26,42.784974093264246,42.915366395262765,42.100414507772015,42.13301258327165,1539600.0,80248888.0
2025-06-27,42.13301258327165,42.65458179126573,41.970022205773496,42.21450777202072,964600.0,50132264.0
2025-06-30,42.784974093264246,43.67327165062916,42.17376017764619,43.45323464100666,1827700.0,96193088.0
2025-07-01,43.45323464100666,43.868860103626936,42.49974093264248,42.890917838638046,1182800.0,62292932.0
2025-07-02,43.05390821613619,43.05390821613619,42.26340488527017,42.42639526276832,1108800.0,57822840.0
2025-07-03,42.83387120651369,43.974803849000736,42.49974093264248,43.32284233900813,2002150.0,106468704.0
2025-07-04,42.99686158401184,44.30078460399704,42.99686158401184,43.46138415988157,1376435.0,73585120.0
2025-07-07,43.30654330125832,43.68142116950407,42.05151739452258,42.35304959289415,2040553.0,106732704.0
2025-07-08,42.2960029607698,43.045758697261284,42.22265729089563,42.556787564766836,1234853.0,64587300.0
2025-07-09,42.62198371576609,43.02945965951147,42.50789045151739,42.564937083641745,761353.0,39950852.0
2025-07-10,42.589385640266464,43.518430792005915,42.458993338267945,43.143552923760176,1054553.0,55667000.0
2025-07-11,43.143552923760176,44.54527017024426,42.8501702442635,43.599925980754996,2051500.0,109703168.0
2025-07-14,43.599925980754996,43.632524056254624,42.72792746113989,43.03760917838638,1967900.0,103898896.0
2025-07-15,42.923515914137674,43.477683197631386,42.57308660251665,42.83387120651369,2041167.0,107742216.0
2025-07-16,42.83387120651369,43.72216876387861,42.83387120651369,43.64882309400444,1275188.0,67750872.0
2025-07-17,43.64882309400444,43.885159141376754,43.045758697261284,43.15985196150999,1294691.0,68691568.0
2025-07-18,43.09465581051073,43.94220577350111,42.99686158401184,43.290244263508505,1741674.0,92815360.0
2025-07-21,43.176150999259804,43.624374537379715,43.11095484826054,43.48583271650629,1315096.0,69923456.0
2025-07-22,43.34729089563286,43.53472982975573,43.07835677276091,43.53472982975573,1208561.0,64198224.0
2025-07-23,43.754766839378235,45.832894152479646,43.705869726128796,44.37413027387121,3140148.0,172712320.0
2025-07-24,44.37413027387121,45.59655810510733,44.37413027387121,45.15648408586232,2243711.0,123949264.0
2025-07-25,45.270577350111026,46.64784603997039,45.00164322723908,45.1320355292376,2486417.0,139401920.0
2025-07-28,44.822353811991114,44.99349370836417,44.007401924500364,44.455625462620276,2309201.0,125465208.0
2025-07-29,44.25188749074759,44.53712065136935,43.66512213175425,44.1459437453738,1817900.0,98136280.0
2025-07-30,44.1540932642487,44.93644707623982,43.828112509252406,44.39857883049592,1805500.0,98608680.0
2025-07-31,44.12964470762398,44.1459437453738,43.32284233900813,43.6080754996299,1442275.0,77442512.0
2025-08-01,43.632524056254624,44.57786824574389,43.55917838638046,43.67327165062916,1720530.0,92897288.0
2025-08-04,43.19245003700962,43.80366395262768,43.08650629163582,43.79551443375277,1043405.0,55749656.0
2025-08-05,43.705869726128796,44.40672834937084,43.69772020725388,44.18669133974833,976389.0,52703736.0
2025-08-06,44.18669133974833,44.333382679496665,43.852561065877126,44.25188749074759,890887.0,48235516.0
2025-08-07,44.2600370096225,45.22168023686158,44.21928941524796,44.944596595114724,1779400.0,97859136.0
2025-08-08,44.93644707623982,45.09128793486306,44.57786824574389,44.65121391561806,1052513.0,57855552.0
2025-08-11,44.81420429311621,45.16463360473723,44.65936343449296,44.96089563286454,1239000.0,68383216.0
2025-08-12,44.97719467061435,45.22982975573649,44.65936343449296,44.83050333086602,1098844.0,60630824.0
2025-08-13,44.74085862324204,46.02033308660251,44.74085862324204,45.93068837897853,2045394.0,113795952.0
2025-08-14,45.92253886010362,48.48963730569948,45.91438934122872,47.00642487046632,3562744.0,207505200.0
2025-08-15,46.321865284974095,48.48963730569948,46.17517394522575,48.02511472982975,3020444.0,175892496.0
2025-08-18,48.0740118430792,51.162679496669135,47.67468541820873,49.95655070318282,4992012.0,306161696.0
2025-08-19,49.80170984455958,50.339578090303476,49.060103626943004,49.46757957068838,3397702.0,206654368.0
2025-08-20,49.31273871206513,50.119541080680975,49.08455218356772,49.5979718726869,1916600.0,116195304.0
2025-08-21,49.989148778682456,51.154529977794226,49.646868985936344,50.83669874167283,2924464.0,181807264.0
2025-08-22,50.942642487046626,51.09748334566987,49.6061213915618,49.94840118430792,2129000.0,130772752.0
2025-08-25,50.77150259067357,51.00783863804589,49.58167283493708,50.98339008142117,2805966.0,174008896.0
2025-08-26,50.86929681717246,54.3980384900074,50.54331606217617,53.387498149518876,4017316.0,260956288.0
2025-08-27,53.387498149518876,54.503982235381194,51.5701554404145,51.635351591413766,3019660.0,196313904.0
2025-08-28,51.309370836417465,55.40857883049592,50.592213175425606,54.609925980754994,3994269.0,257454784.0
2025-08-29,54.846262028127306,54.846262028127306,53.460843819393034,54.365440414507766,2436400.0,161756400.0
2025-09-01,53.93351591413768,54.7240192450037,53.6319837157661,53.746076980014806,1939596.0,128667576.0
2025-09-02,53.7542264988897,54.07205773501109,51.757594374537376,52.727387120651365,3098769.0,199466384.0
2025-09-03,53.02891931902294,53.517890451517395,51.99393042190969,52.97187268689859,2061800.0,133618408.0
2025-09-04,53.02076980014804,55.00925240562546,52.645891931902284,53.786824574389335,3099172.0,204284224.0
2025-09-05,53.70532938564027,54.02316062176166,52.417705403404874,53.34675055514433,2477709.0,161427424.0
2025-09-08,53.314152479644704,57.44595854922279,53.24895632864545,56.99773501110288,4132308.0,284096800.0
2025-09-09,56.965136935603255,57.755640266469285,53.72162842339008,54.65882309400443,4091250.0,275853184.0
2025-09-10,54.45508512213174,55.13964470762397,53.79497409326425,54.28394522575869,1554693.0,103742528.0
2025-09-11,54.02316062176166,55.653064396743154,52.99632124352331,55.416728349370835,2326027.0,156064224.0
2025-09-12,55.4982235381199,56.142035529237596,55.09889711324944,55.34338267949666,1473065.0,100536920.0
2025-09-15,55.40042931162102,55.799755736491484,53.66458179126572,55.31078460399704,2475999.0,165952160.0
2025-09-16,55.31078460399704,55.31893412287194,54.047609178386374,54.43063656550704,1674023.0,111932152.0
2025-09-17,54.601776461880085,54.601776461880085,53.460843819393034,54.202450037009626,2252725.0,149292528.0
2025-09-18,54.202450037009626,54.53658031088083,52.686639526276835,52.9800222057735,2931740.0,193173952.0
2025-09-19,53.01262028127312,54.112805329385644,52.90667653589933,53.45269430051813,1838189.0,120561048.0
2025-09-22,53.42824574389341,53.762376017764616,52.93927461139896,53.25710584752035,1195394.0,78127776.0
2025-09-23,52.62959289415247,52.96372316802368,51.1300814211695,52.605144337527754,2093565.0,133272224.0
2025-09-24,51.94503330866025,53.762376017764616,51.676099185788296,53.48529237601776,1527315.0,99345416.0
2025-09-25,53.59938564026646,53.90906735751295,52.874078460399694,53.48529237601776,1209794.0,79271776.0
2025-09-26,51.06488527017024,52.30361213915618,50.143989637305694,51.47236121391561,2407000.0,151400192.0
2025-09-29,51.92058475203552,53.28155440414507,50.934492968171725,51.24417468541821,2204900.0,140090480.0
2025-09-30,51.0159881569208,52.344359733530716,51.0159881569208,52.05912657290895,1436800.0,91587808.0
2025-10-09,51.94503330866025,51.99393042190969,50.84484826054774,51.69239822353811,2021165.0,127051200.0
2025-10-10,51.69239822353811,52.96372316802368,51.187128053293854,51.27677276091784,1280386.0,81207256.0
2025-10-13,50.127690599555876,51.26047372316802,49.95655070318282,50.05434492968172,1405400.0,86838240.0
2025-10-14,50.143989637305694,50.478119911176904,49.14159881569208,49.25569207994078,1314582.0,80330632.0
2025-10-15,49.36978534418949,49.85060695780903,48.815618060695776,49.7120651369356,1094200.0,66397248.0
2025-10-16,49.56537379718726,49.9321021465581,48.74227239082161,48.74227239082161,967600.0,58403400.0
2025-10-17,48.7341228719467,48.88081421169503,47.34870466321243,47.45464840858622,1382868.0,81351776.0
2025-10-20,47.992516654330124,48.831917098445594,47.731732050333086,48.71782383419689,2007106.0,118767496.0
2025-10-21,48.89711324944485,48.89711324944485,48.17180606957809,48.66077720207254,889700.0,52870700.0
2025-10-22,48.53853441894893,48.88896373056995,48.15550703182827,48.2940488527017,1085314.0,64431440.0
2025-10-23,48.2940488527017,48.9460103626943,48.02511472982975,48.57928201332346,786217.0,46734248.0
2025-10-24,48.815618060695776,48.85636565507032,48.38369356032568,48.620029607697994,557474.0,33259326.0
2025-10-27,48.60373056994818,49.09270170244263,48.08216136195411,48.66892672094744,1001317.0,59852628.0
2025-10-28,48.620029607697994,48.89711324944485,48.17180606957809,48.35109548482605,791300.0,47016864.0
2025-10-29,47.8621243523316,48.31849740932642,47.275358993338266,47.772479644707616,1185200.0,69262112.0
2025-10-30,47.772479644707616,48.17180606957809,46.77823834196891,46.933079200592154,1197660.0,69682200.0
2025-10-31,47.022723908216136,49.7120651369356,46.86788304959289,48.465188749074755,3506000.0,209155152.0
2025-11-03,48.48963730569948,48.53038490007401,47.3161065877128,47.91917098445595,1379300.0,80724072.0
2025-11-04,47.67468541820873,47.9680680977054,46.493005181347144,46.933079200592154,1314800.0,75918256.0
2025-11-05,46.582649888971126,46.933079200592154,46.493005181347144,46.68044411547002,752600.0,43132056.0
2025-11-06,46.688593634344926,47.658386380458914,46.63154700222057,47.43019985196151,869818.0,50338384.0
2025-11-07,47.38945225758697,49.7120651369356,47.0960695780903,48.929711324944485,2377482.0,142244240.0
2025-11-10,48.75042190969652,50.934492968171725,48.55483345669874,50.39662472242783,2916595.0,179715216.0
2025-11-11,50.364026646928195,50.77150259067357,49.149748334566986,49.58982235381199,1594700.0,97127832.0
2025-11-12,49.55722427831236,50.60851221317542,49.402383419689116,50.08694300518135,1479100.0,90859448.0
2025-11-13,49.997298297557364,50.44552183567727,49.36978534418949,49.67131754256106,1130100.0,68811856.0
2025-11-14,49.67131754256106,50.347727609178385,49.00305699481865,49.00305699481865,1128600.0,68508192.0
2025-11-17,48.76672094744634,49.549074759437445,48.245151739452254,48.74227239082161,1068200.0,63949620.0
2025-11-18,48.63632864544781,48.75042190969652,47.12051813471502,47.55244263508512,1259000.0,73778992.0
2025-11-19,47.756180606957805,48.0740118430792,47.275358993338266,47.34870466321243,690725.0,40357676.0
2025-11-20,47.51984455958549,47.756180606957805,45.873641746854176,46.16702442635085,1559600.0,89190560.0
2025-11-21,46.207772020725386,46.37076239822353,44.700111028867504,44.75715766099186,1666613.0,92975464.0
2025-11-24,44.83865284974093,45.43356772760917,44.50452257586972,44.911998519615096,878129.0,48480908.0
2025-11-25,45.20538119911176,45.47431532198371,44.03185048112509,44.105196150999255,1766510.0,97000760.0
2025-11-26,44.113345669874164,44.54527017024426,43.9340562546262,44.088897113249445,1088500.0,59087876.0
2025-11-27,44.202990377498146,44.40672834937084,43.77106587712805,44.0481495188749,1147351.0,62063864.0
2025-11-28,43.9340562546262,44.333382679496665,43.87700962250185,44.1459437453738,848129.0,45921428.0
2025-12-01,44.333382679496665,44.41487786824574,43.92590673575129,44.19484085862324,1290500.0,69965032.0
2025-12-02,44.007401924500364,44.18669133974833,43.58362694300518,43.95035529237602,1001000.0,53779760.0
2025-12-03,43.94220577350111,44.24373797187268,43.45323464100666,43.73031828275351,1090284.0,58652556.0
2025-12-04,43.68957068837898,43.7140192450037,43.11095484826054,43.3880384900074,835300.0,44451832.0
2025-12-05,43.42878608438193,43.8199629903775,42.784974093264246,43.599925980754996,1193794.0,63318044.0
2025-12-08,43.55917838638046,44.65121391561806,43.55917838638046,43.92590673575129,2032482.0,110074160.0
2025-12-09,43.92590673575129,44.920148038490005,43.526580310880824,44.211139896373055,2996444.0,163176320.0
2025-12-10,44.19484085862324,45.026091783863805,43.41248704663212,43.828112509252406,2586300.0,139825152.0
2025-12-11,43.828112509252406,44.007401924500364,42.64643227239082,42.70347890451517,2720100.0,143497296.0
2025-12-12,42.63828275351591,43.58362694300518,42.434544781643226,42.98056254626203,2116711.0,112038072.0
2025-12-15,42.98056254626203,44.40672834937084,42.88276831976313,43.885159141376754,1742418.0,93613768.0
2025-12-16,43.828112509252406,44.17854182087343,43.518430792005915,43.77106587712805,1005400.0,54078312.0
2025-12-17,43.77106587712805,44.73270910436713,43.526580310880824,44.72455958549223,1928000.0,105158336.0
2025-12-18,44.5860177646188,45.050540340488524,44.455625462620276,44.90384900074019,1307100.0,71851264.0
2025-12-19,45.026091783863805,46.444108068097705,44.73270910436713,46.06923019985196,2639854.0,148588896.0
2025-12-22,46.41150999259808,46.41150999259808,45.376521095484826,45.55581051073278,1382129.0,77324032.0
2025-12-23,45.400969652109545,45.767698001480376,44.87125092524056,44.98534418948927,1197700.0,66433436.0
2025-12-24,44.700111028867504,45.22982975573649,44.5860177646188,45.066839378238335,837101.0,46184896.0
2025-12-25,45.498763878608436,45.498763878608436,44.87125092524056,45.39282013323464,772800.0,42833248.0
2025-12-26,45.31947446336047,45.48246484085862,45.14018504811251,45.22982975573649,770100.0,42805544.0
2025-12-29,45.376521095484826,45.92253886010362,44.90384900074019,45.5721095484826,1156300.0,64480432.0
2025-12-30,45.515062916358254,45.68620281273131,45.172783123612135,45.38467061435973,762900.0,42533624.0
2025-12-31,45.38467061435973,45.71065136935603,44.95274611398963,45.44986676535899,746900.0,41619348.0
2026-01-05,45.55581051073278,47.34870466321243,45.47431532198371,47.275358993338266,2328718.0,133322240.0
2026-01-06,47.48724648408586,49.549074759437445,47.12051813471502,49.3779348630644,3160351.0,188025712.0
2026-01-07,49.67131754256106,49.7120651369356,48.334796447076236,48.70967431532198,1778900.0,106806008.0
2026-01-08,48.465188749074755,49.75281273131014,48.465188749074755,48.75857142857142,2088518.0,125936464.0
2026-01-09,48.815618060695776,49.386084381939305,48.65262768319763,48.93786084381939,1716318.0,103182640.0
2026-01-12,48.90526276831976,48.90526276831976,48.04956328645448,48.62817912657291,2072400.0,123494816.0
2026-01-13,48.52223538119911,49.48387860843819,48.09031088082901,48.25330125832716,1722200.0,103023912.0
2026-01-14,48.04141376757957,48.725973353071794,46.86788304959289,47.275358993338266,2153711.0,126595856.0
2026-01-15,47.25091043671354,49.08455218356772,47.25091043671354,48.3999925980755,1760391.0,104242824.0
2026-01-16,48.64447816432272,48.86451517394522,47.51169504071058,47.9680680977054,1285700.0,75730880.0
2026-01-19,47.8539748334567,50.111391561806066,47.756180606957805,49.630569948186526,2343700.0,141844704.0
2026-01-20,50.347727609178385,54.031310140636556,49.964700222057736,52.51549962990377,4582989.0,292871584.0
2026-01-21,52.458452997779425,53.574937083641736,51.741295336787566,53.35490007401924,3359187.0,218441664.0
2026-01-22,53.35490007401924,53.73792746113989,52.16507031828275,52.33621021465581,2473700.0,159848784.0
2026-01-23,52.605144337527754,52.90667653589933,52.15692079940784,52.4421539600296,1738900.0,112022232.0
2026-01-26,52.849629903774975,54.91960769800148,51.93688378978534,54.05575869726128,4060600.0,267567232.0
2026-01-27,53.786824574389335,54.56917838638045,53.03706883789785,53.65643227239082,2568400.0,169159504.0
2026-01-28,53.62383419689119,53.73792746113989,50.478119911176904,50.65740932642486,4337972.0,272867264.0
2026-01-29,50.50256846780162,53.13486306439674,49.883205033308656,51.98578090303479,3601317.0,229712896.0
2026-01-30,52.246565507031825,52.53994818652849,50.56776461880088,51.553856402664685,1760200.0,110722960.0
2026-02-02,51.4642116950407,51.537557364914875,48.66077720207254,48.89711324944485,2355931.0,143857280.0
2026-02-03,48.97045891931902,49.777261287934856,48.57928201332346,49.57352331606217,1766100.0,106456160.0
2026-02-04,49.44313101406365,52.018378978534415,49.051954108068095,51.42346410066617,2662000.0,166131056.0
2026-02-05,51.50495928941525,53.22450777202072,50.89374537379719,52.140621761658025,2462800.0,157162496.0
2026-02-06,50.95079200592154,53.58308660251665,50.89374537379719,52.54809770540341,2005593.0,129954800.0
2026-02-09,53.460843819393034,54.05575869726128,52.32806069578089,53.86831976313841,2301487.0,150886240.0
2026-02-10,53.917216876387855,54.25134715025906,53.13486306439674,53.84387120651368,1554650.0,102462288.0
2026-02-11,53.93351591413768,54.08835677276092,52.97187268689859,53.84387120651368,1862300.0,122505992.0
2026-02-12,53.43639526276831,55.00925240562546,53.26525536639526,54.2920947446336,2417100.0,161011264.0
2026-02-13,54.32469282013323,54.32469282013323,52.458452997779425,52.466602516654326,1214595.0,79018664.0
2026-02-24,52.874078460399694,53.81127313101406,52.20581791265729,53.45269430051813,1977800.0,129022112.0
2026-02-25,53.14301258327164,56.32947446336048,53.102264988897105,55.95459659511472,3249010.0,221203136.0
2026-02-26,56.32947446336048,57.72304219096965,55.93014803849,56.76954848260547,3276600.0,228052768.0
2026-02-27,56.99773501110288,58.782479644707614,56.32947446336048,56.66360473723168,3064956.0,214885264.0
2026-03-02,56.07683937823834,57.61709844559585,56.05239082161361,56.77769800148038,2480200.0,173162896.0
2026-03-03,56.7858475203553,56.99773501110288,54.91960769800148,55.416728349370835,2305500.0,157646208.0
2026-03-04,55.25373797187268,55.8242042931162,53.62383419689119,53.94981495188749,2416188.0,161671968.0
2026-03-05,54.601776461880085,54.601776461880085,52.89037749814952,53.45269430051813,1839500.0,120769304.0
2026-03-06,53.232657290895624,55.13149518874908,52.874078460399694,54.3980384900074,2278100.0,151365792.0
2026-03-09,54.3980384900074,54.772916358253134,51.0159881569208,51.545706883789784,2862600.0,182999872.0
2026-03-10,51.91243523316062,52.645891931902284,51.0159881569208,51.48051073279052,1990437.0,126048992.0
2026-03-11,51.62720207253886,51.96133234641006,51.056735751295335,51.48866025166543,1638877.0,103591240.0
2026-03-12,51.24417468541821,51.60275351591414,50.38847520355292,51.0159881569208,1331594.0,83187736.0
2026-03-13,50.55146558105107,53.21635825314581,50.39662472242783,51.09748334566987,2371600.0,151118112.0
2026-03-16,50.84484826054774,51.21157660991858,49.22309400444115,49.69576609918578,2037700.0,124619176.0
2026-03-17,49.86690599555884,50.20918578830496,49.28829015544041,49.5979718726869,1273300.0,77770168.0
2026-03-18,49.67946706143597,50.730754996299034,49.5979718726869,49.94025166543301,965500.0,59324076.0
2026-03-19,49.22309400444115,49.9321021465581,48.04141376757957,48.06586232420429,1610351.0,96359896.0
2026-03-20,48.27774981495189,49.57352331606217,47.78062916358253,47.82137675795707,1824100.0,109004688.0
2026-03-23,47.34055514433753,47.609489267209476,45.31132494448556,45.604707623982236,2008300.0,114397448.0
2026-03-24,46.330014803849,47.06347150259067,45.58025906735751,46.827135455218354,1449362.0,82192000.0
2026-03-25,46.83528497409326,48.799319022945966,46.810836417468536,48.000666173205026,1153600.0,67799360.0
2026-03-26,48.000666173205026,48.61188008882309,46.77823834196891,47.1042190969652,1548515.0,90447592.0
2026-03-27,46.57450037009622,48.14735751295336,46.40336047372316,47.81322723908216,1492000.0,86644432.0
2026-03-30,47.413900814211694,47.78877868245743,46.721191709844554,47.26720947446336,1291751.0,75066536.0
2026-03-31,47.275358993338266,48.14735751295336,46.68044411547002,46.68044411547002,851800.0,49456712.0
2026-04-01,47.25905995558845,48.48148778682457,47.25905995558845,48.17180606957809,1298200.0,76444480.0
2026-04-02,47.69098445595855,48.448889711324945,47.43019985196151,48.04956328645448,952100.0,56089768.0
2026-04-03,48.098460399703924,48.228852701702436,47.022723908216136,47.89472242783123,749199.0,43723408.0
2026-04-07,47.89472242783123,48.67707623982235,47.405751295336785,47.57689119170984,1056058.0,62277260.0
2026-04-08,48.31849740932642,50.51886750555144,48.000666173205026,50.42922279792746,2597817.0,158783808.0
2026-04-09,49.84245743893412,49.989148778682456,48.62817912657291,48.71782383419689,1725737.0,103799000.0
2026-04-10,48.725973353071794,49.10085122131754,48.000666173205026,48.45703923019985,2083486.0,123917008.0
2026-04-13,48.62817912657291,48.929711324944485,47.397601776461876,47.650236861584006,2026100.0,119032832.0
2026-04-14,47.82137675795707,48.71782383419689,47.51169504071058,48.63632864544781,1592300.0,94210408.0
2026-04-15,48.87266469282013,49.508327165062916,48.465188749074755,48.98675795706883,1454000.0,87362304.0
2026-04-16,49.10900074019244,49.75281273131014,48.823767579570685,49.34533678756476,1070300.0,64845560.0
2026-04-17,49.47572908956328,49.4920281273131,48.53038490007401,48.701524796447075,1119265.0,67245456.0
2026-04-20,48.67707623982235,48.831917098445594,47.756180606957805,48.48963730569948,1568148.0,92779376.0
2026-04-21,48.098460399703924,49.28829015544041,48.098460399703924,48.88081421169503,950636.0,56855976.0
2026-04-22,48.64447816432272,49.13344929681717,48.2940488527017,48.64447816432272,776988.0,46399344.0
2026-04-23,48.367394522575864,48.63632864544781,47.283508512213174,47.911021465581044,929007.0,54626520.0
2026-04-24,47.68283493708363,48.04956328645448,45.645455218356766,45.881791265729085,2466160.0,140454048.0
2026-04-27,45.88994078460399,46.688593634344926,45.88994078460399,46.27296817172465,1128328.0,64270152.0
2026-04-28,46.37891191709844,46.63154700222057,45.65360473723168,46.15072538860103,881282.0,49685904.0
2026-04-29,47.08792005921539,48.08216136195411,46.949378238341964,47.210162842339,1486232.0,86654632.0
2026-04-30,47.26720947446336,47.26720947446336,46.15072538860103,46.34631384159881,1365411.0,78028992.0
2026-05-06,46.37076239822353,47.055321983715764,46.15072538860103,46.35446336047372,1539800.0,87799312.0
2026-05-07,46.85973353071798,47.1042190969652,46.24851961509992,46.949378238341964,1212552.0,69545176.0
2026-05-08,46.63969652109548,47.49539600296077,46.63969652109548,46.98197631384159,1481900.0,85651016.0
2026-05-11,47.00642487046632,47.59319022945966,46.02848260547742,47.12051813471502,1821064.0,104804264.0
2026-05-12,47.16126572908956,47.16126572908956,46.04478164322724,46.28111769059955,1526073.0,87071752.0
2026-05-13,46.34631384159881,46.55820133234641,45.96328645447816,46.37891191709844,819120.0,46534384.0
2026-05-14,46.37076239822353,46.688593634344926,44.83865284974093,44.83865284974093,1986931.0,111151408.0
2026-05-15,44.98534418948927,45.36022205773501,44.05629903774982,44.463774981495185,1861700.0,102201288.0
2026-05-18,44.463774981495185,44.691961509992595,42.62198371576609,42.890917838638046,2079081.0,110150072.0
2026-05-19,43.31469282013323,43.35544041450777,42.793123612139155,43.25764618800888,1178700.0,62324620.0
2026-05-20,42.662731310140636,42.86646928201332,41.725536639526275,42.801273131014064,2796473.0,145003344.0
2026-05-21,42.817572168763874,43.33914137675795,41.741835677276086,41.741835677276086,1671800.0,87404296.0
2026-05-22,41.970022205773496,42.38564766839378,41.611443375277574,42.11671354552183,1048400.0,54017288.0
2026-05-25,42.86646928201332,46.330014803849,42.784974093264246,45.80029607698001,6281501.0,349028192.0
2026-05-26,44.84680236861584,47.08792005921539,44.04,44.04,5211388.0,289846656.0
2026-05-27,53.71,56.09,53.13,54.7,5076199.0,277288160.0
2026-05-28,56.04,56.48,53.0,56.03,6399200.0,352148416.0
2026-05-29,55.92,57.81,54.8,55.42,6623222.0,372554112.0
2026-06-01,55.39,58.86,55.15,57.66,6947201.0,399272064.0
2026-06-02,57.71,58.16,56.2,56.28,4082217.0,232114448.0
2026-06-03,56.4,59.0,56.13,56.72,4974956.0,286816096.0
2026-06-04,56.2,56.55,52.26,53.07,6201369.0,333850304.0
2026-06-05,53.0,53.59,51.82,52.51,3153900.0,166120304.0
2026-06-08,51.2,52.22,48.9,49.48,4230395.0,211445456.0
2026-06-09,52.0,53.83,51.33,53.18,4564897.0,241114800.0
2026-06-10,53.52,56.8,52.55,55.3,4897119.0,270540576.0
2026-06-11,54.38,55.38,53.7,54.69,2905002.0,158803728.0
2026-06-12,54.7,58.17,54.7,57.65,4532256.0,257808352.0
2026-06-15,58.25,58.7,56.93,58.5,3682521.0,212363456.0
2026-06-16,59.5,59.73,56.7,58.75,4179058.0,244500528.0
2026-06-17,58.74,61.61,57.13,60.89,5273387.0,316653216.0
2026-06-18,60.5,61.88,59.31,60.3,3166748.0,190717168.0
2026-06-22,59.8,63.3,59.49,62.05,4395404.0,271586496.0
2026-06-23,62.0,64.17,61.05,62.52,3189505.0,201063456.0
2026-06-24,62.42,68.77,62.0,68.77,7777602.0,519039392.0
2026-06-25,70.88,75.65,70.88,75.65,12487161.0,927925824.0
2026-06-26,75.0,77.87,73.01,76.02,9497909.0,719989824.0
2026-06-29,76.24,77.0,71.81,72.88,7094802.0,520884352.0
2026-06-30,72.88,74.0,69.71,71.17,7366376.0,523274272.0
2026-07-01,71.85,76.93,71.28,76.65,6640730.0,496937056.0
2026-07-02,74.0,76.31,71.5,72.03,5651694.0,416655712.0
2026-07-03,72.52,79.23,72.52,79.23,3613427.0,282332896.0
2026-07-06,80.0,81.0,75.0,78.35,11476853.0,888755392.0
2026-07-07,77.96,83.97,77.5,79.52,8096795.0,656855232.0
2026-07-08,78.71,79.97,73.85,76.12,7803133.0,598278336.0
2026-07-09,76.0,76.86,74.01,76.01,5763091.0,435919712.0
2026-07-10,76.9,77.2,74.17,74.59,4517521.0,339671872.0
2026-07-13,73.67,77.5,70.83,71.8,5493788.0,403320864.0
2026-07-14,71.38,73.28,70.1,73.21,6043834.0,432962048.0
2026-07-15,73.07,73.25,66.71,72.0,9136728.0,640176512.0
2026-07-16,69.75,70.56,64.8,64.8,6366228.0,426310944.0
2026-07-17,64.97,67.73,63.2,63.41,6197067.0,405107872.0
2026-07-20,63.41,65.18,61.3,62.7,5076801.0,320886336.0
2026-07-21,62.37,66.5,61.88,66.05,4811217.0,313404000.0
2026-07-22,66.0,66.49,64.02,65.3,3085966.0,200219392.0
2026-07-23,64.0,65.78,62.51,63.53,2924822.0,186214128.0
2026-07-24,63.33,63.55,62.0,62.64,1912668.0,120062064.0
2026-07-27,62.38,63.99,61.87,63.99,2482091.0,156169792.0
2026-07-28,64.76,64.76,62.0,62.47,2706904.0,169942496.0
2026-07-29,62.49,62.65,59.0,60.75,4388547.0,267903936.0
2026-07-30,60.72,61.97,57.72,59.65,3705235.0,222136208.0
2026-07-31,60.5,61.36,58.5,58.55,2793580.0,166295776.0
2026-08-03,58.89,59.76,58.3,59.48,2201603.0,130230832.0
2026-08-04,59.48,61.8,59.31,60.8,2900705.0,176586160.0
2026-08-05,60.56,63.44,60.31,62.4,2342910.0,146155280.0
2026-08-06,62.71,67.76,62.43,67.3,5773313.0,382219200.0
2026-08-07,66.72,68.56,65.88,68.1,4333254.0,292186144.0
2026-08-10,68.1,68.75,65.89,67.29,2889483.0,194114896.0
2026-08-11,66.97,67.29,65.51,65.84,2451937.0,162158736.0
2026-08-12,66.16,67.49,65.86,67.03,2836028.0,189487136.0
2026-08-13,67.6,69.99,66.8,68.75,5093421.0,348502720.0
2026-08-14,66.19,67.34,64.01,65.56,5665106.0,372414368.0
2026-08-17,65.55,66.68,63.6,66.58,3701895.0,242282000.0
2026-08-18,66.85,69.5,65.48,68.98,3801474.0,257434432.0
2026-08-19,68.2,69.88,64.28,64.69,3428785.0,227412896.0
2026-08-20,65.2,68.13,64.75,67.4,2897595.0,193152496.0
2026-08-21,67.99,68.11,65.88,66.27,1840404.0,122698856.0
2026-08-24,66.14,66.98,63.0,63.6,1903872.0,122685032.0
2026-08-25,63.63,64.57,62.33,63.66,1697652.0,107990536.0
2026-08-26,63.19,64.89,63.19,63.42,1048602.0,67121984.0
2026-08-27,63.3,64.5,63.0,64.22,1369982.0,87104552.0
2026-08-28,64.38,65.14,63.64,64.51,1600565.0,103017360.0
2026-08-31,64.35,64.35,61.9,62.36,1772325.0,110870024.0
2026-09-01,62.32,62.68,61.62,61.92,1442460.0,89459488.0
2026-09-02,61.95,62.0,59.88,60.7,1802708.0,108976272.0
2026-09-03,61.0,61.37,59.91,61.01,1359748.0,82455616.0
2026-09-04,61.35,64.68,60.98,63.29,3088950.0,195510224.0
