date,open,high,low,close,volume,amount
2015-04-23,0.046462121808031456,0.055759265531934145,0.046462121808031456,0.055759265531934145,50900.0,1198827.0
2015-04-24,0.06132811304168296,0.06132811304168296,0.06132811304168296,0.06132811304168296,18500.0,480815.0
2015-04-27,0.06746328402699946,0.06746328402699946,0.06746328402699946,0.06746328402699946,12500.0,357375.0
2015-04-28,0.0742119721108476,0.0742119721108476,0.0742119721108476,0.0742119721108476,40300.0,1267435.0
2015-04-29,0.08164496772767336,0.08164496772767336,0.08164496772767336,0.08164496772767336,69499.0,2404665.5
2015-04-30,0.0898094645004407,0.0898094645004407,0.0898094645004407,0.0898094645004407,108299.0,4121860.0
2015-05-04,0.09879984967507754,0.09879984967507754,0.09879984967507754,0.09879984967507754,188900.0,7909243.0
2015-05-05,0.10868691368602991,0.10868691368602991,0.10868691368602991,0.10868691368602991,416100.0,19165566.0
2015-05-06,0.1195650437792257,0.1195650437792257,0.11562437626173394,0.1195650437792257,15613625.0,787552064.0
2015-05-07,0.11798405740993259,0.13152862720059286,0.11597832843396373,0.13152862720059286,22379580.0,1184652416.0
2015-05-08,0.13686150659552182,0.1443652926467935,0.13155222401207484,0.13922118774372047,28444936.0,1666769408.0
2015-05-11,0.13924478455520245,0.15314330651809252,0.13924478455520245,0.15314330651809252,19885252.0,1236222080.0
2015-05-12,0.15809863692930967,0.16845763716990175,0.15573895578111102,0.16845763716990175,15287324.0,1062843776.0
2015-05-13,0.1769760861148989,0.18530576056804013,0.1722567238185016,0.18530576056804013,11248313.0,865421568.0
2015-05-14,0.1993930570227861,0.20382925758139955,0.1958535353004881,0.20382925758139955,6626878.0,567468480.0
2015-05-15,0.22181002793067328,0.2242169027018359,0.1864148107076935,0.20758115060703541,27695800.0,2481075200.0
2015-05-18,0.19821321644868675,0.22834634471118354,0.1927387561848659,0.22834634471118354,23039800.0,2112334208.0
2015-05-19,0.23622767974616704,0.2510700741683366,0.21940315315951067,0.22055939692212798,22429448.0,2201765888.0
2015-05-20,0.21237130333787868,0.23101278440864803,0.20765194104148138,0.21381070883827985,16263013.0,1499294208.0
2015-05-21,0.20743956973814348,0.21286683637900036,0.20293257874508405,0.20715640800035967,17144752.0,1496401792.0
2015-05-22,0.20953968596004027,0.2278744084815438,0.2031685468599039,0.2278744084815438,22140108.0,2039390080.0
2015-05-25,0.2278744084815438,0.24779011737234044,0.21473098448607733,0.2320982377368194,21986668.0,2172843776.0
2015-05-26,0.22629342211225073,0.24068747711626248,0.22416970907887193,0.23556696902467142,18415696.0,1834063744.0
2015-05-27,0.2343163380161261,0.259116586883694,0.2312723493349499,0.259116586883694,14905015.0,1563486720.0
2015-05-28,0.28077845982415756,0.28502588589091515,0.23325448149943673,0.24880478026606584,24860872.0,2943807232.0
2015-05-29,0.22393374096405208,0.2595649263018517,0.22393374096405208,0.22940820122787292,24511262.0,2419441920.0
2015-06-01,0.2263642125466967,0.2263642125466967,0.21001162218968003,0.21414106419902765,17190716.0,1569231616.0
2015-06-02,0.2119937543541669,0.2175390050524337,0.20387645120436354,0.21640635810129835,13014232.0,1163131648.0
2015-06-03,0.21968631489729448,0.22844073195711148,0.21024759030449988,0.22435848357072782,12985186.0,1216735744.0
2015-06-04,0.22416970907887193,0.22416970907887193,0.20191791585135863,0.2074159729266615,10103838.0,894083008.0
2015-06-05,0.20807668364815715,0.213551143911978,0.2005728975968854,0.20210669034321455,9424043.0,822425024.0
2015-06-08,0.20210669034321455,0.20378206395843557,0.18259212724761167,0.18624963302731962,11687911.0,937903744.0
2015-06-09,0.1888216854788561,0.20031333267058357,0.1888216854788561,0.19653784283346573,8356303.0,692860480.0
2015-06-10,0.19443772661156894,0.20765194104148138,0.1911341730040908,0.20333372454027784,8531061.0,731550848.0
2015-06-11,0.19880313673573644,0.21423545144495562,0.19880313673573644,0.2093273146567024,9493276.0,835979648.0
2015-06-12,0.20765194104148138,0.21116786595229733,0.1958771321119701,0.2033809181632418,9154817.0,786579840.0
2015-06-15,0.20028973585910156,0.20028973585910156,0.18424390405135074,0.1869103437488152,6979489.0,567286656.0
2015-06-16,0.18171904522277818,0.1909453985122349,0.17721205422971875,0.18440908173172466,5416441.0,422089728.0
2015-06-17,0.185470938248414,0.1958535353004881,0.18174264203426016,0.19351745096377146,5120938.0,408178816.0
2015-06-18,0.192526384881528,0.2005728975968854,0.1821909814524179,0.18669797244547734,6027584.0,495645440.0
2015-06-19,0.17782557132825041,0.18945879938886978,0.1769760861148989,0.18103473768980058,4798931.0,374268064.0
2015-06-23,0.18181343246870613,0.19842558775202465,0.18103473768980058,0.19592432573493407,9078677.0,735616512.0
2015-06-24,0.1981660228257228,0.20765194104148138,0.19434333936564097,0.20158756049061086,7462129.0,633568192.0
2015-06-25,0.20526866308180072,0.2057170024999585,0.1911341730040908,0.19431974255415896,6791245.0,574063744.0
2015-06-26,0.18740587678993695,0.19106338256964484,0.1748995667044841,0.1748995667044841,5450788.0,419056064.0
2015-06-29,0.1816954484112962,0.1816954484112962,0.15741432939633204,0.15741432939633204,4921105.0,340678560.0
2015-06-30,0.14837675059873123,0.17287024091703326,0.14167525613784707,0.17270506323665932,9894156.0,634567488.0
2015-07-01,0.16517768037390562,0.18207299739500798,0.16071788300381018,0.16152017459419774,6291603.0,459724256.0
2015-07-02,0.16069428619232817,0.16583839109540124,0.14537995554051894,0.14748007176241573,5264289.0,338019552.0
2015-07-03,0.14327983931862215,0.155833343027039,0.13273206458617418,0.13882004194852668,5722698.0,342332160.0
2015-07-06,0.15269496709993474,0.15269496709993474,0.12624294142862788,0.13223653154505244,5915073.0,356305984.0
2015-07-07,0.12390685709191121,0.13178819212689472,0.11902231711514,0.11902231711514,3489230.0,180335200.0
2015-07-08,0.10712952412821879,0.10712952412821879,0.10712952412821879,0.10712952412821879,2292000.0,104056800.0
2015-07-09,0.09641657171539691,0.11784247654104067,0.09641657171539691,0.11784247654104067,8348469.0,390774400.0
2015-07-10,0.12482713273970868,0.12961728547055196,0.12388326028042923,0.12961728547055196,2197979.0,119115024.0
2015-07-13,0.14257193497416254,0.14257193497416254,0.1346198095047331,0.14257193497416254,4385210.0,263437872.0
2015-07-14,0.14630023118831642,0.1568244091092824,0.14259553178564455,0.1568244091092824,8778056.0,572194176.0
2015-07-15,0.1552670195514713,0.1552670195514713,0.14113252947376137,0.14113252947376137,4972426.0,304444768.0
2015-07-16,0.12860262257682653,0.15094880305026775,0.1273991851912452,0.1456395204668208,3952535.0,238578128.0
2015-07-17,0.14865991233651507,0.15706037722410227,0.1444124862697575,0.154039985354408,4872850.0,310241568.0
2015-07-20,0.15288374159179066,0.15710757084706625,0.14630023118831642,0.15076002855841186,4034441.0,260152336.0
2015-07-21,0.14814078248391138,0.15573895578111102,0.14559232684385684,0.15170390101769135,3030960.0,194114544.0
2015-07-22,0.15007572102543426,0.1545591152070117,0.14748007176241573,0.1531197097066105,3160634.0,203699872.0
2015-07-23,0.1538512108625521,0.16564961660354538,0.14865991233651507,0.16272361197977903,7284791.0,489412128.0
2015-07-24,0.16234606299606724,0.16635752094800496,0.15696598997817432,0.15958523605267483,6164100.0,424456928.0
2015-07-27,0.1538512108625521,0.1585705731589494,0.14363379149085193,0.1439169532286358,4419703.0,283374912.0
2015-07-28,0.13450182544732317,0.14276070946601843,0.129522898224624,0.1314342399546649,5604358.0,317688032.0
2015-07-29,0.13395909878323747,0.14084936773597753,0.12577100519898815,0.1396931239733602,3538414.0,197342192.0
2015-07-30,0.13709747471034167,0.14276070946601843,0.13251969328283628,0.13395909878323747,3187190.0,187730672.0
2015-07-31,0.13098590053650716,0.13681431297255783,0.12713962026494338,0.12997123764278173,2300540.0,127983992.0
2015-08-03,0.1274227820027272,0.1293105269212861,0.11696939451620718,0.11779528291807671,5769067.0,295759200.0
2015-08-04,0.11982460870552755,0.12957009184758797,0.11784247654104067,0.129546495036106,4704427.0,246350128.0
2015-08-05,0.12815428315866878,0.1309151101020612,0.12459116462488881,0.12664408722382164,4425136.0,239397840.0
2015-08-06,0.12270341970632989,0.1256766179530602,0.12223148347669016,0.12423721245265902,1996803.0,105240408.0
2015-08-07,0.1267148776582676,0.13667273210366593,0.12612495737121796,0.13667273210366593,6134074.0,349521312.0
2015-08-10,0.1389852196289006,0.14627663437683444,0.13603561819365229,0.14245395091675261,7051477.0,419184864.0
2015-08-11,0.1429966775808383,0.15670642505187246,0.1429966775808383,0.14837675059873123,9455715.0,607530176.0
2015-08-12,0.14445967989272146,0.14507319699125312,0.1367435225381119,0.13730984601367954,6256849.0,372635008.0
2015-08-13,0.13686150659552182,0.1410617390393154,0.13369953385693562,0.13945715585854032,3580368.0,210814064.0
2015-08-14,0.13945715585854032,0.14276070946601843,0.13660194166921996,0.13778178224331927,3328311.0,197147536.0
2015-08-17,0.13787616948924722,0.13893802600593663,0.13176459531541274,0.1361771990625442,3200713.0,184015376.0
2015-08-18,0.13636597355440008,0.13723905557923358,0.12272701651781188,0.12482713273970868,4147199.0,230860336.0
2015-08-19,0.12152357913223057,0.12978246315092584,0.1192110916069959,0.12857902576534455,3842717.0,202606016.0
2015-08-20,0.1274227820027272,0.1274227820027272,0.12296298463263175,0.12364729216560935,2453895.0,129894160.0
2015-08-21,0.1237652762230193,0.1255114402726863,0.11680421683583327,0.11904591392662199,3035763.0,155777056.0
2015-11-20,0.13096230372502518,0.13096230372502518,0.13096230372502518,0.13096230372502518,114491.0,6354250.5
2015-11-23,0.1440585340975277,0.1440585340975277,0.1440585340975277,0.1440585340975277,70600.0,4310130.0
2015-11-24,0.15847618591302146,0.15847618591302146,0.15774468475707987,0.15847618591302146,10148526.0,681539136.0
2015-11-25,0.17426245279447042,0.17433324322891638,0.16753736152210427,0.17433324322891638,9851781.0,722086080.0
2015-11-26,0.18042122059126892,0.19177128691410442,0.17978410668125527,0.19177128691410442,21132288.0,1671324928.0
2015-11-27,0.18377196782171099,0.18877449185589215,0.17461640496670025,0.1778019745167684,12734046.0,983751872.0
2015-11-30,0.17487596989300208,0.1816954484112962,0.16564961660354538,0.17905260552531369,9964618.0,739700480.0
2015-12-01,0.17581984235228157,0.18042122059126892,0.16489451863612178,0.1688823797765775,7680515.0,563623104.0
2015-12-02,0.1699442362932669,0.17386130699927668,0.1621100948812474,0.1712184641132942,7238722.0,518830016.0
2015-12-03,0.1701330107851228,0.17320059627778106,0.16758455514506826,0.17287024091703326,6301970.0,457152544.0
2015-12-04,0.17315340265481707,0.17898181509086775,0.17074652788365444,0.1722567238185016,6764861.0,499846720.0
2015-12-07,0.17369612931890277,0.17454561453225428,0.16796210412878007,0.16940150962918124,5749781.0,415439456.0
2015-12-08,0.16756095833358628,0.1676553455795142,0.1621100948812474,0.16286519284867093,6450272.0,448073664.0
2015-12-09,0.16291238647163495,0.16635752094800496,0.15939646156081894,0.16392704936536034,5286365.0,364335328.0
2015-12-10,0.16354950038164856,0.16354950038164856,0.15942005837230092,0.1600099786593506,3809283.0,261137456.0
2015-12-11,0.16045831807750832,0.16635752094800496,0.15809863692930967,0.1626056279223691,4817838.0,331738624.0
2015-12-14,0.1603403340200984,0.1647057441442659,0.1584053954785755,0.16340791951275666,3297158.0,225133936.0
2015-12-15,0.16513048675094166,0.1659091815298472,0.16213369169272937,0.16262922473385108,3806708.0,264818864.0
2015-12-16,0.16281799922570697,0.1668294571776447,0.1613549969138238,0.1641866142916622,4359237.0,302794848.0
2015-12-17,0.16423380791462616,0.1734365643926009,0.16423380791462616,0.17263427280221336,7853824.0,564093440.0
2015-12-18,0.17036897889994268,0.1722567238185016,0.16517768037390562,0.16673506993171675,5171525.0,369095584.0
2015-12-21,0.16616874645614907,0.16616874645614907,0.16340791951275666,0.1647057441442659,2872647.0,200259456.0
2015-12-22,0.16352590357016658,0.16588558471836523,0.1631719513979368,0.1641866142916622,2927529.0,203796192.0
2015-12-23,0.16373827487350445,0.16583839109540124,0.16168535227457162,0.16201570763531944,3209044.0,222773952.0
2015-12-24,0.16095385111863003,0.1675137647106223,0.1594672519952649,0.1666406826857888,4568743.0,318085248.0
2015-12-25,0.16800929775174403,0.1722567238185016,0.1652484708083516,0.16777332963692412,5250497.0,377784768.0
2015-12-28,0.17006222035067683,0.17820312031196217,0.17006222035067683,0.17088810875254637,9197408.0,677704576.0
2015-12-29,0.16992063948178493,0.17461640496670025,0.1678913136943341,0.17371972613038475,5746753.0,418993792.0
2015-12-30,0.1722567238185016,0.1741444687370605,0.1704869629573526,0.17317699946629905,3937460.0,287053888.0
2015-12-31,0.17577264872931755,0.1769760861148989,0.1670418284809826,0.16746657108765833,4503875.0,330169152.0
2016-01-04,0.1668294571776447,0.1668294571776447,0.1507128349354479,0.1507128349354479,4619393.0,302860768.0
2016-01-05,0.14167525613784707,0.14865991233651507,0.13568166602142248,0.14158086889191912,4419249.0,268660384.0
2016-01-06,0.14601706945053258,0.15097239986174973,0.13877284832556272,0.14915544537763678,3873298.0,236444976.0
2016-01-07,0.14540355235200092,0.14540355235200092,0.1342422605210213,0.1342422605210213,841320.0,49447232.0
2016-01-08,0.13499735848844488,0.14040102831781978,0.12508669766601052,0.13589403732476038,4017128.0,230908320.0
2016-01-11,0.13178819212689472,0.13629518311995412,0.12230227391113613,0.12230227391113613,3920052.0,213818496.0
2016-01-12,0.12317535593596964,0.1274227820027272,0.12010777044331138,0.12544064983824033,3060218.0,161966256.0
2016-01-13,0.12718681388790734,0.12770594374051103,0.11916389798403192,0.11923468841847788,2386037.0,125976000.0
2016-01-14,0.11515244003209421,0.12388326028042923,0.11279275888389555,0.12161796637815851,4027156.0,202358272.0
2016-01-15,0.11991899595145548,0.12057970667295112,0.11279275888389555,0.11423216438429673,2689874.0,132968160.0
2016-01-18,0.11232082265425583,0.12149998232074859,0.10972517339123732,0.1191874947955139,3027163.0,150231872.0
2016-01-19,0.1191874947955139,0.1273991851912452,0.11715816900806306,0.12612495737121796,3834124.0,200335520.0
2016-01-20,0.12468555187081677,0.1263609254860378,0.1212876110174107,0.12508669766601052,2594984.0,136649216.0
2016-01-21,0.12272701651781188,0.12529906896934842,0.11807844465586054,0.11838520320512637,1787127.0,92516744.0
2016-01-22,0.12164156318964049,0.12242025796854607,0.11706378176213512,0.12029654493516727,1451279.0,73689376.0
2016-01-25,0.12046172261554117,0.12223148347669016,0.11942346291033377,0.12034373855813124,1303316.0,66818780.0
2016-01-26,0.11822002552475247,0.11916389798403192,0.10830936470231811,0.1083329615138001,2133641.0,102138664.0
2016-01-27,0.10854533281713799,0.11064544903903478,0.1009943531429023,0.10856892962861997,2060837.0,91694584.0
2016-01-28,0.10854533281713799,0.10854533281713799,0.1011831276347582,0.10141909574957805,1285199.0,56990116.0
2016-01-29,0.10141909574957805,0.10927683397307958,0.10141909574957805,0.10665758789857907,2159472.0,97668552.0
2016-02-01,0.10665758789857907,0.11040948092421492,0.10547774732447975,0.10715312093970078,1285920.0,58930960.0
2016-02-02,0.10842734875972806,0.11232082265425583,0.10717671775118277,0.11142414381794034,1571729.0,73689896.0
2016-02-03,0.10970157657975534,0.1118488864246161,0.10731829862007468,0.11111738526867453,951770.0,44118560.0
2016-02-04,0.1118488864246161,0.11545919858136004,0.11116457889163849,0.11385461540058496,1350000.0,65219256.0
2016-02-05,0.11442093887615264,0.11904591392662199,0.11442093887615264,0.11543560176987805,1903687.0,94036152.0
2016-02-15,0.11090501396533664,0.11796046059845061,0.10998473831753916,0.11541200495839606,1194467.0,57640696.0
2016-02-16,0.11649745828656743,0.12034373855813124,0.11649745828656743,0.1188335426232841,1603927.0,80729376.0
2016-02-17,0.11911670436106794,0.1193998660988518,0.11562437626173394,0.11817283190178848,1779793.0,88507928.0
2016-02-18,0.1186683649429102,0.11928188204144184,0.11404338989244084,0.11420856757281475,2701289.0,133157840.0
2016-02-19,0.11491647191727436,0.11678062002435129,0.11444453568763462,0.11545919858136004,1459803.0,71510856.0
2016-02-22,0.11739413712288294,0.12562942433009622,0.1171109753850991,0.11980101189404556,2336768.0,117977896.0
2016-02-23,0.11980101189404556,0.12105164290259084,0.11659184553249538,0.11770089567214877,2040786.0,102817912.0
2016-02-24,0.11779528291807671,0.11847959045105431,0.11309951743316138,0.11574236031914387,1741434.0,85273400.0
2016-02-25,0.11607271567989168,0.11654465190953142,0.10417992269297048,0.10479343979150212,2431006.0,111847000.0
2016-02-26,0.1048406334144661,0.10646881340672316,0.10158427342995195,0.103259647045173,1934449.0,85308944.0
2016-02-29,0.10288209806146123,0.103259647045173,0.09438724592794608,0.0964637653383609,2082228.0,85785040.0
2016-03-01,0.09703008881392856,0.09913020503582536,0.0955670865020454,0.09849309112581174,1273872.0,52906216.0
2016-03-02,0.09795036446172603,0.10264612994664135,0.09674692707614473,0.10243375864330347,2436718.0,102627952.0
2016-03-03,0.10264612994664135,0.1037787768977767,0.10042802966733463,0.10104154676586627,2616860.0,112899968.0
2016-03-04,0.10035723923288867,0.10089996589697435,0.0943636491164641,0.09511874708388766,2917494.0,120131232.0
2016-03-07,0.09577945780538329,0.1002864487984427,0.09563787693649137,0.09754921866653228,1977390.0,82168440.0
2016-03-08,0.09728965374023041,0.09769079953542419,0.09356135752607654,0.09762000910097822,1791921.0,72522328.0
2016-03-09,0.0955670865020454,0.09728965374023041,0.09441084273942806,0.096251394035023,1097384.0,44728000.0
2016-03-10,0.09636937809243296,0.09721886330578447,0.09474119810017587,0.09535471519870752,1157595.0,47131960.0
2016-03-11,0.09367934158348648,0.09726605692874843,0.09320740535384675,0.09686491113355465,1668408.0,67941760.0
2016-03-14,0.09887064010952351,0.10146628937254203,0.09747842823208631,0.09983810938028496,3250206.0,137784512.0
2016-03-15,0.09903581778989742,0.09957854445398312,0.09792676765024405,0.09825712301099186,1453496.0,60713916.0
2016-03-16,0.09795036446172603,0.09981451256880297,0.09639297490391494,0.09667613664169876,1343727.0,55556176.0
2016-03-17,0.09726605692874843,0.10078198183956442,0.0967705238876267,0.10000328706065888,2725191.0,114687952.0
2016-03-18,0.10125391806920414,0.11000833512902114,0.10009767430658682,0.10852173600565601,5386385.0,240797968.0
2016-03-21,0.11066904585051678,0.11066904585051678,0.10748347630044859,0.1093948180304895,4344812.0,200390352.0
2016-03-22,0.1090408658582597,0.11017351280939505,0.10748347630044859,0.10882849455492181,2478009.0,114200648.0
2016-03-23,0.10894647861233177,0.1148220846713464,0.10854533281713799,0.11347706641687318,3769998.0,179271920.0
2016-03-24,0.11347706641687318,0.11685141045879725,0.11092861077681862,0.11583674756507183,4876825.0,237628320.0
2016-03-25,0.11121177251460247,0.11206125772795399,0.1066103942756151,0.10932402759604354,5519082.0,255877408.0
2016-03-28,0.10878130093195786,0.11031509367828697,0.10630363572634927,0.10646881340672316,3679726.0,169185568.0
2016-03-29,0.10665758789857907,0.1072947018085927,0.1027405171925693,0.10394395457815062,2706242.0,119389896.0
2016-03-30,0.10500581109484002,0.10866331687454792,0.10420351950445246,0.1078138316611964,2731144.0,123053216.0
2016-03-31,0.10908805948122367,0.10981956063716526,0.10736549224303867,0.10741268586600264,2508561.0,115259960.0
2016-04-01,0.10722391137414673,0.10745987948896661,0.10406193863556056,0.10573731225078159,1796112.0,80144808.0
2016-04-05,0.10583169949670954,0.10948920527641745,0.1053597632670698,0.10854533281713799,2532814.0,115813584.0
2016-04-06,0.10854533281713799,0.10996114150605718,0.10755426673489454,0.1088756881778858,2928921.0,134821872.0
2016-04-07,0.10944201165345348,0.11668623277842334,0.10944201165345348,0.11199046729350802,6803787.0,326103232.0
2016-04-08,0.10871051049751189,0.12319895274745161,0.10871051049751189,0.12319895274745161,9268082.0,456643616.0
2016-04-11,0.1272576043223533,0.1351625361688188,0.120768481164807,0.129522898224624,10981267.0,591758720.0
2016-04-12,0.12860262257682653,0.12860262257682653,0.12039093218109523,0.12272701651781188,6229400.0,327607840.0
2016-04-13,0.12298658144411373,0.12558223070713226,0.12265622608336592,0.12272701651781188,4336272.0,227955344.0
2016-04-14,0.124284406075623,0.124284406075623,0.12072128754184303,0.12324614637041557,4115135.0,212786960.0
2016-04-15,0.12251464521447401,0.1237652762230193,0.12149998232074859,0.12171235362408646,3037527.0,157106048.0
2016-04-18,0.12105164290259084,0.12105164290259084,0.11654465190953142,0.11845599363957234,2562069.0,128300984.0
2016-04-19,0.12010777044331138,0.1262193446171459,0.12010777044331138,0.1251338912889745,5003250.0,261016880.0
2016-04-20,0.12652610316641172,0.12662049041233966,0.1132175014905713,0.11581315075358983,5578894.0,281459648.0
2016-04-21,0.11350066322835516,0.11680421683583327,0.11208485453943597,0.1132175014905713,3363395.0,163866416.0
2016-04-22,0.11298153337575145,0.11562437626173394,0.11208485453943597,0.11453892293356256,1838210.0,88897840.0
2016-04-25,0.11456251974504454,0.11456251974504454,0.1104330777356969,0.1130759206216794,1866771.0,88715160.0
2016-04-26,0.11324109830205331,0.11534121452395012,0.11232082265425583,0.11524682727802217,1692635.0,81634624.0
2016-04-27,0.11531761771246811,0.11678062002435129,0.11394900264651289,0.11460971336800853,1898599.0,92993632.0
2016-04-28,0.11468050380245448,0.115529989015806,0.1104566745471789,0.11272196844944961,1876312.0,89367984.0
2016-04-29,0.11090501396533664,0.11437374525318865,0.11090501396533664,0.11154212787535028,1291933.0,61529956.0
2016-05-03,0.11182528961313412,0.11630868379471156,0.11066904585051678,0.11519963365505818,2225360.0,108050368.0
2016-05-04,0.11562437626173394,0.1214763855092666,0.11468050380245448,0.12024935131220331,3532175.0,177923872.0
2016-05-05,0.11987180232849151,0.12034373855813124,0.11704018495065313,0.11899872030365802,2420494.0,121904184.0
2016-05-06,0.11899872030365802,0.12105164290259084,0.11328829192501727,0.11340627598242721,2947042.0,146022672.0
2016-05-09,0.11317030786760734,0.11317030786760734,0.10996114150605718,0.11107019164571054,2114856.0,99654880.0
2016-05-10,0.11107019164571054,0.11203766091647198,0.11057465860458883,0.11156572468683226,1150928.0,54318328.0
2016-05-11,0.11206125772795399,0.11534121452395012,0.11137695019497637,0.11288714612982352,2037915.0,97941400.0
2016-05-12,0.11125896613756643,0.1125567907690757,0.10972517339123732,0.11180169280165213,1679432.0,79001048.0
2016-05-13,0.11147133744090432,0.11302872699871543,0.1104330777356969,0.11118817570312046,1186369.0,56076664.0
2016-05-16,0.11088141715385466,0.1125567907690757,0.1090644626697417,0.1125331939575937,1377050.0,64904684.0
2016-05-17,0.1125567907690757,0.11468050380245448,0.11137695019497637,0.113783824966139,1762932.0,84599904.0
2016-05-18,0.11279275888389555,0.11279275888389555,0.10880489774343984,0.10934762440752553,1554626.0,72754584.0
2016-05-19,0.10934762440752553,0.11191967685906205,0.10934762440752553,0.10937122121900753,1044736.0,48864116.0
2016-05-20,0.10960718933382739,0.10960718933382739,0.10738908905452065,0.10899367223529573,1027788.0,47188100.0
2016-05-23,0.10915884991566963,0.11142414381794034,0.10915884991566963,0.11029149686680499,1129250.0,52792012.0
2016-05-24,0.10984315744864724,0.11180169280165213,0.10984315744864724,0.11066904585051678,1573186.0,73797808.0
2016-05-25,0.11137695019497637,0.11227362903129186,0.10925323716159757,0.10958359252234538,1273757.0,59703516.0
2016-05-26,0.10901726904677772,0.11019710962087705,0.10594968355411946,0.10826217107935415,1814329.0,82580048.0
2016-05-27,0.10760146035785853,0.10842734875972806,0.10736549224303867,0.10753066992341256,1207421.0,55177080.0
2016-05-30,0.10743628267748462,0.10802620296453429,0.1057137154392996,0.10665758789857907,1143214.0,51743280.0
2016-05-31,0.10807339658749825,0.1111409820801565,0.10750707311193058,0.11104659483422856,2961462.0,137450432.0
2016-06-01,0.11090501396533664,0.11527042408950415,0.11066904585051678,0.11385461540058496,3215098.0,154958832.0
2016-06-02,0.11335908235946324,0.1164266678521215,0.11326469511353529,0.11541200495839606,3037453.0,147761712.0
2016-06-03,0.11560077945025196,0.11619069973730162,0.11394900264651289,0.11538840814691408,2525719.0,123224880.0
2016-06-06,0.1158603443765538,0.11680421683583327,0.11376022815465701,0.1144681324991166,1612292.0,78395056.0
2016-06-07,0.11380742177762097,0.1158603443765538,0.11373663134317503,0.11524682727802217,1514899.0,73609960.0
2016-06-08,0.1147984878598644,0.11524682727802217,0.11333548554798126,0.11385461540058496,1701189.0,82283832.0
2016-06-13,0.11208485453943597,0.11208485453943597,0.10623284529190331,0.10635082934931324,2279604.0,106218016.0
2016-06-14,0.10620924848042132,0.10734189543155669,0.1053597632670698,0.10632723253783126,1847624.0,83112176.0
2016-06-15,0.10630363572634927,0.10944201165345348,0.1053597632670698,0.10878130093195786,2009751.0,92240000.0
2016-06-16,0.10826217107935415,0.10972517339123732,0.10696434644784489,0.10734189543155669,1553222.0,71353568.0
2016-06-17,0.10807339658749825,0.11031509367828697,0.10755426673489454,0.1083329615138001,1753529.0,81014560.0
2016-06-20,0.10838015513676408,0.11298153337575145,0.1078374284726784,0.11232082265425583,2378577.0,111738160.0
2016-06-21,0.1125567907690757,0.11302872699871543,0.10932402759604354,0.11031509367828697,2082287.0,98251512.0
2016-06-22,0.10977236701420129,0.11177809599017013,0.10951280208789943,0.11173090236720618,1801544.0,84656792.0
2016-06-23,0.11177809599017013,0.11279275888389555,0.11066904585051678,0.11232082265425583,2065978.0,97972120.0
2016-06-24,0.11161291830979622,0.11298153337575145,0.10620924848042132,0.10960718933382739,2588454.0,120621200.0
2016-06-27,0.10878130093195786,0.11432655163022469,0.10878130093195786,0.11427935800726072,3536528.0,168760096.0
2016-06-28,0.11352426003983714,0.11791326697548664,0.11352426003983714,0.11696939451620718,4390840.0,216831776.0
2016-06-29,0.11678062002435129,0.1176301052377028,0.11515244003209421,0.1171109753850991,2435935.0,120258592.0
2016-06-30,0.11713457219658108,0.11803125103289658,0.1158603443765538,0.11737054031140096,2368145.0,117305064.0
2016-07-01,0.11770089567214877,0.11902231711514,0.11614350611433764,0.11635587741767553,1688780.0,84278480.0
2016-07-04,0.11576595713062587,0.12032014174664926,0.11562437626173394,0.11906951073810397,3089400.0,154869792.0
2016-07-05,0.12544196242952377,0.12591864188675594,0.12403701245031308,0.12494019457980565,1728648.0,85968584.0
2016-07-06,0.12486492940234796,0.1282016856029733,0.12313383032082052,0.12742394543591024,2739458.0,137172752.0
2016-07-07,0.12744903382839612,0.13066034806659194,0.12544196242952377,0.12642040973647403,3374976.0,173054048.0
2016-07-08,0.12544196242952377,0.13071052485156376,0.12494019457980565,0.12707270794110756,2651638.0,135205120.0
2016-07-11,0.12642040973647403,0.1389395175869405,0.12642040973647403,0.1352264354990266,7074747.0,375958176.0
2016-07-12,0.13497555157416755,0.13924057829677136,0.1337211319498723,0.13909004794185595,8560218.0,468607712.0
2016-07-13,0.13949146222163042,0.14122256130315786,0.1351511703215689,0.13653103190829366,4643016.0,254394960.0
2016-07-14,0.13547731942388566,0.1371833301129272,0.13422289979959043,0.13439851854699175,3923359.0,211424288.0
2016-07-15,0.13447378372444946,0.1351009935365971,0.12785044810817062,0.12960663558218394,6463696.0,335651104.0
2016-07-18,0.12928048647986717,0.13018366860935976,0.1256928463543828,0.129330663264839,2716136.0,139194768.0
2016-07-19,0.12920522130240947,0.12978225432958526,0.12724832668850888,0.12950628201224032,2081981.0,106461920.0
2016-07-20,0.12945610522726853,0.1298826078995289,0.12822677399545918,0.12923030969489538,1766135.0,91084264.0
2016-07-21,0.129330663264839,0.12998296146947252,0.12795080167811423,0.12822677399545918,1924538.0,99007496.0
2016-07-22,0.12699744276364985,0.1279006248931424,0.12443842673008756,0.12458895708500299,3499200.0,175670816.0
2016-07-25,0.12458895708500299,0.12707270794110756,0.12446351512257348,0.1257179347468687,2175477.0,109234584.0
2016-07-26,0.12594373027924186,0.12890416059257861,0.12594373027924186,0.12852783470529003,2190880.0,111678536.0
2016-07-27,0.12870345345269138,0.12998296146947252,0.12092605178206091,0.12280768121850377,4191388.0,209003104.0
2016-07-28,0.12223064819132795,0.12494019457980565,0.12170379194912394,0.12418754280522852,2115468.0,104185320.0
2016-07-29,0.12418754280522852,0.1266712936613331,0.12418754280522852,0.12466422226246071,1916180.0,95732912.0
2016-08-01,0.12403701245031308,0.12403701245031308,0.12019848839996966,0.1219044990890112,1480008.0,71806904.0
2016-08-02,0.1219044990890112,0.12647058652144585,0.1219044990890112,0.12574302313935462,1855393.0,92398256.0
2016-08-03,0.12556740439195327,0.12601899545669956,0.12451369190754528,0.12534160885958015,1115190.0,55604636.0
2016-08-04,0.12539178564455195,0.12642040973647403,0.12431298476765804,0.12514090171969292,1173342.0,58395156.0
2016-08-05,0.12511581332720698,0.12541687403703786,0.1230585651433628,0.12338471424567957,1015456.0,50248288.0
2016-08-08,0.12361050977805271,0.124062100842799,0.12160343837918033,0.12398683566534129,1177159.0,57544436.0
2016-08-09,0.12401192405782718,0.1251659901121788,0.12320909549827823,0.12506563654223518,1156158.0,57350504.0
2016-08-10,0.12506563654223518,0.12566775796189691,0.12428789637517214,0.12431298476765804,949752.0,47262500.0
2016-08-11,0.12431298476765804,0.12466422226246071,0.12107658213697632,0.121427819631779,1359192.0,66365564.0
2016-08-12,0.1209511401745468,0.12230591336878566,0.12047446071731463,0.12205502944392661,922831.0,44735048.0
2016-08-15,0.12233100176127157,0.12556740439195327,0.12150308480923672,0.12531652046709424,1637059.0,81083720.0
2016-08-16,0.12534160885958015,0.1266712936613331,0.12534160885958015,0.1262447909890727,1572893.0,79025984.0
2016-08-17,0.12574302313935462,0.1268218240162485,0.12526634368212242,0.1262447909890727,1200830.0,60422152.0
2016-10-18,0.12541687403703786,0.13479993282676622,0.12263206247110243,0.1299578730769866,5806288.0,299874976.0
2016-10-19,0.12897942577003632,0.129330663264839,0.12724832668850888,0.12759956418331156,2537439.0,129667400.0
2016-10-20,0.1278253597156847,0.12810133203302967,0.1256928463543828,0.12599390706421365,1799186.0,90445064.0
2016-10-21,0.12494019457980565,0.12687200080122032,0.12418754280522852,0.1246140454774889,1840521.0,91873920.0
2016-10-24,0.1246140454774889,0.1256928463543828,0.12325927228325005,0.12481475261737614,1674864.0,83277032.0
2016-10-25,0.12486492940234796,0.12514090171969292,0.12340980263816546,0.12343489103065139,1977372.0,97834456.0
2016-10-26,0.12351015620810908,0.12539178564455195,0.12320909549827823,0.12534160885958015,1963998.0,97250960.0
2016-10-27,0.12541687403703786,0.12544196242952377,0.12315891871330643,0.12428789637517214,1278729.0,63316748.0
2016-10-28,0.12453878030003118,0.12453878030003118,0.12323418389076413,0.12373595174048224,929362.0,45841484.0
2016-10-31,0.12468931065494662,0.12795080167811423,0.12335962585319367,0.12792571328562832,2705974.0,136294368.0
2016-11-01,0.12795080167811423,0.12998296146947252,0.12674655883879082,0.12910486773246585,3275953.0,167425888.0
2016-11-02,0.1294811936197544,0.1294811936197544,0.1261193490266432,0.12659602848387538,2232216.0,113693496.0
2016-11-03,0.126696382053819,0.12890416059257861,0.12591864188675594,0.12737376865093844,2235414.0,113693256.0
2016-11-04,0.12744903382839612,0.13040946414173288,0.12744903382839612,0.1298826078995289,3204289.0,165256224.0
2016-11-07,0.13081087842150738,0.13168897215851405,0.12840239274286053,0.12928048647986717,2274399.0,117483600.0
2016-11-08,0.12915504451743764,0.12945610522726853,0.12797589007060015,0.12907977933997997,1618799.0,83018456.0
2016-11-09,0.12915504451743764,0.12920522130240947,0.12546705082200965,0.12626987938155862,2291471.0,115984040.0
2016-11-10,0.12732359186596662,0.13121229270128185,0.12649567491393177,0.13025893378681747,3662951.0,188722144.0
2016-11-11,0.13008331503941614,0.1341476346221327,0.12970698915212758,0.13066034806659194,4640576.0,243750016.0
2016-11-14,0.1308359668139933,0.13291830339032337,0.13010840343190205,0.13076070163653555,2365303.0,123614232.0
2016-11-15,0.13108685073885232,0.13108685073885232,0.12900451416252223,0.13018366860935976,1963799.0,101607288.0
2016-11-16,0.1303341989642752,0.13266741946546434,0.12963172397466985,0.131438088233655,2402856.0,125737832.0
2016-11-17,0.1313126462712255,0.13141299984116908,0.12847765792031823,0.12907977933997997,1905005.0,98362624.0
2016-11-18,0.12945610522726853,0.13497555157416755,0.1293557516573249,0.13289321499783746,6401757.0,338510176.0
2016-11-21,0.1330939221377247,0.1362299711984628,0.1319900328683449,0.13587873370366013,6827975.0,366403392.0
2016-11-22,0.13597908727360375,0.13745930243027213,0.13397201587473137,0.13532678906897022,5646598.0,304267520.0
2016-11-23,0.13422289979959043,0.13520134710654072,0.13239144714811937,0.13284303821286567,3329301.0,177585424.0
2016-11-24,0.13342007124004146,0.134599225686879,0.1303341989642752,0.131438088233655,4270106.0,224928704.0
2016-11-25,0.131964944475859,0.1321154748307744,0.1282016856029733,0.130911231991451,3577862.0,185215968.0
2016-11-28,0.13103667395388052,0.13183950251342946,0.12970698915212758,0.129857519507043,1976379.0,102642968.0
2016-11-29,0.12928048647986717,0.13121229270128185,0.12870345345269138,0.12918013290992358,2013834.0,104196488.0
2016-11-30,0.12892924898506453,0.13005822664693023,0.12817659721048738,0.12945610522726853,1706404.0,87870232.0
2016-12-01,0.12907977933997997,0.13073561324404967,0.12870345345269138,0.13000804986195844,1722499.0,88998672.0
2016-12-02,0.1299327846845007,0.1299327846845007,0.12446351512257348,0.12451369190754528,2852100.0,144193904.0
2016-12-05,0.12318400710579233,0.12606917224167138,0.12218047140635614,0.12483984100986203,1406368.0,69919432.0
2016-12-06,0.12489001779483386,0.12604408384918547,0.12438824994511576,0.12446351512257348,993236.0,49489568.0
2016-12-07,0.12511581332720698,0.12581828831681233,0.12396174727285537,0.125642669569411,1290201.0,64356456.0
2016-12-08,0.12594373027924186,0.1262197025965868,0.12446351512257348,0.1246391338699748,1041686.0,52019520.0
2016-12-09,0.12431298476765804,0.12506563654223518,0.12388648209539767,0.12401192405782718,913982.0,45356240.0
2016-12-12,0.12368577495551042,0.12438824994511576,0.11633487595714033,0.11789035629126643,2709538.0,128558168.0
2016-12-13,0.1156574893600209,0.11914477591556168,0.1156574893600209,0.1182917705710409,1162564.0,54708884.0
2016-12-14,0.11736350004906243,0.1182917705710409,0.11528116347273235,0.11668611345194299,1101671.0,51215816.0
2016-12-15,0.11758929558143556,0.11886880359821672,0.1166359366669712,0.11741367683403423,881670.0,41404828.0
2016-12-16,0.11741367683403423,0.11871827324330128,0.11718788130166109,0.11799070986121005,588521.0,27699854.0
2016-12-19,0.11804088664618184,0.11866809645832947,0.11688682059183024,0.11763947236640739,699904.0,32745026.0
2016-12-20,0.11743876522652015,0.11789035629126643,0.11706243933923156,0.11733841165657653,571987.0,26760994.0
2016-12-21,0.11761438397392149,0.11904442234561806,0.11741367683403423,0.11849247771092813,984288.0,46471548.0
2016-12-22,0.11844230092595634,0.11864300806584356,0.11794053307623824,0.11854265449589996,590215.0,27811408.0
2016-12-23,0.11841721253347043,0.11841721253347043,0.11615925720973899,0.11638505274211214,750200.0,34976584.0
2016-12-26,0.11643522952708395,0.11771473754386509,0.11528116347273235,0.11731332326409061,797000.0,36857616.0
2016-12-27,0.11731332326409061,0.11784017950629462,0.11691190898431615,0.11736350004906243,449329.0,21039456.0
2016-12-28,0.11678646702188661,0.11786526789878052,0.1166610250594571,0.11726314647911881,724056.0,33867036.0
2016-12-29,0.11701226255425977,0.11746385361900605,0.1161843456022249,0.11648540631205576,448089.0,20858984.0
2016-12-30,0.11696208576928795,0.11748894201149195,0.11656067148951348,0.11703735094674567,479732.0,22372366.0
2017-01-03,0.11706243933923156,0.11904442234561806,0.11691190898431615,0.118266682178555,914240.0,43102404.0
2017-01-04,0.11791544468375233,0.11891898038318852,0.11758929558143556,0.11871827324330128,958515.0,45189864.0
2017-01-05,0.11869318485081538,0.11869318485081538,0.11794053307623824,0.118266682178555,648374.0,30553918.0
2017-01-06,0.11841721253347043,0.11871827324330128,0.11575784292996452,0.11623452238719671,1128728.0,52518448.0
2017-01-09,0.11583310810742224,0.1182917705710409,0.11578293132245042,0.11814124021612549,817638.0,38286164.0
2017-01-10,0.11841721253347043,0.11906951073810396,0.11766456075889328,0.1182917705710409,771152.0,36442396.0
2017-01-11,0.1182917705710409,0.11967163215776568,0.11794053307623824,0.11914477591556168,834654.0,39566904.0
2017-01-12,0.11937057144793481,0.11937057144793481,0.11671120184442892,0.11683664380685843,598294.0,28092778.0
2017-01-13,0.1166610250594571,0.1171627929091752,0.10976171712583328,0.112471263514311,2099126.0,93989256.0
2017-01-16,0.11139246263741709,0.11189423048713519,0.10552177879571539,0.10860765107148167,1538653.0,66527072.0
2017-01-17,0.10855747428650987,0.1098871590882628,0.10765429215701729,0.10976171712583328,589733.0,25595212.0
2017-01-18,0.10938539123854472,0.11013804301312186,0.10803061804430586,0.10956100998594605,481654.0,21038908.0
2017-01-19,0.10888362338882662,0.1097868055183192,0.10737831983967233,0.10910941892119977,480063.0,20817304.0
2017-01-20,0.1093352144535729,0.11159316977730432,0.10850729750153805,0.11144263942238891,573846.0,25318146.0
2017-01-23,0.11139246263741709,0.11234582155188148,0.11056454568538224,0.11136737424493119,542549.0,24114366.0
2017-01-24,0.11136737424493119,0.11184405370216338,0.10963627516340377,0.10973662873334739,478337.0,21133178.0
2017-01-25,0.11038892693798091,0.11101613675012853,0.10920977249114339,0.11051436890041043,428873.0,18868952.0
2017-01-26,0.11126702067498757,0.11136737424493119,0.11053945729289634,0.11074016443278357,338190.0,14932266.0
2017-02-03,0.11038892693798091,0.11114157871255805,0.11008786622815006,0.11043910372295272,285979.0,12603345.0
2017-02-06,0.11119175549752985,0.11161825816979025,0.11013804301312186,0.11151790459984663,601867.0,26596274.0
2017-02-07,0.11154299299233253,0.11154299299233253,0.11043910372295272,0.11094087157267081,495075.0,21895594.0
2017-02-08,0.11091578318018491,0.11161825816979025,0.1098871590882628,0.11159316977730432,500098.0,22077846.0
2017-02-09,0.11151790459984663,0.1130232081490009,0.11116666710504396,0.11292285457905728,777747.0,34882276.0
2017-02-10,0.11292285457905728,0.11385112510103577,0.1124210867293392,0.11264688226171234,895196.0,40358980.0
2017-02-13,0.1124461751218251,0.11327409207385995,0.11174370013221976,0.11277232422414186,918533.0,41182816.0
2017-02-14,0.1129730313640291,0.12042428393234281,0.11209493762702243,0.11555713579007729,2649398.0,122326984.0
2017-02-15,0.11492992597792967,0.11503027954787329,0.11277232422414186,0.1129730313640291,989864.0,45035584.0
2017-02-16,0.11289776618657138,0.1141020090258948,0.11239599833685328,0.11390130188600757,595522.0,26831848.0
2017-02-17,0.11347479921374719,0.11412709741838072,0.11038892693798091,0.11046419211543862,1043392.0,46509020.0
2017-02-20,0.11041401533046681,0.11114157871255805,0.10963627516340377,0.11104122514261443,810289.0,35610656.0
2017-02-21,0.11101613675012853,0.112998119756515,0.11046419211543862,0.11257161708425462,745836.0,33334096.0
2017-02-22,0.11259670547674053,0.11342462242877538,0.11204476084205062,0.11262179386922642,639355.0,28649206.0
2017-02-23,0.11239599833685328,0.1151306331178169,0.11214511441199425,0.11407692063340891,1229729.0,55815656.0
2017-02-24,0.1135500643912049,0.11480448401550014,0.11332426885883176,0.11387621349352167,701407.0,31858212.0
2017-02-27,0.11377585992357805,0.11430271616578205,0.11319882689640223,0.1140267438484371,546088.0,24790150.0
2017-02-28,0.1140267438484371,0.11437798134323977,0.11329918046634585,0.11377585992357805,473701.0,21444396.0
2017-03-01,0.11377585992357805,0.11450342330566929,0.11327409207385995,0.11375077153109216,699259.0,31710742.0
2017-03-02,0.114051832240923,0.11427762777329614,0.11234582155188148,0.11252144029928281,734332.0,33079046.0
2017-03-03,0.11252144029928281,0.11252144029928281,0.11121684389001577,0.11212002601950832,552488.0,24641488.0
2017-03-06,0.11217020280448015,0.11415218581086661,0.11214511441199425,0.11362532956866261,951548.0,43084340.0
2017-03-07,0.11365041796114851,0.11412709741838072,0.11267197065419823,0.1141020090258948,1041968.0,47145872.0
2017-03-08,0.1140267438484371,0.11412709741838072,0.11282250100911366,0.11332426885883176,1025548.0,46308468.0
2017-03-09,0.11339953403628948,0.1140267438484371,0.11259670547674053,0.11334935725131767,765323.0,34603740.0
2017-03-10,0.1130232081490009,0.11385112510103577,0.11279741261662776,0.11362532956866261,662890.0,29968100.0
2017-03-13,0.11362532956866261,0.114051832240923,0.11279741261662776,0.1140267438484371,1111037.0,50213096.0
2017-03-14,0.1140267438484371,0.11533134025770414,0.11380094831606395,0.11420236259583844,1174154.0,53533412.0
2017-03-15,0.11390130188600757,0.11440306973572567,0.11334935725131767,0.11422745098832433,788505.0,35769692.0
2017-03-16,0.11437798134323977,0.11653558309702758,0.11437798134323977,0.11543169382764776,2224434.0,102453288.0
2017-03-17,0.11553204739759138,0.11761438397392149,0.11520589829527463,0.11615925720973899,2031284.0,94387040.0
2017-03-20,0.11620943399471081,0.11753911879646377,0.11545678222013367,0.11743876522652015,1416472.0,65828320.0
2017-03-21,0.11738858844154833,0.11846738931844224,0.11641014113459805,0.11751403040397787,1570071.0,73430688.0
2017-03-22,0.1166610250594571,0.11791544468375233,0.11548187061261958,0.11781509111380871,1851744.0,85912480.0
2017-03-23,0.11819141700109728,0.11997269286759653,0.11603381524730948,0.11849247771092813,2758393.0,129881976.0
2017-03-24,0.11570766614499271,0.11633487595714033,0.11417727420335252,0.11508045633284508,3211484.0,147418672.0
2017-03-27,0.11472921883804242,0.1156574893600209,0.11377585992357805,0.11392639027849347,1524505.0,69586112.0
2017-03-28,0.11372568313860623,0.11390130188600757,0.109836982303291,0.1098620706957769,2994058.0,132744400.0
2017-03-29,0.11018821979809368,0.11053945729289634,0.10760411537204548,0.10765429215701729,1985142.0,86101680.0
2017-03-30,0.10755393858707367,0.10973662873334739,0.10562213236565901,0.10913450731368567,2568547.0,110830880.0
2017-03-31,0.10845712071656623,0.11051436890041043,0.10765429215701729,0.110363838545495,1560634.0,67916208.0
2017-04-05,0.11021330819057958,0.11089069478769902,0.10938539123854472,0.11046419211543862,902256.0,39643432.0
2017-04-06,0.11048928050792452,0.11199458405707881,0.11001260105069234,0.11056454568538224,978112.0,43343388.0
2017-04-07,0.1103136617605232,0.1103136617605232,0.10915959570617156,0.1093352144535729,1014929.0,44321640.0
2017-04-10,0.10913450731368567,0.10913450731368567,0.10634969574775024,0.10803061804430586,1720802.0,73656032.0
2017-04-11,0.10803061804430586,0.1082062367917072,0.10690164038244014,0.10815606000673539,700751.0,30037516.0
2017-04-12,0.10793026447436224,0.10860765107148167,0.10690164038244014,0.10697690555989786,578331.0,24755662.0
2017-04-13,0.10702708234486966,0.10772955733447499,0.10675111002752471,0.10700199395238376,444256.0,18971284.0
2017-04-14,0.10675111002752471,0.1071274359148133,0.10519562969339863,0.10577266272057442,1041472.0,43911012.0
2017-04-17,0.10582283950554625,0.10582283950554625,0.10336417704192759,0.10358997257430072,645337.0,26846718.0
2017-04-18,0.10384085649915976,0.10557195558068719,0.102987851154639,0.10441788952633557,844634.0,35268364.0
2017-04-19,0.10471895023616644,0.10471895023616644,0.10288749758469538,0.10379067971418796,595575.0,24575828.0
2017-04-20,0.10336417704192759,0.10788008768939043,0.102987851154639,0.10655040288763748,1445944.0,60434588.0
2017-04-21,0.10594828146797576,0.10762920376453138,0.10486948059108185,0.10529598326334223,796758.0,33763408.0
2017-04-24,0.10537124844079995,0.10584792789803214,0.10288749758469538,0.10524580647837044,645006.0,26828166.0
2017-04-25,0.10572248593560263,0.10795535286684815,0.10564722075814491,0.1077044689419891,1155286.0,49433824.0
2017-04-26,0.10737831983967233,0.11003768944317824,0.10737831983967233,0.10956100998594605,1552478.0,67579264.0
2017-04-27,0.1098871590882628,0.11051436890041043,0.10853238589402395,0.11013804301312186,1239511.0,54137176.0
2017-04-28,0.1098871590882628,0.11008786622815006,0.10883344660385481,0.10966136355588967,563603.0,24574624.0
2017-05-02,0.11041401533046681,0.11106631353510034,0.10788008768939043,0.10858256267899577,1121967.0,48742556.0
2017-05-03,0.10908433052871386,0.10908433052871386,0.1067009332425529,0.10860765107148167,955680.0,41108756.0
2017-05-04,0.10795535286684815,0.11116666710504396,0.107202701092271,0.11058963407786813,1845979.0,81005192.0
2017-05-05,0.11026348497555138,0.11094087157267081,0.10963627516340377,0.11026348497555138,659537.0,29017430.0
2017-05-08,0.11026348497555138,0.11109140192758624,0.10800552965181995,0.1082815019691649,711503.0,31205466.0
2017-05-09,0.10788008768939043,0.10910941892119977,0.10757902697955958,0.10905924213622795,652407.0,28236888.0
2017-05-10,0.10905924213622795,0.1092850376686011,0.1050701877309691,0.10574757432808853,842592.0,36047228.0
2017-05-11,0.10537124844079995,0.10687655198995424,0.10411682881650472,0.10645004931769386,869386.0,36455444.0
2017-05-12,0.1061239002153771,0.10647513771017976,0.10534616004831406,0.10579775111306035,784781.0,33096950.0
2017-05-15,0.10609881182289119,0.10737831983967233,0.1051454529084268,0.10682637520498242,665602.0,28257552.0
2017-05-16,0.10624934217780663,0.10925994927611518,0.10542142522577178,0.10923486088362928,740356.0,31927848.0
2017-05-17,0.10850729750153805,0.11129210906747347,0.10850729750153805,0.11071507604029768,1108057.0,48739884.0
2017-05-18,0.10968645194837558,0.11114157871255805,0.10961118677091786,0.10963627516340377,546501.0,24040114.0
2017-05-19,0.11058963407786813,0.11061472247035406,0.10885853499634073,0.10998751265820644,644048.0,28155776.0
2017-05-22,0.10925994927611518,0.11013804301312186,0.10838185553910853,0.10868291624893939,600100.0,26159024.0
2017-05-23,0.108256413576679,0.11206984923453653,0.108256413576679,0.10991224748074872,1892391.0,83370456.0
2017-05-24,0.10915959570617156,0.11038892693798091,0.10411682881650472,0.10991224748074872,1214426.0,52252988.0
2017-05-25,0.1098871590882628,0.11176878852470566,0.10838185553910853,0.11146772781487481,1753849.0,77421256.0
2017-05-26,0.1114928162073607,0.11224546798193787,0.11089069478769902,0.11119175549752985,995655.0,44271764.0
2017-05-31,0.1118691420946493,0.11314865011143044,0.11164334656227615,0.11199458405707881,1189675.0,53323548.0
2017-06-01,0.1120196724495647,0.11390130188600757,0.11139246263741709,0.11146772781487481,1240795.0,55826400.0
2017-06-02,0.11101613675012853,0.11284758940159957,0.10762920376453138,0.11249635190679691,1491702.0,65504472.0
2017-06-05,0.11252144029928281,0.11508045633284508,0.11046419211543862,0.11126702067498757,1660434.0,74628248.0
2017-06-06,0.11089069478769902,0.11377585992357805,0.11061472247035406,0.11317373850391634,690020.0,30806526.0
2017-06-07,0.11334935725131767,0.11540660543516186,0.1124210867293392,0.11477939562301424,1648054.0,75174144.0
2017-06-08,0.1151557215103028,0.11575784292996452,0.11465395366058471,0.11477939562301424,948025.0,43467352.0
2017-06-09,0.11422745098832433,0.11641014113459805,0.11415218581086661,0.11465395366058471,1033825.0,47484124.0
2017-06-12,0.11435289295075385,0.11861791967335766,0.11412709741838072,0.11814124021612549,2566539.0,120127992.0
2017-06-13,0.11866809645832947,0.11964654376527975,0.11791544468375233,0.118793538420759,1603350.0,75819680.0
2017-06-14,0.1182917705710409,0.12117693570691994,0.1182917705710409,0.11969672055025157,1678415.0,80476032.0
2017-06-15,0.11957127858782203,0.12039919553985691,0.1182917705710409,0.11927021787799119,953531.0,45290040.0
2017-06-16,0.11937057144793481,0.11952110180285024,0.1171627929091752,0.11866809645832947,1078428.0,50826312.0
2017-06-19,0.118793538420759,0.12117693570691994,0.11791544468375233,0.12009813483002604,761238.0,36395608.0
2017-06-20,0.12019848839996966,0.12019848839996966,0.11799070986121005,0.11861791967335766,938860.0,44498276.0
2017-06-21,0.12644005891107687,0.12670794039182068,0.12322548114215119,0.12448452410164708,1063155.0,49187188.0
2017-06-22,0.124618464842019,0.1247524055823909,0.12231468410762224,0.12234147225569664,651273.0,30133194.0
2017-06-23,0.12191286188650653,0.12437737150934956,0.12183249744228339,0.12416306632475452,726818.0,33523486.0
2017-06-26,0.12400233743630823,0.128208076683986,0.1233594218825231,0.12657399965144878,1461236.0,69115896.0
2017-06-27,0.12595787224573804,0.12885099223777113,0.12595787224573804,0.1265204233553,891314.0,42508012.0
2017-06-28,0.12563641446884544,0.1280473477955397,0.12188607373843216,0.12785983075901905,1049811.0,49784492.0
2017-06-29,0.12785983075901905,0.12815450038783724,0.1256899907649942,0.12729727964945706,1031436.0,48876760.0
2017-06-30,0.12644005891107687,0.13064579815875466,0.12617217743033307,0.13032434038186208,1684792.0,81151168.0
2017-07-03,0.13021718778956456,0.13209235815477122,0.12952069593963067,0.1301368233453414,1135427.0,55309628.0
2017-07-04,0.1293063907550356,0.13011003519726702,0.1263864826149281,0.12735085594560583,1179197.0,56083608.0
2017-07-05,0.12727049150138267,0.12823486483206037,0.12670794039182068,0.1280473477955397,639666.0,30545214.0
2017-07-06,0.1271901270571595,0.1297617892723001,0.1271901270571595,0.12871705149739923,726249.0,34853500.0
2017-07-07,0.12858311075702733,0.12871705149739923,0.12510065150735786,0.12579714335729175,1060330.0,49966336.0
2017-07-10,0.12539532113617605,0.12539532113617605,0.12285044706910986,0.12317190484600242,1471938.0,67957336.0
2017-07-11,0.12250220114414291,0.12488634632276278,0.12218074336725035,0.12477919373046527,1131967.0,52221328.0
2017-07-12,0.12410949002860575,0.12536853298810163,0.12218074336725035,0.12349336262289501,965038.0,44455732.0
2017-07-13,0.12392197299208509,0.12590429594958927,0.12295759966140737,0.12360051521519252,950739.0,44232640.0
2017-07-14,0.12295759966140737,0.12448452410164708,0.12244862484799415,0.12260935373644044,779527.0,35958584.0
2017-07-17,0.12268971818066357,0.12303796410563053,0.11915368263484531,0.12191286188650653,1630098.0,73366768.0
2017-07-18,0.12135031077694454,0.12185928559035779,0.11826967374839076,0.1190733181906222,1097581.0,49078204.0
2017-07-19,0.1190733181906222,0.12054666633471312,0.1179482159714982,0.1197430218924817,1145218.0,51023924.0
2017-07-20,0.1197430218924817,0.1215378278134652,0.11910010633869657,0.11990375078092798,1286616.0,57818144.0
2017-07-21,0.1194751404117379,0.12108242929620075,0.11816252115609324,0.11952871670788665,1153531.0,51427956.0
2017-07-24,0.11920725893099408,0.12274329447681234,0.11920725893099408,0.12263614188451481,984451.0,44690400.0
2017-07-25,0.12212716707110159,0.12368087965941567,0.12108242929620075,0.12167176855383711,623002.0,28358390.0
2017-07-26,0.12148425151731645,0.12212716707110159,0.12070739522315942,0.12086812411160569,557439.0,25252900.0
2017-07-27,0.12089491225968008,0.1236273033632669,0.12030557300204368,0.12298438780948176,822046.0,37635292.0
2017-07-28,0.12268971818066357,0.12432379521320079,0.12188607373843216,0.12386839669593633,672315.0,30895506.0
2017-07-31,0.12378803225171318,0.12456488854587022,0.12295759966140737,0.124055913732457,739835.0,34128728.0
2017-08-01,0.12397554928823386,0.12397554928823386,0.12212716707110159,0.12239504855184538,933621.0,42942980.0
2017-08-02,0.12234147225569664,0.12392197299208509,0.12210037892302719,0.12360051521519252,662241.0,30475120.0
2017-08-03,0.12360051521519252,0.12550247372847356,0.12268971818066357,0.1251542278035066,747866.0,34753156.0
2017-08-04,0.1245916766939446,0.12625254187455623,0.1245916766939446,0.1257167789130686,963434.0,45173608.0
2017-08-07,0.12464525299009337,0.12633290631877933,0.12429700706512642,0.1254488974323248,474596.0,22174566.0
2017-08-08,0.12563641446884544,0.12563641446884544,0.12360051521519252,0.12400233743630823,674825.0,31278052.0
2017-08-09,0.12429700706512642,0.12493992261891156,0.12290402336525863,0.12413627817668015,584832.0,27015738.0
2017-08-10,0.1240291255843826,0.12552926187654792,0.12148425151731645,0.12151103966539083,606600.0,27861980.0
2017-08-11,0.12215395521917596,0.12322548114215119,0.12108242929620075,0.12234147225569664,745407.0,33996928.0
2017-08-14,0.12151103966539083,0.12453810039779585,0.12143067522116768,0.12416306632475452,595060.0,27486190.0
2017-08-15,0.12456488854587022,0.125181015951581,0.12343978632674624,0.12488634632276278,524108.0,24394334.0
2017-08-16,0.12485955817468841,0.12520780409965537,0.12410949002860575,0.12443094780549833,495579.0,23067086.0
2017-08-17,0.1244577359535727,0.12614538928225869,0.12381482039978757,0.12606502483803556,699752.0,32722548.0
2017-08-18,0.12603823668996117,0.12941354334733313,0.12536853298810163,0.12844917001665543,1668324.0,79897944.0
2017-08-21,0.12858311075702733,0.12992251816074638,0.1280741359436141,0.1294403314954075,1014927.0,48972452.0
2017-08-22,0.12938675519925874,0.13045828112223398,0.1280473477955397,0.12850274631280417,1139229.0,54991924.0
2017-08-23,0.12826165298013475,0.1298689418645976,0.1280473477955397,0.12842238186858104,421417.0,20222046.0
2017-08-24,0.12842238186858104,0.12914566186658932,0.12777946631479592,0.12911887371851496,1029681.0,49400588.0
2017-08-25,0.12933317890311,0.1294671196434819,0.12777946631479592,0.12941354334733313,1097327.0,52776048.0
2017-08-28,0.12965463668000254,0.13094046778757285,0.12911887371851496,0.13032434038186208,653123.0,31707058.0
2017-08-29,0.13032434038186208,0.1312619255644654,0.1294671196434819,0.1306993744549034,678029.0,33073768.0
2017-08-30,0.12992251816074638,0.13924479369063084,0.12992251816074638,0.13728925888120105,3213045.0,162901808.0
2017-08-31,0.13927158183870522,0.13927158183870522,0.13436935074109355,0.13493190185065554,1344598.0,68049632.0
2017-09-01,0.1358426988851845,0.13715531814082915,0.13367285889115965,0.13648561443896964,1354703.0,68232928.0
2017-09-04,0.13645882629089526,0.13648561443896964,0.13394074037190346,0.13493190185065554,855757.0,43173500.0
2017-09-05,0.13576233444096136,0.13581591073711013,0.13313709592967204,0.13533372407177127,848941.0,42722872.0
2017-09-06,0.1342086218526473,0.13525335962754814,0.13340497741041585,0.13455686777761422,737800.0,36926980.0
2017-09-07,0.1339139522238291,0.1349854781468043,0.13321746037389517,0.13345855370656462,498925.0,24939412.0
2017-09-08,0.13340497741041585,0.1344765033333911,0.13246739222781254,0.13343176555849023,744412.0,37150664.0
2017-09-11,0.13273527370855634,0.1352801477756225,0.13268169741240757,0.1345836559256886,577006.0,28904580.0
2017-09-12,0.1347443848141349,0.1347443848141349,0.13244060407973815,0.13436935074109355,890884.0,44417628.0
2017-09-13,0.1339139522238291,0.13412825740842413,0.13246739222781254,0.13359249444693652,362182.0,17999064.0
2017-09-14,0.1335121300027134,0.13367285889115965,0.13120834926831662,0.1313690781567629,386517.0,19116810.0
2017-09-15,0.13203878185862244,0.13455686777761422,0.13080652704720092,0.13423541000072164,685920.0,33999628.0
2017-09-18,0.13367285889115965,0.13661955517934155,0.13260133296818444,0.13343176555849023,1319336.0,66313128.0
2017-09-19,0.13273527370855634,0.1336460707430853,0.13155659519328358,0.13217272259899435,470269.0,23244512.0
2017-09-20,0.13169053593365548,0.1352801477756225,0.1308601033433497,0.13509263073910183,1193119.0,59104608.0
2017-09-21,0.1342086218526473,0.13578912258903572,0.13131550186061416,0.13257454482011005,940681.0,46649112.0
2017-09-22,0.13171732408172987,0.13257454482011005,0.12965463668000254,0.13067258630682901,729388.0,35580432.0
2017-09-25,0.13045828112223398,0.13171732408172987,0.12941354334733313,0.12970821297615132,553500.0,26957644.0
2017-09-26,0.13077973889912656,0.13094046778757285,0.12777946631479592,0.12815450038783724,441101.0,21196114.0
2017-09-27,0.1280473477955397,0.12911887371851496,0.12751158483405212,0.12828844112820914,954641.0,45747928.0
2017-09-28,0.12885099223777113,0.12901172112621742,0.12756516113020086,0.127645525574424,526900.0,25218620.0
2017-09-29,0.12777946631479592,0.13075295075105217,0.12769910187057276,0.13048506927030837,833604.0,40065192.0
2017-10-09,0.13061901001068027,0.13161017148943235,0.12970821297615132,0.13064579815875466,473954.0,23082432.0
2017-10-10,0.12992251816074638,0.13517299518332498,0.12992251816074638,0.1349854781468043,1283914.0,64029040.0
2017-10-11,0.1347443848141349,0.1352801477756225,0.1336192825950109,0.13394074037190346,799621.0,40121828.0
2017-10-12,0.1347443848141349,0.13675349591971345,0.13340497741041585,0.13659276703126716,1274446.0,64364944.0
2017-10-13,0.13592306332940765,0.13715531814082915,0.13396752851997784,0.1363784618466721,853379.0,43136216.0
2017-10-16,0.13589627518133326,0.1359766396255564,0.13340497741041585,0.13380679963153158,464404.0,23281816.0
2017-10-17,0.13410146926034977,0.135949851477482,0.13289600259700263,0.13530693592369689,492037.0,24752794.0
2017-10-18,0.1359766396255564,0.1359766396255564,0.13359249444693652,0.1340211048161266,380666.0,19087926.0
2017-10-19,0.13407468111227536,0.13581591073711013,0.1337532233353828,0.13399431666805223,470162.0,23617164.0
2017-10-20,0.13319067222582082,0.1347175966660605,0.13292279074507699,0.13426219814879603,368836.0,18411892.0
2017-10-23,0.1343425625930192,0.14036989590975482,0.13367285889115965,0.13951267517137464,1591020.0,81980728.0
2017-10-24,0.1391644292464077,0.14331659219793672,0.13769108110231676,0.1415217862769532,2228316.0,117731552.0
2017-10-25,0.14157536257310196,0.1426468884960772,0.1395930396155978,0.14208433738651519,882934.0,46422000.0
2017-10-26,0.14144142183273006,0.14425417738054003,0.14050383665012675,0.14342374479023423,1026969.0,54777196.0
2017-10-27,0.14342374479023423,0.14503103367469708,0.14170930331347387,0.14495066923047392,1051889.0,56401836.0
2017-10-30,0.14465599960165576,0.1498261121800112,0.14120032850006065,0.14840634033206904,1873362.0,102812488.0
2017-10-31,0.14733481440909382,0.15419258031613528,0.14693299218797812,0.1501475699569038,2247219.0,127171160.0
2017-11-01,0.15076369736261455,0.1583179551195899,0.14993326477230873,0.15529089438718488,2721806.0,157047648.0
2017-11-02,0.155371258831408,0.15654993734668077,0.15135303662025093,0.15242456254322614,1042962.0,59501732.0
2017-11-03,0.1529335373566394,0.15534447068333365,0.1513798247683253,0.1537639699469452,999689.0,57296396.0
2017-11-06,0.15231740995092863,0.1604074306693916,0.15231740995092863,0.15813043808306923,1615513.0,94840096.0
2017-11-07,0.1583179551195899,0.16019312548479653,0.15405863957576335,0.1563624203101601,1232105.0,72305344.0
2017-11-08,0.15700533586394524,0.15952342178293702,0.15523731809103614,0.15654993734668077,1430815.0,84327048.0
2017-11-09,0.15654993734668077,0.15912159956182131,0.15542483512755678,0.15906802326567257,1549325.0,91325936.0
2017-11-10,0.15813043808306923,0.15936269289449076,0.15614811512556506,0.15802328549077171,691051.0,40803260.0
2017-11-13,0.15853226030418494,0.17074765582610255,0.15673745438320144,0.16855102768400332,2223174.0,137888144.0
2017-11-14,0.1690064262012678,0.17034583360498684,0.16611330620923467,0.16630082324575535,1161220.0,72833976.0
2017-11-15,0.16822956990711074,0.16822956990711074,0.15298711365278814,0.1585858366003337,2630584.0,156872176.0
2017-11-16,0.15778219215810227,0.16517572102663136,0.1577554040100279,0.1638898899190611,1316386.0,79625696.0
2017-11-17,0.16075567659435855,0.16255048251534204,0.155371258831408,0.15772861586195353,929359.0,55262412.0
2017-11-20,0.15571950475637497,0.16228260103459824,0.15269244402396995,0.16131822770392054,969168.0,57454944.0
2017-11-21,0.16249690621919327,0.1684706632397802,0.1598180914117552,0.16632761139382973,1230373.0,75798408.0
2017-11-22,0.16608651806116032,0.16608651806116032,0.15703212401201963,0.16027348992901969,1262448.0,75553016.0
2017-11-23,0.15874656548878,0.16032706622516846,0.14824561144362278,0.14883495070125913,1039786.0,59567576.0
2017-11-24,0.14733481440909382,0.15421936846420967,0.14599540700537478,0.15296032550471378,1162983.0,65321060.0
2017-11-27,0.15269244402396995,0.15904123511759818,0.14768306033406078,0.15282638476434185,1120467.0,65299976.0
2017-11-28,0.1505226040299451,0.1577554040100279,0.1505226040299451,0.15571950475637497,768225.0,44497552.0
2017-11-29,0.15649636105053202,0.1567910306793502,0.15095121439913523,0.15116551958373026,1189664.0,68112120.0
2017-11-30,0.15210310476633357,0.1574875225292841,0.15210310476633357,0.15697854771587086,810737.0,47016540.0
2017-12-01,0.15671066623512706,0.15719285290046592,0.15271923217204433,0.1551301654987386,975919.0,56301072.0
2017-12-04,0.15488907216606917,0.15507658920258985,0.148754586257036,0.154031851427689,1100010.0,62862968.0
2017-12-05,0.1537639699469452,0.15671066623512706,0.15001362921653189,0.15507658920258985,703254.0,40103776.0
2017-12-06,0.1545676143891766,0.15703212401201963,0.152906749208565,0.1551301654987386,752834.0,43796656.0
2017-12-07,0.15392469883539148,0.15772861586195353,0.15392469883539148,0.15743394623313534,988494.0,57850524.0
2017-12-08,0.15671066623512706,0.15938948104256512,0.1553980469794824,0.1556659284602262,1766929.0,103944272.0
2017-12-11,0.15577308105252374,0.1563892084582345,0.15341572402197823,0.1548622840179948,2451297.0,141288288.0
2017-12-12,0.15491586031414356,0.15563914031215184,0.14947786625504425,0.14977253588386244,916512.0,52273168.0
2017-12-13,0.14977253588386244,0.1537639699469452,0.14974574773578808,0.15183522328558977,875027.0,49771844.0
2017-12-14,0.15309426624508565,0.16099676992702797,0.15215668106248234,0.1604074306693916,1975114.0,114827688.0
2017-12-15,0.15904123511759818,0.1646667462132181,0.15751431067735847,0.16003239659635027,1662216.0,100083624.0
2017-12-18,0.1602467017809453,0.16742592546487933,0.1583447432676643,0.16568469584004458,2327694.0,143889760.0
2017-12-19,0.16737234916873056,0.17034583360498684,0.16474711065744127,0.16573827213619335,1131155.0,70358736.0
2017-12-20,0.16477389880551563,0.16683658620724295,0.16308624547682968,0.16391667806713545,726579.0,44535080.0
2017-12-21,0.16383631362291232,0.16608651806116032,0.16260405881149081,0.16563111954389584,596900.0,36818628.0
2017-12-22,0.16608651806116032,0.16726519657643305,0.16281836399608585,0.16348806769794538,691019.0,42354296.0
2017-12-25,0.16348806769794538,0.16608651806116032,0.1609431936308792,0.16501499213818507,1472388.0,89246200.0
2017-12-26,0.16477389880551563,0.1727299787836067,0.16260405881149081,0.17141735952796205,3014670.0,191739280.0
2017-12-27,0.17045298619728436,0.17077444397417693,0.16102355807510235,0.1652560854708545,1833092.0,113573088.0
2017-12-28,0.16453280547284624,0.16520250917470575,0.16209508399807757,0.16313982177297842,954216.0,58194012.0
2017-12-29,0.1620682958500032,0.168738544720524,0.1620682958500032,0.168738544720524,1306197.0,81095632.0
2018-01-02,0.1694350365704579,0.17286391952397862,0.16772059509369752,0.17181918174907776,1469246.0,93915912.0
2018-01-03,0.17181918174907776,0.1781411846946316,0.17064050323380503,0.17417653877962325,1148899.0,75107808.0
2018-01-04,0.17433726766806956,0.17546236988719355,0.1687117565724496,0.1708280202703257,1180738.0,75509816.0
2018-01-05,0.17096196101069758,0.17224779211826785,0.17013152842039178,0.17141735952796205,594752.0,37964028.0
2018-01-08,0.17045298619728436,0.1781411846946316,0.17045298619728436,0.17674820099476382,938937.0,61755844.0
2018-01-09,0.1765338958101688,0.1774982691408465,0.17385508100273073,0.17725717580817704,469823.0,30824874.0
2018-01-10,0.17546236988719355,0.17728396395625146,0.1708280202703257,0.17238173285863975,792354.0,51160280.0
2018-01-11,0.17380150470658193,0.17380150470658193,0.16930109583008598,0.17042619804920997,644838.0,41038388.0
2018-01-12,0.17007795212424304,0.1723549447105654,0.16608651806116032,0.1669169506514661,972242.0,61119284.0
2018-01-15,0.1669437387995405,0.1695689773108298,0.16555075509967268,0.16600615361693716,842343.0,52740928.0
2018-01-16,0.16710446768798679,0.16742592546487933,0.16367558473446606,0.1644256528805487,1198660.0,73695832.0
2018-01-17,0.1643988647324743,0.1643988647324743,0.1583179551195899,0.16354164399409413,1507228.0,90558520.0
2018-01-18,0.1622290247384495,0.1634344914017966,0.1576482514177304,0.16078246474243293,1225928.0,73437984.0
2018-01-19,0.15938948104256512,0.16474711065744127,0.15837153141573865,0.1638631017709867,1149309.0,69167128.0
2018-01-22,0.16364879658639167,0.16472032250936688,0.15938948104256512,0.1642649239921024,1523365.0,91834320.0
2018-01-23,0.16287194029223462,0.16715804398413553,0.16155932103658996,0.16547039065544955,1031357.0,63299908.0
2018-01-24,0.16605972991308593,0.16605972991308593,0.15952342178293702,0.16110392251932548,1078949.0,65326824.0
2018-01-25,0.16107713437125112,0.16201471955385444,0.1567910306793502,0.15687139512357334,821842.0,49019840.0
2018-01-26,0.1566838780870527,0.15909481141374693,0.1537639699469452,0.1584518958599618,1075894.0,63033252.0
2018-01-29,0.15855904845225932,0.15855904845225932,0.1551301654987386,0.15542483512755678,1332703.0,77573600.0
2018-01-30,0.1545676143891766,0.16070210029820978,0.1527728084681931,0.16013954918864778,1181152.0,69689440.0
2018-01-31,0.15936269289449076,0.15938948104256512,0.15408542772383776,0.15464797883339973,775281.0,45272344.0
2018-02-01,0.1536300292065733,0.15654993734668077,0.1497189595877137,0.15229062180285424,1410481.0,80121304.0
2018-02-02,0.1526656558758956,0.15633563216208574,0.14840634033206904,0.1494242899588955,1535053.0,87182640.0
2018-02-05,0.1483527640359203,0.1508172736587633,0.14733481440909382,0.1494510781069699,742428.0,41376488.0
2018-02-06,0.14741517885331695,0.14920998477430047,0.14165572701732512,0.142914769976821,958309.0,51657836.0
2018-02-07,0.14532570330351527,0.15279959661626746,0.14452205886128386,0.14492388108239956,1624333.0,89511920.0
2018-02-08,0.1433701684940855,0.14706693292835,0.1433701684940855,0.14532570330351527,850103.0,46106068.0
2018-02-09,0.1437452025671268,0.14596861885730042,0.13951267517137464,0.14545964404388717,795403.0,42690152.0
2018-02-12,0.14562037293233346,0.15397827513154022,0.1430487107171929,0.15287996106049062,1356318.0,75363984.0
2018-02-13,0.15226383365477988,0.155371258831408,0.1502815106972757,0.15242456254322614,418166.0,23897228.0
2018-02-14,0.15242456254322614,0.1537639699469452,0.1508172736587633,0.15215668106248234,220726.0,12537912.0
2018-02-22,0.15395148698346584,0.1574875225292841,0.1536300292065733,0.15689818327164773,355324.0,20616090.0
2018-02-23,0.15663030179090393,0.15912159956182131,0.15494264846221795,0.15772861586195353,515570.0,30392856.0
2018-02-26,0.1587197773407056,0.16340770325372223,0.1569249714197221,0.16190756696155692,491284.0,29469894.0
2018-02-27,0.16190756696155692,0.16576506028426774,0.1594162691906395,0.160648524002061,683971.0,41634276.0
2018-02-28,0.15925554030219324,0.1633273388094991,0.1588537180810775,0.16083604103858168,797104.0,47965504.0
2018-03-01,0.15995203215212714,0.16180041436925938,0.15938948104256512,0.16070210029820978,1293358.0,77313128.0
2018-03-02,0.15992524400405275,0.16099676992702797,0.15829116697151552,0.16005918474442465,577509.0,34421128.0
2018-03-05,0.1588805062291519,0.15938948104256512,0.15555877586792868,0.15847868400803616,499150.0,29424302.0
2018-03-06,0.15893408252530064,0.17007795212424304,0.15893408252530064,0.16640797583805286,1039498.0,64258616.0
2018-03-07,0.16766701879754878,0.17005116397616862,0.16480068695359004,0.16608651806116032,819050.0,51408384.0
2018-03-08,0.16608651806116032,0.17251567359901168,0.16474711065744127,0.17179239360100337,1051731.0,66827060.0
2018-03-09,0.17088159656647445,0.18215940690578872,0.1708280202703257,0.1769089298832101,1424729.0,94223424.0
2018-03-12,0.1760784972929043,0.18414172986329289,0.1760784972929043,0.18065927061362339,913650.0,61981460.0
2018-03-13,0.17974847357909443,0.18398100097484663,0.17972168543102007,0.18339166171721022,1183364.0,80880952.0
2018-03-14,0.18339166171721022,0.18349881430950776,0.1749266069257059,0.17696250617935888,940574.0,62646844.0
2018-03-15,0.1784090661753754,0.18719557874377227,0.17487303062955717,0.18690090911495408,1488783.0,101398296.0
2018-03-16,0.18684733281880533,0.18719557874377227,0.18081999950206967,0.18317735653261516,1461696.0,100156584.0
2018-03-19,0.18373990764217718,0.18767776540911116,0.17516770025837536,0.18593653578427638,1364455.0,93296976.0
2018-03-20,0.18352560245758215,0.19132095354722692,0.18189152542504491,0.18617762911694583,1827619.0,127878376.0
2018-03-21,0.18403457727099537,0.1888564439243839,0.18301662764416887,0.18331129727298712,823451.0,57148984.0
2018-03-22,0.18323093282876396,0.18604368837657392,0.18044496542902835,0.18462391652863175,873068.0,60002604.0
2018-03-23,0.18215940690578872,0.18593653578427638,0.16742592546487933,0.18331129727298712,1645664.0,111609192.0
2018-03-26,0.18081999950206967,0.18617762911694583,0.17546236988719355,0.18376669579025154,1456876.0,99784824.0
2018-03-27,0.18376669579025154,0.19635712538521047,0.18376669579025154,0.18767776540911116,3974679.0,284839456.0
2018-03-28,0.18751703652066487,0.18751703652066487,0.17948059209835066,0.18320414468068957,2605014.0,179125200.0
2018-03-29,0.18296305134802013,0.18749024837259046,0.18031102468865645,0.18625799356116896,1868622.0,129044176.0
2018-03-30,0.18572223059968135,0.19268714909902035,0.18081999950206967,0.1907584024376649,2008776.0,141814848.0
2018-04-02,0.19099949577033434,0.2015004498154916,0.19099949577033434,0.19552669279490467,1755450.0,130225656.0
2018-04-03,0.1936783105777724,0.20192906018468165,0.1931425476162848,0.19627676094098734,1459138.0,107951360.0
2018-04-04,0.19638391353328488,0.19903594019264856,0.18751703652066487,0.18754382466873926,2405705.0,171418864.0
2018-04-09,0.18601690022849954,0.19089234317803683,0.18465070467670613,0.1864990868938384,1181800.0,82691496.0
2018-04-10,0.18590974763620202,0.18607047652464828,0.17918592246953247,0.1825880172749788,1836945.0,124887008.0
2018-04-11,0.18349881430950776,0.18880286762823514,0.18221298320193746,0.1867669683745822,1898100.0,132145240.0
2018-04-12,0.18628478170924337,0.19836623649078902,0.18628478170924337,0.19450874316807823,2371905.0,171744464.0
2018-04-13,0.19488377724111955,0.20278628092306186,0.19488377724111955,0.19855375352730972,1895107.0,141389312.0
2018-04-16,0.19708040538321875,0.2021701535173511,0.19024942762425168,0.19678573575440056,2205832.0,161333024.0
2018-04-17,0.19809835501004525,0.20037534759636758,0.1848650098613012,0.18931184244164836,1511504.0,109168952.0
2018-04-18,0.18901717281283018,0.19582136242372286,0.18323093282876396,0.19073161428959054,1517071.0,107646976.0
2018-04-19,0.19057088540114425,0.2006432290771114,0.19057088540114425,0.19943776241376426,1840479.0,136135376.0
2018-04-20,0.1976965327889295,0.20578655350739247,0.19611603205254105,0.1997860083387312,1628452.0,122662704.0
2018-04-23,0.19959849130221055,0.20192906018468165,0.19474983650074765,0.198151931306194,832152.0,61679636.0
2018-04-24,0.19823229575041712,0.20546509573049992,0.19673215945825182,0.20345598462492137,1713596.0,129909080.0
2018-04-25,0.19850017723116092,0.21556422755454144,0.19850017723116092,0.21181388682412813,3161864.0,248278480.0
2018-04-26,0.21109060682611985,0.21500167644497947,0.20482218017671477,0.20881361423979752,2227263.0,174861088.0
2018-04-27,0.2063491046169545,0.2156445919987646,0.20367028980951643,0.20771530016874792,1829549.0,143901712.0
2018-05-02,0.20626874017273134,0.20734026609570658,0.19571420983142535,0.20530436684205364,1907999.0,145459568.0
2018-05-03,0.2035631372172189,0.20859930905520246,0.20099147500207834,0.2081171223898636,1521520.0,116544000.0
2018-05-04,0.20600085869198756,0.2116263697876075,0.20235767055387177,0.20809033424178924,1392901.0,108380200.0
2018-05-07,0.20613479943235943,0.21505525274112822,0.2051972142497561,0.21414445570659926,1912028.0,152304128.0
2018-05-08,0.21403730311430175,0.2147873712603844,0.20894755498016943,0.21184067497220252,954146.0,75373888.0
2018-05-09,0.20983156386662397,0.21331402311629344,0.20404532388255775,0.20846536831483053,994575.0,76927152.0
2018-05-10,0.20760814757645038,0.21055484386463225,0.20629552832080575,0.20975119942240084,670440.0,52117124.0
2018-05-11,0.20983156386662397,0.20996550460699587,0.19935739796954113,0.20415247647485524,1736186.0,131711656.0
2018-05-14,0.20117899203859899,0.20233088240579739,0.19019585132810293,0.19571420983142535,3267743.0,239018144.0
2018-05-15,0.1976965327889295,0.20597407054391315,0.19700004093899565,0.20361671351336766,1747725.0,132547352.0
2018-05-16,0.2042328409190784,0.2184037712504258,0.2042328409190784,0.21489452385268193,2621716.0,209713616.0
2018-05-17,0.24176399009344723,0.24439585125142654,0.23117533938808868,0.23215463656315075,1663600.0,128734752.0
2018-05-18,0.22976759969893695,0.24549756057337135,0.22780900534881282,0.23827524390728863,1840561.0,141832656.0
2018-05-21,0.23907092286202658,0.24139675365279895,0.22832925697306455,0.23151197279201627,2568716.0,193987216.0
2018-05-22,0.22921674503796455,0.23472529164768866,0.22529955633771628,0.23276669729756452,1420153.0,107343144.0
2018-05-23,0.23206282745298867,0.23650026777748864,0.22799262356913697,0.23123654546153005,1344436.0,102016192.0
2018-05-24,0.23411323091327485,0.23503132201489554,0.22915553896452315,0.23304212462805074,1110064.0,84424168.0
2018-05-25,0.23420504002343692,0.24329414192948173,0.22829865393634383,0.2397747927066024,1915174.0,148929664.0
2018-05-28,0.24176399009344723,0.24237605082786104,0.23402142180311278,0.23876489249481966,1623169.0,126188672.0
2018-05-29,0.23986660181676447,0.2442122330311024,0.23126714849825072,0.23175679708578178,1750175.0,135533616.0
2018-05-30,0.22548317455804043,0.2348477037945714,0.22401422879544733,0.22796202053241627,1177408.0,88492632.0
2018-05-31,0.23059388169039555,0.23408262787655415,0.22395302272200596,0.2331033307014921,1643429.0,122892992.0
2018-06-01,0.23255247604051968,0.23389900965623006,0.2240754348688887,0.22802322660585767,1066282.0,79726448.0
2018-06-04,0.2258504109986887,0.2296145845153335,0.2209539251233784,0.22689091424719213,961014.0,70857872.0
2018-06-05,0.22805382964257834,0.23558217667586798,0.2260952352924542,0.23267488818740245,1002268.0,76115264.0
2018-06-06,0.23086930902088176,0.23708172547518175,0.22707453246751627,0.22976759969893695,794191.0,59826096.0
2018-06-07,0.22952277540517144,0.23083870598416112,0.22707453246751627,0.2285434782301094,575437.0,43049140.0
2018-06-08,0.2285434782301094,0.23533735238210246,0.2264930747698232,0.2323688578201956,990290.0,75125064.0
2018-06-11,0.23151197279201627,0.23255247604051968,0.22624825047605768,0.22967579058877488,880953.0,66150420.0
2018-06-12,0.2266154869167059,0.23686750421813693,0.2264624717331025,0.2337765975093473,1012946.0,76345280.0
2018-06-13,0.2337765975093473,0.23686750421813693,0.2299818209559818,0.23071629383727832,484491.0,36852780.0
2018-06-14,0.22952277540517144,0.23334815499525763,0.2258810140354094,0.2305632786536749,813315.0,60964996.0
2018-06-15,0.2310529272412059,0.23255247604051968,0.22279010732661972,0.22358578628135767,978763.0,72072984.0
2018-06-19,0.22269829821645765,0.2255443806314818,0.21278291431895427,0.21954618543422663,1223826.0,86941544.0
2018-06-20,0.21116095337275773,0.22930855414812662,0.201276172511975,0.2273193567612818,1481378.0,106618392.0
2018-06-21,0.2260952352924542,0.23441926128048174,0.224932319897068,0.22796202053241627,849346.0,63766692.0
2018-06-22,0.2279314174956956,0.2389485107151438,0.2261564413658956,0.2386730833846576,1144869.0,87244352.0
2018-06-25,0.2372653436955059,0.24142735668951967,0.23319513981165418,0.23441926128048174,1089594.0,83962160.0
2018-06-26,0.23258307907724038,0.2503328403752403,0.2313589576084128,0.24852726120871962,1623677.0,129657920.0
2018-06-27,0.24852726120871962,0.2607378728602748,0.2389791137518645,0.24213122653409552,1613447.0,130938680.0
2018-06-28,0.2413661506160783,0.2486190703188817,0.22799262356913697,0.23876489249481966,1168618.0,91717088.0
2018-06-29,0.23907092286202658,0.2553823414341541,0.2326136821139611,0.2544948533692541,957307.0,76522008.0
2018-07-02,0.25412761692860586,0.25981978175865406,0.24718072759300927,0.24895570372280926,826933.0,68369832.0
2018-07-03,0.2495371614205024,0.2533625410105886,0.23937695322923347,0.24727253670317134,1155689.0,92254288.0
2018-07-04,0.24727253670317134,0.24926173409001617,0.24176399009344723,0.2453139423530472,767281.0,61403056.0
2018-07-05,0.24561997272025415,0.2486190703188817,0.23074689687399905,0.23564338274930935,1194319.0,92935912.0
2018-07-06,0.23683690118141623,0.23717353458534382,0.22689091424719213,0.23291971248116797,925910.0,70570480.0
2018-07-09,0.23025724828646796,0.24115192935903346,0.22952277540517144,0.24011142611053,896010.0,69335904.0
2018-07-10,0.2393157471557921,0.24023383825741276,0.23273609426084382,0.23555157363914728,795472.0,61320036.0
2018-07-11,0.23258307907724038,0.23408262787655415,0.2209539251233784,0.22799262356913697,1834124.0,135630560.0
2018-07-12,0.22891071467075763,0.2399278078902059,0.224932319897068,0.23656147385093002,2150072.0,163744656.0
2018-07-13,0.23656147385093002,0.2507918859260507,0.2349089098680128,0.24418162999438173,1674881.0,133702248.0
2018-07-16,0.2448242937655162,0.2544948533692541,0.24393680570061618,0.24962897053066443,1240604.0,101544728.0
2018-07-17,0.25247505294568856,0.2556577687646403,0.24718072759300927,0.2512815345135817,1054957.0,86592736.0
2018-07-18,0.24638504863827138,0.26012581212586094,0.24638504863827138,0.25691249327018856,1094327.0,91930080.0
2018-07-19,0.2576775691882058,0.2585650572531058,0.23821403783384726,0.2431105237091576,1803271.0,144030624.0
2018-07-20,0.24298811156227484,0.24849665817199895,0.23900971678858518,0.24614022434450586,955640.0,76365976.0
2018-07-23,0.2415803718731231,0.2415803718731231,0.2251771441908335,0.23588820704307484,2632984.0,200973568.0
2018-07-24,0.23264428515068175,0.2431105237091576,0.23013483613958524,0.23995841092692655,2087747.0,161846448.0
2018-07-25,0.24145795972624037,0.24145795972624037,0.233807200546068,0.2361024283001197,1848203.0,143286064.0
2018-07-26,0.23536795541882313,0.23989720485348517,0.22799262356913697,0.22860468430355077,1751710.0,132471568.0
2018-07-27,0.22860468430355077,0.22982880577237833,0.22150477978435076,0.22667669299014728,1558291.0,114996968.0
2018-07-30,0.22820684482618175,0.22918614200124385,0.2179242244880301,0.2216883980046749,1339165.0,96633528.0
2018-07-31,0.22040307046240595,0.2216883980046749,0.2126911052087922,0.22034186438896458,1547117.0,109648480.0
2018-08-01,0.21972980365455078,0.22015824616864044,0.20657049786465428,0.21385402060417838,2770787.0,190169120.0
2018-08-02,0.21149758677668531,0.21149758677668531,0.2013373785854164,0.20641748268105084,1621291.0,109137712.0
2018-08-03,0.20626446749744742,0.21666949998248183,0.1998378297861026,0.21177301410717153,1567405.0,106332872.0
2018-08-06,0.20840668006789564,0.20868210739838186,0.1931051617075509,0.19613486234289917,1301480.0,86531448.0
2018-08-07,0.19524737427799915,0.20807004666396806,0.1846893266093613,0.2065092917912129,3690180.0,232156688.0
2018-08-08,0.20198004235655087,0.2050403460286198,0.19209526149576817,0.1960430532327371,1534285.0,98800840.0
2018-08-09,0.19380903155212675,0.2117424110704508,0.19380903155212675,0.20895753472886808,2144622.0,145066976.0
2018-08-10,0.20892693169214738,0.21253809002518875,0.20660110090137498,0.21155879285012666,1485685.0,101951896.0
2018-08-13,0.21024286227113703,0.21636346961527494,0.20758039807643705,0.2139152266776198,1002481.0,69511968.0
2018-08-14,0.21385402060417838,0.21544537851365428,0.20657049786465428,0.20724376467250946,890537.0,60955992.0
2018-08-15,0.20785582540692327,0.20932477116951637,0.1992257690516888,0.20210245450343364,932962.0,61952364.0
2018-08-16,0.1998684328228233,0.20194943931983017,0.1954921985717647,0.1998684328228233,1355282.0,88065968.0
2018-08-17,0.20002144800642674,0.20228607272375773,0.18670912703292677,0.1890349578236992,2292795.0,142926288.0
2018-08-20,0.18820867583224057,0.19188104023872332,0.18046610754190612,0.1898918428518785,1786743.0,109767576.0
2018-08-21,0.1916362159449578,0.20473431566141292,0.18943279730106816,0.2009701421447681,1313752.0,85433872.0
2018-08-22,0.19959300549233708,0.20464250655125085,0.19846069313367154,0.20198004235655087,710547.0,46838952.0
2018-08-23,0.20198004235655087,0.204826124771575,0.2004498905205164,0.20381622455979223,635102.0,42114512.0
2018-08-24,0.20381622455979223,0.20895753472886808,0.1989197386844819,0.20810064970068876,771802.0,51734912.0
2018-08-27,0.20687652823186117,0.2126911052087922,0.20231667576047846,0.20855969525149912,602089.0,40950808.0
2018-08-28,0.20855969525149912,0.20953899242656118,0.20198004235655087,0.2064786887544922,840196.0,56227360.0
2018-08-29,0.20595843713024048,0.20595843713024048,0.19882792957431983,0.2004498905205164,761641.0,49938604.0
2018-08-30,0.20167401198934398,0.20467310958797152,0.20026627230019226,0.20118436340181292,566156.0,37369172.0
2018-08-31,0.19858310528055434,0.1998684328228233,0.1930439556341095,0.19555340464520607,907905.0,57773096.0
2018-09-03,0.19585943501241296,0.19585943501241296,0.1866785239962061,0.19224827667937158,950532.0,59131780.0
2018-09-04,0.1931051617075509,0.19555340464520607,0.18364882336085783,0.18915736997058197,2084372.0,126637632.0
2018-09-05,0.1851789751968923,0.18909616389714057,0.18077213790911303,0.18471992964608197,1307608.0,79292120.0
2018-09-06,0.18395485372806472,0.1864643027391613,0.182057465451382,0.18300615958972336,1117300.0,66999580.0
2018-09-07,0.18416907498510957,0.1948189317639095,0.18300615958972336,0.18912676693386124,2275221.0,140855536.0
2018-09-10,0.18637249362899921,0.1864030966657199,0.18239409885530958,0.18361822032413716,963189.0,57791672.0
2018-09-11,0.18514837216017163,0.18514837216017163,0.17550841559315442,0.17859932230194406,1080625.0,63053144.0
2018-09-12,0.1784157040816199,0.17982344377077164,0.16794946552314413,0.16938780824901653,1439165.0,80898128.0
2018-09-13,0.1738252485735165,0.1738252485735165,0.15913579094758554,0.1673986108621717,3039448.0,164854288.0
2018-09-14,0.16871454144116135,0.16905117484508894,0.1638792616392924,0.16865333536771998,1199600.0,65528088.0
2018-09-17,0.1682860989270717,0.1682860989270717,0.15834011199284762,0.15977845471872001,1583227.0,83451848.0
2018-09-18,0.16020689723280968,0.16745981693561307,0.15944182131479243,0.1662969015402269,1172416.0,62881808.0
2018-09-19,0.17131579956241996,0.17627349151117166,0.1683167019637924,0.17195846333355444,2325592.0,131201288.0
2018-09-20,0.17462092752825442,0.17838510104489924,0.17052012060768204,0.17407007286728202,1097057.0,62664840.0
2018-09-21,0.17443730930793028,0.18621947844539577,0.17260112710468892,0.18346520514053372,1446559.0,85116904.0
2018-09-25,0.18178203812089577,0.1895858124846716,0.1776506281636027,0.18738239384078195,1263189.0,76551392.0
2018-09-26,0.1866785239962061,0.195461595535044,0.18410786891166817,0.1907793309167785,1095990.0,68543232.0
2018-09-27,0.19096294913710263,0.19402325280917157,0.18670912703292677,0.18808626368535783,1134541.0,70175648.0
2018-09-28,0.18980003374171645,0.1931051617075509,0.18823927886896127,0.1913607886144716,869729.0,54216332.0
2018-10-08,0.18943279730106816,0.19157500987151643,0.1805579166520682,0.18361822032413716,1476628.0,89609112.0
2018-10-09,0.18208806848810266,0.18964701855811297,0.1729071574718958,0.17590625507052338,1977060.0,116995448.0
2018-10-10,0.18034369539502337,0.18545440252737852,0.17749761297999925,0.18297555655300266,1837586.0,109350192.0
2018-10-11,0.17902776481603372,0.18346520514053372,0.1694184112857372,0.17333559998598547,1857211.0,106327056.0
2018-10-12,0.17321318783910272,0.1835264112139751,0.17045891453424067,0.181169977386482,1177705.0,68886040.0
2018-10-15,0.1852401812703337,0.18625008148211644,0.17339680605942684,0.17391705768367857,1242420.0,72557192.0
2018-10-16,0.1738252485735165,0.175845048997082,0.1683167019637924,0.17400886679384064,891328.0,50375208.0
2018-10-17,0.1756308277400372,0.17648771276821648,0.16219609461965448,0.16816368678018895,1520057.0,83907696.0
2018-10-18,0.16794946552314413,0.17410067590400272,0.16222669765637515,0.1653788104386062,1237204.0,68163552.0
2018-10-19,0.16513398614484068,0.17198906637027514,0.1603599124164131,0.17045891453424067,962962.0,52649312.0
2018-10-22,0.17137700563586133,0.18276133529595784,0.17045891453424067,0.18178203812089577,1309394.0,76254784.0
2018-10-23,0.1805579166520682,0.1808333439825544,0.1683167019637924,0.1705507236444027,1908651.0,107760584.0
2018-10-24,0.16923479306541306,0.17006107505687168,0.16464433755730964,0.16586845902613723,1529532.0,83670728.0
2018-10-25,0.16222669765637515,0.1729071574718958,0.15928880613118895,0.16862273233099928,1969176.0,107107760.0
2018-10-26,0.16889815966148547,0.171805448149951,0.16678655012775792,0.16801067159658548,972316.0,53682044.0
2018-10-29,0.1683167019637924,0.1699998689834303,0.16066594278362,0.16733740478873033,1454357.0,78824224.0
2018-10-30,0.16678655012775792,0.17100976919521307,0.16345081912520273,0.16758222908249584,1039966.0,57082424.0
2018-10-31,0.16801067159658548,0.17443730930793028,0.16687835923792,0.17361102731647166,1393850.0,78381584.0
2018-11-01,0.1747433396751372,0.17963982555044752,0.16951022039589927,0.17168303600306825,1592254.0,90386648.0
2018-11-02,0.17321318783910272,0.18211867152482336,0.17321318783910272,0.18107816827631992,1808206.0,105656048.0
2018-11-05,0.18049671057862682,0.1866173179227647,0.17615107936428892,0.18150661079040958,1584252.0,93452424.0
2018-11-06,0.1805579166520682,0.1805579166520682,0.17602866721740615,0.1776506281636027,760850.0,44218648.0
2018-11-07,0.17645710973149578,0.18208806848810266,0.17645710973149578,0.17749761297999925,926991.0,54120716.0
2018-11-08,0.17758942209016132,0.18459751749919923,0.176732537061982,0.17771183423704406,957504.0,55960504.0
2018-11-09,0.17749761297999925,0.18361822032413716,0.176732537061982,0.18300615958972336,854269.0,50318140.0
2018-11-12,0.18071093183567163,0.1872905847306199,0.1784157040816199,0.1852401812703337,1485853.0,88603360.0
2018-11-13,0.1851789751968923,0.19885853261104056,0.18129238953336474,0.19738958684844743,1056264.0,65395560.0
2018-11-14,0.1954309924983233,0.195461595535044,0.18882073656665438,0.18980003374171645,1277746.0,80003840.0
2018-11-15,0.18738239384078195,0.19185043720200262,0.1866785239962061,0.18790264546503369,1339236.0,82484816.0
2018-11-16,0.1867397300696475,0.18820867583224057,0.1834958081772544,0.18481173875624404,2303589.0,139352832.0
2018-11-19,0.1855768146742613,0.1855768146742613,0.1784157040816199,0.18484234179296472,1893691.0,112925744.0
2018-11-20,0.18211867152482336,0.18346520514053372,0.17682434617214407,0.17719158261279233,1156251.0,67830048.0
2018-11-21,0.17443730930793028,0.18052731361534752,0.1741312789407234,0.17835449800817854,1131542.0,66015304.0
2018-11-22,0.17835449800817854,0.17963982555044752,0.17670193402526133,0.17814027675113372,911747.0,53068296.0
2018-11-23,0.1778954524573682,0.17807907067769232,0.17052012060768204,0.17153002081946478,1135120.0,64006672.0
2018-11-26,0.17208087548043718,0.17826268889801647,0.17186665422339237,0.17443730930793028,1281377.0,73314272.0
2018-11-27,0.17443730930793028,0.1773139947596751,0.17306017265549925,0.17550841559315442,563577.0,32357838.0
2018-11-28,0.17550841559315442,0.18043550450518545,0.17446791234465098,0.17948681036684405,613716.0,35770700.0
2018-11-29,0.17979284073405097,0.1828531444061199,0.17477394271185787,0.1755696216665958,842704.0,48980580.0
2018-11-30,0.1755696216665958,0.17670193402526133,0.17045891453424067,0.1738252485735165,1297891.0,72971680.0
2018-12-03,0.174957560932182,0.18049671057862682,0.17443730930793028,0.17755881905344062,1082554.0,62900660.0
2018-12-04,0.17636530062133374,0.18193505330449924,0.17483514878529927,0.18147600775368888,1070080.0,62637212.0
2018-12-05,0.17960922251372682,0.1866785239962061,0.17872173444882683,0.1840772658749475,1455500.0,87714008.0
2018-12-06,0.18270012922251647,0.18545440252737852,0.17749761297999925,0.18208806848810266,906682.0,53883728.0
2018-12-07,0.18364882336085783,0.18364882336085783,0.1746821336016958,0.17615107936428892,523951.0,30330392.0
2018-12-10,0.1761816824010096,0.1793337951832406,0.17143821170930273,0.17749761297999925,520469.0,30042468.0
2018-12-11,0.17902776481603372,0.17979284073405097,0.17654891884165785,0.17902776481603372,603056.0,35196024.0
2018-12-12,0.18028248932158197,0.181169977386482,0.17507997307906478,0.1773139947596751,366140.0,21220688.0
2018-12-13,0.177130376539351,0.17960922251372682,0.17520238522594753,0.17719158261279233,470400.0,27296054.0
2018-12-14,0.17719158261279233,0.17801786460425098,0.17110157830537512,0.17364163035319236,797521.0,45236272.0
2018-12-17,0.17260112710468892,0.17260112710468892,0.15699357837713726,0.15941121827807175,4201915.0,221178368.0
2018-12-18,0.15913579094758554,0.16372624645568895,0.15378025952146487,0.16219609461965448,1974360.0,101663192.0
2018-12-19,0.15993146990232346,0.161155591371151,0.15417809899883383,0.1545453354394821,1439615.0,73582328.0
2018-12-20,0.15295397753000622,0.1554634265411028,0.15264794716279936,0.15301518360344762,948600.0,47656888.0
2018-12-21,0.15295397753000622,0.15451473240276142,0.15087297103299935,0.15200528339166489,953079.0,47607332.0
2018-12-24,0.15200528339166489,0.15680996015681314,0.15182166517134074,0.15270915323624074,1253895.0,62942052.0
2018-12-25,0.15151563480413383,0.15396387774178902,0.15087297103299935,0.15286216841984418,751304.0,37459368.0
2018-12-26,0.1527397562729614,0.1545453354394821,0.1469251792960304,0.1490061857930373,1529490.0,74359808.0
2018-12-27,0.1498324677844959,0.1498324677844959,0.14475236368886144,0.14619070641473386,2090799.0,99821104.0
2018-12-28,0.14622130945145456,0.14674156107570627,0.1388153745650477,0.14447693635837525,2740657.0,127060248.0
2019-01-02,0.14472176065214076,0.14536442442327524,0.13805029864703044,0.13915200796897526,1721223.0,78835816.0
2019-01-03,0.14016190818075802,0.14062095373156838,0.1323581338169822,0.1367955741414822,1533018.0,68853248.0
2019-01-04,0.13618351340706839,0.14123301446598216,0.13474517068119599,0.1402231142541994,1647601.0,75232832.0
2019-01-07,0.14019251121747872,0.1454562335334373,0.13939683226274077,0.14236532682464767,1617757.0,75590224.0
2019-01-08,0.14254894504497181,0.14334462399970974,0.1384787411611201,0.13915200796897526,1127409.0,51482544.0
2019-01-09,0.14254894504497181,0.14306919666922352,0.13627532251723046,0.13988648085027183,1540187.0,70708352.0
2019-01-10,0.13982527477683043,0.14199809038399938,0.13783607738998563,0.13927442011585803,1419305.0,64949296.0
2019-01-11,0.1402843203276408,0.14199809038399938,0.13927442011585803,0.14132482357614423,841955.0,38766072.0
2019-01-14,0.14208989949416145,0.14208989949416145,0.1367955741414822,0.13927442011585803,1055805.0,47914184.0
2019-01-15,0.14016190818075802,0.1426101511184132,0.13838693205095803,0.14242653289808904,936884.0,43103564.0
2019-01-16,0.14212050253088215,0.14655794285538212,0.14077396891517183,0.14557864568032006,1529152.0,72532040.0
2019-01-17,0.14557864568032006,0.14726181269995797,0.1434058300731511,0.14404849384428559,889284.0,42124268.0
2019-01-18,0.14334462399970974,0.14637432463505798,0.14334462399970974,0.14594588212096835,819502.0,38885896.0
2019-01-21,0.1460988973045718,0.15240312286903382,0.14475236368886144,0.1487307584625511,1991042.0,97030088.0
2019-01-22,0.1495876434907304,0.1496182465274511,0.1457316608639235,0.14741482788356144,977755.0,47211220.0
2019-01-23,0.1468945762593097,0.14827171291174077,0.144599348505258,0.14515020316623042,529900.0,25299546.0
2019-01-24,0.14704759144291316,0.14842472809534418,0.14414030295444766,0.14713940055307523,774262.0,37121916.0
2019-01-25,0.14701698840619248,0.14720060662651663,0.14499718798262698,0.14567045479048213,726820.0,34689944.0
2019-01-28,0.14622130945145456,0.14805749165469592,0.14107999928237872,0.1417532660902339,1076027.0,50387116.0
2019-01-29,0.14221231164104423,0.14365065436691662,0.14068215980500975,0.1413860296495856,1332005.0,61761740.0
2019-01-30,0.14199809038399938,0.14444633332165457,0.14120241142926146,0.14365065436691662,1254188.0,58691168.0
2019-01-31,0.14383427258724077,0.14469115761542006,0.1408657780253339,0.14362005133019592,1187701.0,55539392.0
2019-02-01,0.14199809038399938,0.14885317060943384,0.14150844179646838,0.14720060662651663,2309763.0,108147336.0
2019-02-11,0.14530321834983384,0.1483635220219028,0.14322221185282696,0.14741482788356144,2022796.0,96222896.0
2019-02-12,0.14383427258724077,0.14744543092028212,0.14383427258724077,0.14655794285538212,1761428.0,83870672.0
2019-02-13,0.14652733981866145,0.15362724433786143,0.14597648515768905,0.15185226820806141,2808990.0,138031520.0
2019-02-14,0.1533212139706545,0.15537161743094072,0.151301413547089,0.15442292329259935,1465110.0,73549944.0
2019-02-15,0.15350483219097866,0.15350483219097866,0.14845533113206488,0.14949583438056832,2048400.0,100898224.0
2019-02-18,0.15090357406972005,0.16433830719010276,0.15041392548218901,0.16198187336260966,2758306.0,142535168.0
2019-02-19,0.16219609461965448,0.16427710111666136,0.15723840267090278,0.15797287555219933,1981820.0,103313792.0
2019-02-20,0.15797287555219933,0.1598396607921614,0.15408628988867176,0.15644272371616486,1795241.0,91817744.0
2019-02-21,0.15576945690830968,0.16051292760001656,0.1545759384762028,0.1554634265411028,1748014.0,89752648.0
2019-02-22,0.1551573961738959,0.16978564772638546,0.154851365806689,0.1665417258339924,2789815.0,148443824.0
2019-02-25,0.16678655012775792,0.18019068021141993,0.16678655012775792,0.1763959036580544,3561925.0,204227200.0
2019-02-26,0.17645710973149578,0.1860664632617923,0.1729071574718958,0.182057465451382,1808220.0,108047936.0
2019-02-27,0.182057465451382,0.18426088409527164,0.1729683635453372,0.17771183423704406,2084934.0,120079104.0
2019-02-28,0.1761816824010096,0.17685494920886477,0.17214208155387858,0.17602866721740615,2169310.0,123612216.0
2019-03-01,0.17590625507052338,0.17633469758461304,0.17232569977420273,0.17449851538137168,1119808.0,63634924.0
2019-03-04,0.17572263685019926,0.1825777170756337,0.1735192182063096,0.17688555224558544,1652735.0,95886688.0
2019-03-05,0.1767631400987027,0.1767631400987027,0.1729377605086165,0.17657952187837855,1585981.0,90578272.0
2019-03-06,0.17688555224558544,0.18214927456154406,0.17431489716104753,0.18107816827631992,2217127.0,129254968.0
2019-03-07,0.17780364334720614,0.1864030966657199,0.17535540040955097,0.18361822032413716,1795810.0,106019736.0
2019-03-08,0.182057465451382,0.18533199038049578,0.1770691704659096,0.18043550450518545,2007157.0,119011104.0
2019-03-11,0.1805885196887889,0.18826988190568197,0.1793337951832406,0.18560741771098196,2170104.0,130695456.0
2019-03-12,0.18973882766827505,0.1992257690516888,0.18973882766827505,0.19631848056322332,2486534.0,158207712.0
2019-03-13,0.1968693352241957,0.19882792957431983,0.18505656305000956,0.18937159122762678,2169236.0,136339600.0
2019-03-14,0.18894314871353712,0.1943292831763785,0.18637249362899921,0.19240129186297503,1110590.0,69167920.0
2019-03-15,0.1924931009731371,0.2001438601533095,0.19172802505511988,0.19616546537961985,1836835.0,118037080.0
2019-03-18,0.1960124501960164,0.20136798162213707,0.19004485803548196,0.1980628536563026,1807552.0,116315328.0
2019-03-19,0.19830767795006812,0.20002144800642674,0.19301335259738883,0.1964102896733854,914567.0,58520292.0
2019-03-20,0.19647149574682676,0.19647149574682676,0.1866785239962061,0.19191164327544402,1136090.0,71425000.0
2019-03-21,0.19246249793641643,0.1957370228655302,0.18980003374171645,0.195461595535044,1271957.0,80123536.0
2019-03-22,0.19350300118491987,0.1943292831763785,0.18563802074770264,0.1896164155213923,2193921.0,135009904.0
2019-03-25,0.18707636347357506,0.19279913134034402,0.1867397300696475,0.1872905847306199,1260482.0,78182968.0
2019-03-26,0.18637249362899921,0.18909616389714057,0.1805885196887889,0.18132299257008544,1699899.0,101457632.0
2019-03-27,0.18450570838903715,0.18649490577588196,0.18019068021141993,0.18545440252737852,1007725.0,60673404.0
2019-03-28,0.1866785239962061,0.19090174306366126,0.18233289278186818,0.1828531444061199,1628767.0,98504808.0
2019-03-29,0.18389364765462338,0.19243189489969573,0.17740580386983718,0.19243189489969573,1609773.0,98557224.0
2019-04-01,0.19188104023872332,0.1921870706059302,0.18937159122762678,0.19126897950430952,2570306.0,159926864.0
2019-04-02,0.19185043720200262,0.1919422463121647,0.18820867583224057,0.18937159122762678,2021584.0,125255448.0
2019-04-03,0.18949400337450953,0.18949400337450953,0.18631128755555784,0.18882073656665438,1065283.0,65507740.0
2019-04-04,0.1886677213830509,0.18949400337450953,0.1835264112139751,0.18600525718835093,1926349.0,117094616.0
2019-04-08,0.18652550881260266,0.18744359991422335,0.1829143504795613,0.1864336997024406,1700470.0,102953112.0
2019-04-09,0.18664792095948543,0.18744359991422335,0.18371002943429923,0.18634189059227851,1088748.0,65927632.0
2019-04-10,0.18618887540867507,0.1907487278800578,0.1846281205359199,0.18664792095948543,1389387.0,85349120.0
2019-04-11,0.1872599816938992,0.18808626368535783,0.17957861947700612,0.18193505330449924,1783763.0,106106744.0
2019-04-12,0.1805579166520682,0.18294495351628198,0.17685494920886477,0.17887474963243027,1164703.0,68042464.0
2019-04-15,0.1808639470192751,0.18266952618579577,0.17621228543773026,0.17651831580493718,955783.0,56073156.0
2019-04-16,0.1776812312003234,0.17887474963243027,0.17198906637027514,0.1784463071183406,1130899.0,65440872.0
2019-04-17,0.18003766502781646,0.18003766502781646,0.17572263685019926,0.17780364334720614,1359542.0,78631864.0
2019-04-18,0.1773445977963958,0.17902776481603372,0.17581444596036133,0.17654891884165785,652797.0,37777496.0
2019-04-19,0.17596746114396478,0.17709977350263026,0.17302956961877858,0.17599806418068545,968332.0,55360708.0
2019-04-22,0.17866052837538546,0.17884414659570957,0.17137700563586133,0.17354982124303028,1652913.0,93654968.0
2019-04-23,0.172692936214851,0.1741312789407234,0.16837790803723376,0.17272353925157166,1199965.0,67213760.0
2019-04-24,0.17260112710468892,0.17364163035319236,0.16715378656840618,0.1734580121328682,927198.0,51811736.0
2019-04-25,0.17198906637027514,0.17367223338991306,0.1677046412293786,0.1685921292942786,665147.0,37168976.0
2019-04-26,0.1683167019637924,0.1712545934889786,0.16672534405431652,0.1683167019637924,1379084.0,75681344.0
2019-04-29,0.16874514447788205,0.1729071574718958,0.1683167019637924,0.17076494490144753,1567600.0,87890664.0
2019-04-30,0.17192786029683374,0.18019068021141993,0.17134640259914066,0.1776812312003234,2068080.0,119677848.0
2019-05-06,0.1738252485735165,0.18514837216017163,0.17045891453424067,0.1808639470192751,2887715.0,169178624.0
2019-05-07,0.1808639470192751,0.1860664632617923,0.17541660648299234,0.18450570838903715,3753284.0,224303200.0
2019-05-08,0.18242470189203025,0.19087114002694056,0.1806191227255096,0.18533199038049578,2191997.0,134620304.0
2019-05-09,0.18484234179296472,0.18820867583224057,0.17694675831902684,0.18248590796547165,1443440.0,85531240.0
2019-05-10,0.18242470189203025,0.18879013352993368,0.18132299257008544,0.18410786891166817,2171831.0,130837016.0
2019-05-13,0.18392425069134405,0.18392425069134405,0.17783424638392684,0.18132299257008544,2083618.0,123088760.0
2019-05-14,0.18052731361534752,0.18309796869988543,0.17752821601671992,0.18132299257008544,1559265.0,92179160.0
2019-05-15,0.1808639470192751,0.18423028105855094,0.1805885196887889,0.1834958081772544,2582834.0,154693552.0
2019-05-16,0.18361822032413716,0.19234008578953365,0.18196565634121992,0.19068752180661644,2808586.0,173137072.0
2019-05-17,0.18918797300730264,0.20005205104314744,0.18918797300730264,0.19209526149576817,3376547.0,214669168.0
2019-05-20,0.18976943070499575,0.1924931009731371,0.18300615958972336,0.18716817258373714,2012117.0,122874232.0
2019-05-21,0.18625008148211644,0.19151380379807503,0.18475053268280264,0.18713756954701644,1295298.0,79958912.0
2019-05-22,0.18655611184932336,0.18943279730106816,0.18270012922251647,0.18759661509782677,1276832.0,77766744.0
2019-05-23,0.1855156086008199,0.18713756954701644,0.17945620733012338,0.1805579166520682,1616855.0,96355856.0
2019-05-24,0.17945620733012338,0.18683153917980955,0.17945620733012338,0.18530138734377508,1559010.0,93450824.0
2019-05-27,0.18637249362899921,0.18790264546503369,0.1808639470192751,0.18533199038049578,1562592.0,94112544.0
2019-05-28,0.18337339603037164,0.18569922682114404,0.18159841990057166,0.1827919383326785,1230739.0,73518728.0
2019-05-29,0.18165962597401303,0.18266952618579577,0.17752821601671992,0.17994585591765438,1495266.0,87859952.0
2019-05-30,0.17725278868623373,0.18208806848810266,0.17257052406796825,0.1764265066947751,1985042.0,113603600.0
2019-05-31,0.1764265066947751,0.17703856742918891,0.17168303600306825,0.1741924850141648,2087359.0,118396448.0
2019-06-03,0.1735192182063096,0.17749761297999925,0.16987745683654754,0.17664072795181993,1923770.0,109624072.0
2019-06-04,0.17504937004234408,0.17504937004234408,0.16926539610213376,0.170030472020151,1464007.0,81958264.0
2019-06-05,0.17260112710468892,0.17260112710468892,0.15800347858892003,0.16182885817900622,2659297.0,141695184.0
2019-06-06,0.16250212498686137,0.1662969015402269,0.15638151764272348,0.16342021608848206,1876414.0,99219720.0
2019-06-10,0.16158403388524067,0.16580725295269585,0.15723840267090278,0.1656542377690924,1843175.0,97791768.0
2019-06-11,0.16375684949240965,0.17143821170930273,0.16283875839078896,0.17076494490144753,1865693.0,102442872.0
2019-06-12,0.17012228113031308,0.17045891453424067,0.16397107074945447,0.16758222908249584,1176106.0,64182016.0
2019-06-13,0.16672534405431652,0.1677046412293786,0.16296117053767173,0.1670313744215234,709119.0,38193500.0
2019-06-14,0.16501157399795793,0.16706197745824414,0.1609719731508269,0.16228790372981655,1950266.0,103844448.0
2019-06-17,0.16237971283997862,0.16461373452058894,0.1609719731508269,0.16326720090487862,970118.0,51869696.0
2019-06-18,0.16293056750095103,0.16464433755730964,0.16066594278362,0.16179825514228552,1567382.0,83146432.0
2019-06-19,0.16586845902613723,0.16923479306541306,0.1653482074018855,0.1662662985035062,1079834.0,58897208.0
2019-06-20,0.1662662985035062,0.17076494490144753,0.1638792616392924,0.1682860989270717,1523200.0,83556912.0
2019-06-21,0.17094856312177167,0.1747433396751372,0.1689287626982062,0.17198906637027514,1424263.0,80304088.0
2019-06-24,0.17048951757096134,0.1764265066947751,0.16862273233099928,0.17569203381347856,1710282.0,97322088.0
2019-06-25,0.17569203381347856,0.17569203381347856,0.16617448939334412,0.17162182992962685,1691843.0,93633864.0
2019-06-26,0.16862273233099928,0.17749761297999925,0.16843911411067514,0.17627349151117166,1608698.0,91542592.0
2019-06-27,0.17749761297999925,0.17994585591765438,0.17514117915250613,0.1784463071183406,1353502.0,78792456.0
2019-06-28,0.1793337951832406,0.1802518862848613,0.17605927025412685,0.17896655874259232,638900.0,37136012.0
2019-07-01,0.1808333439825544,0.18392425069134405,0.1802518862848613,0.18248590796547165,1586960.0,94418736.0
2019-07-02,0.18242470189203025,0.18790264546503369,0.18068032879895096,0.1851789751968923,1716642.0,103795528.0
2019-07-03,0.18533199038049578,0.18820867583224057,0.18386304461790265,0.18475053268280264,944088.0,57264720.0
2019-07-04,0.18664792095948543,0.18851470619944746,0.18071093183567163,0.1826083201123544,934897.0,56083452.0
2019-07-05,0.18478113571952337,0.18790264546503369,0.1828531444061199,0.18539319645393715,1420353.0,86174384.0
2019-07-08,0.18750480598766472,0.18759661509782677,0.1805579166520682,0.1826083201123544,1358483.0,81447424.0
2019-07-09,0.17954801644028545,0.19126897950430952,0.17954801644028545,0.18325098388348887,1727710.0,104944616.0
2019-07-10,0.18704576043685436,0.19028968232924745,0.18453631142575783,0.18879013352993368,1717961.0,105387240.0
2019-07-11,0.18973882766827505,0.1949413439107923,0.18677033310636817,0.19276852830362332,1348486.0,84425504.0
2019-07-12,0.1921870706059302,0.19405385584589227,0.18759661509782677,0.18970822463155437,775413.0,48156384.0
2019-07-15,0.18970822463155437,0.19053450662301297,0.18514837216017163,0.18860651530960953,1282877.0,78623576.0
2019-07-16,0.1866173179227647,0.19084053699021988,0.18471992964608197,0.18808626368535783,878111.0,53852252.0
2019-07-17,0.1890043547869785,0.19151380379807503,0.1851789751968923,0.18790264546503369,1484516.0,91543544.0
2019-07-18,0.18790264546503369,0.18790264546503369,0.17872173444882683,0.1840772658749475,1976464.0,117651936.0
2019-07-19,0.1820268624146613,0.18355701425069576,0.17737520083311648,0.18193505330449924,2863057.0,168990160.0
2019-07-22,0.19446501565329397,0.19667028902668182,0.19202584964939523,0.19202584964939523,1784618.0,103618216.0
2019-07-23,0.19045542770167964,0.19981113292211303,0.19045542770167964,0.1971380742877035,1606085.0,94602944.0
2019-07-24,0.1886511131234532,0.2138446907527631,0.1886511131234532,0.20088035637587684,3829434.0,232601712.0
2019-07-25,0.2009805960746672,0.20348658854442614,0.19747220661700468,0.200646463745366,2013229.0,120749832.0
2019-07-26,0.20074670344415635,0.20211664599429127,0.19763927278165527,0.19981113292211303,1247937.0,74581880.0
2019-07-29,0.19967747999039254,0.2011476622393178,0.1971714875206336,0.19987795938797326,787873.0,46977804.0
2019-07-30,0.19733855368528422,0.20946755723891747,0.19613567729979992,0.20783030882534165,1713310.0,104758424.0
2019-07-31,0.20819785438757296,0.21618361705787145,0.20248419155652256,0.21300935992951012,1484663.0,93140320.0
2019-08-01,0.2108374997890524,0.22607393400518674,0.20485653109456103,0.22229823868408327,2708528.0,175064256.0
2019-08-02,0.2181884110336786,0.23322436585223225,0.21391151721862334,0.2318878365350275,3090354.0,206527424.0
2019-08-05,0.22884723233838664,0.22984962932629024,0.22086146966808812,0.22189727988892183,2149975.0,145296720.0
2019-08-06,0.2175201463750762,0.22650830603327832,0.21618361705787145,0.2241359664952398,1606859.0,106046688.0
2019-08-07,0.2235345283024977,0.22868016617373604,0.21885667569228098,0.22654171926620842,1376892.0,92319024.0
2019-08-08,0.22530542964779401,0.22911453820182756,0.22159656079255075,0.22570638844295543,901081.0,61086672.0
2019-08-09,0.22607393400518674,0.23616473035008279,0.22490447085263257,0.22914795143475772,1313985.0,90749784.0
2019-08-12,0.2270763309930903,0.23185442330209738,0.2238686606317989,0.22898088527010713,1259513.0,85626464.0
2019-08-13,0.22724339715774095,0.22888064557131677,0.22426961942696033,0.2270763309930903,872800.0,59211848.0
2019-08-14,0.22837944707736496,0.23051789398489259,0.22276602394510495,0.22724339715774095,990238.0,67003748.0
2019-08-15,0.22553932227830484,0.22620758693690723,0.22146290786083028,0.22507153701728316,1079239.0,72240176.0
2019-08-16,0.22654171926620842,0.22954891022991916,0.2232003959731965,0.22520518994900365,1167902.0,78877880.0
2019-08-19,0.22537225611365425,0.2438497739240102,0.2251383634831434,0.24311468279954757,2133535.0,150909488.0
2019-08-20,0.2408091697273693,0.24261348430559576,0.23055130721782272,0.23492844073166835,1729000.0,122520896.0
2019-08-21,0.2338592172779045,0.23489502749873822,0.22817896767978427,0.23045106751903235,1355782.0,93975752.0
2019-08-22,0.23202148946674797,0.23823635079175015,0.22724339715774095,0.23479478779994786,1535863.0,107603520.0
2019-08-23,0.23422676284013583,0.2516016439637978,0.23195466300088774,0.25086655283933523,2134328.0,156855072.0
2019-08-26,0.2480932545061353,0.25962081986702645,0.24431755918503187,0.24919589119282926,1656834.0,124303184.0
2019-08-27,0.24932954412454975,0.25220308215654,0.24358246806056924,0.24792618834148475,2304718.0,170923120.0
2019-08-28,0.24605504729739805,0.24963026322092077,0.24201204611285365,0.24468510474726318,1192039.0,87373656.0
2019-08-29,0.24585456789981733,0.2589525552084241,0.24291420340196684,0.2573487200277783,1981941.0,150549936.0
2019-08-30,0.2595205801682361,0.2595205801682361,0.2506326602088244,0.25216966892360987,1323151.0,99997192.0
2019-09-02,0.2520694292248195,0.2547759010921592,0.2468569648877209,0.2532723056103038,1805121.0,135339600.0
2019-09-03,0.25330571884323394,0.255277099586111,0.24779253540976423,0.254441768762858,757251.0,57203900.0
2019-09-04,0.25427470259820734,0.2567138686021061,0.24896199856231843,0.2537735041042556,1581767.0,119215520.0
2019-09-05,0.2539405702689062,0.25494296725680976,0.24411707978745115,0.24749181631339315,2838600.0,209697792.0
2019-09-06,0.24515289000828486,0.24732475014874256,0.24090940942615965,0.24605504729739805,1689430.0,123618960.0
2019-09-09,0.24625552669497877,0.24719109721702212,0.23055130721782272,0.23740101996849716,3102491.0,221748576.0
2019-09-10,0.23800245816123933,0.24635576639376913,0.23740101996849716,0.23830317725761035,2616145.0,187838272.0
2019-09-11,0.23723395380384657,0.24017431830169705,0.23055130721782272,0.23225538209725882,2670011.0,187177424.0
2019-09-12,0.23526257306096954,0.23720054057091644,0.22921477790061792,0.23078519984833354,1649529.0,114164248.0
2019-09-16,0.2317207703703769,0.23589742448664178,0.2317207703703769,0.23238903502897928,1692766.0,118561920.0
2019-09-17,0.23238903502897928,0.2414106079201115,0.23108591894470462,0.2342935893059961,2006964.0,141733424.0
2019-09-18,0.23639862298059358,0.24558726203637637,0.23248927472776965,0.24181156671527293,2563026.0,185357120.0
2019-09-19,0.2410764755908103,0.24558726203637637,0.23997383890411633,0.24364929452642947,1538552.0,112254032.0
2019-09-20,0.24398342685573066,0.2482603206707859,0.2399070124382561,0.2442173194862415,1477034.0,108248232.0
2019-09-23,0.24127695498839097,0.24635576639376913,0.23927216101258383,0.24254665783973553,1004564.0,72831064.0
2019-09-24,0.24475193121312339,0.25036535434538343,0.24278055047024635,0.24568750173516674,1520254.0,112129200.0
2019-09-25,0.24555384880344625,0.25277110711635203,0.24298102986782708,0.25009804848194245,1554291.0,116428952.0
2019-09-26,0.2504321808112437,0.25962081986702645,0.2490956514940389,0.25627949657401455,2422411.0,185207472.0
2019-09-27,0.2571482406301976,0.2571482406301976,0.24558726203637637,0.2518021233613786,1557568.0,117397792.0
2019-09-30,0.24932954412454975,0.2555444054495519,0.2492627176586895,0.25303841297979296,795635.0,60274716.0
2019-10-08,0.2497639161526413,0.26329627548933954,0.2497639161526413,0.25517685988732064,1091211.0,83683472.0
2019-10-09,0.2539405702689062,0.26062321685493006,0.2492627176586895,0.2581172243851711,1226900.0,93854672.0
2019-10-10,0.26062321685493006,0.2652676562322166,0.25627949657401455,0.26316262255761913,1559356.0,121785496.0
2019-10-11,0.25938692723651563,0.2663034664530503,0.25821746408396146,0.25908620814014455,1025079.0,80223288.0
2019-10-14,0.25828429054982166,0.2589525552084241,0.2524369747870508,0.25414104966648693,1775144.0,135077632.0
2019-10-15,0.25384033057011585,0.2553439260519712,0.2475920560121835,0.2514679910320774,1696324.0,127220128.0
2019-10-16,0.25056583374296415,0.262293878501436,0.24963026322092077,0.25962081986702645,1817410.0,139800096.0
2019-10-17,0.25928668753772527,0.25928668753772527,0.23917192131379347,0.24862786623301722,4782939.0,352714976.0
2019-10-18,0.247157683984092,0.25226990862240023,0.2416779137835524,0.2490956514940389,2247107.0,165993664.0
2019-10-21,0.24395001362280055,0.24612187376325828,0.23576377155492134,0.23786880522951884,2033758.0,146212432.0
2019-10-22,0.23903826838207304,0.25059924697589425,0.2372673670367767,0.2478927751085546,1538611.0,113169000.0
2019-10-23,0.24966367645385093,0.25427470259820734,0.23686640824161526,0.237634912599008,1644252.0,118496424.0
2019-10-24,0.2381361110929598,0.2381361110929598,0.22981621609336012,0.23556329215734062,1340983.0,94233776.0
2019-10-25,0.23546305245855026,0.23649886267938394,0.23065154691661308,0.23479478779994786,1362793.0,95391912.0
2019-10-28,0.2322219688643287,0.2388712022174224,0.2308854395471239,0.23559670539027075,1513219.0,105733320.0
2019-10-29,0.23552987892441046,0.23599766418543214,0.23065154691661308,0.23075178661540344,1016559.0,70633416.0
2019-10-30,0.2312195718764251,0.2312195718764251,0.22323380920612662,0.22587345460760602,2545458.0,171906000.0
2019-10-31,0.2310190924788444,0.2354296392256201,0.22573980167588556,0.2279116618163433,2588803.0,179100000.0
2019-11-01,0.23162053067158653,0.2414106079201115,0.22781142211755298,0.2392387477796537,2725508.0,193695360.0
2019-11-04,0.2402411447675573,0.24418390625331138,0.2379690449283092,0.24154426085183198,1891099.0,136314096.0
2019-11-05,0.24381636069108006,0.24408366655452102,0.23723395380384657,0.2392387477796537,1305576.0,93900992.0
2019-11-06,0.24090940942615965,0.24090940942615965,0.2328902335229311,0.23573035832199118,1674009.0,117902368.0
2019-11-07,0.23589742448664178,0.24201204611285365,0.23556329215734062,0.239305574245514,1423817.0,102019920.0
2019-11-08,0.24455145181554266,0.24458486504847282,0.2372673670367767,0.2405752770968585,1591123.0,114637240.0
2019-11-11,0.2393724007113742,0.2419118064140633,0.23389263051083464,0.2374344332014273,1112399.0,79245656.0
2019-11-12,0.23723395380384657,0.23880437575156216,0.2315537042057263,0.23877096251863203,1004173.0,71013344.0
2019-11-13,0.239873599205326,0.2402411447675573,0.2346611348682274,0.23980677273946574,1743483.0,123882400.0
2019-11-14,0.23997383890411633,0.24665648549014016,0.2373007802697068,0.24491899737777398,1528453.0,111042800.0
2019-11-15,0.24829373390371604,0.2484273868354365,0.23055130721782272,0.23175418360330702,2728109.0,192812688.0
2019-11-18,0.2318878365350275,0.23606449065129242,0.22781142211755298,0.23275658059121057,2625068.0,181496464.0
2019-11-19,0.23275658059121057,0.24351564159470898,0.22868016617373604,0.24201204611285365,2333079.0,166881536.0
2019-11-20,0.24518630324121493,0.24518630324121493,0.233992870209625,0.23603107741836227,2443674.0,173997456.0
2019-11-21,0.2371337141050562,0.23770173906486824,0.22587345460760602,0.22901429850303726,2631978.0,181108640.0
2019-11-22,0.228947472037177,0.23375897757911415,0.2268424383625795,0.23275658059121057,3750151.0,257801072.0
2019-11-25,0.23255610119362985,0.23315753938637201,0.2225321313145941,0.2315537042057263,3033395.0,205242000.0
2019-11-26,0.22981621609336012,0.2315537042057263,0.22457033852333136,0.22457033852333136,2535899.0,172707680.0
2019-11-27,0.22884723233838664,0.23516233336217915,0.22637465310155783,0.22998328225801068,1821045.0,126072744.0
2019-11-28,0.23556329215734062,0.2468569648877209,0.23556329215734062,0.24391660038987042,4054516.0,292947264.0
2019-11-29,0.24552043557051614,0.2468235516547908,0.2275107030211819,0.22854651324201558,3332959.0,233376928.0
2019-12-02,0.2272099839248108,0.22754411625411197,0.22052733733878696,0.22440327235868077,1590349.0,106572808.0
2019-12-03,0.2221979989852929,0.22507153701728316,0.2183888904312593,0.2228662636438953,1216009.0,80344296.0
2019-12-04,0.22216458575236278,0.2255059090453747,0.22015979177655565,0.2228996768768254,903256.0,60297320.0
2019-12-05,0.2232003959731965,0.22597369430639638,0.2223316519170134,0.2232003959731965,722666.0,48398824.0
2019-12-06,0.22426961942696033,0.2254724958124446,0.22119560199738936,0.22490447085263257,748596.0,50184616.0
2019-12-09,0.22330063567198685,0.22543908257951448,0.21391151721862334,0.2181884110336786,2361965.0,153705664.0
2019-12-10,0.2171191875799148,0.21962518004967374,0.21544852593340885,0.21852254336297983,1400954.0,90983744.0
2019-12-11,0.21885667569228098,0.21969200651553397,0.21481367450773659,0.21538169946754857,1350285.0,87319344.0
2019-12-12,0.2139783436844836,0.2171191875799148,0.21351055842346192,0.21391151721862334,1235053.0,79373376.0
2019-12-13,0.2149139142065269,0.21568241856391965,0.21351055842346192,0.2138446907527631,1179742.0,75614256.0
2019-12-16,0.21387810398569324,0.2160165508932209,0.21270864083313903,0.21551535239926906,1363936.0,87499608.0
2019-12-17,0.21568241856391965,0.2192242212545123,0.2141788230820643,0.2172862537445654,2407532.0,156047504.0
2019-12-18,0.21785427870437743,0.21985907268018456,0.2134437319576017,0.21387810398569324,2632305.0,169938592.0
2019-12-19,0.21351055842346192,0.2145129554113655,0.2072288706325995,0.21180648354402584,1500233.0,94675912.0
2019-12-20,0.21180648354402584,0.21300935992951012,0.20980168956821868,0.21113821888542345,1494851.0,94376504.0
2019-12-23,0.21217402910625716,0.21217402910625716,0.20783030882534165,0.20883270581324523,1727398.0,108391168.0
2019-12-24,0.20886611904617533,0.21050336745975118,0.2046560516969803,0.20699497800208866,2250421.0,139596848.0
2019-12-25,0.20682791183743807,0.2091668381425464,0.20191616659671055,0.20886611904617533,2683494.0,165255312.0
2019-12-26,0.20749617649604046,0.21113821888542345,0.20679449860450794,0.20899977197789582,1705296.0,106659264.0
2019-12-27,0.20716204416673925,0.21524804653582813,0.20716204416673925,0.21130528505007404,2453742.0,156119520.0
2019-12-30,0.21117163211835357,0.2145129554113655,0.2061930604117658,0.21334349225881133,2062146.0,130802800.0
2019-12-31,0.2141788230820643,0.21551535239926906,0.21310959962830048,0.21411199661620406,2394430.0,153789472.0
2020-01-02,0.21598313766029073,0.22186386665599175,0.21110480565249332,0.21985907268018456,2660852.0,172783440.0
2020-01-03,0.2175201463750762,0.22213117251943268,0.21651774938717264,0.2209282961339484,1616982.0,106150760.0
2020-01-06,0.22136266816203992,0.22186386665599175,0.21421223631499442,0.2150475671382474,1891676.0,122932520.0
2020-01-07,0.21668481555182323,0.21969200651553397,0.21498074067238718,0.216617989085963,1803261.0,116660728.0
2020-01-08,0.21889008892521114,0.21895691539107134,0.2143458892467149,0.2159497244273606,1888469.0,122206720.0
2020-01-09,0.2175201463750762,0.22767776918583246,0.21718601404577503,0.22654171926620842,3307904.0,221609440.0
2020-01-10,0.22584004137467592,0.23055130721782272,0.22420279296110004,0.22587345460760602,1397488.0,94821256.0
2020-01-13,0.22533884288072412,0.22837944707736496,0.22206434605357242,0.22380183416593866,1460038.0,97853280.0
2020-01-14,0.22420279296110004,0.22537225611365425,0.22072781673636768,0.22162997402548087,2028456.0,134811088.0
2020-01-15,0.22213117251943268,0.22503812378435303,0.2197254197484641,0.22426961942696033,2403214.0,160090512.0
2020-01-16,0.2235345283024977,0.2235345283024977,0.21835547719832918,0.22069440350343755,1686281.0,111067472.0
2020-01-17,0.22002613884483516,0.2316873571374468,0.21785427870437743,0.2304844807519625,2679516.0,182062048.0
2020-01-20,0.23078519984833354,0.24164450055062228,0.228112141213924,0.23970653304067538,3263510.0,231253056.0
2020-01-21,0.24391660038987042,0.25059924697589425,0.23823635079175015,0.24224593874336445,2686315.0,195151488.0
2020-01-22,0.249964395550222,0.25434152906406765,0.24338198866298852,0.24739157661460284,2351005.0,174372416.0
2020-01-23,0.24869469269887748,0.2532054791444436,0.24064210356271873,0.24558726203637637,2141790.0,157567920.0
2020-02-03,0.2539405702689062,0.26730586344095386,0.23305729968758165,0.23305729968758165,4332533.0,321298848.0
2020-02-04,0.23616473035008279,0.24324833573126803,0.228112141213924,0.23776856553072848,3649642.0,257828080.0
2020-02-05,0.23837000372347064,0.24157767408476205,0.23325777908516238,0.24090940942615965,2266763.0,161403424.0
2020-02-06,0.24090940942615965,0.2572150670960579,0.24064210356271873,0.2499978087831521,5278901.0,399324672.0
2020-02-07,0.25390715703597605,0.26239411820022635,0.2468569648877209,0.2547759010921592,3223707.0,244816608.0
2020-02-10,0.2539405702689062,0.25544416575076156,0.24455145181554266,0.24725792368288235,2647855.0,197144576.0
2020-02-11,0.2480932545061353,0.2494631970562702,0.2422793519762946,0.24712427075116183,1586426.0,117000912.0
2020-02-12,0.2482603206707859,0.248561039767157,0.23910509484793324,0.24114330205667053,3669493.0,264813792.0
2020-02-13,0.24308126956661744,0.24308126956661744,0.2350620936633888,0.23629838328180322,1975602.0,140068528.0
2020-02-14,0.23629838328180322,0.23830317725761035,0.2318878365350275,0.2342935893059961,1907154.0,134039224.0
2020-02-17,0.23679958177575502,0.24224593874336445,0.2326563408924202,0.24017431830169705,2288544.0,163410736.0
2020-02-18,0.24224593874336445,0.2426468975385259,0.2373007802697068,0.23957288010895492,1972876.0,141857104.0
2020-02-19,0.23880437575156216,0.240441624165138,0.23322436585223225,0.23339143201688284,1769850.0,124457360.0
2020-02-20,0.23405969667548523,0.23783539199658874,0.23235562179604918,0.23619814358301286,1682457.0,118296112.0
2020-02-21,0.23522915982803944,0.23970653304067538,0.22978280286042996,0.23793563169537904,3210580.0,225143664.0
2020-02-24,0.23679958177575502,0.23723395380384657,0.22988304255922032,0.23162053067158653,2756545.0,191285616.0
2020-02-25,0.2310190924788444,0.2341599363742756,0.22687585159550963,0.228112141213924,2540044.0,174395648.0
2020-02-26,0.22804531474806378,0.2334916717156732,0.2221979989852929,0.22988304255922032,2992452.0,204783184.0
2020-02-27,0.23058472045075287,0.2402411447675573,0.22727681039067102,0.2364654494464538,2854955.0,200645168.0
2020-02-28,0.23436041577185632,0.2354964656914804,0.2286133397078758,0.22921477790061792,2077468.0,143492672.0
2020-03-02,0.23025058812145163,0.23686640824161526,0.22991645579215048,0.23589742448664178,1848744.0,129944816.0
2020-03-03,0.23917192131379347,0.24775912217683416,0.23857048312105136,0.24278055047024635,3101472.0,226569280.0
2020-03-04,0.2425132446068054,0.25226990862240023,0.24104306235788017,0.2518689498272388,2740558.0,204177104.0
2020-03-05,0.25487614079094956,0.26463280480654433,0.25196918952602915,0.26069004332079027,3242716.0,251104160.0
2020-03-06,0.26069004332079027,0.2691435912521104,0.25795015822052053,0.26185950647334444,2649387.0,208812608.0
2020-03-09,0.2629621431600384,0.26667101201528165,0.2528713468151424,0.25561123191541213,3538464.0,273765984.0
2020-03-10,0.2559453642447133,0.262293878501436,0.2457877414339571,0.2513009248674267,2926933.0,222197824.0
2020-03-11,0.2545420084616484,0.25815063761810125,0.2492627176586895,0.25467566139336884,1769778.0,134587520.0
2020-03-12,0.2527042806504918,0.2534727850078845,0.2468569648877209,0.24852762653422686,1718269.0,128391816.0
2020-03-13,0.23529598629389967,0.25226990862240023,0.23389263051083464,0.2414774343859717,2389605.0,171937680.0
2020-03-16,0.2414774343859717,0.24381636069108006,0.22664195896499878,0.2272099839248108,2503954.0,174931248.0
2020-03-17,0.22984962932629024,0.22984962932629024,0.21919080802158217,0.22420279296110004,2000353.0,134274704.0
2020-03-18,0.22457033852333136,0.23613131711715263,0.21929104772037253,0.2243698591257507,2054249.0,141111856.0
2020-03-19,0.22507153701728316,0.23148687773986606,0.2225321313145941,0.22553932227830484,2899468.0,196372976.0
2020-03-20,0.22821238091271437,0.24625552669497877,0.22821238091271437,0.24097623589201994,2288848.0,163993856.0
2020-03-23,0.23723395380384657,0.2456540885022366,0.23355849818153349,0.2358640112537117,2743665.0,196596560.0
2020-03-24,0.23957288010895492,0.24872810593180758,0.23957288010895492,0.24411707978745115,2144612.0,156386544.0
2020-03-25,0.25384033057011585,0.25427470259820734,0.2484273868354365,0.2514679910320774,1843162.0,138458400.0
2020-03-26,0.2512675116344967,0.25855159641326264,0.24769229571097387,0.2546422481604387,1940220.0,147733328.0
2020-03-27,0.2576160258912193,0.25928668753772527,0.25283793358221224,0.2546088349275086,1077142.0,82259152.0
2020-03-30,0.2546088349275086,0.2622270520355758,0.2510336190039858,0.25427470259820734,1547659.0,118366448.0
2020-03-31,0.25581171131299285,0.2619597461721348,0.2529715865139327,0.2602890845256289,2234794.0,172980560.0
2020-04-01,0.25938692723651563,0.25962081986702645,0.25407422320062667,0.2579167449875904,1931297.0,148528048.0
2020-04-02,0.2571482406301976,0.26329627548933954,0.2539405702689062,0.2627950769953878,1787343.0,138970976.0
2020-04-03,0.26292872992710825,0.27963534639216786,0.26292872992710825,0.2743226423562789,2503193.0,204526752.0
2020-04-07,0.27940145376165704,0.27940145376165704,0.2695445500472719,0.27462336145265,1838166.0,150959936.0
2020-04-08,0.27539186581004277,0.2783322303078932,0.2706471867339658,0.27575941137227405,1707701.0,140274928.0
2020-04-09,0.27575941137227405,0.28234181825950755,0.27332024536837535,0.2778644450468715,1144322.0,95257184.0
2020-04-10,0.2799694787214691,0.2834778681791316,0.27034646763759473,0.2723178483804718,1459010.0,120221360.0
2020-04-13,0.270145988240014,0.2756591716734837,0.2657354414932383,0.2728190468744236,1451871.0,117824576.0
2020-04-14,0.2739885100269777,0.27712935392240895,0.2675063428385346,0.2764276760308764,1831322.0,149568400.0
2020-04-15,0.2764945024967367,0.28484781072926646,0.27335365860130545,0.2789670817335655,1986092.0,164784464.0
2020-04-16,0.2761603701674355,0.2840124799060135,0.2713488646254983,0.281907446231416,2258903.0,187917632.0
2020-04-17,0.2803036110507703,0.2816401403679751,0.27174982342065973,0.27549210550883313,1658657.0,136750528.0
2020-04-20,0.27472360115144034,0.2831103226169003,0.27335365860130545,0.2784992964725438,2122918.0,176095248.0
2020-04-21,0.27732983331998967,0.27883342880184503,0.2706471867339658,0.27465677468558014,1934542.0,158659568.0
2020-04-22,0.2734538983000958,0.2800028919543992,0.26897652508745984,0.27746348625171013,1732568.0,142931776.0
2020-04-23,0.2797021728580281,0.28564972831958935,0.27569258490641385,0.2790004949664956,1267668.0,106118160.0
2020-04-24,0.2802701978178401,0.28123918157281363,0.2739885100269777,0.2791675611311462,2228703.0,184701920.0
2020-04-27,0.2783656435408234,0.28621775327940135,0.2745231217538596,0.281339421271604,2038431.0,172077136.0
2020-04-28,0.2833442152474111,0.28367834757671234,0.26596933412374907,0.27298611303907416,4448017.0,362477568.0
2020-04-29,0.2704467073363851,0.28060433014714137,0.2607568697866505,0.2637974739832914,3310532.0,268358144.0
2020-04-30,0.26189291970627454,0.26563520179444794,0.2523033218553304,0.2542412893652773,4851608.0,370915104.0
2020-05-06,0.2537400908713255,0.2635301681198504,0.2516016439637978,0.26292872992710825,3288468.0,254077168.0
2020-05-07,0.2632628622564095,0.268174607497137,0.25942034046944573,0.26062321685493006,2638321.0,207591360.0
2020-05-08,0.26697173111165273,0.26697173111165273,0.25928668753772527,0.2652008297663564,1917969.0,151824304.0
2020-05-11,0.26563520179444794,0.2688094589228093,0.2551100334214603,0.2569143479996868,2704951.0,209697600.0
2020-05-12,0.25731530679484826,0.2655683753285877,0.2556446451483423,0.2636638210515709,2077965.0,162432960.0
2020-05-13,0.26346334165399016,0.2714825175572188,0.2619597461721348,0.2671387972763033,2351884.0,188030720.0
2020-05-14,0.26563520179444794,0.26680466494700206,0.260055191895118,0.26062321685493006,1724091.0,135202464.0
2020-05-15,0.25988812573046743,0.26316262255761913,0.2510002057710557,0.25607901717643383,2486319.0,190042896.0
2020-05-18,0.2512340984015665,0.26897652508745984,0.2512340984015665,0.26596933412374907,2953944.0,232712816.0
2020-05-19,0.26911017801918036,0.27278563364149344,0.25928668753772527,0.2710147322961971,3810937.0,303721056.0
2020-05-20,0.26844191336057793,0.26844191336057793,0.25748237295949883,0.261725853541624,4667401.0,364546560.0
2020-05-21,0.261725853541624,0.27301952627200426,0.25962081986702645,0.2706471867339658,3121129.0,250175808.0
2020-05-22,0.26897652508745984,0.27692887452482823,0.26563520179444794,0.26723903697509366,2710019.0,218307776.0
2020-05-25,0.2658022679590985,0.27061377350103566,0.26152537414404325,0.26830826042885747,1932569.0,153989824.0
2020-05-26,0.26830826042885747,0.27228443514754164,0.26596933412374907,0.26727245020802376,2405734.0,193379088.0
2020-05-27,0.26864239275815865,0.27004574854122365,0.26015543159390836,0.2688428721557393,2438656.0,193964224.0
2020-05-28,0.26727245020802376,0.2748906673160909,0.26322944902347933,0.27108155876205736,2700600.0,217612544.0
2020-05-29,0.2687092192240189,0.2826091241229485,0.26566861502737804,0.2825088844241581,3097841.0,258414688.0
2020-06-01,0.2834778681791316,0.2903609941627362,0.27746348625171013,0.2795016934604474,3545371.0,297847264.0
2020-06-02,0.2793346272957968,0.279668759625098,0.26864239275815865,0.26864239275815865,2754000.0,225281360.0
2020-06-03,0.26964478974606226,0.27549210550883313,0.2656017885615178,0.27415557619162834,2536542.0,206676096.0
2020-06-04,0.27328683213544525,0.2785661229384041,0.2723178483804718,0.2759933040027849,1971813.0,163017440.0
2020-06-05,0.2762271966332957,0.27662815542845715,0.26921041771797066,0.27221760868168143,1350114.0,109545344.0
2020-06-08,0.27221760868168143,0.27332024536837535,0.2638643004491516,0.2671722105092334,2791705.0,222756736.0
2020-06-09,0.26680466494700206,0.2688428721557393,0.26463280480654433,0.2682414339629972,1855766.0,148502784.0
2020-06-10,0.26864239275815865,0.2759933040027849,0.26810778103127675,0.2755923452076235,2228240.0,182177712.0
2020-06-11,0.27632743633208606,0.2790004949664956,0.26583568119202866,0.26763999577025505,2320381.0,188286912.0
2020-06-12,0.26396454014794196,0.2751579731795319,0.262293878501436,0.27462336145265,2020845.0,164065808.0
2020-06-15,0.2769957009906885,0.302089038921208,0.2748906673160909,0.302089038921208,5142225.0,452148576.0
2020-06-16,0.3036594608689236,0.3107430662501089,0.29904843472456716,0.30372628733478385,4315171.0,393001664.0
2020-06-17,0.30690054446314513,0.32076703612914464,0.30406041966408504,0.3155879850249762,4062008.0,381001952.0
2020-06-18,0.31608918351892795,0.3347671807268646,0.31575505118962677,0.32427542558680716,5288604.0,511849632.0
2020-06-19,0.32457614468317825,0.3458269608267341,0.3224376977756506,0.3449916300034811,5720719.0,571355072.0
2020-06-22,0.33981257889931266,0.34402264624850765,0.318628589221617,0.33065735307645994,6741710.0,659148160.0
2020-06-23,0.32678141805656613,0.3270821371529372,0.3140843895431208,0.31876224215333754,6389870.0,609040448.0
2020-06-24,0.32026583763519284,0.32240428454272047,0.3126142072941956,0.3140843895431208,3488861.0,330519776.0
2020-06-29,0.3167574481775303,0.3286525591006528,0.3167574481775303,0.3223708713097904,6342809.0,611386432.0
2020-06-30,0.3226047639403012,0.3449916300034811,0.3226047639403012,0.3342659822329129,4809270.0,482606784.0
2020-07-01,0.3383758098833175,0.3414164140799584,0.3173922996032026,0.3214018875548169,4247299.0,417289056.0
2020-07-02,0.32404153295629634,0.3261131533979637,0.3120795955673137,0.3164233158482292,5280720.0,502851808.0
2020-07-03,0.31291492639056667,0.317225233438552,0.30566425484473075,0.3134161248845184,4478254.0,418243904.0
2020-07-06,0.31324905871986786,0.31575505118962677,0.305731081310591,0.30690054446314513,6542985.0,602563200.0
2020-07-07,0.30750198265588735,0.3120127691014534,0.30122029486502494,0.3098409089609957,7142518.0,654816512.0
2020-07-08,0.30980749572806554,0.312747860225916,0.30599838717403194,0.31191252940266306,5439610.0,502724288.0
2020-07-09,0.31174546323801244,0.3321275353253852,0.307969767916909,0.33109172510455154,6908173.0,663621632.0
2020-07-10,0.3311919648033419,0.3370726937990428,0.32644728572726495,0.3286191458677227,5396188.0,533741472.0
2020-07-13,0.3274496827151685,0.3359700571123489,0.32424201235387706,0.3307575927752503,5640008.0,554623616.0
2020-07-14,0.33079100600818045,0.3557506910069795,0.3277504018115396,0.35274350004326877,7599974.0,769787328.0
2020-07-15,0.3508055325333218,0.3880278740174747,0.34749762247324006,0.3672114299020104,6868388.0,762230208.0
2020-07-16,0.36594172705066585,0.36594172705066585,0.33419915576705256,0.33777437169057534,4720129.0,497049216.0
2020-07-17,0.33747365259420425,0.35852398934017937,0.33413232930119235,0.34923511058560625,4008278.0,416817568.0
2020-07-20,0.35411344259340366,0.35748817911934566,0.3381419172528067,0.3501706811076496,4042667.0,418569888.0
2020-07-21,0.35003702817592913,0.35635212919972165,0.3428531830959535,0.35083894576625196,3412837.0,356151936.0
2020-07-22,0.35083894576625196,0.3758988704638414,0.3461945063889654,0.37255754717082945,5763312.0,630524800.0
2020-07-23,0.3654739417896442,0.3869252373307807,0.360929742111148,0.3849204433549736,4443041.0,497125984.0
2020-07-24,0.3795743260861545,0.3795743260861545,0.34642839901947625,0.3490012179550954,4177392.0,452063232.0
2020-07-27,0.349168284119746,0.35551679837646866,0.33633760267458024,0.3397123392005223,3360946.0,345446624.0
2020-07-28,0.3408818023530764,0.35200840891880614,0.34018012446154394,0.3454594152645028,2322969.0,239689328.0
2020-07-29,0.3428197698630233,0.3543139219909844,0.3401467112286138,0.35250960741275794,2600485.0,271873728.0
2020-07-30,0.34923511058560625,0.36076267594649736,0.3460274402243148,0.3503711605052303,2617472.0,275586560.0
2020-07-31,0.34836636652942315,0.35585093070576984,0.3414164140799584,0.34749762247324006,2773930.0,288421312.0
2020-08-03,0.34766468863789063,0.34883415179044486,0.33079100600818045,0.34091521558600657,5463917.0,552613440.0
2020-08-04,0.3401467112286138,0.34649522548533646,0.33446646163049354,0.3375404790600645,2801469.0,285995072.0
2020-08-05,0.3342993954658429,0.34245222430079203,0.3329628661486382,0.33937820687122106,2540717.0,256974480.0
2020-08-06,0.33914431424071023,0.34044743032498487,0.33079100600818045,0.33747365259420425,3272453.0,328060576.0
2020-08-07,0.33419915576705256,0.3406479097225656,0.32370740062699516,0.332361427955896,2731705.0,271185472.0
2020-08-10,0.33226118825710566,0.33580299094769833,0.32290548303667227,0.3332635852450092,2658180.0,261131040.0
2020-08-11,0.33413232930119235,0.3367051482368115,0.3269150709882866,0.3277838150444697,1626201.0,161596240.0
2020-08-12,0.32678141805656613,0.327316029783448,0.3155879850249762,0.32176943311704825,1828668.0,175031568.0
2020-08-13,0.321702606651188,0.32815136060670097,0.3190963744826387,0.3246429711490385,1298699.0,125945632.0
2020-08-14,0.3238076403257855,0.3307241795423202,0.32096751552672537,0.3282850135384215,2256545.0,220018496.0
2020-08-17,0.3314592706667828,0.34041401709205477,0.32664776512484567,0.3343662219317032,2488327.0,248139104.0
2020-08-18,0.3356359247830477,0.3504379869710905,0.3328292132169177,0.3484331929952834,3235573.0,332664864.0
2020-08-19,0.34920169735267614,0.3647388506651816,0.34890097825630506,0.3548485337178663,3967997.0,425511488.0
2020-08-20,0.35411344259340366,0.358123030545018,0.3380750907869464,0.34181737287511976,2291284.0,238709232.0
2020-08-21,1.2744108449133587,1.3693601149718384,1.2547241155250866,1.3460147898565427,3910312.0,297034400.0
2020-08-24,1.3583843277907666,1.4007195069177587,1.3082093006772946,1.3738898049195825,6395651.0,499534944.0
2020-08-25,1.3676179265303985,1.4195351420853106,1.3632624554267985,1.3902663762691185,4783038.0,383014240.0
2020-08-26,1.3850398109447986,1.4057718533979344,1.3519382305574386,1.3639593308033746,4049342.0,320077952.0
2020-08-27,1.3582101089466225,1.4089077925925266,1.3460147898565427,1.3778968383348946,3834919.0,302073568.0
2020-08-28,1.3693601149718384,1.5157039440527984,1.3693601149718384,1.5157039440527984,6672262.0,565535296.0
2020-08-31,1.5505477128815983,1.5958446123590382,1.5211047282212624,1.5491539621284465,4962453.0,442750752.0
2020-09-01,1.5569938101149265,1.5993289892419182,1.5364359865059343,1.5658789711662702,3859183.0,345420672.0
2020-09-02,1.5522899013230382,1.5968899254239022,1.5505477128815983,1.5819071048275184,4316395.0,389583616.0
2020-09-03,1.5853914817103982,1.6219774389806383,1.5090836279753266,1.5090836279753266,3868652.0,349345248.0
2020-09-04,1.5348680169086384,1.5625688131275344,1.4878289289897586,1.5320805154023343,4593308.0,401341824.0
2020-09-07,1.5167492571176624,1.5317320777140464,1.4474101571483504,1.4589086008618544,4502515.0,380393568.0
2020-09-08,1.4738914214582384,1.4791179867825586,1.4230195189681907,1.4470617194600626,4618189.0,384568320.0
2020-09-09,1.4512429717195183,1.4555984428231183,1.3676179265303985,1.3771999629583185,4225864.0,339568480.0
2020-09-10,1.4111726375663984,1.4373054641879985,1.3745866802961586,1.3904405951132626,2448499.0,197459504.0
2020-09-11,1.3845171544123664,1.4373054641879985,1.3799874644646224,1.4205804551501746,2545053.0,205982112.0
2020-09-14,1.4261554581627824,1.4320788988636786,1.3864335616979506,1.4146570144492785,2684721.0,216942384.0
2020-09-15,1.4165734217348624,1.4545531297582543,1.3900921574249747,1.4285945219807985,3526854.0,287532384.0
2020-09-16,1.4312078046429586,1.4512429717195183,1.3850398109447986,1.4200577986177425,3248487.0,263492592.0
2020-09-17,1.4024616953591986,1.4026359142033427,1.3296382185070066,1.3719733976339985,4762977.0,370245152.0
2020-09-18,1.3242374343385428,1.4111726375663984,1.3242374343385428,1.4111726375663984,4256210.0,338190880.0
2020-09-21,1.4038554461123505,1.4244132697213425,1.3906148139574064,1.4151796709817106,2194103.0,177065760.0
2020-09-22,1.4197093609294544,1.4557726616672626,1.3993257561646064,1.4230195189681907,2432546.0,199376256.0
2020-09-23,1.4355632757465586,1.5087351902870383,1.4287687408249425,1.4808601752239985,2557741.0,217183728.0
2020-09-24,1.4808601752239985,1.4961914335086703,1.4373054641879985,1.4550757862906865,2480778.0,207919760.0
2020-09-25,1.4892226797429104,1.5087351902870383,1.4526367224726704,1.4639609473420305,1556527.0,131396576.0
2020-09-28,1.4634382908095984,1.4723234518609425,1.4190124855528785,1.4287687408249425,1489164.0,122711232.0
2020-09-29,1.4306851481105265,1.4512429717195183,1.3923570023988465,1.4134374825402705,2394188.0,194619840.0
2020-09-30,1.4277234277600785,1.4669226676924785,1.4120437317871184,1.4456679687069105,2590211.0,214515920.0
2020-10-09,1.4625671965888785,1.4719750141726544,1.3963640358141587,1.4261554581627824,2521662.0,206105792.0
2020-10-12,1.4285945219807985,1.4540304732258225,1.3920085647105587,1.4085593549042383,5612643.0,456072896.0
2020-10-13,1.4137859202285585,1.4737172026140946,1.3993257561646064,1.4669226676924785,3932051.0,327140960.0
2020-10-14,1.4632640719654544,1.4773757983411184,1.4376539018762864,1.4609992269915824,3327169.0,278352032.0
2020-10-15,1.4718007953285106,1.4791179867825586,1.3940991908402864,1.4059460722420785,3884696.0,316633184.0
2020-10-16,1.4198835797735985,1.4240648320330545,1.3711023034132785,1.3846913732565107,2732443.0,217554576.0
2020-10-19,1.3841687167240786,1.3934023154637105,1.3148296167547666,1.3165718051962065,3637405.0,280079616.0
2020-10-20,1.3237147778061107,1.3237147778061107,1.2843413190295667,1.3123905529367506,3817496.0,285077984.0
2020-10-21,1.3123905529367506,1.3136100848457588,1.2751077202899346,1.2822506928998385,2542895.0,188366032.0
2020-10-22,1.2717975622511986,1.2940975743016307,1.2437483283440147,1.2883483524448787,3325702.0,242439440.0
2020-10-23,1.2770241275755185,1.2860835074710066,1.2021100245935987,1.2172670640341268,5496247.0,388687744.0
2020-10-26,1.2083819029827827,1.2421803587467186,1.1812037632963186,1.2292881642800628,2331067.0,163382512.0
2020-10-27,1.2247584743323188,1.2960139815872147,1.2212740974494387,1.2789405348611025,3114838.0,226076560.0
2020-10-28,1.2773725652638066,1.2940975743016307,1.2491491125124787,1.2629124011998545,2168046.0,157665744.0
2020-10-29,1.2472327052268948,1.2963624192755026,1.2458389544737427,1.2869546016917268,2697173.0,198894768.0
2020-10-30,1.2944460119899186,1.2996725773142386,1.2427030152791507,1.2461873921620308,4618697.0,334906336.0
2020-11-02,1.2543756778367987,1.2927038235484787,1.2444452037205909,1.2648288084854387,4518357.0,326961920.0
2020-11-03,1.2512397386422065,1.2512397386422065,1.2022842434377428,1.2329467600070867,5971297.0,416657568.0
2020-11-04,1.2282428512151986,1.2808569421466867,1.2169186263458387,1.2437483283440147,4227205.0,302881440.0
2020-11-05,1.2542014589926547,1.2698811549656146,1.2440967660323026,1.2599506808494065,2470188.0,178276224.0
2020-11-06,1.2543756778367987,1.2602991185376948,1.2193576901638545,1.2256295685530385,3058083.0,215958064.0
2020-11-09,1.2320756657863667,1.2592538054728306,1.2317272280980787,1.2528077082395026,2868518.0,205389344.0
2020-11-10,1.2630866200439987,1.2630866200439987,1.2334694165395186,1.2338178542278067,2166084.0,154439824.0
2020-11-11,1.2237131612674546,1.2418319210584308,1.2160475321251187,1.2186608147872788,1615850.0,113541712.0
2020-11-12,1.2345147296043828,1.2456647356295987,1.2122147175539506,1.2278944135269108,1829537.0,128737304.0
2020-11-13,1.2247584743323188,1.2411350456818546,1.2040264318791827,1.2334694165395186,1578198.0,111085008.0
2020-11-16,1.2334694165395186,1.2421803587467186,1.2129115929305267,1.2191834713197107,2031721.0,142137024.0
2020-11-17,1.2170928451899827,1.2170928451899827,1.1613428150639027,1.1709248514918227,3834219.0,259193968.0
2020-11-18,1.1817264198287507,1.1909600185683826,1.1522834351684148,1.163433441193631,2843254.0,190785408.0
2020-11-19,1.1555935932071508,1.1737123529981268,1.135906863818879,1.1690084442062387,1833367.0,122172368.0
2020-11-20,1.1690084442062387,1.2136084683071027,1.1653498484792149,1.2090787783593588,2837036.0,195404208.0
2020-11-23,1.2073365899179187,1.2134342494629589,1.1820748575170386,1.2026326811260308,2418631.0,166619936.0
2020-11-24,1.2087303406710705,1.2113436233332306,1.1808553256080307,1.1888693924386546,1782421.0,122075104.0
2020-11-25,1.1963608027368469,1.1963608027368469,1.1620396904404788,1.1672662557647988,1661788.0,111755896.0
2020-11-26,1.163607660037775,1.2162217509692628,1.1507154655711187,1.2075108087620627,3054743.0,209298304.0
2020-11-27,1.2174412828782706,1.2796374102376786,1.1994967419314386,1.2663967780827345,5200003.0,375373856.0
2020-11-30,1.2752819391340786,1.2752819391340786,1.1968834592692787,1.2528077082395026,5145432.0,364719296.0
2020-12-01,1.2482780182917588,1.2819022552115507,1.2413092645259987,1.2662225592385907,2709772.0,197456288.0
2020-12-02,1.2578600547196788,1.2663967780827345,1.2118662798656628,1.2477553617593267,3239576.0,229915008.0
2020-12-03,1.2543756778367987,1.2663967780827345,1.2345147296043828,1.2630866200439987,2543528.0,182907088.0
2020-12-04,1.2573373981872467,1.2857350697827186,1.2493233313566225,1.2711006868746226,1656998.0,121026304.0
2020-12-07,1.2716233434070545,1.2871288205358706,1.2613444316025588,1.2632608388881428,1604106.0,116785328.0
2020-12-08,1.2834702248088468,1.2834702248088468,1.2545498966809427,1.2752819391340786,1790948.0,130712760.0
2020-12-09,1.2670936534593107,1.2778952217962385,1.1890436112827987,1.1909600185683826,4142890.0,290116032.0
2020-12-10,1.1845139213350546,1.1909600185683826,1.1643045354143506,1.1721443834008307,2582046.0,173983904.0
2020-12-11,1.1733639153098387,1.1819006386728947,1.1428756175846386,1.1479279640648148,2829726.0,188220416.0
2020-12-14,1.148624839441391,1.2085561218269267,1.146534213311663,1.2029811188143187,3111702.0,210793824.0
2020-12-15,1.2127373740863827,1.2507170821097748,1.2021100245935987,1.2247584743323188,2942856.0,207274032.0
2020-12-16,1.2325983223187986,1.2334694165395186,1.2090787783593588,1.226500662773759,1760963.0,123786200.0
2020-12-17,1.2366053557341108,1.2522850517070705,1.226500662773759,1.2406123891494225,2319303.0,165461104.0
2020-12-18,1.2369537934223986,1.2456647356295987,1.1690084442062387,1.1825975140494707,3582748.0,245992816.0
2020-12-21,1.2021100245935987,1.2296366019683507,1.1832943894260468,1.1939217389188308,3310081.0,227094624.0
2020-12-22,1.2141311248395348,1.2369537934223986,1.1637818788819188,1.167963131141375,5202562.0,358303104.0
2020-12-23,1.1597748454666066,1.1637818788819188,1.1235373258846548,1.1308545173387028,4783414.0,312805248.0
2020-12-24,1.1289381100531188,1.1390428030134707,1.1115162256387188,1.1153490402098867,2245355.0,144850944.0
2020-12-25,1.1040248153405268,1.1515865597918387,1.0838154294198228,1.1454889002467987,3397651.0,219269680.0
2020-12-28,1.1381717087927508,1.1585553135575988,1.1031537211198068,1.108031848755839,3917901.0,252892384.0
2020-12-29,1.102631064587375,1.1188334170927667,1.0940943412243187,1.1071607545351188,2840409.0,180383600.0
2020-12-30,1.1071607545351188,1.1235373258846548,1.0984498123279187,1.108031848755839,2282102.0,145146448.0
2020-12-31,1.1028052834315187,1.1062896603143988,1.0681357334468629,1.0946169977567508,4450709.0,278123488.0
2021-01-04,1.088867775899999,1.1259763897026707,1.0831185540432469,1.1120388821711509,4409020.0,280825824.0
2021-01-05,1.108031848755839,1.1759771979719988,1.104895909561247,1.1630850035053428,5657477.0,374737280.0
2021-01-06,1.1630850035053428,1.1843397024909108,1.1533287482332788,1.1799842313873108,3662168.0,245458304.0
2021-01-07,1.1799842313873108,1.1967092404251347,1.161691252752191,1.1825975140494707,4234910.0,286921408.0
2021-01-08,1.1813779821404629,1.2226678482025908,1.1724928210891188,1.2214483162935827,6187712.0,427296960.0
2021-01-11,1.2298108208124947,1.2587311489403987,1.1937475200746868,1.2427030152791507,5736131.0,405919328.0
2021-01-12,1.2273717569944789,1.3669210511538226,1.226500662773759,1.3669210511538226,10061020.0,773481664.0
2021-01-13,1.3669210511538226,1.4505460963429426,1.3522866682457266,1.4223226435916145,9105989.0,740577344.0
2021-01-14,1.4150054521375666,1.4277234277600785,1.3674437076862545,1.4090820114366704,4055249.0,326516832.0
2021-01-15,1.4068171664627984,1.4076882606835184,1.3648304250240946,1.3972351300348786,4253782.0,339499328.0
2021-01-18,1.3940991908402864,1.4129148260078384,1.3740640237637267,1.3972351300348786,3619473.0,289116864.0
2021-01-19,1.3916601270222704,1.4042038838006383,1.3310319692601587,1.3336452519223185,3858869.0,301639072.0
2021-01-20,1.3315546257925908,1.3728444918547185,1.3109968021835987,1.3413108810646546,2840260.0,219048160.0
2021-01-21,1.3467116652331186,1.3623913612060785,1.3275475923772786,1.3310319692601587,3251821.0,250358672.0
2021-01-22,1.3329483765457426,1.3501960421159986,1.3109968021835987,1.3413108810646546,3385970.0,258979136.0
2021-01-25,1.3500218232718544,1.4355632757465586,1.3327741577015986,1.3883499689835346,6198350.0,494044960.0
2021-01-26,1.3763288687375985,1.3763288687375985,1.3118678964043187,1.3397429114673587,3426559.0,262979776.0
2021-01-27,1.3395686926232147,1.3568163581934705,1.3015889845998225,1.3169202428844946,2565825.0,194754352.0
2021-01-28,1.3122163340926065,1.3310319692601587,1.2825991305881268,1.2871288205358706,1737691.0,129706208.0
2021-01-29,1.2904389785746064,1.3040280484178386,1.2409608268377108,1.2578600547196788,2376680.0,173709184.0
2021-02-01,1.2501944255773427,1.3066413310799987,1.2406123891494225,1.3045507049502705,2953359.0,218586448.0
2021-02-02,1.3021116411322546,1.3186624313259345,1.2669194346151667,1.3071639876124306,2663472.0,198272112.0
2021-02-03,1.2913100727953266,1.3306835315718706,1.2913100727953266,1.3005436715349588,3118756.0,234908944.0
2021-02-04,1.3010663280673906,1.3113452398718866,1.2508913009539187,1.2672678723034545,2503567.0,182865472.0
2021-02-05,1.2604733373818386,1.3303350938835825,1.2604733373818386,1.3157007109754866,3140796.0,236469008.0
2021-02-08,1.3271991546889907,1.3927054400871346,1.3271991546889907,1.3522866682457266,4059539.0,315926784.0
2021-02-09,1.3345163461430385,1.4021132576709106,1.3345163461430385,1.3557710451286065,3920496.0,308210656.0
2021-02-10,1.3904405951132626,1.3904405951132626,1.3069897687682865,1.3658757380889586,3193818.0,249435232.0
2021-02-18,1.3902663762691185,1.3937507531519986,1.2683131853683187,1.2808569421466867,3905968.0,292509472.0
2021-02-19,1.2829475682764147,1.3325999388574545,1.2700553738097589,1.3249343097151185,2558238.0,191042080.0
2021-02-22,1.3240632154943985,1.3240632154943985,1.2641319331088627,1.2665709969268788,2934145.0,215449808.0
2021-02-23,1.2665709969268788,1.2665709969268788,1.2271975381503346,1.2512397386422065,2453833.0,175473504.0
2021-02-24,1.2543756778367987,1.2609959939142705,1.2195319090079988,1.2308561338773587,1941798.0,137105312.0
2021-02-25,1.2285912889034867,1.2536788024602226,1.2028068999701749,1.2468842675386065,2202604.0,155812576.0
2021-02-26,1.2468842675386065,1.2632608388881428,1.2348631672926706,1.2508913009539187,1906255.0,136956720.0
2021-03-01,1.2508913009539187,1.2711006868746226,1.2299850396566385,1.2310303527215027,2650990.0,189293696.0
2021-03-02,1.2353858238251025,1.2482780182917588,1.2134342494629589,1.2156990944368307,1704857.0,120158944.0
2021-03-03,1.2082076841386387,1.2369537934223986,1.196535021580991,1.211517842177375,1605752.0,111970448.0
2021-03-04,1.1846881401791987,1.196535021580991,1.1481021829089588,1.1545482801422866,2535794.0,169711520.0
2021-03-05,1.1559420308954387,1.1773709487251507,1.1428756175846386,1.153851404765711,2338820.0,155144832.0
2021-03-08,1.153851404765711,1.1756287602837108,1.0975787181071988,1.103676377652239,2031973.0,132036504.0
2021-03-09,1.0947912166008948,1.1083802864441268,1.071620110329743,1.0775435510306388,2073579.0,129701712.0
2021-03-10,1.088867775899999,1.1045474718729589,1.078066207563071,1.0909584020297267,1380969.0,86567536.0
2021-03-11,1.0909584020297267,1.1150006025215988,1.0709232349531668,1.0946169977567508,1944330.0,122122680.0
2021-03-12,1.0965334050423348,1.1052443472495348,1.0592505723955188,1.0724912045504629,2342684.0,144013360.0
2021-03-15,1.0627349492783988,1.0745818306801909,1.045313064863999,1.0575083839540789,1685779.0,102252192.0
2021-03-16,1.0602958854603828,1.0970560615747669,1.050713849032463,1.0895646512765749,2794780.0,172657584.0
2021-03-17,1.1007146573017907,1.1010630949900788,1.074930268368479,1.0949654354450389,1552732.0,97115920.0
2021-03-18,1.0827701163549588,1.126150608546815,1.0818990221342388,1.112213101015295,2059007.0,130431520.0
2021-03-19,1.090784183185583,1.1383459276368948,1.090784183185583,1.1254537331702388,2256451.0,145807248.0
2021-03-22,1.1275443592999668,1.1533287482332788,1.1179623228720468,1.1472310886882386,1697956.0,111281192.0
2021-03-23,1.1409592102990547,1.2021100245935987,1.1376490522603186,1.167963131141375,2264026.0,152630096.0
2021-03-24,1.1670920369206548,1.1850365778674867,1.1583810947134547,1.1690084442062387,1335665.0,89522048.0
2021-03-25,1.1535029670774226,1.1982772100224308,1.1535029670774226,1.1775451675692947,1731238.0,117317088.0
2021-03-26,1.1724928210891188,1.2116920610215187,1.1724928210891188,1.1799842313873108,1738298.0,119323928.0
2021-03-29,1.179461574854879,1.1873014228413588,1.1458373379350868,1.1568131251161589,1822926.0,120817896.0
2021-03-30,1.1585553135575988,1.2630866200439987,1.152806091700847,1.2458389544737427,3278541.0,230848144.0
2021-03-31,1.2414834833701427,1.2416577022142867,1.184862359023343,1.1933990823863987,2173772.0,149542960.0
2021-04-01,1.1960123650485588,1.2191834713197107,1.1808553256080307,1.2165701886575506,1969959.0,135560672.0
2021-04-02,1.2134342494629589,1.2278944135269108,1.1899147055035186,1.1984514288665749,1618995.0,111709344.0
2021-04-06,1.1859076720882067,1.2075108087620627,1.1825975140494707,1.1939217389188308,1182954.0,81113240.0
2021-04-07,1.2010647115287347,1.2010647115287347,1.1543740612981428,1.172318602244975,1970650.0,132184728.0
2021-04-08,1.1672662557647988,1.1881725170620787,1.1550709366747187,1.1653498484792149,2274456.0,152388672.0
2021-04-09,1.1637818788819188,1.1838170459584787,1.1446178060260788,1.1533287482332788,1073683.0,71344248.0
2021-04-12,1.1533287482332788,1.1585553135575988,1.108902942976559,1.117439666339615,1605567.0,103511168.0
2021-04-13,1.1167427909630387,1.1437467118053588,1.1167427909630387,1.1373006145720308,1470929.0,95710232.0
2021-04-14,1.1411334291431987,1.1724928210891188,1.1292865477414067,1.1568131251161589,1233129.0,81957376.0
2021-04-15,1.1498443713503987,1.1651756296350706,1.1254537331702388,1.1343388942215828,1075918.0,70375352.0
2021-04-16,1.128763891208975,1.1460115567792308,1.1094255995089908,1.1129099763918708,1215654.0,78213328.0
2021-04-19,1.1146521648333108,1.1318998304035668,1.1001920007693589,1.117439666339615,1623123.0,104324384.0
2021-04-20,1.1162201344306066,1.1237115447287989,1.0937459035360309,1.115523259054031,1956101.0,124705656.0
2021-04-21,1.115523259054031,1.1385201464810386,1.1043732530288148,1.131551392715279,2080200.0,134283984.0
2021-04-22,1.1400881160783347,1.1402623349224787,1.1082060675999827,1.1151748213657429,1983874.0,127469696.0
2021-04-23,1.1153490402098867,1.1270217027675349,1.1040248153405268,1.1179623228720468,1244794.0,79788144.0
2021-04-26,1.1153490402098867,1.1224920128197908,1.0853833990171189,1.088867775899999,1964544.0,123836616.0
2021-04-27,1.088867775899999,1.0970560615747669,1.078066207563071,1.088693557055855,2249852.0,140192336.0
2021-04-28,1.089216213588287,1.0972302804189107,0.979806779465855,0.979980998309999,9417425.0,534188928.0
2021-04-29,0.9841622505694549,1.001758353827999,0.934161442300127,0.958203642791999,11521090.0,635781120.0
2021-04-30,0.957506767415423,0.957506767415423,0.9181333086388791,0.934684098832559,6898383.0,368061600.0
2021-05-06,0.938342694559583,0.939039569936159,0.9210950289893269,0.931548159637967,3697821.0,197003760.0
2021-05-07,0.935380974209135,0.940433320689311,0.9163911201974391,0.9176106521064471,3826473.0,204384032.0
2021-05-10,0.916565339041583,0.922837217430767,0.8888645428226871,0.894265326991151,3140789.0,162416608.0
2021-05-11,0.8928715762379991,0.9547192659091189,0.8902582935758391,0.9442661352604791,4527246.0,241121472.0
2021-05-12,0.952802858623535,0.973012244544239,0.933813004611839,0.964649740025327,3261799.0,180071184.0
2021-05-13,0.953848171688399,0.958900518168575,0.9238825304956311,0.935380974209135,2833415.0,152700720.0
2021-05-14,0.935903630741567,0.953848171688399,0.9212692478334711,0.937297381494719,2424904.0,131274128.0
2021-05-17,0.9435692598839029,0.970921618414511,0.940607539533455,0.959423174701007,2866017.0,157739792.0
2021-05-18,0.963430208116319,0.975973964894687,0.940781758377599,0.945485667169487,2320848.0,126840640.0
2021-05-19,0.945485667169487,0.945485667169487,0.9233598739631991,0.932767691546975,1953619.0,104574384.0
2021-05-20,0.932767691546975,0.946705199078495,0.927889563910943,0.944440354104623,2007881.0,108440856.0
2021-05-21,0.935206755364991,0.956461454350559,0.932593472702831,0.934684098832559,1661198.0,89893000.0
2021-05-24,0.943917697572191,0.946008323701919,0.924230968183919,0.9360778495857109,1114645.0,59666240.0
2021-05-25,0.932941910391119,0.9738833387649589,0.9285864392875189,0.969527867661359,3704961.0,204617664.0
2021-05-26,0.981200530219007,0.9832911563487349,0.957506767415423,0.959248955856863,2859527.0,158735072.0
2021-05-27,0.9578552051037109,0.9784130287127029,0.950189575961375,0.971966931479375,3374730.0,186581264.0
2021-05-28,0.973012244544239,0.9808520925307189,0.963430208116319,0.9721411503235189,2103748.0,117524016.0
2021-05-31,0.972489588011807,1.0026294480487188,0.961862238519023,1.000016165386559,2712345.0,154106656.0
2021-06-01,1.000190384230703,1.0136052352297908,0.9947896000622389,1.0073333568406069,2390266.0,137936656.0
2021-06-02,1.009946639502767,1.015521642515375,0.983465375192879,0.989563034737919,2141702.0,122254856.0
2021-06-03,0.987472408608191,0.987472408608191,0.961688019674879,0.964823958869471,1859970.0,103411688.0
2021-06-04,0.957332548571279,0.966914584999199,0.949841138273087,0.954196609376687,1545192.0,84785448.0
2021-06-07,0.958203642791999,0.964301302337039,0.9411301960658871,0.961165363142447,1811901.0,98991088.0
2021-06-08,0.966914584999199,0.966914584999199,0.947576293299215,0.952280202091103,1350917.0,73925568.0
2021-06-09,0.959945831233439,0.9609911442983029,0.933813004611839,0.9547192659091189,1466766.0,79888816.0
2021-06-10,0.942349727974895,0.958203642791999,0.937297381494719,0.949318481740655,1020980.0,55523092.0
2021-06-11,0.941304414910031,0.9517575455586711,0.928412220443375,0.928412220443375,2384829.0,127724176.0
2021-06-15,0.924230968183919,0.9425239468190391,0.8982723604064631,0.934684098832559,1942143.0,102786344.0
2021-06-16,0.932767691546975,0.9399106641568791,0.912906743314559,0.921617685521759,1417871.0,75188296.0
2021-06-17,0.913429399846991,0.932070816170399,0.913429399846991,0.925276281248783,1296746.0,68690656.0
2021-06-18,0.923185655119055,0.933813004611839,0.888516105134399,0.897923922718175,2720264.0,141731264.0
2021-06-21,0.898098141562319,0.938691132247871,0.895659077744303,0.9169137767298711,1731479.0,91349352.0
2021-06-22,0.9224887797424791,0.924230968183919,0.906809083769519,0.9181333086388791,1091376.0,57230172.0
2021-06-23,0.9181333086388791,0.944788791792911,0.912384086782127,0.942175509130751,2036409.0,109348080.0
2021-06-24,0.940781758377599,0.991305223179359,0.935729411897423,0.988517721673055,4066627.0,226308880.0
2021-06-25,0.989737253582063,0.990956785491071,0.948098949831647,0.956113016662271,3235938.0,178271728.0
2021-06-28,0.953848171688399,0.964301302337039,0.940955977221743,0.957332548571279,2210746.0,120816016.0
2021-06-29,0.957332548571279,0.9597716123892951,0.9270184696902231,0.938691132247871,1814618.0,97697192.0
2021-06-30,1.000363773131961,1.0035312501562195,0.9759555678273817,0.9815452331643082,1215132.0,64325312.0
2021-07-01,0.9817315553422057,1.0035312501562195,0.9817315553422057,0.9899297311696982,1098211.0,58589096.0
2021-07-02,0.9977552626413952,1.0163874804311506,0.9625403710187578,0.9701795803125575,2347140.0,124027440.0
2021-07-05,0.9632856597303481,0.9761418900052792,0.9474482746090561,0.9698069359567624,2361258.0,122157088.0
2021-07-06,0.9686890028893771,0.9739060238705086,0.8775774578974738,0.9396227431373588,7164228.0,352258560.0
2021-07-07,0.9344057221562273,0.9472619524311586,0.9129786716980088,0.9222947805928864,2792404.0,139016032.0
2021-07-08,0.922481102770784,0.9254622576171448,0.8943464539082535,0.8982592196441022,2111980.0,102445616.0
2021-07-09,0.8971412865767168,0.9206178809918084,0.8868935667923514,0.9185683370349353,2019126.0,98214264.0
2021-07-12,0.9221084584149889,0.9247169689055547,0.8949054204419462,0.9094385503179553,1690552.0,82473960.0
2021-07-13,0.9094385503179553,0.9202452366360133,0.9047804958705166,0.9185683370349353,1331297.0,65298928.0
2021-07-14,0.9211768475255011,0.9386911322478712,0.9058984289379017,0.9271391572182228,1601645.0,79442328.0
2021-07-15,0.9172640817896525,0.9293750233529935,0.9038488849810287,0.9107428055632382,1357074.0,66532340.0
2021-07-16,0.9038488849810287,0.9202452366360133,0.8977002531104095,0.909997516851648,1144433.0,55763100.0
2021-07-19,0.9185683370349353,0.9539695508354704,0.9181956926791403,0.927884445929813,1771784.0,88678560.0
2021-07-20,0.9247169689055547,0.9614224379513725,0.9213631697033987,0.9502431072775194,2221400.0,113108896.0
2021-07-21,0.9554601282586509,0.9660804923988113,0.9370142326467931,0.9450260862963878,1972527.0,100672312.0
2021-07-22,0.9386911322478712,0.9446534419405929,0.9129786716980088,0.9176367261454477,2287960.0,113294152.0
2021-07-23,0.917077759611755,0.917077759611755,0.9027309519136435,0.9057121067600042,1146264.0,55877520.0
2021-07-26,0.9057121067600042,0.9090659059621602,0.8719877925605471,0.8906200103503024,1868521.0,89069456.0
2021-07-27,0.8939738095524583,0.9111154499190333,0.8731057256279324,0.8775774578974738,2301707.0,110141072.0
2021-07-28,0.8775774578974738,0.8922969099513804,0.8682613490025961,0.8842850563017857,2304876.0,108915048.0
2021-07-29,0.8943464539082535,0.8943464539082535,0.8533555747707918,0.8578273070403332,2890252.0,134960992.0
2021-07-30,0.8496291312128409,0.8513060308139188,0.8052844528732233,0.8153458504796911,4341334.0,191653776.0
2021-08-02,0.8067750302964036,0.843294177164324,0.8002537540699894,0.8252209259082613,3391035.0,149188864.0
2021-08-03,0.8198175827492324,0.8896883994608147,0.8198175827492324,0.878322746609064,4816182.0,224646992.0
2021-08-04,0.8779501022532689,0.8880114998597367,0.857082018328743,0.8725467590942398,2105651.0,99150696.0
2021-08-05,0.8734783699837276,0.8831671232344003,0.857082018328743,0.8680750268246986,2608407.0,121799320.0
2021-08-06,0.862485361487772,0.8697519264257766,0.8110604403880475,0.8144142395902034,4030383.0,178357312.0
2021-08-09,0.8213081601724128,0.892110587773483,0.8093835407869694,0.8580136292182307,6749611.0,310197376.0
2021-08-10,0.8663981272236206,0.924158002371862,0.8496291312128409,0.9129786716980088,7075750.0,340517664.0
2021-08-11,0.9131649938759063,0.9332877890888421,0.9129786716980088,0.9204315588139109,4620421.0,229007872.0
2021-08-12,0.924158002371862,0.9273254793961204,0.8930421986629706,0.9042215293368239,3276964.0,159249600.0
2021-08-13,0.8960233535093316,0.9060847511157993,0.8818628679891174,0.899563474889385,2328246.0,111545080.0
2021-08-16,0.89993611924518,0.9263938685066325,0.8872662111481464,0.9174504039675501,2847491.0,139281104.0
2021-08-17,0.9172640817896525,0.9243443245497595,0.8991908305335898,0.9070163620052871,1657328.0,81035232.0
2021-08-18,0.931610889487764,0.9977552626413952,0.931610889487764,0.9977552626413952,8651472.0,457741056.0
2021-08-19,0.9938424969055468,1.008748271137351,0.9653352036872211,0.9794956892074351,7373430.0,388510144.0
2021-08-20,0.9765145343610743,0.9793093670295376,0.8844713784796832,0.9180093705012428,6459472.0,319354336.0
2021-08-23,0.9189409813907304,0.9930972081939564,0.90832061725057,0.9670121032882991,6632826.0,341631712.0
2021-08-24,0.9670121032882991,0.975396601293689,0.9409269983826417,0.9576959943934215,3371116.0,173088640.0
2021-08-25,1.0247719784365406,1.0534655938327635,0.9651488815093235,0.9781914339621522,5575060.0,296296384.0
2021-08-26,0.9705522246683527,0.9705522246683527,0.9325425003772518,0.9508020738112121,2928969.0,148395152.0
2021-08-27,0.9427902201616173,0.9688753250672746,0.931610889487764,0.9465166637195682,2758639.0,140156720.0
2021-08-30,0.9485662076764413,0.9485662076764413,0.922481102770784,0.943721831051105,1837411.0,92351120.0
2021-08-31,0.9323561781993542,0.9580686387492167,0.9297476677087885,0.9502431072775194,1541506.0,77913248.0
2021-09-01,0.9504294294554169,0.9875075428570299,0.9323561781993542,0.9759555678273817,3244752.0,167968448.0
2021-09-02,0.9735333795147134,0.9968236517519076,0.9483798854985438,0.9558327726144459,1957973.0,101684432.0
2021-09-03,0.9420449314500271,0.951174718167007,0.9219221362370913,0.938318487892076,2154709.0,108099112.0
2021-09-06,0.938318487892076,0.9539695508354704,0.9288160568193008,0.9465166637195682,2630981.0,132827480.0
2021-09-07,0.9452124084742853,0.945771375007978,0.9222947805928864,0.931610889487764,1828796.0,91417672.0
2021-09-08,0.9372005548246906,0.9372005548246906,0.9140966047653941,0.9167051152559599,1616116.0,79988312.0
2021-09-09,0.9129786716980088,0.9129786716980088,0.8850303450133759,0.9034762406252337,2166962.0,104201680.0
2021-09-10,0.9072026841831846,0.9124197051643161,0.8958370313314339,0.8986318639998971,1150322.0,55699712.0
2021-09-13,0.8988181861777949,0.9045941736926189,0.8757142361184982,0.883726089768093,1684740.0,79766536.0
2021-09-14,0.8839124119459905,0.9036625628031312,0.8777637800753713,0.883726089768093,1531862.0,73056776.0
2021-09-15,0.8762732026521909,0.8779501022532689,0.839567733606373,0.8514923529918165,2732924.0,125247896.0
2021-09-16,0.8520513195255089,0.8617400727761818,0.8438531436980167,0.8451573989432996,1396397.0,63814628.0
2021-09-17,0.8421762440969388,0.8602494953530013,0.825407248086159,0.8542871856602797,2192788.0,99260880.0
2021-09-22,0.8544735078381772,0.8604358175308989,0.8386361227168851,0.8498154533907384,1290152.0,58906412.0
2021-09-23,0.8500017755686359,0.8663981272236206,0.8481385537896605,0.8565230517950503,1281963.0,58929188.0
2021-09-24,0.8563367296171528,0.8652801941562352,0.8503744199244311,0.8563367296171528,1038696.0,47765064.0
2021-09-27,0.8554051187276649,0.9034762406252337,0.8520513195255089,0.8960233535093316,3775433.0,179866032.0
2021-09-28,0.8954643869756389,0.9070163620052871,0.8796270018543468,0.9045941736926189,1829439.0,87746488.0
2021-09-29,0.8943464539082535,0.9025446297357458,0.8809312570996297,0.8906200103503024,1255764.0,59918248.0
2021-09-30,0.8880114998597367,0.9036625628031312,0.8671434159352108,0.8719877925605471,1596399.0,75631056.0
2021-10-08,0.8824218345228101,0.957509672215524,0.8684476711804937,0.9418586092721294,3900278.0,192970048.0
2021-10-11,0.9334741112667396,0.9556464504365484,0.9276981237519154,0.9373868770025883,2546601.0,128440720.0
2021-10-12,0.9286297346414033,0.9759555678273817,0.9260212241508375,0.951174718167007,3210238.0,164920288.0
2021-10-13,0.9370142326467931,0.968316358533582,0.9370142326467931,0.9550874839028557,2026480.0,103788296.0
2021-10-14,0.9532242621238801,0.9927245638381614,0.9297476677087885,0.9427902201616173,3330343.0,171735376.0
2021-10-15,0.9373868770025883,0.9903023755254932,0.9360826217573054,0.951174718167007,3998647.0,206442032.0
2021-10-18,0.9508020738112121,0.951174718167007,0.927884445929813,0.9409269983826417,2180073.0,109661352.0
2021-10-19,0.9370142326467931,0.9535969064796753,0.9260212241508375,0.9396227431373588,1901354.0,96144208.0
2021-10-20,0.9396227431373588,0.9446534419405929,0.9040352071589263,0.9111154499190333,3031340.0,148687824.0
2021-10-21,0.9111154499190333,0.927884445929813,0.8872662111481464,0.89993611924518,2492189.0,120608896.0
2021-10-22,0.8973276087546143,0.9135376382317014,0.8801859683880395,0.8902473659945074,2795716.0,133743048.0
2021-10-25,0.8898747216387122,0.9027309519136435,0.8814902236333224,0.8937874873745608,4358622.0,208721136.0
2021-10-26,0.888756788571327,0.8969549643988193,0.869565604247879,0.8829808010565028,4236439.0,200092496.0
2021-10-27,0.8777637800753713,0.8798133240322443,0.8412446332074509,0.8421762440969388,4678496.0,214072528.0
2021-10-28,0.8300653025335978,0.8496291312128409,0.8164637835470765,0.8201902271050275,5008557.0,221908496.0
2021-10-29,0.8201902271050275,0.8324874908462659,0.809569862964867,0.8151595283017936,4964182.0,218129456.0
2021-11-01,0.7918692560645995,0.8699382486036741,0.791682933886702,0.8343507126252415,10876219.0,486643904.0
2021-11-02,0.8259662146198516,0.8524239638813041,0.8198175827492324,0.82913369164411,6072658.0,270951424.0
2021-11-03,0.8265251811535442,0.866211805045723,0.820376549282925,0.860808461886694,6133682.0,280498880.0
2021-11-04,0.8663981272236206,0.8844713784796832,0.8406856666737582,0.8710561816710594,4909903.0,228532320.0
2021-11-05,0.8656528385120303,0.8822355123449126,0.8626716836656695,0.8719877925605471,2334307.0,109450208.0
2021-11-08,0.8831671232344003,0.8831671232344003,0.8548461521939724,0.860808461886694,2354936.0,108824544.0
2021-11-09,0.8568956961508455,0.8693792820699814,0.8440394658759142,0.8520513195255089,2263565.0,103424864.0
2021-11-10,0.8488838425012507,0.8617400727761818,0.823730348485081,0.8546598300160747,3971465.0,179917840.0
2021-11-11,0.8546598300160747,0.8621127171319769,0.8421762440969388,0.8496291312128409,1968921.0,89568056.0
2021-11-12,0.8511197086360213,0.8529829304149968,0.8326738130241634,0.8445984324096069,2316231.0,104709128.0
2021-11-15,0.8403130223179632,0.8533555747707918,0.8380771561831925,0.843294177164324,1849222.0,83759544.0
2021-11-16,0.8425488884527338,0.8468342985443776,0.8300653025335978,0.8367729009379097,2166595.0,97319672.0
2021-11-17,0.8384498005389877,0.8386361227168851,0.8226124154176957,0.8282020807546223,1879543.0,83516704.0
2021-11-18,0.8280157585767247,0.8313695577788807,0.8175817166144618,0.8177680387923593,2045273.0,90083864.0
2021-11-19,0.8179543609702569,0.8201902271050275,0.8030485867384527,0.8179543609702569,2620365.0,113995632.0
2021-11-22,0.8142279174123058,0.8265251811535442,0.8069613524743013,0.8110604403880475,3029590.0,132169968.0
2021-11-23,0.8103151516764572,0.8265251811535442,0.8069613524743013,0.822053448884003,2953844.0,129909768.0
2021-11-24,0.8200039049271299,0.8250346037303639,0.8071476746521988,0.8227987375955932,2609044.0,114191144.0
2021-11-25,0.8235440263071835,0.8386361227168851,0.8160911391912813,0.8380771561831925,3639250.0,162514432.0
2021-11-26,0.8296926581778027,0.845343721121197,0.8229850597734908,0.8282020807546223,2861491.0,127448008.0
2021-11-29,0.8207491936387201,0.8337917460915488,0.8198175827492324,0.8224260932397981,1641341.0,72558488.0
2021-11-30,0.8224260932397981,0.8255935702640566,0.8026759423826575,0.8026759423826575,2719482.0,118099744.0
2021-12-01,0.8034212310942477,0.8108741182101499,0.7955956996225506,0.8067750302964036,2181922.0,93996648.0
2021-12-02,0.8067750302964036,0.809569862964867,0.7959683439783456,0.7989494988247066,1705334.0,73386040.0
2021-12-03,0.7983905322910139,0.7983905322910139,0.7760318709433075,0.7771498040106928,3796278.0,159584128.0
2021-12-06,0.7771498040106928,0.7913102895309068,0.7732370382748441,0.7825531471697218,2900302.0,121883872.0
2021-12-07,0.7825531471697218,0.8011853649594771,0.7771498040106928,0.7998811097141942,3436723.0,146460384.0
2021-12-08,0.8011853649594771,0.8268978255093394,0.7946640887330627,0.8211218379945152,3626986.0,158476240.0
2021-12-09,0.8235440263071835,0.859131562285616,0.816650105724974,0.8457163654769922,5462306.0,246952480.0
2021-12-10,0.8418035997411436,0.8514923529918165,0.837890834005295,0.848697520323353,2898157.0,131550000.0
2021-12-13,0.8753415917627031,0.8811175792775272,0.8535418969486895,0.8554051187276649,4652166.0,216929248.0
2021-12-14,0.8554051187276649,0.8581999513961283,0.8403130223179632,0.8412446332074509,2264493.0,102967016.0
2021-12-15,0.8380771561831925,0.8412446332074509,0.8198175827492324,0.823730348485081,2096839.0,93201824.0
2021-12-16,0.8235440263071835,0.8272704698651345,0.8064023859406086,0.8207491936387201,2100772.0,91835248.0
2021-12-17,0.8188859718597447,0.8235440263071835,0.8047254863395306,0.8090108964311744,1854267.0,80621240.0
2021-12-20,0.8030485867384527,0.8179543609702569,0.8017443314931698,0.8118057290996377,1537753.0,66809316.0
2021-12-21,0.8131099843449205,0.8190722940376421,0.8034212310942477,0.816650105724974,1476132.0,64346888.0
2021-12-22,0.8168364279028716,0.825779892441954,0.8082656077195841,0.8172090722586667,1790681.0,78398656.0
2021-12-23,0.814973206123896,0.814973206123896,0.8077066411858915,0.8110604403880475,1399480.0,60849104.0
2021-12-24,0.8110604403880475,0.8365865787600121,0.8017443314931698,0.8365865787600121,2922421.0,128919080.0
2021-12-27,0.8365865787600121,0.9202452366360133,0.8328601352020611,0.9111154499190333,12174557.0,589256512.0
2021-12-28,0.9092522281400577,0.952106329056495,0.8947190982640487,0.9198725922802182,9107099.0,452061344.0
2021-12-29,0.9133513160538039,0.9273254793961204,0.8885704663934293,0.8904336881724049,3880700.0,187937536.0
2021-12-30,0.8956507091535364,0.897513930932512,0.8697519264257766,0.8759005582963958,4024284.0,189027248.0
2021-12-31,0.8801859683880395,0.9409269983826417,0.8760868804742934,0.9200589144581158,5882043.0,288987168.0
2022-01-04,0.9222947805928864,0.964589914975631,0.9167051152559599,0.9515473625228023,6615555.0,336696832.0
2022-01-05,0.945398730652183,0.9485662076764413,0.9222947805928864,0.9293750233529935,3876636.0,194590048.0
2022-01-06,0.922481102770784,0.9332877890888421,0.9070163620052871,0.9165187930780623,2645198.0,130047248.0
2022-01-07,0.9172640817896525,0.93496468868992,0.9044078515147214,0.9194999479244231,2880526.0,142117632.0
2022-01-10,0.9196862701023207,0.9299339898866861,0.8906200103503024,0.9161461487222672,2751542.0,134825488.0
2022-01-11,0.9219221362370913,0.9386911322478712,0.9042215293368239,0.9161461487222672,2792328.0,138005696.0
2022-01-12,0.9222947805928864,0.9362689439352029,0.9066437176494919,0.9101838390295456,2182963.0,107283680.0
2022-01-13,0.9124197051643161,0.9178230483233452,0.8861482780807612,0.8880114998597367,3251873.0,156798320.0
2022-01-14,0.8839124119459905,0.917077759611755,0.8770184913637811,0.9055257845821068,4196130.0,201916608.0
2022-01-17,0.9070163620052871,0.9101838390295456,0.8753415917627031,0.8906200103503024,3494608.0,166331584.0
2022-01-18,0.8980728974662047,0.8980728974662047,0.8729194034500349,0.8813039014554248,2365718.0,111674648.0
2022-01-19,0.8809312570996297,0.9004950857788727,0.8675160602910059,0.8906200103503024,3397177.0,162566272.0
2022-01-20,0.8859619559028635,0.9222947805928864,0.8777637800753713,0.8885704663934293,3557187.0,171105456.0
2022-01-21,0.8813039014554248,0.8839124119459905,0.8386361227168851,0.8619263949540793,4922625.0,225797872.0
2022-01-24,0.8555914409055626,0.858758917929821,0.8397540557842705,0.8559640852613576,2691346.0,122832184.0
2022-01-25,0.8621127171319769,0.8621127171319769,0.8406856666737582,0.8496291312128409,1964635.0,89963928.0
2022-01-26,0.8412446332074509,0.8565230517950503,0.825779892441954,0.8460890098327872,3297946.0,147793200.0
2022-01-27,0.8369592231158073,0.8418035997411436,0.8071476746521988,0.8114330847438425,2949848.0,129635864.0
2022-01-28,0.8300653025335978,0.8300653025335978,0.7885154568624435,0.7918692560645995,3065331.0,132051360.0
2022-02-07,0.8011853649594771,0.8235440263071835,0.8011853649594771,0.8050981306953258,2021540.0,87926088.0
2022-02-08,0.8123646956333302,0.8151595283017936,0.7967136326899358,0.8105014738543548,1441065.0,62347860.0
2022-02-09,0.8106877960322523,0.8168364279028716,0.8060297415848134,0.8146005617681009,2185424.0,95366480.0
2022-02-10,0.8138552730565107,0.8589452401077186,0.8021169758489648,0.8449710767654021,3753996.0,168273408.0
2022-02-11,0.8384498005389877,0.8447847545875046,0.8147868839459984,0.823730348485081,2335796.0,103730424.0
2022-02-14,0.8190722940376421,0.825407248086159,0.799508465358399,0.8108741182101499,2466901.0,107135976.0
2022-02-15,0.8091972186090719,0.8233577041292859,0.7946640887330627,0.8233577041292859,2827554.0,122849176.0
2022-02-16,0.8235440263071835,0.8842850563017857,0.8179543609702569,0.8675160602910059,5239792.0,240169152.0
2022-02-17,0.8634169723772598,0.8645349054446451,0.8330464573799586,0.8414309553853484,2925993.0,132925408.0
2022-02-18,0.8347233569810366,0.8488838425012507,0.8347233569810366,0.8438531436980167,1437749.0,64916476.0
2022-02-21,0.8365865787600121,0.8406856666737582,0.8207491936387201,0.8222397710619006,2032410.0,90043352.0
2022-02-22,0.8177680387923593,0.8213081601724128,0.8036075532721454,0.809569862964867,1743934.0,75797272.0
2022-02-23,0.8086382520753792,0.8173953944365642,0.805843419406916,0.8147868839459984,2483219.0,108214912.0
2022-02-24,0.8097561851427646,0.8168364279028716,0.7901923564635214,0.814973206123896,2854899.0,122959168.0
2022-02-25,0.8105014738543548,0.8241029928408761,0.8041665198058379,0.8142279174123058,2740710.0,119573280.0
2022-02-28,0.8032349089163502,0.8127373399891253,0.7881428125066483,0.7918692560645995,2993108.0,127241752.0
2022-03-01,0.7914966117088043,0.793732477843575,0.7780814149001806,0.7791993479675658,3014123.0,126535288.0
2022-03-02,0.777895092722283,0.7816215362802341,0.7601944858220154,0.7816215362802341,2126575.0,87931000.0
2022-03-03,0.7816215362802341,0.7834847580592096,0.7734233604527417,0.7788267036117708,1534342.0,64126008.0
2022-03-04,0.7769634818327953,0.7872112016171606,0.7717464608516638,0.779571992323361,1734542.0,72675056.0
2022-03-07,0.7859069463718777,0.797458921401526,0.7639209293799666,0.7749139378759222,2951757.0,123444480.0
2022-03-08,0.7616850632451959,0.765411506803147,0.7234890167761976,0.7313145482478948,3637650.0,144347936.0
2022-03-09,0.7268428159783535,0.7301966151805095,0.6672197190511366,0.6914416021778185,3549503.0,132358040.0
2022-03-10,0.6987081671158231,0.7098874977896763,0.6856656146629944,0.6873425142640723,2806211.0,104572256.0
2022-03-11,0.6744862839891412,0.7508783769271378,0.6614437315363125,0.7344820252721532,13183388.0,511680576.0
2022-03-14,0.8060297415848134,0.8060297415848134,0.7339230587384605,0.760380807999913,17302060.0,705702976.0
2022-03-15,0.7322461591373826,0.7322461591373826,0.6843613594177115,0.6856656146629944,8733047.0,328435008.0
2022-03-16,0.6838023928840189,0.7190172845066564,0.6334954048516795,0.6834297485282237,10208826.0,363460064.0
2022-03-17,0.679516982792375,0.6977765562263354,0.6707598404311901,0.6865972255524821,7642180.0,281608608.0
2022-03-18,0.677467438835502,0.6927458574231014,0.6647975307384685,0.6826844598166335,4422147.0,161144992.0
2022-03-21,0.6832434263503262,0.7042978324527496,0.6748589283449363,0.6927458574231014,4262000.0,158322672.0
2022-03-22,0.6934911461346915,0.6947954013799744,0.6711324847869853,0.6759768614123216,2842396.0,103382320.0
2022-03-23,0.6759768614123216,0.6821254932829408,0.667033396873239,0.6735546730996534,2357851.0,85236592.0
2022-03-24,0.6668470746953415,0.6808212380376579,0.6586488988678493,0.677467438835502,3157274.0,113468008.0
2022-03-25,0.6765358279460143,0.6798896271481703,0.6597668319352344,0.6599531541131322,2464357.0,88351056.0
2022-03-28,0.6530592335309225,0.6614437315363125,0.6428115137465572,0.6525002669972301,1659820.0,57984644.0
2022-03-29,0.6521276226414349,0.6580899323341566,0.6359175931643478,0.6374081705875282,3034320.0,104599248.0
2022-03-30,0.6446747355255328,0.6683376521185219,0.6411346141454791,0.6675923634069317,3841775.0,135747488.0
2022-03-31,0.663306953315288,0.7042978324527496,0.6621890202479027,0.6737409952775509,4600877.0,169339472.0
2022-04-01,0.6763495057681167,0.6763495057681167,0.659580509757337,0.6750452505228338,1868213.0,67060136.0
2022-04-06,0.6748589283449363,0.6834297485282237,0.6672197190511366,0.6698282295417024,1557873.0,56213528.0
2022-04-07,0.6694555851859073,0.6698282295417024,0.6487738234392789,0.656226710555181,2960609.0,104247160.0
2022-04-08,0.6662881081616489,0.6662881081616489,0.6359175931643478,0.640016681078094,2081556.0,71770960.0
2022-04-11,0.6368492040538355,0.6416935806791718,0.6126273209271537,0.6213844632883386,2263226.0,75482904.0
2022-04-12,0.6129999652829488,0.6359175931643478,0.6089008773692026,0.6359175931643478,2116041.0,70783656.0
2022-04-13,0.6334954048516795,0.6334954048516795,0.6094598439028953,0.6098324882586903,2044750.0,67705208.0
2022-04-14,0.6116957100376659,0.6269741286252652,0.6020069567869932,0.6249245846683922,2181616.0,72671704.0
2022-04-15,0.6243656181346995,0.6416935806791718,0.6137452539945389,0.6254835512020848,1763032.0,59546788.0
2022-04-18,0.627905739514753,0.6314458608948065,0.6178443419082851,0.6197075636872607,1299596.0,43468916.0
2022-04-19,0.6243656181346995,0.62585619555788,0.6150495092398218,0.6223160741778264,1339732.0,44595880.0
2022-04-20,0.6185896306198754,0.6361039153422453,0.6185896306198754,0.626228839913675,1574776.0,53172856.0
2022-04-21,0.6223160741778264,0.6334954048516795,0.604615467277559,0.6109504213260757,2184338.0,72223200.0
2022-04-22,0.6055470781670467,0.6105777769702806,0.5826294502856476,0.596230969272169,2190977.0,69943792.0
2022-04-25,0.5882191156225742,0.59082762611314,0.543315470749264,0.544992370350342,2557430.0,78046528.0
2022-04-26,0.544992370350342,0.560829755471634,0.5326951066091035,0.5414522489702884,3392820.0,100145680.0
2022-04-27,0.5354899392775667,0.5587802115147609,0.5205841650457625,0.5571033119136829,2542875.0,73494304.0
2022-04-28,0.5563580232020927,0.5662330986306631,0.5366078723449521,0.5461103034177273,1836542.0,54051904.0
2022-04-29,0.5705185087223067,0.6007027015417103,0.5578486006252732,0.6007027015417103,3168904.0,99494832.0
2022-05-05,0.6241792959568019,0.6565993549109762,0.6057334003449442,0.642066225034967,6729295.0,230149312.0
2022-05-06,0.6215707854662362,0.6396440367222987,0.6204528523988508,0.6288373504042407,2421098.0,81886448.0
2022-05-09,0.6286510282263432,0.6446747355255328,0.6187759527977729,0.6381534592991184,1874520.0,63803800.0
2022-05-10,0.6362902375201428,0.6498917565066643,0.6297689612937285,0.6484011790834837,2284435.0,78668928.0
2022-05-11,0.6523139448193324,0.677467438835502,0.6443020911697376,0.66163005371421,3503645.0,125047176.0
2022-05-12,0.6515686561077422,0.6735546730996534,0.645792668592918,0.6700145517195999,2159368.0,77092224.0
2022-05-13,0.6707598404311901,0.6750452505228338,0.656226710555181,0.6683376521185219,1643508.0,58612056.0
2022-05-16,0.6683376521185219,0.670387196075395,0.6554814218435908,0.6651701750942636,2156916.0,76865480.0
2022-05-17,0.664983852916366,0.6705735182532926,0.6560403883772835,0.6661017859837514,1659373.0,59288968.0
2022-05-18,0.663306953315288,0.6688966186522146,0.6567856770888737,0.6606984428247223,1424924.0,50521564.0
2022-05-19,0.6532455557088203,0.6759768614123216,0.6476558903718935,0.6752315727007314,1979895.0,70821728.0
2022-05-20,0.6718777734985755,0.682870781994531,0.6698282295417024,0.6767221501239118,1596584.0,57918344.0
2022-05-23,0.6767221501239118,0.6767221501239118,0.6668470746953415,0.6700145517195999,1808999.0,65106796.0
2022-05-24,0.6722504178543706,0.6892057360430479,0.6672197190511366,0.674113639633346,3131937.0,113840600.0
2022-05-25,0.6767221501239118,0.7415622680322601,0.6685239742964195,0.7415622680322601,6927221.0,265723744.0
2022-05-26,0.7540458539513962,0.7780814149001806,0.7266564938004559,0.7613124188894008,8671107.0,351081408.0
2022-05-27,0.7581449418651424,0.7611260967115033,0.7350409918058459,0.7426802010996455,3906359.0,156674416.0
2022-05-30,0.7285197155794315,0.7380221466522067,0.7180856736171686,0.7322461591373826,3748779.0,146267696.0
2022-05-31,0.7227437280646074,0.7557227535524743,0.7175267070834759,0.7495741216818549,5852409.0,233594560.0
2022-06-01,0.739512724075387,0.7527415987061133,0.7361589248732311,0.7471519333691868,1915158.0,76368656.0
2022-06-02,0.7426802010996455,0.7486425107923672,0.7296376486468168,0.7396990462532848,3382151.0,133790768.0
2022-06-06,0.7378358244743092,0.7628029963125812,0.7266564938004559,0.7601944858220154,4865204.0,195083840.0
2022-06-07,0.75833126404304,0.7648525402694543,0.7324324813152802,0.7437981341670309,2800281.0,111652400.0
2022-06-08,0.7361589248732311,0.7434254898112357,0.7229300502425049,0.7296376486468168,2496483.0,97710840.0
2022-06-09,0.7266564938004559,0.7355999583395385,0.7098874977896763,0.7171540627276808,1978480.0,76330512.0
2022-06-10,0.7083969203664958,0.7389537575416945,0.7080242760107007,0.7357862805174361,2013410.0,78696032.0
2022-06-13,0.7274017825120461,0.737463180118514,0.7206941841077343,0.7348546696279482,1478674.0,57933440.0
2022-06-14,0.7257248829109683,0.7497604438597526,0.7173403849055784,0.7391400797195921,1871674.0,73585104.0
2022-06-15,0.7389537575416945,0.7560953979082693,0.7313145482478948,0.7313145482478948,1574187.0,62486912.0
2022-06-16,0.7266564938004559,0.7499467660376501,0.7266564938004559,0.7380221466522067,1514303.0,60415348.0
2022-06-17,0.7380221466522067,0.7471519333691868,0.7244206276656854,0.7471519333691868,1819430.0,72395120.0
2022-06-20,0.7471519333691868,0.763734607202069,0.7398853684311822,0.7527415987061133,1938530.0,78086784.0
2022-06-21,0.7547911426629864,0.7676473729379176,0.7460340003018014,0.7607534523557081,3008678.0,122799528.0
2022-06-22,0.7693242725389956,0.8367729009379097,0.7601944858220154,0.8194449383934372,9295499.0,402356096.0
2022-06-23,0.7987631766468088,0.8080792855416865,0.7616850632451959,0.8030485867384527,5229463.0,219575104.0
2022-06-24,0.806216063762711,0.8304379468893929,0.8013716871373746,0.8175817166144618,2683390.0,117879560.0
2022-06-27,0.825407248086159,0.8328601352020611,0.7946640887330627,0.8080792855416865,2323103.0,100713040.0
2022-06-28,0.8121783734554328,0.8134826287007155,0.7894470677519312,0.8082656077195841,1648366.0,70784072.0
2022-06-29,0.8067750302964036,0.8224260932397981,0.7955956996225506,0.8080792855416865,2087020.0,90614688.0
2022-06-30,2.791738079004586,2.936632149490038,2.7799443755929794,2.8540762256087926,4110268.0,140636256.0
2022-07-01,2.848179373902989,2.877663632432005,2.7782595608198926,2.792580486391129,3283740.0,109709696.0
2022-07-04,2.773205116500633,2.9989702960942446,2.740351228425443,2.9669588154055977,4839710.0,166404816.0
2022-07-05,2.9644315932459677,2.9863341852960947,2.877663632432005,2.9484258529016447,3797147.0,131296352.0
2022-07-06,2.9164143722129983,2.9383169642631253,2.8473369665164454,2.9324201125573217,2960451.0,101821856.0
2022-07-07,2.9071478909610216,2.933262519943865,2.867554743793485,2.8785060398185487,1477788.0,50660260.0
2022-07-08,2.905463076187935,2.905463076187935,2.8363856704913823,2.8894573358436118,1897512.0,64619880.0
2022-07-11,2.8886149284570686,2.9231536313053454,2.8372280778779255,2.8751364102723755,2901725.0,98835664.0
2022-07-12,2.8734515954992887,2.8860877062974386,2.7799443755929794,2.796792523323846,2038938.0,68341656.0
2022-07-13,2.7706778943410026,2.8178527079874294,2.737824006265813,2.756356968769766,1608930.0,52799360.0
2022-07-14,2.756356968769766,2.8220647449201457,2.735296784106183,2.788368449458413,1383394.0,45574264.0
2022-07-15,2.768993079567916,2.813640671054712,2.7142365994425997,2.7428784505850734,1879962.0,61434344.0
2022-07-18,2.71929104376186,2.7782595608198926,2.6982308590982766,2.7521449318370497,1169045.0,38066724.0
2022-07-19,2.750460117063963,2.7647810426351995,2.71929104376186,2.760569005702483,890048.0,28956942.0
2022-07-20,2.760569005702483,2.8810332619781787,2.7428784505850734,2.859130669928052,2435085.0,81968336.0
2022-07-21,2.8574458551549657,2.8894573358436118,2.8304888187855792,2.8810332619781787,1685754.0,57496600.0
2022-07-22,2.8574458551549657,2.8936693727763285,2.7588841909293964,2.7673082647948295,1975186.0,65720488.0
2022-07-25,2.7673082647948295,2.8869301136839822,2.7293999324003795,2.7336119693330967,1957516.0,64505984.0
2022-07-26,2.71929104376186,2.792580486391129,2.6822251187539536,2.781629190366066,1531789.0,49850160.0
2022-07-27,2.753829746610136,2.864185114247312,2.750460117063963,2.8372280778779255,1853064.0,62404316.0
2022-07-28,2.849021781289532,2.921468816532258,2.8304888187855792,2.9088327057341083,2940146.0,100983488.0
2022-07-29,2.8919845580032417,2.9088327057341083,2.7807867829795225,2.796792523323846,2074117.0,69579168.0
2022-08-01,2.864185114247312,3.0495147392868445,2.7293999324003795,3.0141336290520244,6297283.0,220577024.0
2022-08-02,3.0132912216654812,3.0461451097406704,2.9408441864227544,2.968643630178685,4176296.0,147913872.0
2022-08-03,2.949268260288188,3.0486723319003004,2.8894573358436118,2.9037782614148484,3956257.0,138874608.0
2022-08-04,2.914729557439912,2.946741038128558,2.826276781852862,2.8726091881127456,2654630.0,90584544.0
2022-08-05,2.8894573358436118,3.0495147392868445,2.8683971511800284,3.0360362211021505,4104628.0,145952176.0
2022-08-08,3.0360362211021505,3.041090665421411,2.8894573358436118,2.9610619636997946,3816681.0,133628792.0
2022-08-09,2.9736980744979444,2.9736980744979444,2.8734515954992887,2.9063054835744784,2840319.0,97923680.0
2022-08-10,2.8869301136839822,2.907990298347565,2.7799443755929794,2.795107708550759,4076204.0,136596192.0
2022-08-11,2.7866836346853257,2.792580486391129,2.626626231242094,2.792580486391129,8707653.0,279206752.0
2022-08-12,2.737824006265813,2.7622538204755696,2.70665493296371,2.7125517846695133,4417825.0,143022512.0
2022-08-15,2.7125517846695133,2.736139191492726,2.66621937840963,2.7336119693330967,2709450.0,87277144.0
2022-08-16,2.7336119693330967,2.7462480801312465,2.69654604432519,2.7117093772829697,1462828.0,47319612.0
2022-08-17,2.7074973403502534,2.7260303028542063,2.66621937840963,2.702442896030993,1980092.0,63342456.0
2022-08-18,2.7083397477367965,2.7083397477367965,2.670431415342347,2.683067526140497,1950089.0,62040400.0
2022-08-19,2.670431415342347,2.8279615966259493,2.662007341476914,2.72181826592149,4160325.0,135792288.0
2022-08-22,2.7091821551233397,2.72181826592149,2.6594801193172835,2.71929104376186,2319394.0,73939328.0
2022-08-23,2.70412771080408,2.7285575250138363,2.67885548920778,2.6957036369386467,1264871.0,40546488.0
2022-08-24,2.718448636375317,2.718448636375317,2.6493712306787636,2.6906491926193867,1633182.0,51880016.0
2022-08-25,2.6796978965943232,2.69654604432519,2.6535832676114803,2.694861229552103,1330339.0,42293804.0
2022-08-26,2.6898067852328436,2.73445437671964,2.678013081821237,2.69149160000593,2158154.0,69178448.0
2022-08-29,2.637577527267157,2.7293999324003795,2.6367351198806137,2.7074973403502534,1950894.0,62401812.0
2022-08-30,2.760569005702483,2.858288262541509,2.7336119693330967,2.785841227298783,5769537.0,192667984.0
2022-08-31,2.7647810426351995,2.8439673369702723,2.7647810426351995,2.805216597189279,3255942.0,108583816.0
2022-09-01,2.825434374466319,2.931577705170778,2.771520301727546,2.9029358540283052,5143555.0,175384304.0
2022-09-02,2.9349473347169517,2.966116408019055,2.9063054835744784,2.915571964826455,5108115.0,178004080.0
2022-09-05,2.899566224482132,2.931577705170778,2.789210856844956,2.806901411962366,4517894.0,151795728.0
2022-09-06,2.805216597189279,2.8338584483317524,2.740351228425443,2.788368449458413,2798412.0,92636912.0
2022-09-07,2.7959501159373024,2.7959501159373024,2.7108669698964265,2.72181826592149,2037883.0,66337296.0
2022-09-08,2.7125517846695133,2.7420360431985293,2.683067526140497,2.699915673871363,2224874.0,71593808.0
2022-09-09,2.70412771080408,2.7875260420718697,2.683067526140497,2.7673082647948295,2406522.0,78489664.0
2022-09-13,2.7656234500217427,2.7740475238871762,2.7125517846695133,2.72434548808112,1828933.0,59574628.0
2022-09-14,2.7100245625098833,2.851549003449162,2.6881219704597568,2.8220647449201457,3061293.0,101254176.0
2022-09-15,2.8389128926510123,2.917256779599542,2.807743819348909,2.881875669364722,5125146.0,175479504.0
2022-09-16,2.8532338182222485,2.8532338182222485,2.593772343166904,2.593772343166904,10620555.0,332032256.0
2022-09-19,2.535646233495415,2.609778083511227,2.4766777164373814,2.553336788612824,5605077.0,169091344.0
2022-09-20,2.553336788612824,2.5786090102091244,2.5053195675798547,2.5246949374703513,3086078.0,92684024.0
2022-09-21,2.5263797522434377,2.560076047705171,2.449720680067995,2.5145860488318315,3323411.0,98924104.0
2022-09-22,2.5145860488318315,2.5145860488318315,2.4505630874545385,2.4640416056392316,2140219.0,62759212.0
2022-09-23,2.4707808647315783,2.5179556783780046,2.413497162446632,2.480047345983555,2119347.0,62486568.0
2022-09-26,2.4505630874545385,2.5230101226972645,2.4505630874545385,2.481732160756642,1149875.0,34027720.0
2022-09-27,2.4758353090508383,2.6611649340903702,2.4758353090508383,2.647686415905677,3517054.0,107783376.0
2022-09-28,2.6485288232922204,2.6957036369386467,2.6274686386286374,2.6493712306787636,2742715.0,86794720.0
2022-09-29,2.715921414215687,2.795107708550759,2.6460016011325904,2.7100245625098833,3639466.0,117528976.0
2022-09-30,2.7133941920560565,2.737824006265813,2.68138271136741,2.703285303417537,2128194.0,68693064.0
2022-10-10,2.703285303417537,2.768993079567916,2.67632826704815,2.70412771080408,3857656.0,124214544.0
2022-10-11,2.669589007955804,2.7462480801312465,2.669589007955804,2.7285575250138363,2504570.0,80900984.0
2022-10-12,2.7235030806945764,2.7799443755929794,2.670431415342347,2.7799443755929794,2823961.0,91363552.0
2022-10-13,2.7799443755929794,2.968643630178685,2.7799443755929794,2.9138871500533687,6093073.0,210827376.0
2022-10-14,2.9197840017591714,2.965274000632512,2.8894573358436118,2.9037782614148484,7828814.0,272176768.0
2022-10-17,2.930735297784235,2.9989702960942446,2.9138871500533687,2.969486037565228,7897255.0,277982272.0
2022-10-18,2.972013259724858,3.0301393693963474,2.9273656682380618,2.9964430739346146,5061164.0,180448832.0
2022-10-19,3.005709555186591,3.0124488142789376,2.851549003449162,2.876821225045462,5116274.0,175640080.0
2022-10-20,2.8759788176589187,3.062993257471537,2.8599730773145957,2.9736980744979444,7000002.0,247432464.0
2022-10-21,2.9703284449517713,3.041090665421411,2.9408441864227544,3.0082367773462213,5108340.0,182702160.0
2022-10-24,3.0326665915559774,3.0461451097406704,2.931577705170778,2.9568499267670783,4598825.0,162029024.0
2022-10-25,2.9484258529016447,3.007394369959678,2.8877725210705254,2.917256779599542,2777710.0,96594472.0
2022-10-26,2.905463076187935,3.0309817767828906,2.8886149284570686,3.0023399256404177,5333579.0,189579712.0
2022-10-27,2.9913886296153542,3.046987517127214,2.9231536313053454,3.0208728881443707,5253139.0,187658416.0
2022-10-28,3.0200304807578275,3.0714173313369706,2.914729557439912,2.9400017790362116,3500216.0,124177872.0
2022-10-31,2.9484258529016447,3.007394369959678,2.864185114247312,2.9602195563132514,4294679.0,151032048.0
2022-11-01,2.953480297220905,3.0562539983791908,2.883560484137808,2.9956006665480714,4310578.0,151365056.0
2022-11-02,3.0191880733712844,3.234844364326376,2.9501106676747315,3.1691365881759963,10105419.0,379359456.0
2022-11-03,3.163239736470193,3.2011480688646428,3.0882654790678368,3.1152225154372233,4452927.0,165437168.0
2022-11-04,3.113537700664137,3.2516925120572426,3.092477516000554,3.18008788420106,7492206.0,283097472.0
2022-11-07,3.1691365881759963,3.1817726989741466,2.977910111430661,3.0655204796311675,7760601.0,281947040.0
2022-11-08,3.0453027023541273,3.0680477017907974,2.931577705170778,3.0680477017907974,4016597.0,144294848.0
2022-11-09,3.0343514063290646,3.1379675148738935,3.0132912216654812,3.097531960319814,3577831.0,131406040.0
2022-11-10,3.0722597387235138,3.1666093660163668,3.057938813152277,3.1034288120256175,2905688.0,107625088.0
2022-11-11,3.14217955180661,3.2230506609147693,3.057938813152277,3.0663628870177106,6105139.0,227224096.0
2022-11-14,3.0646780722446243,3.3729991757194817,3.0360362211021505,3.3729991757194817,21647650.0,856472512.0
2022-11-15,3.4378645444833182,3.6223517621363066,3.3527813984424415,3.4471310257352945,17039558.0,697795584.0
2022-11-16,3.421016396752451,3.5237900979107373,3.3401452876442916,3.4454462109622077,8853606.0,362195424.0
2022-11-17,3.435337322323688,3.6307758360017397,3.411749915500475,3.5996067626996364,10997890.0,465417696.0
2022-11-18,3.5650680598513604,3.6560480575980394,3.4538702848276412,3.5524319490532106,8849808.0,375109696.0
2022-11-21,3.3755263978791117,3.500202691087524,3.258431771149589,3.452185470054554,12020311.0,483390208.0
2022-11-22,3.3890049160638047,3.5136812092722174,3.325824362073055,3.3721567683329385,6126082.0,248618016.0
2022-11-23,3.3713143609463954,3.418489174592821,3.2449532529648963,3.335090843325032,5003465.0,197030976.0
2022-11-24,3.364575101854048,3.4033258416350414,3.2980249183171253,3.367102324013678,3286437.0,131236408.0
2022-11-25,3.367102324013678,3.367102324013678,3.2415836234187223,3.2794919558131723,4583425.0,178090976.0
2022-11-28,3.258431771149589,3.3721567683329385,3.2011480688646428,3.3435149171904652,7392352.0,290891680.0
2022-11-29,3.297182510930582,3.544007875187777,3.292970473997866,3.474930469491224,7847291.0,320603776.0
2022-11-30,3.423543618912081,3.6215093547497634,3.3923745456099783,3.4943058393817203,8165487.0,340364928.0
2022-12-01,3.689744353059772,3.843904904797202,3.3359332507115753,3.619824539976676,14148242.0,598174208.0
2022-12-02,3.538111023481974,3.7158589820426156,3.538111023481974,3.65099361327878,6748689.0,291981056.0
2022-12-05,3.7487128701178056,3.927303236064991,3.64846639111915,3.755452129210152,11190191.0,500451904.0
2022-12-06,3.7445008331850893,3.7453432405716325,3.452185470054554,3.4951482467682644,12901100.0,546764224.0
2022-12-07,3.446288618348751,3.5170508388183905,3.3704719535598513,3.4968330615413508,8668645.0,356641792.0
2022-12-08,3.521262875751107,3.666999353623103,3.5010450984740675,3.6122428734977867,9100235.0,385523232.0
2022-12-09,3.5987643553130932,3.7621913883024987,3.5296869496165404,3.724283055908049,8380633.0,365836544.0
2022-12-12,3.708277315563726,3.8750739780993047,3.7065925007906393,3.7731426843275617,10803332.0,485487680.0
2022-12-13,3.8186326832009017,3.8371656457048546,3.5701225041706204,3.5928675036072897,9482439.0,410468672.0
2022-12-14,3.5928675036072897,3.635830280320999,3.491778617222091,3.581916207582227,9949243.0,418925760.0
2022-12-15,3.5802313928091403,3.6181397252035903,3.522105283137651,3.54485028257432,5522095.0,232504960.0
2022-12-16,3.521262875751107,3.56254083769173,3.477457691650854,3.5263173200703672,5142113.0,214093216.0
2022-12-19,3.528002134843454,3.559171208145557,3.2954976961574953,3.328351584232685,11537944.0,459509248.0
2022-12-20,3.328351584232685,3.364575101854048,3.2306323273936597,3.2853888075189754,5894424.0,229505632.0
2022-12-21,3.272752696720826,3.3081338069556456,3.239898808645636,3.275279918880456,2877300.0,111708768.0
2022-12-22,3.2845464001324323,3.2980249183171253,3.133755477941177,3.1581852921509332,7194664.0,272268576.0
2022-12-23,3.161554921697107,3.2011480688646428,3.123646589302657,3.1851423285203198,3454055.0,129961152.0
2022-12-26,3.1750334398817994,3.2390564012590928,3.1430219591931534,3.1573428847643896,3766075.0,142763952.0
2022-12-27,3.1767182546548867,3.1767182546548867,3.0848958495216636,3.1514460330585865,5261191.0,195467472.0
2022-12-28,3.15481566260476,3.2255778830743993,3.11690733021031,3.1716638103356263,5653999.0,212944272.0
2022-12-29,3.170821402949083,3.4639791734661607,3.148076403512413,3.4066954711812145,11146297.0,444840768.0
2022-12-30,3.361205472307875,3.4378645444833182,3.3030793626363857,3.4092226933408445,5254716.0,211660400.0
2023-01-03,3.4092226933408445,3.6560480575980394,3.4092226933408445,3.6122428734977867,9088880.0,385388576.0
2023-01-04,3.613927688270873,3.62319416952285,3.521262875751107,3.6021339848592664,4718672.0,199819536.0
2023-01-05,3.6223517621363066,3.689744353059772,3.5372686160954308,3.5987643553130932,4303635.0,184296704.0
2023-01-06,3.5827586149687702,3.5987643553130932,3.4825121359701146,3.5852858371284,3878245.0,163334016.0
2023-01-09,3.5659104672379036,3.60297639224581,3.508626764952957,3.5364262087088867,3489742.0,146779120.0
2023-01-10,3.5423230604146903,3.5709649115571636,3.486724172902831,3.508626764952957,2852696.0,119393952.0
2023-01-11,3.5044147280202407,3.5170508388183905,3.4538702848276412,3.5044147280202407,4039589.0,167324608.0
2023-01-12,3.4648215808527043,3.4993602837009807,3.411749915500475,3.4808273211970278,3900770.0,160073504.0
2023-01-13,3.492621024608634,3.561698430305187,3.437022137096774,3.538111023481974,3342955.0,138886624.0
2023-01-16,3.538111023481974,3.597079540540007,3.4319676927775147,3.470718432558508,4659101.0,192982256.0
2023-01-17,3.4538702848276412,3.5608560229186437,3.4378645444833182,3.4825121359701146,3084016.0,127898024.0
2023-01-18,3.4580823217603576,3.512838801885674,3.416804359819735,3.469033617785421,2583422.0,106407008.0
2023-01-19,3.486724172902831,3.5886554666745734,3.4547126922141844,3.470718432558508,3264958.0,136034240.0
2023-01-20,3.455555099600728,3.5675952820109904,3.4412341740294914,3.461451951306531,3713364.0,153476304.0
2023-01-30,3.4943058393817203,3.4943058393817203,3.293812881384409,3.3022369552498425,8199389.0,325414720.0
2023-01-31,3.287916029678606,3.3679447314002213,3.2778071410400855,3.325824362073055,4354621.0,172449840.0
2023-02-01,3.289600844451692,3.376368805265655,3.289600844451692,3.3367756580981185,3709187.0,146711296.0
2023-02-02,3.3359332507115753,3.3940593603830647,3.294655288770952,3.3207699177537955,3604304.0,142906656.0
2023-02-03,3.308976214342189,3.308976214342189,3.2112569575031626,3.2390564012590928,4081090.0,157088544.0
2023-02-06,3.255904548989959,3.275279918880456,3.184299921133776,3.2045176984108164,3117277.0,118846528.0
2023-02-07,3.2104145501166195,3.2281051052340293,3.1388099222604366,3.1531308478316733,3175565.0,119473696.0
2023-02-08,3.1438643665796966,3.189354365453036,3.126173811462287,3.1345978853277203,3723069.0,139181824.0
2023-02-09,3.126173811462287,3.2011480688646428,3.1067984415717906,3.18766955067995,3431996.0,128922344.0
2023-02-10,3.189354365453036,3.2264202904609425,3.15228844044513,3.21799621659551,3450732.0,130908368.0
2023-02-13,3.2163114018224226,3.2862312149055186,3.1767182546548867,3.1885119580664933,3687423.0,140628912.0
2023-02-14,3.1910391802261233,3.2390564012590928,3.1758758472683435,3.224735475687856,2956235.0,112668760.0
2023-02-15,3.224735475687856,3.2542197342168726,3.203675291024273,3.234001956939833,2585833.0,99163816.0
2023-02-16,3.4622943586930743,3.5490623195070374,3.2862312149055186,3.327509176846142,15062349.0,614895808.0
2023-02-17,3.291285659224779,3.4943058393817203,3.2483228825110695,3.398271397315782,8161172.0,330944960.0
2023-02-20,3.378896027425285,3.448815840508381,3.3527813984424415,3.379738434811828,3885656.0,156242384.0
2023-02-21,3.3704719535598513,3.402483434248498,3.243268438191809,3.3182426955941655,5171380.0,203189792.0
2023-02-22,3.2853888075189754,3.407537878567758,3.268540659788109,3.327509176846142,3939445.0,156351072.0
2023-02-23,3.332563621165402,3.3376180654846617,3.268540659788109,3.2980249183171253,2507267.0,98079328.0
2023-02-24,3.297182510930582,3.322454732526882,3.2702254745611956,3.292128066611322,1778619.0,69626680.0
2023-02-27,3.3081338069556456,3.383950471744545,3.260116585922676,3.330036399005772,3561649.0,140857408.0
2023-02-28,3.345199731963552,3.4159619524331912,3.293812881384409,3.3906897308368915,3256553.0,130367176.0
2023-03-01,3.379738434811828,3.405010656408128,3.3232971399134255,3.3334060285519453,2045397.0,81208880.0
2023-03-02,3.3359332507115753,3.348569361509725,3.2862312149055186,3.3005521404767557,1437656.0,56451792.0
2023-03-03,3.3005521404767557,3.324981954686512,3.2542197342168726,3.260116585922676,1596069.0,62114144.0
2023-03-06,3.2702254745611956,3.2769647336535423,3.21799621659551,3.2415836234187223,2530583.0,97374808.0
2023-03-07,3.2323171421667456,3.268540659788109,3.1901967728395793,3.1927239949992097,2333739.0,89445272.0
2023-03-08,3.1851423285203198,3.2112569575031626,3.164082143856737,3.1977784393184696,1632302.0,61896152.0
2023-03-09,3.1977784393184696,3.214626587049336,3.168294180789453,3.206202513183903,1865142.0,70767856.0
2023-03-10,3.184299921133776,3.2003056614780996,3.130385848395003,3.145549181352784,1815808.0,67888296.0
2023-03-13,3.1287010336219168,3.2137841796627926,3.10932566373142,3.1969360319319264,3185105.0,120159984.0
2023-03-14,3.1969360319319264,3.2163114018224226,3.1447067739662398,3.1741910324952562,1942582.0,73222896.0
2023-03-15,3.1969360319319264,3.2643286228553925,3.1506036256720433,3.247480475124526,3069291.0,117242528.0
2023-03-16,3.2095721427300763,3.271067881947739,3.1851423285203198,3.2441108455783523,3012730.0,115403408.0
2023-03-17,3.259274178536132,3.268540659788109,3.16492455124328,3.16997899556254,4345947.0,164972336.0
2023-03-20,3.1691365881759963,3.1725062177221695,3.0587812205388207,3.1438643665796966,3436842.0,126932688.0
2023-03-21,3.1438643665796966,3.2129417722762494,3.1253314040757436,3.2070449205704463,2249621.0,85177128.0
2023-03-22,3.2163114018224226,3.239898808645636,3.16239732908365,3.1758758472683435,2096122.0,79598440.0
2023-03-23,3.1565004773778464,3.1725062177221695,3.091635108614011,3.126173811462287,3185763.0,117834440.0
2023-03-24,3.1219617745295705,3.163239736470193,3.10427121941216,3.11185288589105,2282969.0,84809512.0
2023-03-27,3.11185288589105,3.1497612182855,3.062993257471537,3.13207066316809,1907932.0,70636960.0
2023-03-28,3.1202769597564837,3.281176770586259,3.111010478504507,3.2491652898976127,6404406.0,245778320.0
2023-03-29,3.2651710302419357,3.2668558450150225,3.1758758472683435,3.201990476251186,4230892.0,161048320.0
2023-03-30,3.2137841796627926,3.214626587049336,3.130385848395003,3.16239732908365,3154890.0,118304576.0
2023-03-31,3.15481566260476,3.1944088097722965,3.1219617745295705,3.1531308478316733,3155086.0,118264768.0
2023-04-03,3.16745177340291,3.16745177340291,2.8557610403818785,2.9189415943726282,14160282.0,489503808.0
2023-04-04,2.8894573358436118,2.972013259724858,2.864185114247312,2.952637889834361,6727126.0,232841472.0
2023-04-06,2.9416865938092984,3.041090665421411,2.923996038691888,2.9989702960942446,5668924.0,201859056.0
2023-04-07,3.0014975182538746,3.028454554623261,2.982122148363378,3.009079184732764,2882694.0,102956440.0
2023-04-10,3.003182333026961,3.0562539983791908,2.9298928903976917,3.0326665915559774,4046829.0,143494224.0
2023-04-11,3.0326665915559774,3.1750334398817994,3.009921592119307,3.0832110347485773,5974075.0,219328144.0
2023-04-12,3.097531960319814,3.1396523296469803,3.0503571466733876,3.0646780722446243,2294790.0,84137416.0
2023-04-13,3.0503571466733876,3.1194345523699405,3.038563443261781,3.100901589865987,2388609.0,87724768.0
2023-04-14,3.107640848958334,3.1287010336219168,3.0292969620098043,3.0335089989425206,2782986.0,101003400.0
2023-04-17,3.0166608512116544,3.0478299245137572,2.969486037565228,3.0132912216654812,3868551.0,137564640.0
2023-04-18,3.0048671478000477,3.0242425176905443,2.937474556876581,2.9593771489267082,3404127.0,119951992.0
2023-04-19,2.9619043710863378,2.9787525188172044,2.8852452989108954,2.9138871500533687,2432148.0,84052432.0
2023-04-20,2.9138871500533687,2.946741038128558,2.8363856704913823,2.8473369665164454,2207612.0,75139120.0
2023-04-21,2.8473369665164454,2.897039002322502,2.7934228937776724,2.797634930710389,6348727.0,213311184.0
2023-04-24,2.825434374466319,2.8557610403818785,2.7799443755929794,2.833016040945209,4063057.0,136527072.0
2023-04-25,2.8279615966259493,2.876821225045462,2.7807867829795225,2.843124929583729,3738745.0,125458136.0
2023-04-26,2.8389128926510123,2.9231536313053454,2.8389128926510123,2.8810332619781787,4088651.0,140075376.0
2023-04-27,2.899566224482132,2.992231037001898,2.8726091881127456,2.977910111430661,3529245.0,123973064.0
2023-04-28,2.9787525188172044,2.988019000069181,2.897881409709045,2.935789742103495,4004878.0,139218240.0
2023-05-04,2.949268260288188,3.039405850648324,2.9164143722129983,3.003182333026961,5608450.0,199845712.0
2023-05-05,2.9913886296153542,3.023400110304001,2.9484258529016447,3.004024740413504,4331222.0,153785616.0
2023-05-08,3.004024740413504,3.004024740413504,2.9046206688013916,2.921468816532258,4077871.0,142052576.0
2023-05-09,2.8902997432301554,2.918099186986085,2.845652151743359,2.8726091881127456,2868733.0,98187704.0
2023-05-10,2.865027521633855,2.8726091881127456,2.7984773380969323,2.844809744356816,2879396.0,96774480.0
2023-05-11,2.841440114810642,2.8726091881127456,2.781629190366066,2.796792523323846,2777000.0,92540272.0
2023-05-12,2.7807867829795225,2.8566034477684217,2.7706778943410026,2.811113448895082,2303153.0,77210984.0
2023-05-15,2.811955856281626,2.8338584483317524,2.7774171534333494,2.822907152306689,2417748.0,80647696.0
2023-05-16,2.8321736335586656,2.8321736335586656,2.771520301727546,2.794265301164216,3202078.0,106081728.0
2023-05-17,2.8026893750296495,2.8026893750296495,2.737824006265813,2.779101968206436,3703520.0,121459784.0
2023-05-18,2.7774171534333494,2.794265301164216,2.7268727102407495,2.751302524450506,3369476.0,109903056.0
2023-05-19,2.7588841909293964,2.8220647449201457,2.740351228425443,2.8195375227605157,5174588.0,171141056.0
2023-05-22,2.804374189802736,2.881875669364722,2.790895671618043,2.8439673369702723,4514852.0,152750144.0
2023-05-23,2.861657892087682,2.8852452989108954,2.8321736335586656,2.833016040945209,2756404.0,93667888.0
2023-05-24,2.829646411399036,2.8473369665164454,2.7630962278621127,2.7706778943410026,2147243.0,71015216.0
2023-05-25,2.7799443755929794,2.789210856844956,2.7074973403502534,2.7428784505850734,2894255.0,94120960.0
2023-05-26,2.7285575250138363,2.7782595608198926,2.718448636375317,2.7639386352486564,2323759.0,75862192.0
2023-05-29,2.760569005702483,2.805216597189279,2.747932894904333,2.776574746046806,3270226.0,107733456.0
2023-05-30,2.7664658574082863,2.807743819348909,2.7293999324003795,2.773205116500633,3037172.0,99654728.0
2023-05-31,2.7597265983159396,2.7824715977526093,2.7293999324003795,2.7496177096774197,2677159.0,87343568.0
2023-06-01,2.7462480801312465,2.775732338660263,2.71929104376186,2.73698159887927,4250875.0,138581840.0
2023-06-02,2.73698159887927,2.751302524450506,2.70665493296371,2.7083397477367965,2500178.0,80643216.0
2023-06-05,2.7007580812579066,2.750460117063963,2.662007341476914,2.73698159887927,3541870.0,114265984.0
2023-06-06,2.736139191492726,2.736139191492726,2.6342078977209837,2.6561104897711103,4064099.0,128784704.0
2023-06-07,2.6392623420402437,2.662007341476914,2.5946147505534474,2.617359749990117,3637213.0,112744792.0
2023-06-08,2.622414194309377,2.626626231242094,2.5946147505534474,2.608093268738141,1799572.0,55679348.0
2023-06-09,2.6030388244188805,2.6392623420402437,2.5786090102091244,2.5887178988476442,2512392.0,77628664.0
2023-06-12,2.5836634545283843,2.67885548920778,2.5718697511167776,2.6460016011325904,4894602.0,153067648.0
2023-06-13,2.6434743789729604,2.670431415342347,2.5979843800996205,2.6207293795362907,3063250.0,95241008.0
2023-06-14,2.6156749352170308,2.812798263668169,2.603881231805424,2.743720857971616,10870508.0,353828800.0
2023-06-15,2.7133941920560565,2.7597265983159396,2.70160048864445,2.722660673308033,5980862.0,192969600.0
2023-06-16,2.7133941920560565,2.727715117627293,2.645159193746047,2.6535832676114803,3979920.0,126550944.0
2023-06-19,2.6518984528383935,2.6518984528383935,2.5626032698648014,2.5769241954360376,6404684.0,196774976.0
2023-06-20,2.5743969732764076,2.6182021573766603,2.5743969732764076,2.5878754914611006,5107722.0,157562240.0
2023-06-21,2.5819786397552975,2.6030388244188805,2.552494381226281,2.556706418158998,3441327.0,104717336.0
2023-06-26,2.549967159066651,2.5743969732764076,2.5145860488318315,2.5339614187223276,3433411.0,103374072.0
2023-06-27,2.5407006778146743,2.593772343166904,2.5230101226972645,2.539015863041588,3389914.0,102539384.0
2023-06-28,2.544912714747391,2.577766602822581,2.518798085764548,2.5297493817896113,3167932.0,95504560.0
2023-06-29,2.5272221596299813,2.5693425289571477,2.4893138272355317,2.498580308487508,5556953.0,165742592.0
2023-06-30,2.5019499380336816,2.551651973839738,2.498580308487508,2.5145860488318315,4145996.0,124365168.0
2023-07-03,2.5162708636049183,2.541543085201218,2.5019499380336816,2.5213253079241777,3680134.0,110057184.0
2023-07-04,2.5213253079241777,2.5246949374703513,2.434557347110215,2.4682536425719483,7551898.0,220770512.0
2023-07-05,2.4556175317737985,2.483416975529728,2.4514054948410817,2.4631991982526884,3793835.0,111036064.0
2023-07-06,2.444666235748735,2.4556175317737985,2.4092851255139154,2.4193940141524353,4041199.0,116411392.0
2023-07-07,2.8620656002157396,2.897764921672458,2.8620656002157396,2.887565115541967,2747955.0,77632304.0
2023-07-10,2.891645037994164,2.922244456385636,2.8712454257331816,2.9079647278029492,3605788.0,102616328.0
2023-07-11,2.917144553320391,2.917144553320391,2.8732853869592803,2.9079647278029492,3646563.0,103299360.0
2023-07-12,2.9059247665768506,2.9079647278029492,2.8753253481853784,2.882465212476722,3032470.0,85831408.0
2023-07-13,2.887565115541967,2.942644068646618,2.8753253481853784,2.922244456385636,4554923.0,130738648.0
2023-07-14,2.917144553320391,2.926324378837833,2.8171864532415802,2.8273862593720707,7151998.0,199873248.0
2023-07-17,2.826366278759022,2.835546104276464,2.78352709301096,2.8192264144676784,3682695.0,101442864.0
2023-07-18,2.8141265114024328,2.8171864532415802,2.790666957302304,2.8100465889502364,3077252.0,84579792.0
2023-07-19,2.7947468797545,2.849825832859151,2.7865870348501076,2.804946685884991,2745463.0,75566864.0
2023-07-20,2.8171864532415802,2.8324861624373163,2.788626996076206,2.7927069185284017,3389905.0,93372840.0
2023-07-21,2.7927069185284017,2.8233063369198748,2.753947655232537,2.8059666664980405,4346390.0,119194864.0
2023-07-24,2.793726899141451,2.83962602672866,2.779447170558764,2.8192264144676784,4262003.0,117825648.0
2023-07-25,2.82840623998512,2.8549257359243962,2.8141265114024328,2.837586065502562,5282635.0,146725696.0
2023-07-26,2.837586065502562,2.894704979833311,2.8233063369198748,2.8681854838940346,5517147.0,155055696.0
2023-07-27,2.8732853869592803,2.894704979833311,2.8508458134722,2.859005658376593,3736445.0,105167120.0
2023-07-28,2.8508458134722,2.9110246696420963,2.8457459104069542,2.9008248635116054,4889340.0,138569264.0
2023-07-31,2.915104592094292,2.9242844176117346,2.8671655032809853,2.9049047859638017,5393801.0,153182144.0
2023-08-01,2.9028648247377036,2.915104592094292,2.872265406346231,2.894704979833311,3670330.0,103958624.0
2023-08-02,2.8967449410594086,2.9079647278029492,2.8671655032809853,2.886545134928918,3351291.0,94687360.0
2023-08-03,2.8692054645070835,3.003842905429563,2.8681854838940346,2.9956830605251707,11000848.0,319514976.0
2023-08-04,3.0089428084948087,3.009962789107858,2.932444262516127,2.9497839329379616,8519591.0,247329776.0
2023-08-07,2.9385641461944214,2.947743971711863,2.886545134928918,2.894704979833311,4568866.0,129912336.0
2023-08-08,2.8967449410594086,2.977323409490287,2.870225445120133,2.947743971711863,8125278.0,234107680.0
2023-08-09,2.9528438747771086,2.968143583972845,2.912044650255145,2.9446840298727164,3974375.0,114641264.0
2023-08-10,2.9446840298727164,2.947743971711863,2.894704979833311,2.9140846114812433,3466480.0,99078144.0
2023-08-11,2.912044650255145,2.9375441655813725,2.8671655032809853,2.872265406346231,4848658.0,137804640.0
2023-08-14,2.8661455226679364,2.9018448441246543,2.795766860367549,2.897764921672458,4983664.0,139485504.0
2023-08-15,2.882465212476722,2.9630436809075995,2.8559457165374456,2.934484223742225,5856609.0,168102784.0
2023-08-16,2.9273443594508817,2.9875232156207776,2.886545134928918,2.894704979833311,7149297.0,205907648.0
2023-08-17,2.8559457165374456,2.894704979833311,2.837586065502562,2.8681854838940346,4669490.0,131057928.0
2023-08-18,2.8732853869592803,2.880425251250623,2.723348236841064,2.723348236841064,8810692.0,239069360.0
2023-08-21,2.719268314388868,2.7733272868804693,2.6958087602887386,2.7039686051931318,4875427.0,130290688.0
2023-08-22,2.7039686051931318,2.720288295001917,2.6040105051143208,2.6682692837364135,6453548.0,167417088.0
2023-08-23,2.651949593927628,2.687648915384346,2.632569962279695,2.6346099235057934,3529880.0,92135344.0
2023-08-24,2.6131903306317628,2.662149400058119,2.5795309704011427,2.6356299041188427,4947716.0,126959320.0
2023-08-25,2.6264500786014007,2.6468496908623824,2.5999305826621244,2.6121703500187134,3382547.0,86715008.0
2023-08-28,2.7325280623585058,2.7417078878759473,2.57137112549675,2.59381069898383,5497447.0,141980512.0
2023-08-29,2.573411086722848,2.6590894582189715,2.573411086722848,2.6448097296362842,5593033.0,144247216.0
2023-08-30,2.6417497877971368,2.6815290317060514,2.606050466340419,2.617270253083959,4442170.0,114606968.0
2023-08-31,2.592790718370781,2.6417497877971368,2.57137112549675,2.617270253083959,5901137.0,150713088.0
2023-09-01,2.6101303887926153,2.6386898459579897,2.5764710285619956,2.5917707377577317,4791844.0,121870400.0
2023-09-04,2.592790718370781,2.606050466340419,2.5499515326227193,2.5621912999793084,8108314.0,203736928.0
2023-09-05,2.56015133875321,2.5754510479489463,2.53771176526613,2.5499515326227193,6620485.0,165661008.0
2023-09-06,2.5428116683313755,2.559131358140161,2.5254719979095412,2.5326118622008846,3968324.0,98765800.0
2023-09-07,2.5295519203617376,2.5295519203617376,2.468353083578792,2.4856927540006266,5855908.0,143028096.0
2023-09-08,2.4836527927745284,2.4928326182919704,2.4591732580613503,2.464273161126596,3991038.0,96675200.0
2023-09-11,2.464273161126596,2.585650854079437,2.4612132192874485,2.5550514356879646,9879028.0,245773664.0
2023-09-12,2.551991493848817,2.6590894582189715,2.5315918815878358,2.6386898459579897,9821983.0,252867888.0
2023-09-13,2.6397098265710386,2.7151883919366715,2.61625027247091,2.656029516379824,8825598.0,231291280.0
2023-09-14,2.6825490123191007,2.720288295001917,2.640729807184088,2.677449109253855,6904162.0,180851456.0
2023-09-15,2.665209341897266,2.7090685082583765,2.651949593927628,2.684588973545199,5677852.0,149531424.0
2023-09-18,2.6815290317060514,2.721308275614966,2.665209341897266,2.6886688959973952,4470630.0,117866184.0
2023-09-19,2.6743891674147076,2.7049885858061806,2.651949593927628,2.677449109253855,4800142.0,125675824.0
2023-09-20,2.679489070479953,2.7029486245800824,2.655009535766775,2.6825490123191007,3543916.0,93388040.0
2023-09-21,2.6743891674147076,2.6743891674147076,2.6193102143100573,2.6346099235057934,3921154.0,101387640.0
2023-09-22,2.6366498847318915,2.6570494969928733,2.588710795918584,2.651949593927628,4668038.0,120138856.0
2023-09-25,2.6437897490232354,2.6713292255755605,2.6111503694056646,2.6448097296362842,3148885.0,81706552.0
2023-09-26,2.6417497877971368,2.669289264349463,2.6223701561492043,2.629510020440548,2700534.0,69934320.0
2023-09-27,2.6142103112448116,2.642769768410186,2.609110408179566,2.623390136762253,4378471.0,112762648.0
2023-09-28,2.6254300979883514,2.6397098265710386,2.595850660209928,2.607070446953468,4023339.0,103097096.0
2023-10-09,2.6131903306317628,2.6193102143100573,2.545871610170523,2.5703511448837006,4816552.0,121373296.0
2023-10-10,2.561171319366259,2.618290233697008,2.5071123468746572,2.5081323274877065,5263831.0,130946288.0
2023-10-11,2.514252211166001,2.5846308734663883,2.509152308100756,2.5203720948442956,5209890.0,130035288.0
2023-10-12,2.5326118622008846,2.5652512418184554,2.511192269326854,2.5213920754573445,4621991.0,114528208.0
2023-10-13,2.5101722887138047,2.5448516295574737,2.5009924631963627,2.5275119591356394,3978328.0,98540520.0
2023-10-16,2.5305719009747865,2.5448516295574737,2.4591732580613503,2.4734529866440376,5079335.0,123553072.0
2023-10-17,2.476512928483185,2.4907926570658723,2.4479534713178106,2.47039304480489,4383527.0,105694056.0
2023-10-18,2.467333102965743,2.467333102965743,2.398994401891454,2.4173540529263375,4492790.0,106457088.0
2023-10-19,2.397974421278405,2.4469334907047613,2.3775748090174234,2.3918545376001106,3870138.0,90905760.0
2023-10-20,2.3775748090174234,2.4020543437306014,2.3694149641130307,2.3765548284043745,2969711.0,69314368.0
2023-10-23,2.362275099821687,2.385734653921816,2.326575778364969,2.3449354293998526,3626070.0,83507248.0
2023-10-24,2.3439154487868037,2.421433975378534,2.3306557008171653,2.3877746151479142,4609323.0,107603552.0
2023-10-25,2.3877746151479142,2.420413994765485,2.383694692695718,2.4091942080219453,4019218.0,94710928.0
2023-10-26,2.4040943049566996,2.4510134131569576,2.386754634534865,2.4438735488656143,3842473.0,91386288.0
2023-10-27,2.4377536651873193,2.578510989788094,2.427553859056829,2.5662712224315047,7187405.0,178028720.0
2023-10-30,2.621350175536155,2.651949593927628,2.573411086722848,2.6264500786014007,6597942.0,169235632.0
2023-10-31,2.6264500786014007,2.62747005921445,2.5621912999793084,2.588710795918584,4260495.0,107895744.0
2023-11-01,2.607070446953468,2.722328256228015,2.573411086722848,2.6682692837364135,10993303.0,287450848.0
2023-11-02,2.701928643967033,2.7478277715542423,2.6437897490232354,2.6478696714754317,6550070.0,171510160.0
2023-11-03,2.6682692837364135,2.7988268022066967,2.6478696714754317,2.7498677327803405,8431939.0,226545536.0
2023-11-06,2.7498677327803405,2.7753672481065674,2.733548042971555,2.7529276746194875,6609642.0,178579424.0
2023-11-07,2.759047558297782,2.7733272868804693,2.7264081786802112,2.7355880041976532,4879451.0,131551080.0
2023-11-08,2.7498677327803405,2.7876070154631565,2.7284481399063094,2.7876070154631565,6087467.0,165459840.0
2023-11-09,2.7733272868804693,2.8100465889502364,2.762107500136929,2.7855670542370583,3649388.0,99630656.0
2023-11-10,2.757007597071684,2.977323409490287,2.745787810328144,2.9528438747771086,16928324.0,483791200.0
2023-11-13,2.941624088033569,2.971203525811992,2.908984708415998,2.953863855390158,9766253.0,281767776.0
2023-11-14,2.954883836003207,3.1364403851259444,2.943664049259667,3.1038010055083736,16763006.0,504226304.0
2023-11-15,3.0915612381517845,3.0915612381517845,3.0191426146252995,3.0660617228255576,7779916.0,233088848.0
2023-11-16,3.050762013629821,3.0681016840516553,2.9936430992990726,2.9967030411382196,4984793.0,147664096.0
2023-11-17,2.9936430992990726,3.0283224401427415,2.968143583972845,2.998743002364318,3304147.0,96888976.0
2023-11-20,2.998743002364318,3.0670817034386064,2.9865032350077287,3.04056220749933,4752168.0,141199344.0
2023-11-21,3.036482285047134,3.080341451408245,3.0242425176905448,3.0344423238210356,4196408.0,125646552.0
2023-11-22,3.0344423238210356,3.0517819942428703,2.9722235064250415,2.977323409490287,3991895.0,117571328.0
2023-11-23,2.975283448264189,3.000782963590416,2.9579437778423543,2.9977230217512685,3284188.0,95987224.0
2023-11-24,3.0140427115600543,3.09666114121703,2.9875232156207776,3.0783014901821466,7664330.0,230021744.0
2023-11-27,3.1027810248953247,3.1527600749347298,3.0415821881123795,3.117060753478012,5974381.0,180928384.0
2023-11-28,3.0864613350865393,3.1211406759302083,3.0589218585342137,3.0864613350865393,3496588.0,105938112.0
2023-11-29,3.080341451408245,3.0864613350865393,2.998743002364318,3.0517819942428703,3518402.0,105185248.0
2023-11-30,3.059941839147263,3.127260559608503,3.0324023625949375,3.116040772864963,3930086.0,119036368.0
2023-12-01,3.1038010055083736,3.1211406759302083,3.049742033016772,3.0956411606039813,4650017.0,140302064.0
2023-12-04,3.0905412575387357,3.1109408697997174,3.0415821881123795,3.0762615289560484,2404691.0,72699184.0
2023-12-05,3.072181606503852,3.075241548342999,3.0242425176905448,3.0293424207557904,3253578.0,97307192.0
2023-12-06,3.0191426146252995,3.025262498303594,2.9273443594508817,2.975283448264189,7126743.0,207354048.0
2023-12-07,2.9732434870380904,2.991603138072974,2.920204495159538,2.9599837390684525,5237184.0,151371952.0
2023-12-08,2.9610037196815018,2.988543196233827,2.9375441655813725,2.954883836003207,3199719.0,92795584.0
2023-12-11,2.8559457165374456,2.988543196233827,2.8365660848895127,2.9620237002945506,4556173.0,131661416.0
2023-12-12,2.982423312555532,2.9926231186860233,2.9375441655813725,2.976303428877238,1930801.0,56156232.0
2023-12-13,2.9579437778423543,2.9926231186860233,2.9273443594508817,2.933464243129176,2401649.0,69547744.0
2023-12-14,2.9620237002945506,2.988543196233827,2.9273443594508817,2.9314242819030776,2343863.0,67907200.0
2023-12-15,2.9314242819030776,2.954883836003207,2.8926650186072127,2.9059247665768506,2635349.0,75373320.0
2023-12-18,2.88450517370282,2.9242844176117346,2.8834851930897707,2.9140846114812433,2691842.0,76648288.0
2023-12-19,2.8987849022855072,2.922244456385636,2.874305367572329,2.899804882898556,2667278.0,75572560.0
2023-12-20,2.9059247665768506,3.003842905429563,2.893684999220262,2.955903816616256,4709073.0,136665104.0
2023-12-21,2.9406041074205196,2.9508039135510105,2.8967449410594086,2.9395841268074707,4601670.0,132062168.0
2023-12-22,2.933464243129176,3.0069028472687105,2.92938432067698,2.9599837390684525,5311868.0,155001216.0
2023-12-25,2.9599837390684525,3.017102653399201,2.9375441655813725,2.9956830605251707,3457490.0,101007152.0
2023-12-26,2.9844632737816306,3.0079228278817594,2.9395841268074707,2.9630436809075995,2272587.0,66158144.0
2023-12-27,2.9518238941640598,3.1007410636692265,2.9375441655813725,3.0681016840516553,6939076.0,206474448.0
2023-12-28,3.075241548342999,3.080341451408245,2.9008248635116054,2.955903816616256,9053474.0,264520624.0
2023-12-29,2.954883836003207,3.059941839147263,2.9375441655813725,3.048722052403723,6878338.0,204020448.0
2024-01-02,3.036482285047134,3.1925393188436444,2.9997629829773667,3.1823395127131535,8981340.0,276956768.0
2024-01-03,3.1690797647435156,3.230278601526461,3.139500326965092,3.178259590260957,5718730.0,178172432.0
2024-01-04,3.178259590260957,3.291477438309406,3.131340482060699,3.2843375740180627,8827819.0,280707680.0
2024-01-05,3.282297612791964,3.3016772444398965,3.211918950491577,3.238438446430853,6601328.0,210807968.0
2024-01-08,3.2363984852047554,3.2374184658178042,3.1384803463520425,3.1384803463520425,6684698.0,207692048.0
2024-01-09,3.144600230030337,3.162959881065221,3.0681016840516553,3.1476601718694845,6387777.0,195540592.0
2024-01-10,3.142560268804239,3.247618271948295,3.127260559608503,3.1670398035174174,5956578.0,185929888.0
2024-01-11,3.16397986167827,3.16397986167827,3.0987011024431284,3.114000811638865,4901132.0,150006800.0
2024-01-12,3.070141645277754,3.1211406759302083,3.0589218585342137,3.08544135447349,4892408.0,147734496.0
2024-01-15,3.0548419360820174,3.212938931104626,3.0242425176905448,3.1670398035174174,4179318.0,129726816.0
2024-01-16,3.1588799586130243,3.2170188535568225,3.0987011024431284,3.1456202106433864,3940290.0,121304528.0
2024-01-17,3.1466401912564357,3.1945792800697426,3.1231806371563064,3.1231806371563064,3368301.0,104295256.0
2024-01-18,3.114000811638865,3.114000811638865,3.025262498303594,3.0864613350865393,4958124.0,148962864.0
2024-01-19,3.072181606503852,3.1405203075781407,3.0691216646647046,3.1038010055083736,3517181.0,107271104.0
2024-01-22,3.0885012963126375,3.1058409667344717,2.9273443594508817,2.9579437778423543,2929635.0,86781928.0
2024-01-23,2.947743971711863,2.988543196233827,2.8783852900245255,2.947743971711863,3160712.0,90756984.0
2024-01-24,2.9620237002945506,2.9875232156207776,2.856965697150495,2.941624088033569,2964261.0,85012360.0
2024-01-25,2.9385641461944214,3.0201625952383484,2.894704979833311,2.990583157459925,3704399.0,107635136.0
2024-01-26,2.9722235064250415,2.9875232156207776,2.897764921672458,2.9253043982247835,4301354.0,123978864.0
2024-01-29,2.9018448441246543,2.9854832543946794,2.9018448441246543,2.9528438747771086,3238803.0,93772176.0
2024-01-30,2.9365241849683232,2.9457040104857652,2.8212663756937766,2.8273862593720707,2873701.0,81171696.0
2024-01-31,2.8549257359243962,2.8549257359243962,2.7437478491020455,2.7672074032021747,3455068.0,94438872.0
2024-02-01,2.7508877133933893,2.8559457165374456,2.7427278684889966,2.8141265114024328,3540293.0,97677720.0
2024-02-02,2.8437059491808565,2.8457459104069542,2.6682692837364135,2.748847752167291,3395627.0,92297424.0
2024-02-05,2.7508877133933893,2.8233063369198748,2.6825490123191007,2.754967635845586,4537572.0,122061448.0
2024-02-06,2.7763872287196163,3.0303624013688397,2.7294681205193587,3.0303624013688397,5738138.0,164670848.0
2024-02-07,3.1109408697997174,3.32003689547478,3.0324023625949375,3.2567980974657367,9915791.0,313813600.0
2024-02-08,3.293517399535504,3.414895092488345,3.143580249417288,3.1874394157783987,7261071.0,234982000.0
2024-02-19,3.2221187566220677,3.2221187566220677,3.044642129951527,3.151740094321681,6163481.0,189498912.0
2024-02-20,3.139500326965092,3.2170188535568225,3.1211406759302083,3.151740094321681,5348986.0,166071264.0
2024-02-21,3.1476601718694845,3.2527181750135408,3.11910071470411,3.142560268804239,4782456.0,149935616.0
2024-02-22,3.1527600749347298,3.1680597841304663,3.1109408697997174,3.144600230030337,3306859.0,101475952.0
2024-02-23,3.1344004238998466,3.154800036160828,3.070141645277754,3.128280540221552,2704339.0,82521744.0
2024-02-26,3.109920889186668,3.1456202106433864,3.0517819942428703,3.11910071470411,3183548.0,96775664.0
2024-02-27,3.1007410636692265,3.1119608504127667,3.059941839147263,3.1119608504127667,3661097.0,110720560.0
2024-02-28,3.104820986121423,3.1680597841304663,3.080341451408245,3.080341451408245,4807743.0,147442832.0
2024-02-29,3.0395422268862813,3.14154028819119,3.0395422268862813,3.1262405789954535,4142128.0,126019008.0
2024-03-01,3.1303205014476503,3.1364403851259444,3.0293424207557904,3.0976811218300795,5138054.0,154559968.0
2024-03-04,3.073201587116901,3.1017610442822754,2.998743002364318,3.057901877921165,5456096.0,162343776.0
2024-03-05,3.046682091177625,3.08544135447349,3.017102653399201,3.045662110564576,3553727.0,106367864.0
2024-03-06,3.045662110564576,3.0640217615994594,2.9508039135510105,2.9865032350077287,3844059.0,112626040.0
2024-03-07,2.977323409490287,2.9936430992990726,2.9253043982247835,2.9253043982247835,2624601.0,75896200.0
2024-03-08,2.919184514546489,2.9926231186860233,2.897764921672458,2.9844632737816306,2860700.0,82824680.0
2024-03-11,2.9661036227467465,3.104820986121423,2.9589637584554036,3.104820986121423,4417148.0,131991008.0
2024-03-12,3.104820986121423,3.1680597841304663,3.0895212769256863,3.1109408697997174,4804527.0,147300944.0
2024-03-13,3.1038010055083736,3.139500326965092,3.0609618197603123,3.094621179990932,3518377.0,106711312.0
2024-03-14,3.1007410636692265,3.1405203075781407,3.0568818973081155,3.083401393247392,2031310.0,61599312.0
2024-03-15,3.0742215677299503,3.114000811638865,3.035462304434085,3.0762615289560484,2278568.0,68635072.0
2024-03-18,3.070141645277754,3.104820986121423,3.012002750333956,3.1038010055083736,3075112.0,91907640.0
2024-03-19,3.094621179990932,3.0956411606039813,3.0181226340122502,3.0303624013688397,3222919.0,96262136.0
2024-03-20,3.0211825758513977,3.0517819942428703,2.9161245727073415,2.9365241849683232,4165042.0,120423648.0
2024-03-21,2.9365241849683232,2.964063661520649,2.9069447471899,2.922244456385636,3708182.0,106473232.0
2024-03-22,2.9161245727073415,2.9161245727073415,2.8406460073417095,2.8783852900245255,3693240.0,103974880.0
2024-03-25,2.885525154315869,2.9579437778423543,2.8661455226679364,2.8885850961550164,2997410.0,85587976.0
2024-03-26,2.889605076768065,2.9049047859638017,2.856965697150495,2.8967449410594086,2431650.0,68771256.0
2024-03-27,2.8712454257331816,2.943664049259667,2.8661455226679364,2.899804882898556,5593138.0,160004448.0
2024-03-28,2.9008248635116054,3.0548419360820174,2.88450517370282,3.010982769720907,6659878.0,195731376.0
2024-03-29,3.010982769720907,3.0670817034386064,2.989563176846876,3.0589218585342137,2803419.0,83432880.0
2024-04-01,3.0589218585342137,3.1007410636692265,3.0201625952383484,3.092581218764834,2714176.0,81817440.0
2024-04-02,3.087481315699588,3.189479377004497,3.087481315699588,3.144600230030337,4147292.0,128578832.0
2024-04-03,3.1466401912564357,3.224158717848166,3.1364403851259444,3.1823395127131535,2911649.0,90861632.0
2024-04-08,3.1823395127131535,3.1955992606827914,3.1109408697997174,3.116040772864963,3129716.0,96605216.0
2024-04-09,3.1344004238998466,3.1802995514870553,3.0864613350865393,3.1711197259696133,2024070.0,62431508.0
2024-04-10,3.162959881065221,3.1935592994566933,3.1242006177693553,3.14154028819119,1800974.0,55670096.0
2024-04-11,3.131340482060699,3.1792795708740065,3.1119608504127667,3.14154028819119,2158160.0,66856464.0
2024-04-12,3.1578599779999754,3.1711197259696133,3.0915612381517845,3.1027810248953247,2536537.0,77658904.0
2024-04-15,3.1129808310258156,3.2272186596873134,3.0956411606039813,3.2068190474263316,4013515.0,125434864.0
2024-04-16,3.221098776009019,3.2741377678875714,3.1823395127131535,3.19763922190889,4216024.0,133756008.0
2024-04-17,3.1731596871957115,3.212938931104626,3.1242006177693553,3.188459396391448,2794426.0,87016000.0
2024-04-18,3.166019822904368,3.2945373801485527,3.166019822904368,3.2496582331743933,3793296.0,121065368.0
2024-04-19,3.2312985821395097,3.3098370893442897,3.2190588147829207,3.2445583301091476,2992999.0,95899096.0
2024-04-22,3.2486382525613444,3.350636313866253,3.2363984852047554,3.3016772444398965,3037254.0,98337056.0
2024-04-23,3.3006572638268477,3.344516430187958,3.254758136239639,3.3098370893442897,2601345.0,84242464.0
2024-04-24,3.2975973219877,3.307797128118191,3.225178698461215,3.259858039304884,3534085.0,112499696.0
2024-04-25,3.2516981944004915,3.2965773413746513,3.235378504591706,3.2537381556265896,1800089.0,57518232.0
2024-04-26,3.234358523978657,3.3159569730225837,3.224158717848166,3.276177729113669,3393073.0,108655440.0
2024-04-29,3.283317593405013,3.377155809805529,3.2700578454353755,3.345536410801007,3386143.0,110948704.0
2024-04-30,3.345536410801007,3.444474530266769,3.3230968373139276,3.413875111875296,3323372.0,110886880.0
2024-05-06,3.444474530266769,3.5995115834502305,3.4179550343274925,3.5923717191588866,5046777.0,175550064.0
2024-05-07,3.5974716222241323,3.6668303039114702,3.568912165058758,3.6086914089676725,6230710.0,220840880.0
2024-05-08,3.596451641611083,3.6719302069767155,3.585231854867543,3.6168512538720647,4051088.0,144222208.0
2024-05-09,3.629091021228654,3.6770301100419607,3.590331757932789,3.6515305947157337,4839034.0,173374336.0
2024-05-10,3.6607104202331757,3.6709102263636666,3.591351738545838,3.5995115834502305,4539287.0,160947040.0
2024-05-13,3.5862518354805917,3.663770362072323,3.580131951802298,3.659690439620127,4059651.0,144129984.0
2024-05-14,3.637250866133046,3.7637284621511333,3.61073137019377,3.699469683529041,3968663.0,144182576.0
2024-05-15,3.696409741689894,3.705589567207335,3.6178712344851136,3.6199111957112122,2971820.0,106391448.0
2024-05-16,3.6188912150981625,3.6719302069767155,3.5658522232196104,3.5882917967066903,3063817.0,108403976.0
2024-05-17,3.5760520293501017,3.6148112926459666,3.514853192567156,3.5648322426065615,2796383.0,97301752.0
2024-05-20,3.567892184445708,3.596451641611083,3.4699740455929966,3.5036334058236163,4109950.0,141310640.0
2024-05-21,3.5189331150193524,3.563812261993512,3.479153871110438,3.5321928629889907,3608339.0,124885336.0
2024-05-22,3.49955348337142,3.5607523201543647,3.447534472105916,3.458754258849456,3706639.0,126746856.0
2024-05-23,3.467934084366898,3.482213812949585,3.4291748210710327,3.458754258849456,5050896.0,171284560.0
2024-05-24,3.4495744333320144,3.467934084366898,3.405715266970904,3.437334665975426,3863060.0,130240336.0
2024-05-27,3.436314685362376,3.4658941231407994,3.4006153639056587,3.457734278236407,4527071.0,152754704.0
2024-05-28,3.4169350537144436,3.436314685362376,3.37613582919248,3.405715266970904,3854671.0,128428768.0
2024-05-29,3.3812357322577253,3.419994995553591,3.37613582919248,3.393475499614315,2201162.0,73281536.0
2024-05-30,3.3853156547099217,3.436314685362376,3.3649160424489404,3.3965354414534614,2307307.0,76876504.0
2024-05-31,3.408775208810051,3.4709940262060455,3.399595383292609,3.4271348598449345,2362416.0,79545256.0
2024-06-03,3.404695286357855,3.435294704749327,3.2741377678875714,3.405715266970904,6815092.0,225629312.0
2024-06-04,3.405715266970904,3.482213812949585,3.388375596549069,3.4322347629101797,2872502.0,96696408.0
2024-06-05,3.445494510879818,3.475073948658242,3.367975984288088,3.3802157516446765,3745714.0,124843184.0
2024-06-06,3.405715266970904,3.4271348598449345,3.3496163332532043,3.372055906740284,3072905.0,102024232.0
2024-06-07,3.37613582919248,3.3965354414534614,3.2965773413746513,3.3230968373139276,3387483.0,110543000.0
2024-06-11,3.3190169148617312,3.4067352475839527,3.2751577485006202,3.384295674096873,4667290.0,153259856.0
2024-06-12,3.366956003675038,3.3944954802273637,3.282297612791964,3.290457457696357,3686570.0,120171280.0
2024-06-13,3.303717205665995,3.303717205665995,3.14154028819119,3.176219629034859,7980272.0,249132944.0
2024-06-14,3.176219629034859,3.1813195321001047,3.005882866655661,3.0344423238210356,10044277.0,302029152.0
2024-06-17,3.0069028472687105,3.0660617228255576,2.989563176846876,3.0558619166950667,7427257.0,220923776.0
2024-06-18,3.059941839147263,3.0905412575387357,3.0191426146252995,3.036482285047134,4438044.0,133064824.0
2024-06-19,3.036482285047134,3.049742033016772,3.0079228278817594,3.025262498303594,4837340.0,143611280.0
2024-06-20,3.0191426146252995,3.0344423238210356,2.886545134928918,2.9273443594508817,9044328.0,260175600.0
2024-06-21,2.9528438747771086,2.954883836003207,2.887565115541967,2.919184514546489,3859686.0,110355952.0
2024-06-24,2.9069447471899,2.917144553320391,2.7672074032021747,2.789646976689255,8690081.0,238878512.0
2024-06-25,2.8018867440458437,2.802906724658893,2.7039686051931318,2.7264081786802112,5039600.0,135325584.0
2024-06-26,2.7264081786802112,2.7437478491020455,2.6856089541582477,2.7090685082583765,5211844.0,138321600.0
2024-06-27,10.814558001336215,10.814558001336215,10.401954382811338,10.4236703627337,10314194.0,199665472.0
2024-06-28,10.418241367753112,10.472531317559014,9.880770864674654,9.967634784364101,16898644.0,314002688.0
2024-07-01,9.967634784364101,10.472531317559014,9.848196894791112,10.41281237277252,16177541.0,302822112.0
2024-07-02,10.331377448063664,10.559395237248463,10.195652573548902,10.287945488218938,12198432.0,232268864.0
2024-07-03,10.304232473160711,10.304232473160711,9.750474985140483,9.804764934946387,11776614.0,215463296.0
2024-07-04,9.777619960043436,9.82648091486875,9.506170211013913,9.576747145761589,9216334.0,163080304.0
2024-07-05,9.522457195955683,9.690756040353989,9.327013376654426,9.690756040353989,10327871.0,180536640.0
2024-07-08,9.60389212066454,9.60389212066454,9.299868401751473,9.403019306382692,11887982.0,205631600.0
2024-07-09,9.403019306382692,9.419306291324466,9.14785654229494,9.218433477042616,13096859.0,222660208.0
2024-07-10,9.093566592489037,9.093566592489037,8.876406793265417,8.941554733032502,13567352.0,223919200.0
2024-07-11,9.03927664268313,9.27272342684852,8.968699707935455,9.207575487081437,10744537.0,181205920.0
2024-07-12,9.207575487081437,9.240149456964978,8.914409758129551,8.990415687857816,12808493.0,212075600.0
2024-07-15,8.957841717974274,8.957841717974274,8.751539908711838,8.79497186855656,10904130.0,177244224.0
2024-07-16,8.78411387859538,8.78954287357597,8.56695407937176,8.642960009100026,8900378.0,141537472.0
2024-07-17,8.702678953886522,8.892693778207187,8.583241064313532,8.79497186855656,12401890.0,199609088.0
2024-07-18,8.740681918750656,9.02841865272195,8.588670059294122,9.006702672799587,16249625.0,264172432.0
2024-07-19,8.957841717974274,9.03927664268313,8.865548803304236,8.968699707935455,12184734.0,200950080.0
2024-07-22,8.974128702916046,9.055563627624903,8.892693778207187,8.963270712954865,9108202.0,150275584.0
2024-07-23,8.941554733032502,8.963270712954865,8.599528049255303,8.610386039216484,14497159.0,232722976.0
2024-07-24,8.599528049255303,8.621244029177666,8.252072370497512,8.317220310264599,16094136.0,248646176.0
2024-07-25,8.268359355439285,8.44208719481818,8.170637445788657,8.317220310264599,11537253.0,176747056.0
2024-07-26,8.317220310264599,8.409513224934637,8.230356390575151,8.300933325322827,11272195.0,172252288.0
2024-07-29,8.284646340381055,8.300933325322827,7.953477646565037,7.958906641545628,15368649.0,227564256.0
2024-07-30,7.969764631506808,7.996909606409761,7.850326741933819,7.942619656603857,10581610.0,154446592.0
2024-07-31,7.383433173603038,7.6114509627878375,7.149986389437648,7.540874028040162,70104848.0,949691840.0
2024-08-01,7.540874028040162,7.627737947729609,7.291140258933,7.323714228816543,48781156.0,668698368.0
2024-08-02,7.318285233835953,7.595163977846067,7.236850309127095,7.367146188661267,42058088.0,577199232.0
2024-08-05,7.329143223797133,7.882900711817361,7.291140258933,7.568019002943114,47912040.0,672972032.0
2024-08-06,7.654882922632561,7.654882922632561,7.394291163564218,7.595163977846067,30727708.0,425704896.0
2024-08-07,7.540874028040162,7.595163977846067,7.367146188661267,7.470297093292485,22167582.0,304247744.0
2024-08-08,7.426865133447762,7.595163977846067,7.39972015854481,7.530016038078981,19622494.0,271608960.0
2024-08-09,7.530016038078981,7.578876992904295,7.372575183641857,7.378004178622447,17730456.0,243201232.0
2024-08-12,7.39972015854481,7.622308952749019,7.318285233835953,7.454010108350714,22059188.0,304100224.0
2024-08-13,7.513729053137209,7.540874028040162,7.253137294068867,7.345430208738905,17010152.0,229632864.0
2024-08-14,7.350859203719494,7.350859203719494,7.139128399476467,7.144557394457057,15368565.0,203364352.0
2024-08-15,7.106554429592924,7.182560359321191,6.943684580175209,7.052264479787019,20500058.0,266616048.0
2024-08-16,7.052264479787019,7.0631224697482,6.835104680563401,6.840533675543991,19876062.0,252541760.0
2024-08-19,6.840533675543991,6.927397595233439,6.748240760873953,6.786243725738086,17305144.0,217256368.0
2024-08-20,6.786243725738086,6.878536640408124,6.688521816087458,6.835104680563401,19787250.0,247290816.0
2024-08-21,6.81881769562163,6.970829555078162,6.775385735776906,6.780814730757496,16846960.0,213228848.0
2024-08-22,6.791672720718677,6.845962670524581,6.6776638261262775,6.688521816087458,11416655.0,141422512.0
2024-08-23,6.6776638261262775,6.851391665505171,6.655947846203915,6.688521816087458,15154584.0,187512000.0
2024-08-26,6.688521816087458,6.721095785971001,6.59622890141742,6.617944881339781,12187937.0,149120048.0
2024-08-27,6.617944881339781,6.645089856242734,6.498506991766792,6.514793976708563,11887433.0,143581952.0
2024-08-28,6.509364981727972,6.59079990643683,6.460504026902658,6.547367946592106,12289610.0,147941296.0
2024-08-29,6.503935986747382,6.693950811068048,6.465933021883249,6.661376841184506,16482583.0,201091664.0
2024-08-30,6.655947846203915,7.329143223797133,6.471362016863839,7.329143223797133,42006212.0,534857984.0
2024-09-02,7.2965692539135905,7.2965692539135905,6.645089856242734,6.645089856242734,79686336.0,999265984.0
2024-09-03,6.639660861262144,7.307427243874772,6.5853709114562395,7.307427243874772,46414516.0,605774144.0
2024-09-04,7.969764631506808,8.040341566254485,7.915474681700904,8.040341566254485,37063004.0,546606848.0
2024-09-05,8.843832823381874,8.843832823381874,8.843832823381874,8.843832823381874,11100575.0,180828368.0
2024-09-06,9.728759005218121,9.728759005218121,9.728759005218121,9.728759005218121,7628642.0,136705264.0
2024-09-09,10.700549106743814,10.700549106743814,10.52682126736492,10.700549106743814,132716520.0,2615248128.0
2024-09-10,10.114217648840043,10.114217648840043,9.63103709556749,9.63103709556749,22466300.0,409318176.0
2024-09-11,8.670104984002979,8.670104984002979,8.670104984002979,8.670104984002979,41239700.0,658598016.0
2024-09-12,7.9263326716620846,8.034912571273894,7.801465787108504,7.801465787108504,82692880.0,1194943488.0
2024-09-13,7.356288198700086,7.551732018001343,7.030548499864657,7.030548499864657,136999680.0,1838666624.0
2024-09-18,7.05769347476761,7.4051491535254,6.921968600252848,7.209705334224143,88474528.0,1171866112.0
2024-09-19,7.139128399476467,7.931761666642675,7.0848384496705625,7.931761666642675,128642376.0,1825092992.0
2024-09-20,7.7960367921279135,8.024054581312713,7.557161012981933,7.698314882477285,121195072.0,1739511808.0
2024-09-23,7.790607797147323,7.850326741933819,7.388862168583628,7.432294128428352,83977952.0,1171409408.0
2024-09-24,7.578876992904295,7.975193626487399,7.383433173603038,7.839468751972637,112729256.0,1599644032.0
2024-09-25,7.839468751972637,8.21949840061397,7.720030862399647,7.720030862399647,115548832.0,1688703616.0
2024-09-26,7.6331669427102,8.490948149643494,7.546303023020752,8.230356390575151,124902616.0,1836480640.0
2024-09-27,8.32264930524519,9.01213166778018,8.273788350419876,8.577812069332941,87458888.0,1380037248.0
2024-09-30,9.435593276266236,9.435593276266236,9.03384764770254,9.435593276266236,83174608.0,1436775296.0
2024-10-08,10.380238402888978,10.380238402888978,9.066421617586084,10.173936593626538,118383960.0,2171876352.0
2024-10-09,9.761332975101663,9.761332975101663,9.158714532256122,9.158714532256122,72613656.0,1241795328.0
2024-10-10,10.986675851996965,11.270290102632414,10.554501755790572,10.885385048198593,49705820.0,806063360.0
2024-10-11,10.797599684906668,11.344570025417887,10.601770797563145,11.168999298834038,53824656.0,875679552.0
2024-10-14,11.182504739340489,11.223021060859839,10.804352405159893,11.168999298834038,43960104.0,718904960.0
2024-10-15,11.168999298834038,11.364828186177562,10.898890488705042,10.905643208958265,41773504.0,689458560.0
2024-10-16,10.68955616085507,10.838116006426018,10.547749035537345,10.669298000095395,32280408.0,510308928.0
2024-10-17,10.736825202627644,10.871879607692144,10.500479993764772,10.527490874777671,31477070.0,497445440.0
2024-10-18,10.520738154524446,11.013686733009864,10.392436469713173,10.838116006426018,46418332.0,734894464.0
2024-10-21,10.85837416718569,11.20951562035339,10.67605072034862,11.20951562035339,50955040.0,825733760.0
2024-10-22,11.223021060859839,11.452613549469486,11.040697614022767,11.263537382379187,46726788.0,779070912.0
2024-10-23,11.263537382379187,11.331064584911438,11.141988417821139,11.155493858327588,33317208.0,553211264.0
2024-10-24,11.216268340606613,11.459366269722711,11.141988417821139,11.162246578580815,28433252.0,474128608.0
2024-10-25,11.168999298834038,11.668700597572686,11.027192173516315,11.412097227950136,44539768.0,752603072.0
2024-10-28,11.412097227950136,11.479624430482387,11.304053703898537,11.459366269722711,29741648.0,502672192.0
2024-10-29,11.459366269722711,11.58091523428076,11.04745033427599,11.04745033427599,37117704.0,617536832.0
2024-10-30,10.81110512541312,10.898890488705042,10.601770797563145,10.723319762121195,33733540.0,536114304.0
2024-10-31,10.723319762121195,11.03394489376954,10.547749035537345,10.851621446932468,26532262.0,424184032.0
2024-11-01,10.790846964653444,11.938809407701681,10.507232714017997,11.938809407701681,61283820.0,1036730688.0
2024-11-04,12.384488944414526,13.134040892522494,12.188660057071004,13.134040892522494,111887416.0,2091019776.0
2024-11-05,13.134040892522494,13.640494911514365,12.60732871277095,12.998986487457996,111248912.0,2151399168.0
2024-11-06,12.998986487457996,14.302261496330408,12.863932082393498,13.694516673540164,107553232.0,2204612352.0
2024-11-07,13.370386101385368,14.639897508991655,13.127288172269271,14.018647245694963,96187648.0,1963431680.0
2024-11-08,13.782302036832089,13.876840120377238,13.181309934295069,13.296106178599894,76354048.0,1532575744.0
2024-11-11,12.96522288619187,13.289353458346667,12.88419024315317,13.228578976067643,45707428.0,887195072.0
2024-11-12,13.282600738093445,14.173959811519133,13.242084416574093,13.545956827969215,83786136.0,1699383296.0
2024-11-13,13.53920410771599,13.53920410771599,12.938212005178972,13.161051773535393,48108280.0,938904064.0
2024-11-14,13.039502808977344,13.100277291256369,12.397994384920977,12.445263426693552,41217364.0,777135232.0
2024-11-15,12.445263426693552,12.5938232722645,12.188660057071004,12.23592909884358,32447776.0,597139904.0
2024-11-18,12.256187259603253,12.479027027959676,11.817260443143633,11.911798526688782,31507180.0,566121280.0
2024-11-19,11.851024044409758,12.161649176058106,11.695711478585585,12.161649176058106,27085980.0,478335424.0
2024-11-20,12.154896455804879,12.425005265933876,11.992831169727483,12.391241664667753,29284762.0,531350144.0
2024-11-21,12.391241664667753,12.391241664667753,12.154896455804879,12.229176378590353,21547312.0,390706976.0
2024-11-22,12.22242365833713,12.418252545680652,11.884787645675884,11.884787645675884,28206980.0,507169952.0
2024-11-25,11.736227800104933,11.999583889980705,11.607926115293662,11.864529484916208,19495016.0,339612416.0
2024-11-26,11.857776764662981,12.03334749124683,11.66194787731946,11.668700597572686,20647836.0,363041024.0
2024-11-27,11.621431555800111,11.803755002637184,11.331064584911438,11.783496841877508,23294172.0,400065216.0
2024-11-28,11.749733240611382,12.96522288619187,11.64844243681301,12.904448403912847,72079504.0,1341824768.0
2024-11-29,12.58031783175805,13.012491927964446,12.269692700109704,12.641092314037074,61537048.0,1145943296.0
2024-12-02,12.722124957075774,13.221826255814419,12.546554230491925,12.971975606445097,52421820.0,1006457088.0
2024-12-03,12.843673921633822,12.971975606445097,12.5938232722645,12.728877677329,34151104.0,645514432.0
2024-12-04,12.627586873530625,13.343375220372469,12.492532468466127,12.695114076062875,36894556.0,704712000.0
2024-12-05,12.499285188719352,12.8369212013806,12.425005265933876,12.668103195049975,23542856.0,440256352.0
2024-12-06,12.6748559153032,13.201568095054744,12.6748559153032,12.924706564672523,42091864.0,807316672.0
2024-12-09,12.938212005178972,13.066513689990247,12.627586873530625,12.715372236822548,26475332.0,501655296.0
2024-12-10,13.14079361277572,13.161051773535393,12.776146719101575,12.816663040620924,33813216.0,648480448.0
2024-12-11,12.830168481127373,13.201568095054744,12.769393998848349,12.897695683659624,26257694.0,502124224.0
2024-12-12,12.88419024315317,14.160454371012683,12.728877677329,13.654000352020814,91512392.0,1824789248.0
2024-12-13,13.356880660878918,13.667505792527264,13.113782731762821,13.15429905328217,55665944.0,1098917248.0
2024-12-16,13.005739207711223,13.559462268475665,12.695114076062875,12.776146719101575,42532680.0,823865472.0
2024-12-17,12.6478450342903,12.749135838088673,12.19541277732423,12.229176378590353,33015420.0,604493568.0
2024-12-18,12.188660057071004,12.364230783654852,12.080616533019406,12.303456301375828,21081992.0,382192672.0
2024-12-19,12.148143735551654,12.256187259603253,11.959067568461357,12.12788557479198,20028538.0,358060800.0
2024-12-20,12.087369253272628,12.337219902641952,12.080616533019406,12.262939979856478,17360060.0,314767776.0
2024-12-23,12.269692700109704,12.289950860869379,11.621431555800111,11.628184276053334,24905284.0,439043008.0
2024-12-24,11.55390435326786,11.756485960864609,11.55390435326786,11.72947507985171,16595022.0,286745696.0
2024-12-25,11.783496841877508,11.830765883650082,11.385086346937237,11.614678835546885,14176945.0,243400096.0
2024-12-26,11.621431555800111,11.668700597572686,11.547151633014636,11.601173395040435,14119740.0,242825648.0
2024-12-27,11.587667954533986,12.019842050740381,11.452613549469486,11.74298052035816,20336140.0,353880032.0
2024-12-30,11.905045806435556,11.938809407701681,11.601173395040435,11.628184276053334,16898958.0,292867904.0
2024-12-31,11.641689716559783,11.655195157066236,11.054203054529216,11.054203054529216,24563182.0,410689920.0
2025-01-02,11.04745033427599,11.162246578580815,10.669298000095395,10.81110512541312,19761624.0,319950048.0
2025-01-03,10.865126887438917,10.892137768451816,10.223618463382548,10.257382064648674,22437952.0,348400800.0
2025-01-06,10.331661987434147,10.784094244400219,10.284392945661573,10.662545279842169,28544406.0,447555360.0
2025-01-07,10.716567041867968,10.736825202627644,10.399189189966398,10.655792559588944,18197962.0,283634368.0
2025-01-08,10.561254476043796,10.703061601361519,10.412694630472847,10.628781678576045,15077373.0,235964928.0
2025-01-09,10.507232714017997,10.743577922880869,10.500479993764772,10.588265357056695,12705829.0,199972320.0
2025-01-10,10.534243595030896,10.62202895832282,10.358672868447048,10.372178308953497,12021668.0,186981392.0
2025-01-13,10.237123903888998,10.473469112751872,10.237123903888998,10.419447350726072,9214438.0,141736832.0
2025-01-14,10.426200070979297,10.851621446932468,10.412694630472847,10.838116006426018,17047704.0,269674912.0
2025-01-15,10.790846964653444,10.912395929211492,10.642287119082495,10.662545279842169,12294766.0,195415168.0
2025-01-16,10.709814321614743,10.865126887438917,10.601770797563145,10.696308881108294,12055474.0,191693184.0
2025-01-17,10.62202895832282,10.85837416718569,10.527490874777671,10.743577922880869,10121269.0,160763936.0
2025-01-20,10.81110512541312,10.946159530477617,10.750330643134093,10.804352405159893,11662561.0,187415616.0
2025-01-21,10.817857845666342,10.85837416718569,10.63553439882927,10.824610565919569,10215698.0,162769152.0
2025-01-22,10.757083363387318,10.790846964653444,10.615276238069596,10.64903983933572,8106955.0,128188728.0
2025-01-23,10.750330643134093,10.885385048198593,10.642287119082495,10.64903983933572,11383335.0,181429104.0
2025-01-24,10.534243595030896,10.696308881108294,10.486974553258321,10.669298000095395,11228118.0,176456576.0
2025-01-27,10.804352405159893,11.000181292503415,10.588265357056695,10.682803440601845,17139668.0,273985664.0
2025-02-05,10.797599684906668,10.81110512541312,10.642287119082495,10.709814321614743,9614894.0,152425504.0
2025-02-06,10.709814321614743,10.93940681022439,10.58151263680347,10.932654089971168,18536688.0,296309056.0
2025-02-07,10.919148649464718,11.135235697567914,10.844868726679241,11.03394489376954,19049684.0,310512928.0
2025-02-10,11.040697614022767,11.331064584911438,10.973170411490516,11.304053703898537,26712260.0,442764096.0
2025-02-11,11.277042822885639,11.297300983645313,11.04745033427599,11.081213935542115,15175238.0,249620064.0
2025-02-12,11.04745033427599,11.094719376048564,10.96641769123729,11.081213935542115,13246069.0,216405792.0
2025-02-13,11.094719376048564,11.695711478585585,11.027192173516315,11.466118989975937,32642076.0,549113152.0
2025-02-14,11.331064584911438,11.682206038079135,11.324311864658213,11.56740979377431,27001096.0,462401536.0
2025-02-17,11.601173395040435,11.688958758332358,11.371580906430788,11.425602668456587,24097468.0,411442880.0
2025-02-18,11.425602668456587,11.459366269722711,11.07446121528889,11.141988417821139,18649024.0,310336128.0
2025-02-19,11.081213935542115,11.168999298834038,11.013686733009864,11.148741138074366,13291052.0,218530352.0
2025-02-20,11.12848297731469,11.547151633014636,11.10147209630179,11.290548263392088,20940708.0,352436064.0
2025-02-21,11.270290102632414,11.412097227950136,11.081213935542115,11.175752019087264,18102208.0,299226592.0
2025-02-24,11.108224816555014,11.20951562035339,11.03394489376954,11.10147209630179,14353363.0,236124048.0
2025-02-25,11.03394489376954,11.040697614022767,10.777341524146994,10.797599684906668,17094012.0,276249184.0
2025-02-26,10.790846964653444,10.851621446932468,10.68955616085507,10.824610565919569,18527880.0,295192224.0
2025-02-27,10.81110512541312,10.905643208958265,10.642287119082495,10.777341524146994,16025919.0,255315072.0
2025-02-28,10.73007248237442,10.797599684906668,10.513985434271222,10.554501755790572,14107633.0,222680176.0
2025-03-03,10.615276238069596,10.817857845666342,10.561254476043796,10.669298000095395,13530244.0,214483120.0
2025-03-04,10.601770797563145,10.723319762121195,10.554501755790572,10.709814321614743,8151280.0,128628944.0
2025-03-05,10.709814321614743,10.736825202627644,10.520738154524446,10.669298000095395,10508747.0,165074080.0
2025-03-06,10.716567041867968,10.838116006426018,10.669298000095395,10.784094244400219,16065824.0,256240560.0
2025-03-07,10.736825202627644,10.750330643134093,10.574759916550246,10.608523517816371,16081002.0,253662928.0
2025-03-10,10.628781678576045,11.668700597572686,10.628781678576045,11.668700597572686,72537696.0,1219563008.0
2025-03-11,11.668700597572686,11.736227800104933,11.364828186177562,11.601173395040435,52121212.0,887850240.0
2025-03-12,11.71596963934526,12.073863812766179,11.71596963934526,11.884787645675884,48481000.0,854869120.0
2025-03-13,11.891540365929107,12.289950860869379,11.891540365929107,12.188660057071004,45102324.0,808807808.0
2025-03-14,12.391241664667753,13.309611619106343,12.087369253272628,12.99223376720477,75058440.0,1412248576.0
2025-03-17,13.147546333028943,13.208320815307967,12.722124957075774,12.998986487457996,46690072.0,900035072.0
2025-03-18,12.97872832669832,13.910603721643364,12.762641278595122,13.802560197591765,58679168.0,1170474752.0
2025-03-19,13.654000352020814,13.802560197591765,13.120535452016044,13.275848017840218,44632584.0,887572480.0
2025-03-20,13.275848017840218,13.640494911514365,12.843673921633822,13.323117059612793,35024856.0,689888256.0
2025-03-21,13.174557214041846,13.302858898853117,12.99223376720477,13.05976096973702,23899032.0,463827456.0
2025-03-24,12.911201124166073,13.04625552923057,12.492532468466127,12.769393998848349,26784468.0,504473472.0
2025-03-25,12.769393998848349,13.201568095054744,12.7558885583419,12.904448403912847,20698952.0,397283520.0
2025-03-26,12.830168481127373,12.998986487457996,12.708619516569325,12.7558885583419,14965269.0,284325664.0
2025-03-27,12.830168481127373,13.15429905328217,12.762641278595122,12.931459284925745,19705832.0,378537920.0
2025-03-28,13.019244648217672,13.019244648217672,12.499285188719352,12.499285188719352,21681000.0,407036960.0
2025-03-31,12.425005265933876,12.425005265933876,12.100874693779081,12.350725343148403,18326056.0,332304608.0
2025-04-01,12.370983503908077,13.242084416574093,12.370983503908077,12.96522288619187,32555964.0,624382976.0
2025-04-02,12.890942963406397,13.04625552923057,12.796404879861248,12.857179362140272,15249003.0,291219520.0
2025-04-03,12.560059670998376,12.938212005178972,12.560059670998376,12.857179362140272,11984060.0,227238224.0
2025-04-07,12.100874693779081,12.452016146946777,11.574162514027536,11.628184276053334,36658556.0,647998208.0
2025-04-08,11.749733240611382,12.249434539350029,11.749733240611382,12.148143735551654,25459428.0,455245472.0
2025-04-09,11.884787645675884,12.330467182388729,11.317559144404989,12.256187259603253,29410520.0,516590720.0
2025-04-10,12.512790629225801,12.6208341532774,12.22242365833713,12.445263426693552,20120358.0,371395456.0
2025-04-11,12.357478063401627,13.05976096973702,12.289950860869379,12.695114076062875,25096536.0,475665472.0
2025-04-14,12.830168481127373,12.958470165938648,12.5938232722645,12.708619516569325,17674440.0,334058912.0
2025-04-15,12.708619516569325,12.985481046951547,12.627586873530625,12.796404879861248,15313385.0,290206368.0
2025-04-16,12.803157600114474,12.843673921633822,12.458768867200002,12.600575992517726,11215109.0,209105552.0
2025-04-17,12.539801510238702,13.23533169632087,12.479027027959676,12.823415760874147,25863308.0,497260640.0
2025-04-18,12.863932082393498,13.23533169632087,12.60732871277095,12.634339593783851,16772056.0,319266432.0
2025-04-21,12.560059670998376,12.614081433024175,12.310209021629053,12.5668123912516,14734330.0,272509792.0
2025-04-22,12.681608635556426,12.897695683659624,12.539801510238702,12.66135047479675,16031590.0,301556416.0
2025-04-23,12.600575992517726,13.15429905328217,12.337219902641952,12.870684802646721,31951162.0,602186112.0
2025-04-24,12.816663040620924,12.958470165938648,12.560059670998376,12.573565111504825,19259210.0,362908480.0
2025-04-25,12.627586873530625,12.695114076062875,12.296703581122603,12.397994384920977,17414400.0,321069728.0
2025-04-28,12.296703581122603,12.627586873530625,12.276445420362927,12.397994384920977,14546253.0,267373024.0
2025-04-29,12.357478063401627,12.735630397582224,12.256187259603253,12.370983503908077,16852968.0,311040096.0
2025-04-30,12.357478063401627,13.60673131024824,12.303456301375828,13.60673131024824,59942668.0,1177941248.0
2025-05-06,13.721527554553065,13.728280274806288,13.113782731762821,13.370386101385368,44302404.0,877167168.0
2025-05-07,13.107030011509595,13.302858898853117,12.776146719101575,13.053008249483794,53475648.0,1027161024.0
2025-05-08,12.931459284925745,13.431160583664392,12.88419024315317,12.938212005178972,36978144.0,715176512.0
2025-05-09,13.019244648217672,13.681011233033715,12.776146719101575,13.431160583664392,52027528.0,1018249152.0
2025-05-12,13.404149702651493,13.876840120377238,13.255589857080542,13.75529115581919,50411732.0,1012237312.0
2025-05-13,13.572967708982116,13.944367322909486,13.458171464677292,13.62023675075469,30806772.0,622781184.0
2025-05-14,13.437913303917616,13.53920410771599,12.951717445685421,13.134040892522494,39264848.0,763915264.0
2025-05-15,13.120535452016044,13.269095297586993,12.695114076062875,12.695114076062875,23092730.0,438732256.0
2025-05-16,12.695114076062875,12.911201124166073,12.499285188719352,12.782899439354798,15802968.0,298710880.0
2025-05-19,12.938212005178972,13.23533169632087,12.695114076062875,12.890942963406397,17323058.0,330481984.0
2025-05-20,12.931459284925745,13.120535452016044,12.701866796316098,12.924706564672523,21994508.0,421939584.0
2025-05-21,12.917953844419296,13.174557214041846,12.911201124166073,13.086771850749919,23323724.0,450548384.0
2025-05-22,12.938212005178972,12.96522288619187,12.560059670998376,12.5668123912516,22615064.0,424946144.0
2025-05-23,12.5668123912516,12.897695683659624,12.506037908972576,12.6478450342903,15992395.0,301416736.0
2025-05-26,12.6478450342903,12.728877677329,12.492532468466127,12.715372236822548,9919060.0,185688032.0
2025-05-27,12.74238311783545,12.74238311783545,12.350725343148403,12.357478063401627,15650548.0,288606688.0
2025-05-28,12.391241664667753,13.05976096973702,12.161649176058106,12.88419024315317,34746552.0,658312448.0
2025-05-29,12.863932082393498,12.96522288619187,12.7558885583419,12.958470165938648,18215276.0,347235744.0
2025-05-30,12.951717445685421,13.14079361277572,12.843673921633822,12.99223376720477,20513932.0,395951200.0
2025-06-03,12.985481046951547,13.24883713682732,12.897695683659624,13.174557214041846,21320964.0,415624768.0
2025-06-04,13.208320815307967,14.106432608986886,13.201568095054744,13.795807477338538,46092480.0,938549760.0
2025-06-05,13.924109162149813,14.923511759627104,13.924109162149813,14.855984557094853,61049804.0,1310908928.0
2025-06-06,14.855984557094853,15.409707617859297,14.403552300128782,14.464326782407808,63058608.0,1383207168.0
2025-06-09,14.741188312790028,15.072071605198051,14.302261496330408,14.639897508991655,39913488.0,871302848.0
2025-06-10,14.822220955828728,14.964028081146452,14.531853984940057,14.612886627978755,27433532.0,597139776.0
2025-06-11,14.599381187472305,14.727682872283578,14.038905406454635,14.07266900772076,31232172.0,656193344.0
2025-06-12,14.08617444822721,14.964028081146452,14.011894525441736,14.916759039373877,45482028.0,983728320.0
2025-06-13,14.916759039373877,14.943769920386776,14.09967988873366,14.09967988873366,39664844.0,846755200.0
2025-06-16,14.268497895064282,15.510998421657671,14.268497895064282,15.207126010262549,75693208.0,1704004992.0
2025-06-17,14.855984557094853,15.0855770457045,14.579123026712631,14.734435592536805,48668148.0,1067202560.0
2025-06-18,14.59262846721908,14.639897508991655,14.126690769746562,14.423810460888456,30520096.0,651387392.0
2025-06-19,14.383294139369108,14.477832222914257,13.856581959617563,13.944367322909486,27216168.0,566342272.0
2025-06-20,13.822818358351437,14.720930152030354,13.728280274806288,14.417057740635233,47203544.0,995741824.0
2025-06-23,14.038905406454635,14.126690769746562,13.437913303917616,14.065916287467534,46161300.0,941265920.0
2025-06-24,13.97813092417561,14.585875746965856,13.971378203922388,14.444068621648132,37837500.0,805332480.0
2025-06-25,14.572370306459405,14.788457354562603,13.863334679870789,14.214476133038485,38719980.0,816280448.0
2025-06-26,14.07266900772076,14.275250615317509,13.856581959617563,14.119938049493335,29399952.0,612357312.0
2025-06-27,14.126690769746562,14.349530538102982,13.964625483669161,14.106432608986886,25884918.0,543066944.0
2025-06-30,14.106432608986886,14.24823973430461,13.957872763415939,14.187465252025586,22529834.0,471048768.0
2025-07-01,14.045658126707862,14.572370306459405,13.795807477338538,14.518348544433605,36043216.0,761644224.0
2025-07-02,14.383294139369108,14.383294139369108,13.667505792527264,13.748538435565964,43033920.0,880563264.0
2025-07-03,13.735032995059514,13.741785715312739,13.464924184930517,13.566214988728891,23412652.0,470166976.0
2025-07-04,13.566214988728891,13.66075307227404,13.458171464677292,13.566214988728891,14718843.0,295689536.0
2025-07-07,13.512193226703092,13.572967708982116,13.363633381132143,13.512193226703092,13703111.0,273918624.0
2025-07-08,13.49868778619664,13.572967708982116,13.410902422904718,13.458171464677292,17023348.0,339560352.0
2025-07-09,13.444666024170841,13.451418744424068,13.07326641024347,13.16780449378862,25766280.0,505708736.0
2025-07-10,13.16780449378862,13.289353458346667,13.093524571003146,13.16780449378862,16798784.0,327616096.0
2025-07-11,13.16780449378862,13.174557214041846,12.97872832669832,13.05976096973702,18784994.0,362877440.0
2025-07-14,13.411965966757062,13.581024361296018,13.411965966757062,13.489451064254082,11903535.0,227955280.0
2025-07-15,13.49649516402654,13.524671563116366,13.228819372673195,13.327436769487587,18285304.0,345885248.0
2025-07-16,13.31334856994267,13.383789567667236,13.242907572218108,13.264039871535475,14804670.0,279738272.0
2025-07-17,13.264039871535475,13.355613168577412,13.221775272900738,13.27812807108039,17484774.0,329581440.0
2025-07-18,13.27812807108039,13.468318764936715,13.151334275176175,13.41901006652952,24808420.0,469019424.0
2025-07-21,13.411965966757062,13.411965966757062,13.242907572218108,13.341524969032498,20472404.0,386664672.0
2025-07-22,13.334480869260041,13.334480869260041,13.165422474721089,13.27812807108039,18484332.0,347407264.0
2025-07-23,13.242907572218108,13.503539263798997,13.228819372673195,13.433098266074431,26605016.0,506762752.0
2025-07-24,13.475362864709169,13.602156660613385,13.411965966757062,13.59511256084093,21093788.0,404165056.0
2025-07-25,13.581024361296018,13.693729957655322,13.49649516402654,13.524671563116366,19567396.0,377058816.0
2025-07-28,13.454230565391802,13.524671563116366,13.411965966757062,13.447186465619344,14385094.0,274772480.0
2025-07-29,13.454230565391802,13.482406964481626,13.249951671990564,13.475362864709169,15329812.0,291255040.0
2025-07-30,13.482406964481626,14.052979046050599,13.390833667439693,13.869832451966731,39880092.0,778726336.0
2025-07-31,13.785303254697254,14.109331844230251,13.637377159475667,13.73599455629006,29083312.0,569349696.0
2025-08-01,13.700774057427775,13.764170955379884,13.503539263798997,13.531715662888823,18338530.0,354361824.0
2025-08-04,13.41901006652952,13.454230565391802,13.221775272900738,13.31334856994267,21316098.0,401722304.0
2025-08-05,13.31334856994267,13.404921866984607,13.214731173128284,13.27812807108039,14701190.0,276890688.0
2025-08-06,13.271083971307933,13.27812807108039,13.038628678816872,13.172466574493543,21778896.0,405774208.0
2025-08-07,13.116113776313892,13.207687073355826,13.073849177679152,13.094981476996523,15956301.0,297255552.0
2025-08-08,13.094981476996523,13.094981476996523,12.947055381774936,12.961143581319849,16452458.0,303422720.0
2025-08-11,12.940011282002482,13.073849177679152,12.86252618450546,13.052716878361785,14646353.0,269867712.0
2025-08-12,13.038628678816872,13.144290175403718,13.017496379499502,13.066805077906697,12323674.0,228714608.0
2025-08-13,13.10202557676898,13.109069676541434,12.98227588063722,13.024540479271957,12781672.0,236374336.0
2025-08-14,13.024540479271957,13.031584579044415,12.756864687918613,12.777996987235984,17893168.0,327469504.0
2025-08-15,12.756864687918613,12.86252618450546,12.749820588146157,12.820261585870721,12159688.0,221258272.0
2025-08-18,12.827305685643179,13.017496379499502,12.792085186780895,12.98227588063722,16879486.0,309979360.0
2025-08-19,12.98227588063722,13.545803862433734,12.961143581319849,13.228819372673195,31784540.0,599971712.0
2025-08-20,13.256995771763021,13.256995771763021,13.066805077906697,13.193598873810913,15297748.0,285450624.0
2025-08-21,13.15837837494863,13.242907572218108,13.087937377224065,13.116113776313892,14866621.0,277677696.0
2025-08-22,13.116113776313892,13.13724607563126,12.961143581319849,13.038628678816872,17845548.0,329930976.0
2025-08-25,13.05976097813424,13.10202557676898,12.968187681092306,13.08089327745161,19813178.0,367116160.0
2025-08-26,13.031584579044415,13.193598873810913,13.017496379499502,13.130201975858805,20214598.0,376533184.0
2025-08-27,13.123157876086347,13.15837837494863,12.799129286553352,12.806173386325808,23624160.0,435641280.0
2025-08-28,12.792085186780895,12.911834882912654,12.453968397702987,12.693467789966505,19642192.0,354068000.0
2025-08-29,12.693467789966505,12.792085186780895,12.637114991786854,12.700511889738962,12531500.0,226303024.0
2025-09-01,12.693467789966505,12.693467789966505,12.531453495200006,12.601894492924572,15324344.0,273670688.0
2025-09-02,12.608938592697028,12.651203191331767,12.334218701571228,12.42579199861316,15846921.0,280213248.0
2025-09-03,12.432836098385616,12.503277096110182,12.158116207259816,12.186292606349642,13338312.0,232973280.0
2025-09-04,12.186292606349642,12.411703799068249,12.158116207259816,12.298998202708946,15016535.0,261881120.0
2025-09-05,12.277865903391575,12.34830690111614,12.108807508852621,12.32717460179877,11572171.0,200824784.0
2025-09-08,12.291954102936488,12.482144796792811,12.284910003164033,12.475100697020356,12602872.0,221771280.0
2025-09-09,12.453968397702987,12.453968397702987,12.242645404529293,12.291954102936488,10166973.0,177979056.0
2025-09-10,12.313086402253857,12.313086402253857,12.165160307032272,12.186292606349642,8824074.0,153030432.0
2025-09-11,12.17220440680473,12.242645404529293,11.974969613175949,12.242645404529293,14862926.0,255188000.0
2025-09-12,12.20742490566701,12.3060423024814,12.136983907942447,12.214469005439467,12008168.0,208193664.0
2025-09-15,12.186292606349642,12.22855720498438,12.101763409080164,12.136983907942447,10674092.0,184201392.0
2025-09-16,12.17220440680473,12.17220440680473,12.01019011203823,12.108807508852621,10086546.0,173000064.0
2025-09-17,12.059498810445426,12.17220440680473,12.024278311583144,12.059498810445426,9286223.0,159095232.0
2025-09-18,12.101763409080164,12.64415909155931,11.960881413631036,12.369439200433508,37697072.0,660385152.0
2025-09-19,12.291954102936488,12.313086402253857,12.052454710672968,12.066542910217882,17140528.0,295067648.0
2025-09-22,12.045410610900515,12.235601304756837,11.98905781272086,12.038366511128057,9774140.0,167604592.0
2025-09-23,11.98905781272086,12.038366511128057,11.742514320684887,11.79182301909208,13578414.0,227918768.0
2025-09-24,11.749558420457342,11.855219917044188,11.707293821822605,11.819999418181908,8693153.0,145594624.0
2025-09-25,11.79182301909208,11.81295531840945,11.545279527056106,11.552323626828562,14777360.0,244710912.0
2025-09-26,11.495970828648911,11.622764624553126,11.362132932972237,11.503014928421365,11278027.0,183927584.0
2025-09-29,11.488926728876454,11.686161522505234,11.362132932972237,11.615720524780668,11325579.0,185537840.0
2025-09-30,11.587544125690844,11.650941023642952,11.531191327511193,11.545279527056106,6979067.0,114675768.0
2025-10-09,11.545279527056106,11.636852824098039,11.467794429559085,11.636852824098039,9124239.0,149768640.0
2025-10-10,11.629808724325583,11.71433792159506,11.566411826373477,11.665029223187863,8434681.0,139667936.0
2025-10-13,11.411441631379432,11.57345592614593,11.348044733427324,11.55936772660102,10752669.0,175152880.0
2025-10-14,11.55936772660102,11.65798512341541,11.510059028193822,11.55936772660102,8970991.0,147459584.0
2025-10-15,11.580500025918388,11.763646620002255,11.524147227738736,11.735470220912429,10420652.0,173067376.0
2025-10-16,11.700249722050147,11.805911218636995,11.629808724325583,11.650941023642952,9148374.0,152090496.0
2025-10-17,11.622764624553126,11.707293821822605,11.481882629103998,11.488926728876454,7372500.0,121179944.0
2025-10-20,11.488926728876454,11.83408761772682,11.481882629103998,11.71433792159506,12645774.0,210572608.0
2025-10-21,11.71433792159506,11.819999418181908,11.650941023642952,11.735470220912429,8653645.0,144141824.0
2025-10-22,11.693205622277691,11.869308116589103,11.67207332296032,11.805911218636995,9815743.0,164507616.0
2025-10-23,11.79182301909208,11.855219917044188,11.693205622277691,11.827043517954362,8035157.0,134259120.0
2025-10-24,11.827043517954362,11.848175817271732,11.707293821822605,11.721382021367518,7561753.0,126201888.0
2025-10-27,11.728426121139972,11.798867118864537,11.636852824098039,11.735470220912429,9202641.0,153113296.0
2025-10-28,11.735470220912429,11.7566025202298,11.67207332296032,11.693205622277691,6576942.0,109358048.0
2025-10-29,11.686161522505234,11.707293821822605,11.552323626828562,11.636852824098039,7733606.0,127465024.0
2025-10-30,11.622764624553126,11.763646620002255,11.517103127966282,11.524147227738736,8813270.0,145046736.0
2025-10-31,11.481882629103998,11.707293821822605,11.467794429559085,11.693205622277691,9539826.0,157501872.0
2025-11-03,11.693205622277691,11.819999418181908,11.650941023642952,11.805911218636995,10048036.0,167609456.0
2025-11-04,11.79182301909208,12.059498810445426,11.735470220912429,11.883396316134016,16672838.0,281235488.0
2025-11-05,11.770690719774713,12.045410610900515,11.763646620002255,12.01019011203823,17296916.0,293146880.0
2025-11-06,11.960881413631036,11.960881413631036,11.855219917044188,11.932705014541211,10980121.0,185479152.0
2025-11-07,11.876352216361559,12.024278311583144,11.848175817271732,11.98905781272086,9500553.0,161391216.0
2025-11-10,12.003146012265773,12.221513105211924,11.904528615451383,12.20742490566701,18375988.0,316319392.0
2025-11-11,12.115851608625077,12.439880198158074,12.101763409080164,12.334218701571228,20461332.0,356962944.0
2025-11-12,13.337187427894941,13.62046867636343,13.22234367851582,13.252968678350252,22490196.0,393309280.0
2025-11-13,13.18406242872278,13.398437427563803,13.061562429385054,13.344843677853547,17481836.0,302346592.0
2025-11-14,13.352499927812156,13.750624925659766,13.306562428060507,13.452031177274058,26329722.0,466302816.0
2025-11-17,13.51328117694292,13.536249926818744,13.061562429385054,13.138124928971134,20148492.0,346476448.0
2025-11-18,13.130468679012525,13.22234367851582,12.885468680337073,12.931406180088722,14508449.0,245746592.0
2025-11-19,12.923749930130112,12.946718680005937,12.671093681496053,12.694062431371876,11822450.0,196962816.0
2025-11-20,12.778281180916565,12.778281180916565,12.472031182572247,12.502656182406678,11992494.0,196969184.0
2025-11-21,12.449062432696426,12.556249932116934,12.004999935097166,12.004999935097166,16387721.0,261297664.0
2025-11-24,12.012656185055775,12.188749934103756,12.004999935097166,12.127499934434892,7533785.0,119061544.0
2025-11-25,12.127499934434892,12.31124993344148,12.119843684476285,12.234687433855404,7443675.0,119077536.0
2025-11-26,12.21171868397958,12.46437493261364,12.196406184062363,12.3265624333587,9425419.0,152197312.0
2025-11-27,12.249999933772619,12.3265624333587,12.142812434352109,12.181093684145148,6512074.0,103760272.0
2025-11-28,12.196406184062363,12.219374933938187,12.096874934600462,12.188749934103756,4782559.0,75925496.0
2025-12-01,12.20406243402097,12.31124993344148,12.1351561843935,12.31124993344148,5679833.0,90791800.0
2025-12-02,12.265312433689834,12.372499933110346,12.219374933938187,12.303593683482875,5939116.0,95421600.0
2025-12-03,12.265312433689834,12.410781182903385,12.165781184227933,12.265312433689834,7700871.0,123542184.0
2025-12-04,12.242343683814012,12.257656183731228,12.112187434517677,12.1351561843935,6593710.0,104797568.0
2025-12-05,12.119843684476285,12.196406184062363,11.905468685635265,12.196406184062363,7491731.0,118046048.0
2025-12-08,12.196406184062363,12.227031183896797,12.127499934434892,12.196406184062363,7644022.0,121513296.0
2025-12-09,12.17343743418654,12.188749934103756,12.050937434848814,12.066249934766029,5619319.0,88986480.0
2025-12-10,12.0356249349316,12.10453118455907,11.997343685138558,12.058593684807422,4874611.0,76723320.0
2025-12-11,12.050937434848814,12.050937434848814,11.790624936256146,11.798281186214753,8677252.0,134907488.0
2025-12-12,11.790624936256146,11.874843685800833,11.729374936587282,11.805937436173362,6706001.0,103392064.0
2025-12-15,11.744687436504499,11.782968686297538,11.652812437001204,11.668124936918419,6886060.0,105344592.0
2025-12-16,11.645156187042597,11.706406186711458,11.469062437994616,11.476718687953223,8413434.0,126620472.0
2025-12-17,11.41546868828436,11.637499937083987,11.392499938408536,11.576249937415124,8581811.0,129420720.0
2025-12-18,11.537968687622087,12.081562434683246,11.476718687953223,11.997343685138558,20855516.0,323639296.0
2025-12-19,11.905468685635265,11.982031185221343,11.752343686463107,11.890156185718048,14449589.0,224044880.0
2025-12-22,11.836562436007794,11.88249993575944,11.759999936421714,11.798281186214753,7911777.0,121899264.0
2025-12-23,11.790624936256146,11.81359368613197,11.660468686959812,11.668124936918419,7026719.0,107531784.0
2025-12-24,11.652812437001204,11.706406186711458,11.62984368712538,11.683437436835636,5390919.0,82178632.0
2025-12-25,11.645156187042597,11.69874993675285,11.637499937083987,11.668124936918419,5162599.0,78701472.0
2025-12-26,11.668124936918419,11.81359368613197,11.645156187042597,11.714062436670067,6895713.0,105692512.0
2025-12-29,11.660468686959812,11.675781186877028,11.537968687622087,11.545624937580694,7935209.0,120119440.0
2025-12-30,11.537968687622087,11.568593687456517,11.453749938077399,11.461406188036007,7910196.0,118756256.0
2025-12-31,11.44609368811879,11.492031187870438,11.331249938739672,11.331249938739672,8264594.0,122868080.0
2026-01-05,11.331249938739672,11.438437438160182,11.262343689112202,11.430781188201575,8068601.0,120061440.0
2026-01-06,11.461406188036007,11.576249937415124,11.430781188201575,11.576249937415124,8366831.0,126057256.0
2026-01-07,11.59156243733234,11.599218687290948,11.469062437994616,11.476718687953223,7860465.0,118272616.0
2026-01-08,11.453749938077399,11.537968687622087,11.44609368811879,11.492031187870438,8482072.0,127290408.0
2026-01-09,11.492031187870438,11.752343686463107,11.492031187870438,11.73703118654589,14863593.0,226475376.0
2026-01-12,11.752343686463107,11.905468685635265,11.683437436835636,11.905468685635265,13399853.0,206581376.0
2026-01-13,11.936093685469695,12.196406184062363,11.790624936256146,11.936093685469695,20317332.0,318639072.0
2026-01-14,11.936093685469695,12.303593683482875,11.851874935925009,12.272968683648443,29921428.0,474738688.0
2026-01-15,12.288281183565658,12.403124932944776,12.10453118455907,12.334218683317305,22617112.0,361746592.0
2026-01-16,12.341874933275914,12.349531183234522,11.951406185386912,11.951406185386912,16654123.0,263192320.0
2026-01-19,11.867187435842224,12.46437493261364,11.844218685966402,12.10453118455907,27705228.0,442542048.0
2026-01-20,12.043281184890207,12.127499934434892,11.81359368613197,11.92078118555248,17227876.0,268217120.0
2026-01-21,11.874843685800833,11.92078118555248,11.77531243633893,11.836562436007794,8903188.0,137827184.0
2026-01-22,11.828906186049185,11.936093685469695,11.805937436173362,11.88249993575944,7216366.0,111908128.0
2026-01-23,12.265312433689834,12.663437431537444,12.150468684310717,12.586874931951368,51899424.0,842596736.0
2026-01-26,12.39546868298617,12.449062432696426,12.188749934103756,12.295937433524266,27236464.0,437567648.0
2026-01-27,12.31890618340009,12.31890618340009,11.905468685635265,12.027968684972992,21227164.0,333261120.0
2026-01-28,11.974374935262736,12.349531183234522,11.905468685635265,12.096874934600462,20800724.0,330400896.0
2026-01-29,12.004999935097166,12.39546868298617,11.790624936256146,12.165781184227933,22925836.0,363766272.0
2026-01-30,12.165781184227933,12.227031183896797,11.759999936421714,11.767656186380322,22611078.0,351416608.0
2026-02-02,11.691093686794243,11.744687436504499,11.499687437829046,11.530312437663477,13475048.0,204508240.0
2026-02-03,11.530312437663477,11.668124936918419,11.499687437829046,11.62984368712538,7765266.0,117535864.0
2026-02-04,11.583906187373733,11.706406186711458,11.560937437497909,11.706406186711458,7771479.0,118202464.0
2026-02-05,11.660468686959812,11.77531243633893,11.645156187042597,11.69874993675285,7444131.0,113920176.0
2026-02-06,11.721718686628675,11.77531243633893,11.652812437001204,11.652812437001204,7353848.0,112408048.0
2026-02-09,11.683437436835636,11.729374936587282,11.660468686959812,11.706406186711458,7198970.0,110005408.0
2026-02-10,11.744687436504499,11.744687436504499,11.652812437001204,11.675781186877028,5411732.0,82629864.0
2026-02-11,11.675781186877028,11.69874993675285,11.59156243733234,11.599218687290948,5799390.0,88124664.0
2026-02-12,11.583906187373733,11.614531187208165,11.44609368811879,11.492031187870438,8294564.0,124689808.0
2026-02-13,11.48437493791183,11.530312437663477,11.407812438325752,11.407812438325752,7077172.0,105954928.0
2026-02-24,11.492031187870438,11.51499993774626,11.423124938242967,11.438437438160182,4908979.0,73490808.0
2026-02-25,11.461406188036007,11.560937437497909,11.453749938077399,11.499687437829046,6820790.0,102664536.0
2026-02-26,11.545624937580694,11.545624937580694,11.392499938408536,11.41546868828436,7598492.0,113457328.0
2026-02-27,11.407812438325752,11.453749938077399,11.369531188532711,11.453749938077399,5199570.0,77514528.0
2026-03-02,11.377187438491319,11.384843688449926,11.155156189691692,11.19343743948473,9975103.0,146454240.0
2026-03-03,11.162812439650299,11.292968688946633,11.070937440147006,11.093906190022828,7979267.0,116338032.0
2026-03-04,11.04796869027118,11.070937440147006,10.757031191844082,10.779999941719906,9776906.0,138896240.0
2026-03-05,10.856562441305984,10.894843691099023,10.787656191678513,10.818281191512945,5462658.0,77315816.0
2026-03-06,10.818281191512945,10.94078119085067,10.787656191678513,10.933124940892062,5792932.0,82391920.0
2026-03-09,10.864218691264591,10.887187441140416,10.764687441802689,10.864218691264591,8283018.0,116961080.0
2026-03-10,10.871874941223199,10.986718690602318,10.871874941223199,10.986718690602318,6106585.0,87302880.0
2026-03-11,10.971406190685101,10.979062440643709,10.917812440974847,10.948437440809279,4982994.0,71268896.0
2026-03-12,10.956093690767887,10.971406190685101,10.864218691264591,10.90249994105763,5610398.0,79946904.0
2026-03-13,10.871874941223199,11.002031190519533,10.864218691264591,10.956093690767887,7085889.0,101439296.0
2026-03-16,10.956093690767887,11.032656190353965,10.925468690933455,11.01734369043675,5344060.0,76704776.0
2026-03-17,11.040312440312572,11.08624994006422,10.925468690933455,10.948437440809279,6092068.0,87636272.0
2026-03-18,10.948437440809279,10.979062440643709,10.810624941554336,10.894843691099023,5992239.0,85030488.0
2026-03-19,10.818281191512945,10.864218691264591,10.619218692589138,10.657499942382179,8667323.0,121128816.0
2026-03-20,10.634531192506355,10.703437442133826,10.450781193499767,10.473749943375589,7233066.0,99513368.0
2026-03-23,10.32828119416204,10.32828119416204,9.799999947018096,9.868906196645566,11961755.0,156923296.0
2026-03-24,10.006718695900508,10.067968695569371,9.845937446769742,10.067968695569371,7549771.0,98320240.0
2026-03-25,10.075624945527979,10.236406194658745,10.044999945693547,10.198124944865706,7005454.0,93088128.0
2026-03-26,10.190468694907098,10.289999944368999,10.090937445445194,10.221093694741528,8553464.0,113824024.0
2026-03-27,10.121562445279627,10.39718744378951,10.090937445445194,10.335937444120647,7451484.0,100420656.0
2026-03-30,10.267031194493176,10.42781244362394,10.244062444617354,10.42781244362394,6868836.0,93017232.0
2026-03-31,10.389531193830903,10.54265619300306,10.351249944037862,10.35890619399647,5986747.0,81716496.0
2026-04-01,10.42781244362394,10.489062443292804,10.320624944203432,10.450781193499767,6745951.0,91879656.0
2026-04-02,10.458437443458374,10.871874941223199,10.389531193830903,10.734062441968257,17811864.0,247503696.0
2026-04-03,10.573281192837491,10.642187442464962,10.374218693913686,10.374218693913686,11609074.0,159016192.0
2026-04-07,10.351249944037862,10.443124943541159,10.167499945031274,10.389531193830903,7277107.0,98184432.0
2026-04-08,10.466093693416981,10.603906192671923,10.42781244362394,10.550312442961667,7624439.0,104663800.0
2026-04-09,10.50437494321002,10.588593692754708,10.259374944534569,10.259374944534569,8417397.0,114175152.0
2026-04-10,10.297656194327608,10.404843693748118,10.274687444451784,10.305312444286216,5149605.0,69545848.0
2026-04-13,10.267031194493176,10.305312444286216,10.205781194824313,10.228749944700137,4784443.0,64022744.0
2026-04-14,10.236406194658745,10.351249944037862,10.152187445114057,10.335937444120647,7072538.0,94640088.0
2026-04-15,10.43546869358255,10.642187442464962,10.39718744378951,10.573281192837491,13176766.0,181253888.0
2026-04-16,10.557968692920275,10.588593692754708,10.42781244362394,10.557968692920275,8709779.0,119416264.0
2026-04-17,10.50437494321002,10.573281192837491,10.42781244362394,10.51203119316863,6118288.0,83938256.0
2026-04-20,10.458437443458374,10.50437494321002,10.374218693913686,10.458437443458374,5261241.0,71806152.0
2026-04-21,10.420156193665333,10.527343693085845,10.420156193665333,10.458437443458374,4010679.0,54734076.0
2026-04-22,10.42781244362394,10.596249942713316,10.343593694079255,10.50437494321002,7024751.0,96330888.0
2026-04-23,10.772343691761296,11.170468689608906,10.772343691761296,10.971406190685101,28389000.0,406131168.0
2026-04-24,10.894843691099023,10.910156191016238,10.734062441968257,10.749374941885472,12189050.0,171680320.0
2026-04-27,10.749374941885472,10.79531244163712,10.642187442464962,10.72640619200965,8155941.0,114167968.0
2026-04-28,10.711093692092433,10.818281191512945,10.588593692754708,10.619218692589138,6795736.0,94743056.0
2026-04-29,10.619218692589138,10.83359369143016,10.5809374427961,10.802968691595728,8726998.0,122810376.0
2026-04-30,10.734062441968257,10.841249941388767,10.657499942382179,10.718749942051042,7377728.0,103524112.0
2026-05-06,10.718749942051042,10.764687441802689,10.61156244263053,10.642187442464962,8114430.0,113086328.0
2026-05-07,10.642187442464962,10.695781192175218,10.550312442961667,10.588593692754708,5721152.0,79174784.0
2026-05-08,10.573281192837491,10.626874942547747,10.489062443292804,10.50437494321002,7581718.0,104301008.0
2026-05-11,10.51203119316863,10.642187442464962,10.450781193499767,10.61156244263053,8911872.0,122904256.0
2026-05-12,10.619218692589138,10.626874942547747,10.374218693913686,10.374218693913686,9031094.0,123177200.0
2026-05-13,10.366562443955079,10.43546869358255,10.305312444286216,10.335937444120647,5870061.0,79254176.0
2026-05-14,10.335937444120647,10.374218693913686,10.228749944700137,10.251718694575962,6741833.0,90516944.0
2026-05-15,10.267031194493176,10.305312444286216,10.03734369573494,10.10624994536241,8000236.0,106090144.0
2026-05-18,9.953124946190252,10.029687445776332,9.654531197804545,9.74640619730784,11635549.0,148335856.0
2026-05-19,9.692812447597586,9.89187494652139,9.692812447597586,9.830624946852527,6126920.0,78447304.0
2026-05-20,9.777031197142271,9.81531244693531,9.52437494850821,9.608593698052898,8515803.0,106915688.0
2026-05-21,9.623906197970115,9.700468697556193,9.417187449087702,9.432499949004917,7859147.0,98293456.0
2026-05-22,9.470781198797955,9.486093698715173,9.34828119946023,9.363593699377446,7933703.0,97240024.0
2026-05-25,9.371249949336054,9.409531199129093,9.256406199956935,9.325312449584406,7725300.0,94177648.0
2026-05-26,9.325312449584406,9.363593699377446,9.233437450081112,9.332968699543013,6864024.0,83475320.0
2026-05-27,9.332968699543013,9.547343698384035,9.287031199791368,9.509062448590996,11070522.0,136341888.0
2026-05-28,9.45546869888074,9.486093698715173,9.195156200288071,9.248749949998327,9199794.0,112019904.0
2026-05-29,9.248749949998327,9.440156198963525,9.210468700205288,9.386562449253269,9001204.0,110056616.0
2026-06-01,9.386562449253269,9.608593698052898,9.363593699377446,9.585624948177074,8764735.0,108821224.0
2026-06-02,9.577968698218466,9.616249948011506,9.440156198963525,9.447812448922132,6871174.0,85372104.0
2026-06-03,9.478437448756564,9.532031198466818,9.248749949998327,9.279374949832759,6245642.0,75949576.0
2026-06-04,9.287031199791368,9.332968699543013,8.980781201447051,9.003749951322876,8375143.0,99465992.0
2026-06-05,9.110937450743386,9.210468700205288,9.034374951157307,9.087968700867561,6160534.0,73324792.0
2026-06-08,9.080312450908954,9.164531200453641,8.819999952316286,8.95015620161262,7777854.0,91135440.0
2026-06-09,8.973124951488444,8.973124951488444,8.827656202274893,8.896562451902364,5311302.0,61642508.0
2026-06-10,8.84296870219211,9.064999950991737,8.84296870219211,9.064999950991737,7925361.0,92573200.0
2026-06-11,9.034374951157307,9.072656200950346,8.84296870219211,8.942499951654012,5708422.0,66646844.0
2026-06-12,8.988437451405659,9.317656199625798,8.896562451902364,9.264062449915542,13074868.0,157260928.0
2026-06-15,9.271718699874151,9.355937449418839,9.233437450081112,9.325312449584406,7490152.0,90977816.0
2026-06-16,9.332968699543013,9.340624949501622,9.1262499506606,9.149218700536425,7710726.0,92520888.0
2026-06-17,9.110937450743386,9.210468700205288,8.942499951654012,9.064999950991737,7884467.0,93254480.0
2026-06-18,9.026718701198698,9.1262499506606,8.888906201943756,9.049687451074522,6011035.0,70773184.0
2026-06-22,8.957812451571227,9.026718701198698,8.7357812027716,8.988437451405659,8374377.0,96853488.0
2026-06-23,8.95015620161262,9.233437450081112,8.91187495181958,9.087968700867561,7906000.0,94215904.0
2026-06-24,9.087968700867561,9.172187450412249,8.827656202274893,8.8353124522335,7887549.0,92440976.0
2026-06-25,8.812343702357678,8.827656202274893,8.559687453723617,8.712812452895776,7657398.0,86885896.0
2026-06-26,8.674531203102736,8.72812495281299,8.40656245455146,8.414218704510068,8258125.0,91700192.0
2026-06-29,8.391249954634246,8.720468702854383,8.169218705834615,8.62093745339248,11405457.0,126754184.0
2026-06-30,8.597968703516658,8.62093745339248,8.33765620492399,8.391249954634246,8023451.0,88226248.0
2026-07-01,8.391249954634246,8.682187453061344,8.314687455048166,8.643906203268303,9965660.0,111407064.0
2026-07-02,8.636249953309695,8.881249951985149,8.613281203433873,8.819999952316286,11046856.0,126549256.0
2026-07-03,11.3,11.52,11.23,11.47,8198029.0,93604816.0
2026-07-06,11.49,11.75,11.35,11.69,9717265.0,112751576.0
2026-07-07,11.69,11.73,11.35,11.38,7511820.0,86146632.0
2026-07-08,11.4,11.6,11.23,11.51,6294314.0,72186688.0
2026-07-09,11.43,11.6,11.24,11.26,6571108.0,74760944.0
2026-07-10,11.33,11.57,11.12,11.41,8232395.0,93636024.0
2026-07-13,11.47,11.6,11.33,11.45,9853135.0,113157616.0
2026-07-14,11.39,12.13,11.35,11.94,22363256.0,266232304.0
2026-07-15,11.83,12.43,11.72,12.33,22439208.0,273738304.0
2026-07-16,12.22,12.58,12.11,12.5,17628516.0,218345504.0
2026-07-17,12.46,12.7,12.27,12.27,17466874.0,217644480.0
2026-07-20,12.28,12.48,12.17,12.39,13950583.0,172054528.0
2026-07-21,12.41,12.65,12.27,12.3,15064405.0,187562352.0
2026-07-22,12.28,12.36,12.11,12.3,12844029.0,157034656.0
2026-07-23,12.2,12.38,12.13,12.34,10046510.0,123172224.0
2026-07-24,12.3,12.37,11.96,11.97,7685876.0,93137504.0
2026-07-27,11.92,12.35,11.87,12.23,8859070.0,108042704.0
2026-07-28,12.18,12.34,12.11,12.32,7760700.0,94967856.0
2026-07-29,12.41,12.6,12.35,12.55,9831193.0,123136408.0
2026-07-30,12.59,12.89,12.49,12.73,12222179.0,155583872.0
2026-07-31,12.6,12.95,12.52,12.81,12794671.0,162977424.0
2026-08-03,12.75,13.02,12.73,12.95,9400037.0,121520232.0
2026-08-04,12.91,13.04,12.65,12.67,11358294.0,145429440.0
2026-08-05,12.65,12.74,12.48,12.56,9261636.0,116362624.0
2026-08-06,12.54,12.56,12.2,12.39,11126774.0,137514064.0
2026-08-07,12.35,12.42,12.18,12.39,10299836.0,126798648.0
2026-08-10,12.44,12.91,12.37,12.74,14103702.0,179636928.0
2026-08-11,13.14,14.01,13.02,14.01,32454274.0,445995552.0
2026-08-12,14.09,14.09,13.51,13.62,48451840.0,665154048.0
2026-08-13,13.62,13.71,13.35,13.44,26222482.0,354885120.0
2026-08-14,13.44,14.19,13.36,13.58,35646408.0,490038176.0
2026-08-17,13.54,13.54,13.01,13.23,23752332.0,313448544.0
2026-08-18,13.2,13.4,13.15,13.27,15792794.0,209107088.0
2026-08-19,13.26,13.42,13.03,13.09,16145060.0,213208800.0
2026-08-20,13.25,13.51,13.11,13.27,19094460.0,254761840.0
2026-08-21,13.12,13.59,12.88,13.2,23388930.0,311689088.0
2026-08-24,13.19,13.29,12.96,13.01,11671930.0,152525744.0
2026-08-25,13.01,13.26,12.92,13.22,10753802.0,141572816.0
2026-08-26,13.2,13.29,12.93,13.04,12802718.0,167157488.0
2026-08-27,13.01,13.05,12.75,12.87,14316616.0,184352208.0
2026-08-28,13.05,13.25,13.01,13.18,15056714.0,198216832.0
2026-08-31,13.1,13.18,12.95,13.13,9787731.0,127874488.0
2026-09-01,13.14,13.27,13.02,13.27,10487044.0,138286720.0
2026-09-02,13.2,13.31,13.0,13.16,10633476.0,139600896.0
2026-09-03,13.16,13.24,13.09,13.19,8676353.0,114239912.0
2026-09-04,13.27,13.55,13.23,13.47,15296834.0,205766624.0
