date,open,high,low,close,volume,amount
2016-06-29,7.79440976761247,9.356131214675077,7.79440976761247,9.356131214675077,29602.0,389934.375
2016-06-30,10.293164082912643,10.293164082912643,10.293164082912643,10.293164082912643,12300.0,178350.0
2016-07-01,11.322480491203907,11.322480491203907,11.322480491203907,11.322480491203907,15081.0,240541.953125
2016-07-04,12.45827790724944,12.45827790724944,12.45827790724944,12.45827790724944,15393.0,270147.15625
2016-07-05,13.707655064899525,13.707655064899525,13.707655064899525,13.707655064899525,16940.0,327111.40625
2016-07-06,15.077710698004449,15.077710698004449,15.077710698004449,15.077710698004449,38400.0,815616.0
2016-07-07,16.58264227426478,16.58264227426478,16.58264227426478,16.58264227426478,27975.0,653496.0
2016-07-08,18.24374599523137,18.24374599523137,18.24374599523137,18.24374599523137,34056.0,875239.1875
2016-07-11,20.06812059475451,20.06812059475451,20.06812059475451,20.06812059475451,110761.0,3131213.5
2016-07-12,22.077062274385046,22.077062274385046,22.077062274385046,22.077062274385046,263480.0,8194228.0
2016-07-13,24.284768501823553,24.284768501823553,24.284768501823553,24.284768501823553,86060.0,2944112.5
2016-07-14,26.71253547862088,26.71253547862088,26.71253547862088,26.71253547862088,81305.0,3059507.25
2016-07-15,29.38165940632788,29.38165940632788,29.38165940632788,29.38165940632788,324925.0,13448646.0
2016-07-18,32.3205352203457,32.3205352203457,32.3205352203457,32.3205352203457,4427990.0,201606384.0
2016-07-19,32.56899090510566,35.30200343746522,30.879492248737925,34.37206930307794,29553336.0,1417796352.0
2016-07-20,33.52022124104379,33.924849070510014,32.15726434178915,32.29214028494456,18703624.0,867676416.0
2016-07-21,31.944302326280614,33.22207441933184,31.234428941252155,31.33381121515614,13825408.0,623136384.0
2016-07-22,30.88659098258821,30.985973256492194,28.572403747395438,29.367461938627308,13557883.0,567711616.0
2016-07-25,28.792464496754263,29.722398631141537,28.089689845576086,29.062216383065074,9247646.0,376198144.0
2016-07-26,29.033821447663936,30.01344671900321,28.536910078144018,29.324869535525604,7930148.0,328707776.0
2016-07-27,29.076413850765643,29.076413850765643,26.584758269315756,27.124262041937385,10465561.0,412204928.0
2016-07-28,26.30080891530437,27.372717726697346,25.98846462589185,26.54216586621405,5848146.0,219165392.0
2016-07-29,26.726732946321444,27.812839225414987,26.307907649154657,27.188150646589943,7421228.0,283994112.0
2016-08-01,26.641548140118033,26.641548140118033,24.90235834679831,25.30698617626453,5490161.0,197773136.0
2016-08-02,25.235998837761684,25.75420640883246,25.129517830007416,25.47735578867136,3349545.0,120003880.0
2016-08-03,25.47735578867136,28.025801240923524,25.2289001039114,28.025801240923524,11126371.0,425407968.0
2016-08-04,28.18197338562979,29.452646744830727,27.976110103971532,28.302651861084623,14439840.0,583360128.0
2016-08-05,27.699259483810437,28.238763256432065,27.188150646589943,27.677963282259583,7382851.0,287617024.0
2016-08-08,27.330125323595638,27.812839225414987,26.10914310134669,27.763148088462994,6728406.0,254863088.0
2016-08-09,27.677963282259583,28.23166452258178,27.330125323595638,27.8980240316184,6915015.0,271557152.0
2016-08-10,27.66376581455901,29.807583437344956,27.401112662098484,28.62209488434743,12050390.0,485488224.0
2016-08-11,28.039998708624093,28.494317675042307,27.046175969584255,27.216545581991085,7580361.0,298511168.0
2016-08-12,26.797720284824294,27.86253036236698,26.691239277070025,27.65666708070873,5916609.0,229093712.0
2016-08-15,27.401112662098484,28.735674625951983,27.046175969584255,28.30975059493491,8953671.0,352226816.0
2016-08-16,28.25296072413263,28.756970827502837,27.954813902420682,28.224565788731493,8185759.0,328130528.0
2016-08-17,28.032899974773812,29.395856874028446,27.65666708070873,28.799563230604544,9733297.0,390278816.0
2016-08-18,28.80666196445483,29.083512584615928,28.18197338562979,28.458824005790888,7497563.0,301972128.0
2016-08-19,28.316849328785192,28.5440088119943,27.429507597499622,28.473021473491453,7538747.0,298231360.0
2016-08-22,28.30975059493491,30.467765685421423,28.18197338562979,29.402955607878734,16277845.0,679918592.0
2016-08-23,28.94863664146052,29.885669509698086,28.366540465737184,29.686904961890118,10769496.0,444013696.0
2016-08-24,29.779188501943818,29.98505178360207,28.96283410916109,29.57332522028556,9991241.0,415314240.0
2016-08-25,29.189993592370193,30.16961886370947,28.224565788731493,30.148322662158613,12221264.0,508477408.0
2016-08-26,30.084434057506055,30.45356821772085,29.282277132423896,30.077335323655767,10526519.0,444347456.0
2016-08-29,29.665608760339264,30.347087209966585,29.324869535525604,30.20511253296089,8291844.0,349684576.0
2016-08-30,30.361284677667154,30.673628967079676,29.963755582051217,30.006347985152924,8080878.0,345165568.0
2016-08-31,29.81468217119524,29.81468217119524,28.80666196445483,29.21838852777133,6656110.0,274033888.0
2016-09-01,28.94863664146052,29.30357333397475,28.416231602689177,29.033821447663936,5112497.0,208167328.0
2016-09-02,28.80666196445483,29.750793566542676,28.465922739641172,29.438449277130157,8467832.0,349864480.0
2016-09-05,29.353264470926742,29.743694832692395,28.764069561353125,29.353264470926742,5492879.0,226980704.0
2016-09-06,29.175796124669628,29.452646744830727,28.515613876593164,29.395856874028446,8572414.0,351283520.0
2016-09-07,29.317770801675316,30.517456822373415,29.119006253867354,30.28319860531402,13770949.0,583866368.0
2016-09-08,30.396778346918577,30.879492248737925,29.601720155686703,29.98505178360207,7805686.0,330577728.0
2016-09-09,29.544930284884423,30.354185943816866,29.473942946381584,29.949558114350644,7328627.0,309860032.0
2016-09-12,29.615917623387272,30.16961886370947,28.749872093652552,29.63011509108784,7135632.0,296798496.0
2016-09-13,29.750793566542676,29.793385969644387,28.820859432155398,28.920241706059382,5709865.0,235735760.0
2016-09-14,28.25296072413263,28.323948062635477,26.98228736493169,27.457902532900757,6817522.0,264775872.0
2016-09-19,27.330125323595638,28.18907211948007,27.19524938044023,28.110986047126943,4592769.0,179092912.0
2016-09-20,28.18197338562979,28.74277335980227,28.004505039372674,28.42333033653946,8762653.0,350025024.0
2016-09-21,28.494317675042307,28.749872093652552,28.224565788731493,28.473021473491453,4348449.0,174064096.0
2016-09-22,28.813760698305117,29.45974547868101,28.430429070389746,29.048018915364505,11437598.0,468285216.0
2016-09-23,28.891846770658248,28.891846770658248,27.599877209906452,27.685062016109864,5142987.0,205180976.0
2016-09-26,27.330125323595638,28.153578450228647,27.209446848140797,27.49339620215218,5207410.0,203036736.0
2016-09-27,27.294631654344215,27.599877209906452,26.123340569047254,27.486297468301895,4984298.0,188579920.0
2016-09-28,27.37981646054763,27.543087339104172,26.847411421776286,27.3940139282482,3821284.0,146317392.0
2016-09-29,27.543087339104172,27.756049354612713,27.081669638835674,27.237841783541935,3901299.0,150043664.0
2016-09-30,27.046175969584255,27.25913798509279,26.76222661557287,27.19524938044023,3551431.0,134942960.0
2016-10-10,27.181051912739658,28.032899974773812,27.08876837268596,27.87672783006755,5223098.0,203121472.0
2016-10-11,27.883826563917836,28.01870250707324,27.479198734451614,27.763148088462994,4947662.0,192939872.0
2016-10-12,27.62827214530759,27.699259483810437,27.401112662098484,27.49339620215218,2298580.0,89105952.0
2016-10-13,27.443705065200188,27.78444429001385,27.06747217113511,27.152656977338523,3968039.0,153764720.0
2016-10-14,27.081669638835674,27.38691519439791,26.62735067241746,27.181051912739658,4643355.0,177347056.0
2016-10-17,26.98228736493169,27.5785810083556,26.840312687926,27.202348114290515,4643894.0,178062544.0
2016-10-18,27.046175969584255,27.685062016109864,26.598955737016325,27.266236718943073,6157545.0,235901792.0
2016-10-19,27.23074304969165,27.66376581455901,27.081669638835674,27.571482274505314,5942519.0,229484128.0
2016-10-20,27.521791137553322,27.890925297768117,27.330125323595638,27.372717726697346,3519581.0,136541328.0
2016-10-21,27.237841783541935,27.330125323595638,26.577659535465468,26.833213954075713,4207245.0,159413696.0
2016-10-24,26.833213954075713,27.0248797680334,26.62025193856718,26.847411421776286,2783432.0,105054744.0
2016-10-25,26.79062155097401,27.27333545279336,26.70543674477059,27.08876837268596,5225275.0,198998848.0
2016-10-26,27.074570904985393,27.074570904985393,26.549264600064333,26.556363333914614,3952526.0,148665872.0
2016-10-27,26.471178527711203,26.691239277070025,26.40728992305864,26.570560801615187,2346779.0,87813728.0
2016-10-28,26.478277261561484,26.63444940626775,25.8748848842873,25.917477287389005,3931902.0,145262000.0
2016-10-31,25.66192286877876,26.10914310134669,25.66192286877876,25.853588682736444,1899989.0,69246872.0
2016-11-01,25.94587222279014,26.1517355044484,25.839391215035874,26.130439302897543,2673160.0,97930000.0
2016-11-02,26.116241835196973,26.116241835196973,25.75420640883246,25.768403876533025,2659575.0,97020432.0
2016-11-03,25.697416538030186,26.471178527711203,25.605132997976483,26.052353230544416,4603540.0,169385008.0
2016-11-04,26.052353230544416,27.30882912204478,25.98846462589185,27.25913798509279,9570328.0,362310560.0
2016-11-07,27.401112662098484,27.82703669311556,26.989386098781978,27.23074304969165,6373518.0,245652464.0
2016-11-08,27.401112662098484,27.528889871403607,26.90420129257856,27.372717726697346,5113156.0,195857632.0
2016-11-09,27.479198734451614,29.23968472932219,27.08876837268596,28.245861990282346,12549141.0,493372000.0
2016-11-10,28.465922739641172,29.22548726162162,28.047097442474378,28.714378424401133,11049155.0,446742912.0
2016-11-11,28.494317675042307,29.02672271381365,28.004505039372674,28.01870250707324,7093985.0,283841376.0
2016-11-14,28.01870250707324,28.387836667288042,27.507593669852753,27.81993795926527,4758298.0,186947840.0
2016-11-15,28.146479716378362,28.380737933437754,27.614074677607018,28.316849328785192,4084937.0,161129952.0
2016-11-16,28.394935401138323,28.522712610443445,27.564383540655026,27.5785810083556,3629300.0,142838192.0
2016-11-17,27.344322791296207,27.564383540655026,27.05327470343454,27.074570904985393,2956131.0,113315200.0
2016-11-18,27.110064574236812,27.599877209906452,27.06037343728482,27.216545581991085,2653154.0,101945352.0
2016-11-21,27.237841783541935,28.302651861084623,26.989386098781978,28.118084780977224,6217688.0,242870976.0
2016-11-22,28.132282248677797,29.360363204777027,28.047097442474378,28.969932843011378,10459844.0,423025440.0
2016-11-23,28.749872093652552,28.764069561353125,27.812839225414987,27.855431628516698,5394539.0,214691152.0
2016-11-24,27.947715168570394,28.380737933437754,27.507593669852753,27.670864548409295,3400897.0,133680376.0
2016-11-25,27.507593669852753,27.65666708070873,26.3788949876575,27.152656977338523,3755653.0,142736320.0
2016-11-28,27.22364431584137,27.22364431584137,26.570560801615187,26.648646873968318,2640629.0,99741024.0
2016-11-29,26.42148739075921,26.95389242953055,26.393092455358072,26.449882326160346,2202784.0,82591480.0
2016-11-30,26.40728992305864,26.73383168017173,26.393092455358072,26.570560801615187,1327379.0,49641236.0
2016-12-01,26.563462067764902,26.691239277070025,26.471178527711203,26.641548140118033,1426477.0,53420896.0
2016-12-02,26.556363333914614,26.740930414022017,25.683219070329613,25.775502610383317,2703215.0,99595024.0
2016-12-05,25.55544186102449,25.889082351987867,25.39217098246795,25.810996279634736,1223177.0,44295140.0
2016-12-06,25.94587222279014,26.116241835196973,25.66192286877876,25.75420640883246,1482837.0,54075264.0
2016-12-07,25.768403876533025,25.903279819688436,25.569639328725064,25.860687416586728,1274920.0,46151116.0
2016-12-08,25.846489948886155,25.889082351987867,25.512849457922783,25.534145659473637,1441152.0,52137552.0
2016-12-09,25.654824134928475,25.654824134928475,24.859765943696605,24.966246951450874,2210857.0,78288840.0
2016-12-12,24.90235834679831,24.90235834679831,22.4674926361507,22.4674926361507,4164044.0,137232560.0
2016-12-13,22.431998966899275,22.50298630540212,21.423978760158864,22.25453062064216,2539860.0,78952464.0
2016-12-14,22.219036951390738,22.60946731315639,21.878297726577077,21.885396460427362,1988100.0,62064768.0
2016-12-15,21.793112920373662,22.36101162839643,21.65823697721826,21.963482532780493,2229329.0,69328784.0
2016-12-16,21.99187746818163,22.29712302374387,21.949285065079927,22.16224708058846,1588290.0,49570176.0
2016-12-19,22.290024289893584,22.573973643904967,22.01317366973249,22.488788837701552,2213077.0,69613272.0
2016-12-20,22.488788837701552,22.60946731315639,22.219036951390738,22.304221757594153,1287803.0,40628804.0
2016-12-21,22.304221757594153,22.573973643904967,22.26872808834273,22.559776176204398,1645258.0,51948972.0
2016-12-22,22.559776176204398,23.305143230484276,22.36101162839643,22.992798941071758,2503897.0,80778208.0
2016-12-23,22.737244522461513,22.971502739520904,22.03446987128334,22.105457209786184,1966978.0,62207040.0
2016-12-26,21.970581266630777,21.970581266630777,20.941264858339515,21.771816718822812,1810304.0,54779696.0
2016-12-27,21.80731038807423,22.0060749358822,21.6369407756674,21.74342178342167,1089350.0,33469440.0
2016-12-28,21.74342178342167,21.899593928127935,21.594348372565698,21.60144710641598,900454.0,27542920.0
2016-12-29,21.608545840266267,21.622743307966836,21.29620155085374,21.38848509090744,1109164.0,33582876.0
2016-12-30,21.438176227859433,21.494966098661713,21.09033826919549,21.140029406147484,1003803.0,30067796.0
2017-01-03,21.154226873848053,21.672434444918828,21.154226873848053,21.57305217101484,1112873.0,33776732.0
2017-01-04,21.707928114170247,22.12675341133704,21.58724963871541,21.97768000048106,1439767.0,44426604.0
2017-01-05,22.0060749358822,22.041568605133623,21.72212558187082,21.75761925112224,1054063.0,32476550.0
2017-01-06,21.608545840266267,21.793112920373662,21.225214212350895,21.239411680051468,1238400.0,37313556.0
2017-01-09,21.30330028470403,21.594348372565698,21.161325607698334,21.480768630961144,894542.0,26940834.0
2017-01-10,21.423978760158864,21.544657235613705,21.29620155085374,21.33879395395545,876970.0,26387436.0
2017-01-11,21.331695220105168,21.331695220105168,20.33077374721504,20.352069948765894,1736543.0,50700832.0
2017-01-12,20.231391473311056,20.479847158071017,19.315654806624345,19.578307959084874,2053158.0,57267700.0
2017-01-13,19.514419354432313,19.57120922523459,18.81164470325414,18.868434574056415,2124653.0,56998904.0
2017-01-16,18.754854832451866,18.754854832451866,17.04405997453328,17.56936627945434,3005287.0,77187360.0
2017-01-17,17.5409713440532,18.144363721327387,16.916282765228154,18.044981447423407,2718647.0,67211744.0
2017-01-18,17.83201943191487,18.17275865672853,17.604859948705762,18.087573850525114,2135889.0,53820260.0
2017-01-19,17.910105504268,18.740657364751293,17.83911816576515,18.705163695499873,1977022.0,51191112.0
2017-01-20,18.81164470325414,19.159482661918084,18.683867493949016,18.882632041756985,3424376.0,91043000.0
2017-01-23,18.67676876009873,19.166581395768368,18.67676876009873,18.804545969403854,2302672.0,61368904.0
2017-01-24,18.790348501703285,18.911026977158123,18.215351059830233,18.328930801434787,1681030.0,44019268.0
2017-01-25,18.24374599523137,18.399918139937636,18.20825232597995,18.314733333734218,1109138.0,28607410.0
2017-01-26,18.364424470686213,18.705163695499873,18.27214093063251,18.584485220045032,1425265.0,37104404.0
2017-02-03,18.52769534924276,19.017507984912392,18.52769534924276,18.5986826877456,1206265.0,31818350.0
2017-02-06,18.655472558547878,18.98201431566097,18.641275090847312,18.918125711008408,2354053.0,62399784.0
2017-02-07,18.854237106355846,18.882632041756985,18.52769534924276,18.655472558547878,1404800.0,36953572.0
2017-02-08,18.655472558547878,18.9678168479604,18.392819406087348,18.90392824330784,2417259.0,63841232.0
2017-02-09,18.946520646409546,19.393740878977475,18.825842170954708,19.053001654163815,2921032.0,78779592.0
2017-02-10,19.102692791115807,19.159482661918084,18.73355863090101,18.740657364751293,1743803.0,46561868.0
2017-02-13,18.67676876009873,19.07429785571467,18.605781421595886,19.038804186463246,1954300.0,52020584.0
2017-02-14,19.10979152496609,19.21627253272036,18.81164470325414,19.024606718762676,1415333.0,37898712.0
2017-02-15,19.081396589564953,19.521518088282598,18.8755333079067,19.436333282079183,3780904.0,102736472.0
2017-02-16,19.32275354047463,21.38138635705716,19.30855607277406,21.38138635705716,7463712.0,216457472.0
2017-02-17,21.38138635705716,21.99187746818163,20.9483635921898,21.168424341548622,10740899.0,323522240.0
2017-02-20,20.841882584435528,21.274905349302887,20.17460160250878,20.352069948765894,6395505.0,185019984.0
2017-02-21,20.43725475496931,20.4869458919213,20.089416796305365,20.387563618017314,4060864.0,116034320.0
2017-02-22,20.380464884167033,20.387563618017314,19.961639587000242,20.089416796305365,2990306.0,84839520.0
2017-02-23,19.961639587000242,20.23849020716134,19.919047183898535,20.153305400957926,2679902.0,75833832.0
2017-02-24,20.153305400957926,20.479847158071017,19.954540853149958,20.323675013364756,2623150.0,74748496.0
2017-02-27,20.323675013364756,20.444353488819594,19.72738136994085,19.74157883764142,2741637.0,77731168.0
2017-02-28,19.734480103791135,19.89775098234768,19.528616822132882,19.748677571491704,2290487.0,63511056.0
2017-03-01,19.74157883764142,20.011330723952234,19.698986434539712,19.80546744229398,1860214.0,51967760.0
2017-03-02,19.80546744229398,19.862257313096258,19.38664214512719,19.457629483630036,2157451.0,59454152.0
2017-03-03,19.500221886731744,19.50732062058203,19.237568734271214,19.443432015929467,1540588.0,42019028.0
2017-03-06,19.486024419031175,20.01842945780252,19.41503708052833,19.961639587000242,2521410.0,70076656.0
2017-03-07,19.876454780796827,20.501143359621867,19.876454780796827,20.42305728726874,3858723.0,109948136.0
2017-03-08,20.302378811813902,20.848981318285816,20.089416796305365,20.792191447483535,4500553.0,130184632.0
2017-03-09,20.62182183507671,20.77799397978297,20.202996537909918,20.27398387641276,3155739.0,91064016.0
2017-03-10,20.28108261026305,20.515340827322436,20.103614264005934,20.366267416466464,2344691.0,67210072.0
2017-03-13,20.380464884167033,20.834783850585247,20.132009199407072,20.770895245932685,3285058.0,95288824.0
2017-03-14,20.6715129720287,20.98385726144122,20.59342689967557,20.934166124489227,4479140.0,131423080.0
2017-03-15,20.7637965120824,21.707928114170247,20.7637965120824,21.36718888935659,6883759.0,206400400.0
2017-03-16,21.29620155085374,22.36101162839643,21.24651041390175,21.956383798930208,7068485.0,218286304.0
2017-03-17,21.935087597379354,21.94218633122964,21.32459648625488,21.438176227859433,4739956.0,144551104.0
2017-03-20,21.438176227859433,21.84990279117594,21.40268255860801,21.814409121924516,3218268.0,98376720.0
2017-03-21,21.920890129678785,22.219036951390738,21.686631912619394,22.20483948369017,3703409.0,114587568.0
2017-03-22,22.0060749358822,22.368110362246714,21.871198992726793,22.20483948369017,3015248.0,94127376.0
2017-03-23,22.197740749839884,22.318419225294722,21.40268255860801,21.8215078557748,4682318.0,144356144.0
2017-03-24,21.80731038807423,21.935087597379354,21.615644574116548,21.629842041817117,2013488.0,61656900.0
2017-03-27,21.764717984972524,21.764717984972524,21.154226873848053,21.211016744650326,2428392.0,73099504.0
2017-03-28,21.23231294620118,21.764717984972524,21.23231294620118,21.32459648625488,1734525.0,52510716.0
2017-03-29,21.331695220105168,21.622743307966836,20.17460160250878,20.7637965120824,3025571.0,89079056.0
2017-03-30,20.88447498753724,20.97675852759094,20.25268767486191,20.56503196427443,2656105.0,77020344.0
2017-03-31,20.494044625771586,20.7637965120824,20.35916868261618,20.600525633525855,1897629.0,54905052.0
2017-04-05,20.600525633525855,21.73632304957139,20.586328165825286,21.686631912619394,1918093.0,57470688.0
2017-04-06,21.65113824336797,21.72212558187082,21.423978760158864,21.686631912619394,2125737.0,64593624.0
2017-04-07,21.672434444918828,21.935087597379354,21.352991421656018,21.86410025887651,2155546.0,65648568.0
2017-04-10,21.97768000048106,22.077062274385046,21.409781292458295,21.715026848020532,2293894.0,70128848.0
2017-04-11,21.700829380319963,21.700829380319963,20.075219328604796,21.38848509090744,2841668.0,84236456.0
2017-04-12,21.03354839839321,21.530459767913133,21.03354839839321,21.147128139997765,1137604.0,34036492.0
2017-04-13,21.005153462992073,21.885396460427362,21.005153462992073,21.65823697721826,1892940.0,57847764.0
2017-04-14,21.459472429410287,22.119654677486754,21.459472429410287,22.077062274385046,3468032.0,106950064.0
2017-04-17,21.8215078557748,22.34681416069586,21.29620155085374,21.715026848020532,3715678.0,115020312.0
2017-04-18,21.608545840266267,21.707928114170247,20.586328165825286,21.154226873848053,3889684.0,115602592.0
2017-04-19,21.118733204596627,21.38138635705716,20.64311803662756,21.331695220105168,1601846.0,47273992.0
2017-04-20,21.29620155085374,22.219036951390738,21.23231294620118,22.148049612887892,3194447.0,98782496.0
2017-04-21,22.0983584759359,22.133852145187323,21.7292243157211,21.970581266630777,1349900.0,41724012.0
2017-04-24,21.38848509090744,21.998976202031916,21.352991421656018,21.949285065079927,1701167.0,51589596.0
2017-04-25,21.86410025887651,22.723047054760944,21.73632304957139,22.63786224855753,5194523.0,163260160.0
2017-04-26,22.60946731315639,23.340636899735703,22.375209096097,23.07798374727517,6725361.0,218011728.0
2017-04-27,22.652059716258098,23.411624238238545,22.183543282139315,23.134773618077453,4461196.0,144013728.0
2017-04-28,22.857922997916354,23.340636899735703,22.80823186096436,22.95020653797005,3480263.0,112928168.0
2017-05-02,22.772738191712936,23.518105245992817,22.36101162839643,23.418722972088833,4484851.0,146050768.0
2017-05-03,23.354834367436272,23.887239406207613,23.092181214975742,23.794955866153916,3605545.0,119770984.0
2017-05-04,23.794955866153916,24.199583695620138,23.454216641340256,24.10730015556644,4174576.0,140887680.0
2017-05-05,23.979522946261316,24.448039380380095,23.134773618077453,23.6174875198968,3611967.0,121115968.0
2017-05-08,23.546500181393956,23.99372041396188,23.23415589198143,23.496809044441964,2479594.0,82307648.0
2017-05-09,23.390328036687695,24.320262171074972,23.056687545724316,24.142793824817858,4037128.0,135592720.0
2017-05-10,24.149892558668146,24.412545711128676,23.63168498759737,23.873041938507047,3766450.0,127859768.0
2017-05-11,23.780758398453347,24.064707752464727,23.425821705939118,23.97242421241103,3034185.0,101252696.0
2017-05-12,23.92273307545904,25.214702636210834,23.709771059950498,24.852667209846317,7662552.0,261969936.0
2017-05-15,24.774581137493186,25.328282377815384,24.362854574176684,25.11532036230685,3915956.0,137864896.0
2017-05-16,25.05853049150457,25.51994819177307,24.91655581449888,25.44186211941994,3416341.0,121764080.0
2017-05-17,25.4134671840188,25.697416538030186,24.987543153001727,25.023036822253147,3314900.0,118441904.0
2017-05-18,25.079826693055423,25.129517830007416,24.504829251182375,24.930753282199447,1852800.0,64642536.0
2017-05-19,24.71069253284063,25.66192286877876,24.71069253284063,24.966246951450874,4293794.0,152709808.0
2017-05-22,24.845568475996032,24.845568475996032,24.213781163320704,24.362854574176684,2305769.0,79418992.0
2017-05-23,24.34865710647611,25.001740620702293,24.064707752464727,24.76038366979262,4077172.0,141081008.0
2017-05-24,24.689396331289775,24.82427227444518,24.135695090967577,24.575816589685218,2022410.0,69777440.0
2017-05-25,24.575816589685218,25.66192286877876,24.561619121984652,25.626429199527337,5569410.0,197730160.0
2017-05-26,25.626429199527337,27.010682300332828,25.4134671840188,26.911300026428844,5771052.0,213081808.0
2017-05-31,27.294631654344215,28.93443917375995,26.97518863108141,28.52981134429373,12605029.0,499435776.0
2017-06-01,28.465922739641172,28.465922739641172,27.046175969584255,27.095867106536247,5957910.0,229339232.0
2017-06-02,26.97518863108141,27.606975943756737,26.251117778352377,27.38691519439791,3533640.0,133963648.0
2017-06-05,27.401112662098484,28.394935401138323,26.97518863108141,27.812839225414987,4259821.0,167065568.0
2017-06-06,27.330125323595638,27.954813902420682,27.124262041937385,27.677963282259583,2652554.0,103324280.0
2017-06-07,27.46500126675104,27.727654419211575,27.131360775787666,27.507593669852753,2598100.0,100284328.0
2017-06-08,27.66376581455901,27.961912636270963,27.330125323595638,27.82703669311556,3376897.0,131709800.0
2017-06-09,27.933517700869828,28.80666196445483,27.933517700869828,28.771168295203406,7030260.0,281619104.0
2017-06-12,28.785365762903975,30.297396073014593,27.8980240316184,28.88474803680796,10746763.0,441626240.0
2017-06-13,28.85635310140682,29.81468217119524,25.995563359742132,28.210368321030927,9725638.0,387590112.0
2017-06-14,27.685062016109864,28.96283410916109,27.237841783541935,28.487218941192026,3418972.0,134121976.0
2017-06-15,28.487218941192026,29.779188501943818,28.139380982528078,29.431350543279873,3967904.0,160456416.0
2017-06-16,29.431350543279873,29.81468217119524,28.5440088119943,29.651411292638695,2010767.0,82995608.0
2017-06-19,29.637213824938126,29.651411292638695,28.394935401138323,29.14740118926849,3052977.0,123961656.0
2017-06-20,29.13320372156792,31.78103144772407,26.229821576801527,26.229821576801527,14424600.0,590851520.0
2017-06-21,23.610388786046514,27.535988605253888,23.610388786046514,23.610388786046514,26580690.0,904077056.0
2017-06-22,22.87112018148798,24.411262954652155,22.87112018148798,22.87112018148798,31291968.0,933882112.0
2017-06-23,21.793020240273062,22.000939514650224,20.83043100704545,21.09995599234918,16338006.0,453525184.0
2017-06-26,20.791927437716346,21.069153136885898,20.19897247004814,20.63021244653411,12854520.0,343262848.0
2017-06-27,20.553205307875903,20.82273029317963,20.437694599888587,20.483898883083516,8139926.0,217452000.0
2017-06-28,20.399191030559482,20.399191030559482,19.452003225063518,19.536711077587547,10845078.0,279025920.0
2017-06-29,19.636820357843217,20.09886318979247,19.56751393305083,19.74463035196471,6696228.0,172359872.0
2017-06-30,19.606017502379935,19.86014105995202,19.30568966161292,19.65222178557486,6723433.0,171329680.0
2017-07-03,19.706126782635604,19.8524403460862,19.575214646916653,19.82933820448874,4650300.0,119225448.0
2017-07-04,19.883243201549487,19.898644629281126,19.621418930111577,19.64452107170904,4271600.0,109329008.0
2017-07-05,19.621418930111577,19.767732493562175,19.56751393305083,19.690725354903964,4224316.0,107892256.0
2017-07-06,19.6676232133065,19.6676232133065,19.04386539017501,19.167076812028146,7276504.0,182757696.0
2017-07-07,19.09777038723576,19.38269680027113,19.090069673369936,19.22868252295471,4179507.0,104513872.0
2017-07-10,19.21328109522307,19.22098180908889,18.581822558225756,18.628026841420684,5789150.0,141338704.0
2017-07-11,18.62032612755486,18.743537549407996,18.273794003592926,18.358501856116952,3813971.0,91575240.0
2017-07-12,18.397005425446057,18.4124068531777,17.46521904768173,18.011969732155013,5121154.0,119086520.0
2017-07-13,17.81175117164367,18.088976870813223,17.742444746851284,17.78864903004621,2863100.0,66465640.0
2017-07-14,17.81175117164367,18.081276156947403,17.573029041803224,17.850254740972776,3562800.0,82632264.0
2017-07-17,17.70394117752218,17.70394117752218,16.063689124102332,16.063689124102332,5472019.0,117379880.0
2017-07-18,15.786463424932784,16.002083413175768,15.247413454325322,15.878871991322633,4700486.0,95497288.0
2017-07-19,15.848069135859348,15.994382699309945,15.709456286274573,15.917375560651738,3123580.0,64377300.0
2017-07-20,15.871171277456812,16.233104829150392,15.824966994261887,15.901974132920095,3436319.0,71626952.0
2017-07-21,15.824966994261887,15.824966994261887,15.370624876178457,15.540040581226515,3313531.0,67165832.0
2017-07-24,15.432230587105021,15.663252003079648,15.293617737520247,15.570843436689797,2839624.0,57061668.0
2017-07-25,15.555442008958156,15.724857714006218,15.540040581226515,15.609347006018902,2367596.0,48047504.0
2017-07-26,15.67095271694547,15.747959855603678,15.355223448446814,15.424529873239203,2422450.0,48804024.0
2017-07-27,15.362924162312634,15.832667708127707,15.362924162312634,15.76336128333532,3620893.0,73640192.0
2017-07-28,15.747959855603678,15.76336128333532,15.516938439629051,15.540040581226515,2531061.0,51383124.0
2017-07-31,15.57854415055562,15.67095271694547,15.447632014836664,15.547741295092337,1601700.0,32339030.0
2017-08-01,15.586244864421438,15.601646292153083,15.455332728702485,15.532339867360696,1922172.0,38712432.0
2017-08-02,15.532339867360696,15.532339867360696,15.15500488793547,15.170406315667112,3048532.0,60716256.0
2017-08-03,15.208909884996217,15.463033442568305,15.101099890874725,15.2397127404595,2542299.0,50433948.0
2017-08-04,15.247413454325322,15.301318451386068,15.13960346020383,15.162705601801294,1938053.0,38309412.0
2017-08-07,15.170406315667112,15.362924162312634,15.131902746338008,15.278216309788606,1479099.0,29311820.0
2017-08-08,15.285917023654427,15.324420592983529,15.131902746338008,15.224311312727858,1666672.0,32884932.0
2017-08-09,15.178107029532935,15.362924162312634,15.116501318606366,15.324420592983529,2109672.0,41750964.0
2017-08-10,15.278216309788606,15.293617737520247,15.06259632154562,15.070297035411443,2411744.0,47448256.0
2017-08-11,14.947085613558308,15.0548956076798,14.754567766912785,14.854677047168456,1905400.0,36865948.0
2017-08-14,14.900881330363383,15.047194893813979,14.86237776103428,15.000990610619054,1414772.0,27524994.0
2017-08-15,15.024092752216518,15.201209171130396,14.993289896753232,15.06259632154562,1906104.0,37322092.0
2017-08-16,15.085698463143084,16.009784127041588,15.016392038350695,15.686354144677113,6032884.0,122208736.0
2017-08-17,15.563142722823978,15.817266280396066,15.524639153494872,15.67095271694547,3358619.0,68209880.0
2017-08-18,15.555442008958156,16.91846836320845,15.47843487029995,16.525731956051587,8616267.0,181286928.0
2017-08-21,16.40252053419845,16.841461224550244,16.32551339554024,16.63354195017308,6109494.0,131470632.0
2017-08-22,16.55653481151487,16.55653481151487,16.248506256882035,16.317812681674425,3879762.0,82338904.0
2017-08-23,16.310111967808602,16.317812681674425,15.886572705188453,16.025185554773227,3302900.0,68875552.0
2017-08-24,15.955879129980842,16.132995548894723,15.709456286274573,15.786463424932784,2304800.0,47754900.0
2017-08-25,15.77106199720114,16.132995548894723,15.7556605694695,16.002083413175768,2563430.0,53225560.0
2017-08-28,15.863470563590992,16.240805543016215,15.809565566530246,16.079090551833975,4206802.0,87702128.0
2017-08-29,16.11759412116308,16.240805543016215,15.955879129980842,16.094491979565618,3677710.0,76833520.0
2017-08-30,16.094491979565618,16.102192693431437,15.955879129980842,15.978981271578304,2101526.0,43649400.0
2017-08-31,16.079090551833975,16.310111967808602,15.955879129980842,16.233104829150392,3998868.0,83964288.0
2017-09-01,15.863470563590992,16.233104829150392,15.863470563590992,16.140696262760542,2940696.0,61422820.0
2017-09-04,16.055988410236512,16.148396976626362,15.878871991322633,15.963579843846663,2603633.0,54014792.0
2017-09-05,15.955879129980842,16.28700982621114,15.894273419054276,16.233104829150392,3253069.0,68094736.0
2017-09-06,16.20230197368711,16.55653481151487,16.186900545955467,16.37171767873517,4550729.0,96803576.0
2017-09-07,16.263907684613677,16.695147661099647,16.263907684613677,16.687446947233827,6368449.0,136677584.0
2017-09-08,16.702848374965466,16.941570504805913,16.417921961930094,16.89536622161099,7578375.0,164810576.0
2017-09-11,16.787556227489496,17.203394776243822,16.65664409177054,17.09558478212233,6153837.0,135490592.0
2017-09-12,17.17259192078054,17.318905484231134,16.787556227489496,16.8260597968186,5200331.0,115117072.0
2017-09-13,16.71824980269711,16.74905265816039,16.518031242185764,16.58733766697815,3297107.0,71101496.0
2017-09-14,16.72595051656293,16.73365123042875,16.494929100588305,16.564235525380692,2599707.0,55987780.0
2017-09-15,16.525731956051587,16.73365123042875,16.425622675795914,16.47182695899084,2417390.0,51975388.0
2017-09-18,16.510330528319944,16.54883409764905,16.356316251003527,16.54113338378323,1971300.0,42138968.0
2017-09-19,16.54113338378323,16.54883409764905,16.28700982621114,16.317812681674425,2029900.0,43272956.0
2017-09-20,16.317812681674425,16.441024103527557,16.317812681674425,16.41022124806427,1625430.0,34531496.0
2017-09-21,16.54113338378323,18.050473301484118,16.417921961930094,17.842554027106956,13942152.0,315090368.0
2017-09-22,17.395912622889345,17.596131183400686,17.057081212793225,17.164891206914717,8710131.0,195990928.0
2017-09-25,17.157190493048898,17.395912622889345,16.518031242185764,16.65664409177054,5476479.0,120484232.0
2017-09-26,16.66434480563636,16.66434480563636,16.186900545955467,16.240805543016215,3800024.0,80619992.0
2017-09-27,16.317812681674425,16.679746233368004,16.263907684613677,16.47182695899084,2566686.0,54914572.0
2017-09-28,16.47182695899084,16.518031242185764,15.886572705188453,15.932776988383381,4033700.0,84537712.0
2017-09-29,15.817266280396066,15.817266280396066,15.540040581226515,15.67865343081129,3168772.0,64495896.0
2017-10-09,15.801864852664425,15.971280557712483,15.694054858542932,15.878871991322633,1786289.0,36688160.0
2017-10-10,15.932776988383381,16.317812681674425,15.824966994261887,16.271608398479497,2835128.0,59375500.0
2017-10-11,16.19460125982129,16.225404115284572,16.009784127041588,16.03288626863905,1985700.0,41526728.0
2017-10-12,15.986681985444127,16.47952767285666,15.986681985444127,16.271608398479497,2670495.0,56393020.0
2017-10-13,16.271608398479497,16.602739094709793,16.171499118223828,16.58733766697815,3907112.0,83486992.0
2017-10-16,16.63354195017308,16.91076764934263,16.20230197368711,16.240805543016215,3883289.0,83338600.0
2017-10-17,16.163798404358005,16.163798404358005,15.724857714006218,15.948178416115022,2660516.0,54977204.0
2017-10-18,15.971280557712483,17.311204770365315,15.963579843846663,16.340914823271884,6357210.0,137232960.0
2017-10-19,16.21000268755293,16.29471054007696,15.709456286274573,15.77876271106696,3737957.0,77330224.0
2017-10-20,15.824966994261887,16.01748484090741,15.709456286274573,15.886572705188453,2197854.0,45186428.0
2017-10-23,15.878871991322633,16.01748484090741,15.77876271106696,15.971280557712483,1541900.0,31836336.0
2017-10-24,15.971280557712483,16.002083413175768,15.601646292153083,15.717157000140395,1744326.0,35694356.0
2017-10-25,15.432230587105021,15.540040581226515,14.870078474900097,15.486135584165769,3625032.0,72145136.0
2017-10-26,15.40142773164174,15.632449147616367,15.347522734580993,15.424529873239203,1963644.0,39385160.0
2017-10-27,15.386026303910098,15.455332728702485,15.162705601801294,15.170406315667112,1951496.0,38672392.0
2017-10-30,15.170406315667112,15.170406315667112,14.10000708831801,14.16161279924458,3561246.0,66900700.0
2017-10-31,14.146211371512939,14.315627076560997,14.10000708831801,14.26172207950025,1516400.0,27980144.0
2017-11-01,14.300225648829356,14.354130645890102,14.153912085378758,14.192415654707862,1449600.0,26762988.0
2017-11-02,14.200116368573685,14.200116368573685,13.653365684100402,13.668767111832043,2491399.0,44778852.0
2017-11-03,13.707270681161148,13.784277819819355,13.229826421480254,13.353037843333388,2192463.0,38304060.0
2017-11-06,13.399242126528312,13.4685485513207,13.237527135346076,13.46084783745488,1287700.0,22356352.0
2017-11-07,13.499351406783985,13.653365684100402,13.437745695857418,13.54555568997891,1289799.0,22684328.0
2017-11-08,13.707270681161148,13.730372822758609,13.576358545442192,13.676467825697866,1276400.0,22623622.0
2017-11-09,13.62256282863712,13.761175678221894,13.576358545442192,13.714971395026968,1083790.0,19233556.0
2017-11-10,13.784277819819355,13.784277819819355,13.406942840394134,13.699569967295327,1124290.0,19927030.0
2017-11-13,13.630263542502938,13.72267210889279,13.47624926518652,13.483949979052344,1212789.0,21354744.0
2017-11-14,13.530154262247269,13.537854976113087,13.260629276943536,13.283731418541,1349869.0,23352090.0
2017-11-15,13.329935701735923,13.453147123589059,13.252928563077717,13.299132846272641,933426.0,16144912.0
2017-11-16,13.245227849211895,13.360738557199209,13.12201642735876,13.237527135346076,1253833.0,21528686.0
2017-11-17,13.276030704675177,13.276030704675177,12.028515058412198,12.13632505253369,3113300.0,50626592.0
2017-11-20,12.12092362480205,12.12092362480205,11.474063660073096,11.774391500840109,1807200.0,27486804.0
2017-11-21,11.620377223523692,11.905303636559065,11.566472226462945,11.681982934450259,1488310.0,22641668.0
2017-11-22,11.705085076047721,11.766690786974289,11.558771512597126,11.658880792852797,1108010.0,16783140.0
2017-11-23,11.705085076047721,11.743588645376827,11.289246527293395,11.312348668890857,1452200.0,21750856.0
2017-11-24,11.381655093683245,11.381655093683245,11.166035105440262,11.281545813427574,1159300.0,16986634.0
2017-11-27,11.320049382756677,11.43556009074399,11.181436533171903,11.219940102501008,948854.0,13904755.0
2017-11-28,11.281545813427574,11.389355807549066,11.173735819306081,11.373954379817423,956122.0,14047876.0
2017-11-29,11.3277500966225,11.458662232341455,11.173735819306081,11.381655093683245,1235990.0,18120298.0
2017-11-30,11.366253665951604,11.520267943268022,11.281545813427574,11.50486651553638,1485654.0,22038920.0
2017-12-01,11.43556009074399,11.774391500840109,11.427859376878171,11.658880792852797,1617518.0,24475434.0
2017-12-04,11.58957436806041,11.728187217645186,11.189137247037722,11.243042244098469,1470700.0,21979100.0
2017-12-05,11.25074295796429,11.312348668890857,10.118738019688623,10.380562291126532,2457700.0,34302992.0
2017-12-06,10.365160863394891,10.488372285248024,10.118738019688623,10.472970857516382,1495832.0,20050272.0
2017-12-07,10.472970857516382,10.54227728230877,10.380562291126532,10.488372285248024,1080909.0,14693849.0
2017-12-08,10.611583707101158,10.71939370122265,10.4421680020531,10.619284420966979,1136664.0,15693620.0
2017-12-11,10.611583707101158,10.8118022676125,10.557678710040413,10.703992273491009,923863.0,12866371.0
2017-12-12,10.703992273491009,10.8118022676125,10.411365146589816,10.426766574321457,1044800.0,14326458.0
2017-12-13,10.434467288187278,10.688590845759368,10.403664432723994,10.650087276430263,1031100.0,14156970.0
2017-12-14,10.796400839880858,10.88110869240489,10.71169298735683,10.819502981478323,1707554.0,23976136.0
2017-12-15,10.827203695344142,10.896510120136531,10.71939370122265,10.819502981478323,1266600.0,17749032.0
2017-12-18,10.819502981478323,10.819502981478323,10.511474426845487,10.650087276430263,1016510.0,14058666.0
2017-12-19,10.757897270551755,10.858006550807426,10.6269851348328,10.71939370122265,1087410.0,15188663.0
2017-12-20,10.71939370122265,10.757897270551755,10.449868715918921,10.519175140711308,933500.0,12820805.0
2017-12-21,10.4421680020531,10.596182279369517,10.265051583139218,10.45756942978474,958109.0,12985475.0
2017-12-22,10.511474426845487,10.673189418027725,10.419065860455635,10.54997799617459,729100.0,9981246.0
2017-12-25,10.557678710040413,10.619284420966979,10.218847299944294,10.303555152468324,1026015.0,13760409.0
2017-12-26,10.303555152468324,10.565379423906233,10.257350869273399,10.54227728230877,1590000.0,21586540.0
2017-12-27,10.596182279369517,10.80410155374668,10.496072999113846,10.642386562564441,1990200.0,27584378.0
2017-12-28,10.657787990296084,10.98891868652638,10.573080137772054,10.734795128954293,2272028.0,31910470.0
2017-12-29,10.71169298735683,10.873407978539067,10.6269851348328,10.842605123075785,1525100.0,21300252.0
2018-01-02,10.8118022676125,10.90421083400235,10.71169298735683,10.80410155374668,1210712.0,16950672.0
2018-01-03,10.80410155374668,10.958115831063099,10.734795128954293,10.88110869240489,1485156.0,20914782.0
2018-01-04,10.88880940627071,10.927312975599813,10.696291559625188,10.727094415088471,1715300.0,24003100.0
2018-01-05,10.750196556685935,11.035122969721305,10.680890131893545,10.98121797266056,1936160.0,27216736.0
2018-01-08,10.98891868652638,10.98891868652638,10.742495842820112,10.827203695344142,1411796.0,19850762.0
2018-01-09,10.819502981478323,10.919612261733993,10.750196556685935,10.780999412149217,1298200.0,18251342.0
2018-01-10,10.665488704161904,10.742495842820112,10.472970857516382,10.565379423906233,1634300.0,22444846.0
2018-01-11,10.54997799617459,10.750196556685935,10.480671571382203,10.703992273491009,1337200.0,18495092.0
2018-01-12,10.773298698283396,10.911911547868172,10.703992273491009,10.765597984417576,1864060.0,26168000.0
2018-01-15,10.703992273491009,10.71169298735683,10.295854438602502,10.326657294065786,1544600.0,21037230.0
2018-01-16,10.27275229700504,10.596182279369517,10.249650155407577,10.411365146589816,1013900.0,13707958.0
2018-01-17,10.342058721797427,10.588481565503695,10.318956580199966,10.565379423906233,1477047.0,20100262.0
2018-01-18,10.54997799617459,10.665488704161904,10.496072999113846,10.603882993235336,1130900.0,15511383.0
2018-01-19,10.619284420966979,10.996619400392202,10.603882993235336,10.71169298735683,2557647.0,35882276.0
2018-01-22,10.596182279369517,10.634685848698622,10.395963718858173,10.503773712979667,1697600.0,23149256.0
2018-01-23,10.503773712979667,11.551070798731304,10.465270143650562,11.551070798731304,7643869.0,112660144.0
2018-01-24,11.474063660073096,11.481764373938917,10.98891868652638,11.15833439157444,7907733.0,114575192.0
2018-01-25,11.019721541989664,11.096728680647873,10.919612261733993,10.98891868652638,3967699.0,56654360.0
2018-01-26,10.950415117197277,10.996619400392202,10.842605123075785,10.97351725879474,2374014.0,33663312.0
2018-01-29,10.97351725879474,11.089027966782053,10.780999412149217,10.796400839880858,2292447.0,32538054.0
2018-01-30,10.650087276430263,10.780999412149217,10.6269851348328,10.657787990296084,1784320.0,24752110.0
2018-01-31,10.642386562564441,11.150633677708619,10.472970857516382,10.773298698283396,4771425.0,67431056.0
2018-02-01,10.249650155407577,10.35746014952907,9.695198757068475,9.695198757068475,3726300.0,47520256.0
2018-02-02,8.855820945694,9.248557352850865,8.786514520901612,8.94822951208385,3207365.0,37372084.0
2018-02-05,8.771113093169971,8.909725942754747,8.647901671316838,8.709507382243403,1716319.0,19548938.0
2018-02-06,8.547792391061165,8.547792391061165,7.839326715405645,7.839326715405645,2465548.0,26195410.0
2018-02-07,8.008742420453705,8.124253128441017,7.53899887463863,7.816224573808183,2005900.0,20390250.0
2018-02-08,7.777721004479078,8.047245989782809,7.739217435149975,8.001041706587884,1506900.0,15548244.0
2018-02-09,7.839326715405645,7.893231712466392,7.53899887463863,7.70071386582087,1913900.0,19197160.0
2018-02-12,7.723816007418332,7.9394359956613165,7.723816007418332,7.900932426332212,1206800.0,12357733.0
2018-02-13,7.931735281795496,8.116552414575196,7.88553099860057,7.908633140198033,1288919.0,13337521.0
2018-02-14,7.908633140198033,7.931735281795496,7.823925287674004,7.870129570868929,697500.0,7126694.0
2018-02-22,7.931735281795496,8.05494670364863,7.908633140198033,8.031844562051166,873900.0,9067385.0
2018-02-23,8.039545275916987,8.23976383642833,7.985640278856241,8.16275669777012,1275440.0,13452607.0
2018-02-26,8.201260267099226,8.547792391061165,8.108851700709375,8.447683110805494,2570331.0,27865986.0
2018-02-27,8.386077399878927,8.609398101987733,8.339873116684002,8.486186680134598,1819539.0,20014000.0
2018-02-28,8.455383824671316,8.470785252402957,8.309070261220718,8.41688025534221,1235979.0,13477447.0
2018-03-01,8.41688025534221,8.547792391061165,8.362975258281464,8.486186680134598,1406700.0,15498186.0
2018-03-02,8.463084538537135,8.524690249463703,8.393778113744748,8.470785252402957,993900.0,10918124.0
2018-03-05,8.501588107866239,8.516989535597881,8.432281683073851,8.493887394000419,939600.0,10348418.0
2018-03-06,8.486186680134598,8.655602385182657,8.478485966268778,8.655602385182657,1474500.0,16452482.0
2018-03-07,8.59399667425609,8.732609523840866,8.532390963329524,8.547792391061165,1067300.0,11949055.0
2018-03-08,8.532390963329524,9.186951641924297,8.493887394000419,8.809616662499074,3445779.0,39667324.0
2018-03-09,8.755711665438328,9.009835223010416,8.640200957451016,8.894324515023104,2477200.0,28365496.0
2018-03-12,9.263958780582506,9.464177341093848,8.709507382243403,9.102243789400267,3041936.0,36083816.0
2018-03-13,9.102243789400267,9.356367346972357,8.994433795278775,9.11764521713191,3147408.0,37407928.0
2018-03-14,9.12534593099773,9.12534593099773,8.886623801157283,8.94822951208385,1942200.0,22699616.0
2018-03-15,8.963630939815493,8.963630939815493,8.40147882761057,8.547792391061165,2528389.0,28322478.0
2018-03-16,8.555493104926986,8.701806668377584,8.509288821732062,8.609398101987733,1401872.0,15738994.0
2018-03-19,8.624799529719374,8.840419517962358,8.57089453265863,8.778813807035792,1326600.0,15090385.0
2018-03-20,8.76341237930415,8.886623801157283,8.59399667425609,8.840419517962358,1408800.0,16013145.0
2018-03-21,8.84812023182818,8.994433795278775,8.794215234767433,8.801915948633253,1821233.0,21090004.0
2018-03-22,8.740310237706687,8.994433795278775,8.740310237706687,8.932828084352208,1673100.0,19365698.0
2018-03-23,8.771113093169971,8.771113093169971,8.039545275916987,8.039545275916987,2122810.0,23137212.0
2018-03-26,7.893231712466392,8.178158125501763,7.631407441028482,8.124253128441017,1477235.0,15183222.0
2018-03-27,8.178158125501763,8.925127370486388,8.178158125501763,8.609398101987733,2352981.0,26259788.0
2018-03-28,8.609398101987733,8.778813807035792,8.470785252402957,8.748010951572507,2461441.0,27668882.0
2018-03-29,8.963630939815493,9.348666633106536,8.717208096109225,8.955930225949672,4611628.0,53820416.0
2018-03-30,8.917426656620567,9.279360208314149,8.86352165955982,9.14074735872937,3466835.0,41087940.0
2018-04-02,8.963630939815493,10.057132308762055,8.963630939815493,9.803008751189967,7993861.0,101065744.0
2018-04-03,9.803008751189967,9.803008751189967,9.240856638985044,9.556585907483699,4415671.0,54332864.0
2018-04-04,9.556585907483699,9.595089476812804,9.263958780582506,9.287060922179968,1979957.0,24251616.0
2018-04-09,9.240856638985044,9.248557352850865,8.971331653681313,9.194652355790119,1660600.0,19648574.0
2018-04-10,9.12534593099773,9.263958780582506,9.102243789400267,9.217754497387581,1482000.0,17686088.0
2018-04-11,9.256258066716684,9.502680910422953,9.163849500326835,9.487279482691312,4049000.0,49286776.0
2018-04-12,9.933920886908922,10.434467288187278,9.579688049081161,9.872315175982354,13768067.0,182443488.0
2018-04-13,9.39487091630146,9.610490904544445,9.002134509144597,9.040638078473702,9401361.0,113439936.0
2018-04-16,8.886623801157283,8.963630939815493,8.755711665438328,8.786514520901612,3077515.0,35352344.0
2018-04-17,8.748010951572507,9.148448072595194,8.748010951572507,8.894324515023104,3253006.0,37688712.0
2018-04-18,8.886623801157283,9.11764521713191,8.486186680134598,9.086842361668626,3509443.0,40351624.0
2018-04-19,9.063740220071162,9.903118031445638,8.940528798218029,9.779906609592503,8088396.0,100392256.0
2018-04-20,9.787607323458326,10.141840161286085,9.518082338154594,10.018628739432952,6604096.0,84554016.0
2018-04-23,10.080234450359518,10.411365146589816,9.779906609592503,10.372861577260712,5376832.0,70495776.0
2018-04-24,10.257350869273399,10.588481565503695,10.064833022627877,10.280453010870861,6253578.0,83490624.0
2018-04-25,10.211146586078472,10.703992273491009,9.972424456238025,10.650087276430263,5923800.0,79812320.0
2018-04-26,10.611583707101158,11.166035105440262,10.365160863394891,10.503773712979667,7146900.0,99018912.0
2018-04-27,10.295854438602502,10.434467288187278,10.064833022627877,10.318956580199966,2977157.0,39538780.0
2018-05-02,10.249650155407577,10.52687585457713,10.18034373061519,10.4421680020531,2631700.0,35505152.0
2018-05-03,10.4421680020531,10.742495842820112,10.318956580199966,10.657787990296084,3376800.0,46312356.0
2018-05-04,10.642386562564441,11.058225111318768,10.52687585457713,10.865707264673247,4622670.0,65063508.0
2018-05-07,10.80410155374668,11.135232249976978,10.750196556685935,11.035122969721305,4067800.0,57990876.0
2018-05-08,11.035122969721305,11.304647955025036,10.965816544928918,11.1429329638428,4876071.0,70515824.0
2018-05-09,11.027422255855486,11.33545081048832,10.703992273491009,10.919612261733993,4372129.0,61958668.0
2018-05-10,10.780999412149217,11.104429394513694,10.703992273491009,10.98121797266056,4510257.0,64041872.0
2018-05-11,10.842605123075785,11.1429329638428,10.80410155374668,10.950415117197277,3095157.0,44076864.0
2018-05-14,10.834904409209964,11.027422255855486,10.773298698283396,10.965816544928918,2876371.0,40735968.0
2018-05-15,10.958115831063099,11.196837960903544,10.865707264673247,11.119830822245335,7523400.0,108077464.0
2018-05-16,11.004320114258022,11.119830822245335,10.935013689465634,11.07362653905041,2295200.0,32803848.0
2018-05-17,11.012020828123845,11.173735819306081,10.8118022676125,11.1429329638428,4039800.0,57726520.0
2018-05-18,11.012020828123845,11.712785789913543,10.919612261733993,11.558771512597126,9267452.0,137442608.0
2018-05-21,11.612676509657872,11.612676509657872,11.004320114258022,11.15833439157444,9571387.0,139147632.0
2018-05-22,11.135232249976978,11.166035105440262,10.788700126015039,11.081327252916232,7018600.0,99970352.0
2018-05-23,11.07362653905041,11.135232249976978,10.45756942978474,10.480671571382203,5452398.0,75895112.0
2018-05-24,10.419065860455635,10.842605123075785,10.419065860455635,10.634685848698622,3404600.0,47118872.0
2018-05-25,10.634685848698622,10.634685848698622,9.887716603713997,9.949322314640563,5490672.0,72558480.0
2018-05-28,9.99552659783549,10.157241589017726,9.718300898665937,10.111037305822803,3644172.0,47191900.0
2018-05-29,10.10333659195698,10.226548013810115,9.73370232639758,9.980125170103848,4595028.0,59765676.0
2018-05-30,9.779906609592503,9.880015889848176,9.641293760007729,9.82611089278743,2680200.0,34005188.0
2018-05-31,9.872315175982354,10.226548013810115,9.718300898665937,10.111037305822803,5011100.0,65410876.0
2018-06-01,10.01092802556713,10.203445872212653,9.795308037324146,10.026329453298771,3291600.0,42893456.0
2018-06-04,10.034030167164593,10.087935164225339,9.625892332276088,9.972424456238025,3096600.0,39689516.0
2018-06-05,10.080234450359518,10.365160863394891,9.903118031445638,10.080234450359518,3832860.0,49954768.0
2018-06-06,12.280781230162829,12.444140604898955,12.030937480566402,12.36726560502313,2720800.0,34600940.0
2018-06-07,12.396093729976565,12.396093729976565,12.059765605519837,12.069374980504316,2225700.0,28264564.0
2018-06-08,12.059765605519837,12.203906230287005,11.531249981373549,11.877187480814754,3039507.0,37033492.0
2018-06-11,12.011718730597448,12.04054685555088,11.636953106202807,11.963671855675056,1656500.0,20477836.0
2018-06-12,11.95406248069058,11.95406248069058,11.646562481187283,11.656171856171763,2593560.0,31607408.0
2018-06-13,11.675390606140718,11.71382810607863,11.242968731839209,11.444765606513247,2559300.0,30367260.0
2018-06-14,11.377499981621902,11.723437481063108,11.271796856792644,11.396718731590857,2017460.0,24126458.0
2018-06-15,11.47359373146668,11.47359373146668,10.253203108437981,10.253203108437981,5236700.0,56785344.0
2018-06-19,9.945703108934685,9.955312483919164,9.224999985098838,9.224999985098838,3371860.0,33390324.0
2018-06-20,9.052031235378236,9.465234359710788,8.98476561048689,9.282656235005707,1985260.0,19217338.0
2018-06-21,9.292265609990185,9.388359359834965,8.725312485905986,8.869453110673156,2068800.0,19502828.0
2018-06-22,8.65804686101464,9.234609360083317,8.65804686101464,9.17695311017645,2288434.0,21674226.0
2018-06-25,9.282656235005707,9.378749984850486,9.042421860393759,9.052031235378236,1879400.0,18031008.0
2018-06-26,9.042421860393759,9.27304686002123,8.859843735688678,9.244218735067795,1262500.0,11980387.0
2018-06-27,9.27304686002123,9.59976560949348,9.234609360083317,9.340312484912575,1821101.0,17827402.0
2018-06-28,9.349921859897053,9.465234359710788,9.148124985223015,9.349921859897053,1426872.0,13846791.0
2018-06-29,9.330703109928098,9.64781248441587,9.186562485160929,9.609374984477958,2537373.0,25014430.0
2018-07-02,9.561328109555568,9.590156234509003,9.340312484912575,9.446015609741833,1642700.0,16194463.0
2018-07-03,9.426796859772876,9.753515609245127,9.359531234881532,9.64781248441587,1762087.0,17548994.0
2018-07-04,9.609374984477958,9.868828109058862,9.397968734819441,9.801562484167516,2418000.0,24181058.0
2018-07-05,10.282031233391415,10.781718732584268,9.724687484291692,9.811171859151996,4935288.0,52473632.0
2018-07-06,9.801562484167516,9.801562484167516,9.186562485160929,9.55171873457109,3095769.0,30556470.0
2018-07-09,9.426796859772876,9.667031234384826,9.40757810980392,9.59976560949348,1758136.0,17535948.0
2018-07-10,9.580546859524524,9.580546859524524,9.397968734819441,9.513281234633178,1678333.0,16594308.0
2018-07-11,9.426796859772876,9.426796859772876,9.013593735440326,9.157734360207494,1550045.0,14843049.0
2018-07-12,9.100078110300627,9.465234359710788,9.100078110300627,9.446015609741833,1953130.0,18982414.0
2018-07-13,9.446015609741833,9.55171873457109,9.388359359834965,9.465234359710788,1250900.0,12320920.0
2018-07-16,9.465234359710788,9.590156234509003,9.45562498472631,9.55171873457109,1135700.0,11278938.0
2018-07-17,9.570937484540046,9.811171859151996,9.45562498472631,9.78234373419856,1579525.0,15832163.0
2018-07-18,9.763124984229606,9.801562484167516,9.638203109431391,9.69585935933826,1274856.0,12904077.0
2018-07-19,9.676640609369304,9.68624998435378,9.378749984850486,9.503671859648701,1363508.0,13480896.0
2018-07-20,9.503671859648701,9.64781248441587,9.369140609866008,9.580546859524524,1198388.0,11877897.0
2018-07-23,9.570937484540046,9.676640609369304,9.503671859648701,9.667031234384826,1272026.0,12705366.0
2018-07-24,9.657421859400348,9.859218734074384,9.64781248441587,9.801562484167516,1868705.0,19019912.0
2018-07-25,9.859218734074384,9.868828109058862,9.753515609245127,9.78234373419856,1351799.0,13783152.0
2018-07-26,9.83039060912095,9.936093733950209,9.78234373419856,9.849609359089907,1799116.0,18456408.0
2018-07-27,9.849609359089907,9.907265608996775,9.667031234384826,9.715078109307214,1414917.0,14353431.0
2018-07-30,9.580546859524524,9.724687484291692,9.369140609866008,9.40757810980392,1381594.0,13731209.0
2018-07-31,9.378749984850486,9.55171873457109,9.378749984850486,9.532499984602135,852260.0,8434502.0
2018-08-01,9.580546859524524,9.69585935933826,9.369140609866008,9.378749984850486,1066728.0,10614307.0
2018-08-02,9.330703109928098,9.397968734819441,8.907890610611066,9.090468735316149,1599920.0,15202522.0
2018-08-03,9.042421860393759,9.244218735067795,9.042421860393759,9.12890623525406,796716.0,7589651.5
2018-08-06,9.119296860269582,9.157734360207494,8.8502343607042,8.94632811054898,861334.0,8074834.0
2018-08-07,8.888671860642111,9.12890623525406,8.859843735688678,9.109687485285104,854523.0,8017006.0
2018-08-08,9.148124985223015,9.16734373519197,8.888671860642111,8.927109360580022,667856.0,6267914.0
2018-08-09,8.927109360580022,9.119296860269582,8.869453110673156,9.052031235378236,950701.0,8949249.0
2018-08-10,9.023203110424802,9.12890623525406,8.94632811054898,9.071249985347192,945302.0,8907843.0
2018-08-13,9.003984360455846,9.138515610238537,8.94632811054898,9.109687485285104,884152.0,8328425.5
2018-08-14,9.12890623525406,9.321093734943618,9.090468735316149,9.292265609990185,1257185.0,12103048.0
2018-08-15,9.349921859897053,9.349921859897053,9.023203110424802,9.042421860393759,1107422.0,10529308.0
2018-08-16,9.003984360455846,9.023203110424802,8.821406235750764,8.907890610611066,944604.0,8786541.0
2018-08-17,8.98476561048689,9.023203110424802,8.744531235874941,8.75414061085942,996754.0,9183893.0
2018-08-20,8.763749985843896,8.782968735812855,8.571562486154338,8.75414061085942,887566.0,8016376.0
2018-08-21,8.792578110797331,8.879062485657633,8.686874985968073,8.773359360828376,931100.0,8489039.0
2018-08-22,8.763749985843896,8.80218748578181,8.677265610983595,8.686874985968073,619319.0,5633360.5
2018-08-23,8.686874985968073,8.811796860766288,8.686874985968073,8.792578110797331,634200.0,5786471.0
2018-08-24,8.792578110797331,8.821406235750764,8.70609373593703,8.744531235874941,503955.0,4599655.5
2018-08-27,8.744531235874941,8.888671860642111,8.734921860890463,8.8502343607042,751220.0,6900863.5
2018-08-28,8.840624985719721,8.888671860642111,8.831015610735243,8.859843735688678,701514.0,6466597.0
2018-08-29,8.89828123562659,8.9367187355645,8.744531235874941,8.763749985843896,792387.0,7257657.5
2018-08-30,8.734921860890463,8.763749985843896,8.619609361076728,8.619609361076728,656767.0,5935721.5
2018-08-31,8.629218736061206,8.648437486030161,8.475468736309558,8.51390623624747,647967.0,5761070.0
2018-09-03,8.456249986340604,8.465859361325082,8.312109361573434,8.437031236371647,788941.0,6880098.5
2018-09-04,8.427421861387169,8.571562486154338,8.350546861511345,8.533124986216427,596493.0,5267870.0
2018-09-05,8.552343736185383,8.590781236123293,8.485078111294037,8.504296861262992,582700.0,5178661.0
2018-09-06,8.504296861262992,8.571562486154338,8.437031236371647,8.533124986216427,634200.0,5618274.0
2018-09-07,8.533124986216427,8.667656235999118,8.533124986216427,8.590781236123293,602599.0,5393035.0
2018-09-10,8.686874985968073,8.686874985968073,8.388984361449257,8.398593736433735,621300.0,5483652.0
2018-09-11,8.398593736433735,8.51390623624747,8.369765611480302,8.475468736309558,365145.0,3210445.0
2018-09-12,8.504296861262992,8.552343736185383,8.437031236371647,8.494687486278515,395400.0,3499734.0
2018-09-13,8.494687486278515,8.590781236123293,8.475468736309558,8.581171861138817,655349.0,5818812.0
2018-09-14,8.56195311116986,8.8502343607042,8.51390623624747,8.715703110921508,1806178.0,16380567.0
2018-09-17,8.619609361076728,8.619609361076728,8.37937498646478,8.388984361449257,1045982.0,9216801.0
2018-09-18,8.369765611480302,8.51390623624747,8.312109361573434,8.494687486278515,527408.0,4634441.0
2018-09-19,8.494687486278515,8.638828111045685,8.475468736309558,8.56195311116986,840752.0,7497803.0
2018-09-20,8.56195311116986,8.590781236123293,8.51390623624747,8.533124986216427,564408.0,5019944.0
2018-09-21,8.581171861138817,8.89828123562659,8.533124986216427,8.744531235874941,1738300.0,15825259.0
2018-09-25,8.773359360828376,8.773359360828376,8.638828111045685,8.696484360952553,1018500.0,9185992.0
2018-09-26,8.696484360952553,8.75414061085942,8.65804686101464,8.65804686101464,878208.0,7949416.0
2018-09-27,8.65804686101464,8.686874985968073,8.456249986340604,8.456249986340604,970700.0,8645766.0
2018-09-28,8.494687486278515,8.590781236123293,8.456249986340604,8.552343736185383,687052.0,6100970.5
2018-10-08,8.504296861262992,8.504296861262992,8.283281236619999,8.292890611604477,531400.0,4631686.0
2018-10-09,8.216015611728654,8.446640611356123,8.216015611728654,8.264062486651044,569100.0,4912473.0
2018-10-10,8.244843736682087,8.340937486526867,8.225624986713132,8.312109361573434,511100.0,4397732.0
2018-10-11,8.14874998683731,8.14874998683731,7.485703112908329,7.552968737799675,1277500.0,10396270.0
2018-10-12,7.543359362815196,7.62023436269102,7.062890613591298,7.466484362939372,897600.0,6902672.0
2018-10-15,7.485703112908329,7.610624987706542,7.331953113156682,7.610624987706542,439776.0,3455876.5
2018-10-16,7.66828123761341,7.66828123761341,7.360781238110116,7.66828123761341,384100.0,3003423.0
2018-10-17,7.6010156127220645,7.773984362442667,7.552968737799675,7.773984362442667,645100.0,5137638.0
2018-10-18,7.783593737427145,7.783593737427145,7.447265612970417,7.543359362815196,525800.0,4138214.0
2018-10-19,7.456874987954895,7.658671862628932,7.226249988327424,7.62023436269102,606000.0,4759516.0
2018-10-22,7.66828123761341,8.350546861511345,7.658671862628932,8.129531236868353,1847200.0,15527766.0
2018-10-23,8.062265611977006,8.158359361821786,7.956562487147748,8.014218737054616,952300.0,8002947.0
2018-10-24,7.985390612101183,8.110312486899396,7.831640612349536,7.889296862256404,1049000.0,8678852.0
2018-10-25,7.6778906125978885,8.014218737054616,7.57218748776863,7.879687487271925,848954.0,6804087.5
2018-10-26,7.81242186238058,7.966171862132226,7.81242186238058,7.918124987209837,519400.0,4274003.0
2018-10-29,7.716328112535799,7.879687487271925,7.687499987582366,7.81242186238058,783500.0,6311521.0
2018-10-30,7.735546862504757,7.822031237365058,7.62023436269102,7.773984362442667,923400.0,7433430.0
2018-10-31,7.76437498745819,7.841249987334013,7.735546862504757,7.831640612349536,1704154.0,13851904.0
2018-11-01,7.831640612349536,7.966171862132226,7.802812487396101,7.831640612349536,1056600.0,8676392.0
2018-11-02,7.860468737302969,8.062265611977006,7.822031237365058,8.033437487023573,1969805.0,16327342.0
2018-11-05,8.05265623699253,8.244843736682087,7.975781237116705,8.110312486899396,2406354.0,20374324.0
2018-11-06,8.110312486899396,8.840624985719721,8.071874986961484,8.782968735812855,5744746.0,50446028.0
2018-11-07,8.56195311116986,9.263437485036752,8.465859361325082,8.907890610611066,8522905.0,79487432.0
2018-11-08,8.744531235874941,8.75414061085942,8.398593736433735,8.542734361200905,4817585.0,42766420.0
2018-11-09,8.494687486278515,8.494687486278515,8.27367186163552,8.321718736557912,2105030.0,18266716.0
2018-11-12,8.23523436169761,8.504296861262992,8.23523436169761,8.446640611356123,2056477.0,17939810.0
2018-11-13,8.312109361573434,8.571562486154338,8.292890611604477,8.552343736185383,2531024.0,22280430.0
2018-11-14,8.485078111294037,8.667656235999118,8.350546861511345,8.360156236495822,2388494.0,21138026.0
2018-11-15,8.340937486526867,8.590781236123293,8.340937486526867,8.571562486154338,2092481.0,18522970.0
2018-11-16,8.571562486154338,8.696484360952553,8.552343736185383,8.600390611107771,2252600.0,20220542.0
2018-11-19,8.638828111045685,8.677265610983595,8.475468736309558,8.629218736061206,1545481.0,13746035.0
2018-11-20,8.571562486154338,8.792578110797331,8.427421861387169,8.427421861387169,2508315.0,22562454.0
2018-11-21,8.408203111418214,8.629218736061206,8.110312486899396,8.629218736061206,1742696.0,15278935.0
2018-11-22,8.782968735812855,8.792578110797331,8.619609361076728,8.696484360952553,1973651.0,17830040.0
2018-11-23,8.696484360952553,8.696484360952553,8.129531236868353,8.13914061185283,1852500.0,16054438.0
2018-11-26,8.13914061185283,8.196796861759697,8.05265623699253,8.05265623699253,597300.0,5055460.0
2018-11-27,8.14874998683731,8.158359361821786,8.071874986961484,8.129531236868353,500300.0,4219015.0
2018-11-28,8.167968736806264,8.331328111542389,8.023828112039094,8.321718736557912,1234177.0,10521270.0
2018-11-29,8.340937486526867,8.340937486526867,8.081484361945963,8.14874998683731,869400.0,7444604.0
2018-11-30,8.033437487023573,8.129531236868353,7.860468737302969,8.062265611977006,1160477.0,9652098.0
2018-12-03,8.13914061185283,8.312109361573434,8.13914061185283,8.292890611604477,1551951.0,13316438.0
2018-12-04,8.292890611604477,8.446640611356123,8.244843736682087,8.408203111418214,1346700.0,11702542.0
2018-12-05,8.27367186163552,8.523515611231948,8.13914061185283,8.504296861262992,1800800.0,15735331.0
2018-12-06,8.792578110797331,9.12890623525406,8.56195311116986,8.600390611107771,5852471.0,53761560.0
2018-12-07,8.41781248640269,8.504296861262992,8.225624986713132,8.254453111666566,3111077.0,26989706.0
2018-12-10,8.27367186163552,8.27367186163552,8.091093736930441,8.091093736930441,882600.0,7481978.0
2018-12-11,8.100703111914918,8.206406236744176,8.081484361945963,8.14874998683731,558100.0,4725837.0
2018-12-12,8.206406236744176,8.225624986713132,8.071874986961484,8.091093736930441,862100.0,7295710.0
2018-12-13,8.129531236868353,8.254453111666566,7.994999987085661,8.225624986713132,1054577.0,8957593.0
2018-12-14,8.225624986713132,8.225624986713132,7.697109362566843,7.841249987334013,1064277.0,8880155.0
2018-12-17,7.81242186238058,7.937343737178793,7.81242186238058,7.937343737178793,582487.0,4771023.5
2018-12-18,7.927734362194315,7.994999987085661,7.81242186238058,7.860468737302969,574000.0,4702000.0
2018-12-19,7.870078112287446,7.879687487271925,7.610624987706542,7.649062487644454,916200.0,7360960.0
2018-12-20,7.543359362815196,7.725937487520277,7.543359362815196,7.697109362566843,666270.0,5300351.5
2018-12-21,7.629843737675499,7.706718737551322,7.629843737675499,7.697109362566843,531900.0,4244730.0
2018-12-24,7.706718737551322,7.81242186238058,7.706718737551322,7.81242186238058,650107.0,5266552.5
2018-12-25,7.81242186238058,7.822031237365058,7.4760937379238515,7.725937487520277,818307.0,6502534.5
2018-12-26,7.783593737427145,7.898906237240881,7.735546862504757,7.860468737302969,816941.0,6648079.5
2018-12-27,7.889296862256404,7.994999987085661,7.649062487644454,7.658671862628932,1960600.0,16156370.0
2018-12-28,7.629843737675499,7.6778906125978885,7.495312487892806,7.610624987706542,745500.0,5895332.0
2019-01-02,7.610624987706542,7.62023436269102,7.5241406128462405,7.533749987830719,509700.0,4010655.0
2019-01-03,7.552968737799675,7.610624987706542,7.466484362939372,7.514531237861763,451500.0,3541676.0
2019-01-04,7.514531237861763,7.6778906125978885,7.370390613094593,7.66828123761341,884900.0,6987077.5
2019-01-07,7.725937487520277,7.783593737427145,7.687499987582366,7.76437498745819,842513.0,6796072.5
2019-01-08,7.773984362442667,7.822031237365058,7.725937487520277,7.783593737427145,618407.0,5002845.5
2019-01-09,7.745156237489234,7.927734362194315,7.745156237489234,7.831640612349536,969400.0,7931267.0
2019-01-10,7.831640612349536,7.879687487271925,7.793203112411623,7.831640612349536,610300.0,4975398.0
2019-01-11,7.831640612349536,7.870078112287446,7.793203112411623,7.8508593623184915,710687.0,5792605.5
2019-01-14,7.841249987334013,7.90851561222536,7.822031237365058,7.860468737302969,793500.0,6494035.0
2019-01-15,7.860468737302969,8.100703111914918,7.822031237365058,7.994999987085661,1162400.0,9630098.0
2019-01-16,7.975781237116705,7.975781237116705,7.90851561222536,7.918124987209837,690600.0,5703855.0
2019-01-17,7.956562487147748,7.956562487147748,7.783593737427145,7.793203112411623,569000.0,4661175.0
2019-01-18,7.81242186238058,7.90851561222536,7.773984362442667,7.860468737302969,556400.0,4534830.0
2019-01-21,7.8508593623184915,8.014218737054616,7.831640612349536,7.975781237116705,1117600.0,9234934.0
2019-01-22,7.927734362194315,8.302499986588955,7.918124987209837,8.23523436169761,2652819.0,22309102.0
2019-01-23,8.091093736930441,8.56195311116986,8.023828112039094,8.475468736309558,4862084.0,41763268.0
2019-01-24,8.37937498646478,8.75414061085942,8.302499986588955,8.571562486154338,8275870.0,74079408.0
2019-01-25,8.408203111418214,8.408203111418214,7.716328112535799,7.783593737427145,5058760.0,41582716.0
2019-01-28,7.66828123761341,7.76437498745819,7.4280468630014616,7.456874987954895,2441968.0,19197332.0
2019-01-29,7.437656237985939,7.437656237985939,7.072499988575777,7.187812488389513,1645135.0,12379081.0
2019-01-30,7.101328113529211,7.207031238358468,7.072499988575777,7.091718738544732,793236.0,5890965.0
2019-01-31,6.976406238730997,7.158984363436079,6.928359363808608,6.976406238730997,1039400.0,7584754.0
2019-02-01,7.0244531136533865,7.1493749884516005,7.014843738668909,7.130156238482645,860094.0,6345313.0
2019-02-11,7.130156238482645,7.38960936306355,7.110937488513689,7.341562488141159,1163694.0,8843317.0
2019-02-12,7.3511718631256375,7.495312487892806,7.312734363187726,7.408828113032505,985800.0,7585358.0
2019-02-13,7.456874987954895,7.533749987830719,7.399218738048027,7.485703112908329,1481300.0,11496155.0
2019-02-14,7.4760937379238515,7.629843737675499,7.360781238110116,7.533749987830719,1243500.0,9724441.0
2019-02-15,7.5241406128462405,7.562578112784153,7.466484362939372,7.495312487892806,822900.0,6432483.0
2019-02-18,7.495312487892806,7.822031237365058,7.495312487892806,7.773984362442667,2370300.0,18930002.0
2019-02-19,7.783593737427145,7.831640612349536,7.610624987706542,7.697109362566843,2077308.0,16649759.0
2019-02-20,7.706718737551322,7.754765612473712,7.649062487644454,7.745156237489234,1201708.0,9630139.0
2019-02-21,7.706718737551322,7.841249987334013,7.649062487644454,7.6778906125978885,1975856.0,15950847.0
2019-02-22,7.706718737551322,7.793203112411623,7.697109362566843,7.773984362442667,2165531.0,17491266.0
2019-02-25,7.831640612349536,8.100703111914918,7.81242186238058,8.071874986961484,3753513.0,31058330.0
2019-02-26,8.05265623699253,8.187187486775219,7.956562487147748,8.033437487023573,3398557.0,28533608.0
2019-02-27,8.00460936207014,8.456249986340604,7.985390612101183,8.360156236495822,5775860.0,49683884.0
2019-02-28,8.254453111666566,8.369765611480302,8.206406236744176,8.264062486651044,2772100.0,23895572.0
2019-03-01,8.302499986588955,8.340937486526867,8.158359361821786,8.244843736682087,1770500.0,15162596.0
2019-03-04,8.283281236619999,8.398593736433735,8.23523436169761,8.254453111666566,4158700.0,35987216.0
2019-03-05,8.216015611728654,8.581171861138817,8.177578111790742,8.465859361325082,5309900.0,46481408.0
2019-03-06,8.475468736309558,8.744531235874941,8.408203111418214,8.648437486030161,6913008.0,61932956.0
2019-03-07,8.648437486030161,8.840624985719721,8.571562486154338,8.773359360828376,5318222.0,48302364.0
2019-03-08,8.648437486030161,8.763749985843896,8.312109361573434,8.321718736557912,4396700.0,39194672.0
2019-03-11,8.321718736557912,8.696484360952553,8.321718736557912,8.677265610983595,3123750.0,27842828.0
2019-03-12,8.75414061085942,8.927109360580022,8.667656235999118,8.782968735812855,3820178.0,35058436.0
2019-03-13,8.840624985719721,8.888671860642111,8.533124986216427,8.686874985968073,2212228.0,20178012.0
2019-03-14,8.648437486030161,8.792578110797331,8.369765611480302,8.456249986340604,2165900.0,19185220.0
2019-03-15,8.437031236371647,8.696484360952553,8.437031236371647,8.629218736061206,1949129.0,17465470.0
2019-03-18,8.677265610983595,8.8502343607042,8.56195311116986,8.821406235750764,2393889.0,21814642.0
2019-03-19,8.879062485657633,8.89828123562659,8.75414061085942,8.821406235750764,1732713.0,15889517.0
2019-03-20,8.917499985595544,8.9367187355645,8.677265610983595,8.831015610735243,2394946.0,21944578.0
2019-03-21,8.907890610611066,8.9367187355645,8.80218748578181,8.89828123562659,2610603.0,24158852.0
2019-03-22,8.840624985719721,9.205781235129884,8.840624985719721,9.042421860393759,3221683.0,30286136.0
2019-03-25,8.811796860766288,9.090468735316149,8.792578110797331,8.94632811054898,2302300.0,21511142.0
2019-03-26,9.042421860393759,9.157734360207494,8.638828111045685,8.715703110921508,2847962.0,26448626.0
2019-03-27,8.734921860890463,8.879062485657633,8.65804686101464,8.859843735688678,2109385.0,19221940.0
2019-03-28,8.869453110673156,9.12890623525406,8.8502343607042,8.975156235502412,3428014.0,32123168.0
2019-03-29,8.927109360580022,9.465234359710788,8.725312485905986,9.17695311017645,6499806.0,61258960.0
2019-04-01,9.138515610238537,9.378749984850486,9.042421860393759,9.340312484912575,5976580.0,57420364.0
2019-04-02,9.321093734943618,9.484453109679743,9.205781235129884,9.330703109928098,5165749.0,50237264.0
2019-04-03,9.282656235005707,9.359531234881532,9.186562485160929,9.31148435995914,3149138.0,30420468.0
2019-04-04,9.321093734943618,9.45562498472631,9.205781235129884,9.263437485036752,3116092.0,30178468.0
2019-04-08,9.27304686002123,9.64781248441587,9.27304686002123,9.55171873457109,5337206.0,52660828.0
2019-04-09,9.561328109555568,9.609374984477958,9.27304686002123,9.378749984850486,3038000.0,29708704.0
2019-04-10,9.4171874847884,9.503671859648701,9.244218735067795,9.321093734943618,2500400.0,24406420.0
2019-04-11,9.349921859897053,9.426796859772876,9.157734360207494,9.16734373519197,2309600.0,22337022.0
2019-04-12,9.234609360083317,9.27304686002123,9.090468735316149,9.224999985098838,1454700.0,13877710.0
2019-04-15,9.27304686002123,9.369140609866008,8.734921860890463,9.003984360455846,1815500.0,17441736.0
2019-04-16,8.98476561048689,9.224999985098838,8.917499985595544,9.205781235129884,1782200.0,16898708.0
2019-04-17,9.224999985098838,9.263437485036752,9.119296860269582,9.205781235129884,1905900.0,18248264.0
2019-04-18,9.27304686002123,9.859218734074384,9.27304686002123,9.494062484664223,7653936.0,76359192.0
2019-04-19,9.340312484912575,9.436406234757355,9.013593735440326,9.215390610114362,4985462.0,47626476.0
2019-04-22,9.215390610114362,9.321093734943618,9.03281248540928,9.03281248540928,2370100.0,22593398.0
2019-04-23,9.080859360331669,9.080859360331669,8.70609373593703,8.773359360828376,2018200.0,18708040.0
2019-04-24,8.831015610735243,8.9367187355645,8.763749985843896,8.917499985595544,1139277.0,10480310.0
2019-04-25,8.9367187355645,8.955937485533457,8.51390623624747,8.533124986216427,2360885.0,21475888.0
2019-04-26,8.533124986216427,8.65804686101464,8.408203111418214,8.648437486030161,1587162.0,14136305.0
2019-04-29,8.619609361076728,8.965546860517934,8.552343736185383,8.65804686101464,2303300.0,20867880.0
2019-04-30,8.571562486154338,9.023203110424802,8.571562486154338,8.927109360580022,2551712.0,23634856.0
2019-05-06,8.744531235874941,8.744531235874941,8.081484361945963,8.264062486651044,1642700.0,14408485.0
2019-05-07,8.360156236495822,8.792578110797331,8.254453111666566,8.792578110797331,2197200.0,19480734.0
2019-05-08,8.696484360952553,9.4171874847884,8.552343736185383,9.148124985223015,4072880.0,38299048.0
2019-05-09,9.013593735440326,9.40757810980392,8.955937485533457,9.292265609990185,4062200.0,38737688.0
2019-05-10,9.301874984974663,9.590156234509003,9.03281248540928,9.494062484664223,11739141.0,114935664.0
2019-05-13,9.138515610238537,9.215390610114362,8.65804686101464,8.8502343607042,6660980.0,61422208.0
2019-05-14,8.56195311116986,8.619609361076728,8.167968736806264,8.331328111542389,5225028.0,45772508.0
2019-05-15,8.321718736557912,8.427421861387169,8.177578111790742,8.37937498646478,2831938.0,24560810.0
2019-05-16,8.37937498646478,8.494687486278515,8.225624986713132,8.446640611356123,2045017.0,17816516.0
2019-05-17,8.475468736309558,8.475468736309558,7.735546862504757,7.745156237489234,4216346.0,35215656.0
2019-05-20,7.745156237489234,7.76437498745819,7.216640613342946,7.514531237861763,2463914.0,19155904.0
2019-05-21,7.543359362815196,7.725937487520277,7.418437488016983,7.66828123761341,1782251.0,14072428.0
2019-05-22,7.591406237737587,7.716328112535799,7.5241406128462405,7.591406237737587,1301242.0,10306712.0
2019-05-23,7.591406237737587,7.629843737675499,7.447265612970417,7.514531237861763,1369611.0,10743678.0
2019-05-24,7.514531237861763,7.581796862753108,7.4280468630014616,7.543359362815196,853700.0,6683730.0
2019-05-27,7.543359362815196,7.735546862504757,7.543359362815196,7.658671862628932,1406311.0,11204294.0
2019-05-28,7.745156237489234,7.754765612473712,7.610624987706542,7.62023436269102,1369000.0,10958890.0
2019-05-29,7.562578112784153,7.745156237489234,7.466484362939372,7.6778906125978885,954900.0,7593996.0
2019-05-30,7.629843737675499,7.66828123761341,7.495312487892806,7.552968737799675,917700.0,7207233.0
2019-05-31,7.591406237737587,7.735546862504757,7.562578112784153,7.66828123761341,1387211.0,11074125.0
2019-06-03,7.754765612473712,7.754765612473712,7.5241406128462405,7.552968737799675,977100.0,7732300.0
2019-06-04,7.639453112659976,7.639453112659976,7.408828113032505,7.418437488016983,1004628.0,7837860.5
2019-06-05,7.485703112908329,7.610624987706542,7.447265612970417,7.495312487892806,775700.0,6069791.0
2019-06-06,7.485703112908329,7.504921862877285,7.303124988203248,7.360781238110116,864800.0,6636834.0
2019-06-10,7.38960936306355,7.581796862753108,7.379999988079071,7.533749987830719,954000.0,7450584.0
2019-06-11,7.57218748776863,7.8508593623184915,7.495312487892806,7.81242186238058,2402300.0,19287740.0
2019-06-12,7.81242186238058,7.831640612349536,7.725937487520277,7.735546862504757,922000.0,7450918.0
2019-06-13,7.745156237489234,7.754765612473712,7.66828123761341,7.735546862504757,784200.0,6301906.0
2019-06-14,7.706718737551322,7.783593737427145,7.495312487892806,7.5241406128462405,1027462.0,8156688.0
2019-06-17,7.687499987582366,7.687499987582366,7.533749987830719,7.639453112659976,640600.0,5059036.0
2019-06-18,7.639453112659976,7.725937487520277,7.57218748776863,7.610624987706542,552794.0,4386802.5
2019-06-19,7.687499987582366,7.802812487396101,7.6778906125978885,7.716328112535799,742900.0,5980735.0
2019-06-20,7.716328112535799,7.831640612349536,7.687499987582366,7.793203112411623,1406528.0,11373496.0
2019-06-21,7.90851561222536,7.966171862132226,7.831640612349536,7.956562487147748,2231914.0,18354276.0
2019-06-24,7.966171862132226,8.033437487023573,7.81242186238058,7.860468737302969,1366860.0,11239241.0
2019-06-25,7.860468737302969,7.879687487271925,7.687499987582366,7.822031237365058,1137000.0,9219421.0
2019-06-26,7.735546862504757,7.8508593623184915,7.735546862504757,7.783593737427145,653800.0,5311370.0
2019-06-27,7.81242186238058,7.918124987209837,7.773984362442667,7.822031237365058,1112700.0,9082332.0
2019-06-28,7.831640612349536,7.831640612349536,7.543359362815196,7.62023436269102,1100200.0,8789287.0
2019-07-01,7.773984362442667,7.90851561222536,7.754765612473712,7.8508593623184915,1516300.0,12366533.0
2019-07-02,7.822031237365058,7.927734362194315,7.754765612473712,7.802812487396101,1279038.0,10415005.0
2019-07-03,7.870078112287446,7.879687487271925,7.697109362566843,7.725937487520277,858038.0,6934504.0
2019-07-04,7.773984362442667,7.793203112411623,7.687499987582366,7.745156237489234,810551.0,6541840.0
2019-07-05,7.716328112535799,7.860468737302969,7.706718737551322,7.802812487396101,918563.0,7426016.0
2019-07-08,7.76437498745819,7.802812487396101,7.408828113032505,7.418437488016983,1987162.0,15559693.0
2019-07-09,7.360781238110116,7.5241406128462405,7.360781238110116,7.456874987954895,723762.0,5605681.5
2019-07-10,7.543359362815196,7.57218748776863,7.447265612970417,7.4760937379238515,797815.0,6239458.0
2019-07-11,7.485703112908329,7.62023436269102,7.4280468630014616,7.495312487892806,794421.0,6230021.0
2019-07-12,7.533749987830719,7.57218748776863,7.466484362939372,7.533749987830719,717299.0,5617966.0
2019-07-15,7.552968737799675,7.639453112659976,7.379999988079071,7.610624987706542,734025.0,5754988.0
2019-07-16,7.610624987706542,7.687499987582366,7.591406237737587,7.687499987582366,568630.0,4516091.5
2019-07-17,7.62023436269102,7.725937487520277,7.6010156127220645,7.706718737551322,573800.0,4579120.0
2019-07-18,7.706718737551322,7.706718737551322,7.466484362939372,7.4760937379238515,702300.0,5493381.0
2019-07-19,7.504921862877285,7.649062487644454,7.495312487892806,7.514531237861763,638900.0,5032259.5
2019-07-22,7.62023436269102,7.62023436269102,7.235859363311902,7.322343738172203,902580.0,6901373.0
2019-07-23,7.331953113156682,7.370390613094593,7.264687488265335,7.3511718631256375,489180.0,3723410.0
2019-07-24,7.379999988079071,7.533749987830719,7.370390613094593,7.447265612970417,674400.0,5230737.0
2019-07-25,7.437656237985939,7.485703112908329,7.360781238110116,7.418437488016983,583300.0,4505943.0
2019-07-26,7.437656237985939,7.437656237985939,7.312734363187726,7.360781238110116,950038.0,7284115.0
2019-07-29,7.341562488141159,7.38960936306355,7.331953113156682,7.360781238110116,551700.0,4221748.0
2019-07-30,7.379999988079071,7.466484362939372,7.360781238110116,7.418437488016983,593003.0,4579851.0
2019-07-31,7.4760937379238515,7.4760937379238515,7.322343738172203,7.379999988079071,602100.0,4625060.0
2019-08-01,7.331953113156682,7.379999988079071,7.24546873829638,7.255078113280858,810200.0,6143407.0
2019-08-02,7.264687488265335,7.264687488265335,7.034062488637865,7.072499988575777,934240.0,6921317.0
2019-08-05,7.053281238606821,7.24546873829638,6.976406238730997,7.130156238482645,779700.0,5791653.0
2019-08-06,7.082109363560255,7.082109363560255,6.7457812391035255,6.87070311390174,1073200.0,7665393.0
2019-08-07,6.851484363932784,6.937968738793085,6.851484363932784,6.8995312388551735,1066900.0,7646337.0
2019-08-08,6.8995312388551735,6.937968738793085,6.851484363932784,6.87070311390174,532700.0,3824006.0
2019-08-09,6.861093738917261,6.937968738793085,6.793828114025916,6.813046863994872,480000.0,3421519.75
2019-08-12,6.803437489010394,6.918749988824129,6.716953114150092,6.909140613839652,570100.0,4065343.0
2019-08-13,6.832265613963828,6.937968738793085,6.803437489010394,6.880312488886218,415600.0,2966436.0
2019-08-14,6.937968738793085,6.966796863746519,6.851484363932784,6.880312488886218,930000.0,6696983.0
2019-08-15,6.803437489010394,6.918749988824129,6.736171864119048,6.909140613839652,687018.0,4867076.5
2019-08-16,6.87070311390174,6.976406238730997,6.841874988948306,6.928359363808608,778804.0,5616153.5
2019-08-19,6.928359363808608,7.101328113529211,6.8995312388551735,7.091718738544732,897598.0,6570844.5
2019-08-20,7.158984363436079,7.264687488265335,7.053281238606821,7.082109363560255,852949.0,6322468.5
2019-08-21,7.082109363560255,7.130156238482645,7.0244531136533865,7.101328113529211,452400.0,3332808.0
2019-08-22,7.101328113529211,7.130156238482645,7.005234363684431,7.072499988575777,654800.0,4806757.0
2019-08-23,7.082109363560255,7.110937488513689,7.014843738668909,7.062890613591298,756800.0,5557884.0
2019-08-26,6.966796863746519,7.062890613591298,6.918749988824129,7.0244531136533865,695100.0,5061632.0
2019-08-27,7.091718738544732,7.216640613342946,7.062890613591298,7.130156238482645,1252604.0,9322192.0
2019-08-28,7.110937488513689,7.255078113280858,7.110937488513689,7.207031238358468,953200.0,7127373.0
2019-08-29,7.207031238358468,7.543359362815196,7.139765613467122,7.370390613094593,1862100.0,14122392.0
2019-08-30,7.716328112535799,7.716328112535799,7.053281238606821,7.062890613591298,3380000.0,25859840.0
2019-09-02,6.976406238730997,7.139765613467122,6.937968738793085,7.139765613467122,1578944.0,11611310.0
2019-09-03,7.139765613467122,7.322343738172203,7.062890613591298,7.255078113280858,2460398.0,18464756.0
2019-09-04,7.226249988327424,7.322343738172203,7.178203113405034,7.274296863249814,2132854.0,16084779.0
2019-09-05,7.255078113280858,7.331953113156682,7.226249988327424,7.274296863249814,2354400.0,17864552.0
2019-09-06,7.264687488265335,7.283906238234292,7.187812488389513,7.283906238234292,1210600.0,9129843.0
2019-09-09,7.303124988203248,7.3511718631256375,7.264687488265335,7.322343738172203,1838864.0,13966364.0
2019-09-10,7.331953113156682,7.360781238110116,7.264687488265335,7.322343738172203,1119341.0,8511912.0
2019-09-11,7.322343738172203,7.3511718631256375,7.293515613218769,7.293515613218769,744942.0,5676402.0
2019-09-12,7.3511718631256375,7.379999988079071,7.264687488265335,7.360781238110116,822928.0,6272744.5
2019-09-16,7.360781238110116,7.418437488016983,7.331953113156682,7.360781238110116,1479100.0,11361715.0
2019-09-17,7.38960936306355,7.485703112908329,7.216640613342946,7.38960936306355,2818257.0,21465428.0
2019-09-18,7.379999988079071,7.57218748776863,7.312734363187726,7.5241406128462405,2545898.0,19734906.0
2019-09-19,7.485703112908329,7.5241406128462405,7.4280468630014616,7.504921862877285,984799.0,7665910.5
2019-09-20,7.495312487892806,7.533749987830719,7.399218738048027,7.418437488016983,1464400.0,11363430.0
2019-09-23,7.360781238110116,7.4760937379238515,7.293515613218769,7.4280468630014616,1176846.0,9009453.0
2019-09-24,7.3511718631256375,7.456874987954895,7.3511718631256375,7.418437488016983,1213042.0,9371468.0
2019-09-25,7.447265612970417,7.591406237737587,7.312734363187726,7.418437488016983,2047289.0,15780767.0
2019-09-26,7.4280468630014616,7.466484362939372,7.331953113156682,7.4280468630014616,1974100.0,15160293.0
2019-09-27,7.4280468630014616,7.456874987954895,7.360781238110116,7.4280468630014616,1016109.0,7835621.5
2019-09-30,7.418437488016983,7.485703112908329,7.274296863249814,7.370390613094593,1088998.0,8320643.0
2019-10-08,7.3511718631256375,7.639453112659976,7.255078113280858,7.533749987830719,1354945.0,10505133.0
2019-10-09,7.495312487892806,7.639453112659976,7.418437488016983,7.552968737799675,1469642.0,11512953.0
2019-10-10,7.581796862753108,7.6010156127220645,7.514531237861763,7.543359362815196,1161912.0,9132519.0
2019-10-11,7.57218748776863,7.57218748776863,7.466484362939372,7.4760937379238515,878197.0,6860086.5
2019-10-14,7.495312487892806,7.581796862753108,7.418437488016983,7.447265612970417,2661106.0,20727340.0
2019-10-15,7.456874987954895,7.456874987954895,7.370390613094593,7.38960936306355,1137100.0,8760963.0
2019-10-16,7.399218738048027,7.456874987954895,7.283906238234292,7.3511718631256375,1204610.0,9233060.0
2019-10-17,7.331953113156682,7.399218738048027,7.283906238234292,7.360781238110116,875209.0,6670601.0
2019-10-18,7.370390613094593,7.485703112908329,7.207031238358468,7.399218738048027,1525612.0,11652009.0
2019-10-21,7.379999988079071,7.4280468630014616,7.322343738172203,7.399218738048027,630168.0,4829246.0
2019-10-22,7.360781238110116,7.4280468630014616,7.322343738172203,7.360781238110116,552800.0,4235708.0
2019-10-23,7.360781238110116,7.466484362939372,7.303124988203248,7.360781238110116,983000.0,7526586.0
2019-10-24,7.331953113156682,7.399218738048027,7.283906238234292,7.370390613094593,1023700.0,7815772.0
2019-10-25,7.341562488141159,7.456874987954895,7.293515613218769,7.303124988203248,1070000.0,8175621.0
2019-10-28,7.303124988203248,7.331953113156682,7.207031238358468,7.207031238358468,2704703.0,20429538.0
2019-10-29,7.207031238358468,7.207031238358468,6.995624988699953,7.014843738668909,1963805.0,14438125.0
2019-10-30,7.014843738668909,7.014843738668909,6.880312488886218,6.937968738793085,1069935.0,7703251.0
2019-10-31,6.957187488762042,7.034062488637865,6.8995312388551735,6.928359363808608,853400.0,6174804.5
2019-11-01,6.928359363808608,7.005234363684431,6.880312488886218,6.947578113777563,701300.0,5070466.0
2019-11-04,6.966796863746519,7.062890613591298,6.937968738793085,7.005234363684431,1176800.0,8562721.0
2019-11-05,7.005234363684431,7.043671863622343,6.8995312388551735,6.937968738793085,618800.0,4469401.0
2019-11-06,6.937968738793085,6.937968738793085,6.793828114025916,6.793828114025916,980000.0,6989630.0
2019-11-07,6.803437489010394,6.87070311390174,6.77460936405696,6.813046863994872,506860.0,3602377.5
2019-11-08,6.813046863994872,6.880312488886218,6.77460936405696,6.813046863994872,501500.0,3571409.0
2019-11-11,6.813046863994872,6.813046863994872,6.611249989320835,6.611249989320835,1050400.0,7278107.0
2019-11-12,6.592031239351879,6.707343739165615,6.553593739413968,6.678515614212181,631019.0,4365362.0
2019-11-13,6.697734364181136,6.697734364181136,6.543984364429488,6.611249989320835,473700.0,3254462.0
2019-11-14,6.640078114274269,6.640078114274269,6.534374989445011,6.620859364305312,486671.0,3335937.5
2019-11-15,6.620859364305312,6.755390614088005,6.534374989445011,6.601640614336357,1244519.0,8568851.0
2019-11-18,6.601640614336357,6.630468739289791,6.5247656144605335,6.601640614336357,390719.0,2680282.0
2019-11-19,6.582421864367401,6.668906239227703,6.5728124893829225,6.6496874892587465,704500.0,4860698.0
2019-11-20,6.640078114274269,6.688124989196658,6.592031239351879,6.630468739289791,555100.0,3840638.0
2019-11-21,6.601640614336357,6.640078114274269,6.543984364429488,6.601640614336357,226700.0,1560702.0
2019-11-22,6.601640614336357,6.678515614212181,6.582421864367401,6.640078114274269,551656.0,3807073.0
2019-11-25,6.659296864243224,6.697734364181136,6.553593739413968,6.697734364181136,762800.0,5297004.0
2019-11-26,6.697734364181136,6.77460936405696,6.620859364305312,6.77460936405696,817003.0,5729149.0
2019-11-27,6.813046863994872,6.813046863994872,6.668906239227703,6.697734364181136,410500.0,2881665.0
2019-11-28,6.678515614212181,6.755390614088005,6.640078114274269,6.678515614212181,329400.0,2290649.0
2019-11-29,6.678515614212181,6.678515614212181,6.534374989445011,6.601640614336357,528000.0,3628592.0
2019-12-02,6.630468739289791,6.678515614212181,6.592031239351879,6.630468739289791,662075.0,4584297.5
2019-12-03,6.6496874892587465,6.659296864243224,6.553593739413968,6.640078114274269,333000.0,2288449.0
2019-12-04,6.640078114274269,6.7265624891345706,6.611249989320835,6.697734364181136,325100.0,2253368.0
2019-12-05,6.688124989196658,6.77460936405696,6.688124989196658,6.764999989072482,332400.0,2331540.0
2019-12-06,6.77460936405696,6.793828114025916,6.697734364181136,6.793828114025916,576000.0,4052202.0
2019-12-09,6.803437489010394,6.803437489010394,6.7265624891345706,6.7457812391035255,386800.0,2719412.0
2019-12-10,6.755390614088005,6.77460936405696,6.688124989196658,6.764999989072482,613500.0,4302900.0
2019-12-11,6.77460936405696,6.803437489010394,6.707343739165615,6.736171864119048,594500.0,4171336.0
2019-12-12,6.7457812391035255,6.755390614088005,6.630468739289791,6.630468739289791,684400.0,4762665.0
2019-12-13,6.6496874892587465,6.736171864119048,6.6496874892587465,6.7265624891345706,793267.0,5517011.5
2019-12-16,6.736171864119048,7.341562488141159,6.7265624891345706,7.303124988203248,7221796.0,53487892.0
2019-12-17,7.207031238358468,7.495312487892806,7.207031238358468,7.456874987954895,7531815.0,58224588.0
2019-12-18,7.408828113032505,7.5241406128462405,7.408828113032505,7.447265612970417,3543613.0,27524238.0
2019-12-19,7.495312487892806,7.514531237861763,7.408828113032505,7.485703112908329,1989900.0,15467291.0
2019-12-20,7.485703112908329,7.591406237737587,7.447265612970417,7.562578112784153,2594600.0,20290258.0
2019-12-23,7.514531237861763,7.562578112784153,7.255078113280858,7.322343738172203,2330384.0,17912944.0
2019-12-24,7.3511718631256375,7.745156237489234,7.3511718631256375,7.725937487520277,5008344.0,39769700.0
2019-12-25,7.581796862753108,7.581796862753108,7.091718738544732,7.091718738544732,6743760.0,51208684.0
2019-12-26,7.091718738544732,7.226249988327424,7.043671863622343,7.168593738420556,3282504.0,24366606.0
2019-12-27,7.168593738420556,7.255078113280858,7.091718738544732,7.130156238482645,2462504.0,18362650.0
2019-12-30,7.072499988575777,7.158984363436079,7.005234363684431,7.014843738668909,3418296.0,25101186.0
2019-12-31,7.062890613591298,7.19742186337399,7.005234363684431,7.110937488513689,4540432.0,33540650.0
2020-01-02,7.130156238482645,7.408828113032505,7.082109363560255,7.24546873829638,6473633.0,48721768.0
2020-01-03,7.255078113280858,7.303124988203248,7.168593738420556,7.226249988327424,2195091.0,16496575.0
2020-01-06,7.19742186337399,7.274296863249814,7.130156238482645,7.226249988327424,1752486.0,13158757.0
2020-01-07,7.207031238358468,7.293515613218769,7.187812488389513,7.274296863249814,2623442.0,19805168.0
2020-01-08,7.264687488265335,7.303124988203248,7.120546863498166,7.139765613467122,2309100.0,17333366.0
2020-01-09,7.178203113405034,7.255078113280858,7.178203113405034,7.235859363311902,1848764.0,13869091.0
2020-01-10,7.235859363311902,7.235859363311902,7.158984363436079,7.216640613342946,1453591.0,10887690.0
2020-01-13,7.19742186337399,7.235859363311902,7.110937488513689,7.207031238358468,1492586.0,11147789.0
2020-01-14,7.216640613342946,7.235859363311902,7.110937488513689,7.207031238358468,2496600.0,18649674.0
2020-01-15,7.19742186337399,7.19742186337399,7.053281238606821,7.082109363560255,2612100.0,19274272.0
2020-01-16,7.101328113529211,7.130156238482645,7.034062488637865,7.062890613591298,1003096.0,7401771.5
2020-01-17,7.158984363436079,7.158984363436079,7.043671863622343,7.053281238606821,1093700.0,8060006.0
2020-01-20,7.110937488513689,7.303124988203248,7.053281238606821,7.226249988327424,3116089.0,23307154.0
2020-01-21,7.226249988327424,7.235859363311902,7.158984363436079,7.19742186337399,1178400.0,8825405.0
2020-01-22,7.207031238358468,7.255078113280858,7.139765613467122,7.235859363311902,1332562.0,9986331.0
2020-01-23,7.19742186337399,7.207031238358468,6.986015613715475,7.130156238482645,1987179.0,14678811.0
2020-02-03,6.419062489631275,6.419062489631275,6.419062489631275,6.419062489631275,1257700.0,8401436.0
2020-02-04,5.794453115640208,6.438281239600232,5.794453115640208,6.322968739786496,3091280.0,19981024.0
2020-02-05,6.313359364802018,6.534374989445011,6.25570311489515,6.467109364553666,1239239.0,8319483.0
2020-02-06,6.25570311489515,6.543984364429488,6.25570311489515,6.467109364553666,1201891.0,8084749.5
2020-02-07,6.486328114522621,6.582421864367401,6.428671864615754,6.553593739413968,1328400.0,8986741.0
2020-02-10,6.5247656144605335,6.611249989320835,6.486328114522621,6.592031239351879,1090200.0,7461014.5
2020-02-11,6.601640614336357,6.688124989196658,6.457499989569187,6.620859364305312,3309834.0,22452562.0
2020-02-12,6.553593739413968,6.620859364305312,6.543984364429488,6.592031239351879,1419313.0,9726147.0
2020-02-13,6.592031239351879,6.678515614212181,6.563203114398445,6.611249989320835,1948596.0,13416459.0
2020-02-14,6.601640614336357,6.659296864243224,6.543984364429488,6.630468739289791,1073096.0,7367223.5
2020-02-17,6.582421864367401,6.716953114150092,6.582421864367401,6.678515614212181,4143742.0,28731136.0
2020-02-18,6.668906239227703,6.803437489010394,6.630468739289791,6.755390614088005,3164500.0,22108516.0
2020-02-19,6.7457812391035255,6.793828114025916,6.668906239227703,6.668906239227703,2248400.0,15765436.0
2020-02-20,6.707343739165615,6.764999989072482,6.630468739289791,6.736171864119048,2110400.0,14718501.0
2020-02-21,6.697734364181136,6.764999989072482,6.688124989196658,6.707343739165615,2088242.0,14632352.0
2020-02-24,6.707343739165615,6.707343739165615,6.563203114398445,6.601640614336357,2331454.0,16033067.0
2020-02-25,6.505546864491577,6.534374989445011,6.380624989693364,6.515156239476055,3315042.0,22335626.0
2020-02-26,6.4478906145847095,6.611249989320835,6.428671864615754,6.5247656144605335,2723892.0,18532962.0
2020-02-27,6.515156239476055,6.601640614336357,6.476718739538144,6.553593739413968,1753000.0,11934439.0
2020-02-28,6.467109364553666,6.486328114522621,6.332578114770974,6.361406239724408,2620300.0,17461780.0
2020-03-02,6.371015614708885,6.5247656144605335,6.371015614708885,6.486328114522621,2455500.0,16517988.0
2020-03-03,6.553593739413968,6.582421864367401,6.457499989569187,6.515156239476055,2306000.0,15680394.0
2020-03-04,6.505546864491577,6.611249989320835,6.4478906145847095,6.601640614336357,1813531.0,12365694.0
2020-03-05,6.630468739289791,6.7457812391035255,6.601640614336357,6.707343739165615,2306400.0,16046793.0
2020-03-06,6.668906239227703,6.793828114025916,6.6496874892587465,6.7265624891345706,2398111.0,16822634.0
2020-03-09,6.620859364305312,6.77460936405696,6.601640614336357,6.659296864243224,2710000.0,18808678.0
2020-03-10,6.582421864367401,6.755390614088005,6.5247656144605335,6.755390614088005,3178167.0,21923846.0
2020-03-11,6.7457812391035255,6.77460936405696,6.678515614212181,6.716953114150092,2707454.0,18975790.0
2020-03-12,6.620859364305312,6.678515614212181,6.457499989569187,6.515156239476055,2727679.0,18649456.0
2020-03-13,6.313359364802018,6.515156239476055,6.246093739910672,6.4478906145847095,1983188.0,13154441.0
2020-03-16,6.467109364553666,6.5728124893829225,6.30374998981754,6.30374998981754,1577291.0,10592238.0
2020-03-17,6.236484364926195,6.5247656144605335,6.101953115143503,6.2749218648641065,1504400.0,9807634.0
2020-03-18,6.322968739786496,6.390234364677842,6.1980468649882825,6.1980468649882825,1340952.0,8817614.0
2020-03-19,6.1980468649882825,6.246093739910672,5.938593740407377,6.140390615081414,1762799.0,11181602.0
2020-03-20,6.140390615081414,6.226874989941717,6.130781240096937,6.207656239972761,923599.0,5942763.5
2020-03-23,6.159609365050371,6.169218740034848,6.005859365298724,6.082734365174547,797188.0,5053403.0
2020-03-24,6.1499999900658935,6.246093739910672,6.082734365174547,6.207656239972761,1305200.0,8377336.0
2020-03-25,6.2749218648641065,6.3517968647399305,6.246093739910672,6.332578114770974,1201754.0,7879026.0
2020-03-26,6.188437490003805,6.313359364802018,6.178828115019327,6.2749218648641065,774854.0,5051228.5
2020-03-27,6.3517968647399305,6.515156239476055,6.2749218648641065,6.294140614833062,2880000.0,19157624.0
2020-03-30,6.226874989941717,6.294140614833062,6.082734365174547,6.178828115019327,1760000.0,11282629.0
2020-03-31,6.169218740034848,6.226874989941717,6.082734365174547,6.101953115143503,1233469.0,7902425.5
2020-04-01,6.130781240096937,6.169218740034848,6.053906240221113,6.101953115143503,930700.0,5923933.0
2020-04-02,6.063515615205591,6.1980468649882825,6.005859365298724,6.1499999900658935,781000.0,4950968.0
2020-04-03,6.130781240096937,6.207656239972761,6.0731249901900695,6.111562490127981,846600.0,5387292.0
2020-04-07,6.159609365050371,6.265312489879628,6.1499999900658935,6.25570311489515,1163654.0,7508717.0
2020-04-08,6.246093739910672,6.322968739786496,6.188437490003805,6.30374998981754,1123383.0,7337698.5
2020-04-09,6.30374998981754,6.476718739538144,6.30374998981754,6.39984373966232,2584769.0,17174556.0
2020-04-10,6.380624989693364,6.419062489631275,6.217265614957238,6.313359364802018,1863400.0,12234802.0
2020-04-13,6.30374998981754,6.6496874892587465,6.25570311489515,6.611249989320835,4562884.0,30911472.0
2020-04-14,6.543984364429488,6.8995312388551735,6.486328114522621,6.5728124893829225,7693974.0,53456828.0
2020-04-15,6.361406239724408,6.371015614708885,5.919374990438422,6.246093739910672,6650044.0,43084348.0
2020-04-16,6.178828115019327,6.1980468649882825,6.111562490127981,6.1499999900658935,2209631.0,14141981.0
2020-04-17,6.1499999900658935,6.217265614957238,6.130781240096937,6.130781240096937,2013772.0,12908226.0
2020-04-20,6.140390615081414,6.159609365050371,6.101953115143503,6.1499999900658935,1088500.0,6943911.0
2020-04-21,6.121171865112459,6.1980468649882825,6.063515615205591,6.1499999900658935,1481382.0,9431545.0
2020-04-22,6.1499999900658935,6.1980468649882825,6.101953115143503,6.169218740034848,1286334.0,8236815.0
2020-04-23,6.207656239972761,6.207656239972761,6.101953115143503,6.121171865112459,1137334.0,7258349.0
2020-04-24,6.082734365174547,6.121171865112459,6.063515615205591,6.101953115143503,1390000.0,8801208.0
2020-04-27,6.082734365174547,6.130781240096937,6.053906240221113,6.092343740159025,1043300.0,6617860.0
2020-04-28,6.092343740159025,6.1980468649882825,5.871328115516032,6.1499999900658935,2866357.0,18195676.0
2020-04-29,6.159609365050371,6.188437490003805,6.063515615205591,6.1499999900658935,1831428.0,11707101.0
2020-04-30,6.1499999900658935,6.217265614957238,6.130781240096937,6.217265614957238,1781900.0,11474875.0
2020-05-06,6.169218740034848,6.313359364802018,6.169218740034848,6.30374998981754,1078900.0,7026409.0
2020-05-07,6.30374998981754,6.30374998981754,6.246093739910672,6.2749218648641065,959356.0,6270489.0
2020-05-08,6.284531239848584,6.553593739413968,6.2749218648641065,6.457499989569187,3106974.0,20835156.0
2020-05-11,6.486328114522621,6.668906239227703,6.111562490127981,6.188437490003805,6751230.0,44349284.0
2020-05-12,6.121171865112459,6.121171865112459,5.996249990314245,6.034687490252158,2991116.0,18809222.0
2020-05-13,6.015468740283201,6.0731249901900695,6.015468740283201,6.044296865236635,1405100.0,8841277.0
2020-05-14,6.082734365174547,6.121171865112459,6.005859365298724,6.044296865236635,950100.0,6001186.0
2020-05-15,6.034687490252158,6.082734365174547,6.034687490252158,6.0731249901900695,557000.0,3511616.0
2020-05-18,6.005859365298724,6.313359364802018,6.005859365298724,6.284531239848584,3797400.0,24544582.0
2020-05-19,6.284531239848584,6.371015614708885,6.226874989941717,6.332578114770974,1758989.0,11560685.0
2020-05-20,6.332578114770974,6.371015614708885,6.169218740034848,6.178828115019327,2132156.0,13857829.0
2020-05-21,6.207656239972761,6.2749218648641065,6.159609365050371,6.188437490003805,874300.0,5637318.0
2020-05-22,6.188437490003805,6.207656239972761,6.092343740159025,6.178828115019327,1105264.0,7090171.0
2020-05-25,6.1499999900658935,6.25570311489515,6.130781240096937,6.226874989941717,1017900.0,6592146.0
2020-05-26,6.294140614833062,6.294140614833062,6.1980468649882825,6.246093739910672,1095160.0,7102912.5
2020-05-27,6.217265614957238,6.342187489755451,6.207656239972761,6.265312489879628,1788700.0,11696650.0
2020-05-28,6.246093739910672,6.313359364802018,6.101953115143503,6.169218740034848,1431500.0,9226273.0
2020-05-29,6.111562490127981,6.207656239972761,6.034687490252158,6.159609365050371,1226300.0,7869290.0
2020-06-01,6.159609365050371,6.716953114150092,6.1499999900658935,6.707343739165615,7061875.0,47659928.0
2020-06-02,6.697734364181136,7.19742186337399,6.640078114274269,7.139765613467122,8617930.0,61401836.0
2020-06-03,6.966796863746519,7.504921862877285,6.928359363808608,7.504921862877285,7666600.0,57912432.0
2020-06-04,8.062265611977006,8.081484361945963,6.976406238730997,7.082109363560255,19911454.0,162821552.0
2020-06-05,6.5247656144605335,6.755390614088005,6.495937489507099,6.659296864243224,10138788.0,69678944.0
2020-06-08,6.592031239351879,6.918749988824129,6.553593739413968,6.764999989072482,4608900.0,32063080.0
2020-06-09,6.707343739165615,6.841874988948306,6.5728124893829225,6.640078114274269,2360350.0,16360331.0
2020-06-10,6.6496874892587465,6.688124989196658,6.553593739413968,6.5728124893829225,2260100.0,15561562.0
2020-06-11,6.5728124893829225,6.688124989196658,6.5728124893829225,6.659296864243224,1773788.0,12251117.0
2020-06-12,6.630468739289791,7.005234363684431,6.553593739413968,6.909140613839652,3206300.0,22737602.0
2020-06-15,6.8995312388551735,7.034062488637865,6.832265613963828,6.957187488762042,1544709.0,11147119.0
2020-06-16,6.937968738793085,6.995624988699953,6.764999989072482,6.784218739041438,1655100.0,11767127.0
2020-06-17,6.813046863994872,6.889921863870695,6.755390614088005,6.832265613963828,1338300.0,9491934.0
2020-06-18,6.8226562389793495,6.928359363808608,6.659296864243224,6.668906239227703,1554200.0,10845169.0
2020-06-19,6.668906239227703,6.793828114025916,6.611249989320835,6.755390614088005,1706600.0,11920916.0
2020-06-22,6.755390614088005,6.793828114025916,6.688124989196658,6.707343739165615,1030300.0,7217927.0
2020-06-23,6.716953114150092,6.77460936405696,6.668906239227703,6.678515614212181,1831300.0,12804164.0
2020-06-24,6.678515614212181,6.697734364181136,6.611249989320835,6.640078114274269,947200.0,6545144.0
2020-06-29,6.6496874892587465,6.678515614212181,6.5728124893829225,6.659296864243224,572300.0,3947560.0
2020-06-30,7.014843738668909,7.014843738668909,6.592031239351879,6.592031239351879,1979800.0,13832813.0
2020-07-01,6.592031239351879,6.678515614212181,6.563203114398445,6.611249989320835,1303700.0,8975919.0
2020-07-02,6.611249989320835,6.688124989196658,6.592031239351879,6.678515614212181,1103900.0,7636501.0
2020-07-03,6.688124989196658,6.77460936405696,6.630468739289791,6.716953114150092,1344428.0,9380671.0
2020-07-06,6.7265624891345706,6.918749988824129,6.7265624891345706,6.909140613839652,2431397.0,17323880.0
2020-07-07,6.918749988824129,7.053281238606821,6.841874988948306,7.0244531136533865,2413469.0,17515374.0
2020-07-08,7.0244531136533865,7.091718738544732,6.937968738793085,7.072499988575777,1930200.0,14090973.0
2020-07-09,7.466484362939372,7.466484362939372,7.110937488513689,7.3511718631256375,3261697.0,24661828.0
2020-07-10,7.3511718631256375,7.456874987954895,7.178203113405034,7.24546873829638,2547800.0,19348200.0
2020-07-13,7.187812488389513,7.38960936306355,7.187812488389513,7.331953113156682,2366100.0,17947208.0
2020-07-14,7.341562488141159,7.399218738048027,7.139765613467122,7.274296863249814,2068600.0,15603440.0
2020-07-15,7.283906238234292,7.341562488141159,7.072499988575777,7.072499988575777,1709700.0,12837611.0
2020-07-16,7.687499987582366,7.687499987582366,7.053281238606821,7.120546863498166,3032250.0,22800134.0
2020-07-17,7.014843738668909,7.168593738420556,6.918749988824129,6.957187488762042,1668900.0,12185610.0
2020-07-20,6.995624988699953,7.322343738172203,6.995624988699953,7.264687488265335,1878300.0,14027036.0
2020-07-21,7.264687488265335,7.3511718631256375,7.235859363311902,7.264687488265335,1566500.0,11875916.0
2020-07-22,7.57218748776863,7.57218748776863,7.207031238358468,7.264687488265335,2076800.0,15778984.0
2020-07-23,7.158984363436079,7.543359362815196,7.120546863498166,7.447265612970417,3435950.0,26251444.0
2020-07-24,7.437656237985939,7.562578112784153,7.235859363311902,7.312734363187726,2687050.0,20784292.0
2020-07-27,7.331953113156682,7.418437488016983,7.139765613467122,7.379999988079071,1585800.0,11985021.0
2020-07-28,7.61,7.69,7.52,7.6,953500.0,7250288.0
2020-07-29,7.61,7.66,7.48,7.65,1510010.0,11443365.0
2020-07-30,7.66,7.67,7.56,7.57,1186900.0,9010754.0
2020-07-31,7.7,7.7,7.5,7.59,1697200.0,12872960.0
2020-08-03,7.66,7.79,7.61,7.77,2393100.0,18437188.0
2020-08-04,7.75,7.77,7.61,7.7,1657300.0,12771827.0
2020-08-05,7.72,7.84,7.65,7.67,2440000.0,18843644.0
2020-08-06,7.63,7.69,7.5,7.57,2628200.0,19925828.0
2020-08-07,7.69,7.69,7.37,7.5,2304800.0,17207680.0
2020-08-10,7.5,7.67,7.41,7.59,2364200.0,17977332.0
2020-08-11,7.62,7.65,7.34,7.4,2710500.0,20249220.0
2020-08-12,7.44,7.44,7.22,7.31,1571600.0,11445008.0
2020-08-13,7.32,7.5,7.32,7.43,1341600.0,9965747.0
2020-08-14,7.39,7.54,7.36,7.52,1291100.0,9641171.0
2020-08-17,7.51,7.63,7.49,7.59,1436293.0,10860970.0
2020-08-18,7.58,7.66,7.54,7.61,1350400.0,10276443.0
2020-08-19,7.69,7.69,7.43,7.53,1769700.0,13310866.0
2020-08-20,7.53,7.53,7.39,7.42,983775.0,7307892.0
2020-08-21,7.41,7.63,7.41,7.47,1332400.0,10029680.0
2020-08-24,7.54,7.55,7.38,7.48,785100.0,5856847.5
2020-08-25,7.46,7.55,7.42,7.49,1284766.0,9603912.0
2020-08-26,7.5,7.53,7.37,7.38,909800.0,6767931.5
2020-08-27,7.38,7.6,7.35,7.53,2286175.0,17156196.0
2020-08-28,7.53,7.61,7.45,7.56,2214293.0,16689011.0
2020-08-31,7.58,7.59,7.38,7.42,1694300.0,12731487.0
2020-09-01,7.44,7.44,7.32,7.39,1744600.0,12854206.0
2020-09-02,7.36,7.43,7.35,7.41,1255300.0,9279785.0
2020-09-03,7.41,7.49,7.33,7.36,1166100.0,8646195.0
2020-09-04,7.32,7.48,7.22,7.45,1473460.0,10835505.0
2020-09-07,7.49,7.61,7.39,7.45,2676060.0,20098048.0
2020-09-08,7.38,7.63,7.38,7.6,1860050.0,14062231.0
2020-09-09,7.56,7.67,7.39,7.41,2908350.0,21997772.0
2020-09-10,7.44,7.46,7.11,7.11,2158900.0,15718716.0
2020-09-11,7.13,7.27,7.02,7.2,1344400.0,9631143.0
2020-09-14,7.2,7.34,7.18,7.26,882600.0,6417287.0
2020-09-15,7.6,7.6,7.1,7.2,1784300.0,12898060.0
2020-09-16,7.24,7.24,7.11,7.19,983500.0,7048166.0
2020-09-17,7.22,7.43,7.14,7.34,1564028.0,11427798.0
2020-09-18,7.34,7.45,7.25,7.43,1302493.0,9595937.0
2020-09-21,7.5,7.73,7.35,7.58,3266593.0,24766134.0
2020-09-22,7.57,7.65,7.38,7.42,1880100.0,14098936.0
2020-09-23,7.46,7.47,7.34,7.36,695800.0,5137550.0
2020-09-24,7.39,7.39,7.18,7.22,1090400.0,7934849.0
2020-09-25,7.19,7.35,7.14,7.15,938800.0,6759479.0
2020-09-28,7.12,7.26,6.97,6.97,1519771.0,10738477.0
2020-09-29,7.01,7.02,6.81,6.83,1815400.0,12507528.0
2020-09-30,6.86,6.86,6.7,6.79,753200.0,5118491.0
2020-10-09,6.84,7.11,6.82,7.06,1451500.0,10127649.0
2020-10-12,7.06,7.22,7.05,7.18,1201300.0,8583373.0
2020-10-13,7.2,7.32,7.12,7.24,993100.0,7178770.0
2020-10-14,7.3,7.32,7.19,7.29,995500.0,7231873.0
2020-10-15,7.34,7.38,7.24,7.34,791000.0,5803372.0
2020-10-16,7.37,7.37,7.23,7.34,1049900.0,7657927.0
2020-10-19,7.61,7.61,7.2,7.24,1723637.0,12597536.0
2020-10-20,7.16,7.38,7.13,7.35,2725900.0,19827332.0
2020-10-21,7.35,7.39,7.02,7.08,2070900.0,14759593.0
2020-10-22,7.02,7.12,6.88,7.0,1580300.0,10979059.0
2020-10-23,6.99,7.19,6.91,6.95,1166000.0,8207910.0
2020-10-26,7.05,7.05,6.81,6.87,1172500.0,8063272.0
2020-10-27,7.03,7.03,6.75,6.84,1092600.0,7514198.0
2020-10-28,6.8,6.93,6.16,6.84,1622700.0,10857843.0
2020-10-29,6.73,6.82,6.66,6.72,1143700.0,7710852.0
2020-10-30,6.69,6.76,6.42,6.44,1922350.0,12602468.0
2020-11-02,6.45,6.59,6.31,6.41,1601100.0,10302988.0
2020-11-03,6.42,6.79,6.4,6.74,2435700.0,16262347.0
2020-11-04,6.75,6.82,6.68,6.74,1506700.0,10172125.0
2020-11-05,6.81,6.88,6.7,6.78,1226500.0,8334436.0
2020-11-06,6.82,6.82,6.64,6.75,1206400.0,8104407.0
2020-11-09,6.75,7.07,6.75,7.04,2371900.0,16463769.0
2020-11-10,7.03,7.16,6.99,7.16,2281600.0,16163984.0
2020-11-11,7.16,7.39,7.08,7.3,2654000.0,19207346.0
2020-11-12,7.27,7.49,7.27,7.45,3764300.0,27818780.0
2020-11-13,7.49,7.67,6.82,6.86,8689471.0,62905960.0
2020-11-16,6.69,7.42,6.69,7.3,6945926.0,49700184.0
2020-11-17,7.32,7.53,7.28,7.33,6658432.0,49345664.0
2020-11-18,7.45,7.64,7.38,7.63,5457335.0,41016532.0
2020-11-19,7.64,8.12,7.57,8.07,8390434.0,66390780.0
2020-11-20,8.05,8.44,7.45,7.51,15057399.0,120474408.0
2020-11-23,7.62,8.23,7.56,8.19,11312399.0,89001632.0
2020-11-24,7.9,8.32,7.81,8.02,7233000.0,58418592.0
2020-11-25,8.01,8.01,7.72,7.77,4285500.0,33454870.0
2020-11-26,7.74,7.82,7.6,7.7,1887900.0,14528695.0
2020-11-27,7.71,7.78,7.42,7.62,2813800.0,21383288.0
2020-11-30,7.6,7.91,7.5,7.82,5920000.0,45830692.0
2020-12-01,7.82,8.19,7.76,7.94,5709800.0,45603692.0
2020-12-02,7.92,7.94,7.72,7.81,1883600.0,14691429.0
2020-12-03,7.79,7.94,7.68,7.9,2219000.0,17408896.0
2020-12-04,7.87,8.02,7.77,7.83,1740500.0,13676990.0
2020-12-07,7.9,7.9,7.73,7.76,1374100.0,10707525.0
2020-12-08,7.76,7.8,7.63,7.78,1037300.0,8011320.0
2020-12-09,7.76,7.83,7.5,7.5,1611600.0,12288081.0
2020-12-10,7.5,7.65,7.43,7.49,1230000.0,9227836.0
2020-12-11,7.53,7.59,7.35,7.38,923582.0,6858223.5
2020-12-14,7.42,7.59,7.33,7.53,1495988.0,11133772.0
2020-12-15,7.48,7.57,7.36,7.37,890400.0,6630663.0
2020-12-16,7.35,7.42,7.07,7.08,2201482.0,15858659.0
2020-12-17,7.07,7.24,6.94,7.15,1930822.0,13692344.0
2020-12-18,7.12,7.23,6.92,6.92,1582982.0,11144511.0
2020-12-21,6.92,7.04,6.82,6.91,1757600.0,12135596.0
2020-12-22,6.91,6.92,6.54,6.54,3028100.0,20258824.0
2020-12-23,6.54,6.75,6.5,6.57,2172723.0,14329945.0
2020-12-24,6.64,6.64,6.34,6.35,1688500.0,10831952.0
2020-12-25,6.41,6.5,6.25,6.31,2095500.0,13309616.0
2020-12-28,6.33,6.37,6.06,6.13,2010300.0,12447262.0
2020-12-29,6.17,6.25,6.01,6.15,2021900.0,12429092.0
2020-12-30,6.15,6.2,6.08,6.09,1101300.0,6747871.0
2020-12-31,6.12,6.24,6.08,6.16,1706055.0,10515470.0
2021-01-04,6.18,6.32,6.1,6.17,1499700.0,9263469.0
2021-01-05,6.16,6.19,6.03,6.11,1275800.0,7779397.0
2021-01-06,6.11,6.11,5.79,5.83,2732600.0,16139480.0
2021-01-07,5.83,5.83,5.46,5.54,2867200.0,16069834.0
2021-01-08,5.54,5.68,5.36,5.45,1831200.0,10077256.0
2021-01-11,5.44,5.46,5.16,5.22,2954300.0,15556764.0
2021-01-12,5.22,5.39,5.19,5.22,1611655.0,8509358.0
2021-01-13,5.29,5.29,5.02,5.03,2040300.0,10393372.0
2021-01-14,5.03,5.13,4.99,5.03,1536100.0,7746985.0
2021-01-15,5.05,5.22,4.99,5.16,2185500.0,11261931.0
2021-01-18,5.17,5.31,5.15,5.23,1857500.0,9728932.0
2021-01-19,5.23,5.37,5.18,5.35,1947900.0,10337984.0
2021-01-20,5.38,5.38,5.24,5.25,1505900.0,7966277.0
2021-01-21,5.27,5.32,5.2,5.25,1096600.0,5773295.0
2021-01-22,5.26,5.26,5.13,5.18,1053310.0,5446368.5
2021-01-25,5.14,5.17,5.04,5.1,1326200.0,6764334.0
2021-01-26,5.1,5.22,5.04,5.09,1330100.0,6837883.0
2021-01-27,5.1,5.17,5.06,5.1,903400.0,4611861.0
2021-01-28,5.02,5.22,5.02,5.12,1177100.0,6043891.0
2021-01-29,5.12,5.17,4.92,4.99,1545000.0,7799849.0
2021-02-01,5.02,5.1,4.88,4.9,1413858.0,7028715.0
2021-02-02,4.9,5.0,4.84,4.93,1207300.0,5959555.0
2021-02-03,4.97,4.97,4.82,4.84,988681.0,4831200.5
2021-02-04,4.82,4.85,4.6,4.69,1330200.0,6287518.0
2021-02-05,4.71,5.03,4.69,4.81,1707700.0,8265818.0
2021-02-08,4.83,4.86,4.75,4.85,761451.0,3659567.25
2021-02-09,4.8,4.9,4.8,4.88,672200.0,3258845.0
2021-02-10,4.84,5.0,4.76,4.98,848832.0,4177845.0
2021-02-18,4.99,5.27,4.99,5.23,1914365.0,9886414.0
2021-02-19,5.22,5.64,5.14,5.62,2775700.0,15210745.0
2021-02-22,5.62,5.88,5.6,5.74,2343900.0,13505747.0
2021-02-23,5.61,5.85,5.61,5.75,1555300.0,8938570.0
2021-02-24,5.77,5.88,5.6,5.83,1029500.0,5993062.0
2021-02-25,5.89,5.97,5.79,5.82,1622100.0,9468434.0
2021-02-26,5.74,5.96,5.74,5.95,1475900.0,8685163.0
2021-03-01,5.96,6.43,5.94,6.39,3950400.0,24625338.0
2021-03-02,6.39,6.68,6.37,6.59,4139500.0,27224208.0
2021-03-03,6.51,6.58,5.93,5.99,9472800.0,58472724.0
2021-03-04,6.02,6.07,5.87,5.98,4250768.0,25430440.0
2021-03-05,6.04,6.23,5.92,6.19,4487000.0,27329964.0
2021-03-08,6.1,6.52,6.1,6.29,4390474.0,27947244.0
2021-03-09,6.33,6.47,6.24,6.36,4005403.0,25533592.0
2021-03-10,6.36,6.45,6.03,6.14,2409900.0,14864241.0
2021-03-11,6.14,6.36,6.1,6.36,1553451.0,9731986.0
2021-03-12,6.36,6.38,6.14,6.19,1339500.0,8362577.0
2021-03-15,6.18,6.35,6.12,6.24,1230900.0,7679622.0
2021-03-16,6.23,6.36,6.15,6.24,2467300.0,15433383.0
2021-03-17,6.26,6.29,6.07,6.1,2238000.0,13839800.0
2021-03-18,6.11,6.12,5.8,5.98,4385051.0,26012204.0
2021-03-19,6.0,6.26,5.92,6.15,2853500.0,17503444.0
2021-03-22,6.2,6.42,6.12,6.39,2978200.0,18797982.0
2021-03-23,6.42,6.54,6.22,6.27,1703800.0,10759065.0
2021-03-24,6.16,6.32,6.16,6.27,1260700.0,7908352.0
2021-03-25,6.27,6.34,6.18,6.22,1183500.0,7406779.0
2021-03-26,6.23,6.34,6.17,6.24,1424200.0,8894713.0
2021-03-29,6.19,6.3,6.08,6.26,1486700.0,9195005.0
2021-03-30,6.2,6.23,6.03,6.13,1711156.0,10457668.0
2021-03-31,6.05,6.34,6.04,6.26,1438900.0,8926511.0
2021-04-01,6.37,6.37,6.19,6.3,1298400.0,8140425.0
2021-04-02,6.31,6.54,6.27,6.36,2327200.0,14973452.0
2021-04-06,6.53,6.55,6.33,6.51,2379600.0,15420238.0
2021-04-07,6.44,6.83,6.4,6.79,3518209.0,23464202.0
2021-04-08,6.78,6.81,6.66,6.73,2273600.0,15314466.0
2021-04-09,6.72,6.86,6.68,6.83,1960800.0,13327116.0
2021-04-12,6.83,6.85,6.39,6.39,2814200.0,18397890.0
2021-04-13,6.4,6.58,6.36,6.43,1404400.0,9043474.0
2021-04-14,6.36,6.48,6.33,6.38,877100.0,5597342.0
2021-04-15,6.39,6.55,6.37,6.5,1595801.0,10320302.0
2021-04-16,6.41,6.75,6.4,6.75,1294800.0,8578655.0
2021-04-19,6.73,6.84,6.53,6.56,1878658.0,12451477.0
2021-04-20,6.53,6.82,6.48,6.76,2229780.0,14936149.0
2021-04-21,6.7,6.7,6.56,6.59,969999.0,6410960.5
2021-04-22,6.52,6.75,6.5,6.52,935600.0,6158841.0
2021-04-23,6.52,6.52,6.22,6.3,1806342.0,11387632.0
2021-04-26,6.38,6.38,6.23,6.26,903100.0,5695636.0
2021-04-27,6.2,6.27,6.1,6.27,1107500.0,6832041.0
2021-04-28,6.33,6.59,6.22,6.31,2870200.0,18470690.0
2021-04-29,6.36,6.36,6.16,6.26,1692074.0,10552963.0
2021-04-30,6.28,6.28,6.13,6.2,566600.0,3507193.0
2021-05-06,6.2,6.34,6.18,6.23,591100.0,3678977.0
2021-05-07,6.23,6.23,6.08,6.2,809200.0,4976628.0
2021-05-10,6.16,6.16,6.02,6.14,2028501.0,12305506.0
2021-05-11,6.06,6.23,5.96,6.15,1384100.0,8394541.0
2021-05-12,6.13,6.19,6.07,6.15,816600.0,5014517.0
2021-05-13,6.15,6.18,6.06,6.15,672500.0,4123584.0
2021-05-14,6.25,6.25,6.12,6.2,1158009.0,7152891.0
2021-05-17,6.23,6.23,6.03,6.04,943300.0,5728710.0
2021-05-18,6.01,6.05,5.94,6.05,950400.0,5711391.0
2021-05-19,6.05,6.15,6.0,6.14,1365700.0,8292038.5
2021-05-20,6.13,6.43,6.11,6.2,2471216.0,15458837.0
2021-05-21,6.17,6.18,6.0,6.12,1345442.0,8212029.0
2021-05-24,6.1,6.2,6.04,6.08,1064922.0,6501737.5
2021-05-25,6.11,6.11,6.04,6.1,920200.0,5586668.0
2021-05-26,6.08,6.16,6.04,6.14,1298600.0,7944977.0
2021-05-27,6.14,6.2,6.08,6.19,982300.0,6049821.0
2021-05-28,6.15,6.32,6.15,6.27,1065400.0,6645063.0
2021-05-31,6.27,6.36,6.18,6.33,843900.0,5293635.0
2021-06-01,6.36,6.54,6.28,6.4,2216574.0,14234346.0
2021-06-02,6.45,6.66,6.35,6.6,3489998.0,22870960.0
2021-06-03,6.66,6.69,6.52,6.62,2914001.0,19288776.0
2021-06-04,6.6,6.82,6.51,6.62,2989262.0,20024228.0
2021-06-07,6.7,6.7,6.47,6.55,2661356.0,17440420.0
2021-06-08,6.45,6.73,6.45,6.73,2153401.0,14353290.0
2021-06-09,6.73,6.75,6.61,6.71,1466800.0,9822686.0
2021-06-10,6.82,6.82,6.53,6.61,1909242.0,12662722.0
2021-06-11,6.64,6.72,6.52,6.54,1562400.0,10327418.0
2021-06-15,6.6,6.62,6.48,6.53,1388600.0,9086137.0
2021-06-16,6.53,6.67,6.46,6.62,1256052.0,8267328.0
2021-06-17,6.55,7.01,6.55,6.97,4660835.0,31987442.0
2021-06-18,6.99,7.38,6.42,7.11,11462757.0,79586256.0
2021-06-21,6.9,7.28,6.83,7.2,5140359.0,36402648.0
2021-06-22,7.16,7.28,7.06,7.06,2807250.0,19990606.0
2021-06-23,7.07,7.1,6.82,6.87,3194152.0,22106142.0
2021-06-24,6.88,6.96,6.74,6.75,2057800.0,14056941.0
2021-06-25,6.99,7.43,6.91,7.43,7413100.0,54538696.0
2021-06-28,7.82,8.17,7.66,8.17,4972154.0,40051820.0
2021-06-29,8.99,8.99,8.81,8.99,4725154.0,42467472.0
2021-06-30,9.89,9.89,9.89,9.89,776500.0,7679585.0
2021-07-01,10.88,10.88,10.5,10.88,6835626.0,74211920.0
2021-07-02,10.33,11.49,9.79,9.92,30533940.0,311246880.0
2021-07-05,9.47,9.8,9.12,9.23,24489910.0,228937296.0
2021-07-06,9.11,9.3,8.58,8.8,19486120.0,173661296.0
2021-07-07,8.65,8.83,8.51,8.77,13289958.0,115763320.0
2021-07-08,8.7,8.71,8.34,8.38,11717500.0,99430920.0
2021-07-09,8.38,8.56,8.31,8.5,9615600.0,81143600.0
2021-07-12,8.5,8.85,8.33,8.79,13517300.0,116990840.0
2021-07-13,8.64,8.77,8.44,8.72,9928574.0,85390440.0
2021-07-14,8.64,8.98,8.41,8.91,13134674.0,114798888.0
2021-07-15,8.74,8.87,8.47,8.49,8788449.0,75651152.0
2021-07-16,8.32,8.33,7.64,7.69,15196903.0,119032640.0
2021-07-19,7.72,7.94,7.51,7.9,9538100.0,73909984.0
2021-07-20,7.75,8.03,7.61,7.9,7277254.0,56799388.0
2021-07-21,7.97,7.99,7.8,7.83,6170200.0,48564688.0
2021-07-22,7.84,7.89,7.72,7.89,4538368.0,35479672.0
2021-07-23,7.9,7.9,7.54,7.59,5921200.0,45336944.0
2021-07-26,7.75,7.9,7.55,7.6,5483500.0,42410656.0
2021-07-27,7.61,7.75,7.37,7.47,4871400.0,36552040.0
2021-07-28,7.54,7.56,7.12,7.28,3392700.0,24785676.0
2021-07-29,7.35,7.49,7.35,7.45,2926280.0,21695992.0
2021-07-30,7.45,7.49,7.26,7.4,2508700.0,18510708.0
2021-08-02,7.33,7.59,7.27,7.56,3478720.0,26104716.0
2021-08-03,7.48,7.76,7.3,7.61,3775100.0,28829596.0
2021-08-04,7.66,7.81,7.47,7.51,3230300.0,24477536.0
2021-08-05,7.57,7.6,7.26,7.31,3499800.0,25728642.0
2021-08-06,7.28,7.35,7.14,7.18,2721554.0,19622826.0
2021-08-09,7.16,7.53,7.14,7.5,3569200.0,26386126.0
2021-08-10,7.45,7.62,7.43,7.54,2662400.0,20097258.0
2021-08-11,7.65,7.65,7.42,7.45,2280400.0,17111948.0
2021-08-12,7.4,7.5,7.4,7.48,1916400.0,14275143.0
2021-08-13,7.52,7.83,7.45,7.63,4234800.0,32370182.0
2021-08-16,7.7,7.82,7.6,7.69,3718723.0,28560634.0
2021-08-17,7.69,7.7,7.25,7.28,3763180.0,28069740.0
2021-08-18,7.21,7.42,7.21,7.33,2090800.0,15323262.0
2021-08-19,7.34,7.37,7.17,7.19,1876800.0,13577929.0
2021-08-20,7.2,7.25,7.0,7.05,2191800.0,15534438.0
2021-08-23,7.1,7.48,7.09,7.42,3233439.0,23662912.0
2021-08-24,7.47,7.51,7.36,7.42,2203017.0,16352812.0
2021-08-25,7.38,7.57,7.35,7.52,2031800.0,15211879.0
2021-08-26,7.52,7.78,7.51,7.63,2954500.0,22606146.0
2021-08-27,7.52,7.67,7.44,7.51,2023039.0,15210942.0
2021-08-30,7.46,7.46,7.14,7.17,3364279.0,24409010.0
2021-08-31,7.16,7.33,7.06,7.27,1790100.0,12946580.0
2021-09-01,7.28,7.44,7.12,7.41,2961400.0,21595258.0
2021-09-02,7.47,7.48,7.12,7.18,4273979.0,30779844.0
2021-09-03,7.2,7.24,7.13,7.19,1935779.0,13903189.0
2021-09-06,7.15,7.33,7.15,7.3,1985700.0,14363210.0
2021-09-07,7.26,7.4,7.26,7.39,1977300.0,14512575.0
2021-09-08,7.37,7.66,7.34,7.59,3573139.0,26932878.0
2021-09-09,7.6,7.62,7.49,7.59,2226761.0,16817476.0
2021-09-10,7.6,7.6,7.37,7.42,2274600.0,16965216.0
2021-09-13,7.43,7.69,7.36,7.67,3441500.0,26108216.0
2021-09-14,7.68,7.69,7.43,7.5,2391200.0,18034536.0
2021-09-15,7.51,7.55,7.38,7.52,1654100.0,12323093.0
2021-09-16,7.54,7.72,7.39,7.39,3057100.0,23082098.0
2021-09-17,7.4,7.62,7.16,7.5,3161679.0,23214104.0
2021-09-22,7.35,7.43,7.08,7.18,2936182.0,21086168.0
2021-09-23,7.16,7.26,7.08,7.19,2342924.0,16776026.0
2021-09-24,7.15,7.17,6.84,6.85,4182144.0,28940536.0
2021-09-27,6.86,6.9,6.38,6.47,4014500.0,26468732.0
2021-09-28,6.52,6.57,6.41,6.55,1252500.0,8136260.0
2021-09-29,6.45,6.64,6.4,6.41,1303961.0,8511863.0
2021-09-30,6.42,6.72,6.42,6.63,1489100.0,9830939.0
2021-10-08,6.68,6.95,6.68,6.95,2370500.0,16243332.0
2021-10-11,6.95,6.99,6.8,6.85,1319300.0,9053743.0
2021-10-12,6.8,6.87,6.67,6.79,1327600.0,8977881.0
2021-10-13,6.81,6.96,6.77,6.89,1427300.0,9837797.0
2021-10-14,6.88,6.97,6.79,6.9,1237576.0,8487619.0
2021-10-15,6.92,6.96,6.76,6.76,1158461.0,7935595.5
2021-10-18,6.77,6.88,6.7,6.86,939300.0,6384542.0
2021-10-19,6.85,6.87,6.71,6.74,1079200.0,7318406.0
2021-10-20,6.75,6.75,6.58,6.63,1271900.0,8442107.0
2021-10-21,6.69,6.69,6.47,6.5,1141900.0,7444793.0
2021-10-22,6.48,6.52,6.39,6.41,1085100.0,6980727.0
2021-10-25,6.37,6.39,6.3,6.35,873978.0,5532965.5
2021-10-26,6.33,6.42,6.26,6.27,1170100.0,7387189.0
2021-10-27,6.37,6.37,6.01,6.09,1835500.0,11221198.0
2021-10-28,6.09,6.18,5.93,6.01,1430300.0,8599980.0
2021-10-29,6.01,6.25,5.89,6.22,1678400.0,10316780.0
2021-11-01,6.22,6.26,6.11,6.2,1042100.0,6451337.0
2021-11-02,6.15,6.26,6.0,6.07,1015800.0,6202328.0
2021-11-03,6.09,6.2,6.01,6.2,976900.0,5959461.0
2021-11-04,6.2,6.23,6.08,6.12,824600.0,5056270.0
2021-11-05,6.12,6.22,6.06,6.19,1246300.0,7668711.0
2021-11-08,6.15,6.21,6.1,6.2,1044800.0,6441057.0
2021-11-09,6.2,6.22,6.14,6.16,1245900.0,7690403.0
2021-11-10,6.14,6.21,6.06,6.19,1147591.0,7049033.5
2021-11-11,6.19,6.28,6.18,6.23,1619557.0,10078836.0
2021-11-12,6.27,6.29,6.1,6.15,1667800.0,10256863.0
2021-11-15,6.17,6.34,6.12,6.29,2355654.0,14714320.0
2021-11-16,6.34,6.35,6.23,6.25,1104207.0,6936479.5
2021-11-17,6.23,6.31,6.17,6.3,1017500.0,6374795.0
2021-11-18,6.28,6.32,6.22,6.22,915600.0,5728497.0
2021-11-19,6.22,6.43,6.15,6.41,1867400.0,11801296.0
2021-11-22,6.35,6.44,6.31,6.39,919500.0,5856387.0
2021-11-23,6.36,6.54,6.3,6.48,1729311.0,11145189.0
2021-11-24,6.53,6.63,6.4,6.61,2162900.0,14156332.0
2021-11-25,6.54,6.59,6.51,6.54,1073300.0,7018719.0
2021-11-26,6.49,6.56,6.42,6.45,928400.0,5993543.0
2021-11-29,6.45,6.45,6.0,6.33,931291.0,5892890.0
2021-11-30,6.42,6.59,6.33,6.53,1536689.0,9971463.0
2021-12-01,6.53,6.62,6.46,6.62,1127200.0,7415376.0
2021-12-02,6.58,6.65,6.51,6.52,860700.0,5649019.0
2021-12-03,6.59,6.63,6.52,6.55,866900.0,5706402.0
2021-12-06,6.6,6.6,6.35,6.36,1271700.0,8160812.0
2021-12-07,6.37,6.42,6.29,6.35,745698.0,4726130.0
2021-12-08,6.35,6.39,6.31,6.34,589200.0,3739447.0
2021-12-09,6.36,6.41,6.31,6.36,750100.0,4779532.0
2021-12-10,6.39,6.59,6.36,6.57,1829791.0,11926773.0
2021-12-13,6.6,6.6,6.44,6.45,1097823.0,7109024.0
2021-12-14,6.45,6.75,6.41,6.74,3405700.0,22524984.0
2021-12-15,6.73,6.81,6.65,6.72,2272400.0,15247846.0
2021-12-16,6.7,6.72,6.63,6.7,1342500.0,8953674.0
2021-12-17,6.7,6.77,6.56,6.63,1424500.0,9419470.0
2021-12-20,6.63,6.79,6.58,6.72,1749400.0,11753310.0
2021-12-21,6.76,6.83,6.71,6.82,1595480.0,10812330.0
2021-12-22,6.82,6.9,6.79,6.82,1460900.0,9986730.0
2021-12-23,6.78,6.83,6.62,6.64,1866800.0,12496061.0
2021-12-24,6.66,6.7,6.51,6.52,1535090.0,10108192.0
2021-12-27,6.55,6.66,6.52,6.62,1189500.0,7852195.0
2021-12-28,6.68,6.74,6.6,6.66,1456700.0,9703448.0
2021-12-29,6.67,6.7,6.55,6.67,691600.0,4595136.0
2021-12-30,6.7,6.74,6.66,6.69,1330500.0,8919432.0
2021-12-31,6.72,6.78,6.67,6.77,1229700.0,8289370.0
2022-01-04,6.78,6.9,6.72,6.9,1859000.0,12755388.0
2022-01-05,6.88,6.9,6.73,6.79,1802000.0,12244892.0
2022-01-06,6.8,7.01,6.72,6.9,2425500.0,16758538.0
2022-01-07,6.96,6.98,6.7,6.72,2369700.0,16109409.0
2022-01-10,6.72,6.81,6.65,6.79,1156500.0,7819161.0
2022-01-11,6.79,6.9,6.77,6.81,1380950.0,9446979.0
2022-01-12,6.85,6.95,6.81,6.92,1561400.0,10785854.0
2022-01-13,6.93,7.01,6.86,7.0,2554443.0,17759148.0
2022-01-14,6.96,6.99,6.8,6.83,2037600.0,14016311.0
2022-01-17,6.83,6.99,6.83,6.93,1623444.0,11270131.0
2022-01-18,6.93,6.99,6.6,6.61,2802298.0,18803060.0
2022-01-19,6.64,7.27,6.61,7.27,5234497.0,36953928.0
2022-01-20,8.0,8.0,7.5,8.0,11125799.0,88093016.0
2022-01-21,8.0,8.8,7.76,8.8,27220940.0,230184512.0
2022-01-24,8.34,8.5,7.92,7.92,18198028.0,147107488.0
2022-01-25,7.13,7.5,7.13,7.13,12958844.0,92792104.0
2022-01-26,6.96,6.97,6.59,6.61,11055713.0,74375304.0
2022-01-27,6.64,6.64,5.99,5.99,9737200.0,60056208.0
2022-01-28,5.98,6.19,5.93,6.11,6044046.0,36822640.0
2022-02-07,6.15,6.34,5.99,6.2,5922745.0,36467144.0
2022-02-08,6.25,6.6,6.22,6.58,6610376.0,42563396.0
2022-02-09,6.7,6.7,6.46,6.49,5279000.0,34537336.0
2022-02-10,6.54,6.56,6.35,6.5,4304400.0,27759360.0
2022-02-11,6.55,6.56,6.25,6.37,3075781.0,19590348.0
2022-02-14,6.35,6.54,6.32,6.5,3355561.0,21653176.0
2022-02-15,6.56,6.57,6.3,6.34,3962300.0,25357044.0
2022-02-16,6.34,6.55,6.33,6.54,4090281.0,26459712.0
2022-02-17,6.57,6.62,6.44,6.48,3209561.0,20907708.0
2022-02-18,6.42,6.53,6.39,6.51,2239380.0,14503452.0
2022-02-21,6.54,6.63,6.51,6.63,2630100.0,17327030.0
2022-02-22,6.56,6.63,6.45,6.52,2519900.0,16441376.0
2022-02-23,6.5,6.62,6.48,6.6,2053807.0,13489504.0
2022-02-24,6.58,6.65,6.0,6.41,3728100.0,23995452.0
2022-02-25,6.41,6.62,6.41,6.47,2549180.0,16636637.0
2022-02-28,6.53,6.53,6.31,6.45,1991700.0,12767116.0
2022-03-01,6.48,6.61,6.37,6.55,2146419.0,14018680.0
2022-03-02,6.54,6.67,6.5,6.63,2163500.0,14297794.0
2022-03-03,6.63,6.72,6.6,6.68,2232400.0,14866337.0
2022-03-04,6.68,6.69,6.55,6.62,2322200.0,15377396.0
2022-03-07,6.65,6.78,6.55,6.67,2566400.0,17131216.0
2022-03-08,6.65,6.68,6.39,6.41,3011900.0,19557972.0
2022-03-09,6.41,6.47,6.02,6.27,2626000.0,16461370.0
2022-03-10,6.33,6.49,6.32,6.36,1861700.0,11930993.0
2022-03-11,6.3,6.44,6.11,6.44,1761400.0,11044749.0
2022-03-14,6.43,6.46,6.28,6.28,1615200.0,10273929.0
2022-03-15,6.26,6.29,5.94,5.94,2241100.0,13734947.0
2022-03-16,6.0,6.25,5.96,6.23,2174400.0,13251313.0
2022-03-17,6.29,6.41,6.19,6.22,1795900.0,11305684.0
2022-03-18,6.18,6.38,6.12,6.35,1683700.0,10622214.0
2022-03-21,6.35,6.42,6.31,6.41,1481700.0,9456945.0
2022-03-22,6.46,6.5,6.33,6.45,1334900.0,8560417.0
2022-03-23,6.5,6.5,6.4,6.46,1292043.0,8324423.0
2022-03-24,6.48,6.48,6.35,6.35,1136300.0,7271334.0
2022-03-25,6.41,6.61,6.41,6.54,2889800.0,18861974.0
2022-03-28,6.51,6.63,6.42,6.54,2176000.0,14217206.0
2022-03-29,6.59,6.59,6.39,6.43,1459000.0,9430576.0
2022-03-30,6.45,6.47,6.36,6.43,1285800.0,8247959.0
2022-03-31,6.44,6.58,6.4,6.54,1946200.0,12693927.0
2022-04-01,6.54,6.54,6.37,6.43,1929600.0,12407351.0
2022-04-06,6.43,6.7,6.43,6.7,3328300.0,22080114.0
2022-04-07,6.7,6.71,6.5,6.51,1666800.0,10953557.0
2022-04-08,6.52,6.61,6.31,6.39,1677207.0,10742481.0
2022-04-11,6.44,6.44,6.22,6.29,1690400.0,10672277.0
2022-04-12,6.38,6.45,6.15,6.44,1451600.0,9136169.0
2022-04-13,6.44,6.44,6.25,6.3,1444300.0,9130508.0
2022-04-14,6.3,6.37,6.29,6.33,966100.0,6120385.0
2022-04-15,6.4,6.41,6.11,6.12,1886600.0,11685234.0
2022-04-18,6.06,6.26,5.94,6.22,1696400.0,10440237.0
2022-04-19,6.31,6.5,6.17,6.48,2242700.0,14364964.0
2022-04-20,6.48,6.68,6.37,6.45,2238600.0,14615663.0
2022-04-21,6.47,6.64,6.3,6.31,3122100.0,20224116.0
2022-04-22,6.37,6.94,6.21,6.94,6798900.0,45915680.0
2022-04-25,7.16,7.58,6.55,6.64,18903000.0,131744560.0
2022-04-26,6.4,6.5,5.98,5.98,7451800.0,45053316.0
2022-04-27,5.38,5.46,5.38,5.41,9090400.0,48992424.0
2022-04-28,5.28,5.31,5.0,5.07,8006361.0,40909072.0
2022-04-29,5.02,5.3,5.02,5.3,5019200.0,26251320.0
2022-05-05,5.3,5.49,5.22,5.37,3590700.0,19212456.0
2022-05-06,5.36,5.72,5.23,5.4,4589000.0,25420760.0
2022-05-09,5.34,5.6,5.32,5.48,2967000.0,16325247.0
2022-05-10,5.45,5.56,5.43,5.47,2488000.0,13636055.0
2022-05-11,5.49,5.66,5.43,5.44,2601000.0,14400035.0
2022-05-12,5.39,5.55,5.39,5.54,2174100.0,11919061.0
2022-05-13,5.59,5.7,5.51,5.57,2172000.0,12188950.0
2022-05-16,5.61,5.69,5.54,5.63,2034100.0,11415397.0
2022-05-17,5.56,5.75,5.47,5.55,1499300.0,8293003.0
2022-05-18,5.5,5.75,5.48,5.68,1799300.0,10189622.0
2022-05-19,5.66,5.83,5.6,5.78,1650100.0,9461606.0
2022-05-20,5.74,5.87,5.74,5.79,1499900.0,8708491.0
2022-05-23,5.86,5.96,5.79,5.89,1665100.0,9761395.0
2022-05-24,5.88,5.89,5.58,5.61,1351514.0,7714202.0
2022-05-25,5.61,5.79,5.59,5.75,1329500.0,7620358.0
2022-05-26,5.8,5.87,5.57,5.86,1586500.0,9131423.0
2022-05-27,5.81,5.92,5.7,5.85,1018700.0,5951717.0
2022-05-30,5.83,5.93,5.75,5.85,965400.0,5629688.0
2022-05-31,5.88,5.88,5.75,5.86,1100400.0,6403826.0
2022-06-01,5.91,5.99,5.82,5.88,1166500.0,6883591.0
2022-06-02,5.94,6.05,5.8,5.94,1394200.0,8267443.0
2022-06-06,6.06,6.07,5.94,6.01,1630400.0,9785077.0
2022-06-07,6.04,6.06,5.86,5.93,1225230.0,7262687.0
2022-06-08,5.97,6.03,5.8,5.91,1407114.0,8301611.0
2022-06-09,5.95,5.95,5.75,5.82,893700.0,5205422.0
2022-06-10,5.8,5.94,5.78,5.89,1087200.0,6393548.0
2022-06-13,5.9,5.98,5.79,5.88,1130500.0,6626013.0
2022-06-14,5.86,5.88,5.7,5.88,1222900.0,7072998.0
2022-06-15,5.88,6.07,5.79,5.89,1749100.0,10435316.0
2022-06-16,5.95,6.04,5.81,6.04,1379100.0,8243342.0
2022-06-17,6.04,6.04,5.88,5.92,1286000.0,7649147.0
2022-06-20,6.0,6.02,5.88,6.0,1382500.0,8255252.0
2022-06-21,5.99,6.06,5.89,6.01,1354800.0,8102804.0
2022-06-22,6.04,6.04,5.89,5.91,972400.0,5790977.0
2022-06-23,5.91,6.08,5.84,6.04,1729000.0,10385942.0
2022-06-24,6.02,6.14,6.01,6.02,1428100.0,8679347.0
2022-06-27,6.04,6.2,6.04,6.13,1435700.0,8820138.0
2022-06-28,6.09,6.28,6.09,6.24,1656800.0,10309241.0
2022-06-29,6.22,6.28,6.09,6.09,1703600.0,10505190.0
2022-06-30,6.15,6.24,6.07,6.12,1247100.0,7651777.0
2022-07-01,6.12,6.14,6.02,6.12,907400.0,5524494.0
2022-07-04,6.12,6.15,6.02,6.11,1662400.0,10111329.0
2022-07-05,6.16,6.28,5.99,6.07,1383900.0,8424542.0
2022-07-06,6.07,6.19,5.94,6.15,1461600.0,8859683.0
2022-07-07,6.07,6.18,6.05,6.08,1345600.0,8206980.0
2022-07-08,6.08,6.14,6.05,6.13,853514.0,5215201.0
2022-07-11,6.16,6.16,5.95,6.09,1131800.0,6854765.0
2022-07-12,6.13,6.15,5.93,5.99,1311514.0,7914012.0
2022-07-13,6.02,6.13,5.9,6.08,1319814.0,8013763.0
2022-07-14,6.07,6.13,6.03,6.12,697146.0,4247446.0
2022-07-15,6.03,6.14,5.79,5.82,1642400.0,9666219.0
2022-07-18,5.76,6.09,5.76,6.08,1361300.0,8201709.0
2022-07-19,6.13,6.2,6.05,6.2,1295700.0,7972215.0
2022-07-20,6.2,6.23,6.15,6.18,606400.0,3753215.0
2022-07-21,6.22,6.23,6.15,6.15,820800.0,5080081.0
2022-07-22,6.16,6.23,6.09,6.19,1077846.0,6649540.0
2022-07-25,6.21,6.22,6.13,6.2,763700.0,4717756.0
2022-07-26,6.18,6.23,6.1,6.23,991700.0,6132919.0
2022-07-27,6.2,6.34,6.18,6.33,1279300.0,8044234.0
2022-07-28,6.38,6.44,6.25,6.3,1076900.0,6816956.0
2022-07-29,6.3,6.47,6.18,6.34,1583000.0,10068100.0
2022-08-01,6.37,6.56,6.34,6.51,1820200.0,11802364.0
2022-08-02,6.51,6.51,6.16,6.27,2308400.0,14536654.0
2022-08-03,6.23,6.44,6.18,6.25,1358700.0,8623768.0
2022-08-04,6.24,6.4,6.24,6.36,796100.0,5033005.0
2022-08-05,6.25,6.34,6.22,6.28,1033000.0,6495014.0
2022-08-08,6.21,6.42,6.21,6.41,879900.0,5592502.0
2022-08-09,6.47,6.52,6.36,6.52,1011000.0,6521175.0
2022-08-10,6.52,6.63,6.4,6.56,1262807.0,8279587.0
2022-08-11,6.58,6.89,6.54,6.76,2929744.0,19787808.0
2022-08-12,6.78,6.88,6.68,6.7,1596400.0,10761527.0
2022-08-15,6.72,6.92,6.64,6.73,1103030.0,7403704.0
2022-08-16,6.73,6.93,6.69,6.9,1787700.0,12227546.0
2022-08-17,6.91,7.35,6.91,7.22,3858200.0,27697324.0
2022-08-18,7.23,7.25,7.02,7.18,2381500.0,16992596.0
2022-08-19,7.08,7.58,7.08,7.4,4318399.0,32055452.0
2022-08-22,7.4,7.47,7.24,7.27,1892914.0,13865393.0
2022-08-23,7.25,7.32,7.1,7.16,2679300.0,19201850.0
2022-08-24,7.16,7.17,6.83,6.9,2439900.0,17009942.0
2022-08-25,6.95,7.13,6.75,7.12,2644900.0,18397592.0
2022-08-26,7.1,7.15,6.87,6.89,1348300.0,9400808.0
2022-08-29,6.89,7.2,6.73,7.18,1924154.0,13619203.0
2022-08-30,7.21,7.33,7.12,7.21,1772776.0,12796497.0
2022-08-31,7.2,7.26,6.91,7.09,2029300.0,14289775.0
2022-09-01,7.11,7.26,7.01,7.1,1910500.0,13666076.0
2022-09-02,7.1,7.27,6.99,7.24,1757900.0,12581836.0
2022-09-05,7.23,7.8,7.17,7.65,4604854.0,35079568.0
2022-09-06,7.56,7.65,7.11,7.27,5179100.0,37569312.0
2022-09-07,7.17,7.23,7.01,7.03,2839095.0,20142952.0
2022-09-08,7.07,7.07,6.89,6.92,1964549.0,13625570.0
2022-09-09,6.92,7.12,6.85,6.87,1239605.0,8579502.0
2022-09-13,6.86,6.98,6.83,6.88,1126900.0,7752884.0
2022-09-14,6.77,6.87,6.75,6.84,855700.0,5831690.0
2022-09-15,6.88,6.94,6.62,6.72,1095900.0,7400602.0
2022-09-16,6.73,6.8,6.48,6.48,1087800.0,7165506.0
2022-09-19,6.48,6.6,6.31,6.37,1446900.0,9314571.0
2022-09-20,6.37,6.64,6.37,6.58,1438300.0,9460642.0
2022-09-21,6.58,6.62,6.45,6.59,998300.0,6520915.0
2022-09-22,6.64,6.64,6.41,6.5,1161300.0,7534552.0
2022-09-23,6.45,6.54,6.28,6.28,842100.0,5374456.0
2022-09-26,6.26,6.34,6.08,6.12,1070100.0,6650784.0
2022-09-27,6.15,6.36,6.15,6.36,1230900.0,7753562.0
2022-09-28,6.37,6.42,6.23,6.25,1044200.0,6606365.0
2022-09-29,6.33,6.35,6.11,6.16,847514.0,5255151.0
2022-09-30,6.15,6.21,6.01,6.06,1052100.0,6406346.0
2022-10-10,6.1,6.21,6.02,6.12,1304400.0,8006521.0
2022-10-11,6.12,6.16,5.97,6.06,652400.0,3941464.0
2022-10-12,6.13,6.18,5.98,6.18,646654.0,3941925.0
2022-10-13,6.18,6.28,6.06,6.23,946400.0,5863070.0
2022-10-14,6.29,6.36,6.22,6.27,858900.0,5404123.0
2022-10-17,6.29,6.45,6.24,6.36,1198400.0,7603437.0
2022-10-18,6.44,6.44,6.31,6.38,539137.0,3434509.0
2022-10-19,6.38,6.38,6.29,6.35,664900.0,4209381.0
2022-10-20,6.31,6.37,6.25,6.3,551600.0,3476915.0
2022-10-21,6.31,6.43,6.27,6.37,956300.0,6092580.0
2022-10-24,6.43,6.43,6.17,6.18,1307600.0,8224698.0
2022-10-25,6.17,6.26,6.0,6.02,1139200.0,6913019.0
2022-10-26,6.11,6.26,6.02,6.2,986500.0,6098861.0
2022-10-27,6.26,6.29,6.18,6.29,1193000.0,7449526.0
2022-10-28,6.28,6.28,5.9,6.05,1703900.0,10317661.0
2022-10-31,6.04,6.12,5.9,6.06,1310000.0,7847034.0
2022-11-01,6.05,6.17,6.03,6.17,908300.0,5549958.0
2022-11-02,6.26,6.31,6.17,6.29,863200.0,5409452.0
2022-11-03,6.3,6.3,6.19,6.29,526000.0,3291997.0
2022-11-04,6.3,6.35,6.21,6.33,917000.0,5780176.0
2022-11-07,6.36,6.49,6.33,6.47,1127496.0,7256618.0
2022-11-08,6.46,6.56,6.38,6.48,659200.0,4255432.0
2022-11-09,6.46,6.53,6.41,6.5,868100.0,5623804.0
2022-11-10,6.49,6.55,6.33,6.51,990600.0,6428494.0
2022-11-11,6.56,6.6,6.44,6.49,894800.0,5838102.0
2022-11-14,6.47,6.57,6.44,6.51,954800.0,6221483.0
2022-11-15,6.53,6.55,6.43,6.52,718400.0,4679168.0
2022-11-16,6.55,6.7,6.52,6.64,1825100.0,12117812.0
2022-11-17,6.67,6.72,6.63,6.71,992700.0,6637499.0
2022-11-18,6.72,6.79,6.65,6.7,877036.0,5905673.0
2022-11-21,6.68,6.69,6.59,6.67,919000.0,6105476.0
2022-11-22,6.67,6.77,6.64,6.71,1029164.0,6902652.0
2022-11-23,6.72,6.73,6.47,6.52,1892600.0,12384727.0
2022-11-24,6.56,6.62,6.5,6.53,854000.0,5595625.0
2022-11-25,6.54,6.62,6.47,6.57,1249600.0,8200895.0
2022-11-28,6.48,6.62,6.4,6.46,1024400.0,6650020.0
2022-11-29,6.47,6.59,6.44,6.57,993864.0,6514605.0
2022-11-30,6.59,6.8,6.57,6.7,2672564.0,17886882.0
2022-12-01,6.73,7.37,6.73,6.91,5274600.0,36606548.0
2022-12-02,6.91,7.13,6.88,6.99,4339536.0,30511176.0
2022-12-05,7.0,7.05,6.87,6.94,2715800.0,18834438.0
2022-12-06,6.91,6.96,6.8,6.84,1871600.0,12833381.0
2022-12-07,6.87,6.9,6.8,6.89,1403500.0,9628777.0
2022-12-08,6.87,6.97,6.78,6.93,1685300.0,11622057.0
2022-12-09,6.95,6.97,6.69,6.8,1331700.0,9079117.0
2022-12-12,6.88,6.9,6.74,6.8,1108600.0,7542551.0
2022-12-13,6.8,7.03,6.8,7.0,2255318.0,15696047.0
2022-12-14,7.01,7.12,6.91,7.0,1675000.0,11755136.0
2022-12-15,7.02,7.08,6.86,6.9,1085600.0,7542047.0
2022-12-16,6.89,6.94,6.72,6.8,1438300.0,9778454.0
2022-12-19,6.81,6.91,6.5,6.59,1991600.0,13158920.0
2022-12-20,6.55,6.68,6.5,6.62,1446100.0,9540594.0
2022-12-21,6.65,6.71,6.52,6.55,1264500.0,8347560.0
2022-12-22,6.64,6.67,6.46,6.47,1400500.0,9181295.0
2022-12-23,6.52,6.53,6.3,6.38,1614800.0,10376512.0
2022-12-26,6.43,6.49,6.35,6.38,959800.0,6160444.0
2022-12-27,6.43,6.47,6.32,6.38,1382900.0,8840406.0
2022-12-28,6.39,6.39,6.17,6.23,1217291.0,7599680.0
2022-12-29,6.23,6.31,6.17,6.21,995700.0,6213156.0
2022-12-30,6.28,6.52,6.28,6.45,2145700.0,13713168.0
2023-01-03,6.42,6.96,6.42,6.7,4497304.0,30336604.0
2023-01-04,6.73,6.77,6.61,6.74,2070204.0,13888411.0
2023-01-05,6.73,6.8,6.62,6.7,1933100.0,12949145.0
2023-01-06,6.75,6.83,6.64,6.7,1726504.0,11619141.0
2023-01-09,6.71,6.75,6.58,6.63,1444900.0,9608644.0
2023-01-10,6.65,6.69,6.45,6.52,1165800.0,7613735.0
2023-01-11,6.44,6.54,6.33,6.35,1188000.0,7622006.0
2023-01-12,6.35,6.38,6.27,6.3,905700.0,5716593.0
2023-01-13,6.27,6.34,6.26,6.3,779100.0,4902217.0
2023-01-16,6.3,6.38,6.27,6.36,2311600.0,14605824.0
2023-01-17,6.35,6.38,6.22,6.24,1480800.0,9294803.0
2023-01-18,6.27,6.34,6.21,6.33,1854600.0,11650333.0
2023-01-19,6.33,6.35,6.28,6.34,1411600.0,8920284.0
2023-01-20,6.33,6.41,6.32,6.39,1336800.0,8531721.0
2023-01-30,6.47,6.63,6.4,6.55,2402500.0,15674519.0
2023-01-31,6.58,6.63,6.46,6.61,1802100.0,11807806.0
2023-02-01,6.64,6.72,6.51,6.69,2477100.0,16501747.0
2023-02-02,6.69,6.93,6.63,6.87,3412000.0,23287088.0
2023-02-03,6.89,6.89,6.65,6.75,1616800.0,10936296.0
2023-02-06,6.73,6.84,6.67,6.8,1866800.0,12636963.0
2023-02-07,6.77,6.85,6.72,6.8,1402200.0,9494819.0
2023-02-08,6.85,6.93,6.77,6.87,2257400.0,15499665.0
2023-02-09,6.85,6.87,6.79,6.83,1376300.0,9370837.0
2023-02-10,6.72,6.94,6.71,6.9,1638600.0,11284872.0
2023-02-13,6.93,6.94,6.81,6.92,1638900.0,11284555.0
2023-02-14,6.92,6.98,6.85,6.89,1098743.0,7582342.0
2023-02-15,6.9,6.94,6.85,6.92,1406543.0,9692875.0
2023-02-16,6.92,6.96,6.72,6.77,1501000.0,10324206.0
2023-02-17,6.78,7.12,6.78,6.85,2469900.0,17034526.0
2023-02-20,6.85,6.93,6.8,6.84,1546700.0,10579685.0
2023-02-21,6.87,6.95,6.81,6.87,1921100.0,13227099.0
2023-02-22,6.87,6.93,6.78,6.9,1517043.0,10372948.0
2023-02-23,6.89,6.98,6.88,6.91,2144000.0,14863800.0
2023-02-24,6.97,6.98,6.78,6.93,1554500.0,10684628.0
2023-02-27,6.93,7.07,6.82,6.85,3115100.0,21524888.0
2023-02-28,6.91,7.1,6.86,7.1,5894200.0,41442248.0
2023-03-01,7.12,7.12,6.84,7.01,4748900.0,33107920.0
2023-03-02,7.04,7.28,7.01,7.23,5627100.0,40182152.0
2023-03-03,7.17,7.2,6.9,7.0,5165100.0,36174328.0
2023-03-06,7.03,7.03,6.76,6.78,3417300.0,23355716.0
2023-03-07,6.81,6.82,6.64,6.64,2498800.0,16786564.0
2023-03-08,6.61,6.7,6.61,6.69,1569000.0,10443493.0
2023-03-09,6.68,6.72,6.62,6.69,1489400.0,9932370.0
2023-03-10,6.64,6.7,6.57,6.6,1596800.0,10590428.0
2023-03-13,6.59,6.65,6.49,6.55,1681000.0,11002775.0
2023-03-14,6.54,6.56,6.37,6.42,1554400.0,10017080.0
2023-03-15,6.47,6.54,6.46,6.51,984400.0,6403535.0
2023-03-16,6.42,6.52,6.42,6.46,1088800.0,7048719.0
2023-03-17,6.46,6.55,6.41,6.43,970900.0,6270943.0
2023-03-20,6.43,6.5,6.35,6.44,1641800.0,10567385.0
2023-03-21,6.48,6.58,6.39,6.56,954100.0,6200219.0
2023-03-22,6.58,6.68,6.54,6.62,1398100.0,9251633.0
2023-03-23,6.62,6.62,6.49,6.53,1358600.0,8868837.0
2023-03-24,6.55,6.55,6.48,6.52,1777400.0,11591060.0
2023-03-27,6.53,6.53,6.39,6.5,1833214.0,11848090.0
2023-03-28,6.54,6.54,6.4,6.41,1509100.0,9751172.0
2023-03-29,6.43,6.45,6.31,6.32,1514000.0,9632542.0
2023-03-30,6.31,6.35,6.21,6.25,1402043.0,8786771.0
2023-03-31,6.25,6.39,6.23,6.32,920200.0,5802200.0
2023-04-03,6.4,6.4,6.23,6.26,1681800.0,10568299.0
2023-04-04,6.28,6.29,6.16,6.2,1748200.0,10857613.0
2023-04-06,6.2,6.2,6.07,6.1,1826843.0,11177362.0
2023-04-07,6.11,6.19,6.08,6.19,1057100.0,6486510.0
2023-04-10,6.17,6.21,5.95,6.02,2810637.0,16947380.0
2023-04-11,6.02,6.05,5.92,6.05,1433600.0,8586025.0
2023-04-12,6.09,6.13,6.05,6.12,1052700.0,6423506.0
2023-04-13,6.1,6.16,6.05,6.07,1163500.0,7106992.0
2023-04-14,6.07,6.14,6.01,6.08,827100.0,5013664.0
2023-04-17,6.07,6.08,5.99,6.06,921000.0,5552662.0
2023-04-18,6.04,6.08,5.99,6.04,906700.0,5458541.0
2023-04-19,6.0,6.1,6.0,6.02,1160400.0,7018865.0
2023-04-20,6.0,6.04,5.92,6.02,1643000.0,9826448.0
2023-04-21,6.02,6.16,5.93,5.95,2415300.0,14553658.0
2023-04-24,5.93,6.01,5.85,5.93,1439944.0,8528561.0
2023-04-25,5.93,5.93,5.81,5.91,1611600.0,9453397.0
2023-04-26,5.9,6.01,5.87,5.9,1170000.0,6921481.0
2023-04-27,5.87,5.99,5.83,5.97,803800.0,4766042.0
2023-04-28,6.0,6.21,5.91,6.2,1599500.0,9771493.0
2023-05-04,6.22,6.55,6.2,6.47,4638800.0,29827248.0
2023-05-05,6.55,6.55,6.4,6.49,2619514.0,16890604.0
2023-05-08,6.54,6.58,6.43,6.52,2780900.0,18112084.0
2023-05-09,6.51,6.55,6.38,6.4,1756600.0,11374757.0
2023-05-10,6.4,6.47,6.32,6.44,1230500.0,7910845.0
2023-05-11,6.44,7.02,6.44,6.89,7163243.0,48868256.0
2023-05-12,6.88,7.12,6.82,6.98,5955500.0,41680956.0
2023-05-15,6.95,6.95,6.73,6.91,4061300.0,27741216.0
2023-05-16,6.9,7.11,6.75,7.03,5355000.0,37297464.0
2023-05-17,7.0,7.19,6.95,7.13,3239804.0,23071876.0
2023-05-18,7.19,7.26,7.08,7.18,3076504.0,22061816.0
2023-05-19,7.25,7.38,7.12,7.25,3899900.0,28365544.0
2023-05-22,7.21,7.34,7.21,7.33,2539500.0,18518658.0
2023-05-23,7.32,7.79,7.27,7.69,6487004.0,49291784.0
2023-05-24,7.64,7.69,7.46,7.58,4550650.0,34397696.0
2023-05-25,7.47,7.58,7.35,7.52,2834900.0,21095300.0
2023-05-26,7.49,7.54,7.34,7.5,2171500.0,16167371.0
2023-05-29,7.48,8.1,7.43,7.74,5464800.0,42638324.0
2023-05-30,7.7,7.79,7.5,7.74,3211800.0,24512166.0
2023-05-31,7.74,7.8,7.52,7.53,2202900.0,16788318.0
2023-06-01,7.56,7.71,7.47,7.65,2085100.0,15918491.0
2023-06-02,7.7,7.74,7.48,7.51,1606200.0,12117306.0
2023-06-05,7.53,7.65,7.49,7.59,1178800.0,8919096.0
2023-06-06,7.76,7.76,7.43,7.44,1621900.0,12163856.0
2023-06-07,7.44,7.69,7.41,7.65,1701900.0,12937473.0
2023-06-08,7.65,7.74,7.51,7.53,1542100.0,11710828.0
2023-06-09,7.62,7.62,7.44,7.51,1421414.0,10685089.0
2023-06-12,7.52,7.54,7.31,7.49,1680100.0,12484667.0
2023-06-13,7.48,7.66,7.47,7.63,2088500.0,15828783.0
2023-06-14,7.6,8.19,7.56,8.01,5371700.0,42742760.0
2023-06-15,8.01,8.01,7.45,7.52,4449600.0,33756732.0
2023-06-16,7.45,7.57,7.37,7.45,2329600.0,17351952.0
2023-06-19,7.43,7.63,7.4,7.54,1815500.0,13610025.0
2023-06-20,7.49,7.62,7.4,7.42,1411100.0,10541459.0
2023-06-21,7.5,7.5,7.28,7.32,1394200.0,10249833.0
2023-06-26,7.27,7.36,7.16,7.25,1395300.0,10126682.0
2023-06-27,7.22,7.46,7.2,7.36,1247300.0,9182963.0
2023-06-28,7.35,7.4,7.2,7.24,3015451.0,21906338.0
2023-06-29,7.23,7.4,7.2,7.37,2124954.0,15575070.0
2023-06-30,7.4,7.7,7.36,7.67,2444377.0,18611656.0
2023-07-03,7.75,7.83,7.6,7.69,2136377.0,16430645.0
2023-07-04,7.85,7.94,7.66,7.79,1656300.0,12853262.0
2023-07-05,7.82,7.9,7.68,7.72,1269800.0,9863592.0
2023-07-06,7.7,7.89,7.7,7.8,1494000.0,11621506.0
2023-07-07,7.77,7.84,7.69,7.76,1045000.0,8102324.0
2023-07-10,7.92,7.92,7.68,7.73,696500.0,5392347.0
2023-07-11,7.73,7.85,7.7,7.74,1260800.0,9805211.0
2023-07-12,7.69,7.84,7.65,7.69,1503700.0,11649726.0
2023-07-13,7.79,7.82,7.65,7.76,1610200.0,12453831.0
2023-07-14,7.83,7.89,7.69,7.81,1907000.0,14866615.0
2023-07-17,7.79,7.91,7.66,7.73,1654300.0,12859175.0
2023-07-18,7.78,7.89,7.7,7.73,1943200.0,15120897.0
2023-07-19,7.78,7.9,7.72,7.81,1669994.0,13005290.0
2023-07-20,7.87,7.89,7.76,7.8,1544100.0,12090213.0
2023-07-21,7.84,7.89,7.73,7.79,1283400.0,9994721.0
2023-07-24,7.8,7.88,7.73,7.81,1274000.0,9967857.0
2023-07-25,7.87,7.87,7.71,7.81,1652500.0,12841976.0
2023-07-26,7.8,7.87,7.71,7.87,1505800.0,11773569.0
2023-07-27,7.83,8.01,7.79,7.82,1718200.0,13553020.0
2023-07-28,7.79,8.17,7.76,8.1,4872300.0,39363292.0
2023-07-31,8.14,8.17,7.79,8.05,5046350.0,40100312.0
2023-08-01,8.05,8.11,7.96,7.99,2218200.0,17777304.0
2023-08-02,7.97,8.02,7.89,7.96,1764600.0,14038106.0
2023-08-03,7.97,7.99,7.81,7.81,1517700.0,11907452.0
2023-08-04,7.84,7.89,7.54,7.55,2917700.0,22372008.0
2023-08-07,7.54,7.64,7.43,7.5,1787950.0,13389113.0
2023-08-08,7.51,7.68,7.46,7.59,1719900.0,13052514.0
2023-08-09,7.63,7.63,7.4,7.43,1359800.0,10164077.0
2023-08-10,7.46,7.62,7.4,7.54,1190600.0,8939621.0
2023-08-11,7.61,7.66,7.47,7.51,1237200.0,9371172.0
2023-08-14,7.48,7.6,7.41,7.55,1439100.0,10795364.0
2023-08-15,7.47,7.77,7.47,7.71,1806400.0,13874397.0
2023-08-16,7.83,7.88,7.67,7.76,1799700.0,14043142.0
2023-08-17,7.79,8.0,7.71,7.97,2307600.0,18172804.0
2023-08-18,7.94,8.09,7.88,7.93,2346100.0,18779992.0
2023-08-21,7.91,8.06,7.89,8.0,1535400.0,12307531.0
2023-08-22,7.99,8.04,7.81,7.97,2107804.0,16734133.0
2023-08-23,8.05,8.09,7.86,7.96,2798300.0,22392304.0
2023-08-24,7.88,8.02,7.8,7.84,1745800.0,13729150.0
2023-08-25,7.81,8.06,7.74,7.74,1967000.0,15469612.0
2023-08-28,8.21,8.21,7.83,7.86,2361600.0,18790016.0
2023-08-29,7.96,8.11,7.86,8.08,3183000.0,25657918.0
2023-08-30,8.15,8.76,8.0,8.48,7564704.0,63987472.0
2023-08-31,8.39,8.5,8.2,8.26,5647700.0,46927056.0
2023-09-01,8.25,8.4,8.12,8.38,4233200.0,35218272.0
2023-09-04,8.39,8.62,8.38,8.58,3819200.0,32575700.0
2023-09-05,8.48,8.63,8.43,8.52,2822504.0,24025880.0
2023-09-06,8.55,8.71,8.39,8.46,3326804.0,28373824.0
2023-09-07,8.48,8.59,8.37,8.41,2219704.0,18794076.0
2023-09-08,8.48,8.52,8.36,8.45,1882800.0,15925810.0
2023-09-11,8.46,8.69,8.46,8.68,3781655.0,32594746.0
2023-09-12,8.62,8.63,8.14,8.32,5131300.0,42535408.0
2023-09-13,8.3,8.42,8.14,8.23,2943300.0,24295216.0
2023-09-14,8.26,8.26,8.09,8.19,1746300.0,14254249.0
2023-09-15,8.19,8.26,8.06,8.16,1926300.0,15734562.0
2023-09-18,8.15,8.5,8.12,8.47,2801900.0,23508444.0
2023-09-19,8.47,8.56,8.2,8.21,1813650.0,15054629.0
2023-09-20,8.21,8.41,8.21,8.27,1847800.0,15365403.0
2023-09-21,8.3,8.34,8.15,8.2,1534800.0,12621814.0
2023-09-22,8.13,8.35,8.13,8.23,1707321.0,14135896.0
2023-09-25,8.38,9.05,8.29,9.05,4286439.0,37964044.0
2023-09-26,9.69,9.81,8.56,8.91,20779578.0,184900832.0
2023-09-27,8.56,8.67,8.02,8.02,13541297.0,110398312.0
2023-09-28,7.71,8.33,7.46,8.3,18345600.0,145209328.0
2023-10-09,8.23,9.13,8.2,9.13,10842002.0,96900840.0
2023-10-10,9.22,9.65,8.91,9.23,28239334.0,261911136.0
2023-10-11,9.31,9.37,8.87,9.0,14658302.0,133581000.0
2023-10-12,9.17,9.17,8.77,9.09,12182400.0,110277736.0
2023-10-13,9.04,9.1,8.64,8.73,10366268.0,91330752.0
2023-10-16,8.74,9.58,8.65,9.34,17769896.0,163128800.0
2023-10-17,8.93,9.39,8.8,9.39,13660200.0,125691424.0
2023-10-18,9.29,10.33,9.24,10.33,15121861.0,152576288.0
2023-10-19,10.5,11.29,9.65,9.74,31440716.0,324371552.0
2023-10-20,9.76,10.25,8.77,8.94,22560800.0,208020768.0
2023-10-23,8.46,8.7,8.08,8.1,16583355.0,137751712.0
2023-10-24,8.2,8.91,8.2,8.91,8418100.0,73503512.0
2023-10-25,8.97,9.5,8.97,9.37,21353280.0,197409616.0
2023-10-26,9.47,9.49,9.08,9.21,10175300.0,93695400.0
2023-10-27,9.22,9.78,9.2,9.63,13022000.0,124400800.0
2023-10-30,9.54,10.1,9.38,9.53,11968000.0,114660840.0
2023-10-31,9.43,9.64,9.1,9.23,9568100.0,88951656.0
2023-11-01,9.3,9.32,8.94,8.98,7792500.0,70352144.0
2023-11-02,9.04,9.04,8.7,8.77,6574200.0,57775776.0
2023-11-03,8.8,9.65,8.8,9.19,17336600.0,161473008.0
2023-11-06,9.2,9.42,9.07,9.13,11923900.0,109140872.0
2023-11-07,9.19,9.25,8.98,9.21,8456500.0,76973336.0
2023-11-08,9.18,9.24,8.92,9.0,8171900.0,73702728.0
2023-11-09,8.95,9.11,8.8,9.04,7743100.0,69350472.0
2023-11-10,9.04,9.07,8.87,8.97,4838700.0,43471556.0
2023-11-13,8.97,9.09,8.91,8.96,3729300.0,33516016.0
2023-11-14,9.04,9.14,8.97,9.12,5412600.0,49072264.0
2023-11-15,9.15,9.2,8.94,9.15,5292500.0,47998000.0
2023-11-16,9.11,9.26,9.04,9.2,5451859.0,50148784.0
2023-11-17,9.14,9.4,9.13,9.35,7371600.0,68701176.0
2023-11-20,9.5,9.56,9.26,9.55,7933100.0,74814808.0
2023-11-21,9.58,9.86,9.58,9.67,8642200.0,84107208.0
2023-11-22,9.69,9.73,9.47,9.51,5779500.0,55387644.0
2023-11-23,9.56,9.73,9.5,9.61,4168400.0,40080568.0
2023-11-24,9.58,9.66,9.38,9.44,4410600.0,41727848.0
2023-11-27,9.36,9.49,9.3,9.37,2991201.0,28077240.0
2023-11-28,9.38,9.63,9.34,9.5,3773100.0,35881484.0
2023-11-29,9.45,9.69,9.41,9.41,3584300.0,34134812.0
2023-11-30,9.43,9.48,9.2,9.31,3422100.0,31826908.0
2023-12-01,9.35,9.51,9.31,9.33,3335300.0,31343076.0
2023-12-04,9.36,9.66,9.36,9.43,3182000.0,30098508.0
2023-12-05,9.42,9.5,9.27,9.27,3030400.0,28276986.0
2023-12-06,9.35,9.66,9.29,9.49,4271400.0,40394660.0
2023-12-07,9.42,9.54,9.29,9.31,2958200.0,27661568.0
2023-12-08,9.31,9.33,8.86,8.86,6059900.0,54780564.0
2023-12-11,8.81,9.17,8.77,8.89,4462100.0,40019568.0
2023-12-12,8.87,9.03,8.86,8.98,2371000.0,21200310.0
2023-12-13,8.96,9.14,8.95,9.04,2490700.0,22554342.0
2023-12-14,9.06,9.22,9.01,9.12,2409000.0,21993860.0
2023-12-15,9.11,9.26,9.01,9.23,2498100.0,22901822.0
2023-12-18,9.24,9.28,9.02,9.07,2147500.0,19634052.0
2023-12-19,9.07,9.2,8.98,9.08,2824800.0,25605564.0
2023-12-20,9.09,9.22,9.0,9.0,2178200.0,19837848.0
2023-12-21,9.0,9.34,8.96,9.34,5514300.0,50575656.0
2023-12-22,9.38,9.84,9.15,9.2,7543300.0,71359680.0
2023-12-25,9.16,9.23,8.8,8.91,4871600.0,43588988.0
2023-12-26,8.88,8.95,8.66,8.7,3033600.0,26565884.0
2023-12-27,8.66,8.89,8.61,8.82,3353200.0,29364044.0
2023-12-28,8.79,8.82,8.57,8.64,2794666.0,24238104.0
2023-12-29,8.69,9.1,8.66,9.07,4171700.0,37253328.0
2024-01-16,9.98,9.98,9.98,9.98,1140500.0,11382190.0
2024-01-17,10.98,10.98,10.98,10.98,618900.0,6795522.0
2024-01-18,12.08,12.08,12.08,12.08,5264388.0,63593808.0
2024-01-19,13.29,13.29,13.29,13.29,1148454.0,15262954.0
2024-01-22,14.62,14.62,14.62,14.62,3856866.0,56387380.0
2024-01-23,16.08,16.08,13.16,16.08,41643368.0,617594496.0
2024-01-24,15.78,17.69,15.78,17.69,22586468.0,384867360.0
2024-01-25,18.2,19.29,15.92,15.92,48989096.0,831743872.0
2024-01-26,14.33,14.6,14.33,14.33,7075000.0,101451920.0
2024-01-29,12.9,12.9,12.9,12.9,2800400.0,36125160.0
2024-01-30,11.61,12.4,11.61,11.61,37057804.0,434182016.0
2024-01-31,11.0,11.19,10.45,10.45,22039476.0,235753664.0
2024-02-01,10.88,11.5,10.88,11.5,12075999.0,138008528.0
2024-02-02,12.65,12.65,12.65,12.65,2987100.0,37786816.0
2024-02-05,13.0,13.92,12.0,13.92,36771480.0,491817216.0
2024-02-06,13.63,15.31,12.53,12.53,44698464.0,609046208.0
2024-02-07,11.7,13.78,11.7,13.78,46458160.0,614794304.0
2024-02-08,12.4,15.16,12.4,15.16,42577452.0,557248768.0
2024-02-19,15.92,16.68,15.03,16.68,52813280.0,855136256.0
2024-02-20,16.16,17.38,15.52,16.32,46993672.0,781375744.0
2024-02-21,15.85,17.62,15.05,16.96,48021536.0,780380352.0
2024-02-22,16.0,18.65,15.5,17.47,51131476.0,880899008.0
2024-02-23,17.04,17.71,16.34,16.48,40498432.0,686668288.0
2024-02-26,16.01,17.48,15.76,17.08,38966732.0,639751040.0
2024-02-27,16.78,16.79,16.08,16.19,30870836.0,503568096.0
2024-02-28,16.06,17.14,14.57,14.63,33787108.0,546975424.0
2024-02-29,13.17,14.47,13.17,14.13,26650992.0,370022400.0
2024-03-01,14.0,14.32,13.21,13.5,22907080.0,312410176.0
2024-03-04,13.51,13.65,13.0,13.31,16765700.0,223467168.0
2024-03-05,13.36,13.79,13.18,13.5,17783700.0,239963312.0
2024-03-06,13.3,13.71,13.14,13.36,12918300.0,173417136.0
2024-03-07,13.29,13.98,13.22,13.85,22749658.0,310577184.0
2024-03-08,13.61,13.77,13.39,13.52,13893658.0,188157136.0
2024-03-11,13.46,13.51,12.44,13.02,14505609.0,188318400.0
2024-03-12,13.03,13.27,12.8,12.88,12994199.0,168737200.0
2024-03-13,12.78,13.21,12.68,13.1,15513633.0,200340000.0
2024-03-14,13.0,13.01,12.33,12.51,13406035.0,169940448.0
2024-03-15,12.39,12.59,12.32,12.54,7428431.0,92711616.0
2024-03-18,12.64,13.03,12.5,12.96,13447559.0,172678672.0
2024-03-19,12.96,13.16,12.87,13.08,10015342.0,130522832.0
2024-03-20,13.12,13.17,12.86,13.08,9617900.0,125149136.0
2024-03-21,13.0,13.15,12.76,12.87,8163700.0,105407128.0
2024-03-22,12.95,12.95,12.45,12.61,8088704.0,101974904.0
2024-03-25,12.5,12.5,11.6,11.67,11801800.0,141740288.0
2024-03-26,11.66,11.79,11.19,11.44,8106909.0,92797648.0
2024-03-27,11.39,11.45,11.07,11.09,5584360.0,62556056.0
2024-03-28,11.06,11.47,10.99,11.39,7006600.0,79188632.0
2024-03-29,11.39,11.42,11.13,11.42,5438400.0,61516440.0
2024-04-01,11.42,11.68,11.4,11.65,6857669.0,79168448.0
2024-04-02,11.65,11.75,11.28,11.36,6290056.0,71628800.0
2024-04-03,11.4,11.5,11.13,11.39,5884894.0,66691524.0
2024-04-08,11.39,11.4,11.05,11.07,4104900.0,45835824.0
2024-04-09,11.07,11.68,10.97,11.38,6218400.0,70507288.0
2024-04-10,11.3,11.42,10.87,10.98,6142600.0,68014816.0
2024-04-11,10.9,11.14,10.68,11.0,4058169.0,44691860.0
2024-04-12,10.98,11.2,10.93,11.18,5114100.0,56757376.0
2024-04-15,11.14,11.14,10.06,10.06,10131800.0,104031992.0
2024-04-16,9.73,9.8,9.05,9.05,5149900.0,47375264.0
2024-04-17,8.81,9.55,8.72,9.44,7869000.0,73219368.0
2024-04-18,9.41,10.0,9.39,9.77,9409292.0,91467456.0
2024-04-19,9.78,9.81,9.45,9.54,5298202.0,50687384.0
2024-04-22,9.55,9.58,9.15,9.32,4429302.0,41307540.0
2024-04-23,9.29,9.49,9.25,9.36,3382600.0,31804334.0
2024-04-24,9.36,9.48,9.26,9.47,3070700.0,28979962.0
2024-04-25,9.43,9.58,9.25,9.29,4001000.0,37689928.0
2024-04-26,9.35,9.47,9.24,9.36,4398900.0,41170336.0
2024-04-29,9.51,10.1,9.5,10.04,7295900.0,72001328.0
2024-04-30,10.14,10.28,9.81,9.97,6010000.0,60134128.0
2024-05-06,10.1,10.35,10.03,10.33,5618300.0,57371140.0
2024-05-07,10.38,10.38,10.17,10.31,4352000.0,44655496.0
2024-05-08,10.25,10.35,10.12,10.13,3254300.0,33248710.0
2024-05-09,10.1,10.33,10.09,10.22,2951800.0,30225008.0
2024-05-10,10.3,10.32,9.9,9.96,3703992.0,37024096.0
2024-05-13,9.92,9.94,9.58,9.66,3086700.0,29980900.0
2024-05-14,9.73,10.49,9.73,10.29,7850400.0,79614064.0
2024-05-15,10.23,10.4,10.07,10.13,6075900.0,61990860.0
2024-05-16,10.08,10.24,10.05,10.06,3224300.0,32690658.0
2024-05-17,10.15,10.22,10.01,10.12,3311199.0,33405188.0
2024-05-20,10.23,10.23,10.05,10.09,3136500.0,31667552.0
2024-05-21,10.03,10.09,9.77,9.88,3152298.0,31135974.0
2024-05-22,9.88,10.05,9.88,10.01,2787000.0,27799416.0
2024-05-23,10.01,10.05,9.67,9.74,3255900.0,31849304.0
2024-05-24,9.9,9.9,9.6,9.64,2284100.0,22117280.0
2024-05-27,9.64,9.82,9.56,9.71,3009700.0,29180948.0
2024-05-28,9.72,9.81,9.4,9.43,3340001.0,31694196.0
2024-05-29,9.39,9.62,9.39,9.43,2627900.0,24968476.0
2024-05-30,9.51,9.51,9.23,9.26,2377300.0,22136356.0
2024-05-31,9.29,9.53,9.26,9.42,2647900.0,24975700.0
2024-06-03,9.37,9.38,9.08,9.11,3328360.0,30548808.0
2024-06-04,9.15,9.15,8.88,8.97,2404969.0,21545442.0
2024-06-05,8.98,8.98,8.65,8.66,2929063.0,25597348.0
2024-06-06,8.72,8.77,7.95,8.08,5567000.0,45773788.0
2024-06-07,8.15,8.52,8.15,8.51,4657700.0,39091508.0
2024-06-11,8.52,8.62,8.28,8.57,3203700.0,27108934.0
2024-06-12,8.63,9.12,8.61,8.69,3791460.0,33318364.0
2024-06-13,8.66,8.75,8.5,8.54,2789500.0,23961078.0
2024-06-14,8.54,8.58,8.32,8.55,2391405.0,20319892.0
2024-06-17,8.56,8.62,8.46,8.49,1904000.0,16218517.0
2024-06-18,8.45,8.61,8.41,8.53,2237100.0,19128646.0
2024-06-19,8.56,8.66,8.48,8.53,2035700.0,17444748.0
2024-06-20,8.6,8.61,8.32,8.34,2644600.0,22338660.0
2024-06-21,8.34,8.47,8.2,8.29,1780200.0,14846955.0
2024-06-24,8.3,8.3,7.86,7.97,3037200.0,24294760.0
2024-06-25,8.09,8.22,8.0,8.1,2521700.0,20465276.0
2024-06-26,8.13,8.32,8.02,8.32,2377400.0,19468048.0
2024-06-27,8.28,8.37,8.15,8.15,2375100.0,19583654.0
2024-06-28,8.1,8.68,8.08,8.17,4264898.0,35571984.0
2024-07-01,8.15,8.25,8.01,8.2,3152800.0,25551054.0
2024-07-02,8.21,8.35,8.1,8.28,2426000.0,20058474.0
2024-07-03,8.28,8.32,8.21,8.24,1553200.0,12832754.0
2024-07-04,8.24,8.24,7.86,7.88,3202200.0,25541258.0
2024-07-05,7.82,8.01,7.7,7.97,2015300.0,15928334.0
2024-07-08,8.09,8.09,7.72,7.73,1921900.0,15002726.0
2024-07-09,7.77,8.5,7.5,8.5,5210600.0,41822368.0
2024-07-10,8.5,8.5,7.89,7.96,12359800.0,99333456.0
2024-07-11,7.8,7.95,7.63,7.92,8957160.0,70148864.0
2024-07-12,7.99,8.05,7.68,7.73,7590660.0,59092576.0
2024-07-15,7.78,8.5,7.71,8.5,8417800.0,69542040.0
2024-07-16,9.01,9.35,8.72,9.35,14172700.0,130703936.0
2024-07-24,9.35,10.29,9.35,10.29,6298701.0,61264600.0
2024-07-25,11.21,11.21,9.26,9.26,26101000.0,256073888.0
2024-07-26,9.0,9.45,8.71,8.93,17458400.0,156560896.0
2024-07-29,8.88,9.38,8.54,9.19,15604400.0,140826976.0
2024-07-30,9.0,9.11,8.81,9.0,10753769.0,95764712.0
2024-07-31,8.99,9.32,8.9,9.12,11566215.0,105351088.0
2024-08-01,9.1,9.23,8.91,8.95,10264267.0,93203832.0
2024-08-02,8.99,9.19,8.72,9.13,11416161.0,102935688.0
2024-08-05,8.97,8.99,8.22,8.22,11425060.0,98795744.0
2024-08-06,8.35,8.46,8.16,8.33,6496060.0,53774376.0
2024-08-07,8.36,8.39,8.21,8.24,4443100.0,36782752.0
2024-08-08,8.15,8.34,8.08,8.28,5138800.0,42264016.0
2024-08-09,8.33,8.35,8.16,8.16,3746700.0,30881102.0
2024-08-12,8.14,8.22,7.98,8.03,4821800.0,38911576.0
2024-08-13,8.04,8.1,7.92,8.07,4128100.0,33017406.0
2024-08-14,8.07,8.14,8.04,8.1,2929500.0,23712152.0
2024-08-15,8.02,8.17,7.99,8.16,3409900.0,27639048.0
2024-08-16,8.13,8.21,8.02,8.07,3148900.0,25504786.0
2024-08-19,8.02,8.1,7.95,7.96,2766500.0,22136492.0
2024-08-20,7.98,7.99,7.76,7.81,3212400.0,25124676.0
2024-08-21,7.76,8.59,7.73,8.59,6543798.0,54010004.0
2024-08-22,8.88,8.91,8.3,8.36,16955500.0,144922848.0
2024-08-23,8.36,8.45,8.05,8.18,8252987.0,67580248.0
2024-08-26,8.1,8.42,8.01,8.31,6075300.0,50162732.0
2024-08-27,8.24,8.31,8.02,8.11,4566900.0,37151320.0
2024-08-28,8.02,8.9,8.02,8.42,11199912.0,95509424.0
2024-08-29,8.16,9.26,8.16,9.26,12157319.0,107427568.0
2024-08-30,10.15,10.19,9.48,9.61,13707525.0,137338672.0
2024-09-02,9.51,9.6,8.88,9.02,20055616.0,183202128.0
2024-09-03,8.78,9.0,8.71,8.93,11054918.0,98283888.0
2024-09-04,8.87,8.91,8.69,8.8,7948200.0,70043848.0
2024-09-05,8.8,8.85,8.64,8.75,6330300.0,55173808.0
2024-09-06,8.68,8.78,8.5,8.53,5825900.0,50192848.0
2024-09-09,8.5,8.67,8.35,8.62,4979443.0,42568692.0
2024-09-10,8.62,8.64,8.36,8.48,4582500.0,38718268.0
2024-09-11,8.44,8.53,8.31,8.39,3347800.0,28153772.0
2024-09-12,8.39,8.51,8.35,8.37,3282200.0,27688120.0
2024-09-13,8.4,8.87,8.35,8.6,9923000.0,85101560.0
2024-09-18,9.46,9.46,8.66,8.75,15028143.0,136158992.0
2024-09-19,8.5,9.63,8.06,9.63,17954148.0,160953040.0
2024-09-20,9.75,10.3,9.35,9.49,23464440.0,227666560.0
2024-09-23,9.48,10.4,9.4,10.09,23337854.0,231444640.0
2024-09-24,9.85,10.25,9.71,9.93,19213716.0,191085920.0
2024-09-25,9.93,10.72,9.9,10.24,20634160.0,210482640.0
2024-09-26,10.52,11.18,10.16,10.95,28987000.0,310275168.0
2024-09-27,10.75,10.95,10.35,10.62,19461598.0,206541072.0
2024-09-30,10.78,11.46,10.4,11.36,31015220.0,339160832.0
2024-10-08,12.31,12.44,10.97,11.68,26437564.0,309822656.0
2024-10-09,11.23,11.29,10.51,10.51,11882786.0,127318600.0
2024-10-10,10.27,10.41,9.69,9.97,11243800.0,113269360.0
2024-10-11,9.98,10.39,9.73,9.93,7900200.0,79913320.0
2024-10-14,9.93,10.92,9.75,10.92,15950046.0,169135584.0
2024-10-15,10.9,11.39,10.75,10.81,21892636.0,241994880.0
2024-10-16,10.5,11.25,10.41,11.01,14827112.0,161721264.0
2024-10-17,10.9,11.55,10.9,11.24,18682400.0,209474848.0
2024-10-18,11.15,11.46,10.97,11.27,15941497.0,179518784.0
2024-10-21,11.3,12.4,11.23,12.09,28790444.0,344547296.0
2024-10-22,11.8,12.04,11.42,11.6,19525020.0,226718080.0
2024-10-23,11.4,11.73,11.1,11.18,14993500.0,170612448.0
2024-10-24,11.04,12.3,10.97,12.3,20567410.0,244448448.0
2024-10-25,12.9,13.53,12.7,13.53,32009720.0,421447424.0
2024-10-28,14.2,14.88,13.96,14.88,24226630.0,353497632.0
2024-10-29,15.18,16.37,14.9,16.37,16072326.0,256651360.0
2024-10-30,18.0,18.01,15.28,15.4,44332344.0,757623872.0
2024-10-31,15.66,16.85,14.99,15.44,41016840.0,645503808.0
2024-11-01,14.5,14.88,13.9,13.9,11742798.0,165611008.0
2024-11-04,12.51,13.52,12.51,13.15,24904940.0,326047488.0
2024-11-05,13.7,14.47,13.65,13.87,28765526.0,404161056.0
2024-11-06,13.87,13.98,13.18,13.35,20774720.0,282122752.0
2024-11-07,13.0,13.68,12.91,13.54,13906800.0,186482720.0
2024-11-08,13.53,14.11,13.53,13.88,16471107.0,227496496.0
2024-11-11,14.0,14.3,13.66,14.28,17658146.0,248749776.0
2024-11-12,14.8,15.71,14.6,15.71,11843300.0,182130352.0
2024-11-13,17.26,17.26,14.56,14.88,25780620.0,403472960.0
2024-11-14,14.87,15.13,13.73,13.77,15685293.0,224272128.0
2024-11-15,13.8,14.19,12.85,12.87,15964300.0,213586864.0
2024-11-18,13.06,13.3,12.15,12.3,12830400.0,159671808.0
2024-11-19,12.3,12.71,12.11,12.68,9967200.0,123841520.0
2024-11-20,12.57,13.08,12.5,12.93,9688800.0,124210280.0
2024-11-21,12.9,12.9,12.56,12.75,10516839.0,133612288.0
2024-11-22,12.63,12.9,12.12,12.16,9491200.0,118939112.0
2024-11-25,12.47,12.5,12.02,12.37,5817500.0,71142800.0
2024-11-26,12.37,12.9,12.3,12.7,9635200.0,121727528.0
2024-11-27,12.89,12.98,11.7,12.4,12970000.0,157798000.0
2024-11-28,12.39,12.73,12.21,12.3,9626600.0,120133968.0
2024-11-29,12.25,12.45,11.98,12.29,8609900.0,105341976.0
2024-12-02,12.3,12.6,12.3,12.57,7445700.0,92896368.0
2024-12-03,12.59,12.78,12.31,12.65,7147900.0,89897136.0
2024-12-04,12.66,12.66,12.17,12.24,5438500.0,67564496.0
2024-12-05,12.25,12.5,12.16,12.48,4203900.0,51970660.0
2024-12-06,12.39,12.67,12.27,12.63,5209200.0,65056368.0
2024-12-09,12.7,12.8,12.26,12.4,5249500.0,65578272.0
2024-12-10,12.68,13.64,12.59,13.5,19235700.0,257505056.0
2024-12-11,13.32,14.85,13.11,14.85,23451840.0,336644096.0
2024-12-26,16.34,16.34,16.34,16.34,839600.0,13719064.0
2024-12-27,17.97,17.97,17.97,17.97,1911500.0,34349656.0
2024-12-30,17.97,19.77,17.97,19.77,23617404.0,445486176.0
2024-12-31,20.8,21.75,17.79,17.79,31914598.0,613401600.0
2025-01-02,16.01,17.56,16.01,16.01,30728288.0,505655232.0
2025-01-03,16.2,16.2,14.41,14.41,22794500.0,336145152.0
2025-01-06,13.98,14.6,13.43,13.93,17929034.0,250092336.0
2025-01-07,14.0,14.49,13.78,14.15,11790810.0,166206208.0
2025-01-08,14.15,14.15,13.23,13.66,17148700.0,233248256.0
2025-01-09,13.62,14.5,13.51,13.78,10518798.0,146000112.0
2025-01-10,13.67,13.89,12.72,12.75,10851200.0,143882144.0
2025-01-13,12.75,12.75,12.1,12.53,8110402.0,100683264.0
2025-01-14,12.8,13.5,12.79,13.33,10320200.0,135724720.0
2025-01-15,13.36,13.52,13.1,13.12,7207100.0,95803800.0
2025-01-16,13.19,13.53,13.08,13.21,5858200.0,77914440.0
2025-01-17,13.2,13.29,12.8,12.87,5196300.0,67305744.0
2025-01-20,12.9,13.26,12.82,13.05,6524302.0,85139792.0
2025-01-21,13.13,13.14,12.68,12.99,5903600.0,76171032.0
2025-01-22,12.98,12.98,12.5,12.58,4252900.0,53758824.0
2025-01-23,12.68,12.98,12.5,12.5,5031100.0,64282456.0
2025-01-24,12.6,12.61,12.29,12.56,3776202.0,47084040.0
2025-01-27,12.63,12.85,12.43,12.5,4210602.0,53305720.0
2025-02-05,12.79,12.79,12.48,12.68,3485302.0,44024992.0
2025-02-06,12.8,13.09,12.57,13.07,4822402.0,62429940.0
2025-02-07,13.0,13.66,13.0,13.28,6975002.0,93373456.0
2025-02-10,13.44,14.61,13.35,14.61,9139600.0,128882224.0
2025-02-11,14.76,15.33,14.15,14.21,18078700.0,264319568.0
2025-02-12,14.3,15.3,14.12,14.66,12719000.0,185588320.0
2025-02-13,14.64,14.64,14.13,14.29,8180480.0,117059904.0
2025-02-14,14.27,14.27,14.02,14.1,5748300.0,81171288.0
2025-02-17,14.19,14.46,14.17,14.38,5710200.0,81818944.0
2025-02-18,14.45,14.48,13.68,13.71,5316300.0,74459576.0
2025-02-19,13.79,14.37,13.64,14.2,6744700.0,94951208.0
2025-02-20,14.5,14.8,14.18,14.3,9396745.0,135264096.0
2025-02-21,14.26,14.4,13.94,14.08,6077900.0,85507488.0
2025-02-24,13.98,14.14,13.8,13.94,5226308.0,72923064.0
2025-02-25,13.94,14.9,13.76,14.44,12804000.0,185283776.0
2025-02-26,14.53,14.85,14.32,14.42,9105000.0,132288520.0
2025-02-27,14.33,15.33,13.97,14.78,10517845.0,153061792.0
2025-02-28,14.87,16.26,14.87,16.26,5176100.0,82831944.0
2025-03-03,16.95,17.33,15.23,15.68,23989952.0,385671328.0
2025-03-04,15.3,15.52,14.66,15.22,12268397.0,184478784.0
2025-03-05,15.53,16.74,14.91,16.74,14485386.0,232093712.0
2025-03-06,16.68,18.41,16.32,17.26,34098860.0,591514432.0
2025-03-07,17.0,18.29,16.25,16.82,26979356.0,463287456.0
2025-03-10,16.88,17.9,16.55,16.94,17613596.0,299763968.0
2025-03-11,16.78,18.63,16.6,18.63,12975951.0,235654848.0
2025-03-12,19.77,20.49,18.59,20.49,31920690.0,624718592.0
2025-03-13,20.49,22.54,18.99,19.73,44858688.0,951036672.0
2025-03-14,18.52,18.78,17.76,17.76,20526286.0,368506496.0
2025-03-17,16.69,17.31,16.69,16.73,20568054.0,347523424.0
2025-03-18,16.91,17.37,16.71,17.33,14839851.0,253672048.0
2025-03-19,17.45,18.98,17.35,18.07,16977112.0,306426784.0
2025-03-20,17.9,18.59,17.4,18.18,12427104.0,225771664.0
2025-03-21,18.01,18.88,17.88,18.21,14082090.0,259701104.0
2025-03-24,18.11,18.6,17.24,17.81,12247346.0,220114016.0
2025-03-25,17.81,17.87,17.06,17.18,8324400.0,144610640.0
2025-03-26,17.1,17.48,16.83,16.86,6388902.0,109094296.0
2025-03-27,17.0,17.18,16.56,16.64,5903999.0,99512592.0
2025-03-28,16.79,16.8,16.42,16.67,4307989.0,71563488.0
2025-03-31,16.7,17.05,15.99,16.19,5950010.0,97387272.0
2025-04-01,16.18,17.81,16.01,17.81,9078100.0,153072736.0
2025-04-02,18.66,19.59,18.33,19.45,25320348.0,483808992.0
2025-04-03,18.38,19.9,18.38,19.09,13364749.0,255926960.0
2025-04-07,17.56,18.35,17.18,17.18,7547000.0,132564032.0
2025-04-08,16.71,17.3,16.1,16.5,10004100.0,166241488.0
2025-04-09,16.85,16.99,15.02,16.78,8586100.0,137896448.0
2025-04-10,17.5,18.25,17.34,17.82,8853397.0,158835936.0
2025-04-11,17.25,19.53,17.25,18.91,12831736.0,239249040.0
2025-04-14,19.1,19.82,19.1,19.35,9465900.0,183497936.0
2025-04-15,19.34,19.52,18.72,18.86,8421200.0,160771648.0
2025-04-16,18.66,19.1,17.79,18.27,7897100.0,144781440.0
2025-04-17,18.42,18.55,18.14,18.16,4725700.0,86448352.0
2025-04-18,18.16,18.87,17.8,18.1,6941800.0,127309456.0
2025-04-21,18.11,18.21,17.7,18.1,5604900.0,100597776.0
2025-04-22,17.92,18.1,17.6,17.64,4404900.0,78296768.0
2025-04-23,17.8,17.97,17.61,17.9,4512100.0,80234480.0
2025-04-24,17.94,18.24,16.77,17.0,7606700.0,131865824.0
2025-04-25,17.11,17.34,16.7,17.01,4491500.0,76396128.0
2025-04-28,17.17,17.3,16.67,16.71,4524000.0,76203176.0
2025-04-29,16.86,18.38,16.72,18.38,8468200.0,151470016.0
2025-04-30,18.6,18.65,18.01,18.07,11323100.0,207670512.0
2025-05-06,18.2,18.46,18.17,18.4,5750400.0,105255576.0
2025-05-07,18.65,18.95,18.33,18.75,7268500.0,135021616.0
2025-05-08,18.58,19.09,18.53,18.93,5805500.0,109807312.0
2025-05-09,19.01,19.48,18.77,18.87,6831100.0,129947008.0
2025-05-12,18.86,20.2,18.83,19.54,9821615.0,192605760.0
2025-05-13,19.79,20.1,17.6,17.75,16745600.0,309616544.0
2025-05-14,17.93,18.23,17.6,18.05,9163000.0,163713632.0
2025-05-15,18.25,18.4,17.88,17.92,6016700.0,108558152.0
2025-05-16,17.92,18.47,17.62,18.23,6781800.0,123303560.0
2025-05-19,18.53,18.93,18.09,18.75,7379900.0,136521168.0
2025-05-20,18.75,19.17,18.56,19.08,5965500.0,112935984.0
2025-05-21,18.94,19.09,18.67,18.96,4954800.0,93549208.0
2025-05-22,18.96,19.13,18.61,18.7,3581500.0,67281152.0
2025-05-23,18.69,19.0,18.35,18.5,4254100.0,79355000.0
2025-05-26,18.58,18.58,18.01,18.41,5131300.0,93463048.0
2025-05-27,18.39,18.39,18.1,18.29,2486200.0,45402740.0
2025-05-28,18.46,18.58,18.21,18.38,3253000.0,59852364.0
2025-05-29,18.35,18.86,18.25,18.67,3869400.0,72129304.0
2025-05-30,18.73,18.89,18.26,18.49,3357800.0,62030284.0
2025-06-03,18.47,19.2,18.4,18.87,5850100.0,110448592.0
2025-06-04,18.87,19.19,18.87,19.05,5041400.0,95954040.0
2025-06-05,18.98,19.8,18.86,19.05,5410300.0,103331352.0
2025-06-06,19.04,19.12,18.65,18.84,3619400.0,68226304.0
2025-06-09,18.93,19.44,18.91,19.43,5687386.0,109126664.0
2025-06-10,19.5,20.06,19.2,19.98,9345700.0,185340272.0
2025-06-11,20.02,20.3,19.81,19.88,6310800.0,126282832.0
2025-06-12,19.96,19.97,19.21,19.24,6438900.0,125293872.0
2025-06-13,19.22,19.22,18.15,18.46,8284100.0,152694432.0
2025-06-16,18.36,19.64,18.36,19.36,8150100.0,155301472.0
2025-06-17,19.35,19.46,18.91,19.04,4918600.0,93882808.0
2025-06-18,19.33,19.56,19.01,19.1,4414800.0,85007504.0
2025-06-19,19.1,19.1,18.3,18.4,4623800.0,86038704.0
2025-06-20,18.26,18.84,18.2,18.45,4168000.0,77067416.0
2025-06-23,18.65,20.18,18.5,19.1,7080586.0,136100656.0
2025-06-24,19.15,20.45,18.81,20.34,11297886.0,223746272.0
2025-06-25,19.95,19.98,18.4,18.74,19406404.0,363560384.0
2025-06-26,18.47,18.57,18.02,18.16,12455400.0,227165120.0
2025-06-27,18.24,18.35,17.65,18.06,9086200.0,163631264.0
2025-06-30,18.15,18.2,17.77,17.93,6065031.0,108359424.0
2025-07-01,17.9,18.18,17.7,18.1,4779121.0,86094464.0
2025-07-02,18.07,18.07,17.81,17.96,3961610.0,70843152.0
2025-07-03,17.96,18.4,17.87,18.24,5244900.0,95157944.0
2025-07-04,18.17,18.17,17.81,17.86,4520900.0,81161032.0
2025-07-07,17.86,17.98,17.62,17.71,2937200.0,51958696.0
2025-07-08,17.71,18.05,17.7,17.85,3446300.0,61697448.0
2025-07-09,17.9,17.96,17.67,17.68,3353700.0,59524168.0
2025-07-10,17.62,17.67,17.02,17.2,6047331.0,104136880.0
2025-07-11,17.14,17.44,17.02,17.28,3151200.0,54183224.0
2025-07-14,17.09,17.22,16.68,16.78,6034500.0,101243328.0
2025-07-15,16.71,16.95,16.55,16.8,3447900.0,57683744.0
2025-07-16,16.94,16.94,16.7,16.85,2691500.0,45415576.0
2025-07-17,16.85,16.93,16.63,16.71,3520000.0,58855232.0
2025-07-18,16.68,16.71,16.21,16.48,4735300.0,77770560.0
2025-07-21,16.46,16.69,16.11,16.56,4596100.0,75622560.0
2025-07-22,16.57,16.6,16.37,16.39,3075800.0,50525768.0
2025-07-23,16.3,16.67,16.23,16.53,4423000.0,72550664.0
2025-07-24,16.5,16.55,16.41,16.5,2258700.0,37237496.0
2025-07-25,16.49,16.82,16.42,16.69,3739900.0,62317036.0
2025-07-28,16.89,16.89,16.63,16.76,2807100.0,46973616.0
2025-07-29,16.7,16.7,16.4,16.42,2789300.0,45969616.0
2025-07-30,16.25,16.49,16.2,16.31,2374300.0,38661784.0
2025-07-31,16.31,16.57,16.25,16.31,2483200.0,40573640.0
2025-08-01,16.38,17.37,16.24,17.0,7118200.0,119758960.0
2025-08-04,16.9,16.92,16.57,16.71,3678100.0,61527144.0
2025-08-05,16.77,16.88,16.6,16.69,3159500.0,52830064.0
2025-08-06,16.61,16.91,16.48,16.89,4454300.0,74178448.0
2025-08-07,16.85,17.68,16.83,17.5,8698700.0,151267328.0
2025-08-08,17.3,17.46,17.1,17.16,4550000.0,78298064.0
2025-08-11,17.05,17.13,16.8,16.95,4427200.0,74840608.0
2025-08-12,17.05,17.05,16.8,16.9,2940400.0,49703860.0
2025-08-13,16.9,17.1,16.8,16.96,2969500.0,50350832.0
2025-08-14,17.06,17.06,16.47,16.51,3771772.0,62796732.0
2025-08-15,16.5,16.6,16.31,16.53,2772800.0,45649384.0
2025-08-18,16.75,16.83,16.52,16.56,3559800.0,59219108.0
2025-08-19,16.68,16.98,16.41,16.78,5179600.0,85945776.0
2025-08-20,16.64,17.77,16.6,17.07,7903478.0,136150448.0
2025-08-21,17.03,17.29,16.85,17.0,4733972.0,80758328.0
2025-08-22,16.97,17.18,16.8,17.16,5476272.0,92893616.0
2025-08-25,18.88,18.88,17.99,18.06,16549822.0,304415872.0
2025-08-26,17.8,17.88,17.51,17.57,8138800.0,143918752.0
2025-08-27,17.53,18.3,17.41,17.41,7831300.0,140002544.0
2025-08-28,17.11,18.44,17.05,17.84,7954200.0,140581760.0
2025-08-29,17.68,17.74,17.34,17.36,5218300.0,91423552.0
2025-09-01,17.17,17.51,17.15,17.19,3767522.0,65074600.0
2025-09-02,17.19,17.2,16.51,16.79,4431300.0,74419568.0
2025-09-03,16.83,16.98,16.43,16.79,3795100.0,63491100.0
2025-09-04,17.3,17.68,17.06,17.22,6640367.0,114920336.0
2025-09-05,16.95,17.21,16.6,17.05,5159800.0,87240968.0
2025-09-08,17.05,17.21,16.84,17.0,3375200.0,57297516.0
2025-09-09,17.0,17.03,16.75,16.8,3007700.0,50740960.0
2025-09-10,16.78,17.27,16.68,16.89,3691429.0,62504656.0
2025-09-11,16.83,16.9,16.65,16.88,3649418.0,61179496.0
2025-09-12,16.8,16.95,16.71,16.78,2831799.0,47641212.0
2025-09-15,16.79,16.85,16.51,16.6,2850700.0,47327048.0
2025-09-16,16.7,17.1,16.5,16.83,4308700.0,72484968.0
2025-09-17,16.81,17.03,16.6,16.67,4211900.0,70704432.0
2025-09-18,16.67,16.98,16.33,16.43,5327800.0,88366576.0
2025-09-19,16.38,16.58,16.01,16.1,3261000.0,52601804.0
2025-09-22,16.1,16.48,16.02,16.17,2548100.0,41266544.0
2025-09-23,16.11,16.11,15.1,15.45,5717400.0,88548240.0
2025-09-24,15.45,15.7,15.28,15.67,3808597.0,59103180.0
2025-09-25,15.8,15.93,15.6,15.64,2376500.0,37405632.0
2025-09-26,15.64,15.86,15.53,15.62,3134100.0,49332592.0
2025-09-29,15.66,15.67,15.2,15.62,3440097.0,53291608.0
2025-09-30,15.59,15.68,15.42,15.44,2085900.0,32439714.0
2025-10-09,15.38,15.64,15.28,15.52,2986100.0,46179760.0
2025-10-10,15.5,15.7,15.4,15.61,2373100.0,37036232.0
2025-10-13,15.01,16.65,15.01,16.06,7488608.0,121642696.0
2025-10-14,16.16,16.5,15.9,15.92,3406900.0,54923260.0
2025-10-15,15.91,17.09,15.8,16.75,8281400.0,137521584.0
2025-10-16,16.75,16.87,16.26,16.33,3602900.0,59236096.0
2025-10-17,16.4,16.42,15.74,15.79,3056900.0,48979708.0
2025-10-20,16.01,16.1,15.66,15.75,1968300.0,31129740.0
2025-10-21,15.81,16.88,15.66,16.85,10160800.0,168539392.0
2025-10-22,16.79,17.41,16.6,16.92,5776700.0,98120544.0
2025-10-23,16.86,17.2,16.76,17.16,4745400.0,80696680.0
2025-10-24,17.03,17.58,17.03,17.28,7099700.0,123511848.0
2025-10-27,17.34,17.59,16.97,17.43,6354700.0,109696176.0
2025-10-28,17.43,17.43,16.77,16.91,4884000.0,82883312.0
2025-10-29,16.91,16.95,16.34,16.48,3903434.0,64601352.0
2025-10-30,16.47,16.47,16.15,16.31,2723500.0,44293952.0
2025-10-31,16.28,16.57,16.28,16.45,2591600.0,42560032.0
2025-11-03,16.56,16.56,16.3,16.48,1996054.0,32790114.0
2025-11-04,16.73,16.73,16.21,16.27,1882000.0,30693760.0
2025-11-05,16.27,16.64,16.17,16.38,1946900.0,32031128.0
2025-11-06,16.36,16.42,16.17,16.21,1846700.0,29958260.0
2025-11-07,16.29,16.62,16.11,16.31,2503500.0,40934144.0
2025-11-10,16.31,16.37,15.94,15.99,3030700.0,48632900.0
2025-11-11,16.07,16.07,15.8,15.85,2486734.0,39522748.0
2025-11-12,15.93,16.17,15.76,15.9,2505000.0,39947088.0
2025-11-13,15.94,15.95,15.69,15.91,1912500.0,30243584.0
2025-11-14,15.98,16.13,15.9,15.9,2042200.0,32661030.0
2025-11-17,15.95,16.12,15.8,15.93,1836100.0,29360312.0
2025-11-18,15.98,16.36,15.9,16.3,4551800.0,73789504.0
2025-11-19,16.29,16.5,15.96,15.97,3245700.0,52292152.0
2025-11-20,15.95,16.11,15.8,16.1,2508100.0,40019808.0
2025-11-21,16.09,16.13,15.25,15.27,5586800.0,86926216.0
2025-11-24,15.42,15.84,15.3,15.73,3004200.0,46821520.0
2025-11-25,15.8,16.59,15.74,16.16,3709600.0,60029224.0
2025-11-26,16.51,16.51,15.69,15.84,5335734.0,85346928.0
2025-11-27,15.77,15.97,15.6,15.62,4229200.0,66715748.0
2025-11-28,15.6,15.87,15.4,15.74,3739800.0,58267536.0
2025-12-01,16.09,16.84,16.0,16.11,8433400.0,137903776.0
2025-12-02,16.19,16.23,15.73,15.89,4479400.0,71129800.0
2025-12-03,15.99,16.1,15.78,15.84,2889600.0,45883616.0
2025-12-04,15.73,16.05,15.6,15.94,3114000.0,49384984.0
2025-12-05,15.79,16.18,15.7,16.14,3287323.0,52515524.0
2025-12-08,16.21,16.33,16.1,16.15,2730200.0,44194296.0
2025-12-09,16.16,16.5,16.01,16.49,4195000.0,68621304.0
2025-12-10,16.38,16.61,16.2,16.3,3849500.0,63009144.0
2025-12-11,16.43,16.43,15.1,15.21,9368900.0,144440528.0
2025-12-12,15.14,15.14,14.63,14.89,3295600.0,48975344.0
2025-12-15,14.0,14.0,13.4,13.4,2734200.0,36833348.0
2025-12-16,13.07,13.35,12.77,12.93,8515853.0,110997664.0
2025-12-17,12.81,13.38,12.33,12.85,11135553.0,141408896.0
2025-12-18,12.86,14.14,12.73,13.4,13365880.0,183157616.0
2025-12-19,13.0,13.04,12.67,12.95,9992100.0,128817496.0
2025-12-22,12.9,12.96,12.79,12.83,4624700.0,59517836.0
2025-12-23,12.85,12.88,12.48,12.52,4370500.0,55006016.0
2025-12-24,12.45,12.93,12.42,12.76,4708800.0,59847944.0
2025-12-25,12.76,12.99,12.69,12.96,4540100.0,58570748.0
2025-12-26,12.95,13.18,12.87,12.88,4116100.0,53562160.0
2025-12-29,12.9,12.95,12.71,12.78,3002800.0,38405440.0
2025-12-30,12.7,13.82,12.59,13.1,8488200.0,112363920.0
2025-12-31,13.15,13.48,13.02,13.3,4976100.0,65920828.0
2026-01-05,13.3,13.4,13.09,13.25,4699700.0,62004896.0
2026-01-06,13.25,13.5,13.16,13.39,3899300.0,51975468.0
2026-01-07,13.36,13.54,13.16,13.18,4190000.0,55779824.0
2026-01-08,13.17,13.39,13.17,13.29,2576700.0,34243624.0
2026-01-09,13.33,13.38,13.12,13.3,4025189.0,53342064.0
2026-01-12,13.35,13.43,13.24,13.4,5054100.0,67510760.0
2026-01-13,13.42,13.59,13.25,13.32,4364100.0,58661136.0
2026-01-14,13.41,13.49,13.15,13.33,5199600.0,69478776.0
2026-01-15,13.38,13.38,13.04,13.15,3727299.0,48998140.0
2026-01-16,13.15,13.38,13.02,13.14,3853100.0,50774968.0
2026-01-19,13.15,13.36,13.14,13.35,4498800.0,59781392.0
2026-01-20,13.33,13.82,13.25,13.56,6568499.0,89110592.0
2026-01-21,13.5,13.67,13.37,13.59,4482800.0,60563624.0
2026-01-22,13.59,13.8,13.51,13.78,4123400.0,56507952.0
2026-01-23,13.8,13.84,13.65,13.74,3131401.0,42896120.0
2026-01-26,14.34,15.11,14.21,15.11,11214300.0,165815632.0
2026-01-27,15.2,15.26,14.14,14.36,17453466.0,251543152.0
2026-01-28,14.39,15.8,14.37,15.8,21742728.0,337526976.0
2026-01-29,15.65,17.38,15.51,17.38,32007188.0,548059776.0
2026-01-30,17.0,19.12,16.18,18.5,36080792.0,659958464.0
2026-02-02,17.24,20.09,17.24,18.92,23836200.0,459019872.0
2026-02-03,19.47,20.35,19.12,19.69,20739682.0,406913248.0
2026-02-04,19.5,20.09,18.36,19.12,20899764.0,398812736.0
2026-02-05,18.91,20.48,18.8,20.19,17968328.0,358482720.0
2026-02-06,20.2,22.21,20.03,21.94,24616348.0,530852096.0
2026-02-09,22.38,23.01,21.48,21.59,16828980.0,370630624.0
2026-02-10,21.38,22.1,20.7,21.11,12695600.0,267294064.0
2026-02-11,20.8,21.3,20.01,20.53,11610329.0,238965376.0
2026-02-12,20.4,20.4,19.37,19.72,10803100.0,212980544.0
2026-02-13,20.1,20.1,19.31,19.49,7755200.0,152029104.0
2026-02-24,19.61,19.7,18.3,18.91,9722300.0,184070160.0
2026-02-25,19.01,19.6,18.69,18.86,9627700.0,183734448.0
2026-02-26,19.29,20.75,18.49,20.75,11239600.0,221689776.0
2026-02-27,20.75,22.34,20.33,21.66,21301050.0,458085216.0
2026-03-02,21.44,22.71,20.82,21.75,16054200.0,351639424.0
2026-03-03,21.97,21.98,19.58,19.58,13072300.0,266862512.0
2026-03-04,19.11,20.2,19.11,19.26,10824600.0,211554832.0
2026-03-05,19.74,19.75,19.11,19.17,7499800.0,144942912.0
2026-03-06,18.8,20.01,18.79,19.5,10269389.0,198659296.0
2026-03-09,18.82,19.48,18.51,19.04,9570200.0,181019696.0
2026-03-10,19.33,20.38,19.12,20.16,9341200.0,186671536.0
2026-03-11,20.41,20.84,19.63,20.18,10794600.0,218041584.0
2026-03-12,20.57,20.79,19.89,20.02,6267500.0,126726496.0
2026-03-13,19.63,21.37,19.63,20.1,11340400.0,234254464.0
2026-03-16,20.09,20.48,19.02,19.98,9530067.0,185959632.0
2026-03-17,20.34,20.64,19.19,19.19,5367000.0,106917336.0
2026-03-18,19.22,20.28,18.92,20.25,7102800.0,140406672.0
2026-03-19,20.39,20.55,18.8,19.55,9970000.0,194290096.0
2026-03-20,19.62,20.72,19.36,19.47,9519700.0,190918816.0
2026-03-23,18.93,19.98,18.35,18.58,9173000.0,174671584.0
2026-03-24,19.31,19.31,18.35,18.9,6999000.0,131330720.0
2026-03-25,18.94,20.79,18.83,20.79,8674900.0,176853936.0
2026-03-26,20.74,21.58,20.39,20.89,17589900.0,367542944.0
2026-03-27,20.8,20.88,19.72,20.47,10098100.0,205968864.0
2026-03-30,20.88,20.92,19.86,20.8,7982390.0,163242320.0
2026-03-31,20.87,21.2,19.61,19.65,10455600.0,212720544.0
2026-04-01,20.01,20.99,19.72,20.6,11063600.0,224837584.0
2026-04-02,20.41,20.6,19.96,20.05,6273300.0,126474656.0
2026-04-03,19.85,20.01,18.8,19.15,7316300.0,140034320.0
2026-04-07,19.26,19.79,18.84,19.15,6238800.0,119396224.0
2026-04-08,19.79,20.36,19.67,20.25,9487100.0,190123600.0
2026-04-09,20.1,22.28,19.97,22.28,12891900.0,277251328.0
2026-04-10,22.37,23.0,21.51,22.68,19350200.0,434605632.0
2026-04-13,22.46,23.49,22.21,23.12,14164000.0,326341856.0
2026-04-14,22.92,25.4,22.74,23.73,17304100.0,417899872.0
2026-04-15,24.2,25.1,23.11,24.73,17902172.0,434647936.0
2026-04-16,24.51,26.1,23.75,25.82,18432000.0,460732192.0
2026-04-17,25.82,26.3,25.0,25.43,12478800.0,319212992.0
2026-04-20,25.04,25.87,25.0,25.13,9414400.0,237776160.0
2026-04-21,24.76,26.94,24.4,26.63,11545662.0,301390912.0
2026-04-22,26.37,27.49,26.32,27.1,9272300.0,249432272.0
2026-04-23,27.1,27.17,24.7,25.28,10952570.0,279077152.0
2026-04-24,25.18,26.11,23.9,24.83,9926900.0,246705312.0
2026-04-27,26.1,26.85,22.97,23.6,15935710.0,380624128.0
2026-04-28,23.5,24.03,22.9,23.29,8676600.0,203865984.0
2026-04-29,23.2,24.7,22.85,24.32,7821800.0,186912512.0
2026-04-30,24.1,24.7,23.88,24.26,5339200.0,129827432.0
2026-05-06,24.3,24.66,23.0,23.37,14160562.0,332056448.0
2026-05-07,23.21,23.6,23.04,23.44,7949600.0,185272896.0
2026-05-08,23.21,23.94,22.85,23.86,9384207.0,220344848.0
2026-05-11,23.81,24.16,22.98,23.07,10982900.0,255444416.0
2026-05-12,23.08,23.27,22.46,22.73,7834100.0,178680976.0
2026-05-13,22.71,23.8,22.5,23.44,10207364.0,238997808.0
2026-05-14,23.75,25.3,23.3,24.42,12833300.0,313447488.0
2026-05-15,24.57,25.21,23.83,24.67,11279002.0,275771328.0
2026-05-18,24.61,24.99,22.88,23.51,11575656.0,270722528.0
2026-05-19,23.28,23.88,23.0,23.77,7329600.0,171518672.0
2026-05-20,23.54,24.53,23.2,23.8,7782300.0,186722960.0
2026-05-21,23.15,24.83,23.15,23.31,9824810.0,235915184.0
2026-05-22,23.84,25.27,23.16,24.71,9945500.0,243338592.0
2026-05-25,25.69,26.8,24.24,24.31,12777700.0,327299200.0
2026-05-26,23.37,24.47,22.4,23.0,10838200.0,252916720.0
2026-05-27,22.91,23.46,21.45,22.25,8795200.0,194520496.0
2026-05-28,22.04,22.59,21.65,21.8,5557700.0,122718376.0
2026-05-29,21.66,21.99,20.46,20.71,6555400.0,137597680.0
2026-06-01,20.5,22.27,20.41,21.31,7535962.0,162554608.0
2026-06-02,21.43,21.76,20.87,21.06,4710900.0,99706808.0
2026-06-03,21.06,21.64,20.71,21.07,4947300.0,104753008.0
2026-06-04,21.13,21.15,20.0,20.5,4683600.0,96348056.0
2026-06-05,20.49,20.8,19.95,20.02,4749200.0,96615376.0
2026-06-08,19.8,20.01,19.0,19.56,4924300.0,96337936.0
2026-06-09,19.56,19.99,19.39,19.74,4071895.0,80173072.0
2026-06-10,19.5,19.7,18.79,19.38,4629700.0,88643544.0
2026-06-11,19.38,19.47,18.75,19.05,3172300.0,60161496.0
2026-06-12,19.01,19.6,19.01,19.09,3902500.0,75146480.0
2026-06-15,19.19,20.22,19.04,19.65,6209300.0,121250648.0
2026-06-16,19.61,20.94,19.18,20.26,6593882.0,132671336.0
2026-06-17,20.3,21.09,20.15,20.45,5165700.0,105894888.0
2026-06-18,20.4,20.92,20.0,20.42,4719800.0,96928952.0
2026-06-22,20.22,20.23,18.6,19.5,8162700.0,157004064.0
2026-06-23,19.59,19.92,18.93,19.35,4347700.0,84893008.0
2026-06-24,19.0,19.57,18.81,18.9,4227200.0,80506384.0
2026-06-25,18.89,18.93,18.17,18.25,4946008.0,91095192.0
2026-06-26,18.0,18.23,17.35,17.66,5110600.0,90431888.0
2026-06-29,17.86,17.86,16.85,17.12,5197200.0,89177288.0
2026-06-30,17.01,17.33,16.74,16.94,4154500.0,70579720.0
2026-07-01,16.93,18.46,16.69,17.99,7819900.0,139347888.0
2026-07-02,17.99,18.0,16.81,16.85,5993400.0,103221552.0
2026-07-03,16.85,17.48,16.8,16.88,3960700.0,67622432.0
2026-07-06,16.7,17.26,16.27,16.31,3728800.0,61759560.0
2026-07-07,16.38,16.38,15.61,15.68,3709300.0,58702404.0
2026-07-08,15.53,16.0,15.39,15.58,4523100.0,70987264.0
2026-07-09,15.58,16.25,15.36,16.25,5009370.0,79405552.0
2026-07-10,16.14,16.38,15.63,15.63,4982200.0,79177824.0
2026-07-13,16.36,16.37,14.7,14.82,6885000.0,105413672.0
2026-07-14,14.9,15.27,14.55,15.24,4488700.0,67101040.0
2026-07-15,15.42,15.68,15.14,15.24,3370900.0,51918856.0
2026-07-16,14.98,15.61,14.98,15.11,3510600.0,53617264.0
2026-07-17,15.0,15.1,13.75,13.87,5264500.0,75419568.0
2026-07-20,14.0,14.24,12.72,12.88,6467800.0,86694192.0
2026-07-21,12.75,13.18,11.77,13.17,9780300.0,122475024.0
2026-07-22,13.02,13.39,12.66,12.86,6592762.0,85509280.0
2026-07-23,12.86,13.47,12.75,13.41,6532350.0,86330816.0
2026-07-24,13.4,13.4,12.7,12.89,5214500.0,67661864.0
2026-07-27,13.28,13.47,12.9,13.44,4844695.0,64327620.0
2026-07-28,13.35,14.15,13.16,13.66,7904200.0,108086392.0
2026-07-29,13.5,13.71,13.07,13.34,7381607.0,98474368.0
2026-07-30,13.24,13.49,12.68,12.8,4772600.0,61966120.0
2026-07-31,13.05,13.8,13.05,13.42,6458701.0,87214056.0
2026-08-03,13.55,13.79,13.3,13.72,3722701.0,50597404.0
2026-08-04,13.79,14.19,13.75,14.03,3716751.0,52213640.0
2026-08-05,14.12,14.45,14.08,14.35,3279450.0,46865732.0
2026-08-06,14.43,14.75,14.23,14.74,3589400.0,52278160.0
2026-08-07,14.74,14.78,14.2,14.78,3445050.0,50242488.0
2026-08-10,14.91,14.96,14.49,14.89,3117300.0,46177320.0
2026-08-11,14.91,14.98,14.52,14.67,2946000.0,43334616.0
2026-08-12,14.75,15.03,14.62,14.94,2943100.0,43962924.0
2026-08-13,15.03,15.2,14.68,14.69,2461700.0,36692948.0
2026-08-14,14.69,15.37,14.46,15.25,5682700.0,84646752.0
2026-08-17,15.26,16.78,15.21,16.78,2555400.0,41870564.0
2026-08-18,18.46,18.46,18.46,18.46,1099700.0,20300462.0
2026-08-19,19.88,20.31,16.61,16.98,30852548.0,580712512.0
2026-08-20,16.98,18.68,16.14,18.68,16879236.0,299677184.0
2026-08-21,20.0,20.55,19.72,20.55,15342030.0,313260448.0
2026-08-24,21.51,22.61,21.02,22.61,43682992.0,965030080.0
2026-08-25,22.61,24.44,21.88,22.26,45614896.0,1055211328.0
2026-08-26,22.82,23.98,21.85,23.67,42822588.0,982115712.0
2026-08-27,22.73,24.0,22.72,23.62,35789264.0,834681280.0
2026-08-28,23.0,23.19,21.26,21.76,34019884.0,748895552.0
2026-08-31,21.4,23.94,19.81,22.6,34417084.0,761486848.0
2026-09-01,21.94,22.3,20.59,21.68,26647094.0,570322752.0
2026-09-02,21.5,23.85,21.03,23.85,32631528.0,743688704.0
2026-09-03,22.69,22.85,21.47,21.47,25651228.0,561742208.0
2026-09-04,21.4,21.43,19.67,20.71,21900028.0,447005472.0
