date,open,high,low,close,volume,amount
2017-04-26,0.23821671926520002,0.28586006311823997,0.23821671926520002,0.28586006311823997,29989.0,650999.0625
2017-04-27,0.3144197471406424,0.3144197471406424,0.3144197471406424,0.3144197471406424,18000.0,430020.0
2017-04-28,0.34587488299941743,0.34587488299941743,0.34587488299941743,0.34587488299941743,22541.0,592377.5
2017-05-02,0.38048869358878074,0.38048869358878074,0.38048869358878074,0.38048869358878074,62258.0,1799878.75
2017-05-03,0.41852440180294803,0.41852440180294803,0.41852440180294803,0.41852440180294803,178067.0,5662530.5
2017-05-04,0.4603768419832428,0.4603768419832428,0.4382661188691248,0.4511640406856937,40739428.0,1394071552.0
2017-05-05,0.43036943204265415,0.44037190202285037,0.40641614866902626,0.40654776011613414,26887760.0,870056128.0
2017-05-08,0.3924653352755947,0.3994407419723105,0.3781196875408395,0.37864613332927094,15942277.0,470802272.0
2017-05-09,0.3723287838680943,0.39180727804005544,0.37219717242098654,0.3837789797664769,12244114.0,357826816.0
2017-05-10,0.38167319661275134,0.3891750490978986,0.3553509071911823,0.35864119336887845,17894044.0,502913120.0
2017-05-11,0.3511393408837313,0.3679856061135355,0.34495360286966253,0.36443209704162366,12427239.0,334740608.0
2017-05-12,0.3614050337581432,0.36653788019534916,0.3489019462828979,0.35837797047466274,10981857.0,298934912.0
2017-05-15,0.3566670216622608,0.3624579253350059,0.35377156982588814,0.3599573078399569,9102976.0,248221920.0
2017-05-16,0.3567986331093686,0.3702230007143688,0.3477174432589273,0.36772238321931977,12514455.0,340912384.0
2017-05-17,0.36390565125319224,0.3724603953152022,0.36087858796971184,0.3614050337581432,10760812.0,299645376.0
2017-05-18,0.35403479272010385,0.35745669034490785,0.3421897624803978,0.34245298537461344,10306750.0,274262848.0
2017-05-19,0.3414000937977507,0.3454800486580939,0.32731766895721126,0.3294234521109368,9650666.0,245267760.0
2017-05-22,0.3288970063225054,0.3288970063225054,0.30968173504476,0.3109978495158384,8813449.0,213385280.0
2017-05-23,0.31139268385716196,0.32481705146216217,0.3098133464918678,0.31336685556377963,10210594.0,245819888.0
2017-05-24,0.313103632669564,0.3198158164720641,0.30152182532407357,0.31942098213074055,8379798.0,200500656.0
2017-05-25,0.3184997020009856,0.3184997020009856,0.3053385572902011,0.3144197471406424,8457369.0,201355792.0
2017-05-26,0.3149461929290738,0.32758089185142697,0.31336685556377963,0.32047387370760333,9642064.0,234464480.0
2017-05-31,0.33389824131260354,0.33745175038451536,0.3175784218712307,0.31823647910676994,9922931.0,248323904.0
2017-06-01,0.31455135858775024,0.31534102727039737,0.2896767950843675,0.2916509667909852,9818152.0,226608208.0
2017-06-02,0.2920458011323087,0.3021798825596128,0.2890187378488283,0.2998108765116716,5681067.0,127582488.0
2017-06-05,0.30599661452574034,0.30783917478525014,0.3000740994058873,0.3004689337472108,5896324.0,136018176.0
2017-06-06,0.2974418704637304,0.30112699098275003,0.29507286441578917,0.2999424879587794,4069826.0,92196080.0
2017-06-07,0.30060054519431867,0.3103397922802992,0.29941604217034806,0.3084972320207894,7329274.0,170737936.0
2017-06-08,0.3082340091265737,0.30968173504476,0.30204827111250493,0.3029695512422599,6469131.0,150138096.0
2017-06-09,0.30349599703069124,0.30468050005466185,0.2977050933579461,0.30441727716044614,4918864.0,112556504.0
2017-06-12,0.2998108765116716,0.3000740994058873,0.29257224692074013,0.2930986927091715,4606739.0,103664664.0
2017-06-13,0.29507286441578917,0.30112699098275003,0.29362513849760286,0.29915281927613235,3909311.0,88568016.0
2017-06-14,0.2977050933579461,0.2992844307232402,0.29454641862735775,0.29691542467529897,3408238.0,76836984.0
2017-06-15,0.29599414454554407,0.3077075633381423,0.29599414454554407,0.30520694584309327,7216673.0,167094144.0
2017-06-16,0.3037592199249069,0.3063914488670639,0.30152182532407357,0.30402244281912266,3939515.0,90719152.0
2017-06-19,0.30481211150176973,0.30704950610260306,0.2998108765116716,0.30323277413647554,3880392.0,89671824.0
2017-06-20,0.30468050005466185,0.30599661452574034,0.3027063283480442,0.30441727716044614,4456862.0,103096680.0
2017-06-21,0.3050753343959854,0.3050753343959854,0.29941604217034806,0.30204827111250493,3942558.0,90440000.0
2017-06-22,0.3004689337472108,0.3017850482182893,0.2928354698149558,0.2938883613918185,4387845.0,99327760.0
2017-06-23,0.29362513849760286,0.2962573674397598,0.28691295469510275,0.29178257823809306,3720290.0,82307008.0
2017-06-26,0.2915193553438773,0.2949412529686813,0.28888712640172043,0.2938883613918185,2997194.0,66540312.0
2017-06-27,0.2938883613918185,0.29573092165132836,0.2913877438967695,0.2928354698149558,2513250.0,56073920.0
2017-06-28,0.29217741257941654,0.29217741257941654,0.2879658462719655,0.2895451836372597,2389486.0,52551040.0
2017-06-29,0.2908612981083381,0.2941515842860343,0.2896767950843675,0.2932303041562793,3099129.0,68863024.0
2017-06-30,0.2907296866612303,0.29691542467529897,0.2895451836372597,0.29507286441578917,4032734.0,90141464.0
2017-07-03,0.295204475862897,0.2974418704637304,0.2928354698149558,0.29678381322819114,3037715.0,68231496.0
2017-07-04,0.29678381322819114,0.29823153914637746,0.2941515842860343,0.2953360873100049,2857193.0,64215496.0
2017-07-05,0.29480964152157346,0.30191665966539716,0.2942831957331421,0.30152182532407357,5989534.0,136284800.0
2017-07-06,0.3000740994058873,0.30257471690093635,0.2965205903339755,0.2999424879587794,4606923.0,104945104.0
2017-07-07,0.30020571085299513,0.30665467176127953,0.2996792650645637,0.3033643855835834,7230343.0,166868400.0
2017-07-10,0.30060054519431867,0.30112699098275003,0.29257224692074013,0.2927038583678479,5704307.0,128372512.0
2017-07-11,0.29217741257941654,0.2940199728389264,0.2899400179785832,0.2902032408727989,3122402.0,69202272.0
2017-07-12,0.2903348523199067,0.2927038583678479,0.28691295469510275,0.29257224692074013,3192607.0,70190864.0
2017-07-13,0.2915193553438773,0.29217741257941654,0.28888712640172043,0.29007162942569104,1923992.0,42415860.0
2017-07-14,0.2899400179785832,0.2911245210025538,0.287571011930642,0.2882290691661812,1878246.0,41234508.0
2017-07-17,0.28020077089260265,0.28691295469510275,0.2594061622495631,0.2594061622495631,7473038.0,151605904.0
2017-07-18,0.2594061622495631,0.26111711106196506,0.252693978447063,0.25914293935534743,3941398.0,77064488.0
2017-07-19,0.2592745508024552,0.26309128276858273,0.25769521343716106,0.262828059874367,3649870.0,72355184.0
2017-07-20,0.262828059874367,0.26690801473471026,0.2608538881677494,0.2617751682975043,3463647.0,69333672.0
2017-07-21,0.2617751682975043,0.26361772855701415,0.2580900477784846,0.25874810501402384,2516064.0,49749396.0
2017-07-24,0.2580900477784846,0.26217000263882784,0.255194595942112,0.26111711106196506,2549816.0,50112636.0
2017-07-25,0.26124872250907294,0.26190677974461213,0.2567739333074062,0.2580900477784846,2270607.0,44654460.0
2017-07-26,0.25795843633137683,0.25901132790823955,0.2542733158123571,0.25545781883632773,2059120.0,40149236.0
2017-07-27,0.2542733158123571,0.26309128276858273,0.2533520356826022,0.2616435568503964,3932746.0,77629104.0
2017-07-28,0.2616435568503964,0.2629596713214749,0.25914293935534743,0.2594061622495631,2280114.0,45149664.0
2017-07-31,0.2594061622495631,0.26111711106196506,0.2583532706727003,0.2598009965908866,1566575.0,30923628.0
2017-08-01,0.2596693851437788,0.26111711106196506,0.2573003790958376,0.26019583093221016,2225895.0,43888940.0
2017-08-02,0.26230161408593566,0.26230161408593566,0.2557210417305434,0.256115876071867,2538011.0,49768712.0
2017-08-03,0.25664232186029834,0.25993260803799445,0.2550629844950042,0.25782682488426895,2091615.0,40911208.0
2017-08-04,0.2594061622495631,0.2617751682975043,0.25769521343716106,0.25782682488426895,2589780.0,51104704.0
2017-08-07,0.25993260803799445,0.26124872250907294,0.25795843633137683,0.25901132790823955,1847097.0,36414260.0
2017-08-08,0.258616493566916,0.2607222767206415,0.25545781883632773,0.25993260803799445,2772240.0,54389828.0
2017-08-09,0.2588797164611317,0.2605906652735337,0.2582216592255925,0.258616493566916,1755847.0,34554840.0
2017-08-10,0.25769521343716106,0.2595377736966709,0.25414170436524924,0.2550629844950042,2450605.0,47768088.0
2017-08-11,0.25374687002392576,0.2550629844950042,0.2504565838462296,0.2507198067404453,2299420.0,44242416.0
2017-08-14,0.2524307555528473,0.2562474875189748,0.25085141818755313,0.2555894302834356,2098807.0,40583068.0
2017-08-15,0.256115876071867,0.2632228942156906,0.256115876071867,0.2605906652735337,4458591.0,88076592.0
2017-08-16,0.2605906652735337,0.2644073972396612,0.2580900477784846,0.262828059874367,4781251.0,95124800.0
2017-08-17,0.26230161408593566,0.26309128276858273,0.26032744237931804,0.26243322553304355,3499853.0,69607056.0
2017-08-18,0.2605906652735337,0.26217000263882784,0.2592745508024552,0.26006421948510233,2305156.0,45598584.0
2017-08-21,0.2607222767206415,0.26453900868676905,0.2598009965908866,0.26348611710990627,3262402.0,65031128.0
2017-08-22,0.2632228942156906,0.26677640328760244,0.26203839119172,0.26427578579255334,3882855.0,78029864.0
2017-08-23,0.26453900868676905,0.2705931352537299,0.2594061622495631,0.26980346657108284,5311559.0,106689680.0
2017-08-24,0.2690137978884358,0.26980346657108284,0.26190677974461213,0.26203839119172,5067284.0,102349448.0
2017-08-25,0.2608538881677494,0.2705931352537299,0.2608538881677494,0.2694086322297593,6235078.0,126535280.0
2017-08-28,0.27006668946529855,0.27822659918598497,0.27006668946529855,0.27467309011407315,8174941.0,170191264.0
2017-08-29,0.2720408611719162,0.2890187378488283,0.27006668946529855,0.28112205102235754,12155524.0,256986816.0
2017-08-30,0.27796337629176926,0.28230655404632815,0.27335697564299466,0.27454147866696527,6338403.0,133592848.0
2017-08-31,0.27414664432564173,0.2874394004835341,0.2740150328785339,0.28467556009426936,9506394.0,204081936.0
2017-09-01,0.2884922920603969,0.29559931020422053,0.28349105707029876,0.28467556009426936,11106092.0,243426768.0
2017-09-04,0.2862548974595635,0.2862548974595635,0.2771737076091222,0.2800691594454948,6120586.0,130365024.0
2017-09-05,0.27901626786863204,0.28191171970500467,0.27783176484466143,0.27822659918598497,3566571.0,75783680.0
2017-09-06,0.27822659918598497,0.27822659918598497,0.2720408611719162,0.2742782557727496,4865034.0,101282840.0
2017-09-07,0.2740150328785339,0.2783582106330928,0.27375180998431825,0.27440986721985744,4020111.0,84421296.0
2017-09-08,0.27414664432564173,0.27743693050333784,0.2717776382777005,0.27375180998431825,2922791.0,60796760.0
2017-09-11,0.2726989184074554,0.27914787931573987,0.2726989184074554,0.2788846564215242,3559735.0,74858088.0
2017-09-12,0.27901626786863204,0.2792794907628477,0.27322536419588683,0.27414664432564173,3788174.0,79260128.0
2017-09-13,0.27440986721985744,0.27585759313804376,0.273093752748779,0.27559437024382805,2138101.0,44634568.0
2017-09-14,0.274804701561181,0.27704209616201436,0.2719092497248084,0.27256730696034764,2928882.0,60979820.0
2017-09-15,0.27111958104216133,0.27348858709010254,0.2699350780181907,0.27111958104216133,2491484.0,51393304.0
2017-09-18,0.2699350780181907,0.27335697564299466,0.2699350780181907,0.2726989184074554,1597355.0,33011712.0
2017-09-19,0.27362019853721037,0.27454147866696527,0.27125119248926916,0.27256730696034764,2122170.0,43916656.0
2017-09-20,0.2716460268305927,0.27901626786863204,0.2704615238066221,0.27875304497441633,5540457.0,116242568.0
2017-09-21,0.2788846564215242,0.2828329998347595,0.274804701561181,0.2754627587967202,5404944.0,114510656.0
2017-09-22,0.27348858709010254,0.28256977694054386,0.27138280393637704,0.2804639937868183,7004142.0,147924672.0
2017-09-25,0.2794111022099556,0.2838858914116223,0.27506792445539663,0.27612081603225946,5593560.0,119270552.0
2017-09-26,0.27375180998431825,0.27625242747936724,0.26427578579255334,0.266249957499171,5662762.0,115284768.0
2017-09-27,0.26519706592230824,0.2684873521000044,0.26519706592230824,0.267171237628926,2226351.0,45177024.0
2017-09-28,0.2678292948644652,0.2886239035075047,0.2673028490760338,0.2821749425992203,11324110.0,240726688.0
2017-09-29,0.2800691594454948,0.2884922920603969,0.27677887326779865,0.2840175028587301,9725326.0,209752384.0
2017-10-09,0.28599167456534785,0.2877026233777498,0.28112205102235754,0.2840175028587301,6619859.0,142691616.0
2017-10-10,0.2829646112818674,0.2895451836372597,0.28112205102235754,0.2895451836372597,7427352.0,161663040.0
2017-10-11,0.2894135721901518,0.2894135721901518,0.2805956052339262,0.2812536624694654,6165435.0,133036344.0
2017-10-12,0.2809904395752497,0.2842807257529459,0.2771737076091222,0.2804639937868183,3805551.0,81177824.0
2017-10-13,0.2798059365512791,0.28586006311823997,0.2798059365512791,0.2827013883876517,3809821.0,81899096.0
2017-10-16,0.28256977694054386,0.2849387829884851,0.2704615238066221,0.27125119248926916,4662131.0,97782920.0
2017-10-17,0.27111958104216133,0.2754627587967202,0.26914540933554365,0.27243569551323976,2680093.0,55486984.0
2017-10-18,0.2716460268305927,0.27506792445539663,0.2658551231578475,0.26598673460495537,3143730.0,64621784.0
2017-10-19,0.2649338430280926,0.2670396261818181,0.26019583093221016,0.2616435568503964,2768378.0,55287740.0
2017-10-20,0.26190677974461213,0.266249957499171,0.2605906652735337,0.26598673460495537,1826217.0,36625952.0
2017-10-23,0.26519706592230824,0.2690137978884358,0.2649338430280926,0.2678292948644652,1731286.0,35216072.0
2017-10-24,0.26796090631157304,0.26796090631157304,0.2629596713214749,0.2653286773694161,1733715.0,34879912.0
2017-10-25,0.265460288816524,0.27125119248926916,0.26453900868676905,0.27032991235951426,2801024.0,57240788.0
2017-10-26,0.26861896354711223,0.273093752748779,0.2684873521000044,0.2704615238066221,2414041.0,49672744.0
2017-10-27,0.2707247467008378,0.27243569551323976,0.2674344605231416,0.26756607197024945,2063586.0,42310424.0
2017-10-30,0.26690801473471026,0.2673028490760338,0.2547997616007885,0.25637909896608263,3430002.0,67357440.0
2017-10-31,0.25664232186029834,0.2625648369801514,0.25664232186029834,0.26138033395618077,2153006.0,42559412.0
2017-11-01,0.26124872250907294,0.2683557406528966,0.26006421948510233,0.265460288816524,2489849.0,50228584.0
2017-11-02,0.2646706201338769,0.2678292948644652,0.2626964484272592,0.26401256289833763,2459368.0,49516068.0
2017-11-03,0.2641441743454455,0.2692770207826515,0.2617751682975043,0.26480223158098476,2238794.0,45169832.0
2017-11-06,0.2653286773694161,0.27019830091240643,0.2632228942156906,0.26914540933554365,3007731.0,61233356.0
2017-11-07,0.27111958104216133,0.2716460268305927,0.26651318039338673,0.27111958104216133,3272626.0,66858036.0
2017-11-08,0.27098796959505345,0.27414664432564173,0.26914540933554365,0.27006668946529855,3368208.0,69467776.0
2017-11-09,0.27019830091240643,0.27138280393637704,0.26690801473471026,0.2707247467008378,2813317.0,57432536.0
2017-11-10,0.27335697564299466,0.2978367048050539,0.27138280393637704,0.2978367048050539,11915548.0,262455488.0
2017-11-13,0.30797078623235796,0.30797078623235796,0.2907296866612303,0.2927038583678479,20067340.0,453927008.0
2017-11-14,0.2894135721901518,0.31599908450593656,0.2894135721901518,0.3031011626893677,24181312.0,559744960.0
2017-11-15,0.2974418704637304,0.313103632669564,0.2949412529686813,0.29704703612240685,14518854.0,335394432.0
2017-11-16,0.295204475862897,0.30520694584309327,0.28586006311823997,0.3017850482182893,13109368.0,295606752.0
2017-11-17,0.2974418704637304,0.2987579849348088,0.27375180998431825,0.2766472618206908,12676677.0,276023360.0
2017-11-20,0.27111958104216133,0.27348858709010254,0.25019336095201394,0.26572351171073966,8188183.0,164040064.0
2017-11-21,0.26230161408593566,0.26914540933554365,0.2570371562016219,0.2625648369801514,7032999.0,140424528.0
2017-11-22,0.2653286773694161,0.2808588281281419,0.2629596713214749,0.27151441538348486,8439910.0,173778704.0
2017-11-23,0.267171237628926,0.27440986721985744,0.2580900477784846,0.2594061622495631,6642885.0,133977608.0
2017-11-24,0.2567739333074062,0.26796090631157304,0.2567739333074062,0.2605906652735337,5066090.0,100861016.0
2017-11-27,0.2592745508024552,0.2592745508024552,0.25032497239912177,0.2519043097644159,4621933.0,89240544.0
2017-11-28,0.2507198067404453,0.25993260803799445,0.25019336095201394,0.2584848821198082,3972535.0,76923624.0
2017-11-29,0.25769521343716106,0.25769521343716106,0.2507198067404453,0.25374687002392576,3815563.0,73454136.0
2017-11-30,0.2538784814710336,0.26651318039338673,0.25322042423549435,0.25993260803799445,6914109.0,136802480.0
2017-12-01,0.25756360199005324,0.26427578579255334,0.2555894302834356,0.262828059874367,4971554.0,98660544.0
2017-12-04,0.26138033395618077,0.26138033395618077,0.252693978447063,0.25295720134127864,5075827.0,98504008.0
2017-12-05,0.2519043097644159,0.255194595942112,0.23755866202966078,0.2394012222891706,5813775.0,108175568.0
2017-12-06,0.24032250241892553,0.24453406872637654,0.23571610177015093,0.24427084583216085,4698067.0,85947352.0
2017-12-07,0.24321795425529813,0.2437444000437295,0.23913799939495492,0.2411121711015726,2978465.0,54648140.0
2017-12-08,0.24045411386603335,0.247561132009857,0.24019089097181767,0.24506051451480795,4102065.0,76486704.0
2017-12-11,0.24400762293794517,0.2480875777982884,0.24308634280819025,0.247561132009857,3142860.0,58799880.0
2017-12-12,0.24769274345696485,0.24769274345696485,0.24084894820735692,0.2411121711015726,2790725.0,51692508.0
2017-12-13,0.24084894820735692,0.24558696030323932,0.2400592795247098,0.2444024572792687,2179890.0,40283572.0
2017-12-14,0.24545534885613146,0.24545534885613146,0.2411121711015726,0.2444024572792687,2334530.0,43089024.0
2017-12-15,0.24321795425529813,0.24387601149083735,0.23900638794784707,0.2400592795247098,2486957.0,45549956.0
2017-12-18,0.2405857253131412,0.24084894820735692,0.23795349637098429,0.2397960566304941,1428834.0,25965728.0
2017-12-19,0.23953283373627843,0.24203345123132752,0.23953283373627843,0.24137539399578828,1510356.0,27662854.0
2017-12-20,0.24190183978421964,0.24190183978421964,0.2359793246643666,0.23637415900569017,2278730.0,41143496.0
2017-12-21,0.23676899334701368,0.23676899334701368,0.22584524323706254,0.23189936980402343,3326530.0,58506776.0
2017-12-22,0.231372924015592,0.23466321019328815,0.22992519809740572,0.23005680954451357,1498025.0,26427378.0
2017-12-25,0.23005680954451357,0.23124131256848418,0.22163367692961147,0.22242334561225854,2992115.0,51037828.0
2017-12-26,0.22413429442466057,0.24466568017348442,0.2225549570593664,0.23545287887593525,6803930.0,122219184.0
2017-12-27,0.24137539399578828,0.24466568017348442,0.23571610177015093,0.2361109361114745,6986360.0,127144512.0
2017-12-28,0.23045164388583714,0.2388747765007392,0.22663491191970958,0.23518965598171956,5084073.0,90338408.0
2017-12-29,0.2309780896742685,0.25874810501402384,0.23045164388583714,0.25874810501402384,17148796.0,331140032.0
2018-01-02,0.2616435568503964,0.26309128276858273,0.2533520356826022,0.25585265317765127,12929606.0,253086512.0
2018-01-03,0.25440492725946495,0.2583532706727003,0.24914046937515114,0.252693978447063,9028736.0,173246432.0
2018-01-04,0.2505881952933374,0.2629596713214749,0.2505881952933374,0.252693978447063,10569180.0,205913296.0
2018-01-05,0.2487456350338276,0.2550629844950042,0.24624501753877856,0.24914046937515114,6995241.0,132699416.0
2018-01-08,0.24782435490407267,0.2542733158123571,0.24677146332720992,0.2533520356826022,7042530.0,134209816.0
2018-01-09,0.2511146410817688,0.2524307555528473,0.24821918924539624,0.24914046937515114,4358871.0,82900144.0
2018-01-10,0.24848241213961192,0.2542733158123571,0.2457185717503472,0.2507198067404453,5388428.0,102346888.0
2018-01-11,0.2499301380577982,0.25901132790823955,0.2463766289858864,0.25637909896608263,8962301.0,173830192.0
2018-01-12,0.2542733158123571,0.25782682488426895,0.24887724648093545,0.24966691516358253,5428300.0,104268840.0
2018-01-15,0.24769274345696485,0.2504565838462296,0.23032003243872928,0.23321548427510186,5867030.0,106746560.0
2018-01-16,0.23413676440485678,0.23926961084206275,0.23321548427510186,0.23755866202966078,3107510.0,55865052.0
2018-01-17,0.23795349637098429,0.24282311991397457,0.23045164388583714,0.2394012222891706,5111936.0,92263440.0
2018-01-18,0.23953283373627843,0.24269150846686674,0.23558449032304307,0.2384799421594157,2922312.0,53043432.0
2018-01-19,0.24071733676024903,0.24242828557265106,0.23558449032304307,0.2358477132172588,3254400.0,59253004.0
2018-01-22,0.23387354151064108,0.23755866202966078,0.23058325533294496,0.23703221624122942,2987738.0,53098724.0
2018-01-23,0.23663738189990585,0.2400592795247098,0.23558449032304307,0.23834833071230782,2646357.0,47815836.0
2018-01-24,0.23926961084206275,0.24190183978421964,0.23558449032304307,0.2400592795247098,3478778.0,63257700.0
2018-01-25,0.23808510781809214,0.24150700544289613,0.23663738189990585,0.23690060479412153,2974141.0,54020108.0
2018-01-26,0.23690060479412153,0.2384799421594157,0.23308387282799403,0.2336103186164254,2565800.0,45877300.0
2018-01-29,0.23426837585196464,0.23755866202966078,0.23163614690980774,0.23505804453461168,2201153.0,39221152.0
2018-01-30,0.23426837585196464,0.23558449032304307,0.23163614690980774,0.23308387282799403,1707454.0,30216786.0
2018-01-31,0.23163614690980774,0.2333470957222097,0.22452912876598405,0.22624007757838607,2701360.0,46757984.0
2018-02-01,0.2263716890254939,0.2301884209916214,0.21715888772794475,0.21860661364613104,2614033.0,44054516.0
2018-02-02,0.21886983654034672,0.22084400824696443,0.21057831537255248,0.2172904991750526,1515494.0,24929434.0
2018-02-05,0.21163120694941523,0.2165008304924055,0.21163120694941523,0.21360537865603293,1035130.0,16872110.0
2018-02-06,0.20820930932461126,0.21044670392544462,0.1972855592146601,0.19741717066176795,3041262.0,47318072.0
2018-02-07,0.20268162854608177,0.2051822460411308,0.19360043869564045,0.19939134236838563,2316440.0,35164476.0
2018-02-08,0.20097067973367977,0.2051822460411308,0.19952295381549348,0.2039977430171602,1648629.0,25414184.0
2018-02-09,0.19860167368573856,0.20083906828657191,0.19544299895515027,0.19715394776755227,2013235.0,30323130.0
2018-02-12,0.19978617670970916,0.2039977430171602,0.19860167368573856,0.20294485144029745,1627179.0,24953814.0
2018-02-13,0.20386613157005237,0.20623513761799359,0.20202357131054252,0.20281323999318962,1533300.0,23707696.0
2018-02-14,0.20281323999318962,0.20373452012294452,0.20123390262789545,0.20294485144029745,886104.0,13640836.0
2018-02-22,0.20439257735848373,0.2071564177477485,0.20373452012294452,0.20623513761799359,1154756.0,18073832.0
2018-02-23,0.20531385748823866,0.20755125208907202,0.2039977430171602,0.20689319485353283,1212600.0,18982292.0
2018-02-26,0.20820930932461126,0.21439504733867998,0.20768286353617987,0.21281570997338586,2666870.0,42905648.0
2018-02-27,0.21228926418495445,0.22321301429490564,0.21123637260809172,0.2153163274684349,3971838.0,65691888.0
2018-02-28,0.21255248707917013,0.2165008304924055,0.2103150924783368,0.21307893286760154,1792301.0,28961148.0
2018-03-01,0.21255248707917013,0.21886983654034672,0.21123637260809172,0.2175537220692683,2349431.0,38577536.0
2018-03-02,0.21715888772794475,0.21952789377588594,0.21321054431470937,0.21347376720892505,2009500.0,33069576.0
2018-03-05,0.21439504733867998,0.21939628232877814,0.21334215576181723,0.21860661364613104,2122251.0,34916520.0
2018-03-06,0.21926467088167026,0.22150206548250362,0.21571116180975844,0.21768533351637612,2695030.0,44746320.0
2018-03-07,0.2175537220692683,0.22084400824696443,0.21663244193951336,0.21781694496348397,1690977.0,28060050.0
2018-03-08,0.21821177930480748,0.22084400824696443,0.21518471602132708,0.21979111667010165,2096357.0,34858560.0
2018-03-09,0.21965950522299382,0.2276878034965724,0.2187382250932389,0.22426590587176837,3543037.0,60406036.0
2018-03-12,0.22663491191970958,0.22729296915524883,0.22281817995358208,0.22479235166019976,3621388.0,61961008.0
2018-03-13,0.22347623718912132,0.2240026829775527,0.2199227281172095,0.22018595101142518,2616016.0,44084732.0
2018-03-14,0.21939628232877814,0.2213704540353958,0.21702727628083687,0.21715888772794475,1878497.0,31279962.0
2018-03-15,0.21584277325686627,0.21584277325686627,0.20676158340642498,0.20992025813701323,3031812.0,48706108.0
2018-03-16,0.2114995955023074,0.21202604129073876,0.2091305894543662,0.20965703524279755,1553800.0,24839156.0
2018-03-19,0.20939381234858187,0.2165008304924055,0.20834092077171912,0.2153163274684349,2764779.0,44842720.0
2018-03-20,0.212684098526278,0.21452665878578783,0.2103150924783368,0.21439504733867998,1521310.0,24547442.0
2018-03-21,0.21307893286760154,0.21834339075191533,0.212684098526278,0.21281570997338586,2236737.0,36703224.0
2018-03-22,0.21110476116098384,0.21715888772794475,0.21110476116098384,0.21426343589157215,1817165.0,29604972.0
2018-03-23,0.20768286353617987,0.20794608643039558,0.19478494171961105,0.1975487821088758,3412963.0,52391544.0
2018-03-26,0.19544299895515027,0.201628736969219,0.19057337541216,0.20057584539235623,1647560.0,24687324.0
2018-03-27,0.2013655140750033,0.20873575511304263,0.2013655140750033,0.2059719147237779,2383520.0,37246508.0
2018-03-28,0.20347129722872884,0.20755125208907202,0.201628736969219,0.20610352617088573,1639617.0,25573566.0
2018-03-29,0.20610352617088573,0.21110476116098384,0.20610352617088573,0.20965703524279755,2092187.0,33245840.0
2018-03-30,0.21057831537255248,0.21847500219902322,0.20926220090147402,0.21715888772794475,4419972.0,72415984.0
2018-04-02,0.22058078535274875,0.2388747765007392,0.21597438470397415,0.2388747765007392,12336225.0,219644720.0
2018-04-03,0.23558449032304307,0.23926961084206275,0.22584524323706254,0.22926714086186653,12843925.0,226641264.0
2018-04-04,0.23032003243872928,0.23189936980402343,0.22426590587176837,0.22742458060235668,7611656.0,131226696.0
2018-04-09,0.22729296915524883,0.23032003243872928,0.2211072311411801,0.2240026829775527,5900215.0,100823808.0
2018-04-10,0.2259768546841704,0.23255742703956267,0.21979111667010165,0.22584524323706254,7174215.0,123567584.0
2018-04-11,0.2251871860015233,0.22729296915524883,0.22268656850647428,0.22702974626103314,5361665.0,91872016.0
2018-04-12,0.22650330047260178,0.2275561920494645,0.22150206548250362,0.22216012271804286,4098500.0,69870424.0
2018-04-13,0.22321301429490564,0.2259768546841704,0.2211072311411801,0.22123884258828794,2676371.0,45436284.0
2018-04-16,0.21979111667010165,0.22176528837671936,0.21163120694941523,0.21439504733867998,3446091.0,56846984.0
2018-04-17,0.21439504733867998,0.22005433956431733,0.2114995955023074,0.21176281839652308,3162625.0,51955852.0
2018-04-18,0.21426343589157215,0.2301884209916214,0.20610352617088573,0.22466074021309193,7790984.0,131085944.0
2018-04-19,0.22439751731887625,0.22610846613127822,0.22084400824696443,0.22150206548250362,5388964.0,91377496.0
2018-04-20,0.22123884258828794,0.23058325533294496,0.21584277325686627,0.22795102639078807,9062920.0,154976688.0
2018-04-23,0.22505557455441547,0.23558449032304307,0.22308140284779776,0.23163614690980774,9208567.0,160325104.0
2018-04-24,0.23163614690980774,0.23374193006353328,0.223739460083337,0.23124131256848418,8536510.0,148896768.0
2018-04-25,0.223739460083337,0.23032003243872928,0.22229173416515072,0.22479235166019976,7937179.0,136446544.0
2018-04-26,0.22294979140068996,0.23400515295774896,0.22281817995358208,0.22689813481392526,9644880.0,167969696.0
2018-04-27,0.2283458607321116,0.23032003243872928,0.21492149312711134,0.21571116180975844,7648546.0,128900624.0
2018-05-02,0.20768286353617987,0.21202604129073876,0.1968907248733366,0.19939134236838563,6407761.0,98110576.0
2018-05-03,0.2007074568394641,0.20347129722872884,0.19544299895515027,0.2013655140750033,3639430.0,55325496.0
2018-05-04,0.20123390262789545,0.20333968578162098,0.19939134236838563,0.1996545652626013,2699020.0,41232680.0
2018-05-07,0.20004939960392484,0.20320807433451313,0.20004939960392484,0.201628736969219,2627000.0,40332948.0
2018-05-08,0.20202357131054252,0.2059719147237779,0.20097067973367977,0.2051822460411308,3011879.0,46751332.0
2018-05-09,0.2051822460411308,0.2103150924783368,0.20333968578162098,0.20781447498328773,3639400.0,57338340.0
2018-05-10,0.20702480630064066,0.2080776978775034,0.20465580025269944,0.20728802919485634,2591950.0,40653428.0
2018-05-11,0.20728802919485634,0.20820930932461126,0.20294485144029745,0.20386613157005237,2118600.0,33051334.0
2018-05-14,0.20465580025269944,0.21163120694941523,0.20281323999318962,0.2103150924783368,3638420.0,57133184.0
2018-05-15,0.21176281839652308,0.21439504733867998,0.2071564177477485,0.21110476116098384,4157810.0,66482224.0
2018-05-16,0.21189442984363094,0.21281570997338586,0.20623513761799359,0.20728802919485634,2574930.0,40754020.0
2018-05-17,0.20610352617088573,0.20728802919485634,0.2042609659113759,0.2059719147237779,2245530.0,35046652.0
2018-05-18,0.20570869182956222,0.20768286353617987,0.2030764628874053,0.2063667490651014,2091030.0,32624498.0
2018-05-21,0.20662997195931712,0.21163120694941523,0.20662997195931712,0.21097314971387604,3349930.0,53427980.0
2018-05-22,0.2103150924783368,0.21452665878578783,0.20768286353617987,0.2129473214204937,3453764.0,55347944.0
2018-05-23,0.21242087563206233,0.22334462574201347,0.20939381234858187,0.21307893286760154,6134020.0,100270168.0
2018-05-24,0.21057831537255248,0.21584277325686627,0.20939381234858187,0.2103150924783368,4583500.0,73772480.0
2018-05-25,0.20926220090147402,0.21557955036265058,0.20926220090147402,0.21307893286760154,5324090.0,86111768.0
2018-05-28,0.21518471602132708,0.21715888772794475,0.2039977430171602,0.21373699010314073,5419985.0,87276560.0
2018-05-29,0.21057831537255248,0.21571116180975844,0.20952542379568972,0.21018348103122894,3255885.0,52434504.0
2018-05-30,0.20584030327667005,0.20728802919485634,0.19254754711877767,0.19373205014274827,4982160.0,76019536.0
2018-05-31,0.19425849593117966,0.19833845079152287,0.19425849593117966,0.1972855592146601,2084760.0,31194644.0
2018-06-01,0.19820683934441502,0.1992597309212778,0.19320560435431688,0.1951797760609346,1862000.0,27749710.0
2018-06-04,0.1972855592146601,0.1980752278973072,0.1955746104022581,0.1958378332964738,1145230.0,17121838.0
2018-06-05,0.1963642790849052,0.20268162854608177,0.1961010561906895,0.20097067973367977,2175889.0,32883304.0
2018-06-06,0.20083906828657191,0.20123390262789545,0.19873328513284638,0.19952295381549348,1544099.0,23414528.0
2018-06-07,0.20057584539235623,0.201628736969219,0.19833845079152287,0.1984700622386307,1582925.0,24042862.0
2018-06-08,0.1984700622386307,0.20215518275765038,0.19504816461382674,0.1972855592146601,2196819.0,33140752.0
2018-06-11,0.1963642790849052,0.19873328513284638,0.1951797760609346,0.1967591134262287,1184224.0,17729710.0
2018-06-12,0.19741717066176795,0.2004442339452484,0.19504816461382674,0.19978617670970916,2058883.0,31132714.0
2018-06-13,0.19873328513284638,0.19939134236838563,0.19057337541216,0.19096820975348353,2916149.0,43156388.0
2018-06-14,0.1912314326476992,0.19281077001299338,0.1900469296237286,0.19136304409480706,1786535.0,25972488.0
2018-06-15,0.19136304409480706,0.1929423814601012,0.18228185424436574,0.18280830003279713,2857400.0,40450820.0
2018-06-19,0.18136057411461082,0.18136057411461082,0.16451430888480661,0.16451430888480661,3475660.0,44874632.0
2018-06-20,0.16319819441372818,0.16977876676912043,0.16201369138975757,0.16754137216828707,2252630.0,28363482.0
2018-06-21,0.168462652298042,0.16859426374514982,0.1592498510004928,0.16030274257735558,2131000.0,26619348.0
2018-06-22,0.15714406784676727,0.16425108599059093,0.1560911762699045,0.16319819441372818,1546330.0,19046434.0
2018-06-25,0.16451430888480661,0.16675170348564,0.16082918836578697,0.16109241126000265,1332360.0,16538584.0
2018-06-26,0.1578021250823065,0.16425108599059093,0.1566176220583359,0.163329805860836,1495460.0,18364786.0
2018-06-27,0.163329805860836,0.16648848059142432,0.16254013717818894,0.163329805860836,1509530.0,18827284.0
2018-06-28,0.163329805860836,0.17885995661956175,0.16254013717818894,0.16740976072117922,3690760.0,47422612.0
2018-06-29,0.16991037821622829,0.17425355597078718,0.1671465378269635,0.1722793842641695,3508690.0,45626332.0
2018-07-02,0.17030521255755182,0.1749116132063264,0.168462652298042,0.1696471553220126,2315524.0,30217086.0
2018-07-03,0.16991037821622829,0.17925479096088529,0.16951554387490475,0.17701739636005193,2949190.0,39054828.0
2018-07-04,0.17504322465343425,0.17504322465343425,0.16859426374514982,0.1708316583459832,2761630.0,36085980.0
2018-07-05,0.1708316583459832,0.17214777281706165,0.1671465378269635,0.16780459506250275,2147930.0,27636780.0
2018-07-06,0.2511921516327587,0.2538687893140914,0.23925022966988985,0.2497508851889642,2624630.0,31740152.0
2018-07-09,0.24995678039522057,0.25366289410783505,0.24728014271388787,0.25283931328280956,1535200.0,18745704.0
2018-07-10,0.25283931328280956,0.25592774137665497,0.2511921516327587,0.2553100557578859,1374700.0,16909766.0
2018-07-11,0.2501626756014769,0.2516039420452714,0.2390443344636335,0.2435740290012734,2128765.0,25381086.0
2018-07-12,0.2435740290012734,0.25407468452034776,0.2435740290012734,0.25325110369532233,2371100.0,28902704.0
2018-07-13,0.2530452084890659,0.25469237013911683,0.25139804683901507,0.25283931328280956,1326099.0,16291904.0
2018-07-16,0.2530452084890659,0.2594279598830131,0.25242752287029685,0.2553100557578859,1856988.0,23053126.0
2018-07-17,0.25592774137665497,0.2563395317891677,0.2501626756014769,0.2557218461703986,1596841.0,19664992.0
2018-07-18,0.2625163879768585,0.2812528517461872,0.2625163879768585,0.2812528517461872,2827900.0,38290604.0
2018-07-19,0.28969455520269793,0.2997834203092596,0.27507599555849643,0.2767231572085473,13582615.0,190830720.0
2018-07-20,0.2635458640081403,0.2721934626709074,0.26313407359562757,0.26972272019583104,7414799.0,96414264.0
2018-07-23,0.26457534003942207,0.2736347291147019,0.26416354962690936,0.2686932441645493,4525018.0,58901340.0
2018-07-24,0.2670460825144984,0.2711639866396256,0.26663429210198564,0.27034040581460017,3599157.0,47099156.0
2018-07-25,0.26972272019583104,0.2730170434959328,0.26725197772075476,0.2680755585457802,3187757.0,41751024.0
2018-07-26,0.26725197772075476,0.2686932441645493,0.26333996880188393,0.26581071127696027,2588600.0,33361564.0
2018-07-27,0.26581071127696027,0.26684018730824205,0.2635458640081403,0.26416354962690936,1492500.0,19202056.0
2018-07-30,0.2635458640081403,0.26416354962690936,0.25551595096414226,0.2565454269954241,2197000.0,27688512.0
2018-07-31,0.2583984838517313,0.25963385508926945,0.2557218461703986,0.25798669343921854,993900.0,12425602.0
2018-08-01,0.2590161694705004,0.26066333112055123,0.2522216276640405,0.25283931328280956,1363600.0,17005620.0
2018-08-02,0.2511921516327587,0.2542805797266041,0.23780896322609535,0.24254455296999158,2095144.0,24827912.0
2018-08-03,0.2435740290012734,0.2446035050325552,0.2411032865261971,0.24151507693870983,857844.0,10117577.0
2018-08-06,0.2408973913199407,0.2435740290012734,0.2373971728135826,0.23986791528865894,833100.0,9734674.0
2018-08-07,0.23986791528865894,0.24707424750763152,0.23986791528865894,0.245632981063837,1056400.0,12496905.0
2018-08-08,0.24480940023881156,0.245632981063837,0.24069149611368437,0.24213276255747887,955000.0,11300320.0
2018-08-09,0.24213276255747887,0.25057446601398964,0.24213276255747887,0.24789782833265694,1904600.0,22979134.0
2018-08-10,0.24707424750763152,0.25098625642650235,0.2460447714763497,0.2501626756014769,1340200.0,16191693.0
2018-08-13,0.24707424750763152,0.25242752287029685,0.24295634338250435,0.25201573245778414,1858098.0,22357144.0
2018-08-14,0.2503685708077333,0.2516039420452714,0.24810372353891333,0.24995678039522057,1046598.0,12679812.0
2018-08-15,0.24995678039522057,0.2748701003522401,0.2462506666826061,0.2748701003522401,7104600.0,93899080.0
2018-08-16,0.2748701003522401,0.27651726200229093,0.25675132220168045,0.258810274264244,11704752.0,152206000.0
2018-08-17,0.2538687893140914,0.26375175921439664,0.2518098372515278,0.25592774137665497,6472195.0,80721000.0
2018-08-20,0.2553100557578859,0.25592774137665497,0.24295634338250435,0.25098625642650235,4265800.0,51702224.0
2018-08-21,0.24954498998270783,0.2625163879768585,0.24748603792014423,0.25798669343921854,5340310.0,66427836.0
2018-08-22,0.25325110369532233,0.2553100557578859,0.2466624570951188,0.2497508851889642,3759445.0,45763676.0
2018-08-23,0.24707424750763152,0.2544864749328605,0.24707424750763152,0.2518098372515278,2691900.0,32899676.0
2018-08-24,0.2534569989015787,0.25407468452034776,0.2476919331264006,0.24851551395142604,2370960.0,28963996.0
2018-08-27,0.2491331995701951,0.2734288339084455,0.2487214091576824,0.2734288339084455,6730490.0,86611840.0
2018-08-28,0.2756936811772655,0.2966949922154142,0.2738406243209583,0.28187053736495626,20574136.0,284006464.0
2018-08-29,0.28516486066505803,0.28619433669633987,0.274252414733471,0.27651726200229093,9854947.0,133597576.0
2018-08-30,0.27939979488988,0.28372359422126353,0.2684873489582929,0.27013451060834376,8694817.0,116519400.0
2018-08-31,0.2734288339084455,0.2752818907647528,0.2656048160707039,0.2686932441645493,6687750.0,88213536.0
2018-09-03,0.2674578729270111,0.2779585284460855,0.2604574359142949,0.2756936811772655,7914117.0,103581688.0
2018-09-04,0.2734288339084455,0.27651726200229093,0.2688991393708056,0.27589957638352186,6917327.0,92046144.0
2018-09-05,0.2730170434959328,0.27878210927111086,0.2676637681332675,0.26828145375203655,5447657.0,72450160.0
2018-09-06,0.2660166064832166,0.2781644236523418,0.2647812352456784,0.27692905241480364,7545427.0,100406344.0
2018-09-07,0.27589957638352186,0.28001748050864905,0.2688991393708056,0.27178167225839467,5798000.0,77291624.0
2018-09-10,0.2707521962271129,0.28413538463377624,0.26828145375203655,0.2738406243209583,6540114.0,87807312.0
2018-09-11,0.2715757770521383,0.2734288339084455,0.26148691194557666,0.27054630102085653,4887614.0,63418768.0
2018-09-12,0.2707521962271129,0.2777526332398291,0.2676637681332675,0.27136988184588196,4452917.0,59145044.0
2018-09-13,0.2756936811772655,0.2779585284460855,0.2688991393708056,0.27754673803357277,4819145.0,64221488.0
2018-09-14,0.27589957638352186,0.2767231572085473,0.2686932441645493,0.2686932441645493,4020245.0,53171072.0
2018-09-17,0.2676637681332675,0.27054630102085653,0.26416354962690936,0.2651930256581912,2496800.0,32350076.0
2018-09-18,0.26539892086444755,0.28269411818998175,0.26457534003942207,0.2777526332398291,6414154.0,85772304.0
2018-09-19,0.274252414733471,0.2816646421586999,0.27322293870218917,0.2779585284460855,6754279.0,91094600.0
2018-09-20,0.27754673803357277,0.28310590860249446,0.274252414733471,0.2820764325712126,6065205.0,82244464.0
2018-09-21,0.2829000133962381,0.28310590860249446,0.27651726200229093,0.28104695653993084,4851060.0,65906064.0
2018-09-25,0.27898800447736727,0.2812528517461872,0.27713494762106006,0.2777526332398291,2526300.0,34149748.0
2018-09-26,0.27878210927111086,0.2806351661274181,0.2748701003522401,0.2763113667960346,3353600.0,45259960.0
2018-09-27,0.2752818907647528,0.2763113667960346,0.26457534003942207,0.2647812352456784,4597600.0,60232256.0
2018-09-28,0.2660166064832166,0.27054630102085653,0.26375175921439664,0.2684873489582929,2482627.0,32204414.0
2018-10-08,0.26148691194557666,0.26457534003942207,0.25325110369532233,0.2563395317891677,2712700.0,34104612.0
2018-10-09,0.2604574359142949,0.2604574359142949,0.25325110369532233,0.2553100557578859,1567400.0,19495840.0
2018-10-10,0.25592774137665497,0.2598397502955258,0.25510416055162954,0.2583984838517313,1537250.0,19254968.0
2018-10-11,0.2491331995701951,0.250780361220246,0.23266158306968637,0.23677948719481354,3706527.0,43471416.0
2018-10-12,0.24295634338250435,0.24377992420752975,0.22813188853204644,0.2408973913199407,2512127.0,29040138.0
2018-10-15,0.23925022966988985,0.24542708585758063,0.2373971728135826,0.24254455296999158,1849800.0,21679736.0
2018-10-16,0.2446035050325552,0.25283931328280956,0.23883843925737713,0.24501529544506792,2277245.0,27044952.0
2018-10-17,0.24748603792014423,0.2487214091576824,0.24048560090742802,0.2466624570951188,2134730.0,25423920.0
2018-10-18,0.2439858194137861,0.2439858194137861,0.23204389745091725,0.23616180157604447,2116645.0,24339900.0
2018-10-19,0.23430874471973723,0.24192686735122254,0.22916136456332825,0.2411032865261971,1814500.0,20989008.0
2018-10-22,0.24336813379501704,0.2544864749328605,0.24151507693870983,0.25139804683901507,3052127.0,36970524.0
2018-10-23,0.2497508851889642,0.2522216276640405,0.24254455296999158,0.2439858194137861,2373500.0,28555292.0
2018-10-24,0.24172097214496618,0.25057446601398964,0.2408973913199407,0.24686835230137516,1988370.0,23807140.0
2018-10-25,0.23863254405112078,0.24419171462004247,0.23575001116353173,0.2435740290012734,1587900.0,18533170.0
2018-10-26,0.24501529544506792,0.24954498998270783,0.24419171462004247,0.2462506666826061,1606300.0,19247388.0
2018-10-29,0.2503685708077333,0.2503685708077333,0.24069149611368437,0.24439760982629882,1316900.0,15669040.0
2018-10-30,0.24480940023881156,0.24810372353891333,0.24172097214496618,0.2466624570951188,1658400.0,19766480.0
2018-10-31,0.2466624570951188,0.2522216276640405,0.2466624570951188,0.25139804683901507,2518400.0,30578352.0
2018-11-01,0.25139804683901507,0.25736900782044947,0.2501626756014769,0.2526334180765532,3543984.0,43517020.0
2018-11-02,0.25510416055162954,0.2583984838517313,0.25242752287029685,0.2583984838517313,4306100.0,53380880.0
2018-11-05,0.2594279598830131,0.2594279598830131,0.2526334180765532,0.25592774137665497,2851100.0,35406512.0
2018-11-06,0.27178167225839467,0.2734288339084455,0.25242752287029685,0.2569572174079368,3976945.0,49839032.0
2018-11-07,0.25366289410783505,0.2569572174079368,0.25201573245778414,0.25283931328280956,2691130.0,33248524.0
2018-11-08,0.2542805797266041,0.2563395317891677,0.25139804683901507,0.25139804683901507,1436072.0,17688452.0
2018-11-09,0.25098625642650235,0.2530452084890659,0.2497508851889642,0.250780361220246,1305172.0,15927455.0
2018-11-12,0.250780361220246,0.25613363658291133,0.24954498998270783,0.25613363658291133,2536902.0,31367178.0
2018-11-13,0.2518098372515278,0.26004564550178216,0.2516039420452714,0.25922206467675674,4269698.0,53160848.0
2018-11-14,0.2577807982329622,0.2598397502955258,0.25592774137665497,0.25716311261419317,2739918.0,34283084.0
2018-11-15,0.25716311261419317,0.263957654420653,0.2553100557578859,0.2635458640081403,4199020.0,53128744.0
2018-11-16,0.2635458640081403,0.2680755585457802,0.26189870235808943,0.26416354962690936,4069918.0,52355884.0
2018-11-19,0.26272228318311486,0.2656048160707039,0.258810274264244,0.2656048160707039,3323486.0,42268416.0
2018-11-20,0.2635458640081403,0.26663429210198564,0.25551595096414226,0.2569572174079368,2971200.0,37735184.0
2018-11-21,0.2538687893140914,0.25860437905798767,0.2522216276640405,0.25592774137665497,2520802.0,31169920.0
2018-11-22,0.2563395317891677,0.2616928071518331,0.25551595096414226,0.2598397502955258,2986157.0,37474852.0
2018-11-23,0.2598397502955258,0.2598397502955258,0.24316223858876068,0.24336813379501704,3735207.0,45251088.0
2018-11-26,0.2435740290012734,0.24707424750763152,0.23945612487614623,0.24336813379501704,1778945.0,21015300.0
2018-11-27,0.2439858194137861,0.24707424750763152,0.24377992420752975,0.24501529544506792,1180700.0,14075992.0
2018-11-28,0.24480940023881156,0.2491331995701951,0.23945612487614623,0.24851551395142604,1856525.0,22159302.0
2018-11-29,0.24933909477645147,0.2542805797266041,0.24233865776373523,0.24316223858876068,2232807.0,27063894.0
2018-11-30,0.24213276255747887,0.2466624570951188,0.24027970570117166,0.2460447714763497,1571400.0,18569928.0
2018-12-03,0.2518098372515278,0.25325110369532233,0.24954498998270783,0.2516039420452714,3150900.0,38579348.0
2018-12-04,0.2503685708077333,0.2544864749328605,0.2497508851889642,0.2542805797266041,2478725.0,30462846.0
2018-12-05,0.2476919331264006,0.25283931328280956,0.24748603792014423,0.25201573245778414,1739900.0,21194084.0
2018-12-06,0.2491331995701951,0.2511921516327587,0.24583887627009335,0.2466624570951188,1526900.0,18396268.0
2018-12-07,0.2460447714763497,0.24954498998270783,0.245632981063837,0.24645656188886245,950700.0,11421692.0
2018-12-10,0.2439858194137861,0.245632981063837,0.24233865776373523,0.2439858194137861,1082580.0,12824430.0
2018-12-11,0.245632981063837,0.2462506666826061,0.24377992420752975,0.2460447714763497,966800.0,11517651.0
2018-12-12,0.245632981063837,0.24748603792014423,0.24336813379501704,0.2446035050325552,953280.0,11369584.0
2018-12-13,0.24439760982629882,0.24954498998270783,0.24439760982629882,0.24892730436393876,1880403.0,22624734.0
2018-12-14,0.24707424750763152,0.24851551395142604,0.2373971728135826,0.23883843925737713,2285287.0,26859532.0
2018-12-17,0.23925022966988985,0.23986791528865894,0.23410284951348084,0.23719127760732625,1389700.0,15939882.0
2018-12-18,0.2359559063697881,0.23863254405112078,0.23369105910096813,0.23616180157604447,1295127.0,14852414.0
2018-12-19,0.2369853824010699,0.23760306801983896,0.2328674782759427,0.23430874471973723,1004100.0,11472167.0
2018-12-20,0.23472053513224994,0.23636769678230082,0.23307337348219906,0.23513232554476265,910000.0,10383061.0
2018-12-21,0.23513232554476265,0.23657359198855718,0.23369105910096813,0.23636769678230082,997300.0,11383914.0
2018-12-24,0.23554411595727537,0.24192686735122254,0.23513232554476265,0.24069149611368437,1818315.0,21142824.0
2018-12-25,0.2390443344636335,0.25325110369532233,0.23204389745091725,0.24501529544506792,2980060.0,34920576.0
2018-12-26,0.2435740290012734,0.2460447714763497,0.24069149611368437,0.2408973913199407,1723645.0,20323168.0
2018-12-27,0.24522119065132428,0.2557218461703986,0.24130918173245347,0.24192686735122254,3516700.0,42431416.0
2018-12-28,0.2411032865261971,0.2466624570951188,0.23719127760732625,0.24522119065132428,2495775.0,29462432.0
2019-01-02,0.2460447714763497,0.24748603792014423,0.24377992420752975,0.2462506666826061,1789130.0,21347120.0
2019-01-03,0.2462506666826061,0.24933909477645147,0.24419171462004247,0.2462506666826061,1985730.0,23789566.0
2019-01-04,0.24130918173245347,0.25242752287029685,0.2408973913199407,0.2516039420452714,3485452.0,42240636.0
2019-01-07,0.2511921516327587,0.2548982653453732,0.2501626756014769,0.2530452084890659,3303800.0,40508080.0
2019-01-08,0.25242752287029685,0.25469237013911683,0.24933909477645147,0.250780361220246,2326220.0,28421580.0
2019-01-09,0.2516039420452714,0.2553100557578859,0.2476919331264006,0.2476919331264006,2967115.0,36356380.0
2019-01-10,0.24830961874516969,0.2542805797266041,0.24707424750763152,0.24995678039522057,2989130.0,36522716.0
2019-01-11,0.2491331995701951,0.25510416055162954,0.24810372353891333,0.25325110369532233,2491715.0,30453502.0
2019-01-14,0.2534569989015787,0.25366289410783505,0.2491331995701951,0.2491331995701951,1738184.0,21166640.0
2019-01-15,0.2487214091576824,0.2522216276640405,0.24748603792014423,0.2516039420452714,1748630.0,21243184.0
2019-01-16,0.2522216276640405,0.2530452084890659,0.24892730436393876,0.2491331995701951,1539830.0,18762174.0
2019-01-17,0.24933909477645147,0.25057446601398964,0.24316223858876068,0.24336813379501704,2042437.0,24470090.0
2019-01-18,0.24480940023881156,0.24522119065132428,0.2396620200824026,0.24295634338250435,2173026.0,25556040.0
2019-01-21,0.24377992420752975,0.2462506666826061,0.24336813379501704,0.24542708585758063,1603994.0,19078316.0
2019-01-22,0.24439760982629882,0.2460447714763497,0.2411032865261971,0.24295634338250435,1258600.0,14889238.0
2019-01-23,0.2435740290012734,0.24789782833265694,0.2411032865261971,0.24686835230137516,1944626.0,23083824.0
2019-01-24,0.24707424750763152,0.2522216276640405,0.24377992420752975,0.24933909477645147,3226100.0,38962772.0
2019-01-25,0.2476919331264006,0.2516039420452714,0.2466624570951188,0.24707424750763152,2911900.0,35224796.0
2019-01-28,0.24707424750763152,0.24892730436393876,0.2400738104949153,0.24027970570117166,2071260.0,24637200.0
2019-01-29,0.24069149611368437,0.24213276255747887,0.22998494538835368,0.23472053513224994,2004700.0,22896908.0
2019-01-30,0.23472053513224994,0.23677948719481354,0.2322497926571736,0.23327926868845542,1281490.0,14532826.0
2019-01-31,0.23451463992599358,0.23554411595727537,0.2242198796131756,0.22669062208825191,2200924.0,24494304.0
2019-02-01,0.22689651729450827,0.23204389745091725,0.22689651729450827,0.23204389745091725,1242720.0,13882985.0
2019-02-11,0.23204389745091725,0.23760306801983896,0.23204389745091725,0.23677948719481354,1780848.0,20349768.0
2019-02-12,0.23677948719481354,0.24419171462004247,0.2359559063697881,0.24048560090742802,2839615.0,33069602.0
2019-02-13,0.24213276255747887,0.2544864749328605,0.24213276255747887,0.25098625642650235,7414680.0,90135632.0
2019-02-14,0.25057446601398964,0.25325110369532233,0.24810372353891333,0.2518098372515278,5673945.0,69032680.0
2019-02-15,0.2530452084890659,0.25675132220168045,0.2491331995701951,0.2538687893140914,5763835.0,70797736.0
2019-02-18,0.25510416055162954,0.26107512153306395,0.25325110369532233,0.2608692263268076,7423297.0,93096112.0
2019-02-19,0.263957654420653,0.2643694448331657,0.25407468452034776,0.2575749030267058,7728412.0,96877896.0
2019-02-20,0.2565454269954241,0.2598397502955258,0.25366289410783505,0.25675132220168045,4277950.0,53295376.0
2019-02-21,0.2565454269954241,0.263957654420653,0.25325110369532233,0.25798669343921854,7938005.0,100358880.0
2019-02-22,0.26004564550178216,0.26931092978331833,0.25860437905798767,0.2680755585457802,8720330.0,111702368.0
2019-02-25,0.27281114828967645,0.27960569009613634,0.26972272019583104,0.27692905241480364,11692755.0,155842640.0
2019-02-26,0.27692905241480364,0.2777526332398291,0.2707521962271129,0.2711639866396256,7286742.0,96867752.0
2019-02-27,0.27178167225839467,0.274252414733471,0.2635458640081403,0.266222501689473,6306660.0,82764560.0
2019-02-28,0.2651930256581912,0.2707521962271129,0.2647812352456784,0.2686932441645493,3353525.0,43659916.0
2019-03-01,0.26972272019583104,0.2707521962271129,0.2621045975643458,0.26663429210198564,3771000.0,48711408.0
2019-03-04,0.26786966333952383,0.27548778597100915,0.2674578729270111,0.2711639866396256,6418193.0,84682768.0
2019-03-05,0.27281114828967645,0.2777526332398291,0.27136988184588196,0.27754673803357277,6038605.0,80618608.0
2019-03-06,0.2781644236523418,0.2835176990150072,0.27404651952721465,0.28104695653993084,7999427.0,108373408.0
2019-03-07,0.2791938996836236,0.28763560314013437,0.2752818907647528,0.28495896545880167,7981355.0,109560696.0
2019-03-08,0.2779585284460855,0.3001952107217723,0.27589957638352186,0.28001748050864905,12326051.0,172643184.0
2019-03-11,0.2820764325712126,0.2985480490717214,0.2820764325712126,0.2940183545340815,8255140.0,116317056.0
2019-03-12,0.29443014494659425,0.29916573469049046,0.28866507917141615,0.2946360401528506,9585343.0,136559856.0
2019-03-13,0.29443014494659425,0.3032836388156177,0.28516486066505803,0.28681202231510894,7428733.0,106410896.0
2019-03-14,0.2835176990150072,0.28763560314013437,0.2738406243209583,0.27898800447736727,5587442.0,75842904.0
2019-03-15,0.2802233757149054,0.28372359422126353,0.2763113667960346,0.28042927092116177,3513509.0,47848972.0
2019-03-18,0.2802233757149054,0.29010634561521065,0.2781644236523418,0.29010634561521065,4925780.0,68079632.0
2019-03-19,0.29010634561521065,0.29278298329654334,0.2866061271088526,0.28866507917141615,3868700.0,54356196.0
2019-03-20,0.2884591839651598,0.290312240821467,0.2820764325712126,0.2870179175213653,3410278.0,47408828.0
2019-03-21,0.2872238127276216,0.29237119288403063,0.28557665107757074,0.28866507917141615,4074400.0,57280472.0
2019-03-22,0.28825328875890344,0.2899004504089543,0.2829000133962381,0.28969455520269793,3163878.0,44103864.0
2019-03-25,0.28516486066505803,0.2915476120590052,0.2843412798400326,0.28763560314013437,4055691.0,56954872.0
2019-03-26,0.29010634561521065,0.29010634561521065,0.2763113667960346,0.27754673803357277,3915030.0,53700960.0
2019-03-27,0.2779585284460855,0.2812528517461872,0.27404651952721465,0.2791938996836236,2671950.0,36090740.0
2019-03-28,0.2779585284460855,0.28578254628382715,0.27754673803357277,0.2791938996836236,3249830.0,44535984.0
2019-03-29,0.27878210927111086,0.28516486066505803,0.27404651952721465,0.28516486066505803,3875201.0,52874680.0
2019-04-01,0.2864002319025962,0.29545962097787604,0.28619433669633987,0.29422424974033784,5373924.0,76254624.0
2019-04-02,0.29422424974033784,0.2985480490717214,0.2915476120590052,0.29278298329654334,4831343.0,69171656.0
2019-04-03,0.29278298329654334,0.3016364771655668,0.290312240821467,0.2985480490717214,5858994.0,84486656.0
2019-04-04,0.2983421538654651,0.30554848608443763,0.29545962097787604,0.30451901005315585,8014310.0,117337560.0
2019-04-08,0.30719564773448854,0.3088428093845394,0.2946360401528506,0.30143058195931044,6338801.0,92816432.0
2019-04-09,0.30081289634054137,0.3039013244343868,0.29690088742167053,0.3020482675780795,5419708.0,79193456.0
2019-04-10,0.2983421538654651,0.2997834203092596,0.2940183545340815,0.2960773065966451,4370945.0,62979616.0
2019-04-11,0.2960773065966451,0.29813625865920873,0.287429707933878,0.28825328875890344,4224800.0,60107392.0
2019-04-12,0.2888709743776725,0.2919594024715179,0.28578254628382715,0.2878414983463907,2162260.0,30267352.0
2019-04-15,0.2919594024715179,0.29545962097787604,0.2878414983463907,0.2880473935526471,3064817.0,43493592.0
2019-04-16,0.28825328875890344,0.2952537257716197,0.28269411818998175,0.2950478305653633,4388260.0,61712644.0
2019-04-17,0.2946360401528506,0.2979303634529524,0.2919594024715179,0.29587141139038875,3775530.0,54136624.0
2019-04-18,0.2964890970091578,0.29731267783418325,0.29092992644023613,0.2915476120590052,2899416.0,41326260.0
2019-04-19,0.2915476120590052,0.2929888785027997,0.287429707933878,0.2915476120590052,2535930.0,35746708.0
2019-04-22,0.29319477370905606,0.2975185730404396,0.290312240821467,0.29175350726526156,3322261.0,47356036.0
2019-04-23,0.29175350726526156,0.29360656412156877,0.28516486066505803,0.28557665107757074,3109909.0,43552288.0
2019-04-24,0.28763560314013437,0.29319477370905606,0.2847530702525453,0.292577088090287,3156700.0,44289640.0
2019-04-25,0.29319477370905606,0.29319477370905606,0.27939979488988,0.27939979488988,3178608.0,44188164.0
2019-04-26,0.27713494762106006,0.2843412798400326,0.2761054715897782,0.2791938996836236,2472900.0,33697608.0
2019-04-29,0.2791938996836236,0.2812528517461872,0.26786966333952383,0.27013451060834376,3400527.0,45154652.0
2019-04-30,0.27239935787716374,0.2748701003522401,0.26931092978331833,0.27095809143336924,1998300.0,26405102.0
2019-05-06,0.2635458640081403,0.2651930256581912,0.250780361220246,0.2522216276640405,3756310.0,46851420.0
2019-05-07,0.2542805797266041,0.25592774137665497,0.2503685708077333,0.25366289410783505,2253510.0,27741396.0
2019-05-08,0.2497508851889642,0.25716311261419317,0.24707424750763152,0.2538687893140914,2199605.0,27122818.0
2019-05-09,0.25469237013911683,0.26107512153306395,0.2538687893140914,0.2581925886454749,2527760.0,31672032.0
2019-05-10,0.2594279598830131,0.2651930256581912,0.25469237013911683,0.263957654420653,2659360.0,33867488.0
2019-05-13,0.26004564550178216,0.269105034577062,0.26004564550178216,0.26642839689572934,2640609.0,34071560.0
2019-05-14,0.26189870235808943,0.2707521962271129,0.26189870235808943,0.263957654420653,2199226.0,28560646.0
2019-05-15,0.26642839689572934,0.2711639866396256,0.2647812352456784,0.26725197772075476,1779024.0,23225704.0
2019-05-16,0.26786966333952383,0.2748701003522401,0.26786966333952383,0.2715757770521383,3425900.0,45245044.0
2019-05-17,0.27178167225839467,0.2756936811772655,0.258810274264244,0.25963385508926945,3055900.0,39584456.0
2019-05-20,0.2616928071518331,0.26972272019583104,0.2608692263268076,0.26663429210198564,2537068.0,32695164.0
2019-05-21,0.2649871304519348,0.2752818907647528,0.2635458640081403,0.2736347291147019,3642205.0,47829176.0
2019-05-22,0.2738406243209583,0.27754673803357277,0.2684873489582929,0.2752818907647528,3384928.0,44940208.0
2019-05-23,0.2791938996836236,0.2835176990150072,0.2686932441645493,0.27136988184588196,3296858.0,44198604.0
2019-05-24,0.26786966333952383,0.2707521962271129,0.26457534003942207,0.266222501689473,2341900.0,30418324.0
2019-05-27,0.266222501689473,0.2773408428273164,0.26539892086444755,0.27589957638352186,2832210.0,37666384.0
2019-05-28,0.2763113667960346,0.2779585284460855,0.2738406243209583,0.27548778597100915,1884400.0,25269358.0
2019-05-29,0.27445830993972736,0.2950478305653633,0.2730170434959328,0.2833118038087508,6012165.0,83364768.0
2019-05-30,0.28104695653993084,0.28310590860249446,0.2761054715897782,0.2812528517461872,3250848.0,44135060.0
2019-05-31,0.27960569009613634,0.2907240312339797,0.27960569009613634,0.2864002319025962,4236008.0,58979036.0
2019-06-03,0.28619433669633987,0.28619433669633987,0.27713494762106006,0.28228232777746903,2645453.0,36244472.0
2019-06-04,0.2833118038087508,0.29010634561521065,0.2779585284460855,0.28310590860249446,3199760.0,44049636.0
2019-06-05,0.2833118038087508,0.29443014494659425,0.2773408428273164,0.287429707933878,5867554.0,81726112.0
2019-06-06,0.28413538463377624,0.28495896545880167,0.27878210927111086,0.28104695653993084,3630154.0,49629652.0
2019-06-10,0.28042927092116177,0.29051813602772336,0.27651726200229093,0.28907686958392886,3777650.0,52569704.0
2019-06-11,0.2899004504089543,0.2950478305653633,0.2843412798400326,0.2934006689153124,6728688.0,94915256.0
2019-06-12,0.29134171685274884,0.3228436834099718,0.28825328875890344,0.3010187915467977,9260088.0,135718048.0
2019-06-13,0.29813625865920873,0.30678385732197583,0.2966949922154142,0.297724468246696,6541709.0,95785192.0
2019-06-14,0.29690088742167053,0.2997834203092596,0.28825328875890344,0.28825328875890344,4036100.0,57578184.0
2019-06-17,0.2870179175213653,0.29175350726526156,0.28454717504628896,0.2899004504089543,2359500.0,32981660.0
2019-06-18,0.28866507917141615,0.290312240821467,0.2808410613336745,0.28187053736495626,3782400.0,52226944.0
2019-06-19,0.40960735129064707,0.41264147981872595,0.4014152042648341,0.4020220299704499,5020000.0,67408080.0
2019-06-20,0.39929131429517895,0.4014152042648341,0.38563773591882405,0.3968640114727158,5784000.0,75005512.0
2019-06-21,0.401718617117642,0.4068766356153761,0.3971674243255237,0.4047527456457209,3968900.0,52719008.0
2019-06-24,0.4020220299704499,0.4077868741737997,0.39474012150306065,0.3959537729142922,3845755.0,50719928.0
2019-06-25,0.39656059861990794,0.3968640114727158,0.38867186444690294,0.3914025801221739,2995614.0,38602936.0
2019-06-26,0.3901889287109423,0.3941332957974449,0.38745821303567135,0.3929196443862133,1745948.0,22537094.0
2019-06-27,0.3959537729142922,0.42629505819508084,0.3959537729142922,0.41961997543330737,11457102.0,156187888.0
2019-06-28,0.4181029111692679,0.4229575168141941,0.4108210027018786,0.41779949831646,7465770.0,102391384.0
2019-07-01,0.4341837923680859,0.45117491212532757,0.42599164534227296,0.4299360124287755,18109192.0,260332592.0
2019-07-02,0.42811553531192814,0.4369145080433569,0.42811553531192814,0.43175648954562285,7600884.0,108435496.0
2019-07-03,0.42902577387035185,0.43084625098719914,0.4190131497276916,0.42174386540296255,5718593.0,79577576.0
2019-07-04,0.42326092966700196,0.4269018839006966,0.41779949831646,0.4190131497276916,3703898.0,51420312.0
2019-07-05,0.41992338828611525,0.4253848196366572,0.4190131497276916,0.42144045255015467,3638614.0,50728388.0
2019-07-08,0.42053021399173096,0.42053021399173096,0.4041459199401051,0.4050561584985288,5148691.0,69416816.0
2019-07-09,0.40566298420414454,0.41112441555468654,0.4020220299704499,0.4077868741737997,2519800.0,33713432.0
2019-07-10,0.41446195693557325,0.41446195693557325,0.4011117914120263,0.40353909423448936,2632500.0,35347384.0
2019-07-11,0.41112441555468654,0.41112441555468654,0.39929131429517895,0.40353909423448936,2370600.0,31591596.0
2019-07-12,0.4080902870266076,0.4080902870266076,0.4011117914120263,0.407180048468184,1975750.0,26362200.0
2019-07-15,0.41264147981872595,0.4162824340524206,0.404449332792913,0.41415854408276537,2691578.0,36482740.0
2019-07-16,0.4132483055243417,0.42083362684453884,0.4105175898490707,0.41779949831646,3856876.0,53041496.0
2019-07-17,0.41749608546365213,0.4253848196366572,0.4138551312299575,0.41749608546365213,3714841.0,51512992.0
2019-07-18,0.4156756083468048,0.4156756083468048,0.40535957135133666,0.40566298420414454,2927689.0,39464180.0
2019-07-19,0.4059663970569525,0.4105175898490707,0.4008083785592184,0.4032356813816814,2312400.0,30883074.0
2019-07-22,0.4014152042648341,0.4032356813816814,0.3795694788626663,0.38108654312670576,3720237.0,47448612.0
2019-07-23,0.38108654312670576,0.38715480018286347,0.38108654312670576,0.3862445616244398,1741171.0,22083392.0
2019-07-24,0.38836845159409505,0.3959537729142922,0.3880650387412871,0.39231281868059753,2224100.0,28770632.0
2019-07-25,0.39443670865025277,0.4120346541131102,0.3926162315334054,0.407180048468184,4300409.0,57256468.0
2019-07-26,0.407180048468184,0.41294489267153384,0.4014152042648341,0.41264147981872595,4033048.0,54164604.0
2019-07-29,0.40960735129064707,0.4229575168141941,0.4080902870266076,0.4159790211996127,4943900.0,68015888.0
2019-07-30,0.4159790211996127,0.42447458107823355,0.41264147981872595,0.41355171837714966,4393000.0,60569080.0
2019-07-31,0.41233806696591807,0.4235643425198099,0.4114278284074944,0.4181029111692679,5143976.0,71169744.0
2019-08-01,0.4162824340524206,0.42144045255015467,0.415068782641189,0.41749608546365213,3559930.0,49071792.0
2019-08-02,0.4074834613209919,0.4272052967535045,0.4074834613209919,0.4223506911085783,7930187.0,110082496.0
2019-08-05,0.4235643425198099,0.42872236101754396,0.4120346541131102,0.4250814067838493,7769063.0,107614400.0
2019-08-06,0.41961997543330737,0.41961997543330737,0.38715480018286347,0.4068766356153761,8771200.0,116883896.0
2019-08-07,0.4032356813816814,0.40626980990976036,0.3907957544165581,0.3907957544165581,5114408.0,66946536.0
2019-08-08,0.3914025801221739,0.3968640114727158,0.38836845159409505,0.39534694720867636,3133056.0,40594092.0
2019-08-09,0.3986844885895632,0.4347906180737017,0.39534694720867636,0.4347906180737017,11203786.0,157351040.0
2019-08-12,0.45633293062306163,0.47817865602522946,0.45633293062306163,0.47817865602522946,6215452.0,96712680.0
2019-08-13,0.5261178867688756,0.5261178867688756,0.509126767011634,0.5261178867688756,64040600.0,1105206400.0
2019-08-14,0.5461431350541961,0.5780014845990242,0.4994175557217816,0.5030585099554762,62173360.0,1108868480.0
2019-08-15,0.4909219958431607,0.5249042353576441,0.4887981058735055,0.5167120883318311,49806244.0,833881088.0
2019-08-16,0.5066994641891708,0.5097335927172497,0.48546056449261876,0.4891015187263134,42068948.0,687790720.0
2019-08-19,0.4891015187263134,0.5094301798644418,0.48151619740611623,0.5045755742195156,39170452.0,642870144.0
2019-08-20,0.5036653356610921,0.5203530425655257,0.49304588581281594,0.5154984369205995,39042920.0,654518400.0
2019-08-21,0.5118574826869049,0.5400748779980384,0.4957766014880869,0.5267247124744914,37955416.0,644245568.0
2019-08-22,0.5194428040071021,0.5236905839464125,0.5057892256307472,0.5127677212453285,26674864.0,452494112.0
2019-08-23,0.509126767011634,0.5203530425655257,0.4891015187263134,0.49547318863527895,22972072.0,379313440.0
2019-08-26,0.47969572028926893,0.5449294836429646,0.47969572028926893,0.5449294836429646,34589864.0,593486720.0
2019-08-27,0.5546386949328169,0.5613137776945905,0.5294554281497623,0.5364339237643437,41172488.0,739957824.0
2019-08-28,0.5264212996216835,0.5406817037036542,0.5109472441284812,0.5151950240677917,21682430.0,374257504.0
2019-08-29,0.5121608955397128,0.533096382383457,0.5070028770419788,0.5121608955397128,20815950.0,357210560.0
2019-08-30,0.514588198362176,0.5188359783014863,0.48697762875665823,0.4918322344015844,18966232.0,315269536.0
2019-09-02,0.49304588581281594,0.5158018497734075,0.4857639773454267,0.5103404184228655,16056092.0,266376464.0
2019-09-03,0.5121608955397128,0.5285451895913388,0.5006312071330131,0.5261178867688756,21560116.0,367235968.0
2019-09-04,0.5233871710936046,0.5761810074821768,0.5221735196823731,0.5470533736126199,28691468.0,521421152.0
2019-09-05,0.5591898877249353,0.6016676871180393,0.5591898877249353,0.5773946588934085,37651448.0,727975296.0
2019-09-06,0.5807322002742952,0.5901379987113397,0.5613137776945905,0.5804287874214873,28938864.0,547440832.0
2019-09-09,0.584069741655182,0.6004540357068078,0.5692025118675955,0.5922618886809948,25261820.0,491211840.0
2019-09-10,0.5858902187720292,0.5937789529450344,0.5664717961923246,0.5695059247204034,17205690.0,327530560.0
2019-09-11,0.5743605303653295,0.5828560902439505,0.5494806764350828,0.5619206034002062,16328460.0,305075808.0
2019-09-12,0.5585830620193195,0.5643479062226694,0.5516045664047381,0.5564591720496642,10122530.0,185855920.0
2019-09-16,0.5579762363137037,0.5688990990147876,0.5473567864654276,0.5561557591968563,12314837.0,226416576.0
2019-09-17,0.5549421077856248,0.5552455206384327,0.5376475751755753,0.5458397222013882,9937278.0,178291232.0
2019-09-18,0.5479636121710434,0.5522113921103539,0.5343100337946886,0.5470533736126199,9122500.0,163262784.0
2019-09-19,0.5464465479070041,0.5685956861619796,0.5434124193789251,0.5685956861619796,12980369.0,238513248.0
2019-09-20,0.5728434661012901,0.5728434661012901,0.5485704378766592,0.5506943278463143,11824486.0,218722912.0
2019-09-23,0.54128852940927,0.5485704378766592,0.5212632811239494,0.543715832231733,10440936.0,183940128.0
2019-09-24,0.5434124193789251,0.5576728234608958,0.5400748779980384,0.5403782908508462,8010875.0,145001408.0
2019-09-25,0.5340066209418807,0.5446260707901567,0.5218701068295651,0.5239939967992203,7650230.0,133728872.0
2019-09-26,0.5246008225048361,0.5324895566778413,0.4945629500768554,0.5124643083925207,8670882.0,145468864.0
2019-09-27,0.5082165284532103,0.5203530425655257,0.5012380328386289,0.5088233541588261,6885200.0,115859840.0
2019-09-30,0.5076097027475945,0.5185325654486784,0.4960800143408948,0.4969902528993184,5239930.0,87424544.0
2019-10-08,0.4975970786049342,0.5070028770419788,0.48728104160946606,0.49395612437123965,4834092.0,79065840.0
2019-10-09,0.4945629500768554,0.5030585099554762,0.4887981058735055,0.5021482713970525,4500800.0,73898160.0
2019-10-10,0.5000243814273974,0.5085199413060182,0.49911414286897365,0.506092638483555,5747472.0,95523416.0
2019-10-11,0.5073062898947865,0.5185325654486784,0.506092638483555,0.5070028770419788,7165672.0,120810656.0
2019-10-14,0.5094301798644418,0.5182291525958704,0.5057892256307472,0.514588198362176,6656400.0,112517280.0
2019-10-15,0.509126767011634,0.5127677212453285,0.49304588581281594,0.5000243814273974,5075276.0,83653808.0
2019-10-16,0.4994175557217816,0.5051823999251314,0.49031517013754494,0.4906185829903529,4698500.0,76970656.0
2019-10-17,0.4918322344015844,0.49911414286897365,0.48181961025892417,0.490011757284737,4243600.0,68702168.0
2019-10-18,0.4887981058735055,0.4936527115184317,0.4672557933241456,0.4696830961466087,6910288.0,108572560.0
2019-10-21,0.4672557933241456,0.468772857588185,0.4596704720039484,0.46391825194325875,3919500.0,59898800.0
2019-10-22,0.46634555476572187,0.48151619740611623,0.4654353162072982,0.4803025459948847,6132378.0,95993848.0
2019-10-23,0.48424691308138723,0.4845503259341951,0.4702899218522244,0.47484111464434275,3876396.0,61028952.0
2019-10-24,0.47514452749715064,0.47969572028926893,0.4627046005320273,0.4657387290601061,5182200.0,80234200.0
2019-10-25,0.46786261902976134,0.4696830961466087,0.4478373707444408,0.4620977748264115,9662245.0,146086832.0
2019-10-28,0.4627046005320273,0.4839435002285793,0.4624011876792194,0.48151619740611623,8367378.0,131376800.0
2019-10-29,0.4836400873757714,0.4839435002285793,0.45390562780059857,0.45390562780059857,11555408.0,177118464.0
2019-10-30,0.4666489676185298,0.4933492986656239,0.4611875362679878,0.4760547660555743,15154371.0,238820816.0
2019-10-31,0.47666159176119005,0.49122540869596865,0.4727172246746875,0.4799991331420768,12735212.0,203038704.0
2019-11-01,0.47848206887803735,0.48697762875665823,0.4733240503803033,0.48546056449261876,9725654.0,154260928.0
2019-11-04,0.490011757284737,0.5018448585442447,0.48121278455330835,0.5012380328386289,14818614.0,240482368.0
2019-11-05,0.4975970786049342,0.5503909149935066,0.49486636292966324,0.5367373366171516,20554640.0,346468384.0
2019-11-06,0.5249042353576441,0.549177263582275,0.5112506569812891,0.514284785509368,24195902.0,422209088.0
2019-11-07,0.5121608955397128,0.5124643083925207,0.5006312071330131,0.5094301798644418,9540930.0,159156224.0
2019-11-08,0.5118574826869049,0.5148916112149837,0.5000243814273974,0.5000243814273974,8204926.0,137572448.0
2019-11-11,0.4933492986656239,0.4994175557217816,0.47180698611626387,0.47241381182187964,10514990.0,166526928.0
2019-11-12,0.47453770179153487,0.48637080305104247,0.46300801338483516,0.48121278455330835,7544930.0,118166960.0
2019-11-13,0.4775718303196137,0.4866742159038503,0.47484111464434275,0.48090937170050047,5468600.0,86764272.0
2019-11-14,0.4845503259341951,0.4936527115184317,0.4760547660555743,0.49031517013754494,6405630.0,102550200.0
2019-11-15,0.490011757284737,0.4969902528993184,0.4803025459948847,0.4803025459948847,6746780.0,108758720.0
2019-11-18,0.484853738787003,0.4878878673150818,0.4754479403499585,0.4806059588476926,4951730.0,78548352.0
2019-11-19,0.4790888945836531,0.4933492986656239,0.47362746323311117,0.4933492986656239,5940565.0,94958680.0
2019-11-20,0.49213564725439224,0.49213564725439224,0.47969572028926893,0.4806059588476926,5612341.0,89875384.0
2019-11-21,0.47666159176119005,0.48121278455330835,0.47211039896907175,0.47362746323311117,4128489.0,64697532.0
2019-11-22,0.4763581789083821,0.4806059588476926,0.45693975632867745,0.4581534077399089,5946000.0,91518176.0
2019-11-25,0.4608841234151799,0.4608841234151799,0.4387349851602042,0.44480324221636197,5499324.0,80849904.0
2019-11-26,0.44480324221636197,0.44996126071409603,0.4429827650995146,0.4441964165107462,2594400.0,38134812.0
2019-11-27,0.4441964165107462,0.4536022149477906,0.4372179208961648,0.44996126071409603,4109300.0,60792688.0
2019-11-28,0.44935443500848027,0.46786261902976134,0.4490510221556724,0.46300801338483516,6102800.0,92636312.0
2019-11-29,0.45754658203429316,0.47120016041064805,0.45754658203429316,0.4627046005320273,4418000.0,67717656.0
2019-12-02,0.46179436197360363,0.47696500461399793,0.46179436197360363,0.4699865089994165,4873772.0,75697496.0
2019-12-03,0.46786261902976134,0.48424691308138723,0.466042141912914,0.4836400873757714,6031972.0,94827184.0
2019-12-04,0.4806059588476926,0.4851571516398109,0.47666159176119005,0.47969572028926893,4416896.0,70010432.0
2019-12-05,0.48272984881734776,0.492742472960008,0.48272984881734776,0.48606739019823453,6233065.0,100149488.0
2019-12-06,0.48819128016788976,0.4933492986656239,0.4836400873757714,0.4897083444319292,5102530.0,82163584.0
2019-12-09,0.4897083444319292,0.4966868400465106,0.48303326167015564,0.48728104160946606,4966075.0,80098528.0
2019-12-10,0.48849469302069765,0.4915288215487765,0.4790888945836531,0.48940493157912124,5495100.0,87949536.0
2019-12-11,0.4878878673150818,0.49395612437123965,0.4824264359645399,0.48424691308138723,4172378.0,67031616.0
2019-12-12,0.4857639773454267,0.5130711340981364,0.48424691308138723,0.5039687485138998,11405486.0,188208464.0
2019-12-13,0.49911414286897365,0.5036653356610921,0.4933492986656239,0.5003277942802051,7943201.0,130166888.0
2019-12-16,0.5006312071330131,0.5164086754790232,0.49820390431055006,0.5154984369205995,9450221.0,158736064.0
2019-12-17,0.5148916112149837,0.51974621685991,0.5070028770419788,0.5127677212453285,8184075.0,138228448.0
2019-12-18,0.5133745469509444,0.5188359783014863,0.5109472441284812,0.5185325654486784,8187700.0,138945440.0
2019-12-19,0.5188359783014863,0.5191393911542942,0.5097335927172497,0.514284785509368,6604711.0,112008672.0
2019-12-20,0.5136779598037522,0.5158018497734075,0.5030585099554762,0.5036653356610921,6418600.0,107622872.0
2019-12-23,0.4975970786049342,0.4994175557217816,0.487584454462274,0.487584454462274,5403663.0,87880384.0
2019-12-24,0.490011757284737,0.5000243814273974,0.4887981058735055,0.49911414286897365,3798760.0,61927320.0
2019-12-25,0.5000243814273974,0.5361305109115359,0.4979004914577421,0.5252076482104518,15280830.0,263947680.0
2019-12-26,0.5776980717462163,0.5776980717462163,0.5776980717462163,0.5776980717462163,6498875.0,123738576.0
2019-12-27,0.6353465137797148,0.6353465137797148,0.6007574485596158,0.6156246783472021,57080536.0,1173958144.0
2019-12-30,0.6614400191211931,0.6617434319740009,0.5977233200315368,0.6019710999708473,48324472.0,1010562496.0
2019-12-31,0.5965096686203053,0.6226031739617836,0.5780014845990242,0.5792151360102558,34007184.0,669168192.0
2020-01-02,0.5874072830360687,0.6371669908965621,0.5874072830360687,0.6371669908965621,25633332.0,517449504.0
2020-01-03,0.6608331934155773,0.7008836899862184,0.6505171564201092,0.7008836899862184,28183252.0,628109824.0
2020-01-06,0.7709720589848402,0.7709720589848402,0.7709720589848402,0.7709720589848402,2204063.0,56005240.0
2020-01-07,0.8480389235980433,0.8480389235980433,0.8346887580744964,0.8480389235980433,22556340.0,630405376.0
2020-01-08,0.8632095662384377,0.9299603938561728,0.8198215282869099,0.8328682809576491,76968520.0,2187324416.0
2020-01-09,0.8501628135676986,0.8635129790912457,0.7594423705781405,0.7773437288938059,50074016.0,1322871168.0
2020-01-10,0.7670276918983376,0.7973689771791264,0.7585321320197168,0.7600491962837562,31531888.0,806915072.0
2020-01-13,0.7785573803050373,0.814360096936368,0.7655106276342982,0.811932794113905,35815888.0,939639872.0
2020-01-14,0.8085952527330181,0.8431843179531172,0.7837153988027714,0.7897836558589292,36692448.0,986282752.0
2020-01-15,0.7724891232488796,0.7773437288938059,0.7269771953276967,0.7585321320197168,24844584.0,614606912.0
2020-01-16,0.7515536364051354,0.7779505545994215,0.7412375994096673,0.7642969762230667,17761996.0,447141856.0
2020-01-17,0.763083324811835,0.7752198389241506,0.7400239479984357,0.7409341865568594,13853971.0,344360256.0
2020-01-20,0.7409341865568594,0.763386737664643,0.7212123511243468,0.7527672878163669,17762568.0,437586560.0
2020-01-21,0.7615662605477957,0.8186078768756784,0.7558014163444459,0.7834119859499635,23181784.0,606876864.0
2020-01-22,0.7803778574218846,0.8616925019743983,0.7737027746601112,0.8616925019743983,17250384.0,472052416.0
2020-01-23,0.9102385584236602,0.9478617521718381,0.8798972731428715,0.8981020443113448,42667344.0,1304394368.0
2020-02-03,0.8082918398802102,0.8082918398802102,0.8082918398802102,0.8082918398802102,2960500.0,78867720.0
2020-02-04,0.7679379304567613,0.8838416402293741,0.7679379304567613,0.8686709975889797,32372588.0,902533760.0
2020-02-05,0.9035634756618867,0.9460412750549908,0.811932794113905,0.8192147025812941,39318828.0,1148051968.0
2020-02-06,0.7615662605477957,0.8404536022778462,0.7433614893793224,0.827710262459915,33249520.0,860465984.0
2020-02-07,0.8101123169970575,0.8128430326723285,0.7758266646297663,0.7894802430061213,22618148.0,592616448.0
2020-02-10,0.7909973072701607,0.8271034367542993,0.7812880959803084,0.8192147025812941,20172128.0,536827296.0
2020-02-11,0.8192147025812941,0.8192147025812941,0.7718822975432639,0.8016167571184368,15611981.0,412718528.0
2020-02-12,0.7979758028847421,0.8495559878620829,0.7818949216859241,0.8380262994553832,21937112.0,587027136.0
2020-02-13,0.8271034367542993,0.83559899663292,0.7979758028847421,0.8137532712307523,18690836.0,502862656.0
2020-02-14,0.8189112897284863,0.8935508515192264,0.8176976383172547,0.8626027405328219,24366534.0,685107072.0
2020-02-17,0.8626027405328219,0.8923372001079949,0.8495559878620829,0.8889996587271082,21724516.0,625015104.0
2020-02-18,0.8802006859956795,0.9220716596831677,0.8802006859956795,0.8993156957225763,21970872.0,650125504.0
2020-02-19,0.9090249070124287,0.9360286509123306,0.8495559878620829,0.8498594007148907,24285648.0,712384576.0
2020-02-20,0.8583549605935116,0.8638163919440535,0.8237658953734124,0.8510730521261223,17370024.0,482099520.0
2020-02-21,0.8389365380138067,0.8656368690609009,0.8328682809576491,0.8577481348878958,16465830.0,461929248.0
2020-02-24,0.8495559878620829,0.9044737142203103,0.827710262459915,0.9008327599866157,22543676.0,647480448.0
2020-02-25,0.8741324289395216,0.8871791816102608,0.8131464455251365,0.8692778232945955,23669706.0,671764096.0
2020-02-26,0.830440978135186,0.8422740793946936,0.7825017473915399,0.7825017473915399,20290654.0,541816128.0
2020-02-27,0.7812880959803084,0.7885700044476975,0.7336522780894701,0.7567116549028695,12176432.0,304805376.0
2020-02-28,0.7011871028390262,0.7242464796524256,0.6908710658435581,0.6923881301075975,12148176.0,282829184.0
2020-03-02,0.7145372683625733,0.7536775263747906,0.7033109928086815,0.7372932323231648,11058621.0,265784208.0
2020-03-03,0.7597457834309483,0.779467618863461,0.7306181495613912,0.7397205351456279,10882257.0,271105280.0
2020-03-04,0.7224260025355782,0.7391137094400121,0.7078621856007997,0.7330454523838543,6437084.0,153977888.0
2020-03-05,0.7548911777860221,0.7582287191669089,0.7251567182108493,0.7400239479984357,7696590.0,187582720.0
2020-03-06,0.7266737824748887,0.7476092693186329,0.720302112565923,0.7400239479984357,5578328.0,135722368.0
2020-03-09,0.7385068837343963,0.7385068837343963,0.6917813044019817,0.6923881301075975,7738040.0,181930384.0
2020-03-10,0.6769140746143952,0.7251567182108493,0.6769140746143952,0.7248533053580414,7460424.0,174077600.0
2020-03-11,0.7287976724445439,0.7433614893793224,0.7048280570727209,0.7054348827783367,6890000.0,164988944.0
2020-03-12,0.6863198730514398,0.7108963141288785,0.6781277260256269,0.6899608272851344,5679250.0,129167184.0
2020-03-13,0.6496069178616855,0.7099860755704549,0.6493035050088776,0.7039178185142971,8575418.0,191204880.0
2020-03-16,0.707255359895184,0.7121099655401101,0.6335260366628674,0.6335260366628674,11530694.0,251059840.0
2020-03-17,0.6371669908965621,0.6471796150392224,0.5977233200315368,0.6232099996673993,7996431.0,163175872.0
2020-03-18,0.6341328623684832,0.645662550775183,0.605308641351734,0.605308641351734,6222821.0,128751024.0
2020-03-19,0.6092530084382365,0.6219963482561678,0.5980267328843447,0.6177485683168573,6990984.0,141053456.0
2020-03-20,0.6383806423077937,0.6438420736583356,0.6144110269359706,0.6192656325808968,5527991.0,113629344.0
2020-03-23,0.5983301457371526,0.6095564212910445,0.5719332275428666,0.5801253745686794,6431221.0,125225488.0
2020-03-24,0.5928687143866106,0.6031847513820788,0.5588864748721274,0.583766328802374,5850698.0,112250032.0
2020-03-25,0.6022745128236552,0.6180519811696653,0.5980267328843447,0.608342769879813,7238111.0,144925216.0
2020-03-26,0.6138042012303548,0.6141076140831627,0.5949926043562659,0.5962062557674974,4888600.0,97207112.0
2020-03-27,0.602881338529271,0.6086461827326207,0.5822492645383347,0.5822492645383347,4377500.0,86086528.0
2020-03-30,0.5725400532484822,0.5822492645383347,0.5461431350541961,0.5613137776945905,5330500.0,98394904.0
2020-03-31,0.5710229889844428,0.5755741817765611,0.5485704378766592,0.551907979257546,4350300.0,80273472.0
2020-04-01,0.5546386949328169,0.5728434661012901,0.5497840892878908,0.5579762363137037,5265880.0,97686664.0
2020-04-02,0.5616171905473983,0.5855868059192214,0.5567625849024722,0.5855868059192214,6373847.0,120225912.0
2020-04-03,0.5898345858585319,0.5965096686203053,0.5743605303653295,0.5789117231574479,5548100.0,107007072.0
2020-04-07,0.5928687143866106,0.5983301457371526,0.5880141087416845,0.5952960172090738,6642600.0,129829696.0
2020-04-08,0.5928687143866106,0.6034881642348867,0.5861936316248372,0.6010608614124235,5061701.0,99672384.0
2020-04-09,0.6022745128236552,0.6098598341438524,0.5986335585899605,0.6013642742652315,4166400.0,82831000.0
2020-04-10,0.6025779256764631,0.6031847513820788,0.5728434661012901,0.5789117231574479,4748050.0,91446912.0
2020-04-13,0.5755741817765611,0.5810356131271031,0.5552455206384327,0.5613137776945905,3979700.0,74161488.0
2020-04-14,0.5719332275428666,0.6174451554640495,0.5719332275428666,0.6174451554640495,6564500.0,130462352.0
2020-04-15,0.6462693764807987,0.6793413774368584,0.6380772294549858,0.669328753294198,22595618.0,498953568.0
2020-04-16,0.6408079451302569,0.6972427357525237,0.6408079451302569,0.6735765332335085,23702932.0,525101184.0
2020-04-17,0.6726662946750849,0.7045246442199129,0.6629570833852325,0.6629570833852325,15676435.0,352002176.0
2020-04-20,0.6605297805627693,0.6857130473458241,0.6568888263290747,0.6644741476492719,10156996.0,223727888.0
2020-04-21,0.6644741476492719,0.6644741476492719,0.6435386608055278,0.6553717620650353,7935625.0,170493360.0
2020-04-22,0.642628422247104,0.6608331934155773,0.6395942937190252,0.6538546978009959,7429806.0,159265200.0
2020-04-23,0.656282000623459,0.656282000623459,0.6283680181651334,0.6298850824291728,7417106.0,156153440.0
2020-04-24,0.6365601651909464,0.6447523122167593,0.6077359441741972,0.6104666598494681,6550734.0,134367152.0
2020-04-27,0.6131973755247391,0.6259407153426703,0.6031847513820788,0.6238168253730151,6076656.0,123791448.0
2020-04-28,0.6332226238100597,0.6341328623684832,0.5871038701832608,0.6195690454337047,8558872.0,173362432.0
2020-04-29,0.6365601651909464,0.6814652674065136,0.6359533394853306,0.6814652674065136,7988750.0,175162976.0
2020-04-30,0.7218191768299625,0.7497331592882881,0.7139304426569575,0.7497331592882881,16095418.0,391512768.0
2020-05-06,0.7570150677556774,0.7919075458285844,0.731224975267007,0.7733993618073032,26727142.0,671858816.0
2020-05-07,0.7615662605477957,0.7964587386207027,0.7548911777860221,0.7594423705781405,21256094.0,542874624.0
2020-05-08,0.7600491962837562,0.7882665915948898,0.7600491962837562,0.7664208661927219,16257786.0,412713056.0
2020-05-11,0.7703652332792245,0.7961553257678947,0.7624764991062193,0.774006187512919,12930164.0,331025056.0
2020-05-12,0.763083324811835,0.7733993618073032,0.7454853793489777,0.7618696734006035,11895000.0,297476000.0
2020-05-13,0.7646003890758746,0.7646003890758746,0.73941712229282,0.7494297464354802,8968100.0,221488240.0
2020-05-14,0.7494297464354802,0.7518570492579434,0.731224975267007,0.736382993764741,8398530.0,205194736.0
2020-05-15,0.7409341865568594,0.7615662605477957,0.7327420395310464,0.744878553643362,12591918.0,311199904.0
2020-05-18,0.7375966451759726,0.7451819664961697,0.7069519470423761,0.7209089382715389,14157522.0,339413536.0
2020-05-19,0.7375966451759726,0.760656021989372,0.7306181495613912,0.7539809392275986,12198078.0,301159808.0
2020-05-20,0.7506433978467117,0.7521604621107512,0.7245498925052335,0.7309215624141991,10165285.0,247301040.0
2020-05-21,0.736686406617549,0.7397205351456279,0.6978495614581395,0.6978495614581395,8047300.0,189798144.0
2020-05-22,0.7130202040985338,0.7646003890758746,0.6984563871637552,0.7014905156918342,16256100.0,388730880.0
2020-05-25,0.7075587727479918,0.7333488652366623,0.6814652674065136,0.701793928544642,13105305.0,305886528.0
2020-05-26,0.7054348827783367,0.7400239479984357,0.6978495614581395,0.7333488652366623,14117583.0,337289952.0
2020-05-27,0.7321352138254307,0.7336522780894701,0.7014905156918342,0.701793928544642,11109623.0,261707952.0
2020-05-28,0.6996700385749868,0.7057382956311445,0.6690253404413903,0.6854096344930161,9965800.0,225025760.0
2020-05-29,0.6869266987570556,0.70209734139745,0.6823755059649372,0.6902642401379423,6220035.0,141908480.0
2020-06-01,0.6972427357525237,0.7379000580287806,0.6957256714884843,0.7342591037950859,10718797.0,255804512.0
2020-06-02,0.7482160950242487,0.7676345176039534,0.7382034708815883,0.7427546636737067,13397435.0,331715712.0
2020-06-03,0.7430580765265146,0.7524638749635592,0.7251567182108493,0.7318318009726228,8834000.0,213972752.0
2020-06-04,0.7351693423535095,0.757925306314101,0.7351693423535095,0.7403273608512436,10336527.0,254086544.0
2020-06-05,0.7421478379680909,0.7470024436130172,0.7239430667996177,0.7342591037950859,9171590.0,222463520.0
2020-06-08,0.7385068837343963,0.744878553643362,0.7190884611546915,0.7221225896827704,6490700.0,156259856.0
2020-06-09,0.744878553643362,0.7943348486510474,0.744878553643362,0.7828051602443478,21414584.0,550697344.0
2020-06-10,0.768544756162377,0.7828051602443478,0.7463956179074014,0.7470024436130172,16945480.0,424877280.0
2020-06-11,0.7764334903353821,0.8004031057072052,0.7618696734006035,0.7667242790455298,20584282.0,529346656.0
2020-06-12,0.7551945906388301,0.7554980034916379,0.7297079110029676,0.7357761680591253,16275400.0,397581568.0
2020-06-15,0.723336241094002,0.7245498925052335,0.699063212869371,0.6993666257221789,12407695.0,289727616.0
2020-06-16,0.7078621856007997,0.71787480974346,0.7051314699255287,0.7160543326266127,7664981.0,179725600.0
2020-06-17,0.7130202040985338,0.720302112565923,0.6978495614581395,0.7115031398344943,6891324.0,160305904.0
2020-06-18,0.7102894884232628,0.7269771953276967,0.7048280570727209,0.7245498925052335,8295795.0,196874432.0
2020-06-19,0.7315283881198149,0.7397205351456279,0.7239430667996177,0.7297079110029676,7690395.0,185386784.0
2020-06-22,0.731224975267007,0.7567116549028695,0.731224975267007,0.7564082420500616,10232000.0,251580720.0
2020-06-23,0.7551945906388301,0.7554980034916379,0.7360795809119333,0.7463956179074014,7217301.0,176982944.0
2020-06-24,0.7466990307602093,0.7570150677556774,0.7415410122624752,0.7536775263747906,7060905.0,174465536.0
2020-06-29,0.7433614893793224,0.744575140790554,0.7263703696220809,0.7275840210333124,6278100.0,151707616.0
2020-06-30,0.7333488652366623,0.7639935633702588,0.7330454523838543,0.7521604621107512,9615400.0,238380192.0
2020-07-01,0.7779505545994215,0.787356353036466,0.7388102965872042,0.7521604621107512,13629600.0,343139328.0
2020-07-02,0.7509468106995196,0.763386737664643,0.744878553643362,0.760656021989372,9098800.0,226390528.0
2020-07-03,0.7682413433095692,0.787356353036466,0.7624764991062193,0.7806812702746926,12480327.0,318804512.0
2020-07-06,0.7943348486510474,0.8349921709273043,0.7767369031881901,0.8231590696677966,15311809.0,405394816.0
2020-07-07,0.8349921709273043,0.8586583734463195,0.8192147025812941,0.8368126480441516,16144567.0,447034464.0
2020-07-08,0.8313512166936096,0.8483423364508513,0.8252829596374519,0.8395433637194226,12089312.0,332243584.0
2020-07-09,1.005081909631457,1.0239688578227628,0.9965642663294954,1.0110072267110823,14272539.0,389001984.0
2020-07-10,1.0106368943936057,1.0106368943936057,0.9750849919158533,0.9921202785197764,12034123.0,323337632.0
2020-07-13,1.0087852328062228,1.0406338121092094,1.0006379218217378,1.0369304889344433,13020884.0,359940352.0
2020-07-14,1.0317458364897711,1.0472997938237878,0.9932312754722061,1.0154512145208014,11404334.0,314130592.0
2020-07-15,1.0213765316004266,1.028412845632482,0.9554573790895943,0.9636046900740791,12870018.0,341031552.0
2020-07-16,0.9680486778837982,0.9776773181381894,0.8991668668331531,0.8999075314681062,9708199.0,245799248.0
2020-07-17,0.9010185284205359,0.9128691625797867,0.8847239064515662,0.8932415497535277,6692900.0,162122144.0
2020-07-20,0.905462516230255,0.9154614888021229,0.8817612479117534,0.9143504918496932,7005681.0,170614928.0
2020-07-21,0.9191648119768887,0.9236087997866078,0.8976855375632466,0.916202153437076,5750725.0,141883264.0
2020-07-22,0.9147208241671697,0.9254604613739906,0.8999075314681062,0.9069438455001613,5711826.0,140909040.0
2020-07-23,0.9065735131826848,0.9065735131826848,0.8676886198476431,0.8976855375632466,6609506.0,158357104.0
2020-07-24,0.8884272296263319,0.9062031808652081,0.8254707356553123,0.8339883789572737,7852374.0,182800080.0
2020-07-27,0.839173031401946,0.8473203423864308,0.8154717630834444,0.8399136960368991,4435507.0,100065736.0
2020-07-28,0.8417653576242821,0.8558379856883923,0.8406543606718523,0.8532456594660562,3546400.0,81444024.0
2020-07-29,0.848061007021384,0.8765765954670813,0.848061007021384,0.8728732722923154,3989010.0,93179792.0
2020-07-30,0.875835930832128,0.8817612479117534,0.8576896472757753,0.865096293625307,4571700.0,106970760.0
2020-07-31,0.8739842692447451,0.8917602204836212,0.869540281435026,0.8750952661971748,4760500.0,112956048.0
2020-08-03,0.8806502509593237,0.8973152052457701,0.8773172601020345,0.894722879023434,4459551.0,107092904.0
2020-08-04,0.8887975619438087,0.8980558698807233,0.8769469277845579,0.8799095863243706,4494000.0,107299592.0
2020-08-05,0.9147208241671697,0.9147208241671697,0.8887975619438087,0.8910195558486681,5464622.0,132408600.0
2020-08-06,0.8910195558486681,0.8910195558486681,0.8673182875301666,0.8780579247369876,5340867.0,126474472.0
2020-08-07,0.875835930832128,0.8773172601020345,0.8428763545767118,0.8687996168000729,4864246.0,113103216.0
2020-08-10,0.8658369582602602,0.877687592419511,0.8573193149582986,0.8710216107049324,2896768.0,67824864.0
2020-08-11,0.8628742997204475,0.8736139369272685,0.8517643301961499,0.854356656418486,3401889.0,79580984.0
2020-08-12,0.8506533332437201,0.8547269887359625,0.8232487417504527,0.8454686807990479,3637416.0,82078816.0
2020-08-13,0.8539863241010094,0.8802799186418471,0.8517643301961499,0.8528753271485797,3623168.0,84507456.0
2020-08-14,0.8495423362912904,0.8791689216894173,0.8410246929893289,0.8754655985146514,4194423.0,97615440.0
2020-08-17,0.8728732722923154,0.8921305528010979,0.8628742997204475,0.890278891213715,4778490.0,113939848.0
2020-08-18,0.894722879023434,0.8995371991506296,0.8817612479117534,0.8854645710865193,3081640.0,73766856.0
2020-08-19,0.8810205832768002,0.8813909155942768,0.858059979593252,0.8602819734981114,3254500.0,76523440.0
2020-08-20,0.8569489826408222,0.8725029399748387,0.8447280161640948,0.8621336350854943,3162892.0,73244416.0
2020-08-21,0.8625039674029709,0.8936118820710042,0.8625039674029709,0.8921305528010979,4971733.0,118087080.0
2020-08-24,0.8925008851185745,0.9165724857545526,0.8676886198476431,0.911758165627357,6337485.0,153407392.0
2020-08-25,0.8999075314681062,0.903610854642872,0.8832425771816599,0.8862052357214725,6029590.0,144979456.0
2020-08-26,0.8862052357214725,0.8950932113409107,0.8469500100689543,0.8510236655611968,4837023.0,113003688.0
2020-08-27,0.8525049948311031,0.8662072905777368,0.8388026990844694,0.8621336350854943,3785082.0,87169248.0
2020-08-28,0.8591709765456816,0.8702809460699793,0.8499126686087669,0.863244632037924,2382881.0,55269996.0
2020-08-31,0.8665776228952133,0.8721326076573622,0.8569489826408222,0.8573193149582986,3041152.0,71004104.0
2020-09-01,0.8595413088631583,0.8721326076573622,0.8499126686087669,0.8702809460699793,3113517.0,72635144.0
2020-09-02,0.869540281435026,0.885834903403996,0.8665776228952133,0.8802799186418471,3567499.0,84544776.0
2020-09-03,0.8773172601020345,0.8799095863243706,0.8684292844825963,0.8721326076573622,2374800.0,55957420.0
2020-09-04,0.8573193149582986,0.8850942387690427,0.8521346625136266,0.8799095863243706,2366700.0,55931232.0
2020-09-07,0.8869459003564256,0.8880568973088554,0.8702809460699793,0.8780579247369876,3218075.0,76571600.0
2020-09-08,0.8843535741340895,0.8843535741340895,0.8547269887359625,0.8739842692447451,2779300.0,65178172.0
2020-09-09,0.8621336350854943,0.875835930832128,0.837321369814563,0.8569489826408222,3337146.0,77317408.0
2020-09-10,0.8621336350854943,0.8725029399748387,0.8517643301961499,0.8558379856883923,2636200.0,61305480.0
2020-09-11,0.8488016716563372,0.8621336350854943,0.8488016716563372,0.854356656418486,1594200.0,36823528.0
2020-09-14,0.8591709765456816,0.8610226381330646,0.8491720039738138,0.8573193149582986,1464500.0,33848644.0
2020-09-15,0.8558379856883923,0.869540281435026,0.8473203423864308,0.86694795521269,1917231.0,44658236.0
2020-09-16,0.865096293625307,0.890278891213715,0.8591709765456816,0.8850942387690427,3699091.0,87997608.0
2020-09-17,0.8847239064515662,0.903610854642872,0.8739842692447451,0.8910195558486681,4067935.0,97930048.0
2020-09-18,0.896574540610817,0.9091658394050209,0.8813909155942768,0.8932415497535277,3196753.0,76866120.0
2020-09-21,0.8943525467059573,0.905462516230255,0.885834903403996,0.8999075314681062,2871169.0,69618712.0
2020-09-22,0.8943525467059573,0.896574540610817,0.877687592419511,0.8825019125467065,2232300.0,53578440.0
2020-09-23,0.8921305528010979,0.8958338759758638,0.8817612479117534,0.8913898881661447,1817225.0,43643684.0
2020-09-24,0.8832425771816599,0.9091658394050209,0.88213158022923,0.8925008851185745,3421034.0,82823312.0
2020-09-25,0.8943525467059573,0.8999075314681062,0.8610226381330646,0.8799095863243706,3062010.0,72478960.0
2020-09-28,0.8647259613078305,0.8787985893719408,0.8554676533709158,0.8702809460699793,2134965.0,49942540.0
2020-09-29,0.8658369582602602,0.9387924248031478,0.8636149643554007,0.9187944796594121,7366693.0,181289328.0
2020-09-30,0.9262011260089439,0.9321264430885693,0.903610854642872,0.9110175009924039,3274155.0,80756608.0
2020-10-09,0.9299044491837097,0.9465694034701562,0.9187944796594121,0.9447177418827732,6251350.0,157919552.0
2020-10-12,0.9524947205497815,0.9565683760420239,0.9369407632157649,0.9513837235973518,5003245.0,127716736.0
2020-10-13,0.94397707724782,0.94397707724782,0.9328671077235224,0.9369407632157649,3459766.0,87393680.0
2020-10-14,0.9328671077235224,0.950272726644922,0.9154614888021229,0.9436067449303435,4467099.0,112574256.0
2020-10-15,0.9421254156604372,0.9432364126128668,0.9191648119768887,0.9199054766118419,2385252.0,59885156.0
2020-10-16,0.9191648119768887,0.9247197967390375,0.8969448729282935,0.9028701900079189,2805424.0,68598144.0
2020-10-19,0.9084251747700678,0.9136098272147399,0.8854645710865193,0.892871217436051,2522400.0,60992948.0
2020-10-20,0.8873162326739022,0.8999075314681062,0.8795392540068939,0.8987965345156764,1906800.0,45853716.0
2020-10-21,0.8995371991506296,0.9002778637855827,0.8728732722923154,0.8765765954670813,2318440.0,55107984.0
2020-10-22,0.8736139369272685,0.8917602204836212,0.8602819734981114,0.8884272296263319,2001458.0,47548928.0
2020-10-23,0.8925008851185745,0.8950932113409107,0.8706512783874559,0.8739842692447451,1444135.0,34398728.0
2020-10-26,0.8836129094991364,0.8836129094991364,0.865096293625307,0.8754655985146514,1868730.0,44082428.0
2020-10-27,0.8702809460699793,0.890278891213715,0.8613929704505412,0.8869459003564256,1924300.0,45536144.0
2020-10-28,0.8880568973088554,0.8954635436583872,0.8736139369272685,0.8954635436583872,1768916.0,42376808.0
2020-10-29,0.8817612479117534,0.8943525467059573,0.8769469277845579,0.8876865649913788,1414800.0,33868448.0
2020-10-30,0.8873162326739022,0.9013888607380125,0.8743546015622217,0.8954635436583872,3119740.0,74998600.0
2020-11-02,0.8754655985146514,0.9221274705167014,0.8617633027680177,0.9139801595322165,4041504.0,97978384.0
2020-11-03,0.9217571381992249,0.9613826961692197,0.9213868058817483,0.9410144187080074,6043288.0,154165056.0
2020-11-04,0.947680400422586,0.9506430589623986,0.9299044491837097,0.9365704308982883,2830900.0,71708672.0
2020-11-05,0.9406440863905308,0.9499023943274454,0.9269417906438971,0.9424957479779137,4153483.0,105615984.0
2020-11-06,0.962864025439126,1.0369304889344433,0.962864025439126,1.0369304889344433,15106490.0,417854368.0
2020-11-09,1.0813703670316337,1.133216891478356,1.0565581017607024,1.1095156231598544,29002812.0,854227520.0
2020-11-10,1.089147345698642,1.103590306080229,1.048040458458741,1.0835923609364935,14670228.0,427321920.0
2020-11-11,1.073963720682102,1.1517335073521853,1.072112059094719,1.0906286749685485,15193529.0,456877888.0
2020-11-12,1.096553992048174,1.1369202146531219,1.0847033578889231,1.1284025713511603,11057269.0,331656160.0
2020-11-13,1.1224772542715349,1.2395022665941364,1.1224772542715349,1.19247006227461,17884276.0,574262464.0
2020-11-16,1.1939513915445163,1.2295032940222688,1.1813600927503123,1.1961733854493757,11558674.0,374190496.0
2020-11-17,1.1850634159250781,1.195803053131899,1.1306245652560198,1.1613621476065765,14934715.0,467745888.0
2020-11-18,1.1406235378278877,1.1928403945920865,1.1406235378278877,1.1758051079881635,6403386.0,202786032.0
2020-11-19,1.163584141511436,1.2295032940222688,1.1406235378278877,1.2180229921804944,8512004.0,273019552.0
2020-11-20,1.2095053488785328,1.2250593062125494,1.1532148366220918,1.2035800317989074,7536163.0,241927680.0
2020-11-23,1.2220966476727368,1.2332066171970344,1.1743237787182572,1.2080240196086265,5175089.0,168406384.0
2020-11-24,1.231725287927128,1.2709805135796464,1.1795084311629294,1.1913590653221802,8567600.0,282769984.0
2020-11-25,1.2058020257037672,1.2369099403718002,1.1724721171308743,1.182471089702742,5766300.0,185791056.0
2020-11-26,1.2043206964338609,1.2043206964338609,1.1517335073521853,1.1550664982094747,6784200.0,215484976.0
2020-11-27,1.1676577970036786,1.1691391262735848,1.116181604874433,1.1339575561133093,6535200.0,199625616.0
2020-11-30,1.1339575561133093,1.1765457726231165,1.1154409402394798,1.140253205510411,5366659.0,166297056.0
2020-12-01,1.1472895195424664,1.1750644433532103,1.1295135683035902,1.167287464686202,3419021.0,107031408.0
2020-12-02,1.1676577970036786,1.1961733854493757,1.1550664982094747,1.159140153701717,4284002.0,135220768.0
2020-12-03,1.1446971933201302,1.1587698213842403,1.1147002756045268,1.1324762268434028,5185228.0,158425648.0
2020-12-04,1.1380312116055515,1.1650654707813424,1.118773931096769,1.152844504304615,2917511.0,90311320.0
2020-12-07,1.1113672847472373,1.182471089702742,1.0754450499520083,1.163584141511436,6853542.0,211532688.0
2020-12-08,1.1539555012570448,1.2191339891329243,1.1391422085579814,1.2095053488785328,5464536.0,174974000.0
2020-12-09,1.188766739099844,1.2265406354824557,1.182471089702742,1.2024690348464777,4718232.0,154259488.0
2020-12-10,1.1935810592270395,1.210246013513486,1.173583114083304,1.1761754403056401,3296182.0,105949352.0
2020-12-11,1.1961733854493757,1.1961733854493757,1.1109969524297607,1.1398828731929345,3863187.0,119406600.0
2020-12-14,1.1317355622084495,1.1980250470367588,1.1298839006210668,1.190618400687227,3262397.0,103220440.0
2020-12-15,1.190618400687227,1.202098702529001,1.1535851689395682,1.19247006227461,3824103.0,122087968.0
2020-12-16,1.1850634159250781,1.1961733854493757,1.1632138091939594,1.1769161049405932,2760528.0,88084248.0
2020-12-17,1.1769161049405932,1.1769161049405932,1.1232179189064881,1.1558071628444277,4413903.0,136826304.0
2020-12-18,1.1665468000512489,1.1691391262735848,1.1165519371919095,1.1169222695093861,2543152.0,77665720.0
2020-12-21,1.1306245652560198,1.1306245652560198,1.0943319981433144,1.1232179189064881,3744067.0,112588232.0
2020-12-22,1.1228475865890115,1.133216891478356,1.0858143548413528,1.0906286749685485,2375549.0,71180824.0
2020-12-23,1.087295684111259,1.113589278652097,1.0654460773801406,1.0935913335083611,3258466.0,95743000.0
2020-12-24,1.073963720682102,1.0924803365559315,1.0584097633480853,1.0661867420150937,2446423.0,70778672.0
2020-12-25,1.058780095665562,1.0684087359199532,1.0080445681712695,1.0165622114732311,3985000.0,110883944.0
2020-12-28,1.0091555651236994,1.0228578608703331,0.9843432998527679,0.9943422724246359,2969276.0,80388176.0
2020-12-29,0.9939719401071593,1.0073039035363165,0.9576793729944537,0.9687893425187514,5638027.0,148397424.0
2020-12-30,0.9606420315342665,0.9787883150906193,0.9461990711526796,0.961012363851743,4860866.0,126191496.0
2020-12-31,0.9587903699468836,0.9869356260751041,0.9558277114070708,0.9687893425187514,2604166.0,68552840.0
2021-01-04,1.0387821505218264,1.0658164096976173,1.0387821505218264,1.0658164096976173,1338772.0,38265548.0
2021-01-05,1.0921100042384548,1.0961836597306973,0.95916070226436,0.9595310345818368,12665328.0,335299360.0
2021-01-06,0.9499023943274454,0.969159674836228,0.8647259613078305,0.9184241473419356,11393737.0,288154560.0
2021-01-07,0.9184241473419356,0.9276824552788503,0.8887975619438087,0.920646141246795,7237679.0,178521232.0
2021-01-08,0.9380517601681946,0.9850839644877213,0.9269417906438971,0.9480507327400626,7110348.0,183993344.0
2021-01-11,0.9369407632157649,0.981750973630432,0.9369407632157649,0.9599013668993134,5384578.0,139546032.0
2021-01-12,0.9473100681051093,0.9573090406769772,0.9195351442943652,0.9269417906438971,4040900.0,101545448.0
2021-01-13,0.9310154461361395,0.9528650528672582,0.9310154461361395,0.9365704308982883,3198278.0,81227608.0
2021-01-14,0.9369407632157649,0.9536057175022113,0.9147208241671697,0.9195351442943652,3742067.0,94208000.0
2021-01-15,0.9324967754060458,0.9324967754060458,0.8973152052457701,0.9199054766118419,2208338.0,54318928.0
2021-01-18,0.9373110955332414,0.9510133912798752,0.9239791321040843,0.9265714583264204,5416062.0,135963984.0
2021-01-19,0.9295341168662332,0.9465694034701562,0.877687592419511,0.88213158022923,7268322.0,178127904.0
2021-01-20,0.8728732722923154,0.9024998576904424,0.8539863241010094,0.9013888607380125,4269161.0,101191664.0
2021-01-21,0.9102768363574506,0.9202758089293186,0.8847239064515662,0.8865755680389491,3202128.0,77350512.0
2021-01-22,0.8869459003564256,0.8913898881661447,0.8573193149582986,0.8906492235311916,3343513.0,78943976.0
2021-01-25,0.8906492235311916,0.8910195558486681,0.8602819734981114,0.8684292844825963,2917634.0,68628640.0
2021-01-26,0.8628742997204475,0.9065735131826848,0.8554676533709158,0.8984262021981999,3798698.0,91106248.0
2021-01-27,0.9017591930554892,0.9065735131826848,0.8765765954670813,0.8825019125467065,2602565.0,62200464.0
2021-01-28,0.875835930832128,0.8762062631496047,0.8528753271485797,0.854356656418486,2047700.0,47626156.0
2021-01-29,0.8547269887359625,0.8750952661971748,0.7810308575581218,0.7851045130503642,5148591.0,112363816.0
2021-02-01,0.794362820987279,0.8299147234650313,0.7732538788911134,0.828433394195125,3273735.0,71833408.0
2021-02-02,0.8225080771154996,0.8376917021320397,0.815842095400921,0.83546970822718,1877600.0,41952304.0
2021-02-03,0.8465796777514777,0.8513939978786733,0.7936221563523258,0.796955147209615,2488649.0,54514288.0
2021-02-04,0.7891781685426067,0.8073244520989595,0.7373316440958846,0.7480712813027055,4862470.0,99010280.0
2021-02-05,0.7588109185095265,0.7739945435260666,0.7184446959045786,0.7232590160317743,3593400.0,71750680.0
2021-02-08,0.7358503148259783,0.7362206471434548,0.7102973849200936,0.7228886837142976,2078822.0,40632164.0
2021-02-09,0.7269623392065401,0.7388129733657909,0.7121490465074767,0.7362206471434548,1830000.0,36236588.0
2021-02-10,0.7462196197153226,0.754737263017284,0.7295546654288761,0.7510339398425183,1859602.0,37399632.0
2021-02-18,0.75844058619205,0.7847341807328877,0.7517746044774715,0.7765868697484027,1969130.0,41094668.0
2021-02-19,0.7747352081610199,0.7936221563523258,0.7639955709541988,0.7847341807328877,2658325.0,55806672.0
2021-02-22,0.8125091045436318,0.8128794368611083,0.7828825191455048,0.7851045130503642,2743001.0,58873024.0
2021-02-23,0.7769572020658794,0.7806605252406451,0.752144936794948,0.7591812508270032,2792421.0,57680292.0
2021-02-24,0.7565889246046671,0.7858451776853174,0.7406646349531738,0.7539965983823309,2975820.0,61227480.0
2021-02-25,0.7588109185095265,0.7628845740017691,0.7336283209211186,0.7347393178735484,3210831.0,64344480.0
2021-02-26,0.7221480190793444,0.7354799825085016,0.7040017355229918,0.7102973849200936,5855100.0,112882664.0
2021-03-01,0.7195556928570084,0.7536262660648544,0.71177871419,0.7495526105726119,4283370.0,85549144.0
2021-03-02,0.7495526105726119,0.7617735770493393,0.7258513422541104,0.7310359946987826,4188363.0,83199488.0
2021-03-03,0.7269623392065401,0.7391833056832675,0.7214073544443913,0.7347393178735484,3560425.0,70144128.0
2021-03-04,0.7339986532385953,0.7391833056832675,0.7065940617453278,0.7102973849200936,4055486.0,78579728.0
2021-03-05,0.7058533971103746,0.7332579886036421,0.6991874153957961,0.7265920068890636,3203118.0,62324240.0
2021-03-08,0.7284436684764465,0.7462196197153226,0.7051127324754215,0.7069643940628044,4569319.0,89282312.0
2021-03-09,0.7040017355229918,0.7069643940628044,0.6510442141238397,0.6536365403461759,8991873.0,162966784.0
2021-03-10,0.6621541836481374,0.6769674763472009,0.6388232476471124,0.6480815555840271,4974925.0,88488320.0
2021-03-11,0.6547475372986057,0.6577101958384184,0.6314166012975807,0.6469705586315972,5820524.0,101431640.0
2021-03-12,0.6469705586315972,0.6495628848539334,0.6266022811703851,0.6340089275199169,7149713.0,122445392.0
2021-03-15,0.6343792598373934,0.6362309214247763,0.6036416774868367,0.6110483238363684,8902144.0,147443328.0
2021-03-16,0.6162329762810407,0.6266022811703851,0.5973460280897347,0.608826329931509,7688731.0,126185400.0
2021-03-17,0.606974668344126,0.6154923116460875,0.6006790189470239,0.6154923116460875,5608492.0,92310624.0
2021-03-18,0.6151219793286109,0.6206769640907597,0.6062340037091728,0.6191956348208533,5408385.0,89872552.0
2021-03-19,0.6125296531062747,0.6236396226305724,0.6080856652965558,0.6132703177412279,4168324.0,69190944.0
2021-03-22,0.6121593207887982,0.6210472964082362,0.6062340037091728,0.6188253025033768,7186319.0,119342344.0
2021-03-23,0.6188253025033768,0.6273429458053383,0.6095669945664621,0.6121593207887982,5850351.0,97625880.0
2021-03-24,0.606974668344126,0.6154923116460875,0.6003086866295474,0.6054933390742196,3907000.0,64040064.0
2021-03-25,0.5999383543120708,0.6128999854237513,0.5984570250421645,0.608826329931509,3227100.0,52768372.0
2021-03-26,0.6080856652965558,0.6169736409159938,0.6017900158994537,0.6154923116460875,3770526.0,62108920.0
2021-03-29,0.615862643963564,0.6269726134878616,0.6154923116460875,0.6195659671383299,4325801.0,72372832.0
2021-03-30,0.6191956348208533,0.6191956348208533,0.6010493512645005,0.6040120098043132,4493736.0,73693304.0
2021-03-31,0.602530680534407,0.6258616165354318,0.5980866927246878,0.6188253025033768,5896600.0,97816040.0
2021-04-01,0.6188253025033768,0.632897930567487,0.6147516470111344,0.624009954948049,5086715.0,85809416.0
2021-04-02,0.6262319488529084,0.6584508604733715,0.6262319488529084,0.6403045769170187,9980401.0,173751840.0
2021-04-06,0.6488222202189803,0.6525255433937461,0.6277132781228147,0.6321572659325339,6136293.0,105274728.0
2021-04-07,0.6299352720276744,0.6321572659325339,0.6221582933606661,0.6310462689801041,4184428.0,70758048.0
2021-04-08,0.6310462689801041,0.641045241551972,0.617714305550947,0.6210472964082362,5464488.0,92971168.0
2021-04-09,0.6210472964082362,0.6332682628849636,0.6184549701859001,0.6303056043451509,4090155.0,69147392.0
2021-04-12,0.6314166012975807,0.6351199244723466,0.6010493512645005,0.6032713451693601,5711552.0,94815728.0
2021-04-13,0.5999383543120708,0.606974668344126,0.571052433548897,0.5762370859935693,6887581.0,108757064.0
2021-04-14,0.5814217384382414,0.6340089275199169,0.5795700768508585,0.6340089275199169,6917082.0,113332920.0
2021-04-15,0.6480815555840271,0.6488222202189803,0.6154923116460875,0.6195659671383299,10689647.0,180695648.0
2021-04-16,0.6184549701859001,0.6558585342510355,0.617714305550947,0.6403045769170187,9980716.0,171080864.0
2021-04-19,0.6506738818063632,0.6547475372986057,0.6380825830121593,0.6510442141238397,8236535.0,144047488.0
2021-04-20,0.6503035494888866,0.7025204062530853,0.6428969031393549,0.677708140982154,14847343.0,271999680.0
2021-04-21,0.6706718269500989,0.6747454824423413,0.656228866568512,0.6621541836481374,7353170.0,131685288.0
2021-04-22,0.6647465098704735,0.6706718269500989,0.6536365403461759,0.6703014946326223,6881428.0,123199528.0
2021-04-23,0.6699311623151457,0.6943730952686005,0.656228866568512,0.677708140982154,7510461.0,136863728.0
2021-04-26,0.6773378086646774,0.7106677172375704,0.6703014946326223,0.6888181105064517,10753184.0,201619424.0
2021-04-27,0.690299439776358,0.6932620983161707,0.6628948482830905,0.6721531562200052,5966278.0,108546744.0
2021-04-28,0.671412491585052,0.671412491585052,0.6521552110762695,0.6577101958384184,4965588.0,88283936.0
2021-04-29,0.6558585342510355,0.6784488056171072,0.6525255433937461,0.6658575068229033,4347259.0,78143104.0
2021-04-30,0.6273429458053383,0.6280836104402915,0.5991976896771176,0.5995680219945942,12481467.0,204178192.0
2021-05-06,0.5929020402800157,0.6021603482169304,0.5743854244061863,0.5814217384382414,6376842.0,100661448.0
2021-05-07,0.5814217384382414,0.5866063908829137,0.5747557567236629,0.5784590798984287,3467844.0,54289088.0
2021-05-10,0.581792070755718,0.581792070755718,0.555868808532357,0.5688304396440375,4578078.0,69711856.0
2021-05-11,0.5651271164692716,0.571052433548897,0.562905122564412,0.5669787780566546,2730063.0,41782104.0
2021-05-12,0.5658677811042248,0.5703117689139439,0.5606831286595526,0.5703117689139439,2769051.0,42300040.0
2021-05-13,0.5695711042789907,0.5732744274537566,0.5610534609770292,0.5614237932945058,3849368.0,58750880.0
2021-05-14,0.5643864518343185,0.5643864518343185,0.5532764823100208,0.562905122564412,3707784.0,56003468.0
2021-05-17,0.562905122564412,0.5714227658663736,0.5606831286595526,0.5695711042789907,3332600.0,51085396.0
2021-05-18,0.5669787780566546,0.5699414365964672,0.5617941256119824,0.5654974487867482,2321640.0,35425184.0
2021-05-19,0.5654974487867482,0.5688304396440375,0.5625347902469355,0.5677194426916078,1800942.0,27551154.0
2021-05-20,0.5677194426916078,0.5717930981838502,0.5636457871993653,0.5692007719615141,1966647.0,30121806.0
2021-05-21,0.5703117689139439,0.5706821012314205,0.5662381134217014,0.5662381134217014,1910769.0,29314802.0
2021-05-24,0.5662381134217014,0.5769777506285224,0.5554984762148804,0.5747557567236629,3076270.0,47309384.0
2021-05-25,0.5740150920887097,0.581792070755718,0.5721634305013268,0.5806810738032883,2498365.0,38966956.0
2021-05-26,0.5769777506285224,0.5951240341848751,0.5769777506285224,0.5891987171052497,4107523.0,65327292.0
2021-05-27,0.5854953939304839,0.6095669945664621,0.5854953939304839,0.6029010128518836,4540371.0,73894344.0
2021-05-28,0.6029010128518836,0.606974668344126,0.594383369549922,0.5973460280897347,4114143.0,66659936.0
2021-05-31,0.5980866927246878,0.6047526744392664,0.5973460280897347,0.6043823421217899,3145909.0,51119520.0
2021-06-01,0.6043823421217899,0.6180846378684236,0.6006790189470239,0.614010982376181,2901576.0,47963452.0
2021-06-02,0.614010982376181,0.6166033085985172,0.5980866927246878,0.6036416774868367,3116848.0,50995832.0
2021-06-03,0.6162329762810407,0.6180846378684236,0.5999383543120708,0.5999383543120708,2903000.0,47743128.0
2021-06-04,0.6043823421217899,0.6058636713916962,0.5980866927246878,0.6006790189470239,2632619.0,42725924.0
2021-06-07,0.602530680534407,0.6362309214247763,0.602530680534407,0.6221582933606661,6836915.0,114961416.0
2021-06-08,0.6214176287257129,0.6217879610431895,0.6128999854237513,0.6180846378684236,2930570.0,48818132.0
2021-06-09,0.6295649397101978,0.6425265708218784,0.6151219793286109,0.6221582933606661,5463120.0,92614648.0
2021-06-10,0.6184549701859001,0.6258616165354318,0.6169736409159938,0.6232692903130957,3380995.0,56778268.0
2021-06-11,0.6236396226305724,0.6269726134878616,0.6099373268839386,0.615862643963564,3206997.0,53402684.0
2021-06-15,0.6173439732334705,0.6225286256781426,0.6047526744392664,0.6077153329790791,2705336.0,44610536.0
2021-06-16,0.6073450006616025,0.6254912842179553,0.6058636713916962,0.6095669945664621,3758094.0,62317684.0
2021-06-17,2.843868961266095,2.923124325760396,2.7995791987545737,2.906807044835099,4116948.0,50669476.0
2021-06-18,2.9091380849672843,2.981400329065029,2.8555241619270215,2.9557588876109904,7899000.0,98836184.0
2021-06-21,2.9207932856282106,3.049000492898404,2.9207932856282106,3.0070417705190677,7845723.0,101389784.0
2021-06-22,3.0070417705190677,3.0233590514443653,2.927786406024767,2.95109680734662,5100453.0,64769712.0
2021-06-23,2.939441606685693,3.247138904134156,2.91613120536384,3.247138904134156,22305064.0,304629632.0
2021-06-24,3.3007528271744184,3.543181000921692,3.158559379111114,3.3776771515365343,29239512.0,412013120.0
2021-06-25,3.2867665863813067,3.303083867306604,3.2051801817548204,3.2494699442663415,14640059.0,204570320.0
2021-06-28,3.2005181014904496,3.352035710082496,3.1702145797720402,3.2378147436054148,11008361.0,153914544.0
2021-06-29,3.2378147436054148,3.279773465984751,3.1981870613582646,3.247138904134156,8891959.0,123742024.0
2021-06-30,3.2448078640019706,3.2867665863813067,3.188862900829523,3.270449305456009,8939793.0,124603392.0
2021-07-01,3.2424768238697856,3.2448078640019706,3.0583246534271447,3.065317773823701,11146998.0,150786256.0
2021-07-02,3.049000492898404,3.1142696165995924,3.0280211317087358,3.0769729744846273,6340829.0,83319248.0
2021-07-05,3.09562129554211,3.1189316968639633,3.0117038507834386,3.042007372501848,6404867.0,83722112.0
2021-07-06,3.0373452922374766,3.049000492898404,2.9627520080075467,3.0023796902546973,6258149.0,80510488.0
2021-07-07,2.9977176099903264,3.0606556935593305,2.9674140882719175,3.0536625731627742,6515804.0,84479832.0
2021-07-08,3.088628175145554,3.142242098185817,3.065317773823701,3.132917937657075,8871117.0,118248912.0
2021-07-09,3.09562129554211,3.186531860697338,3.086297135013369,3.1515662587145576,8114414.0,109212392.0
2021-07-12,3.142242098185817,3.1608904192432994,3.1002833758064807,3.153897298846743,6390185.0,85782440.0
2021-07-13,3.146904178450187,3.153897298846743,3.042007372501848,3.0536625731627742,7262060.0,95970088.0
2021-07-14,3.0373452922374766,3.072310894220257,2.9464347270822495,2.9534278474788054,8417157.0,107771656.0
2021-07-15,2.9417726468178786,2.974407208668473,2.8112343994155005,2.8601862421913924,8005433.0,98414936.0
2021-07-16,2.843868961266095,2.8834966435132454,2.836875840869539,2.8625172823235774,4262907.0,52286644.0
2021-07-19,2.8392068810017244,2.91613120536384,2.822889600076427,2.8695104027201337,3431021.0,42037932.0
2021-07-20,2.850862081662651,2.9114691250994698,2.8322137606051685,2.9091380849672843,4019139.0,49589984.0
2021-07-21,2.9091380849672843,2.9557588876109904,2.8928208040419867,2.9301174461569524,4458999.0,56116408.0
2021-07-22,2.9301174461569524,2.9674140882719175,2.8881587237776163,2.958089927743176,4911021.0,61748680.0
2021-07-23,2.9627520080075467,3.0000486501225114,2.8974828843063576,2.91613120536384,4069553.0,51227060.0
2021-07-26,2.895151844174172,2.91613120536384,2.7739377573005353,2.848531041530466,4679168.0,57262700.0
2021-07-27,2.843868961266095,3.132917937657075,2.8322137606051685,3.132917937657075,12760806.0,170088384.0
2021-07-28,3.153897298846743,3.2494699442663415,3.0256900915765503,3.247138904134156,35186384.0,480887328.0
2021-07-29,3.2354837034732298,3.487236037749245,3.1702145797720402,3.363690910743422,31325512.0,449140032.0
2021-07-30,3.2984217870422334,3.3310563488928278,3.179538740300782,3.2657872251916387,16543665.0,231554208.0
2021-08-02,3.2634561850594532,3.4476083555020938,3.219166422547932,3.4033185929905727,17481592.0,248385392.0
2021-08-03,3.3800081916687197,3.3823392318009047,3.1702145797720402,3.1981870613582646,14009582.0,196462704.0
2021-08-04,3.2727803455881945,3.293759706777863,3.1981870613582646,3.293759706777863,10819159.0,151105632.0
2021-08-05,3.2611251449272682,3.2611251449272682,3.1935249810938937,3.2051801817548204,7637775.0,105494696.0
2021-08-06,3.1935249810938937,3.3380494692893836,3.1282558573927046,3.2424768238697856,10666320.0,148266160.0
2021-08-09,3.2075112218870054,3.2727803455881945,3.158559379111114,3.2657872251916387,8080452.0,111699520.0
2021-08-10,3.247138904134156,3.3124080278353456,3.1842008205651524,3.230821623208859,8488296.0,118291328.0
2021-08-11,3.233152663341044,3.282104506116936,3.2005181014904496,3.2774424258525654,7659490.0,106542928.0
2021-08-12,3.2867665863813067,3.3893323521974605,3.258794104795083,3.296090746910048,12113741.0,172214368.0
2021-08-13,3.3007528271744184,3.3077459475709743,3.1911939409617083,3.195856021226079,8329140.0,115070712.0
2021-08-16,3.1842008205651524,3.216835382415747,3.146904178450187,3.2145043422835613,5080142.0,69469432.0
2021-08-17,3.219166422547932,3.2448078640019706,2.9604209678753612,2.993055529725956,11574096.0,152381200.0
2021-08-18,2.965083048139732,3.016365931047809,2.8904897639098017,2.9557588876109904,8550010.0,107787736.0
2021-08-19,2.9371105665535078,2.974407208668473,2.9091380849672843,2.9301174461569524,4401370.0,55493332.0
2021-08-20,2.9324484862891373,2.981400329065029,2.8765035231166896,2.9674140882719175,4387560.0,55212292.0
2021-08-23,2.923124325760396,3.039676332369662,2.9114691250994698,3.018696971179994,5680051.0,73183088.0
2021-08-24,3.0280211317087358,3.030352171840921,2.9627520080075467,2.9674140882719175,4905614.0,62744180.0
2021-08-25,2.972076168536288,2.981400329065029,2.9207932856282106,2.948765767214435,4179017.0,52726232.0
2021-08-26,2.958089927743176,2.965083048139732,2.895151844174172,2.9091380849672843,4046603.0,50823224.0
2021-08-27,2.902144964570728,2.902144964570728,2.8112343994155005,2.8974828843063576,6634687.0,80938376.0
2021-08-30,2.874172482984504,2.91613120536384,2.8555241619270215,2.864848322455763,5920079.0,73097112.0
2021-08-31,2.864848322455763,2.874172482984504,2.7739377573005353,2.7739377573005353,8301175.0,99441448.0
2021-09-01,2.780930877697091,3.044338412634033,2.6597167908234547,2.934779526421323,14033916.0,169578896.0
2021-09-02,2.9138001652316547,3.16555249950767,2.895151844174172,3.123593777128334,17534312.0,230287456.0
2021-09-03,3.088628175145554,3.270449305456009,3.072310894220257,3.270449305456009,18443448.0,253362240.0
2021-09-06,3.356697790346866,3.5967949239619545,3.2984217870422334,3.5967949239619545,26933472.0,400406368.0
2021-09-07,3.720340050967777,3.869526619427638,3.624767405548179,3.7459814924218153,36036600.0,577105344.0
2021-09-08,3.74365045228963,3.7529746128183716,3.5874707634332137,3.6294294858125493,18282660.0,286237920.0
2021-09-09,3.6177742851516226,3.8159126963873753,3.5874707634332137,3.731995251628704,21849908.0,345838848.0
2021-09-10,3.6830434088528117,3.7972643753298922,3.592132843697584,3.771622933875854,19493688.0,309899872.0
2021-09-13,3.6946986095137384,3.7879402148011514,3.615443245019437,3.676050288456256,13121729.0,206764752.0
2021-09-14,3.6737192483240704,3.7180090108355914,3.3217321883640865,3.4382841949733525,22721564.0,339308160.0
2021-09-15,3.4266289943124257,3.4266289943124257,3.3124080278353456,3.4033185929905727,8916235.0,128384024.0
2021-09-16,3.410311713387129,3.4149737936514994,3.223828502812303,3.2774424258525654,11596023.0,164072432.0
2021-09-17,3.2774424258525654,3.3077459475709743,3.1725456199042257,3.2494699442663415,8624503.0,119383312.0
2021-09-22,3.188862900829523,3.2727803455881945,3.1002833758064807,3.1072764962030366,8830936.0,119957176.0
2021-09-23,3.1702145797720402,3.2774424258525654,3.146904178450187,3.186531860697338,13086298.0,180378032.0
2021-09-24,3.216835382415747,3.216835382415747,3.0839660948811836,3.102614415938666,6432800.0,86202440.0
2021-09-27,3.1142696165995924,3.1492352185823727,2.9860624093294,3.051331533030589,5632407.0,73978576.0
2021-09-28,3.051331533030589,3.116600656731778,3.0023796902546973,3.102614415938666,3833929.0,50629464.0
2021-09-29,3.065317773823701,3.088628175145554,2.9207932856282106,2.9324484862891373,6441363.0,82564040.0
2021-09-30,2.9371105665535078,3.039676332369662,2.934779526421323,2.974407208668473,4615002.0,59255416.0
2021-10-08,3.0070417705190677,3.1002833758064807,3.0047107303868827,3.0769729744846273,6050945.0,79576344.0
2021-10-11,3.1002833758064807,3.27511138572038,3.0466694527662184,3.270449305456009,11961478.0,164335184.0
2021-10-12,3.2634561850594532,3.317070108099716,3.1772077001685965,3.2984217870422334,11382238.0,158852784.0
2021-10-13,3.2634561850594532,3.361359870611237,3.226159542944488,3.2774424258525654,8557420.0,121220104.0
2021-10-14,3.2774424258525654,3.3054149074387893,3.188862900829523,3.2424768238697856,5244138.0,72550016.0
2021-10-15,3.2145043422835613,3.543181000921692,3.153897298846743,3.4732497969561327,14469807.0,212546400.0
2021-10-18,3.4732497969561327,3.6737192483240704,3.4033185929905727,3.5408499607895068,15951195.0,241445168.0
2021-10-19,3.533856840392951,3.59912596409414,3.461594596295206,3.568822442375731,10188587.0,155077552.0
2021-10-20,3.568822442375731,3.8182437365195603,3.4802429173526885,3.664395087795329,16343164.0,256750768.0
2021-10-21,3.6877054891171825,3.720340050967777,3.5455120410538776,3.636422606209105,7796667.0,121116472.0
2021-10-22,3.6317605259447348,3.6317605259447348,3.510546439071098,3.5152085193354683,6963001.0,105973448.0
2021-10-25,3.5385189206573218,3.867195579295452,3.498891238410171,3.867195579295452,12732152.0,203014544.0
2021-10-26,4.023375268151869,4.254148241238216,3.729664211496518,4.186548077404842,27723264.0,489305632.0
2021-10-27,4.095637512249614,4.284451762956625,3.9907407063012745,4.079320231324317,14761998.0,260011392.0
2021-10-28,4.037361508944981,4.219182639255436,3.927802622732271,3.939457823393197,11492875.0,199008784.0
2021-10-29,3.937126783261012,4.079320231324317,3.869526619427638,4.025706308284054,9626208.0,164727312.0
2021-11-01,4.137596234628949,4.428976251152116,4.137596234628949,4.428976251152116,7221584.0,135416240.0
2021-11-02,4.848563474945474,4.871873876267326,4.662080264370648,4.871873876267326,33562936.0,694392576.0
2021-11-03,4.818259953227065,5.0816674881640065,4.638769863048794,4.941805080232887,31744664.0,662561920.0
2021-11-04,4.939474040100701,5.303116300721611,4.8019426723017675,5.016398364462817,22278204.0,480954112.0
2021-11-05,5.03970876578467,5.167915973054863,4.902177397985736,5.044370846049041,16378378.0,355379360.0
2021-11-08,4.906839478250107,5.044370846049041,4.829915153887991,5.023391484859373,11866436.0,250717952.0
2021-11-09,5.023391484859373,5.102646849353674,4.876535956531698,5.0350466855202995,13786825.0,295929408.0
2021-11-10,4.960453401290369,5.338081902704391,4.906839478250107,5.279805899399758,18944824.0,417638688.0
2021-11-11,5.181902213847975,5.2215298960951255,4.909170518382291,4.951129240761627,20181714.0,436145248.0
2021-11-12,4.918494678911034,5.016398364462817,4.78562539137647,5.00008108353752,16148273.0,341557088.0
2021-11-15,5.00008108353752,5.0816674881640065,4.8951842775891805,5.032715645388114,10376911.0,222630144.0
2021-11-16,4.953460280893813,5.2005505349054575,4.850894515077659,5.188895334244531,16562499.0,358575936.0
2021-11-17,5.088660608560562,5.188895334244531,4.669073384767204,4.669073384767204,16941960.0,345895168.0
2021-11-18,4.732011468336208,4.792618511773026,4.473266013663637,4.778632270979914,19226882.0,389610720.0
2021-11-19,4.8019426723017675,4.9721086019512954,4.662080264370648,4.96511548155474,14305972.0,295670080.0
2021-11-22,4.990756923008778,5.202881575037643,4.7809633111120995,5.123626210543342,14401413.0,310213088.0
2021-11-23,5.0606881269743385,5.3147715013825385,4.930149879571959,5.042039805916855,10656545.0,232235200.0
2021-11-24,5.00008108353752,5.545544474468885,4.948798200629443,5.545544474468885,13960581.0,318551456.0
2021-11-25,5.711048323854043,5.773986407423047,4.990756923008778,5.007074203934076,23594250.0,527098272.0
2021-11-26,4.797280592037396,4.888191157192624,4.6154594617269415,4.755321869658061,16442099.0,333588256.0
2021-11-29,4.610797381462571,5.230854056623867,4.580493859744161,5.230854056623867,18774696.0,399237792.0
2021-11-30,5.352068143497504,5.361392304026245,4.995419003273149,5.146936611865194,14318180.0,317570720.0
2021-12-01,5.125957250675527,5.233185096756052,5.051363966445598,5.223860936227311,8245737.0,182422064.0
2021-12-02,5.223860936227311,5.2681506987388325,4.885860117060439,4.953460280893813,12200235.0,263284560.0
2021-12-03,5.016398364462817,5.282136939531944,4.8951842775891805,5.118964130278972,11526740.0,251143584.0
2021-12-06,5.193557414508902,5.470951190238955,5.058357086842153,5.296123180325056,10925923.0,247871056.0
2021-12-07,5.2891300599285005,5.296123180325056,4.766977070318987,4.766977070318987,12381236.0,259633280.0
2021-12-08,4.757652909790246,4.925487799307589,4.526879936703899,4.848563474945474,9641698.0,197461056.0
2021-12-09,4.799611632169582,5.093322688824933,4.787956431508655,5.053695006577782,10904945.0,233131312.0
2021-12-10,5.065350207238708,5.065350207238708,4.850894515077659,4.953460280893813,6179858.0,130553392.0
2021-12-13,4.8951842775891805,4.988425882876593,4.662080264370648,4.974439642083481,5268331.0,110172384.0
2021-12-14,4.939474040100701,5.030384605255929,4.871873876267326,4.981432762480037,3530767.0,74983456.0
2021-12-15,4.944136120365072,5.118964130278972,4.776301230847729,4.806604752566138,5435714.0,114567784.0
2021-12-16,4.7809633111120995,4.937142999968516,4.699376906485613,4.727349388071837,4791398.0,97893088.0
2021-12-17,4.727349388071837,4.813597872962694,4.592149060405088,4.6154594617269415,5250274.0,105302944.0
2021-12-20,4.6154594617269415,4.6923837860890565,4.512893695910787,4.566507618951049,3713549.0,73393472.0
2021-12-21,4.5688386590832355,4.664411304502833,4.559514498554493,4.603804261066014,3318885.0,65627816.0
2021-12-22,4.631776742652239,4.953460280893813,4.601473220933829,4.822922033491436,9397025.0,193513760.0
2021-12-23,4.988425882876593,5.305447340853798,4.757652909790246,5.305447340853798,16487249.0,368815616.0
2021-12-24,5.240178217152608,5.5944963172447775,5.186564294112346,5.319433581646909,19326616.0,448204672.0
2021-12-27,5.361392304026245,5.629461919227556,5.361392304026245,5.524565113279217,13527218.0,320108160.0
2021-12-28,5.498923671825179,5.8276003304633095,5.384702705348098,5.470951190238955,12017659.0,286676064.0
2021-12-29,5.496592631692994,5.50358575208955,4.923156759175404,4.923156759175404,12473467.0,271569184.0
2021-12-30,4.897515317721366,5.137612451336453,4.783294351244284,5.056026046709968,14605440.0,312992768.0
2021-12-31,5.083998528296191,5.298454220457241,5.058357086842153,5.198219494773272,8115371.0,180200704.0
2022-01-04,5.321764621779094,5.338081902704391,4.934811959836331,5.067681247370894,7514520.0,164081776.0
2022-01-05,5.0606881269743385,5.063019167106523,4.75065978939369,4.9208257190432185,7661362.0,160654448.0
2022-01-06,4.930149879571959,5.142274531600824,4.748328749261505,5.07467436776745,6047975.0,128742896.0
2022-01-07,5.016398364462817,5.095653728957118,4.701707946617798,4.778632270979914,7248633.0,151166368.0
2022-01-10,4.732011468336208,4.969777561819111,4.652756103841907,4.944136120365072,6552420.0,136687872.0
2022-01-11,4.8998463578535505,5.43831662838836,4.829915153887991,5.025722524991558,24347886.0,548425536.0
2022-01-12,5.049032926313411,5.198219494773272,4.8019426723017675,5.198219494773272,19777228.0,421259360.0
2022-01-13,5.130619330939898,5.163253892790492,4.871873876267326,5.037377725652485,12294568.0,262938176.0
2022-01-14,4.976770682215666,5.540882394204515,4.848563474945474,5.540882394204515,17140350.0,396460640.0
2022-01-17,5.676082721871264,5.90219361469324,5.428992467859619,5.89753153442887,17810428.0,436899808.0
2022-01-18,5.8276003304633095,5.979117939055356,5.72270352451497,5.818276169934569,10260120.0,256625872.0
2022-01-19,5.813614089670198,5.860234892313905,5.568854875790739,5.694731042928746,8588771.0,210105072.0
2022-01-20,5.694731042928746,5.708717283721858,5.382371665215913,5.487268471164252,7868817.0,185642288.0
2022-01-21,5.419668307330878,5.475613270503326,5.0350466855202995,5.083998528296191,8722203.0,194876720.0
2022-01-24,5.025722524991558,5.356730223761875,4.988425882876593,5.270481738871017,8466950.0,188370528.0
2022-01-25,5.256495498077905,5.4546339093136575,5.077005407899636,5.0863295684283765,5472162.0,123407176.0
2022-01-26,5.1282882908077125,5.5944963172447775,5.07933644803182,5.5478755146010705,11286307.0,264439120.0
2022-01-27,5.592165277112591,5.645779200152854,5.240178217152608,5.25416445794572,9829431.0,227236416.0
2022-01-28,5.3147715013825385,5.536220313940144,5.0350466855202995,5.104977889485859,8763610.0,197406896.0
2022-02-07,5.242509257284793,5.461627029710214,5.191226374376716,5.305447340853798,8328174.0,189834208.0
2022-02-08,5.291461100060685,5.5012547119573645,4.918494678911034,5.025722524991558,10578535.0,234682944.0
2022-02-09,5.149267651997381,5.158591812526121,4.757652909790246,5.07933644803182,9973632.0,213197824.0
2022-02-10,5.046701886181226,5.191226374376716,4.883529076928253,4.960453401290369,7137210.0,153578016.0
2022-02-11,4.918494678911034,4.9208257190432185,4.475597053795822,4.627114662387868,13167060.0,261131232.0
2022-02-14,4.53154201696827,4.82525307362362,4.382355448508409,4.741335628864949,11441079.0,230783008.0
2022-02-15,4.741335628864949,5.142274531600824,4.732011468336208,5.0816674881640065,12102839.0,259480608.0
2022-02-16,5.072343327635265,5.1282882908077125,4.9208257190432185,4.955791321025999,4835964.0,103873360.0
2022-02-17,4.955791321025999,4.997750043405334,4.706370026882169,4.732011468336208,9015840.0,186561568.0
2022-02-18,4.662080264370648,4.82525307362362,4.629445702520053,4.776301230847729,5368650.0,109748944.0
2022-02-21,4.757652909790246,4.927818839439775,4.634107782784423,4.685390665692501,5860714.0,118694064.0
2022-02-22,4.634107782784423,4.664411304502833,4.524548896571714,4.564176578818864,6878981.0,134949216.0
2022-02-23,4.564176578818864,4.8019426723017675,4.564176578818864,4.697045866353427,8590317.0,174014560.0
2022-02-24,4.669073384767204,4.718025227543095,4.428976251152116,4.529210976836084,7737121.0,152151136.0
2022-02-25,4.592149060405088,4.925487799307589,4.585155940008533,4.718025227543095,12884228.0,263270752.0
2022-02-28,4.697045866353427,4.739004588732763,4.608466341330385,4.720356267675281,5684406.0,113867968.0
2022-03-01,4.741335628864949,4.839239314416733,4.6923837860890565,4.820590993359249,7248318.0,148362208.0
2022-03-02,4.813597872962694,4.813597872962694,4.545528257761381,4.6201215419913115,8513697.0,168947616.0
2022-03-03,4.634107782784423,4.664411304502833,4.205196398462324,4.28212072282444,16251582.0,304612224.0
2022-03-04,4.181885997140471,4.254148241238216,4.125941033968023,4.188879117537026,9448701.0,169817136.0
2022-03-07,4.188879117537026,4.188879117537026,3.939457823393197,3.9837475859047182,8943428.0,153444128.0
2022-03-08,4.025706308284054,4.046685669473722,3.8229058167839307,3.8532093385023405,7476730.0,125310088.0
2022-03-09,3.8881749404851202,3.9627682247150506,3.7832781345367805,3.916147422071344,8677391.0,144694720.0
2022-03-10,4.03269942868061,4.074658151059946,3.862533499031082,3.918478462203529,9194103.0,155878624.0
2022-03-11,3.846216218105784,3.9557751043184943,3.771622933875854,3.9208095023357146,6402342.0,105617208.0
2022-03-14,3.862533499031082,3.9324647029966417,3.799595415462078,3.827567897048302,5072402.0,84350128.0
2022-03-15,3.808919575990819,3.8578714187667114,3.662064047663144,3.662064047663144,6291872.0,101194720.0
2022-03-16,3.6970296496459234,3.8252368569161166,3.561829321979175,3.7972643753298922,7105891.0,112946256.0
2022-03-17,3.8415541378414138,3.9907407063012745,3.8415541378414138,3.9417888635253826,6709250.0,113481704.0
2022-03-18,3.948781983921939,3.9767544655081624,3.8578714187667114,3.916147422071344,4580328.0,76903752.0
2022-03-21,3.927802622732271,4.0816512714565025,3.8951680608816766,3.95810614445068,4187240.0,71687888.0
2022-03-22,3.946450943789753,3.9720923852437915,3.8835128602207494,3.909154301674788,3023171.0,50661272.0
2022-03-23,3.9231405424678996,4.205196398462324,3.881181820088564,4.102630632646171,7262225.0,126540536.0
2022-03-24,4.149251435289877,4.230837839916362,3.9930717464334595,4.014051107623128,7276514.0,128447760.0
2022-03-25,4.023375268151869,4.056009830002463,3.7856091746689655,3.8042574957264486,6434384.0,107098480.0
2022-03-28,3.8182437365195603,4.063002950399019,3.8065885358586335,3.965099264847236,9822200.0,166446688.0
2022-03-29,3.9744234253759774,3.9907407063012745,3.846216218105784,3.8741886996920085,5402404.0,90246944.0
2022-03-30,3.8905059806173057,4.109623753042726,3.846216218105784,4.102630632646171,6640534.0,114278312.0
2022-03-31,4.076989191192131,4.083982311588687,3.916147422071344,3.9347957431288263,4838841.0,82381032.0
2022-04-01,3.927802622732271,3.986078626036904,3.8368920575770433,3.9231405424678996,2938133.0,49375192.0
2022-04-06,3.9231405424678996,3.9324647029966417,3.7949333351977077,3.869526619427638,3464453.0,57264080.0
2022-04-07,3.862533499031082,3.862533499031082,3.671388208191885,3.6807123687206262,4492183.0,71850464.0
2022-04-08,3.6900365292493675,3.741319412157445,3.620105325283808,3.6410846864734756,3977840.0,62573060.0
2022-04-11,3.648077806870032,3.6550709272665878,3.3590288304790517,3.4219669140480553,6040017.0,89479440.0
2022-04-12,3.433622114708982,3.4429462752377233,3.2890976265134917,3.3986565127262023,5861524.0,84449216.0
2022-04-13,3.3590288304790517,3.4033185929905727,3.2284905830766735,3.230821623208859,4759430.0,66579204.0
2022-04-14,3.258794104795083,3.3497046699503104,3.258794104795083,3.340380509421569,3410944.0,48470332.0
2022-04-15,3.347373629818125,3.461594596295206,3.1981870613582646,3.4499393956342796,5761480.0,82913936.0
2022-04-18,3.4732497969561327,3.6084501246228813,3.2448078640019706,3.56416036211136,7911982.0,117435328.0
2022-04-19,3.5035533186745416,3.613112204887252,3.4592635561630205,3.505884358806727,5403434.0,81752232.0
2022-04-20,3.5035533186745416,3.554836201582619,3.4476083555020938,3.5128774792032833,3286029.0,49467088.0
2022-04-21,3.501222278542356,3.59912596409414,3.368352991007793,3.3916633923296464,3906816.0,58294280.0
2022-04-22,3.396325472594017,3.431291074576797,3.303083867306604,3.333387389025013,3085608.0,44392392.0
2022-04-25,3.1935249810938937,3.2867665863813067,3.018696971179994,3.030352171840921,5749056.0,77561104.0
2022-04-26,3.032683211973106,3.072310894220257,2.801910238886759,2.822889600076427,6870617.0,86027416.0
2022-04-27,2.785592957961462,3.0023796902546973,2.743634235582126,2.939441606685693,8799079.0,109430568.0
2022-04-28,2.9907244895937706,2.9907244895937706,2.8065723191511296,2.878834563248875,6506554.0,80305472.0
2022-04-29,2.9138001652316547,3.1492352185823727,2.9091380849672843,3.1072764962030366,6431824.0,84294712.0
2022-05-05,3.1399110580536314,3.417304833783685,3.09562129554211,3.417304833783685,9663349.0,135916352.0
2022-05-06,3.2634561850594532,3.5664914022435457,3.2634561850594532,3.361359870611237,8940141.0,130798960.0
2022-05-09,3.361359870611237,3.4009875528583873,3.2634561850594532,3.3543667502146812,4705374.0,67296256.0
2022-05-10,3.279773465984751,3.4476083555020938,3.279773465984751,3.4289600344446116,7125380.0,103948904.0
2022-05-11,3.4499393956342796,3.771622933875854,3.4499393956342796,3.771622933875854,7656737.0,121308880.0
2022-05-12,3.7366573318930745,3.9254715826000854,3.671388208191885,3.70868485030685,12442827.0,201104608.0
2022-05-13,3.715677970703406,4.037361508944981,3.6457467667378465,3.9954027865656454,17417204.0,289996096.0
2022-05-16,3.9954027865656454,4.130603114232394,3.9417888635253826,4.000064866830016,9029891.0,156120752.0
2022-05-17,4.004726947094387,4.102630632646171,3.9068232615426033,4.021044228019684,7934184.0,136927568.0
2022-05-18,4.079320231324317,4.116616873439282,4.011720067490942,4.079320231324317,6900910.0,120469056.0
2022-05-19,3.9627682247150506,4.042023589209352,3.899830141146047,3.9954027865656454,8365615.0,142290464.0
2022-05-20,3.9930717464334595,4.074658151059946,3.937126783261012,3.988409666169089,5667424.0,96818024.0
2022-05-23,4.051347749738093,4.063002950399019,3.9441199036575685,4.042023589209352,3949102.0,67991232.0
2022-05-24,4.042023589209352,4.146920395157691,3.808919575990819,3.8182437365195603,6637909.0,112918328.0
2022-05-25,3.8205747766517457,3.9604371845828648,3.7879402148011514,3.8578714187667114,3520939.0,58229132.0
2022-05-26,3.8578714187667114,3.9417888635253826,3.7646298134792975,3.9044922214104174,4783168.0,79477904.0
2022-05-27,3.916147422071344,3.9324647029966417,3.7459814924218153,3.827567897048302,4892898.0,80208704.0
2022-05-30,3.762298773347113,3.881181820088564,3.6504088470022173,3.8042574957264486,5733371.0,92930328.0
2022-05-31,3.7832781345367805,3.951113024054124,3.7553056529505566,3.9044922214104174,4865263.0,80969760.0
2022-06-01,3.918478462203529,3.937126783261012,3.729664211496518,3.77861605427241,4866620.0,79547904.0
2022-06-02,3.759967733214927,3.951113024054124,3.731995251628704,3.9254715826000854,7187159.0,119032256.0
2022-06-06,3.9114853418069737,4.149251435289877,3.8835128602207494,4.037361508944981,7015456.0,121608648.0
2022-06-07,4.004726947094387,4.03269942868061,3.8392230977092283,3.946450943789753,5502300.0,92239496.0
2022-06-08,3.9114853418069737,3.9138163819391587,3.7646298134792975,3.862533499031082,4071208.0,67138600.0
2022-06-09,3.8578714187667114,3.8578714187667114,3.7040227700424797,3.7529746128183716,2761391.0,44550136.0
2022-06-10,3.757636693082742,3.8905059806173057,3.7110158904390356,3.8415541378414138,5441458.0,89503584.0
2022-06-13,3.8415541378414138,4.149251435289877,3.771622933875854,4.021044228019684,10351805.0,178718464.0
2022-06-14,3.95810614445068,3.9767544655081624,3.7343262917608886,3.9114853418069737,9023322.0,148954912.0
2022-06-15,3.937126783261012,4.051347749738093,3.7529746128183716,3.7949333351977077,8001140.0,133644720.0
2022-06-16,3.7949333351977077,3.9837475859047182,3.7762850141402247,3.9208095023357146,7992816.0,133961032.0
2022-06-17,3.9068232615426033,3.9254715826000854,3.7250021312321477,3.8881749404851202,10103943.0,165948912.0
2022-06-20,3.946450943789753,3.99773382669783,3.8648645391632663,3.951113024054124,7757058.0,131101824.0
2022-06-21,6.087239882720827,6.49137199111723,6.015073434792899,6.213531166594703,19400908.0,334551712.0
2022-06-22,6.199097877009117,6.20631452180191,5.827440670180281,5.852698926955057,10847786.0,180253568.0
2022-06-23,5.8021824134055064,6.437247155171284,5.8021824134055064,6.437247155171284,12010798.0,210114032.0
2022-06-24,6.855812553153273,6.855812553153273,6.422813865585698,6.6501381765586745,26119708.0,480227776.0
2022-06-27,6.6248799197839,6.642921531765882,6.296522581711821,6.332605805675787,29316760.0,521578976.0
2022-06-28,6.2712643249370466,6.848595908360481,6.209922844198307,6.798079394810929,21592284.0,394851552.0
2022-06-29,6.642921531765882,6.8882874547208415,6.328997483279389,6.361472384846958,16973678.0,307039104.0
2022-06-30,6.328997483279389,6.404772253603715,6.188272909819927,6.242397745765875,10769880.0,187745616.0
2022-07-01,6.235181100973082,6.300130904108219,6.090848205117223,6.199097877009117,8786141.0,150828928.0
2022-07-04,6.1485813634595665,6.199097877009117,5.690324419117216,5.769707511837939,18182964.0,292654176.0
2022-07-05,5.751665899855956,5.917648730090193,5.62537461598208,5.665066162342441,10506482.0,166440144.0
2022-07-06,5.632591260774873,5.733624287873974,5.491866687315412,5.5928997144145125,10200048.0,159282736.0
2022-07-07,5.628982938378477,5.719190998288388,5.466608430540636,5.711974353495595,8087653.0,126046080.0
2022-07-08,5.6939327415136125,5.881565506126229,5.614549648792891,5.762490867045146,8772545.0,139968096.0
2022-07-11,5.665066162342441,5.701149386306406,5.466608430540636,5.520733266486583,6960387.0,106989648.0
2022-07-12,5.520733266486583,5.5387748784685655,5.35114211385595,5.358358758648742,5763774.0,86631424.0
2022-07-13,5.376400370630725,5.441350173765861,5.322275534684778,5.4088752721982924,3228591.0,48161568.0
2022-07-14,5.5856830696217195,5.831048992576679,5.520733266486583,5.715582675891992,14221003.0,224785696.0
2022-07-15,5.643416227964063,5.845482282162264,5.5856830696217195,5.780532479027128,10347012.0,165321904.0
2022-07-18,5.7769241566307326,5.841873959765868,5.68671609672082,5.841873959765868,10890369.0,174249696.0
2022-07-19,5.9862068556217265,6.098064849910016,5.784140801423525,6.004248467603709,17992140.0,298306688.0
2022-07-20,6.007856790000105,6.083631560324431,5.877957183729833,5.914040407693797,11080100.0,182514240.0
2022-07-21,5.946515309261366,6.199097877009117,5.885173828522625,6.098064849910016,14766623.0,249830544.0
2022-07-22,6.080023237928034,6.144973041063171,5.888782150919022,5.968165243639744,9692536.0,160893584.0
2022-07-25,5.917648730090193,6.036723369171277,5.762490867045146,5.8021824134055064,6882723.0,111820368.0
2022-07-26,5.813007380594696,5.816615702991093,5.520733266486583,5.722799320684785,9451501.0,147634048.0
2022-07-27,5.791357446216318,5.946515309261366,5.636199583171269,5.939298664468573,8406557.0,135759840.0
2022-07-28,5.957340276450555,6.49137199111723,5.957340276450555,6.231572778576686,19915966.0,347627328.0
2022-07-29,6.350647417657769,6.4408554775676805,6.163014653045152,6.3253891608829935,14391967.0,250458640.0
2022-08-01,6.357864062450562,6.7728211380361545,6.231572778576686,6.693438045315433,21017744.0,383454752.0
2022-08-02,6.559930116648763,6.671788110937053,6.375905674432545,6.5346718598739875,18768652.0,339246912.0
2022-08-03,6.5346718598739875,6.671788110937053,6.350647417657769,6.393947286414526,15859350.0,286050976.0
2022-08-04,6.437247155171284,6.480547023928041,6.278480969729839,6.39033896401813,10827942.0,191120864.0
2022-08-05,6.354255740054165,6.4949803135136275,6.231572778576686,6.451680444756869,16985354.0,299670592.0
2022-08-08,6.458897089549662,6.588796695819935,6.260439357747858,6.469722056738852,13979080.0,249062064.0
2022-08-09,6.422813865585698,6.448072122360474,6.246006068162271,6.321780838486597,11929459.0,208710304.0
2022-08-10,6.285697614522633,6.361472384846958,6.2171394889911,6.238789423369478,8016800.0,139493328.0
2022-08-11,6.260439357747858,6.704263012504621,6.260439357747858,6.632096564576692,21432818.0,385935904.0
2022-08-12,6.610446630198314,6.635704886973089,6.397555608810923,6.422813865585698,17634412.0,317915072.0
2022-08-15,6.314564193693804,6.729521269279396,6.314564193693804,6.679004755729847,20341378.0,372938464.0
2022-08-16,6.67539643333345,6.67539643333345,6.4408554775676805,6.527455215081195,15410230.0,278295616.0
2022-08-17,6.614054952594709,6.707871334901018,6.415597220792906,6.603229985405521,17895436.0,327526080.0
2022-08-18,6.588796695819935,6.671788110937053,6.513021925495609,6.55271347185597,10133859.0,184788112.0
2022-08-19,6.559930116648763,6.740346236468586,6.455288767153267,6.462505411946059,14925627.0,273128064.0
2022-08-22,6.415597220792906,6.55271347185597,6.36868902963975,6.505805280702817,7162980.0,128667256.0
2022-08-23,6.498588635910024,6.707871334901018,6.422813865585698,6.538280182270385,9431401.0,171917088.0
2022-08-24,6.538280182270385,6.5563217942523675,5.989815178018123,6.025898401982087,14968707.0,257235408.0
2022-08-25,6.058373303549655,6.144973041063171,5.989815178018123,6.108889817099206,7339555.0,123607352.0
2022-08-26,6.166622975441549,6.7186963020902075,6.134148073873981,6.545496827063178,31318156.0,573648576.0
2022-08-29,6.505805280702817,6.639313209369485,6.343430772864975,6.393947286414526,23041170.0,412980768.0
2022-08-30,6.404772253603715,6.700654690108225,6.36868902963975,6.5346718598739875,16322267.0,297431648.0
2022-08-31,6.527455215081195,6.527455215081195,5.914040407693797,5.9862068556217265,16919136.0,286649824.0
2022-09-01,6.015073434792899,6.282089292126236,5.989815178018123,6.040331691567673,12559972.0,213237728.0
2022-09-02,6.007856790000105,6.20631452180191,5.957340276450555,6.080023237928034,7287015.0,122982416.0
2022-09-05,6.080023237928034,6.09445652751362,5.719190998288388,5.946515309261366,13803236.0,223914384.0
2022-09-06,5.917648730090193,6.058373303549655,5.885173828522625,6.011465112396501,6803795.0,112702848.0
2022-09-07,5.968165243639744,6.184664587423532,5.924865374882987,6.101673172306413,6412680.0,108462920.0
2022-09-08,6.101673172306413,6.123323106684792,5.831048992576679,5.85991557174785,9239460.0,151485088.0
2022-09-09,5.849090604558661,5.8635238941442465,5.683107774324424,5.820224025387489,8344608.0,133028632.0
2022-09-13,5.8635238941442465,5.968165243639744,5.726407643081181,5.769707511837939,7535245.0,121201560.0
2022-09-14,5.675891129531631,5.751665899855956,5.589291392018116,5.610941326396495,5893191.0,92030120.0
2022-09-15,5.639807905567666,5.672282807135234,5.325883857081174,5.369183725837932,8010992.0,120995432.0
2022-09-16,5.333100501873967,5.412483594594689,5.16711767163973,5.206809218000091,7162662.0,104460072.0
2022-09-19,5.206809218000091,5.275367343531624,5.058867999747836,5.123817802882972,6947400.0,98831280.0
2022-09-20,5.181550961225316,5.275367343531624,5.127426125279369,5.235675797171263,5598750.0,80943752.0
2022-09-21,5.210417540396487,5.297017277910002,5.087734578919008,5.232067474774866,6435260.0,93019040.0
2022-09-22,5.174334316432523,5.297017277910002,5.159901026846938,5.170725994036126,4836651.0,69846864.0
2022-09-23,5.221242507585677,5.268150698738831,4.997526519009096,5.055259677351439,5956943.0,84141320.0
2022-09-26,4.9686599398379245,5.073301289333422,4.892885169513599,4.965051617441528,5931948.0,81991824.0
2022-09-27,4.965051617441528,5.080517934126215,4.9073184590991845,5.0769096117298185,4244390.0,59202856.0
2022-09-28,5.0769096117298185,5.127426125279369,4.9073184590991845,4.910926781495581,4348111.0,59990428.0
2022-09-29,4.943401683063149,5.051651354955043,4.928968393477564,5.001134841405492,4717905.0,65406780.0
2022-09-30,4.979484907027114,4.997526519009096,4.838760333567652,4.838760333567652,4525842.0,61333296.0
2022-10-10,4.845976978360445,4.87123523513522,4.669169180937018,4.6908191153153975,4345735.0,57229672.0
2022-10-11,4.70886072729738,4.770202208036119,4.654735891351433,4.716077372090172,3156777.0,41222884.0
2022-10-12,4.762985563243326,4.957834972648735,4.694427437711794,4.950618327855943,5540030.0,74069832.0
2022-10-13,4.943401683063149,5.232067474774866,4.900101814306392,5.080517934126215,8348302.0,118423688.0
2022-10-14,5.120209480486576,5.221242507585677,5.0949512237118,5.1995925732072985,5925830.0,84818176.0
2022-10-17,5.268150698738831,5.600116359207305,5.268150698738831,5.560424812846944,10258574.0,155516928.0
2022-10-18,5.560424812846944,5.708366031099199,5.5026916545046,5.675891129531631,9899363.0,154277664.0
2022-10-19,6.242397745765875,6.242397745765875,5.675891129531631,5.953731954054158,39935468.0,657699776.0
2022-10-20,5.841873959765868,5.841873959765868,5.45217514095505,5.57485810243253,20632652.0,319775136.0
2022-10-21,5.556816490450547,5.791357446216318,5.520733266486583,5.610941326396495,14277594.0,223937904.0
2022-10-24,5.654241195153252,5.697541063910009,5.520733266486583,5.571249780036133,9978556.0,155585488.0
2022-10-25,5.549599845657755,5.935690342072175,5.51351662169379,5.892390473315418,15724893.0,253151072.0
2022-10-26,5.885173828522625,6.163014653045152,5.791357446216318,6.137756396270378,14295409.0,239350336.0
2022-10-27,6.163014653045152,6.22796445618029,6.090848205117223,6.126931429081188,10444762.0,177863712.0
2022-10-28,6.087239882720827,6.177447942630739,5.8093990581983,5.85991557174785,9734400.0,161192976.0
2022-10-31,5.852698926955057,6.116106461891999,5.737232610270371,6.036723369171277,10216189.0,170075264.0
2022-11-01,6.05476498115326,6.126931429081188,5.960948598846951,6.036723369171277,7165316.0,119626912.0
2022-11-02,6.036723369171277,6.249614390558668,6.004248467603709,6.166622975441549,9941194.0,168938384.0
2022-11-03,6.116106461891999,6.238789423369478,6.112498139495603,6.188272909819927,4915482.0,84226224.0
2022-11-04,6.20631452180191,6.2712643249370466,6.090848205117223,6.235181100973082,7539943.0,129463704.0
2022-11-07,6.231572778576686,6.249614390558668,6.112498139495603,6.188272909819927,5936074.0,101836096.0
2022-11-08,6.188272909819927,6.22796445618029,6.025898401982087,6.098064849910016,5094698.0,85860760.0
2022-11-09,6.163014653045152,6.296522581711821,6.098064849910016,6.10528149470281,5507417.0,94186392.0
2022-11-10,6.087239882720827,6.112498139495603,5.9104320852974,5.989815178018123,6661177.0,110650960.0
2022-11-11,6.090848205117223,6.166622975441549,5.97177356603614,5.975381888432536,5161889.0,86598696.0
2022-11-14,6.040331691567673,6.040331691567673,5.813007380594696,5.852698926955057,6850041.0,111776120.0
2022-11-15,5.874348861333436,6.051156658756862,5.7769241566307326,6.036723369171277,6157272.0,101940824.0
2022-11-16,6.0331150467748795,6.04394001396407,5.906823762901005,5.9320820196757795,4737648.0,78233856.0
2022-11-17,5.895998795711814,6.000640145207312,5.831048992576679,5.993423500414519,3935996.0,64430420.0
2022-11-18,6.018681757189294,6.080023237928034,5.849090604558661,5.8707405389370395,4766087.0,78475840.0
2022-11-21,5.816615702991093,6.004248467603709,5.8093990581983,5.964556921243348,6924427.0,113410456.0
2022-11-22,5.960948598846951,5.9789902108289334,5.791357446216318,5.805790735801903,4653815.0,75720704.0
2022-11-23,5.849090604558661,5.849090604558661,5.654241195153252,5.8021824134055064,4583412.0,73246464.0
2022-11-24,5.8021824134055064,5.903215440504607,5.762490867045146,5.791357446216318,3701170.0,59683300.0
2022-11-25,5.820224025387489,5.823832347783886,5.683107774324424,5.690324419117216,3374457.0,53693192.0
2022-11-28,5.6939327415136125,5.6939327415136125,5.549599845657755,5.589291392018116,6428695.0,99632304.0
2022-11-29,5.665066162342441,5.733624287873974,5.545991523261358,5.690324419117216,4466061.0,69909968.0
2022-11-30,5.708366031099199,5.733624287873974,5.596508036810908,5.665066162342441,3480852.0,54586400.0
2022-12-01,5.701149386306406,5.834657314973075,5.657849517549648,5.665066162342441,5461377.0,87016104.0
2022-12-02,5.636199583171269,5.733624287873974,5.628982938378477,5.654241195153252,4007633.0,62976472.0
2022-12-05,5.661457839946045,5.730015965477578,5.556816490450547,5.603724681603701,5484952.0,85224992.0
2022-12-06,5.5856830696217195,5.621766293585684,5.4774333977298255,5.5387748784685655,5160236.0,79278256.0
2022-12-07,5.491866687315412,5.571249780036133,5.444958496162258,5.466608430540636,5772082.0,87896408.0
2022-12-08,5.5026916545046,5.524341588882979,5.405266949801897,5.412483594594689,4273923.0,64491756.0
2022-12-09,5.412483594594689,5.499083332108205,5.358358758648742,5.4702167529370325,4848722.0,73239984.0
2022-12-12,5.4702167529370325,5.567641457639737,5.434133528973068,5.5315582336757725,5110143.0,78125656.0
2022-12-13,5.520733266486583,5.545991523261358,5.412483594594689,5.430525206576672,3912783.0,59119232.0
2022-12-14,5.4702167529370325,5.560424812846944,5.369183725837932,5.39083366021631,4373545.0,66191768.0
2022-12-15,5.39083366021631,5.517124944090186,5.34031714666676,5.466608430540636,4829957.0,73042848.0
2022-12-16,5.466608430540636,5.4774333977298255,5.34031714666676,5.3547504362523455,3539476.0,52781308.0
2022-12-19,5.34031714666676,5.405266949801897,5.297017277910002,5.322275534684778,3700047.0,54792344.0
2022-12-20,5.28980063311721,5.387225337819914,5.27897566592802,5.34031714666676,2518133.0,37235340.0
2022-12-21,5.333100501873967,5.3547504362523455,5.170725994036126,5.203200895603694,4545008.0,65979900.0
2022-12-22,5.203200895603694,5.242892441964055,5.109384513297386,5.120209480486576,2722581.0,39097856.0
2022-12-23,5.1454677372613515,5.1454677372613515,5.0227847757838715,5.048043032558647,3010485.0,42216760.0
2022-12-26,5.080517934126215,5.311450567495589,5.051651354955043,5.3006256003063985,4654960.0,67579144.0
2022-12-27,5.325883857081174,5.365575403441535,5.235675797171263,5.333100501873967,2725720.0,40041664.0
2022-12-28,5.3078422450991924,5.35114211385595,5.260934053946038,5.275367343531624,2504329.0,36755052.0
2022-12-29,5.3006256003063985,5.333100501873967,5.232067474774866,5.242892441964055,2915866.0,42509372.0
2022-12-30,5.264542376342434,5.27897566592802,5.120209480486576,5.188767606018109,5031214.0,72304608.0
2023-01-03,5.177942638828919,5.372792048234328,5.141859414864955,5.333100501873967,6042319.0,88079792.0
2023-01-04,5.304233922702795,5.369183725837932,5.195984250810902,5.264542376342434,5367429.0,78457944.0
2023-01-05,5.268150698738831,5.343925469063157,5.221242507585677,5.304233922702795,4680106.0,68577056.0
2023-01-06,5.282583988324417,5.4774333977298255,5.282583988324417,5.358358758648742,4775460.0,71137872.0
2023-01-09,5.4160919169910855,5.488258364919015,5.3547504362523455,5.387225337819914,5676802.0,85374176.0
2023-01-10,5.369183725837932,5.444958496162258,5.3547504362523455,5.4160919169910855,4079296.0,61030244.0
2023-01-11,5.4160919169910855,5.535166556072169,5.383617015423518,5.4016586274055,6519164.0,98602936.0
2023-01-12,5.434133528973068,5.5026916545046,5.376400370630725,5.459391785747844,4356560.0,65807376.0
2023-01-13,5.463000108144239,5.488258364919015,5.419700239387482,5.455783463351446,3669230.0,55454508.0
2023-01-16,5.4233085617838785,5.520733266486583,5.4233085617838785,5.51351662169379,3925575.0,59718168.0
2023-01-17,5.549599845657755,5.582074747225323,5.5026916545046,5.549599845657755,6202800.0,95424216.0
2023-01-18,5.582074747225323,5.596508036810908,5.5387748784685655,5.553208168054152,3982985.0,61448568.0
2023-01-19,5.578466424828926,5.618157971189287,5.553208168054152,5.607333004000098,3451934.0,53445928.0
2023-01-20,5.621766293585684,5.715582675891992,5.5928997144145125,5.672282807135234,8369586.0,131271632.0
2023-01-30,5.740840932666767,5.924865374882987,5.740840932666767,5.813007380594696,12571922.0,203855568.0
2023-01-31,5.8635238941442465,5.9320820196757795,5.794965768612713,5.823832347783886,6762676.0,109750424.0
2023-02-01,5.845482282162264,5.917648730090193,5.820224025387489,5.895998795711814,9447395.0,153712384.0
2023-02-02,5.924865374882987,5.975381888432536,5.888782150919022,5.942906986864968,6447608.0,106027984.0
2023-02-03,5.942906986864968,5.964556921243348,5.838265637369472,5.92125705248659,5586840.0,91414440.0
2023-02-06,5.92125705248659,6.011465112396501,5.899607118108212,5.950123631657761,7347610.0,121416928.0
2023-02-07,5.9104320852974,6.1413647186667735,5.9104320852974,6.10528149470281,8578645.0,144042224.0
2023-02-08,6.080023237928034,6.49137199111723,6.007856790000105,6.278480969729839,15434775.0,266334512.0
2023-02-09,6.209922844198307,6.307347548901011,6.05476498115326,6.274872647333443,14459502.0,248945696.0
2023-02-10,6.274872647333443,6.383122319225337,6.20631452180191,6.278480969729839,11074717.0,193032192.0
2023-02-13,6.282089292126236,6.404772253603715,6.20631452180191,6.354255740054165,10524625.0,183974144.0
2023-02-14,6.321780838486597,6.393947286414526,6.274872647333443,6.307347548901011,6837618.0,119767216.0
2023-02-15,6.303739226504614,6.401163931207319,6.278480969729839,6.3795139968289405,7430488.0,130909328.0
2023-02-16,6.328997483279389,6.3795139968289405,6.098064849910016,6.134148073873981,9426326.0,163233584.0
2023-02-17,6.163014653045152,6.253222712955064,6.061981625946052,6.07280659313524,8286336.0,140791296.0
2023-02-20,6.07280659313524,6.1702312978379465,6.011465112396501,6.152189685855964,5828476.0,98464088.0
2023-02-21,6.188272909819927,6.2712643249370466,6.108889817099206,6.195489554612721,5675103.0,97090160.0
2023-02-22,6.144973041063171,6.289305936919029,6.137756396270378,6.231572778576686,5858995.0,101079336.0
2023-02-23,6.2568310353514605,6.2568310353514605,6.1485813634595665,6.224356133783893,4641147.0,79733464.0
2023-02-24,6.199097877009117,6.224356133783893,6.061981625946052,6.188272909819927,4864557.0,83092920.0
2023-02-27,6.134148073873981,6.274872647333443,6.10528149470281,6.144973041063171,6174722.0,105570672.0
2023-02-28,6.144973041063171,6.307347548901011,6.10528149470281,6.177447942630739,7074211.0,121570064.0
2023-03-01,6.163014653045152,6.523846892684798,6.134148073873981,6.498588635910024,17006328.0,300545056.0
2023-03-02,6.487763668720834,6.596013340612728,6.2568310353514605,6.289305936919029,15811023.0,279112992.0
2023-03-03,6.310955871297407,6.375905674432545,6.1485813634595665,6.173839620234342,8727082.0,150519120.0
2023-03-06,6.116106461891999,6.260439357747858,6.022290079585692,6.166622975441549,10465748.0,177781184.0
2023-03-07,6.134148073873981,6.20631452180191,6.000640145207312,6.000640145207312,7477410.0,126408464.0
2023-03-08,5.993423500414519,6.112498139495603,5.9862068556217265,6.090848205117223,4594969.0,77226136.0
2023-03-09,6.090848205117223,6.152189685855964,6.029506724378484,6.116106461891999,4364550.0,73752832.0
2023-03-10,6.080023237928034,6.130539751477584,5.97177356603614,5.997031822810916,4924022.0,82264112.0
2023-03-13,5.968165243639744,6.036723369171277,5.9104320852974,6.022290079585692,4874970.0,80733968.0
2023-03-14,5.975381888432536,6.022290079585692,5.831048992576679,5.975381888432536,4630276.0,76021096.0
2023-03-15,6.018681757189294,6.1702312978379465,5.9789902108289334,6.0331150467748795,4820759.0,81093944.0
2023-03-16,6.025898401982087,6.061981625946052,5.914040407693797,5.9320820196757795,4291098.0,71148624.0
2023-03-17,5.97177356603614,6.0475483363604665,5.946515309261366,5.97177356603614,3611591.0,59981272.0
2023-03-20,6.025898401982087,6.220747811387495,6.011465112396501,6.195489554612721,9354662.0,159293200.0
2023-03-21,6.188272909819927,6.249614390558668,6.15579800825236,6.22796445618029,6677909.0,115045208.0
2023-03-22,6.300130904108219,6.393947286414526,6.231572778576686,6.361472384846958,7147980.0,125739096.0
2023-03-23,6.393947286414526,6.484155346324437,6.33982245046858,6.422813865585698,9205885.0,163519680.0
2023-03-24,6.448072122360474,6.5563217942523675,6.39033896401813,6.49137199111723,7727408.0,138500416.0
2023-03-27,6.49137199111723,6.801687717207327,6.458897089549662,6.776429460432551,13145219.0,243746352.0
2023-03-28,6.783646105225344,7.1661282792433685,6.783646105225344,6.848595908360481,17267136.0,331530016.0
2023-03-29,6.783646105225344,6.946020613063184,6.668179788540657,6.693438045315433,11719045.0,220652864.0
2023-03-30,6.7186963020902075,6.812512684396515,6.639313209369485,6.6645714661442605,8824722.0,164007120.0
2023-03-31,6.642921531765882,6.68622140052264,6.523846892684798,6.628488242180296,7655460.0,140401568.0
2023-04-03,6.635704886973089,6.852204230756876,6.617663274991107,6.704263012504621,10925807.0,203151568.0
2023-04-04,6.711479657297415,6.783646105225344,6.639313209369485,6.707871334901018,10137414.0,188781888.0
2023-04-06,6.67539643333345,6.927979001081202,6.639313209369485,6.8882874547208415,13363995.0,252709088.0
2023-04-07,6.895504099513634,6.9424122906667876,6.67539643333345,6.73673791407219,9100353.0,170773120.0
2023-04-10,7.108395120901025,7.14447834486499,6.8197293291893075,6.8341626187748945,15190233.0,292783776.0
2023-04-11,6.83777094117129,6.9351956458739945,6.740346236468586,6.823337651585705,9478983.0,179145200.0
2023-04-12,6.805296039603722,6.9568455802523745,6.754779526054172,6.83777094117129,7430650.0,141514112.0
2023-04-13,6.823337651585705,6.823337651585705,6.603229985405521,6.606838307801917,8346132.0,154277280.0
2023-04-14,6.6645714661442605,6.765604493243361,6.606838307801917,6.707871334901018,5332649.0,98950128.0
2023-04-17,6.689829722919035,6.8197293291893075,6.559930116648763,6.577971728630746,8042173.0,147896128.0
2023-04-18,6.577971728630746,6.747562881261379,6.469722056738852,6.682613078126243,8163496.0,149987536.0
2023-04-19,6.8197293291893075,7.3501527214595885,6.8197293291893075,7.3501527214595885,15389130.0,309559296.0
2023-04-20,7.202211503207334,7.389844267819949,7.036228672973096,7.220253115189316,31321716.0,627250624.0
2023-04-21,7.14447834486499,7.169736601639765,6.805296039603722,6.917154033892014,21161464.0,408212384.0
2023-04-24,7.036228672973096,7.097570153711836,6.224356133783893,6.224356133783893,25274374.0,452512832.0
2023-04-25,6.195489554612721,6.480547023928041,6.101673172306413,6.253222712955064,21156544.0,367778784.0
2023-04-26,6.166622975441549,6.296522581711821,5.960948598846951,6.029506724378484,13098611.0,221703696.0
2023-04-27,6.04394001396407,6.296522581711821,5.964556921243348,6.1485813634595665,11208387.0,192225472.0
2023-04-28,6.1485813634595665,6.419205543189301,6.144973041063171,6.354255740054165,10418455.0,182704096.0
2023-05-04,6.278480969729839,6.397555608810923,6.04394001396407,6.173839620234342,10347624.0,177406528.0
2023-05-05,6.173839620234342,6.173839620234342,5.935690342072175,6.029506724378484,7944346.0,132781584.0
2023-05-08,6.040331691567673,6.087239882720827,5.953731954054158,6.011465112396501,7096760.0,118357088.0
2023-05-09,6.015073434792899,6.04394001396407,5.849090604558661,5.852698926955057,7885535.0,129291544.0
2023-05-10,5.845482282162264,5.849090604558661,5.665066162342441,5.730015965477578,8942106.0,141729520.0
2023-05-11,5.769707511837939,5.852698926955057,5.722799320684785,5.827440670180281,5641615.0,90777272.0
2023-05-12,5.849090604558661,6.061981625946052,5.794965768612713,5.92125705248659,9083883.0,148875728.0
2023-05-15,5.968165243639744,6.04394001396407,5.852698926955057,5.9789902108289334,8827718.0,145753408.0
2023-05-16,5.9789902108289334,5.993423500414519,5.8635238941442465,5.885173828522625,7828936.0,128422608.0
2023-05-17,5.885173828522625,5.917648730090193,5.827440670180281,5.874348861333436,5975783.0,97291536.0
2023-05-18,5.874348861333436,6.292914259315426,5.8635238941442465,6.101673172306413,16713756.0,281284640.0
2023-05-19,6.004248467603709,6.347039095261372,5.885173828522625,6.2568310353514605,18325680.0,315696256.0
2023-05-22,6.26765600254065,6.292914259315426,6.090848205117223,6.166622975441549,10458814.0,179392848.0
2023-05-23,6.195489554612721,6.2171394889911,6.061981625946052,6.090848205117223,8153112.0,138200816.0
2023-05-24,6.0475483363604665,6.188272909819927,6.018681757189294,6.130539751477584,5412779.0,91893624.0
2023-05-25,6.116106461891999,6.484155346324437,6.101673172306413,6.282089292126236,17350168.0,302604384.0
2023-05-26,6.282089292126236,6.877462487531651,6.134148073873981,6.668179788540657,28348122.0,514013408.0
2023-05-29,6.639313209369485,6.891895777117238,6.5418885046667805,6.693438045315433,25690228.0,477100768.0
2023-05-30,6.700654690108225,7.068703574540664,6.549105149459574,6.996537126612735,30959660.0,587259840.0
2023-05-31,7.14447834486499,7.577477032432565,6.931587323477599,7.353761043855984,49703084.0,1002409664.0
2023-06-01,7.173344924036161,7.252728016756884,7.032620350576699,7.2274697599821085,31175136.0,618248128.0
2023-06-02,9.880461154416027,9.885612594016871,9.509557503155364,9.715615087189066,19569398.0,369165760.0
2023-06-05,9.689857889184852,9.818643879205917,9.6228891743739,9.633192053575584,11507722.0,216810320.0
2023-06-06,9.58167765756716,9.633192053575584,9.324105677525033,9.355014315130086,13644817.0,249601712.0
2023-06-07,9.329257117125874,9.530163261558734,9.246834083512393,9.437437348743568,8204046.0,149906720.0
2023-06-08,9.447740227945253,9.813492439605074,9.22107688550818,9.756826603995806,20454772.0,380557376.0
2023-06-09,9.798038120802547,10.333787839290173,9.664100691180641,10.230759047273322,32164868.0,625715648.0
2023-06-12,9.942278429626139,10.04530722164299,9.725917966390751,9.761978043596649,23691704.0,453517632.0
2023-06-13,9.736220845592436,9.839249637609289,9.628040613974743,9.695009328785696,13592127.0,256344192.0
2023-06-14,9.684706449584011,9.859855396012659,9.612586295172216,9.751675164394964,13329961.0,251248048.0
2023-06-15,9.684706449584011,9.926824110823611,9.648646372378114,9.684706449584011,11156416.0,211520448.0
2023-06-16,9.756826603995806,10.199850409668267,9.684706449584011,10.06591298004636,15910019.0,307438144.0
2023-06-19,10.081367298848887,10.220456168071637,9.968035627630352,10.138033134458157,13930166.0,272989728.0
2023-06-20,10.132881694857314,10.189547530466582,9.993792825634564,10.127730255256472,9524138.0,186466912.0
2023-06-21,10.096821617651417,10.344090718491858,9.957732748428665,9.957732748428665,13522696.0,266036192.0
2023-06-26,9.98348994643288,10.14833601365984,9.658949251579799,9.684706449584011,10460176.0,199460272.0
2023-06-27,9.669252130781484,10.16379033246237,9.664100691180641,10.096821617651417,10762824.0,208665984.0
2023-06-28,10.132881694857314,10.132881694857314,9.648646372378114,9.8650068356135,8734220.0,166740848.0
2023-06-29,9.839249637609289,10.457422389710395,9.803189560403391,10.143184574059,14146550.0,279666496.0
2023-06-30,10.16379033246237,10.210153288869952,9.870158275214344,10.060761540445519,12582985.0,245051696.0
2023-07-03,10.14833601365984,10.230759047273322,9.313802798323346,9.339559996327559,25540260.0,475281792.0
2023-07-04,9.324105677525033,9.566223338764631,9.169562489499755,9.504406063554521,13740841.0,251757568.0
2023-07-05,9.468345986348623,9.509557503155364,9.370468633932616,9.375620073533456,8954967.0,163836928.0
2023-07-06,9.427134469541883,9.916521231621926,9.329257117125874,9.452891667546096,10050940.0,187249248.0
2023-07-07,9.385922952735141,9.473497425949466,9.174713929100596,9.303499919121661,7140592.0,128985984.0
2023-07-10,9.329257117125874,9.334408556726718,9.15925961029807,9.185016808302281,5633198.0,100827312.0
2023-07-11,9.169562489499755,9.60228341597053,9.164411049898911,9.555920459562946,10796178.0,197927152.0
2023-07-12,9.540466140760419,9.731069405991594,9.385922952735141,9.40137727153767,8816600.0,162852976.0
2023-07-13,9.427134469541883,9.669252130781484,9.334408556726718,9.617737734773058,10391444.0,191875136.0
2023-07-14,9.684706449584011,9.736220845592436,9.540466140760419,9.58167765756716,7875688.0,147124704.0
2023-07-17,9.571374778365474,9.684706449584011,9.458043107146938,9.499254623953679,6783000.0,125692712.0
2023-07-18,9.530163261558734,9.6228891743739,9.3807715131343,9.416831590340198,6718459.0,123604432.0
2023-07-19,9.421983029941039,9.478648865550308,9.251985523113236,9.324105677525033,5980114.0,108366616.0
2023-07-20,9.344711435928403,9.349862875529244,9.035625059877848,9.06138225788206,7930696.0,141123264.0
2023-07-21,9.009867861873635,9.097442335087958,8.834718915444988,8.911990509457627,6092265.0,105826720.0
2023-07-24,8.886233311453415,9.118048093491328,8.886233311453415,9.009867861873635,4326450.0,75796944.0
2023-07-25,9.092290895487116,9.40137727153767,9.066533697482905,9.308651358722503,9117382.0,164325424.0
2023-07-26,9.344711435928403,9.365317194331771,9.087139455886275,9.118048093491328,5396595.0,96190176.0
2023-07-27,9.143805291495543,9.210774006306496,8.95835346586521,8.973807784667738,4235795.0,74639336.0
2023-07-28,9.004716422272793,9.025322180676163,8.886233311453415,8.891384751054257,4803554.0,83303688.0
2023-07-31,8.95835346586521,9.138653851894698,8.896536190655098,9.009867861873635,5773469.0,101322424.0
2023-08-01,8.99956498267195,9.045927939079533,8.886233311453415,8.953202026264368,5066938.0,88036008.0
2023-08-02,8.932596267860998,9.051079378680376,8.901687630255942,8.963504905466051,3745406.0,65345776.0
2023-08-03,9.025322180676163,9.22107688550818,8.942899147062683,8.99956498267195,6440172.0,113364768.0
2023-08-04,8.99956498267195,9.102593774688803,8.95835346586521,9.071685137083746,4533598.0,79519872.0
2023-08-07,9.025322180676163,9.138653851894698,9.004716422272793,9.066533697482905,3633316.0,63996688.0
2023-08-08,9.066533697482905,9.092290895487116,8.963504905466051,8.968656345066895,2858856.0,49968376.0
2023-08-09,8.93774770746184,9.025322180676163,8.901687630255942,8.942899147062683,3710770.0,64536576.0
2023-08-10,8.942899147062683,9.020170741075322,8.891384751054257,8.942899147062683,2711886.0,47195784.0
2023-08-11,8.911990509457627,8.99956498267195,8.711084365024767,8.721387244226452,4274424.0,73140432.0
2023-08-14,8.705932925423923,8.808961717440777,8.602904133407073,8.793507398638248,3416415.0,57688768.0
2023-08-15,8.808961717440777,8.8604761134492,8.49472390178938,8.530783978995277,6034005.0,100982824.0
2023-08-16,8.530783978995277,8.628661331411287,8.45351238498264,8.47411814338601,4137550.0,68594008.0
2023-08-17,8.499875341390222,8.685327167020555,8.407149428575057,8.6544185294155,3934468.0,65525312.0
2023-08-18,8.69563004622224,8.71623580462561,8.417452307776742,8.417452307776742,2662400.0,44164084.0
2023-08-21,8.422603747377584,8.541086858196962,8.371089351369159,8.381392230570842,2559900.0,42034168.0
2023-08-22,8.360786472167474,8.566844056201175,8.360786472167474,8.541086858196962,3910650.0,64315328.0
2023-08-23,8.505026780991066,8.602904133407073,8.448360945381795,8.458663824583482,3563900.0,59004928.0
2023-08-24,8.505026780991066,8.628661331411287,8.386543670171687,8.43805806618011,3683130.0,60730240.0
2023-08-25,8.412300868175898,8.448360945381795,8.036245777314392,8.087760173322817,6116243.0,97248960.0
2023-08-28,8.499875341390222,8.57714693540286,8.190788965339669,8.216546163343882,6283800.0,102108520.0
2023-08-29,8.216546163343882,8.705932925423923,8.175334646537141,8.65956996901634,7089000.0,117361712.0
2023-08-30,8.726538683827295,8.906839069856783,8.669872848218025,8.752295881831508,6221717.0,106008032.0
2023-08-31,8.752295881831508,8.814113157041618,8.685327167020555,8.75744732143235,4070000.0,69215976.0
2023-09-01,8.83987035504583,8.83987035504583,8.592601254205388,8.721387244226452,3597773.0,60866016.0
2023-09-04,8.747144442230665,8.845021794646675,8.664721408617185,8.83987035504583,4717708.0,80138096.0
2023-09-05,8.829567475844147,8.906839069856783,8.772901640234878,8.79865883823909,5937138.0,101707640.0
2023-09-06,8.772901640234878,8.942899147062683,8.731690123428137,8.932596267860998,5578031.0,96076680.0
2023-09-07,8.911990509457627,8.932596267860998,8.772901640234878,8.772901640234878,3697300.0,63364748.0
2023-09-08,8.845021794646675,8.8604761134492,8.75744732143235,8.814113157041618,2443173.0,41800920.0
2023-09-11,8.788355959037405,8.886233311453415,8.75744732143235,8.850173234247515,4619687.0,79377768.0
2023-09-12,8.896536190655098,9.468345986348623,8.83987035504583,9.17986536870144,19611180.0,350039936.0
2023-09-13,9.15925961029807,9.15925961029807,8.63381277101213,8.762598761033194,15451913.0,264341312.0
2023-09-14,9.272591281516606,9.272591281516606,8.922293388659313,9.004716422272793,20172856.0,356045536.0
2023-09-15,8.911990509457627,8.948050586663525,8.690478606621397,8.752295881831508,11339544.0,193521216.0
2023-09-18,8.69563004622224,8.845021794646675,8.55138973739865,8.711084365024767,8820140.0,149351840.0
2023-09-19,8.65956996901634,8.680175727419712,8.401997988974212,8.505026780991066,8086492.0,133439480.0
2023-09-20,8.489572462188537,8.530783978995277,8.360786472167474,8.360786472167474,4264574.0,69787984.0
2023-09-21,8.360786472167474,8.407149428575057,8.293817757356521,8.329877834562419,3885460.0,62937960.0
2023-09-22,8.329877834562419,8.808961717440777,8.319574955360732,8.762598761033194,11346970.0,190403824.0
2023-09-25,8.700781485823082,8.911990509457627,8.644115650213815,8.6544185294155,7575658.0,128322624.0
2023-09-26,8.623509891810443,8.711084365024767,8.541086858196962,8.608055573007917,5878709.0,98434432.0
2023-09-27,8.57714693540286,8.63896421061297,8.51532966019275,8.561692616600334,5273790.0,87667784.0
2023-09-28,8.57714693540286,8.824416036243303,8.57714693540286,8.762598761033194,7809858.0,132317296.0
2023-10-09,8.73684156302898,8.808961717440777,8.628661331411287,8.75744732143235,5848527.0,99290800.0
2023-10-10,8.762598761033194,8.932596267860998,8.75744732143235,8.850173234247515,5854500.0,100708528.0
2023-10-11,8.896536190655098,9.015019301474478,8.803810277839933,8.973807784667738,7704300.0,133627688.0
2023-10-12,8.99956498267195,9.025322180676163,8.901687630255942,8.963504905466051,5441474.0,94625704.0
2023-10-13,8.886233311453415,9.04077649947869,8.85532467384836,8.948050586663525,4662411.0,81162744.0
2023-10-16,8.948050586663525,8.97895922426858,8.700781485823082,8.75744732143235,4837023.0,82677752.0
2023-10-17,8.726538683827295,8.77805307983572,8.55138973739865,8.705932925423923,4783449.0,80279784.0
2023-10-18,8.623509891810443,8.77805307983572,8.463815264184325,8.525632539394435,3900223.0,64820444.0
2023-10-19,8.499875341390222,8.664721408617185,8.427755186978427,8.443209505780954,4359480.0,72282016.0
2023-10-20,8.45351238498264,8.51532966019275,8.293817757356521,8.304120636558206,5330818.0,86855056.0
2023-10-23,8.278363438553992,8.329877834562419,8.067154414919447,8.128971690129557,5155154.0,81899272.0
2023-10-24,8.27321199895315,8.520481099793592,8.21139472374304,8.49472390178938,7712201.0,125810824.0
2023-10-25,8.525632539394435,8.711084365024767,8.51532966019275,8.644115650213815,6976115.0,116910192.0
2023-10-26,8.499875341390222,8.669872848218025,8.43805806618011,8.63381277101213,5721696.0,95347328.0
2023-10-27,8.608055573007917,8.721387244226452,8.510178220591907,8.690478606621397,5626521.0,94325920.0
2023-10-30,8.63896421061297,8.932596267860998,8.628661331411287,8.87593043225173,8534771.0,146397056.0
2023-10-31,8.95835346586521,9.427134469541883,8.95835346586521,9.169562489499755,17050114.0,305682976.0
2023-11-01,9.17986536870144,9.329257117125874,9.143805291495543,9.210774006306496,7707332.0,138132816.0
2023-11-02,9.24168264391155,9.24168264391155,8.834718915444988,8.8604761134492,6537105.0,114088552.0
2023-11-03,8.886233311453415,9.26228840231492,8.886233311453415,9.22107688550818,7495805.0,133140696.0
2023-11-06,9.272591281516606,9.40137727153767,9.267439841915763,9.288045600319135,9730157.0,175931536.0
2023-11-07,9.272591281516606,9.442588788344409,9.22107688550818,9.349862875529244,8219420.0,149252768.0
2023-11-08,9.329257117125874,9.375620073533456,9.143805291495543,9.26228840231492,5115385.0,91891072.0
2023-11-09,9.190168247903125,9.530163261558734,9.169562489499755,9.20047112710481,5916163.0,106784504.0
2023-11-10,9.148956731096385,9.308651358722503,9.118048093491328,9.20047112710481,4202389.0,75227936.0
2023-11-13,9.251985523113236,9.432285909142724,9.210774006306496,9.288045600319135,9668259.0,175108208.0
2023-11-14,9.313802798323346,9.519860382357049,9.257136962714078,9.442588788344409,8821492.0,161530576.0
2023-11-15,9.519860382357049,9.628040613974743,9.411680150739356,9.530163261558734,8530468.0,157540320.0
2023-11-21,9.365317194331771,9.365317194331771,9.051079378680376,9.071685137083746,21022904.0,375442528.0
2023-11-22,9.045927939079533,9.375620073533456,9.04077649947869,9.102593774688803,15472998.0,277281888.0
2023-11-23,9.123199533092173,9.324105677525033,9.07683657668459,9.303499919121661,7991979.0,143244048.0
2023-11-24,9.303499919121661,9.303499919121661,9.025322180676163,9.045927939079533,7721748.0,136373072.0
2023-11-27,9.08198801628543,9.190168247903125,8.973807784667738,9.118048093491328,5966670.0,105044616.0
2023-11-28,9.143805291495543,9.349862875529244,9.092290895487116,9.293197039919976,7401210.0,132837464.0
2023-11-29,9.318954237924189,9.488951744751994,9.26228840231492,9.308651358722503,6409800.0,116610608.0
2023-11-30,9.318954237924189,9.318954237924189,9.071685137083746,9.174713929100596,6214083.0,110445904.0
2023-12-01,9.174713929100596,9.231379764709866,9.020170741075322,9.190168247903125,5222956.0,92440072.0
2023-12-04,9.236531204310708,9.293197039919976,9.097442335087958,9.22107688550818,5900561.0,105763880.0
2023-12-05,9.215925445907338,9.215925445907338,8.845021794646675,8.8604761134492,7473894.0,129646840.0
2023-12-06,8.845021794646675,8.922293388659313,8.65956996901634,8.705932925423923,6398448.0,108898536.0
2023-12-07,8.705932925423923,8.922293388659313,8.680175727419712,8.886233311453415,5531673.0,94699776.0
2023-12-08,8.891384751054257,9.143805291495543,8.886233311453415,9.015019301474478,4804251.0,84238584.0
2023-12-11,9.015019301474478,9.318954237924189,8.901687630255942,9.303499919121661,9039963.0,160890144.0
2023-12-12,9.298348479520818,9.432285909142724,9.257136962714078,9.427134469541883,8011003.0,145968960.0
2023-12-13,9.427134469541883,9.658949251579799,9.416831590340198,9.442588788344409,9816159.0,181690432.0
2023-12-14,9.463194546747781,9.571374778365474,9.324105677525033,9.329257117125874,5049671.0,92193264.0
2023-12-15,9.329257117125874,9.406528711138513,9.22107688550818,9.28289416071829,5064300.0,91400000.0
2023-12-18,9.298348479520818,9.298348479520818,9.112896653890488,9.138653851894698,4575357.0,81579072.0
2023-12-19,9.164411049898911,9.246834083512393,9.030473620277006,9.226228325109023,4083436.0,72429840.0
2023-12-20,9.272591281516606,9.313802798323346,9.045927939079533,9.06138225788206,5132056.0,91151272.0
2023-12-21,9.06138225788206,9.185016808302281,8.803810277839933,9.112896653890488,5420641.0,94672312.0
2023-12-22,9.133502412293858,9.432285909142724,9.025322180676163,9.06138225788206,8905044.0,158382464.0
2023-12-25,9.164411049898911,9.236531204310708,8.891384751054257,9.025322180676163,7355906.0,129326552.0
2023-12-26,9.015019301474478,9.030473620277006,8.711084365024767,8.762598761033194,5958895.0,101787776.0
2023-12-27,8.75744732143235,9.066533697482905,8.741993002629822,9.020170741075322,5723160.0,99372080.0
2023-12-28,9.07683657668459,9.251985523113236,8.984110663869423,9.210774006306496,6522135.0,116112976.0
2023-12-29,9.246834083512393,9.442588788344409,9.128350972693013,9.416831590340198,7636658.0,138828576.0
2024-01-02,9.437437348743568,9.458043107146938,9.318954237924189,9.329257117125874,5802541.0,105668520.0
2024-01-03,9.329257117125874,9.36016575473093,9.133502412293858,9.17986536870144,6051207.0,108208416.0
2024-01-04,9.169562489499755,9.17986536870144,8.942899147062683,9.030473620277006,5542303.0,97019472.0
2024-01-05,9.025322180676163,9.138653851894698,8.793507398638248,8.850173234247515,5218520.0,90596512.0
2024-01-08,8.886233311453415,8.901687630255942,8.463815264184325,8.51532966019275,10156197.0,169808912.0
2024-01-09,8.55138973739865,8.726538683827295,8.499875341390222,8.571995495802017,5070652.0,84571984.0
2024-01-10,8.49472390178938,8.602904133407073,8.365937911768315,8.525632539394435,4112147.0,67823184.0
2024-01-11,8.47411814338601,8.649267089814655,8.47411814338601,8.618358452209602,4327899.0,72136288.0
2024-01-12,8.582298375003703,8.793507398638248,8.561692616600334,8.644115650213815,4956217.0,83520488.0
2024-01-15,8.582298375003703,8.731690123428137,8.541086858196962,8.664721408617185,3920442.0,65797024.0
2024-01-16,8.597752693806232,8.63381277101213,8.422603747377584,8.520481099793592,5011498.0,82867496.0
2024-01-17,8.51532966019275,8.571995495802017,8.242303361348094,8.288666317755677,4974295.0,81461224.0
2024-01-18,8.247454800948937,8.283514878154834,7.933216985297541,8.23200048214641,8175863.0,128572256.0
2024-01-19,8.242303361348094,8.33502927416326,8.103214492125346,8.11351737132703,4100340.0,65227048.0
2024-01-22,8.11351737132703,8.159880327734614,7.536556136032664,7.5777676528394045,6827530.0,103966472.0
2024-01-23,7.60867629044446,7.794128116074792,7.485041740024238,7.742613720066366,6719275.0,99985728.0
2024-01-24,7.804430995276477,7.845642512083217,7.397467266809914,7.742613720066366,7072043.0,104573632.0
2024-01-25,7.768370918070579,8.067154414919447,7.675645005255413,8.05170009611692,6524980.0,100431592.0
2024-01-26,8.07230585452029,8.087760173322817,7.917762666495013,7.95382274370091,4403322.0,68428320.0
2024-01-29,8.000185700108494,8.020791458511864,7.6498878072512,7.680796444856256,4747994.0,71434840.0
2024-01-30,7.670493565654571,7.685947884457098,7.433527344015812,7.433527344015812,5968054.0,87133520.0
2024-01-31,7.382012948007387,7.552010454835192,7.011109296746723,7.036866494750935,7305891.0,101909992.0
2024-02-01,7.072926571956834,7.232621199582952,6.877171867124816,7.083229451158519,7141559.0,97990760.0
2024-02-02,7.067775132355991,7.217166880780425,6.444450940654041,6.696871481095327,8269965.0,108860928.0
2024-02-05,6.696871481095327,6.696871481095327,6.027184332985794,6.09930448739759,12002017.0,144471440.0
2024-02-06,6.001427134981581,6.568085491074263,5.795369550947878,6.444450940654041,11232022.0,135031936.0
2024-02-07,6.578388370275947,7.0214121759484085,6.459905259456568,6.902929065129029,11746948.0,155500080.0
2024-02-08,6.902929065129029,7.49019317962508,6.877171867124816,7.464435981620868,11997913.0,169722592.0
2024-02-19,7.624130609246987,7.701402203259625,7.4592845420200256,7.593221971641932,9908767.0,145809488.0
2024-02-20,7.552010454835192,7.552010454835192,7.325347112398119,7.4283759044149695,7563240.0,108834088.0
2024-02-21,7.454133102419183,7.660190686452885,7.382012948007387,7.433527344015812,7489437.0,109207008.0
2024-02-22,7.474738860822553,7.958974183301753,7.4283759044149695,7.711705082461311,11923214.0,177420208.0
2024-02-23,7.6498878072512,7.722007961662996,7.541707575633507,7.711705082461311,9652087.0,143164320.0
2024-02-26,7.706553642860468,7.984731381305966,7.701402203259625,7.819885314079004,10070800.0,153559248.0
2024-02-27,7.8662482704865875,8.602904133407073,7.7374622804655235,8.602904133407073,15841775.0,254550464.0
2024-02-28,8.803810277839933,9.004716422272793,8.144426008932086,8.170183206936299,22012722.0,366949088.0
2024-02-29,8.046548656516077,8.55654117699949,8.041397216915234,8.510178220591907,14591882.0,237552816.0
2024-03-01,8.510178220591907,9.092290895487116,8.510178220591907,9.092290895487116,20997992.0,361491168.0
2024-03-04,9.58167765756716,10.004095704836251,9.535314701159578,9.880461154416027,45189484.0,862144960.0
2024-03-05,9.818643879205917,10.483179587714607,9.777432362399177,9.870158275214344,41172184.0,801155328.0
2024-03-06,9.82379531880676,10.400756554101127,9.628040613974743,10.277122003680905,29023402.0,566886976.0
2024-03-07,10.277122003680905,10.416210872903653,10.009247144437092,10.199850409668267,21116976.0,419314624.0
2024-03-08,10.199850409668267,10.936506272588753,10.096821617651417,10.843780359773588,26952236.0,554423168.0
2024-03-11,10.457422389710395,10.462573829311237,10.071064419647204,10.328636399689332,24903118.0,495769856.0
2024-03-12,10.26681912447922,10.395605114500285,9.94742986922698,10.194698970067424,17245436.0,339107552.0
2024-03-13,10.426513752105338,11.049837943807288,10.199850409668267,10.781963084563476,30504796.0,630747840.0
2024-03-14,10.457422389710395,10.606814138134828,10.16379033246237,10.26681912447922,16703812.0,334999392.0
2024-03-15,10.055610100844675,10.28742488288259,9.931975550424454,10.210153288869952,19013288.0,373665376.0
2024-03-18,10.210153288869952,10.328636399689332,10.040155782042147,10.251364805676692,17157894.0,339674304.0
2024-03-19,10.302879201685117,10.333787839290173,9.973187067231194,10.009247144437092,13663489.0,267570432.0
2024-03-20,10.004095704836251,10.117427376054787,9.885612594016871,10.009247144437092,12331158.0,238921264.0
2024-03-21,9.993792825634564,10.019550023638777,9.674403570382326,9.767129483197492,13580851.0,258515216.0
2024-03-22,9.772280922798334,9.859855396012659,9.530163261558734,9.689857889184852,13384193.0,251684704.0
2024-03-25,9.684706449584011,9.782583802000019,9.385922952735141,9.396225831936826,10967856.0,204345504.0
2024-03-26,9.40137727153767,9.555920459562946,9.185016808302281,9.288045600319135,9707953.0,176284064.0
2024-03-27,9.324105677525033,9.36016575473093,9.015019301474478,9.020170741075322,8926099.0,158356720.0
2024-03-28,8.989262103470265,9.710463647588224,8.989262103470265,9.437437348743568,15806600.0,289134336.0
2024-03-29,9.468345986348623,9.700160768386537,9.20047112710481,9.669252130781484,12408328.0,228515168.0
2024-04-01,9.761978043596649,9.808341000004232,9.452891667546096,9.591980536768846,13657888.0,255313920.0
2024-04-02,9.58167765756716,9.617737734773058,9.324105677525033,9.396225831936826,11682055.0,214046448.0
2024-04-03,9.385922952735141,9.458043107146938,9.143805291495543,9.246834083512393,10606257.0,190178000.0
2024-04-08,9.164411049898911,9.313802798323346,8.953202026264368,8.968656345066895,12997777.0,229449008.0
2024-04-09,9.030473620277006,9.066533697482905,8.8604761134492,8.953202026264368,6734126.0,116865128.0
2024-04-10,8.989262103470265,9.035625059877848,8.623509891810443,8.705932925423923,9559458.0,162205840.0
2024-04-11,8.705932925423923,8.793507398638248,8.63381277101213,8.65956996901634,7142749.0,120630016.0
2024-04-12,8.705932925423923,9.17986536870144,8.705932925423923,8.886233311453415,13078761.0,226920288.0
2024-04-15,8.808961717440777,9.066533697482905,8.6544185294155,8.762598761033194,11228163.0,192251856.0
2024-04-16,8.726538683827295,8.819264596642462,8.319574955360732,8.329877834562419,11241600.0,185568864.0
2024-04-17,8.43290662657927,8.6544185294155,8.422603747377584,8.53593541859612,8796883.0,145602832.0
2024-04-18,8.53593541859612,8.772901640234878,8.324726394961575,8.618358452209602,8500769.0,141999824.0
2024-04-19,8.55138973739865,8.57714693540286,8.298969196957362,8.417452307776742,8426965.0,137736384.0
2024-04-22,8.43805806618011,8.510178220591907,8.170183206936299,8.396846549373372,6958180.0,113127744.0
2024-04-23,8.412300868175898,8.525632539394435,8.21139472374304,8.288666317755677,7273900.0,117223136.0
2024-04-24,8.340180713764104,8.819264596642462,8.340180713764104,8.808961717440777,15117428.0,253181648.0
2024-04-25,8.75744732143235,8.75744732143235,8.268060559352307,8.479269582986852,22301286.0,366230592.0
2024-04-26,8.458663824583482,9.020170741075322,8.458663824583482,8.973807784667738,25024898.0,427246272.0
2024-04-29,9.205622566705653,9.40137727153767,9.015019301474478,9.298348479520818,24969856.0,446805376.0
2024-04-30,9.607434855571372,9.746523724794123,9.210774006306496,9.308651358722503,25816388.0,473036608.0
2024-05-06,9.468345986348623,9.628040613974743,9.329257117125874,9.427134469541883,18030568.0,331583776.0
2024-05-07,9.427134469541883,9.761978043596649,9.385922952735141,9.473497425949466,19504644.0,362768992.0
2024-05-08,9.375620073533456,9.854703956411814,9.355014315130086,9.561071899163789,19360566.0,360670176.0
2024-05-09,9.432285909142724,9.566223338764631,9.36016575473093,9.540466140760419,14384730.0,264900352.0
2024-05-10,9.540466140760419,9.561071899163789,9.318954237924189,9.349862875529244,13247489.0,241671792.0
2024-05-13,9.22107688550818,9.535314701159578,9.123199533092173,9.195319687503968,19134524.0,346473376.0
2024-05-14,9.20047112710481,9.40137727153767,9.190168247903125,9.272591281516606,11540731.0,208089936.0
2024-05-15,9.28289416071829,9.566223338764631,9.195319687503968,9.370468633932616,10919950.0,199378032.0
2024-05-16,9.427134469541883,9.6228891743739,9.370468633932616,9.463194546747781,13781719.0,254017920.0
2024-05-17,9.427134469541883,9.725917966390751,9.28289416071829,9.725917966390751,11993832.0,220028448.0
2024-05-20,9.720766526789909,9.720766526789909,9.468345986348623,9.535314701159578,16581604.0,307678240.0
2024-05-21,9.586829097168001,9.597131976369687,9.313802798323346,9.36016575473093,10185951.0,186137168.0
2024-05-22,9.375620073533456,9.406528711138513,9.246834083512393,9.3807715131343,8833900.0,160195728.0
2024-05-23,9.416831590340198,9.416831590340198,9.169562489499755,9.215925445907338,10115300.0,182142000.0
2024-05-24,9.22107688550818,9.318954237924189,8.953202026264368,9.045927939079533,11937247.0,210535632.0
2024-05-27,8.973807784667738,9.329257117125874,8.953202026264368,9.313802798323346,9322615.0,165173216.0
2024-05-28,9.24168264391155,9.406528711138513,9.066533697482905,9.097442335087958,8509997.0,152243440.0
2024-05-29,9.071685137083746,9.22107688550818,9.020170741075322,9.066533697482905,6006100.0,106146896.0
2024-05-30,9.035625059877848,9.257136962714078,8.87593043225173,9.056230818281218,7503260.0,132416256.0
2024-05-31,9.071685137083746,9.318954237924189,9.020170741075322,9.205622566705653,9043627.0,162174576.0
2024-06-03,9.24168264391155,9.411680150739356,9.133502412293858,9.27774272111745,10304274.0,185695008.0
2024-06-04,9.293197039919976,9.334408556726718,9.030473620277006,9.22107688550818,8754603.0,155493488.0
2024-06-05,9.272591281516606,9.669252130781484,9.22107688550818,9.545617580361263,24043300.0,444988736.0
2024-06-06,9.679555009983169,10.107124496853102,9.509557503155364,9.540466140760419,37035936.0,705943680.0
2024-06-07,9.787735241600862,9.82379531880676,9.432285909142724,9.545617580361263,21468868.0,401822208.0
2024-06-11,9.427134469541883,10.071064419647204,9.355014315130086,10.06591298004636,26851210.0,509108320.0
2024-06-12,9.957732748428665,10.338939278891015,9.885612594016871,10.143184574059,29610036.0,584388672.0
2024-06-13,10.199850409668267,10.622268456937357,10.02470146323962,10.302879201685117,32509996.0,652356352.0
2024-06-14,10.199850409668267,10.921051953786225,10.194698970067424,10.637722775739883,34569388.0,712301632.0
2024-06-17,10.560451181727245,10.637722775739883,10.261667684878379,10.478028148113765,21711448.0,440513408.0
2024-06-18,10.411059433302812,10.97256634979465,10.380150795697755,10.611965577735672,21708930.0,450231712.0
2024-06-19,13.68671457846421,13.83637050327843,13.435020523094837,13.571071363835038,14692953.0,293362400.0
2024-06-20,13.496243401427927,13.605084074020088,13.122103589392374,13.169721383651446,14304829.0,280221344.0
2024-06-21,13.006460374763206,13.401007812909787,12.945237496430115,13.298969682354636,10604385.0,206107120.0
2024-06-24,13.135708673466395,13.904395923648531,13.128906131429385,13.217339177910516,16940714.0,336197696.0
2024-06-25,13.115301047355366,13.210536635873508,12.625518020690642,12.768371403467853,14078530.0,266112224.0
2024-06-26,12.863606991985995,13.298969682354636,12.727556151245793,13.264956972169585,10453933.0,200694880.0
2024-06-27,13.162918841614436,13.435020523094837,12.931632412356095,13.094893421244334,11563640.0,224302144.0
2024-06-28,12.911224786245064,13.707122204575239,12.856804449948983,13.428217981057827,15935420.0,315465664.0
2024-07-01,13.394205270872778,13.503045943464938,12.788779029578883,13.264956972169585,12155080.0,233938240.0
2024-07-02,13.298969682354636,13.591478989946069,12.822791739763934,12.965645122541144,11156284.0,214562080.0
2024-07-03,13.040473084948255,13.863580671426469,13.040473084948255,13.414612896983806,24954196.0,496296064.0
2024-07-04,13.945211175870591,14.754713678274786,13.829567961241418,14.754713678274786,43968312.0,937922944.0
2024-07-05,14.734306052163756,14.843146724755917,13.67310949439019,14.543834875127473,52234152.0,1097251200.0
2024-07-08,14.217312857350992,14.387376408276243,13.87718575550049,14.217312857350992,30460122.0,632631296.0
2024-07-09,14.135682352906873,15.1696687425324,13.754739998834308,15.020012817718177,41589144.0,892291776.0
2024-07-10,14.938382313274058,16.523374607897395,14.822739098644886,16.210457674194934,58249596.0,1366439168.0
2024-07-11,16.394126309194206,17.829462679003328,16.394126309194206,17.353284736412625,73648048.0,1869387904.0
2024-07-12,16.83629154159986,16.924724588080988,16.380521225120184,16.428139019379255,53440136.0,1305595648.0
2024-07-15,16.591400028267497,16.73425341104471,16.142432253824836,16.326100888824108,36517768.0,882388864.0
2024-07-16,16.047196665306693,17.142405933265312,16.019986497158655,17.142405933265312,45680136.0,1125422336.0
2024-07-17,16.727450869007697,16.73425341104471,15.42816533993878,15.42816533993878,46495248.0,1088321664.0
2024-07-18,14.904369603089007,15.33292975142064,14.611860295497575,15.149261116421368,36912500.0,809971200.0
2024-07-19,14.965592481422098,15.094840780125288,14.700293341978705,14.775121304385815,27053988.0,591535936.0
2024-07-22,14.693490799941696,15.006407733644156,14.482611996794384,14.924777229200037,24218056.0,526125728.0
2024-07-23,15.26490433105054,15.42816533993878,14.693490799941696,14.720700968089735,32333380.0,716494272.0
2024-07-24,14.332956071980163,14.734306052163756,14.128879810869861,14.183300147165943,29328252.0,619210496.0
2024-07-25,13.856778129389461,14.04724930642574,13.639096784205138,13.707122204575239,23012776.0,466429184.0
2024-07-26,13.84317304531544,14.224115399388003,13.74113491476029,13.97922388605564,18722928.0,383986464.0
2024-07-29,14.09486710068481,14.332956071980163,13.863580671426469,13.97922388605564,15402287.0,318180288.0
2024-07-30,14.074459474573782,14.264930651610062,13.890790839574512,14.026841680314712,17084768.0,353619424.0
2024-07-31,13.80916033513039,14.557439959201494,13.71392474661225,14.489414538831396,25497448.0,534528736.0
2024-08-01,14.659478089756647,14.734306052163756,14.292140819758105,14.373771324202222,19453510.0,413520768.0
2024-08-02,14.020039138277701,14.244523025499033,13.584676447909057,13.598281531983078,24944604.0,506654624.0
2024-08-05,13.326179850502676,13.394205270872778,12.530282432172502,12.530282432172502,26159152.0,496542304.0
2024-08-06,12.775173945504864,13.013262916800214,12.720753609208781,12.863606991985995,15252761.0,287888544.0
2024-08-07,12.843199365874963,12.924829870319083,12.700345983097753,12.775173945504864,9011720.0,169565376.0
2024-08-08,12.564295142357551,12.870409534023004,12.44184938569137,12.781976487541872,9778944.0,181942960.0
2024-08-09,12.992855290689185,13.115301047355366,12.795581571615893,12.795581571615893,10056510.0,191063776.0
2024-08-12,12.747963777356821,12.986052748652174,12.632320562727653,12.870409534023004,7969200.0,150466624.0
2024-08-13,12.829594281800944,13.108498505318355,12.707148525134762,12.931632412356095,9847000.0,186300592.0
2024-08-14,13.033670542911246,13.135708673466395,12.768371403467853,12.931632412356095,10934141.0,208307440.0
2024-08-15,12.911224786245064,13.190129009762476,12.822791739763934,13.006460374763206,11132999.0,213306480.0
2024-08-16,13.094893421244334,13.373797644761748,13.060880711059285,13.251351888095567,13999802.0,272558144.0
2024-08-19,13.196931551799485,13.441823065131848,13.101695963281346,13.271759514206597,8725791.0,170434848.0
2024-08-20,13.264956972169585,13.332982392539687,12.952040038467123,13.020065458837225,8097611.0,155752208.0
2024-08-21,12.924829870319083,13.258154430132576,12.843199365874963,13.135708673466395,7247690.0,139750112.0
2024-08-22,13.135708673466395,13.224141719947527,12.754766319393832,12.918027328282072,8479942.0,161379072.0
2024-08-23,12.952040038467123,13.047275626985265,12.700345983097753,12.836396823837955,8720186.0,165045488.0
2024-08-26,12.952040038467123,13.006460374763206,12.686740899023732,12.863606991985995,9595409.0,181228736.0
2024-08-27,12.802384113652904,12.850001907911974,12.55069005828353,12.591505310505593,6871680.0,127923728.0
2024-08-28,12.557492600320542,12.822791739763934,12.543887516246523,12.754766319393832,7497413.0,139895328.0
2024-08-29,12.673135814949712,13.156116299577425,12.428244301617351,12.999657832726195,11945307.0,225263440.0
2024-08-30,13.020065458837225,13.972421344018631,13.013262916800214,13.7479374567973,18496456.0,371875200.0
2024-09-02,13.645899326242148,13.856778129389461,13.285364598280617,13.312574766428657,12256892.0,243350736.0
2024-09-03,13.271759514206597,13.65270186827916,13.224141719947527,13.428217981057827,9516650.0,188114672.0
2024-09-04,13.162918841614436,13.945211175870591,12.918027328282072,13.754739998834308,18458818.0,365656736.0
2024-09-05,13.95881625994461,15.128853490310338,13.95881625994461,15.128853490310338,38972952.0,845913088.0
2024-09-06,15.41456025586476,15.557413638641972,14.605057753460564,14.747911136237775,36107352.0,792340352.0
2024-09-09,14.169695063091922,14.679885715867675,14.013236596240692,14.591452669386545,22810692.0,480518560.0
2024-09-10,14.693490799941696,14.727503510126745,13.8839882975375,14.366968782165214,21890468.0,457340832.0
2024-09-11,14.366968782165214,14.639070463645615,13.999631512166669,14.088064558647803,19561208.0,411396640.0
2024-09-12,14.074459474573782,14.346561156054182,13.401007812909787,13.475835775316897,21742830.0,440826080.0
2024-09-13,13.475835775316897,14.251325567536043,13.387402728835767,13.77514762494534,23505504.0,481017664.0
2024-09-18,13.76834508290833,13.8839882975375,13.115301047355366,13.149313757540414,14048020.0,275977792.0
2024-09-19,13.224141719947527,13.591478989946069,12.931632412356095,13.523453569575967,15565887.0,304762560.0
2024-09-20,13.97922388605564,14.312548445869133,13.700319662538229,13.754739998834308,18626288.0,380485568.0
2024-09-23,13.401007812909787,14.04724930642574,13.094893421244334,13.509848485501948,15633351.0,312958720.0
2024-09-24,14.054051848462752,14.543834875127473,13.639096784205138,14.462204370683356,29317926.0,611021056.0
2024-09-25,14.373771324202222,14.843146724755917,14.101669642721822,14.122077268832854,28674300.0,608821632.0
2024-09-26,14.122077268832854,14.945184855311066,14.122077268832854,14.945184855311066,28878712.0,620284224.0
2024-09-27,14.856751808829937,15.815910236048353,14.693490799941696,15.747884815678251,22548426.0,504001376.0
2024-09-30,16.101617001602776,17.32607456826458,15.734279731604232,17.32607456826458,35246108.0,862439872.0
2024-10-08,19.060722787702144,19.060722787702144,17.32607456826458,19.060722787702144,35301916.0,958202624.0
2024-10-09,18.373666041964132,20.897409137694854,17.686609296226116,19.87022529010634,43244512.0,1233948416.0
2024-10-10,19.08793295585018,19.230786338627397,17.883883015299407,18.16278723881682,41287416.0,1107650432.0
2024-10-11,17.475730493078803,17.958710977706517,16.394126309194206,16.434941561416267,33200448.0,828633472.0
2024-10-14,16.305693262713074,16.77506866326677,15.652649227160113,16.76146357919275,27791156.0,662550144.0
2024-10-15,16.462151729564308,16.66622799067461,15.904343282529483,15.917948366603502,28819032.0,689671104.0
2024-10-16,15.577821264753,15.645846685123102,14.523427249016445,14.788726388459835,67738120.0,1482830464.0
2024-10-17,14.788726388459835,15.373745003642702,14.659478089756647,14.965592481422098,44274536.0,979870464.0
2024-10-18,14.958789939385086,16.462151729564308,14.883961976977977,16.135629711787825,71461920.0,1680621184.0
2024-10-21,16.305693262713074,17.05397288678418,16.060801749380715,16.62541273845255,65568544.0,1604345984.0
2024-10-22,16.924724588080988,18.176392322890838,16.60500511234152,17.468927951041792,59462888.0,1511315200.0
2024-10-23,17.026762718636142,18.706990601777623,16.8635017097479,18.26482536937197,59706476.0,1556026368.0
2024-10-24,18.67978043362958,19.462072767885736,17.924698267521467,18.30564062159403,59303920.0,1618123648.0
2024-10-25,19.060722787702144,19.380442263441616,18.02673639807662,18.23081265918692,49147168.0,1337644032.0
2024-10-28,18.217207575112898,18.23081265918692,17.087985596969233,17.584571165670965,45769520.0,1179894784.0
2024-10-29,17.26485168993149,19.346429553256566,17.210431353635414,18.781818564184732,75750744.0,2065805184.0
2024-10-30,18.36686349992712,19.509690562144808,17.958710977706517,19.047117703628125,62438788.0,1728239872.0
2024-10-31,18.911066862887925,20.523269325659303,18.60495247122247,20.135524429549733,61642608.0,1770487296.0
2024-11-01,19.679754113070057,20.12191934547571,18.843041442517823,18.904264320850913,50418040.0,1430307456.0
2024-11-04,18.904264320850913,19.96546087862448,18.570939761037422,18.81583127436978,40081560.0,1129727488.0
2024-11-05,18.625360097333502,20.584492203992394,18.509716882704332,20.271575270289933,57496964.0,1665321088.0
2024-11-06,20.659320166399507,22.298732797318927,20.074301551216642,22.18989212472676,79470280.0,2507878912.0
2024-11-07,22.448388722133146,22.6184522730584,21.30556165991546,21.58446588343287,50373696.0,1618305152.0
2024-11-08,21.3327718280635,23.591215784350833,21.32596928602649,22.672872609354478,48222796.0,1600210304.0
2024-11-11,22.863343786390757,24.93811910767882,22.863343786390757,23.829304755646184,51795384.0,1825565184.0
2024-11-12,24.012973390645453,25.448309760454574,23.20347088824126,23.924540344164328,47324176.0,1692718720.0
2024-11-13,23.12864292583415,23.17626072009322,21.856567564913274,22.448388722133146,52109332.0,1715319168.0
2024-11-14,22.142274330467693,23.115037841760127,21.958605695468425,22.081051452134606,32471010.0,1074603136.0
2024-11-15,21.938198069357394,22.081051452134606,20.877001511583828,20.883804053620835,35571624.0,1122841984.0
2024-11-18,21.223931155471337,21.856567564913274,20.904211679731866,21.3327718280635,31369160.0,989292416.0
2024-11-19,21.734121808247092,22.97898700101993,21.734121808247092,22.93136920676086,40788296.0,1348527232.0
2024-11-20,23.040209879353018,23.264693766574354,22.346350591577995,22.808923450094678,30468172.0,1018505664.0
2024-11-21,22.50961160046624,22.91096158064983,21.985815863616462,22.550426852688297,20393892.0,675286272.0
2024-11-22,22.339548049540987,22.788515823983648,20.536874409733326,20.618504914177443,36007856.0,1140048512.0
2024-11-25,20.475651531400235,20.979039642138975,19.951855794550458,20.802173549176715,22022888.0,665018240.0
2024-11-26,20.625307456214454,20.625307456214454,19.972263420661488,20.01307867288355,20787292.0,618037824.0
2024-11-27,19.72737190732913,20.400823568993122,19.047117703628125,20.387218484919103,26082184.0,756802944.0
2024-11-28,20.20354984991983,20.57088711991837,19.774989701588197,19.92464562640242,17958196.0,531104864.0
2024-11-29,19.79539732769923,21.59807096750689,19.73417444936614,21.006249810287017,30032656.0,916524928.0
2024-12-02,20.951829473990937,22.6184522730584,20.951829473990937,22.46199380620717,33657748.0,1085350400.0
2024-12-03,22.36675821768903,22.645662441206436,21.34637691213752,21.740924350284104,25344104.0,814601024.0
2024-12-04,21.56405825732184,22.523216684540255,21.55045317324782,21.86337010695028,19970824.0,645203072.0
2024-12-05,21.65929384583998,22.04703874194955,21.087880314731137,21.37358708028556,26034848.0,821175296.0
2024-12-06,21.319166743989477,21.693306556025032,20.985842184175986,21.34637691213752,17624774.0,553204928.0
2024-12-09,21.35317945417453,22.040236199912542,21.33957437010051,21.63208367769194,20184632.0,643385408.0
2024-12-10,22.380363301763044,22.788515823983648,21.64568876176596,22.203497208800783,27948910.0,918300672.0
2024-12-11,22.108261620282644,23.2306810563893,21.77493706046915,22.795318366020656,22685792.0,755100480.0
2024-12-12,23.10823529972312,23.2306810563893,22.373560759726036,22.516414142503248,16872288.0,562291008.0
2024-12-13,22.244312461022847,22.550426852688297,21.35317945417453,21.380389622322568,23256012.0,745348608.0
2024-12-16,21.38719216435958,21.53004554713679,20.802173549176715,20.904211679731866,15631627.0,484810144.0
2024-12-17,21.019854894361035,21.713714182136062,20.645715082325484,20.740950670843624,19176784.0,599041472.0
2024-12-18,20.815778633250737,21.359981996211538,20.448441363252194,21.026657436398047,16415365.0,506919168.0
2024-12-19,20.543676951770333,21.176313361212266,20.407626111030133,20.93822438991692,12233203.0,374621536.0
2024-12-20,20.917816763805885,21.80214722861719,20.754555754917646,21.64568876176596,18678152.0,588099584.0
2024-12-23,21.53004554713679,21.62528113565493,19.761384617514178,19.90423800029139,30491738.0,914907712.0
2024-12-24,19.86342274806933,20.394021026956114,19.45527022584873,19.80900241177325,24408460.0,709475456.0
2024-12-25,19.99947358880953,20.03348629899458,18.843041442517823,19.611728692699955,21556586.0,613921216.0
2024-12-26,19.598123608625936,20.441638821215182,19.51649310418182,20.387218484919103,23751040.0,701380160.0
2024-12-27,20.740950670843624,21.734121808247092,20.387218484919103,21.21032607139732,35573712.0,1108187008.0
2024-12-30,20.951829473990937,21.70010909806204,20.666122708436514,21.149103193064228,20469372.0,636914240.0
2024-12-31,21.149103193064228,21.319166743989477,19.99947358880953,19.99947358880953,26743088.0,805149760.0
2025-01-02,19.87022529010634,20.516466783622292,19.645741402885008,19.9790659626985,19182704.0,567690304.0
2025-01-03,19.84981766399531,20.407626111030133,19.292009216960484,19.387244805478627,18403748.0,538668800.0
2025-01-06,19.543703272329857,20.645715082325484,19.264799048812446,19.604926150662948,18789016.0,548777216.0
2025-01-07,19.59132106658893,20.06069646714262,19.339627011219555,19.93825071047644,17678062.0,513150272.0
2025-01-08,19.74777953344016,20.24436510214189,19.237588880664404,20.08790663529066,20211734.0,585042176.0
2025-01-09,19.99267104677252,22.09465653620862,19.9790659626985,22.09465653620862,50024876.0,1572118400.0
2025-01-10,21.836159938802243,22.530019226577267,21.44161250065566,21.48242775287772,38633352.0,1246691584.0
2025-01-13,21.019854894361035,21.59807096750689,20.679727792510533,21.35317945417453,21020660.0,654562048.0
2025-01-14,21.48242775287772,22.98578954305694,21.019854894361035,22.93136920676086,34205620.0,1121180544.0
2025-01-15,22.842936160279727,23.10823529972312,22.251115003059855,22.502809058429225,20430812.0,677653376.0
2025-01-16,22.78171328194664,22.897356496575807,21.754529434358123,22.053841283986564,21910292.0,715647680.0
2025-01-17,22.006223489727493,23.047012421390033,21.77493706046915,22.71368786157654,24679908.0,820018688.0
2025-01-20,23.115037841760127,23.808897129535154,22.672872609354478,23.570808158239803,29571416.0,1013258688.0
2025-01-21,23.353126813055482,23.768081877313094,23.101432757686112,23.373534439166512,21937860.0,756622208.0
2025-01-22,23.19666834620425,24.448336081014098,23.060617505464048,23.808897129535154,26417884.0,927002496.0
2025-01-23,23.808897129535154,24.37350811860699,22.686477693428497,22.808923450094678,29977112.0,1030424768.0
2025-01-24,22.70688531953953,23.700056456942995,22.380363301763044,23.468770027684652,25158118.0,849494016.0
2025-01-27,23.142248009908172,23.20347088824126,21.8769751910243,21.965408237505432,20467644.0,670731136.0
2025-02-05,22.162681956578723,22.203497208800783,20.353205774734054,20.802173549176715,28416472.0,870677568.0
2025-02-06,20.883804053620835,22.883751412501788,20.815778633250737,22.883751412501788,38119536.0,1234137088.0
2025-02-07,23.679648830831965,25.169405536937163,23.679648830831965,25.169405536937163,62572120.0,2280406784.0
2025-02-10,25.597965685268797,25.686398731749925,24.33269286638493,25.142195368789125,57069096.0,2088163072.0
2025-02-11,25.312258919714374,25.468717386565604,24.73404284656852,25.10138011656706,30348778.0,1120878976.0
2025-02-12,24.972131817863872,26.38706056156196,24.76125301471656,26.05373600174847,39442624.0,1498393600.0
2025-02-13,25.91768516100827,26.176181758414646,24.57758437971729,24.63880725805038,33372944.0,1242027648.0
2025-02-14,24.890501313419755,25.142195368789125,24.169431857496686,24.400718286755026,22919900.0,829068480.0
2025-02-17,25.00614452804892,26.61154444878329,24.98573690193789,26.244207178784748,43461620.0,1664564992.0
2025-02-18,26.35985039341392,27.77477913711201,24.291877614162868,24.529966585458222,59388112.0,2238755072.0
2025-02-19,23.774884419350105,25.611570769342816,23.686451372868973,25.482322470639627,39352808.0,1446978944.0
2025-02-20,25.577558059157766,25.904080076934246,24.747647930642543,25.04695978027098,23975288.0,885547904.0
2025-02-21,24.992539443974906,27.05370968118895,24.82927843508666,26.883646130263696,40722628.0,1559350016.0
2025-02-24,26.665964785079375,26.665964785079375,25.604768227305808,25.91088261897126,37062252.0,1414443776.0
2025-02-25,26.3462453093399,26.97888171878183,25.591163143231785,26.23740463674774,38441796.0,1482074496.0
2025-02-26,25.713608899897967,25.713608899897967,24.82927843508666,25.339469087862415,43667108.0,1614120192.0
2025-02-27,25.169405536937163,25.169405536937163,22.92456666472385,23.591215784350833,56969048.0,1996528128.0
2025-02-28,22.85654124435375,23.264693766574354,21.57086079935885,21.883777733061315,45153932.0,1479604480.0
2025-03-03,22.006223489727493,22.101459078245636,20.965434558064956,21.176313361212266,27072914.0,854794624.0
2025-03-04,20.93822438991692,21.80214722861719,20.849791343435786,21.652491303802968,22182800.0,699994240.0
2025-03-05,21.56405825732184,21.870172648987293,21.162708277138247,21.70691164009905,26930740.0,850524800.0
2025-03-06,21.84296248083925,22.570834478799327,21.672898929914002,22.448388722133146,34392272.0,1123313792.0
2025-03-07,22.11506416231965,22.353153133615006,21.68650401398802,21.836159938802243,21692168.0,701692800.0
2025-03-10,21.693306556025032,22.09465653620862,21.33957437010051,21.65929384583998,21054532.0,668540032.0
2025-03-11,21.101485398805156,21.59126842546988,20.808976091213726,20.924619305842896,27730356.0,860000448.0
2025-03-12,21.087880314731137,21.41440233250762,20.99944726825001,21.169510819175258,23434278.0,731054080.0
2025-03-13,21.3327718280635,21.41440233250762,20.407626111030133,20.652517624362495,28457880.0,878528384.0
2025-03-14,20.611702372140435,21.740924350284104,20.543676951770333,21.64568876176596,37569680.0,1179958528.0
2025-03-17,21.740924350284104,21.904185359172345,21.23073369750835,21.65929384583998,24089188.0,761386112.0
2025-03-18,21.618478593617922,22.108261620282644,21.33957437010051,21.979013321579455,32468300.0,1036756416.0
2025-03-19,21.76813451843214,21.76813451843214,21.108287940842168,21.203523529360307,25542702.0,804428032.0
2025-03-20,21.1967209873233,21.66609638787699,21.162708277138247,21.34637691213752,15480295.0,488597312.0
2025-03-21,21.264746407693398,21.47562521084071,20.598097288066416,20.822581175287745,16204227.0,498997856.0
2025-03-24,20.904211679731866,21.047065062509077,20.06749900917963,20.672925250473526,17797728.0,535876000.0
2025-03-25,21.081077772694126,21.39399470639659,20.06749900917963,20.12872188751272,18477474.0,558503744.0
2025-03-26,20.0470913830686,20.394021026956114,19.72737190732913,19.74777953344016,21067942.0,618204416.0
2025-03-27,19.645741402885008,20.23756256010488,19.387244805478627,19.84981766399531,17150904.0,499902272.0
2025-03-28,19.8430151219583,20.06069646714262,19.73417444936614,19.82260749584727,9914908.0,289794880.0
2025-03-31,19.72737190732913,20.27837781232694,19.366837179367597,20.271575270289933,16792092.0,487801696.0
2025-04-01,20.36000831677106,20.781765923065684,20.074301551216642,20.604899830103424,19708724.0,592302592.0
2025-04-02,20.659320166399507,21.41440233250762,20.625307456214454,21.019854894361035,21495072.0,668044992.0
2025-04-03,20.611702372140435,20.870198969546816,19.155958376220283,19.51649310418182,35483092.0,1039094784.0
2025-04-07,17.564163539559935,17.564163539559935,17.564163539559935,17.564163539559935,2935800.0,75802352.0
2025-04-08,15.809107694011342,16.312495804750085,15.809107694011342,15.809107694011342,13559400.0,316470368.0
2025-04-09,14.421389118461294,16.61861019641554,14.230917941425014,16.067604291417727,59121676.0,1298391936.0
2025-04-10,16.97914492437707,17.33287711030159,16.530177149934406,16.530177149934406,42697608.0,1060552896.0
2025-04-11,16.475756813638327,17.536953371411894,16.224062758268957,17.203628811598403,30874216.0,768269632.0
2025-04-14,17.795449968818275,17.924698267521467,17.087985596969233,17.217233895672422,23913568.0,611695552.0
2025-04-15,17.217233895672422,17.339679652338603,16.94513221419202,17.17641864345036,13532456.0,341197856.0
2025-04-16,17.142405933265312,17.142405933265312,16.060801749380715,16.251272926416995,26272288.0,635420608.0
2025-04-17,16.237667842342976,16.6594254486376,16.237667842342976,16.346508514935138,17237404.0,416974368.0
2025-04-18,16.489361897712346,16.557387318082448,16.033591581232674,16.305693262713074,18356048.0,438889024.0
2025-04-21,16.305693262713074,17.11519576511727,16.196852590120915,17.026762718636142,21449750.0,528555744.0
2025-04-22,16.91111950400697,17.01996017659913,16.66622799067461,16.82268645752584,14872442.0,368098816.0
2025-04-23,17.414507614745713,17.856672847151366,17.285259316042524,17.516545745300864,29174960.0,753656192.0
2025-04-24,17.516545745300864,17.611781333819003,17.16961610141335,17.23083897974644,14889882.0,379703424.0
2025-04-25,17.400902530671694,17.781844884744256,17.319272026227573,17.44852032493076,19381480.0,501220832.0
2025-04-28,17.380494904560663,17.741029632522196,17.23083897974644,17.285259316042524,14052499.0,360196960.0
2025-04-29,17.142405933265312,17.496138119189833,16.931527130118,17.414507614745713,11156640.0,284065824.0
2025-04-30,17.44852032493076,18.16958978085383,17.441717782893754,18.03353894011363,24682288.0,650666304.0
2025-05-06,18.23081265918692,18.822633816406793,18.09476181844672,18.713793143814634,22420724.0,610010240.0
2025-05-07,18.979092283258023,19.101538039924204,18.149182154742796,18.33965333177908,21900392.0,595137600.0
2025-05-08,18.26482536937197,18.788621106221743,18.26482536937197,18.625360097333502,16355438.0,447596480.0
2025-05-09,18.58454484511144,18.59814992918546,17.979118603817547,18.10836690252074,15807867.0,422516672.0
2025-05-12,18.570939761037422,18.843041442517823,18.40087621011217,18.843041442517823,19840500.0,544097792.0
2025-05-13,19.496085478070786,19.502888020107797,18.53692705085237,18.67297789159257,24174284.0,673071360.0
2025-05-14,18.63896518140752,19.142353292146264,18.44849400437124,18.65937280751855,18617320.0,512796896.0
2025-05-15,18.570939761037422,18.61175501325948,17.911093183447445,17.938303351595486,18744500.0,499836032.0
2025-05-16,17.849870305114354,18.434888920297222,17.849870305114354,18.101564360483728,15953300.0,426663104.0
2025-05-19,17.958710977706517,18.060749108261668,17.462125409004784,17.707016922337147,17626530.0,458381952.0
2025-05-20,17.686609296226116,17.992723687891566,17.591373707707973,17.958710977706517,11972197.0,313723104.0
2025-05-21,17.877080473262396,18.22401011714991,17.611781333819003,18.060749108261668,16445336.0,433728992.0
2025-05-22,17.89068555733642,18.22401011714991,17.611781333819003,17.638991501967045,15628659.0,409977536.0
2025-05-23,17.618583875856014,18.36686349992712,17.604978791781996,17.686609296226116,19061814.0,502508384.0
2025-05-26,17.666201670115083,18.23081265918692,17.591373707707973,18.155984696779807,17290830.0,455750560.0
2025-05-27,18.019933856039607,18.02673639807662,17.339679652338603,17.407705072708705,25396524.0,655553728.0
2025-05-28,17.496138119189833,18.36686349992712,17.428112698819735,17.502940661226845,16142285.0,419722912.0
2025-05-29,17.502940661226845,18.40087621011217,17.502940661226845,18.271627911408977,33810136.0,900248576.0
2025-05-30,18.09476181844672,18.09476181844672,17.584571165670965,17.836265221040335,21272300.0,555976704.0
2025-06-03,17.686609296226116,17.863475389188377,17.632188959930037,17.802252510855286,11632962.0,303652544.0
2025-06-04,22.656609913418702,23.38917657598736,22.59482718284062,23.265611114831202,24288604.0,637272192.0
2025-06-05,23.15087175804334,24.46596130891961,23.05378460999207,24.333569743395152,33791628.0,917251584.0
2025-06-06,23.81282958566562,23.81282958566562,22.824305896416345,22.93021914883591,50012768.0,1313730688.0
2025-06-09,23.097915131833556,23.653959707036275,23.08026292309696,23.300915532304387,28937384.0,765710336.0
2025-06-10,23.49508982840693,23.49508982840693,22.550696660999137,22.886088626994425,25503600.0,662214784.0
2025-06-11,23.08026292309696,24.536570143865987,23.000827983782287,23.75987295945584,55480416.0,1510034432.0
2025-06-12,23.627481393931383,24.130569342924318,23.574524767721602,23.653959707036275,28404632.0,766832832.0
2025-06-13,23.415654889092252,23.821655690033918,23.000827983782287,23.318567741040987,25071238.0,661907264.0
2025-06-16,23.14204565367504,24.27178701281707,23.071436818728664,23.839307898770514,30346342.0,823114368.0
2025-06-17,23.874612316243702,24.00700388176816,23.33621994977758,23.530394245880114,23892892.0,638997056.0
2025-06-18,23.39800268035566,24.71309223123193,23.256785010462906,24.545396248234283,53086552.0,1453886592.0
2025-06-19,24.536570143865987,24.951397049175952,24.104091029819426,24.31591753465856,33141588.0,919130944.0
2025-06-20,24.30709143029026,24.5012657263928,23.45095930656544,23.768699063824137,33101044.0,891424192.0
2025-06-23,23.345046054145875,23.804003481297325,23.292089427936094,23.69809022887776,23518050.0,627405376.0
2025-06-24,24.43065689144642,26.072312303949683,24.43065689144642,26.072312303949683,69548680.0,2027348224.0
2025-06-25,26.18705166073755,26.743096235940268,25.84283359037396,26.39887816557668,88067464.0,2620199168.0
2025-06-26,26.125268930159468,27.149097036881933,26.081138408317983,26.275312704420518,59996512.0,1798532096.0
2025-06-27,26.478313104891352,26.85783559272813,25.96639905153012,26.566574148574325,52309792.0,1569328128.0
2025-06-30,26.963748845147695,27.263836393669795,26.3282693306303,26.928444427674506,54244912.0,1644214272.0
2025-07-01,26.743096235940268,26.928444427674506,26.213529973842437,26.487139209259652,38306368.0,1151782528.0
2025-07-02,26.08996451268628,26.098790617054576,25.28678901517124,25.375050058854214,37339188.0,1079135872.0
2025-07-03,25.551572146220153,26.275312704420518,25.43683278943229,26.275312704420518,35046892.0,1029632256.0
2025-07-04,26.037007886476495,26.849009488359833,26.010529573371603,26.407704269944976,45813984.0,1375645440.0
2025-07-07,26.081138408317983,26.610704670415807,25.69278981611291,25.728094233586095,27548872.0,809033600.0
2025-07-08,25.59570266806164,27.352097437352764,25.49861552001037,27.131444828145337,60166056.0,1832411904.0
2025-07-09,27.175575349986826,27.440358481035737,26.69896571409878,26.901966114569614,36448728.0,1116488832.0
2025-07-10,27.00787936698918,27.140270932513637,26.319443226262006,26.57540025294262,28140644.0,848296576.0
2025-07-11,26.57540025294262,26.70779181846708,26.081138408317983,26.24000828694733,30173112.0,898943040.0
2025-07-14,26.45183479178646,26.54892193983773,26.125268930159468,26.29296491315711,17501352.0,522067712.0
2025-07-15,26.213529973842437,27.71396771645295,26.169399452000953,27.449184585404037,55052340.0,1684635648.0
2025-07-16,27.360923541721064,27.360923541721064,26.531269731101133,26.646009087889,35519160.0,1079321216.0
2025-07-17,26.91079221893791,27.934620325660376,26.787226757781752,27.802228760135918,59809816.0,1865827456.0
2025-07-18,27.89048980381889,28.217055665445884,27.413880167930845,27.484489002877226,39044008.0,1225286016.0
2025-07-21,27.802228760135918,28.658360883860738,27.193227558723418,28.384751648443526,47695256.0,1507780352.0
2025-07-22,28.01405526497505,28.7819263450169,27.943446430028676,28.13762072613121,41447048.0,1326086528.0
2025-07-23,27.811054864504218,28.517143213967987,27.40505406356255,28.225881769814183,36720096.0,1160618624.0
2025-07-24,28.04053357807994,28.861361284331576,27.961098638765268,28.834882971226683,43468164.0,1406489984.0
2025-07-25,28.552447631441176,29.064361684802407,28.270012291655668,28.59657815328266,26726052.0,864045312.0
2025-07-28,29.567449633795345,31.412105446769445,29.3909275464294,30.970800228354587,79663648.0,2749579264.0
2025-07-29,30.467712279361653,31.37680102929625,30.467712279361653,31.323844403086472,41964736.0,1471708416.0
2025-07-30,31.09436568951074,31.270887776876688,30.291190191995707,30.803104245356938,34542104.0,1203629312.0
2025-07-31,31.05023516766926,31.79162793460622,29.964624330368718,30.088189791524876,49678812.0,1728115328.0
2025-08-01,29.920493808527226,31.226757255035203,29.540971320690453,29.64688457311002,44752040.0,1534877440.0
2025-08-04,29.285014294009834,29.82340666047596,28.84370907559498,29.126144415380487,40394116.0,1334636032.0
2025-08-05,29.58510184253194,29.58510184253194,28.525969318336283,28.84370907559498,29743172.0,973129472.0
2025-08-06,28.684839196965633,29.223231563431757,28.649534779492445,28.94079622364625,29010104.0,950997952.0
2025-08-07,29.382101442061103,29.567449633795345,28.314142813497153,28.790752449385195,35865912.0,1173417984.0
2025-08-08,28.305316709128856,28.72014361443882,27.89048980381889,28.243533978550776,28543514.0,916453312.0
2025-08-11,27.696315507716353,30.229407461417626,27.67866329897976,29.920493808527226,65570240.0,2193906432.0
2025-08-12,30.0087548522102,30.088189791524876,29.496840798848968,29.682188990583207,27522332.0,926841856.0
2025-08-13,29.708667303688095,32.64776005833104,29.505666903217264,32.64776005833104,68312512.0,2425457664.0
2025-08-14,32.92136929374824,33.49506607768756,32.391803031650426,32.568325119016365,61642616.0,2302040832.0
2025-08-15,32.38297692728212,32.98315202432632,32.10936769186492,32.47123797096509,38399932.0,1415073920.0
2025-08-18,32.462411866596796,33.23910905100694,31.968150021972157,32.391803031650426,41234560.0,1523767424.0
2025-08-19,32.330020301072345,33.062586963641,31.70336689092325,32.89489098064336,35298316.0,1298286976.0
2025-08-20,32.700716684540815,33.87458856552434,32.10936769186492,33.6892403737901,45464488.0,1714831360.0
2025-08-21,33.54802270389734,33.636283747580315,32.28588977923086,32.736021102014014,31522844.0,1173925504.0
2025-08-22,32.656586162699334,34.33354599267579,32.35649861417723,33.00963033743122,39649024.0,1489665664.0
2025-08-25,33.062586963641,33.292065677216726,32.25941146612596,32.79780383259209,39292468.0,1453136896.0
2025-08-26,32.806629936960384,33.3626745121631,31.950497813235568,32.05641106565513,46413740.0,1713956864.0
2025-08-27,32.453585762228506,33.89224077426093,31.491540386084115,31.518018699189007,68467728.0,2567279360.0
2025-08-28,31.244409463771795,32.69189058017252,31.17380062882542,32.67423837143593,48394440.0,1750477568.0
2025-08-29,32.736021102014014,35.172025907664015,32.312368092335745,35.01315602903467,67784656.0,2615120640.0
2025-09-01,35.03963434213956,35.295591368820176,33.93637129610242,34.9072427766151,47345712.0,1865305600.0
2025-09-02,34.9072427766151,35.639809439183765,32.25941146612596,32.568325119016365,50009280.0,1898616576.0
2025-09-03,33.00963033743122,34.41298093199046,32.568325119016365,32.79780383259209,40345872.0,1527159680.0
2025-09-04,32.83310825006528,33.85693635678774,29.752797825529584,30.45888617499335,43873848.0,1570240000.0
2025-09-05,30.635408262359295,33.50389218205586,30.635408262359295,33.50389218205586,43764512.0,1612640384.0
2025-09-08,34.86311225477361,36.85781184200876,34.86311225477361,36.24881064059626,94602960.0,3897569536.0
2025-09-09,34.98667771592977,37.67863954826039,34.98667771592977,36.645985337169634,64103024.0,2653850624.0
2025-09-10,36.18702791001818,37.281464851687026,35.825157630918,35.91341867460097,41758932.0,1720213504.0
2025-09-11,35.97520140517905,37.55507408710423,35.595678917342276,37.55507408710423,47187392.0,1970116480.0
2025-09-12,37.42268252157977,37.687465652628696,36.71659417211601,36.97255119879662,33104574.0,1390708608.0
2025-09-15,37.72277007010188,38.82603311613902,36.86663794637706,36.96372509442833,42447240.0,1812732160.0
2025-09-16,36.97255119879662,40.66186282474482,36.96372509442833,40.66186282474482,56129040.0,2539679232.0
2025-09-17,42.89486722992399,44.615957581741924,42.01225679309428,43.821608188595185,78708352.0,3856911104.0
2025-09-18,44.695392521056604,45.3220459312057,41.48269053099645,42.37412707219446,75951128.0,3743541760.0
2025-09-19,43.23908530028758,43.38030297018033,41.350298965472,41.58860378341601,43838984.0,2091472896.0
2025-09-22,41.58860378341601,42.35647486345787,40.77660218153269,41.75629976641366,41610636.0,1960601344.0
2025-09-23,42.43590980277254,42.63008409887507,39.43503431755152,40.7236455553229,41069168.0,1898633728.0
2025-09-24,40.22938371069826,40.591253989798446,39.1879033952392,40.26468812817145,31101942.0,1402565248.0
2025-09-25,40.379427484959315,41.80043028825515,40.02638331022743,40.60890619853504,36831312.0,1709787520.0
2025-09-26,40.15877487575188,40.75012386842779,38.19055360162163,38.39355400209246,35304720.0,1566463744.0
2025-09-29,38.95842468166348,40.97077647763522,38.82603311613902,40.891341538320546,32145224.0,1462303232.0
2025-09-30,40.60008009416674,40.84721101647906,39.8145568053883,40.23820981506656,22729624.0,1036527232.0
2025-10-09,41.473864426628154,41.923995749411304,40.679515033481415,40.82073270337417,34353224.0,1606055936.0
2025-10-10,40.441210215537396,40.75894997279609,38.19055360162163,38.287640749672896,31749872.0,1411633152.0
2025-10-13,35.48976566492271,37.069638346847896,35.48976566492271,36.65481144153793,31341712.0,1291714176.0
2025-10-14,37.307943164791915,37.94342267930931,34.86311225477361,35.18085201203231,31363132.0,1288664448.0
2025-10-15,35.12789538582253,36.7342463808526,34.51889418441002,36.628333128433034,25829180.0,1046868544.0
2025-10-16,36.09876686633521,36.71659417211601,35.93107088333757,36.24881064059626,14461841.0,594564800.0
2025-10-17,36.1252451794401,36.23115843185966,34.52772028877832,34.5806769149881,17575046.0,700193152.0
2025-10-20,35.61333112607887,36.628333128433034,34.86311225477361,35.216156429505496,23567584.0,954162176.0
2025-10-21,35.33089578629336,36.495941562908584,34.88959056787851,36.23115843185966,22676040.0,922019840.0
2025-10-22,35.92224477896927,36.557724293486665,35.63098333481546,35.75454879597162,15282100.0,623227456.0
2025-10-23,35.322069681925065,35.639809439183765,34.677764063039376,35.60450502171057,14047523.0,559350784.0
2025-10-24,36.151723492544996,37.89046605309952,35.80750542218141,37.669813443892096,28601332.0,1196228352.0
2025-10-27,38.2699885409363,38.55242388072181,37.369725895369996,38.075814244833765,30530424.0,1313516032.0
2025-10-28,37.64333513078721,38.94077247292688,37.52859577399935,38.42003231519735,24475672.0,1062311616.0
2025-10-29,38.65833713314137,39.355599378236846,37.55507408710423,38.525945567616915,31105576.0,1350669056.0
2025-10-30,38.34942348025098,39.055511829714746,37.29029095605532,37.413856417211484,24825196.0,1064155392.0
2025-10-31,37.07846445121619,38.314119062777785,36.67246365027452,36.82250742453557,23861654.0,1009784704.0
2025-11-03,36.540072084750065,36.71659417211601,35.30441747318847,36.16937570128159,18938752.0,769624512.0
2025-11-04,36.25763674496456,36.363549997384126,34.75719900235405,35.110243177085934,18406704.0,738515072.0
2025-11-05,33.92754519173412,35.745722691603326,33.70689258252669,35.745722691603326,19751760.0,780059008.0
2025-11-06,35.683939961025246,38.375901793355865,35.18967811640061,38.09346645357036,43768660.0,1851599872.0
2025-11-07,38.21703191472652,39.70864355296873,37.73159617447018,39.27616443892217,45144064.0,1983793280.0
2025-11-10,38.82603311613902,38.949598577295184,36.4429849366988,37.24616043421384,33986416.0,1438638208.0
2025-11-11,37.77572669631166,38.30529295840949,36.83133352890387,37.202029912372346,20393034.0,864464128.0
2025-11-12,36.84898573764047,36.91076846821854,35.533896186764196,36.01933192702054,16399867.0,671505536.0
2025-11-13,35.90459257023267,36.05463634449372,35.154373698927415,35.560374499869084,18285076.0,734228800.0
2025-11-14,34.92489498535169,35.021982133402965,34.298241575202596,34.298241575202596,17741732.0,695479360.0
2025-11-17,33.759849208736476,34.554198601883215,33.680414269421796,34.09524117473177,13244333.0,511969376.0
2025-11-18,34.09524117473177,34.47476366256854,33.82163193931456,34.21880663588793,10041157.0,388869696.0
2025-11-19,34.059936757258576,34.2894154708343,32.55949901464807,33.03610865053611,17593908.0,661989376.0
2025-11-20,33.698066478158395,33.85693635678774,32.48006407533339,32.69189058017252,14100183.0,527670496.0
2025-11-21,32.038758856918534,32.81545604132868,31.491540386084115,31.941671708867265,18088502.0,655637760.0
2025-11-24,32.268237570494264,32.79780383259209,31.950497813235568,32.62128174522615,11996679.0,441652000.0
2025-11-25,33.3626745121631,34.24528494899281,33.23910905100694,33.82163193931456,20416304.0,782248128.0
2025-11-26,33.43328334710948,35.595678917342276,33.21263073790205,35.10141707271764,29939716.0,1183521024.0
2025-11-27,34.86311225477361,35.64863554355206,34.77485121109064,34.88076446351021,18966776.0,757152704.0
2025-11-28,34.73954679361746,36.390028310489015,34.704242376144265,35.98402750954735,23438392.0,950613184.0
2025-12-01,37.07846445121619,37.29029095605532,36.01933192702054,36.7430724852209,25549624.0,1059063552.0
2025-12-02,36.52241987601347,36.7430724852209,35.745722691603326,35.85163594402289,14905101.0,610930176.0
2025-12-03,35.88694036149607,36.52241987601347,35.322069681925065,35.45446124744952,14936394.0,607008768.0
2025-12-04,36.40768051922561,37.043160033743,35.745722691603326,36.946072885691734,28813556.0,1193273856.0
2025-12-05,36.68128975464282,36.68128975464282,36.089940761966915,36.25763674496456,16598954.0,683529664.0
2025-12-08,36.26646284933286,36.84015963327217,36.1252451794401,36.4429849366988,18056220.0,746994176.0
2025-12-09,36.1252451794401,37.08729055558449,36.010505822652235,36.1428973881767,20005838.0,827324288.0
2025-12-10,35.878114257127784,36.42533272796221,35.73689658723503,36.178201805649884,13750193.0,561036992.0
2025-12-11,36.045810240125434,36.089940761966915,34.607155228093,34.68659016740767,23339040.0,933776320.0
2025-12-12,34.642459645566184,36.284115058069446,33.9805018179439,36.26646284933286,32073432.0,1285588864.0
2025-12-15,35.56920060423738,36.089940761966915,35.216156429505496,35.30441747318847,17135720.0,691284544.0
2025-12-16,36.010505822652235,37.687465652628696,35.95754919644246,36.72542027648431,39516292.0,1656662912.0
2025-12-17,37.64333513078721,38.34059737588267,37.27263874731872,38.119944766675246,35378252.0,1515537536.0
2025-12-18,37.140247181794265,37.546247982735935,36.59302871095985,36.628333128433034,22537108.0,945236416.0
2025-12-19,36.82250742453557,38.287640749672896,36.71659417211601,37.23733432984554,23594660.0,999756352.0
2025-12-22,40.344404583956155,41.19005979073244,39.70778774289985,40.57244643746886,24347378.0,1042547520.0
2025-12-23,40.42992027902342,41.48461385151968,40.28739412057798,40.619955156950674,21267886.0,914938112.0
2025-12-24,40.62945690084704,42.2447533632287,40.16387144992527,41.81717488789238,33703168.0,1469315328.0
2025-12-25,42.00720976581963,42.05471848530144,40.809990034877934,41.627140009965125,26317482.0,1144735360.0
2025-12-26,41.47511210762332,44.23061783756851,41.180558046836076,43.94556552067763,47023624.0,2134280320.0
2025-12-29,44.411150971599405,46.80559043348281,43.93606377678127,44.135600398604886,41653412.0,1966464896.0
2025-12-30,44.3351370204285,47.50871948181366,44.3351370204285,46.14046836073742,46789356.0,2281658368.0
2025-12-31,46.52053811659193,46.80559043348281,45.199795714997514,45.99794220229198,25362532.0,1228967552.0
2026-01-05,46.083457897359246,50.596786248131544,45.171290483308425,50.026681614349776,62916848.0,3191545088.0
2026-01-06,50.4542600896861,51.68948679621325,49.114514200298956,50.568281016442455,54412008.0,2886216704.0
2026-01-07,50.35924265072247,51.51845540607873,49.50408570004983,50.568281016442455,38331192.0,2033107968.0
2026-01-08,50.54927752864973,53.56133034379671,50.14070254110614,51.3474240159442,45135624.0,2461056512.0
2026-01-09,51.35692575984056,53.82737917289487,50.530274040857,52.90571001494769,36162108.0,1994540160.0
2026-01-12,53.73236173393124,55.55669656203289,51.97453911310414,55.08160936721475,44988412.0,2530260224.0
2026-01-13,54.406985550573,54.406985550573,50.16920777279522,50.74881415047334,50426520.0,2734472192.0
2026-01-14,50.74881415047334,52.77268560039861,49.00999501743897,51.499451918286006,46242796.0,2478965248.0
2026-01-15,51.78450423517688,54.06492277030394,50.72981066268062,53.56133034379671,37131816.0,2055792896.0
2026-01-16,54.15994020926757,55.376163428001995,53.01973094170403,55.05310413552566,30375388.0,1734730752.0
2026-01-19,55.58520179372198,58.58775286497259,54.635027404085704,55.67071748878924,39563440.0,2357163520.0
2026-01-20,56.99145989038366,57.35252615844544,54.37848031888391,56.23132037867464,33530368.0,1977779072.0
2026-01-21,55.11011459890384,58.91081215744893,55.01509715994021,57.9511360239163,28920040.0,1753129088.0
2026-01-22,57.86562032884903,58.53074240159442,55.11011459890384,56.76341803687096,34344236.0,2035432832.0
2026-01-23,57.324020926756354,62.4359591429995,56.76341803687096,62.4359591429995,43290276.0,2781259264.0
2026-01-26,62.711509715994026,64.47883408071749,60.81116093672148,60.97269058295964,46280268.0,3043894528.0
2026-01-27,60.76365221723967,65.37199800697559,59.52842551071251,64.84940209267563,41384816.0,2722260992.0
2026-01-28,65.22947184853015,67.69042351768809,64.4978375685102,64.97292476332835,32661848.0,2259013632.0
2026-01-29,64.963423019432,66.48370204285003,61.02970104633783,61.096213253612355,41988096.0,2802084864.0
2026-01-30,56.06979073243647,60.47859990034878,56.06979073243647,59.2243697060289,50620488.0,3100647936.0
2026-02-02,59.23387144992527,62.41695565520678,58.15067264573992,60.51660687593423,37967420.0,2412874240.0
2026-02-03,61.66631788739413,66.5692177379173,61.286248131539615,66.5692177379173,36781732.0,2512657408.0
2026-02-04,66.51220727453912,69.05867463876433,65.36249626307924,67.15832585949178,31429258.0,2204865536.0
2026-02-05,66.51220727453912,67.01579970104635,61.86585450921774,64.11776781265571,41039808.0,2756284416.0
2026-02-06,62.34094170403588,65.7520677628301,62.23642252117589,62.27442949676134,27116776.0,1815686912.0
2026-02-09,63.6616841056303,63.91823119083209,61.57130044843049,62.18891380169408,25573496.0,1679362816.0
2026-02-10,62.1319033383159,62.42645739910314,60.40258594917788,61.33375685102143,22695012.0,1464008576.0
2026-02-11,60.81116093672148,62.37894867962133,60.421589436970606,60.53561036372696,17827228.0,1148933376.0
2026-02-12,60.127035376183365,61.07720976581964,58.30270054808172,60.098530144494276,34212328.0,2140501632.0
2026-02-13,59.64244643746886,61.19123069257599,59.29088191330344,59.57593423019433,19789014.0,1253309824.0
2026-02-24,59.38589935226707,61.314753363228704,58.673268560039865,58.9963278525162,25013658.0,1572937472.0
2026-02-25,59.414404583956156,60.64012954658695,57.9511360239163,59.937000498256104,33058224.0,2063213696.0
2026-02-26,59.937000498256104,64.07976083707025,59.35739412057798,62.90154459392128,52306476.0,3378263040.0
2026-02-27,61.6188091679123,64.97292476332835,61.134220229197815,64.17477827603389,41897464.0,2783038976.0
2026-03-02,62.6164922770304,64.17477827603389,60.374080717488795,60.62112605879422,38229720.0,2504686848.0
2026-03-03,60.868171400099655,60.96318883906328,54.559013452914805,54.559013452914805,45091300.0,2663118080.0
2026-03-04,53.523323368211265,55.452177379172895,52.90571001494769,54.1504384653712,31376032.0,1793127296.0
2026-03-05,55.58520179372198,55.870254110612855,53.11474838066766,53.627842551071254,27104220.0,1547968128.0
2026-03-06,53.00072745391132,56.67790234180369,52.38311410064774,54.62552566018934,34891996.0,2006043648.0
2026-03-09,52.25959142999502,52.90571001494769,50.055186846038865,52.5446437468859,32114064.0,1735834624.0
2026-03-10,53.77987045341306,55.21463378176383,53.304783258594924,55.01509715994021,27872572.0,1593594112.0
2026-03-11,54.787055306427504,56.82042850024913,54.42598903836572,55.129118086696565,27774280.0,1621441792.0
2026-03-12,55.129118086696565,56.40235176880917,53.380797209765824,54.13143497757848,22827412.0,1316203392.0
2026-03-13,53.68485301444943,54.616023916292974,52.25959142999502,52.28809666168411,21507592.0,1199446272.0
2026-03-16,53.20976581963129,53.28577977080219,50.80582461385152,52.715675137020426,23091648.0,1264724864.0
2026-03-17,53.20976581963129,53.53282511210763,50.35924265072247,50.42575485799701,21139604.0,1146516864.0
2026-03-18,51.508953662182364,52.14557050323867,50.65379671150972,51.71799202790235,18352704.0,993319424.0
2026-03-19,50.58728450423518,51.04336821126059,49.884155455904335,50.150204285002495,17442572.0,924909120.0
2026-03-20,50.644294967613355,51.14788739412058,49.02899850523169,49.143019431988044,16520269.0,874205568.0
2026-03-23,48.59191828599901,50.65379671150972,47.13815146985551,47.413702042850026,29811596.0,1531458560.0
2026-03-24,48.45889387144993,48.45889387144993,46.80559043348281,48.26885899352267,20924296.0,1049267456.0
2026-03-25,48.74394618834081,49.45657698056801,48.3638764324863,49.08600896860987,20919674.0,1078792704.0
2026-03-26,49.0765072247135,50.35924265072247,48.26885899352267,48.74394618834081,15032525.0,777538816.0
2026-03-27,47.983806676631794,49.08600896860987,47.50871948181366,48.553911310413554,16048426.0,817369344.0
2026-03-30,47.50871948181366,48.601420029895365,46.748579970104636,48.26885899352267,17384696.0,873795200.0
2026-03-31,48.3638764324863,48.74394618834081,46.84359740906826,47.166656701544596,17373808.0,872141888.0
2026-04-01,48.39238166417539,49.238036870951674,47.75576482311909,49.133517688091686,23312308.0,1192679424.0
2026-04-02,48.74394618834081,48.74394618834081,46.36851021425012,46.84359740906826,19968032.0,994410496.0
2026-04-03,46.93861484803189,47.60373692077729,46.56804683607374,46.59655206776283,14824783.0,733662976.0
2026-04-07,46.59655206776283,47.66074738415546,46.2734927752865,46.71057299451918,14066795.0,694564288.0
2026-04-08,48.75344793223717,51.385430991529645,48.34487294469358,51.385430991529645,23304584.0,1228995072.0
2026-04-09,51.898525161933236,55.50918784255108,51.309417040358746,54.23595416043847,58261868.0,3306003712.0
2026-04-10,54.197947184853014,54.50200298953663,52.5446437468859,52.92471350274042,40072704.0,2255956224.0
2026-04-13,52.25959142999502,53.200264075734935,51.1953961136024,51.727493771798706,33164120.0,1813568512.0
2026-04-14,52.23108619830593,53.475814648729454,51.832012954658694,52.715675137020426,42615824.0,2360479488.0
2026-04-15,52.8772047832586,53.12425012456403,50.43525660189337,50.843831589436974,28806108.0,1566405504.0
2026-04-16,55.92726457399103,55.92726457399103,55.92726457399103,55.92726457399103,13490021.0,794022656.0
2026-04-17,59.17686098654709,59.29088191330344,54.682536123567516,56.15530642750374,88211440.0,5240158720.0
2026-04-20,56.15530642750374,56.83943198804186,55.01509715994021,55.27164424514201,56125824.0,3288358400.0
2026-04-21,55.50918784255108,57.01996512207275,54.787055306427504,57.01996512207275,62750072.0,3705689856.0
2026-04-22,56.12680119581465,59.52842551071251,56.10779770802193,59.43340807174888,61983660.0,3774008320.0
2026-04-23,57.01046337817638,57.94163428001993,55.1196163428002,55.813243647234685,56963108.0,3395272960.0
2026-04-24,55.01509715994021,55.29064773293473,52.28809666168411,52.50663677130045,42854332.0,2403447040.0
2026-04-27,52.19307922272048,54.15994020926757,52.19307922272048,53.352291978076735,27083208.0,1520635008.0
2026-04-28,53.16225710014948,53.16225710014948,50.36874439461884,50.4542600896861,31582968.0,1707175040.0
2026-04-29,48.430388639760835,52.592152466367715,48.154838066766324,51.9840408570005,47652332.0,2561329408.0
2026-04-30,52.16457399103139,52.16457399103139,49.114514200298956,50.026681614349776,36695596.0,1929705856.0
2026-05-06,50.83432984554061,53.6658495266567,50.83432984554061,52.14557050323867,30749944.0,1684607232.0
2026-05-07,53.922396611858495,56.28833084205282,52.69667164922771,56.088794220229204,46673180.0,2697916160.0
2026-05-08,55.20513203786747,57.67558545092178,54.777553562531146,56.829930244145494,41551360.0,2467335168.0
2026-05-11,57.495052316890884,60.697140009965125,55.300149476831095,60.032017937219734,64415808.0,3935135232.0
2026-05-12,59.43340807174888,65.89459392127553,59.43340807174888,63.24360737419034,74922400.0,4989078528.0
2026-05-13,62.54047832585949,62.702007972097654,59.91799701046338,61.628310911808676,58242968.0,3753206528.0
2026-05-14,62.711509715994026,62.90154459392128,60.14603886397609,60.14603886397609,50201840.0,3247602688.0
2026-05-15,60.1935475834579,63.35762830094669,57.314519182859996,60.73514698555058,56039864.0,3566683136.0
2026-05-18,58.92981564524166,62.711509715994026,58.92981564524166,60.79215744892875,47408716.0,3027090176.0
2026-05-19,60.78265570503239,62.9965620328849,59.45241155954161,62.12240159441953,41346388.0,2670683648.0
2026-05-20,61.162725460886904,62.33143996013951,58.80629297458894,61.286248131539615,39136660.0,2496977664.0
2026-05-21,62.217419033383166,63.975241654210265,59.74696562032886,60.18404583956154,55094564.0,3618307072.0
2026-05-22,60.40258594917788,64.74488290981564,60.23155455904335,63.329123069257605,53531032.0,3545845504.0
2026-05-25,64.27929745889388,65.56203288490285,62.711509715994026,65.06794220229199,54013808.0,3657309184.0
2026-05-26,65.56203288490285,66.8732735426009,63.52865969108122,64.61185849526657,50760244.0,3481099008.0
2026-05-27,64.1462730443448,67.06330842052816,61.92286497259592,65.37199800697559,56033900.0,3805345280.0
2026-05-28,64.47883408071749,65.56203288490285,61.096213253612355,62.7685201793722,53950140.0,3597578240.0
2026-05-29,62.79702541106129,63.94673642252118,57.33352267065272,58.16967613353264,50792268.0,3208601600.0
2026-06-01,57.960637767812656,58.28369706028899,53.04823617339313,53.19076233183856,41290980.0,2378974976.0
2026-06-02,53.19076233183856,55.623208769307425,50.98635774788241,54.711041355256604,33844088.0,1900116480.0
2026-06-03,54.06492277030394,56.88694070752367,53.428305929247635,54.1504384653712,36082704.0,2103572736.0
2026-06-04,54.15994020926757,59.566432486297956,53.75136522172397,59.566432486297956,35087728.0,2158910976.0
2026-06-05,60.41208769307424,61.76133532635775,57.7706028898854,58.19818136522173,49240000.0,3078961408.0
2026-06-08,55.870254110612855,57.97964125560539,54.806058794220235,54.87257100149477,29016644.0,1715074816.0
2026-06-09,56.060288988540115,57.067473841554566,54.777553562531146,56.82042850024913,27978472.0,1651996800.0
2026-06-10,55.965271549576485,56.03178375685102,52.35460886895865,53.057737917289494,26037652.0,1479549056.0
2026-06-11,52.269093173891385,52.73467862481316,49.94116591928252,50.596786248131544,25407018.0,1362758400.0
2026-06-12,51.78450423517688,52.5446437468859,49.77013452914799,50.08369207772795,24707836.0,1331737984.0
2026-06-15,51.02436472346787,54.99609367214749,50.29273044344794,54.806058794220235,32066984.0,1794986496.0
2026-06-16,55.38566517189836,56.630393622321876,54.777553562531146,56.060288988540115,27049350.0,1584610816.0
2026-06-17,55.61370702541107,59.661449925261586,55.18612855007474,57.21,36829508.0,2245635584.0
2026-06-18,59.98,59.98,58.13,58.5,29991856.0,1765123328.0
2026-06-22,58.5,58.77,54.84,55.93,37241132.0,2091232000.0
2026-06-23,55.56,55.8,52.1,52.53,31391548.0,1682872192.0
2026-06-24,52.64,53.86,50.51,52.44,28259664.0,1471834112.0
2026-06-25,52.5,52.61,50.83,51.19,29328180.0,1510483072.0
2026-06-26,50.55,50.55,47.56,48.2,29988704.0,1469568640.0
2026-06-29,48.21,48.89,43.98,45.54,32627992.0,1499586432.0
2026-06-30,46.37,48.58,45.88,48.04,23701338.0,1123223552.0
2026-07-01,48.08,48.83,45.52,45.98,27504526.0,1290995840.0
2026-07-02,44.95,46.64,43.72,44.12,22201908.0,997376384.0
2026-07-03,43.88,47.09,43.36,45.46,24292232.0,1105376768.0
2026-07-06,46.2,46.29,42.6,42.81,23986720.0,1050545536.0
2026-07-07,42.7,43.28,40.99,41.55,18255908.0,766377280.0
2026-07-08,41.7,41.85,39.65,39.67,17929652.0,722583744.0
2026-07-09,40.1,43.3,40.1,42.98,34164072.0,1432111232.0
2026-07-10,43.13,44.24,41.76,41.76,28194492.0,1222057472.0
2026-07-13,41.11,42.81,39.06,39.22,29019928.0,1181920640.0
2026-07-14,39.85,40.8,37.84,40.65,24901860.0,985707840.0
2026-07-15,41.07,41.72,39.1,39.29,17119854.0,683746944.0
2026-07-16,38.3,39.88,37.43,37.68,18140428.0,698625856.0
2026-07-17,37.9,38.0,33.91,34.2,24118488.0,855956480.0
2026-07-20,36.31,36.38,31.91,32.93,28420572.0,970588864.0
2026-07-21,33.58,35.98,32.19,35.87,37078972.0,1274311936.0
2026-07-22,35.61,36.51,34.2,34.46,23128120.0,819254080.0
2026-07-23,34.75,35.49,34.14,34.4,16974924.0,587714816.0
2026-07-24,33.58,34.5,33.0,33.25,14371841.0,483636288.0
2026-07-27,33.21,34.32,33.02,34.22,17793216.0,599513728.0
2026-07-28,33.42,34.3,32.51,32.81,17612368.0,587056320.0
2026-07-29,32.81,33.0,30.6,32.7,38414692.0,1218939008.0
2026-07-30,32.42,32.89,31.04,31.64,30015040.0,955544320.0
2026-07-31,32.9,32.99,31.5,31.52,38642968.0,1247712768.0
2026-08-03,31.0,32.15,30.82,31.59,19950152.0,632158464.0
2026-08-04,32.0,33.38,31.67,33.06,24613224.0,806372096.0
2026-08-05,32.4,34.92,32.23,34.48,27337570.0,929637952.0
2026-08-06,34.0,35.65,33.82,35.23,26210340.0,916818368.0
2026-08-07,35.25,37.19,34.83,36.66,32759244.0,1188726272.0
2026-08-10,36.99,37.06,35.46,36.07,21339268.0,768708416.0
2026-08-11,35.78,36.72,35.3,36.09,16561868.0,597455744.0
2026-08-12,36.68,37.47,36.2,37.37,21513404.0,796293760.0
2026-08-13,37.6,41.11,37.56,39.01,52223704.0,2071416320.0
2026-08-14,39.01,39.82,38.19,39.0,36215456.0,1407633664.0
2026-08-17,39.11,40.44,37.93,39.86,36301576.0,1416807296.0
2026-08-18,39.99,41.8,39.76,40.69,35405312.0,1439518592.0
2026-08-19,39.68,40.37,37.47,37.7,28976344.0,1121257984.0
2026-08-20,38.33,38.74,37.16,38.13,20147800.0,765283712.0
2026-08-21,37.8,39.93,37.7,38.86,22131590.0,864907392.0
2026-08-24,39.29,39.29,36.12,37.15,21267942.0,796804608.0
2026-08-25,36.17,37.55,35.84,37.17,15853705.0,582947584.0
2026-08-26,37.16,37.79,36.4,37.22,14144976.0,525259968.0
2026-08-27,37.55,39.04,37.03,38.83,22641304.0,867219584.0
2026-08-28,38.8,39.2,37.67,37.68,17419092.0,668444224.0
2026-08-31,36.95,38.91,36.91,38.65,17005904.0,651535872.0
2026-09-01,38.63,38.77,37.35,37.62,15885026.0,599764800.0
2026-09-02,37.01,38.25,37.01,37.61,15356300.0,578205056.0
2026-09-03,37.9,38.12,36.81,37.46,13455479.0,503225344.0
2026-09-04,38.68,39.38,35.71,35.93,25750776.0,966217536.0
