股票代码,股票名称,行业,slope,r_squared,signal
603766,隆鑫通用,汽车服务及其他,0.01509199185276406,0.744923239992827,buy
