股票代码,股票名称,行业,slope,r_squared,signal
603766,隆鑫通用,汽车服务及其他,0.015782939356013395,0.8377435662868147,buy
